0,0.5,0.5,0.5,0.5,0.5,0.5
1,0.5307765005642929,0.4974899610998373,0.5049950024991668,0.4950049975008331,0.5049950025323325,0.4950049975008331
2,0.5640988506925814,0.4974899610998372,0.49995514228105503,0.4900648377322716,0.5199151822872368,0.4900648377322716
3,0.5791766026635569,0.4949600161726403,0.5049406119920463,0.5051189591792671,0.5346724319231378,0.48517886926919956
4,0.5693808794007815,0.4844697256307925,0.4999113631551631,0.5000879339901504,0.5474078408972144,0.4921850874288083
5,0.5644894164521935,0.4840425025099179,0.5048873074987938,0.49511199664001154,0.5765598909563141,0.4872877843881662
6,0.5709955973976034,0.4827626591096838,0.5004875336201939,0.4995117774355966,0.5801500650526039,0.48306295293138596
7,0.587574655227811,0.4780774288998235,0.5153780589361765,0.5044817478196633,0.5942566999769737,0.4782660197340222
8,0.5977820766535895,0.4837558577848999,0.5197849586885666,0.4998778324460303,0.6074007130204407,0.4743228773291055
9,0.6020617979447238,0.4644760962820738,0.5440136313514052,0.4952751011589116,0.6209740161010706,0.46995563251714184
10,0.5954622016941592,0.4623124258424539,0.5386276252986378,0.4903716308432867,0.6482749214366058,0.465302837558711
11,0.5991189281470075,0.4545673904339917,0.5431908761940517,0.49541216261198645,0.6515911123322153,0.4608632941633673
12,0.6021864792641903,0.44841291572361325,0.5378237607995314,0.4905171351711399,0.6649145201560961,0.4563096343187754
13,0.6082351078032449,0.44638086540287575,0.5522566704827155,0.4856753183503095,0.6780978272506973,0.4518054743118457
14,0.6106409361832587,0.4433469766196129,0.5472586360492072,0.4902993063734453,0.690567015043259,0.4577826020810741
15,0.6231355018236897,0.44334697649356775,0.5418675258849776,0.4854693093665695,0.6936173459849155,0.45327293101054783
16,0.6262259377008748,0.43608213959583764,0.5463761327247887,0.49053294646316226,0.6965637832929372,0.4488809063561215
17,0.6351555416769605,0.43550955788762263,0.5410044702815524,0.5152046133180033,0.6897304243820651,0.44446776207374933
18,0.641877848267333,0.4352977807152349,0.5356909351911573,0.5199660846926378,0.7320644055910843,0.44992398323609306
19,0.6429918263123527,0.4301817683550924,0.5305618820461446,0.5245490426449114,0.753936010172377,0.44589104296365834
20,0.6518381013391726,0.43279541425260276,0.525361321517257,0.5194074198880627,0.7661499129585385,0.4611291015060937
21,0.6676052536253818,0.430847740453045,0.5202168838244473,0.5143212839291379,0.7978163863342302,0.46640582753869186
22,0.6707242897664171,0.4308326271327474,0.515127912957347,0.5386371932438475,0.8195498086242572,0.4618432580750848
23,0.6798541842714557,0.4308326271327474,0.5100937611205705,0.5431459188683588,0.8213132806464768,0.4573298371800808
24,0.6902252159878232,0.4288510666453321,0.5148766457219628,0.5476061199768928,0.8132959752791857,0.45286499133323255
25,0.6905561262431188,0.42826675435022404,0.5293612035578666,0.5715245580149519,0.8217048283195182,0.4581992130668268
26,0.6903271680763786,0.423074908248967,0.5242034516008272,0.565955993700481,0.8525956302265097,0.453811262062623
27,0.6999356001705452,0.4211342477595749,0.5288346707914553,0.57018080982896,0.8442978919953075,0.449394039128033
28,0.7060816581629645,0.42113424698386437,0.53341622764108,0.5646364379644501,0.8652597105849597,0.4450241837704538
29,0.7105993451523452,0.4211329209678353,0.537948699226304,0.5591514666416857,0.8860161965874652,0.44070114557844947
30,0.7168744016979725,0.42385522627307365,0.5327282001018799,0.5537252062078905,0.8968186952448574,0.436432505388953
31,0.7261252113866346,0.4238552262696194,0.537258286061765,0.5580517313225004,0.9075137685713326,0.43220139885624337
32,0.7253998050785743,0.42189081247239374,0.5320549041984909,0.5526469635732351,0.9084149899396641,0.42801549986048226
33,0.7384045082700317,0.4159150324360492,0.526907067842186,0.5472998911022661,0.9189764958242852,0.42387428485831435
34,0.744249805796073,0.4159150324360492,0.5218141342685024,0.5516755613563346,0.9197596459277138,0.41977723680538787
35,0.7509770599884718,0.4139265093165609,0.5264315228877839,0.5560046064182841,0.9205351154180493,0.4253798992331544
36,0.7562638379006131,0.4147494266288714,0.5406461581700741,0.5699339678208136,0.9213007862856958,0.42130032361577274
37,0.7543431188106262,0.41474942635468304,0.5547096028740888,0.574078411539167,0.9413327173283893,0.4172403529389392
38,0.7642294041116524,0.41077809067443355,0.5589964711517658,0.5781788137893289,0.9419507631431216,0.4132235260665759
39,0.7692609369900525,0.41077809056770553,0.5536203186263605,0.5726181749475759,0.9521265602108842,0.409249345874271
40,0.7702040832069766,0.4107378275800508,0.5579090874635202,0.5767244143875361,0.9621969088254717,0.4245331159457835
41,0.7732390633996461,0.4092836988718871,0.5525541135234194,0.5711888454587236,0.9625597557331084,0.4204583234326608
42,0.7785941796234945,0.40726139869577493,0.5472558391075332,0.565711888229619,0.991684858232462,0.4164266756293633
43,0.7828266992376984,0.4081767383325951,0.5420136446390055,0.5698719519708842,1.0205018097411624,0.4124378875209269
44,0.7901267888583068,0.40817673821198897,0.5368268236165886,0.5931271584981613,1.0203056178863479,0.40849104683417714
45,0.7935308283048833,0.40817503526477805,0.5316947727010094,0.5874568777988507,1.039231450559082,0.41414585753125976
46,0.7956714754800396,0.4081750352206988,0.5266168645109403,0.5818464181060963,1.0388571551662196,0.41019059080716164
47,0.7968315740908711,0.40606959888135563,0.5215924793730558,0.576295094757615,1.0384864241642806,0.406277014074169
48,0.7992868929619422,0.401949758946185,0.5166210052212958,0.5708022314962098,1.0381195970698451,0.40240465058389846
49,0.8004777132258073,0.4019497589322005,0.51170183749752,0.584410782953975,1.0568002521969326,0.39857302943600936
50,0.804328982304823,0.4012123364652117,0.5163466732985399,0.5788516956265618,1.04674766055831,0.3947816855018902
51,0.8062167797341292,0.4022292692913241,0.5114399409961801,0.5733509914290073,1.0653064574088404,0.39103746817979074
52,0.8108982295222378,0.4001541169775616,0.5255712713365969,0.5774012936274707,1.0741804529406422,0.3873252366141884
53,0.813376536014289,0.3980823385391355,0.5300706585727144,0.5719253351668936,1.0924466034673843,0.38365192148683963
54,0.8132359704144716,0.3955573039612633,0.525048598966251,0.5665067309163044,1.0820964136004652,0.3800170954994588
55,0.8176980502585867,0.39555730392947236,0.5390087949165673,0.5611448288460248,1.0813193836394597,0.3764202901308722
56,0.8174189291002473,0.3919080128132673,0.5339122558147399,0.5558389848802604,1.0909950746635697,0.3728610889722526
57,0.8207103093479017,0.39190801280765125,0.5383148930043581,0.5505885627938544,1.1090285586247453,0.3787850059325105
58,0.8203409154618407,0.39510628778974843,0.5332563539284609,0.5642446639302102,1.1079893528860805,0.37522144043249617
59,0.8191717511309443,0.3951062876584603,0.528229310183017,0.5589254912887324,1.0975443391620348,0.37168420251421025
60,0.8198099379517565,0.39301905886516664,0.5232546338837166,0.563079374578456,1.1154685926687828,0.3681838125179959
61,0.8220315382694546,0.3941468500580216,0.5277399650826938,0.5671900253617966,1.133198541785211,0.36472010456265697
62,0.8205592899009803,0.39225946254683425,0.5231313226587269,0.5803052659190544,1.140993965158825,0.36255268407085245
63,0.8211966556125172,0.3933914324640956,0.5463599968834516,0.5748842500702546,1.158421286386184,0.359176243838541
64,0.8221744407548871,0.3914105621290415,0.5412351127972489,0.5694918070630809,1.1475552376056848,0.3558071527142088
65,0.8265411856753172,0.3893553433719796,0.5361633746548519,0.5641552846324928,1.1742875703339801,0.3712143489213025
66,0.8239183097125315,0.38918618339171307,0.5405054924645964,0.5682353615334319,1.2101030111250681,0.36773929682837103
67,0.82522998922133,0.38918554796444765,0.5354507110361059,0.5629212517000726,1.2081426559309192,0.3643002165710025
68,0.8274543494674216,0.38918554796444765,0.5304482066874073,0.5670047056838449,1.2155406661036765,0.3608967036424234
69,0.8284284449800808,0.3884162620974051,0.5254973920503974,0.5617126994883986,1.2321958343953563,0.35752835841980585
70,0.8301930587569031,0.389621753452474,0.5205976868431526,0.5564753249927419,1.239354791252075,0.35419478789676356
71,0.8313101397320486,0.3875132958474326,0.5250631367001868,0.5699212072438932,1.2464399116066018,0.3508955984236031
72,0.8347279341044097,0.38730352474785584,0.520177261990676,0.5646179143287086,1.2441493956895198,0.3476304064682298
73,0.8357412635484296,0.38728137319529954,0.5153416898456052,0.5593692215106346,1.2604718035672098,0.3443988313242791
74,0.8390982525388735,0.38514290967061676,0.5105558574454457,0.5634612348248179,1.2766270584126458,0.34120049686385034
75,0.8395929602616279,0.38784267025890756,0.5058192087339267,0.5582337599207442,1.273269721209488,0.33906644920518736
76,0.84185637363601,0.38784267025890756,0.5011311943314902,0.5623281210289068,1.2800051752112929,0.34519208846854205
77,0.8433423302282593,0.3856730170634772,0.4964912714499179,0.5663804805483891,1.2866715432219737,0.3419959899459594
78,0.844705857182346,0.38567298648961207,0.4918989038081124,0.5611416625844301,1.302519430006464,0.3388326486987539
79,0.846266182549996,0.38567298648961207,0.4873535615490177,0.555956489589455,1.3089644289384517,0.34494209899217354
80,0.8486037139239385,0.38918053297484534,0.48285472115766126,0.5508243643552574,1.3061135981919332,0.3602191876095072
81,0.8489235473395494,0.38616753552157557,0.4784018653803029,0.5549666337306794,1.3125127216818235,0.3568972689859993
82,0.8500685261722098,0.38177538405549705,0.4739944831446739,0.5590666013409611,1.3096336296097355,0.35360927452547825
83,0.851713014119141,0.37959879229513743,0.4788355809534931,0.5631247369339962,1.297580428619493,0.35035482751070623
84,0.8523809386273388,0.37881493256111076,0.483626997391444,0.5579475242182309,1.313232010524252,0.347134575230598
85,0.8541418377592305,0.38017744669745085,0.47918491608450225,0.5620077384370066,1.3103548439824853,0.3439461936011486
86,0.85414165951957,0.3764998478670641,0.47478807920035865,0.5660265938995744,1.3075069096605254,0.34079029946349826
87,0.8531092742112449,0.3797698146105995,0.47043580562553233,0.5608379577581045,1.3596886980326284,0.34684186100290515
88,0.8531092733193807,0.3708949112660876,0.4661277385675155,0.5557020231591417,1.374710025109817,0.3436685165310024
89,0.8547019418761601,0.370688855773832,0.4618633895840279,0.5506182077980066,1.3878687168156596,0.3405244803197495
90,0.8544833659468605,0.3706720792055081,0.4576422760332687,0.5547252481378714,1.3752215185826793,0.3374123209006245
91,0.855000824602552,0.37002946363141725,0.4534639210005224,0.5496605083755427,1.3994650244490545,0.33433168665204555
92,0.855740812645776,0.3681953702679299,0.4584489047211985,0.5446470265736336,1.3867006054476538,0.3404032816169822
93,0.8557554895271527,0.37134092790631307,0.4633834831021615,0.5487961732708999,1.3922846487020075,0.33730593596869496
94,0.8585292578372591,0.37134092785248385,0.47737103837722705,0.5438005763057779,1.3887137498928965,0.33423549817755704
95,0.8581514753417097,0.37116707480106836,0.4730299553572346,0.538855401047371,1.3763211357840393,0.33119605101974525
96,0.8598222879326581,0.37435351779584664,0.4687326484275882,0.5339600936302128,1.3819868966193607,0.32818740320090095
97,0.859767263266002,0.3743535177954841,0.4644786371240761,0.5291141067301169,1.3966728709881633,0.33428447877309087
98,0.8574891368738516,0.3775472714345669,0.47813606533554626,0.5336477479113318,1.3959274931536703,0.33725994147356125
99,0.858641456086162,0.37686909220508924,0.4738053827893388,0.5288142723480931,1.4055401409055448,0.33420523414658
100,0.8592408774608365,0.3768690880999982,0.4695182143971923,0.5240293629399729,1.4109190834569654,0.331181220134987
101,0.8602303858575084,0.3761535635432064,0.4743134144906989,0.5192924884263371,1.3981653198833852,0.32818756368747243
102,0.8588353486785575,0.3750660051923195,0.4700302241903182,0.5146031237962506,1.421658197800639,0.32522393300247243
103,0.8571695307786154,0.37310760803671,0.4657899547543817,0.5099607502101061,1.4178543054636517,0.3222900001786397
104,0.857225498005869,0.3729987816581384,0.46159213784928843,0.5143771078965057,1.4073827105140673,0.31938544116597095
105,0.8598182565747953,0.3710305918057001,0.4574363106379011,0.5097460446555434,1.4127182416655366,0.31650993571758335
106,0.8599599215798088,0.3710305918057001,0.45332201571077463,0.5051612630873193,1.4090061524221573,0.3136631673421301
107,0.8616903835647031,0.3670938063505023,0.4492488010182961,0.5006222594484776,1.405331127139465,0.31084482325684654
108,0.8629687653499961,0.3651711032844592,0.4541924957680274,0.5051048118580989,1.3927609535915575,0.3080545943412177
109,0.8642814306920202,0.36517110327895835,0.4501196135044811,0.50057538336992,1.4071737643190643,0.30529217509125917
110,0.8645830338475055,0.36859764970113995,0.44608728835704314,0.4960910582128008,1.4035261629251785,0.31151560498631736
111,0.8657901939004619,0.36661079898873833,0.4420950803594892,0.5006007345921727,1.3999153796639714,0.3176771186176245
112,0.8659721558117972,0.36272363924984835,0.43814255468084357,0.49612514247154677,1.3873995166060364,0.314836944800353
113,0.8683129309986856,0.360877198487721,0.43422928156146245,0.5006255040877208,1.401803143870434,0.31202497654957956
114,0.8687363188110706,0.35903520002224226,0.43035483624995924,0.49615863319832165,1.4071406033944016,0.3092409088719757
115,0.8670240845820867,0.35903519961195757,0.4265187989409614,0.5006497045609892,1.4124251562139205,0.3064844401071811
116,0.8677157345486887,0.36059742581006654,0.44929809978702817,0.5052332068449187,1.3999163323129804,0.312591584874814
117,0.8678304019252286,0.36017545878812757,0.4453012104181582,0.5007387270458816,1.4052615631140863,0.3098108164206928
118,0.868328697340381,0.35830933618951416,0.45023079666507304,0.49628868174471213,1.4194344661612637,0.30705753992458895
119,0.869500862055259,0.3564704532392775,0.4462336125308478,0.4918825921138839,1.433504502287519,0.3043314591323107
120,0.8708562462963835,0.35645196199284984,0.4422758754258104,0.4875199848797717,1.4562674033090788,0.3016322812259067
121,0.8707186328761086,0.3564245244635566,0.43835716097445104,0.49206073184986365,1.4531910649283482,0.29895971678115046
122,0.8716007953345386,0.35642452445312717,0.43447704971587126,0.4877052643098525,1.4580311377979,0.29631347972558203
123,0.8709276238211471,0.356299145032575,0.43947776366867547,0.4833926638771645,1.4982137330753307,0.30253592392270945
124,0.8722940514107486,0.35629914105313565,0.43559550569926403,0.4791224705321675,1.511480246738699,0.29986338255934786
125,0.8724589580109562,0.3497799165056428,0.4317513888536703,0.47489422957013433,1.5334413564225575,0.2972170976508367
126,0.873495559537627,0.3497799140707085,0.4279450045083428,0.4707074915357263,1.5287385378892637,0.2945967875907682
127,0.8732032564640442,0.3531380875973009,0.4241759487534404,0.4665618121583337,1.5593111063009784,0.3008097707757451
128,0.8730795011251266,0.3524438206804556,0.4292423561262608,0.47125528607970657,1.5631885224751227,0.29816308584277745
129,0.8713900594506143,0.3524438205710667,0.42546942756681655,0.4671130748038086,1.5494486274393997,0.2955423099433521
130,0.8701762517811834,0.35059546390605417,0.42173339996338843,0.4630113762367238,1.5534134732444,0.3017281207324629
131,0.871470209344198,0.3487503485738183,0.4268060573622764,0.4677219358908331,1.5661031935010246,0.2990813080270617
132,0.8709481293703095,0.34875030879099994,0.43182919086292254,0.4636230968236429,1.5611425430597965,0.2964603359162009
133,0.872377095211048,0.346885233678788,0.4280486770393819,0.46831888937308597,1.5562855368233715,0.3026195800843939
134,0.8730268780060281,0.34688523359892454,0.4243050058383294,0.46422301889596823,1.5689121237901618,0.2999728993034314
135,0.8747247823799925,0.3431787137839592,0.42059778548823107,0.468904187631036,1.5552045439927886,0.2973519883514654
136,0.873819154487619,0.34135542927731016,0.4169266287051863,0.48226824462564183,1.550428122258484,0.2947565734285809
137,0.8750385319324588,0.34304973322699917,0.4132911526380607,0.4780630091224162,1.5456285338028315,0.2921864030188457
138,0.8762434275090806,0.3430497332269418,0.41840196573178745,0.47389860850423027,1.5321671805173553,0.2896411710846894
139,0.8775816318300901,0.3411989446176388,0.43216547512353426,0.4784768902711353,1.52753873380871,0.28712063243195574
140,0.8762088855849892,0.34476145116258305,0.4457950585284276,0.4830113095296172,1.5490312189560709,0.28462658623018505
141,0.8746499210857819,0.3375625954603559,0.45929316232698525,0.4788164079320615,1.5444080538412757,0.2995244209844794
142,0.8747996072075487,0.32712070890392886,0.46398444978264447,0.4746620950005653,1.5743898194648391,0.2969410909808
143,0.876306327410205,0.32711392034868714,0.45996284568511103,0.4705479419786433,1.5867645850668255,0.30303488268138395
144,0.8773480772114286,0.3271139203422923,0.45598008375869914,0.4664735250003055,1.5990018718019956,0.3004109407599002
145,0.8771572892135928,0.3264496824263911,0.4606859773131488,0.4710886479487008,1.6024705950555589,0.2978123191513834
146,0.8784697690639466,0.3282623304785333,0.4567049239527058,0.46701769910862373,1.59726429531431,0.2952387551756766
147,0.879860437905035,0.3265439188369683,0.47002809739798473,0.47161890321291394,1.6007422587404279,0.29268997678324604
148,0.8794868778581845,0.32487467894340344,0.46597442890831975,0.4761758261258125,1.5955380819620069,0.2987900385738365
149,0.8813723486269818,0.32221346598243,0.46195973714551886,0.48068893342428715,1.599022854058274,0.2962157558830896
150,0.8809797432581643,0.3257770339703989,0.4579836169024515,0.48515868113434607,1.6024740882543402,0.2936662113906772
151,0.879350749198016,0.32236133069180295,0.45404565531227953,0.4895855323663591,1.5972937695744862,0.2911411292302948
152,0.8778437455171544,0.32066740157720486,0.4587353391513441,0.48538005001912804,1.5921631014298985,0.2886402610497892
153,0.8779506972352563,0.31898232950537936,0.46338009207974806,0.4812148595461709,1.5956628710793685,0.2861633531806069
154,0.8792742154403327,0.3188707564513702,0.4679803844095259,0.477089539194332,1.5905586154434386,0.2837101548194014
155,0.8790973880987958,0.3188707511859694,0.4811008329194689,0.49013197552015747,1.6026293382857955,0.28128041799346576
156,0.8804227428039952,0.3171622867147778,0.4940959143358953,0.49449419826235796,1.606030245489795,0.2788738975266086
157,0.8795608420096078,0.314671456729493,0.489872856501614,0.49026773627919157,1.6008504491961661,0.2764903822678928
158,0.88078480827769,0.3146712116299501,0.4856900781844522,0.48608158628190984,1.6128306164043833,0.2741295697417346
159,0.8806559479098077,0.3130515570266186,0.4815471595016645,0.4819353280493057,1.6331930905929657,0.2717912544929798
160,0.8810039736593668,0.31305155702661025,0.48596512318068996,0.4778285460844996,1.644840257233894,0.2694752021988645
161,0.8816066595104742,0.313042138353597,0.4818281406187066,0.47376082955819565,1.6394701670932417,0.26718118116894557
162,0.8829103213059627,0.31304213834594136,0.477730475575815,0.47823618429806347,1.668049497910583,0.2734133743589099
163,0.8838624508544375,0.3113903349781594,0.4821676314350977,0.4911649555847489,1.67936588236558,0.2710904784224096
164,0.8828107344346633,0.3113724996278661,0.49505011256880777,0.48699623220995186,1.6905747665250235,0.2857644600523267
165,0.883376271348839,0.309713567953324,0.4908526138322567,0.4828670218178983,1.710156239991092,0.2833414811870222
166,0.882856894417373,0.308059918275285,0.4866948652513703,0.4872473772353413,1.7210818142594473,0.280941447840731
167,0.8835386794523554,0.3080599182752537,0.4910384513065871,0.4915862879362971,1.7234420188636121,0.27856412240101763
168,0.8844217848860654,0.30805991827466617,0.4868874389286907,0.48743064440044365,1.751140858930814,0.27620926991024497
169,0.8840083219353373,0.31011199646073206,0.48277563146394814,0.4917593379380318,1.7531937778705993,0.27392537673144157
170,0.8829938781637653,0.30946916094882015,0.48713927148414965,0.4876105374215213,1.7468544560976,0.2716143647042293
171,0.8842218167844347,0.30611917079290757,0.48303355661122876,0.4835008506176118,1.7321315920095022,0.2777533559765704
172,0.883826826834775,0.30611916998246724,0.48738630639683217,0.4794298741533189,1.7428068007479574,0.2754147305664711
173,0.8830798774971392,0.30329838223626426,0.48328671684412655,0.4753972091450131,1.7464348298950807,0.2730981136708535
174,0.8842897118488228,0.301664173671583,0.47922567355569007,0.4714024611450128,1.77387647638151,0.27080327869411364
175,0.8858387966232276,0.3038201456375242,0.4752027799937448,0.47583981029649774,1.7925638265913397,0.2685300015588304
176,0.886448313296397,0.302164251236246,0.4963761835235118,0.4718493320754743,1.7943037680256932,0.26627806067510273
177,0.8861315706206737,0.3021504514931636,0.4922176442027651,0.4678962737579392,1.7792714538073315,0.2640472369121468
178,0.8855449499203875,0.300518214618482,0.48809806592253513,0.4639802513449358,1.7812641691268905,0.26183731356837914
179,0.8867059674931365,0.3005169623201244,0.49237810819248434,0.46846194408537395,1.766377194658074,0.2596480763428112
180,0.8887536175811859,0.30051696232012387,0.4966181226413549,0.4645490210146307,1.7766812784722823,0.2574793133066173
181,0.8886486238055001,0.30050323542689755,0.5091628726022601,0.4606726597248095,1.7703359175308495,0.26367516846201766
182,0.8896524571748781,0.30050316120370546,0.5132544974755058,0.45683248625841466,1.7805867774854462,0.26981318212753225
183,0.8906456004823402,0.3005031497914655,0.5089802774626413,0.4530281307877925,1.7740885040153178,0.2675662638667932
184,0.8908445948768746,0.30049379323556424,0.5047458965622296,0.4575785773424125,1.759359073235193,0.27365965061909187
185,0.89026381441262,0.29536543519508324,0.5088619746318543,0.45377562218413003,1.7779811407278965,0.2713852535396218
186,0.8907661561523146,0.2936654170358984,0.5212424999212212,0.4500080430126702,1.7794863959617189,0.26913201343880755
187,0.8896412788384706,0.2919895037304335,0.5169190866542459,0.45456991685052517,1.7896110799228253,0.27519415217458554
188,0.8907242673403984,0.29198950373043353,0.5126358190777359,0.4508032836648463,1.8244989817462836,0.2729138529562226
189,0.8917883560057082,0.29197822075364177,0.5166701540058738,0.4470715949109319,1.8342328640337786,0.2706547089065503
190,0.8923224223934764,0.2919782015405302,0.5123975029749629,0.4433744955215496,1.8190648192505394,0.26841650506979975
191,0.8915440576368701,0.29101173122422963,0.5081644202220137,0.4397116343264951,1.81232031506337,0.26622744691953965
192,0.8908540323301539,0.28933842638302104,0.5122235730436073,0.43608266400684154,1.8056164370571743,0.26403025351430265
193,0.8908365894992724,0.28933842564122353,0.5080003820165715,0.4324872410497595,1.7989742820562435,0.2618533716678034
194,0.8897242198361561,0.2860001188049209,0.5120527757590633,0.4289250257039,1.7923940212653,0.2596965956744678
195,0.8893904311484638,0.2843484121530901,0.5242961212137002,0.4253956819353326,1.7858781417235554,0.25755972207946665
196,0.889499307459832,0.2727114480046979,0.5199876751714904,0.4301176675107033,1.779473281451038,0.2636679649532707
197,0.8897199339077209,0.2647698420323172,0.5157175850886574,0.4347974878459535,1.7812842262159152,0.2615027483304748
198,0.8887410386720899,0.27010863034140614,0.5123071964545124,0.4386138359035901,1.7711327355066295,0.26681486084381434
199,0.8894046600127874,0.27010863034140614,0.5163040823057617,0.4432146756126281,1.756617419062036,0.26462817993637244
200,0.8903487740971188,0.2658307384552532,0.5202642495353073,0.4395859407612327,1.766800587080319,0.2624615876459228
201,0.8898913635713883,0.2658305806978916,0.5160089435614276,0.43599051270438355,1.7687084420829147,0.26031488169251316
202,0.889645922645391,0.26523503526991926,0.5199636099352812,0.43242805633876663,1.7751345869894162,0.2581878619975248
203,0.889530105969743,0.26385665347779386,0.5157192601240483,0.44522380503356584,1.785132969949735,0.25608033065803704
204,0.8907266353902621,0.26768977476760636,0.5115137636167711,0.4415931724359488,1.786885131033636,0.26214671724406924
205,0.8916933069631436,0.2676897650302771,0.5073467304683921,0.4379957455072433,1.7804769598494807,0.2600111460469798
206,0.8921970346978475,0.2662831780552998,0.5113561057272296,0.4344311912575934,1.7741446700188708,0.25789508933842714
207,0.8929341629103282,0.2687310757913503,0.5071986801062559,0.43089918030699403,1.7841111144419939,0.25579835187607614
208,0.8924789146871674,0.26592151524434593,0.5030791767363229,0.42739938684340656,1.777767752329207,0.2537207396623455
209,0.8931557472114501,0.2658261034450163,0.49899721626477017,0.42393148858138996,1.7796145923702953,0.251662061668886
210,0.8939842374049434,0.26460383389536785,0.49495242344189816,0.42049516672124226,1.781402686656056,0.24962212864391423
211,0.8950151919016527,0.26459646794238134,0.4909444270734652,0.42518784657745723,1.7832100297409523,0.2556984940497716
212,0.8950134783081978,0.2639111757674521,0.49506250694943577,0.4298378739759674,1.7689896868096626,0.25383591434309977
213,0.8959373563155966,0.2625551135394463,0.49914319028863097,0.4506087969338445,1.7951196181591738,0.2517845238228764
214,0.8958224997669977,0.2624733067560356,0.495113365802885,0.44697081408902894,1.7967737880458388,0.24975174553605536
215,0.8961671851845978,0.26111292159176963,0.49112007133182795,0.4433658092479029,1.7984128922637288,0.24773739421074084
216,0.8971746316722521,0.26111292158979704,0.48716294354252115,0.4397934544063555,1.8080945037914846,0.24574128656964342
217,0.8974855300400261,0.2597625906509844,0.483241623010599,0.436253425088797,1.7935406106400529,0.24376324130708868
218,0.8984790202689562,0.2584008159527679,0.4793557541752483,0.4327454003075162,1.7791182942832824,0.2418030790663073
219,0.8984475170824351,0.25787857905751654,0.4755049852947394,0.42926906252253505,1.7648262513656072,0.23986062241700346
220,0.8986581777386553,0.257878570895419,0.47168896840250035,0.4258240976019544,1.774739023519013,0.23793569583319718
221,0.8981017144059943,0.25787857049815904,0.48394169286953276,0.4224101947827843,1.7765450307269457,0.23602812567133788
222,0.8981017141498963,0.25725430302652164,0.4800657294969194,0.419027046632253,1.7623164973253467,0.23413776973143136
223,0.897732409815551,0.25725430302652164,0.47622465230884026,0.4156743490095879,1.7642182383245701,0.23226439866800305
224,0.8978304093048254,0.24973414129355354,0.4724181165893378,0.4123518010282629,1.782092276627717,0.23040809077010233
225,0.8986088727061206,0.24972421013030557,0.4686457813080143,0.4090591050187058,1.7998027038082929,0.2285682447959692
226,0.8990780910982147,0.24972412476886882,0.46490730907782774,0.4217503285247735,1.8093869879216857,0.22674491453257226
227,0.8990869484788757,0.24851052152879027,0.46120236611340065,0.41838931250738265,1.8109060234644911,0.22493793718587615
228,0.8995685403303981,0.2473008953686783,0.4575306221898367,0.41505841368995255,1.7964889614784494,0.22314715169836594
229,0.8996690356464915,0.24489883182618208,0.4538917506020375,0.4117573356951627,1.8060610690308634,0.22137239872920492
230,0.9005288002242263,0.24370697516771422,0.45028542812451366,0.4084857853022921,1.7996567470077836,0.21961352063463369
231,0.9007117018289731,0.24370697516754256,0.44671133497168364,0.4211182617319088,1.785372161157491,0.21787036144860714
232,0.9019243032173428,0.24251017977440303,0.4431691547586541,0.4177790208009691,1.795003505519127,0.21614276686366612
233,0.9025143986908905,0.24243285525774644,0.43965857446247586,0.41446956935825935,1.7966677793300747,0.21443058421204125
234,0.9023993316443389,0.24243285520443816,0.43617928438386894,0.427016851765763,1.7824496505318768,0.21273366244698533
235,0.9024914278196645,0.2462854144507022,0.43273097859672066,0.43154668902167814,1.8078868061380304,0.21105185810681318
236,0.9027686704461395,0.24388364241855062,0.42931335295764345,0.4360362234121161,1.8173019461675846,0.20938501131950948
237,0.9035054081916835,0.243883642414085,0.4259261080045113,0.4325959355967935,1.8187434180865407,0.20773298182178385
238,0.9036348967654962,0.24269741219447383,0.42256894695914876,0.4291862027908573,1.8122901761655283,0.2060956248687752
239,0.903327962215521,0.24643159222638433,0.41924157618250685,0.4258067267569918,1.8058937051128507,0.20447317456597033
240,0.9042374171490672,0.24521442791334094,0.4159437051390807,0.43032349102069134,1.8152868847123476,0.21859728882775833
241,0.9047340250923085,0.24521441984479203,0.4126750463617558,0.4269418299001232,1.8324553869878,0.21687946033799343
242,0.9042049781812239,0.2452144198422924,0.4094353154170779,0.4235900966899394,1.8259201446112696,0.21517683473676893
243,0.9027792173224005,0.24438729086115993,0.42190966114637224,0.435953430501874,1.8586761422171996,0.21348926411769314
244,0.9017342558939851,0.24203413556141906,0.42643892746615875,0.43253778928274705,1.8601330366803754,0.21181660213285222
245,0.9026189309300411,0.24081906875818118,0.42310117062805114,0.42915229637641994,1.8768818729362797,0.21015870397520867
246,0.9015828044119822,0.2403213879416166,0.4276120707902454,0.42579665919227466,1.8700407113316797,0.20851542636121115
247,0.9009273669665488,0.24416107850266733,0.43208305865336016,0.42247075539243084,1.8632446460826964,0.22250928382814192
248,0.9013789804912695,0.2441610776199637,0.4287112555419388,0.41917396284528413,1.8721154350626545,0.22077291050707226
249,0.90271832986142,0.24415796461380646,0.4253691084500877,0.4159061665772993,1.8731220960894919,0.21905180911010058
250,0.9024936600272169,0.2441572410189336,0.42205633050253455,0.412667086095153,1.8585342085943524,0.21734583190541903
251,0.9026469844147059,0.2440926732985377,0.44211330897741286,0.40945644384527224,1.8599013577319952,0.21565483270954394
252,0.9019370319144951,0.2402244367246351,0.4386770065470834,0.4062739651808006,1.8534588539557133,0.22175111425060715
253,0.903086267627449,0.2402244367246351,0.4508001781227744,0.41864873596543484,1.846832020070168,0.22002928807086491
254,0.9036026622279028,0.23897180218524589,0.4473033580974651,0.42315823006164455,1.8325062954934224,0.21832253892119796
255,0.9021215134138981,0.23650148599648174,0.44383713057963387,0.4276282721040276,1.8338042781483832,0.21663072154833007
256,0.9027751934217519,0.23520508301865922,0.4481426207666562,0.4243178221792492,1.835090972616676,0.21495369221552696
257,0.9030972660013221,0.23520508301865922,0.4446768281853114,0.43650364729248214,1.8827684194676266,0.21329130868561683
258,0.9037871679058103,0.23520448864254875,0.44124127621246734,0.4408571932465969,1.8682222426704282,0.21164343020421328
259,0.9035563782069134,0.23519936714622963,0.43783567445548766,0.44517278616081246,1.8615602640644042,0.21000991748313771
260,0.9023542392304782,0.23519936090447438,0.44217025140242056,0.44174027433355356,1.862627706929792,0.2083906326840392
261,0.901006436502935,0.24330016576338867,0.4464671075198045,0.4460404424822577,1.8636858541143544,0.2067854447800041
262,0.9021308835074304,0.24200982995568462,0.45072660414728705,0.44260811210716267,1.8570396963015035,0.20519420798699922
263,0.9033211776850184,0.2407242877195796,0.447261679898879,0.46995527400094356,1.8735146884616916,0.21130421311245903
264,0.9005147433142792,0.23958832970474828,0.4438268285442315,0.4817056126415294,1.882173190611998,0.20968145266757554
265,0.9005139886037787,0.23980624690183225,0.440421762708051,0.4780099385199759,1.8754021887237569,0.20807788148246914
266,0.899985854795853,0.2373063363069236,0.4370461979926268,0.4743462833178152,1.891722941215114,0.2141474824581361
267,0.899810373290477,0.2373062243222049,0.43369985294473395,0.4783710722756076,1.9002215021526347,0.21250781285173312
268,0.8987714055437823,0.24005913778882243,0.45332968245597777,0.4747119747212625,1.9162828760417872,0.2108823288290683
269,0.8988598087872474,0.23902972374840417,0.44986559467055187,0.47872592733024466,1.9245640788585654,0.20927093972057956
270,0.8986926623619151,0.2390294776268079,0.4464314129687603,0.4750714317669316,1.9175321909821297,0.2076734082791466
271,0.8994876833535218,0.23779101324700883,0.45065301833237703,0.47144845865856927,1.9105349391338757,0.2060896566089632
272,0.8981065142225647,0.23655718462148326,0.44721969910948184,0.46785670848743655,1.9112165473624807,0.20451955377842237
273,0.8988131170636331,0.2392808049198935,0.443815942234714,0.48712866845155844,1.9499469126005604,0.210573898082185
274,0.8960455291165547,0.23818712617172935,0.44044146727078215,0.4986315144427478,1.957938424312312,0.20897283719293896
275,0.8956801724584103,0.23613533555503685,0.44469171789852,0.49484404846142616,1.9658570049581305,0.2073855377765091
276,0.8958066151954104,0.2361224640413334,0.4489054689486942,0.4910891078345984,1.9737837058768946,0.2058118694993322
277,0.8960216686657436,0.2348925294798048,0.4455025208535536,0.5025274747100487,1.9664045918410313,0.2042517033670053
278,0.8952871689469764,0.23489252947477027,0.4497017126385068,0.4987218501168332,1.974231977076259,0.20270491170951807
279,0.8953275156892959,0.233658838563534,0.44629953973695496,0.49494882031464693,1.9744269234958616,0.2011713681666587
280,0.895595727758731,0.23243001015368758,0.4429264803774313,0.5063237524312965,1.9746202062028524,0.19965094767359104
281,0.8959699303097474,0.23122251583841152,0.44713254330003865,0.5025008646311735,1.9672643797817582,0.19814352644660066
282,0.8943881482652635,0.23122251583840364,0.44375994019094295,0.4987106328447093,1.9675112962767476,0.20419171881433903
283,0.8943460076845967,0.23934015837648406,0.44795130772179176,0.49495276092987917,1.9677560823131526,0.2026531165848481
284,0.8955101885277414,0.238074961526685,0.4521069461397989,0.4912269216385466,1.975526470750728,0.2086552779658018
285,0.897090540708612,0.23807493557865372,0.4487070374600595,0.4875328251667704,1.9757106697026223,0.2146063030763031
286,0.8965945939508767,0.23555178250296907,0.4528486953919682,0.4913827994702916,1.983405772822394,0.22050667230951146
287,0.8964486460724498,0.23555165943601114,0.4494500128191658,0.4952000312151498,1.9910486859919967,0.21885174387096024
288,0.8984302497353184,0.233049303625715,0.45357782516912465,0.49148721157634284,2.006111031485925,0.2172108775514704
289,0.8982743008615287,0.23130461984399625,0.4501804718976079,0.4952960344276695,2.0060653521655434,0.2155839415671476
290,0.899202695763208,0.2300757718051783,0.4468119354380448,0.4915899146503859,2.0060199868151325,0.2214534411506365
291,0.8979084676944673,0.23007577180517821,0.44347194616938934,0.48791520296681845,2.028400456813522,0.21979804195852493
292,0.8983271464560247,0.2288440872263135,0.44762792256926126,0.4917392911085653,2.0281903920319237,0.21815665933849313
293,0.8984110563798614,0.22506793183299278,0.45920896197263933,0.4955310285296168,2.02798008549583,0.2165291670014517
294,0.8987474811031574,0.22669753259434985,0.4557865955154045,0.49929070719766333,2.0203187816016004,0.21491543600645616
295,0.8990913965532892,0.2305829429526404,0.4523931203469558,0.503018646037355,2.0127221872770087,0.21331532400952125
296,0.8986100412581614,0.2305829429456989,0.4490282771925869,0.49927725658753186,2.005189896584111,0.2117287114474979
297,0.8988696084369802,0.2305829428056926,0.4456917994650954,0.5029978469509927,2.0051513347080454,0.21758591405825564
298,0.8981602569157012,0.22980408498211047,0.44238342326651997,0.5066871005916508,2.001029553621627,0.21597077090309874
299,0.8989107000308624,0.22980408498210997,0.4465184814598565,0.5177609029095203,2.0010219188778966,0.21436921932983746
300,0.8999821547796636,0.22980408498210994,0.45802695560412504,0.5287416002148349,1.9936061661098339,0.21278113309350885
301,0.9004614210335314,0.22742135232073468,0.4620379776399776,0.5322292788838467,1.993837604197178,0.21120638722288518
302,0.9007004845237592,0.22742135231812738,0.45862195499703945,0.5356876858814668,2.0012765877813754,0.2096448580066684
303,0.9009986694156561,0.2262552426433061,0.46262056834537957,0.5317311014741782,1.9938839672425313,0.20809642297984396
304,0.9013200816033528,0.222763995940146,0.45920707221140766,0.5278076657616535,1.9791718784583683,0.2065609609101922
305,0.9017064034213481,0.2216184550756778,0.4705646170331106,0.5239170720854934,1.9867074084193221,0.2050383517849552
306,0.902336762690286,0.2206030947455483,0.47446330835194495,0.5200590168696096,2.001533034832298,0.21089234299221848
307,0.9031224659824113,0.22060109825832602,0.4930424342001872,0.516233199586936,2.008904188823061,0.20934091220372883
308,0.9019628890582658,0.22060107072809992,0.5041172961871467,0.5124393227265233,2.0161897376849445,0.2078024337730837
309,0.9027448607457718,0.22059167413210737,0.5004161639401643,0.5086770917610123,2.016130400616547,0.21361859596493785
310,0.9028229088256207,0.22120039243269835,0.5040803461556075,0.5049462153384072,2.0306816890117547,0.21205181777243134
311,0.9026436123194356,0.22072581288411394,0.5077140182724885,0.508573543111639,2.0231297416880274,0.21049808467957956
312,0.9029571640083813,0.21957581229698273,0.5113174607247913,0.519490509283172,2.015640621392097,0.20895727758245064
313,0.9027768366100034,0.21730100545209502,0.5075784522402919,0.5156917353882351,2.0228638237646406,0.20742927767282265
314,0.9025979601213976,0.22021171750987426,0.5038704955050253,0.5192296989749868,2.0226969243043964,0.20593427714856627
315,0.9026553022762003,0.21907237885869021,0.5074911934307959,0.5154404183999666,2.0298292391328543,0.2044313917056296
316,0.9030311594931143,0.21907147614495895,0.5037912809263201,0.511682551319638,2.044201448219952,0.2029409653252905
317,0.9036137599660079,0.21907141288194837,0.5001220140856919,0.5079558099297652,2.0438795154789644,0.21602949896259158
318,0.9019755516749135,0.21792237494168396,0.4964831123657291,0.5042599092928022,2.036284219019086,0.21445766230434166
319,0.9022672262969975,0.21677753284041978,0.5146805644946978,0.5005945673071984,2.036020808695968,0.2128988219934374
320,0.9027460585417492,0.21563926003483036,0.5109432165316141,0.5042209950477909,2.043021275089046,0.2113528592475908
321,0.9027459161400061,0.21195650558769447,0.5217442888377071,0.5005641505349732,2.03545451033596,0.20985343807157456
322,0.9029007359705162,0.21195647003696075,0.5179632174183506,0.5041835530979051,2.0569387964169725,0.20833263400352475
323,0.903121933125803,0.21602997437528093,0.5214205788758084,0.5005658548123226,2.042066337170036,0.20683472842037254
324,0.9036864173239956,0.21486269418725032,0.5176494032752708,0.49694551105412177,2.0558652736363534,0.20533879574574648
325,0.9033224549057275,0.21486269418725032,0.5139092447406419,0.4933549438040593,2.0554616317534933,0.20385516677884424
326,0.9036294097891392,0.21486263618384055,0.5101998211534128,0.497011934101548,2.083938659372309,0.20238372961018694
327,0.9043183372496288,0.21374801263785415,0.5209425280466569,0.5006388992741057,2.0761250308705628,0.20092437343743694
328,0.9041319470036663,0.21217922177269663,0.5171898507206908,0.4970324817814753,2.0683731937498937,0.19947698855361906
329,0.9032291946988069,0.21107892965533245,0.5134679300766547,0.4934556222353702,2.0822776282738715,0.19804146633547556
330,0.9032605847911003,0.21039380861905768,0.509776487263772,0.4899080526531659,2.068160931848483,0.1966176992319532
331,0.9027475660520888,0.21039380634804908,0.5061152461816901,0.4935715593858706,2.067673697317858,0.20238763244322647
332,0.9032114797866266,0.20929150588313478,0.5024839334513029,0.49003024601806194,2.067189561557172,0.20811040006596557
333,0.9026240253299693,0.20819411904232327,0.5060499803274598,0.4936855572138137,2.0667088338209063,0.20661872674735454
334,0.9022019048235251,0.20813557169948205,0.5095869281256371,0.4901505031090747,2.073392242702875,0.2051392255396904
335,0.9009149343035269,0.20703685333070804,0.513095039609206,0.4866442698798868,2.0657138591813653,0.21797854825640764
336,0.8989424371608097,0.20703685209228312,0.5237208060176839,0.4903128285423559,2.058098045848981,0.21642082318484493
337,0.899260588195535,0.20902984898293286,0.5199819242158078,0.4939515229865482,2.0505441830390634,0.2148757831263602
338,0.899254156520906,0.20687646910284843,0.5162734376343778,0.4904286840001063,2.0431971360182892,0.21334329916626843
339,0.8991872234128789,0.208844882099505,0.5197199044928148,0.486934465701307,2.042889774679742,0.21894809009434008
340,0.8991928982802183,0.20809324623637665,0.5231383956787709,0.4834686106831424,2.0425904170473403,0.217389682566793
341,0.8991991629908499,0.20700985973464206,0.5194185735140489,0.4800308640584981,2.0422875778478167,0.21584391386338017
342,0.8992777144756874,0.20577291267765435,0.5157288930021657,0.47662097343360854,2.041997506962373,0.22141419674067805
343,0.8997500261133389,0.2087492910228421,0.5120690883949398,0.4874314484274438,2.0346030925571266,0.21984295954276795
344,0.8995205349095832,0.2087492910228392,0.5155281717762038,0.4839759058851309,2.0343577812480547,0.21828442920628907
345,0.9001427897875363,0.20874855310855192,0.5118770963358242,0.4805482900137722,2.0482793473193386,0.2167384944501991
346,0.8992170515021978,0.21681761649114586,0.5082555019606101,0.47714835085534796,2.033787515166953,0.21520504253832
347,0.8991484577745873,0.21570489075683447,0.5046631249915893,0.4808438941703859,2.026558257042372,0.2136839618309798
348,0.8988500850345004,0.21568553423230263,0.5010997043373553,0.4774486608373033,2.0214584569408367,0.21217514177784086
349,0.8987805581458626,0.21812735039193368,0.4975649814471565,0.47408077078319105,2.0142531595708717,0.21067847322307362
350,0.8978565426143649,0.22185973398705228,0.4940587002842872,0.4707399800558352,2.0352933611766013,0.209193847882978
351,0.8977936314860154,0.21974938686178985,0.49058060729977554,0.48854555968900776,2.0350477494263712,0.20772115717981637
352,0.8980322128134463,0.21870271710737735,0.4871304514063654,0.5062081195402073,2.034801775013664,0.21329309679199498
353,0.8968140119647208,0.21765968829654622,0.48370798395278863,0.5026516167412939,2.0486088095470922,0.21179454813888637
354,0.8945228963277467,0.21742866811508463,0.48733170837187856,0.49912363087037953,2.056840655243936,0.21030801522327605
355,0.8934060098501466,0.22034899608741818,0.4907423824725437,0.49580792833392034,2.0634543709216198,0.22995209855114754
356,0.8934060097992863,0.21996697901506598,0.4873048664474333,0.4923349295469856,2.063009890419763,0.22834143000558402
357,0.8934571296899358,0.21996697901507345,0.48389484101191177,0.4888897051132747,2.055571239561772,0.23374128445478204
358,0.8935077643960736,0.21996697901508047,0.48051206246705186,0.48547200881834895,2.0481920252417862,0.23909799282001604
359,0.8940029111747707,0.21896367462860458,0.4771562894676315,0.4890653403392861,2.047855474881066,0.23742819376356458
360,0.8946149686145523,0.21789902218855303,0.47382728299765686,0.49263001050143057,2.0544984951335414,0.24274847672496852
361,0.8938825454228333,0.21691120318301227,0.47052480634615695,0.5031360627574281,2.047209144164092,0.24105657082309723
362,0.8946204211502057,0.21493364500956183,0.467248625083247,0.4996328150661947,2.03991761153885,0.23937813642393196
363,0.8946190066617977,0.21081480454225823,0.46399850752406646,0.503113300834666,2.0396399490731447,0.23772258637584218
364,0.8934397965476412,0.214295836698253,0.46077422275154317,0.4996172108075854,2.0463134115567527,0.23607067579427818
365,0.893490228600069,0.2142958366982528,0.4575755435290929,0.503090851371729,2.039050962415776,0.23443188106920926
366,0.8929069224855242,0.2168239352580245,0.4544022443170678,0.499601902224836,2.031845124970889,0.2397411275046217
367,0.893851809256247,0.21682393520691967,0.45125410174114094,0.5169249014107291,2.024696403132622,0.2380801778501315
368,0.8938488548749739,0.20933306269103444,0.44813089456991534,0.5133471753516379,2.0245254723544215,0.23643238403303565
369,0.8943770820659097,0.21614997717644954,0.44503240369278063,0.5097977625374277,2.031270151339992,0.23479763057450828
370,0.8945375573857016,0.21521668190010365,0.4488657554043875,0.5062764143747606,2.0379615179717367,0.23317580273260705
371,0.8919536549540662,0.2152159883196303,0.4526688238690754,0.5027828846498265,2.030799127543403,0.23846722664825756
372,0.892095740368354,0.21335163452108838,0.4495483321271494,0.4993169295038072,2.0374806424572784,0.23682334270432792
373,0.8921774877237392,0.2084428186077871,0.45333910138739947,0.49587830740861044,2.0647691357544278,0.2351924229539455
374,0.8925043089692931,0.21083384492548654,0.4708478188674847,0.49935826978610665,2.050569885445144,0.2404482856061062
375,0.8926425846535224,0.21083383914548245,0.4813575178648069,0.4959262339351106,2.070841103012948,0.2456686031060085
376,0.8917650832281909,0.2108338316697534,0.4780525059168726,0.49252119284274326,2.0703556564355154,0.2439818367455302
377,0.8927454110757864,0.21083306704450092,0.47477346693712597,0.48914291081369043,2.083597386935568,0.2491674868488661
378,0.892556217416627,0.2099562094982697,0.47152017433260396,0.48579115439695014,2.0761730631946453,0.24746011523123504
379,0.892692940635984,0.20907710219048917,0.4682924036663737,0.4961566046161306,2.0688390289976337,0.2457661378693207
380,0.8927694389675944,0.21297631915622148,0.4651059664122298,0.4995861613832228,2.0546915030351185,0.24410674646120117
381,0.8936607725404705,0.21297625293324024,0.4687602441825975,0.4961730991890518,2.0611496418867556,0.2424390631423077
382,0.8932761727905539,0.21297625244747453,0.47238592923671163,0.49278674233175057,2.0607323705792675,0.24078442852932394
383,0.8931661901970601,0.21209010973931616,0.4691651410367637,0.5030631167422814,2.067136493483083,0.23914272923613894
384,0.89305690717411,0.2103296193272811,0.465969509815791,0.5064479100273963,2.0530565809166506,0.23751385295149668
385,0.8922855373330403,0.21027521110670871,0.46279881732173,0.50300178200157,2.0499374879651606,0.23589768842801417
386,0.892611378062403,0.21268754209953192,0.45965290792050434,0.5063801688485552,2.0428002618317826,0.23429418602344448
387,0.8911572642625842,0.21596637763396695,0.4633223326839502,0.5029414104359912,2.0493004555953154,0.2327099049953358
388,0.8905524329338209,0.21596635822453197,0.460179096789923,0.49952939382820677,2.069319082809388,0.23113117227584926
389,0.8914567921572092,0.21415952733962376,0.46383764804767674,0.5029212546375798,2.089181313170337,0.22956471711265078
390,0.8901035126247118,0.21415952733961505,0.4606972033650593,0.49951619170974354,2.0885775053402615,0.23478100215899902
391,0.8901035126247118,0.2126799580321712,0.4575811389020701,0.5096651664336016,2.0812145831110325,0.23319299005024538
392,0.8901776013853148,0.21267990641501935,0.4612462854614072,0.5062213379365854,2.0739828781334904,0.23837433656261442
393,0.8903435164850587,0.2117779935534805,0.4581327404373695,0.5028041983790983,2.0599853696488846,0.23676524126394904
394,0.8902790829463632,0.20451168826751862,0.45504330371926455,0.5061570584347861,2.0663292424007005,0.23516860525571812
395,0.8909265671194335,0.20610199984014052,0.4519777678121692,0.5027471793648617,2.0658823956132917,0.24032112179552065
396,0.8910074116234101,0.2027317889186146,0.45566599413001885,0.5060937241434738,2.0520225708148763,0.23871948745142987
397,0.8910834819425173,0.20208907331959894,0.45260239660824536,0.5026910838344656,2.045275098436925,0.23712885272095113
398,0.8903969697735852,0.20578121912834568,0.4562790202436409,0.4993147369148257,2.044970927104483,0.23553622506483218
399,0.8900401126828809,0.20500372074508855,0.45321743044557944,0.4959643814596397,2.051379099575009,0.2339557988963282
400,0.8898568576642589,0.20500372074120604,0.45688262361753157,0.49263983278951906,2.0577379126976836,0.23238754627746327
401,0.8899334180017991,0.20500344620130684,0.46051960945998444,0.48934086984854686,2.0573539111502956,0.23083136293197168
402,0.8895862112061412,0.2042185000788891,0.45743882194256874,0.4860672736484664,2.050280419502414,0.22928714555894217
403,0.8888109491940671,0.20417123694252026,0.45438170294852337,0.48281882724782155,2.047128926875656,0.22775479182297811
404,0.8892319689723813,0.2033831932686892,0.4580244914333552,0.49294819815670055,2.040137836631169,0.22623420034446368
405,0.8892732998322127,0.2030696563885713,0.4549695742874423,0.5096696523112051,2.02655045988295,0.224725270689935
406,0.8884317920823963,0.20536494478918238,0.4519380657552753,0.5062736715975764,2.0197104497923277,0.22322790336523
407,0.8873541113559849,0.20536474636609184,0.4555862081798295,0.5029036903155609,2.006268018957296,0.2283984416983627
408,0.8874486894194363,0.20536474588659812,0.45255665612060575,0.499559486994144,2.0062263453260574,0.2268796403015091
409,0.888458354666708,0.20536474583881326,0.449550257844675,0.5161702691927927,1.9995418412590695,0.22537244656074468
410,0.8895231050618674,0.20455613799927902,0.4465668164340003,0.5127447039101655,1.999544908876059,0.23714976675813249
411,0.8885321578947213,0.2045487686098201,0.4568658754321921,0.5159751428467736,2.012807898981485,0.23557749479620443
412,0.889584117653915,0.20454876860975416,0.4538399418302066,0.5191809569778261,2.0060998382562056,0.23401720785925373
413,0.888611964673431,0.20373278233314956,0.4574536769389868,0.5157457324058791,2.0060612140068788,0.23246880425952218
414,0.8877245550021927,0.20373268881369927,0.45442990378281917,0.5189466577212221,1.9928025542585228,0.23093218325197024
415,0.8867948890995827,0.20178847723045165,0.4514291200805723,0.5221232467119664,1.9930758538597932,0.22940724502484602
416,0.8872843010012511,0.20108519650204948,0.44845113124017943,0.518678902665795,1.999722335989003,0.22789389069035532
417,0.8872971639713249,0.20027462727693568,0.44549574446958057,0.521850909389332,1.9931996406673633,0.22639202227543126
418,0.8871548243084374,0.20348716654591956,0.44256276875875283,0.5184152401132212,1.9800771674850481,0.22490154310146934
419,0.8875638102473381,0.20266846563457996,0.43965201486193306,0.521582643282767,1.973631158971661,0.22342235621726889
420,0.8873963179538585,0.20129344232548638,0.4367632952800299,0.5181556011123702,1.9738000121102568,0.22195436673098742
421,0.8885399201174683,0.19967964167677046,0.4338964242432232,0.5147544790367714,1.9674080852232438,0.2204974802381198
422,0.8866964683286355,0.19967964167333807,0.44416589848161836,0.5179363990923593,1.9741791419345684,0.2190516032041936
423,0.8855971857213117,0.19967964130954616,0.44125626258509615,0.5210942947399148,1.9743482963276027,0.21761664295611405
424,0.8856183195990219,0.199679641195419,0.44491281504140945,0.5176841292278722,1.9745328429237383,0.2161925076736009
425,0.8857007433694769,0.19645968054831356,0.44200410948649804,0.5142996668085678,1.9877935264831015,0.21477910638071637
426,0.8858862365313425,0.19645968054798543,0.43911730841459673,0.5174718550583757,1.9944045933276187,0.21337634893748314
427,0.8854105588725006,0.1948700536450884,0.4427768635479464,0.5140955398110821,1.9879182821006125,0.2119841460315914
428,0.8854938515895735,0.1913316415661529,0.44640890755724044,0.5107446063996223,2.0140694888252537,0.2106024094028335
429,0.8856401463609138,0.19128088260996046,0.44350207163093286,0.5074188421822945,2.001034573896432,0.20923105090291244
430,0.8865559433973007,0.19128088260996046,0.4406170503196873,0.5041180364655589,1.9880176745441693,0.2078699838878038
431,0.8848640127616254,0.1923503173660933,0.4381512168512269,0.5069430138970773,1.9812057431634404,0.20736123978161003
432,0.8853689213285546,0.19545729012661095,0.44179879182063353,0.5036518923299939,1.9943119465182149,0.20601503212252478
433,0.884800601970379,0.19934142883421296,0.445419064321663,0.5068710100581632,1.9878496597891309,0.20469247234564425
434,0.8858115539062899,0.19933872373174832,0.4490122621705083,0.5035869306644939,2.0008981495990974,0.20336624473126083
435,0.8851604686546347,0.2081406616299493,0.4461059644466308,0.5003273903942799,2.000892042883591,0.2020502981258532
436,0.8861698411706325,0.20814066155797964,0.4432213642040636,0.5035583620596347,1.9944200992423233,0.2072099823422205
437,0.8848109308208137,0.2067100275121092,0.4468179951275032,0.5067652332143564,2.0009195848368906,0.20587146505325873
438,0.8851728583087889,0.20671002749922635,0.44393456340249937,0.5034949465058672,2.0009136555737808,0.204542923409724
439,0.8852860042163488,0.2066477501797696,0.44107260259810993,0.5066958191556347,2.0076675875595713,0.20322427449640856
440,0.8844113987201135,0.20664766383328095,0.43823193439395874,0.5098728777469983,1.9947388338682588,0.2019154361521697
441,0.8846092517170747,0.20587576793115256,0.44184630915592404,0.5130263199045101,1.9947726838274418,0.20061632696252166
442,0.88468807353448,0.20520384531931257,0.4390063436145524,0.5161563414580865,2.007809070930501,0.2057543626068736
443,0.8847592223360425,0.20489589340691405,0.4426085243135087,0.5128420643897434,2.007782137518144,0.2044331990156773
444,0.8847578537852782,0.20180820214019365,0.43976934405512924,0.5159670137167737,2.007732217047413,0.2031307371644176
445,0.8839953880702451,0.20100991382769087,0.4497676808605224,0.5126605718365576,2.0012876842772074,0.22105375436955438
446,0.8847594534048843,0.20027296051416132,0.4532901788762918,0.5221822774911345,2.0076813259420945,0.226040441827164
447,0.8853400786009341,0.19891213548710426,0.4503911891504805,0.5188426925453493,2.001302086915337,0.2245948139512209
448,0.8856140459364144,0.1974585251617962,0.46029171242716943,0.521916829120239,2.001294074042003,0.22315986716479377
449,0.8858013723281746,0.19459962332132774,0.4573538264716498,0.518585610936587,1.9949068527654732,0.22173551338679084
450,0.8872030817914868,0.19459962332132769,0.46081389123776495,0.5152789630909954,1.9885630465898285,0.22032166533129358
451,0.8872030677733442,0.19110250505172505,0.4642484573728763,0.511996683284436,1.9886358989356754,0.2189182364997992
452,0.8883439417545123,0.19110250503988788,0.48038481804825234,0.5087385710415013,1.9950717568927827,0.22388868287079502
453,0.8891488593322783,0.1904104937369577,0.47733092464873134,0.5118616090289028,2.0078196528004506,0.22246538191464804
454,0.8884298507990591,0.1904104936522968,0.4742994783658441,0.5086108643318453,2.020471647860338,0.22105254268665847
455,0.8881178349373846,0.18971632591912918,0.4712902949633629,0.5053839930383279,2.0139972885795467,0.21965007932148506
456,0.8890699922697886,0.18971632591910892,0.47464133023196803,0.5021807993599697,2.0139085719662813,0.2182579067255475
457,0.8897680860956446,0.18901980780610375,0.4842996014443822,0.50533289266748,2.0138218377849872,0.2168759405695288
458,0.8899230322920325,0.18832269770939536,0.4812361765381634,0.5021364222084662,2.020065957192164,0.21550409728095526
459,0.8892566366818052,0.1878547574747373,0.47819517177464727,0.498963345606338,2.007414307822594,0.21414229403685384
460,0.8897183204783643,0.18716083065216166,0.4878020767717688,0.49581347160845096,2.0136803497895657,0.2127904487564858
461,0.8892466548805867,0.18716036349460127,0.4847257399142043,0.49899313744883267,2.013597759261462,0.21144848009415568
462,0.888167238842411,0.19249689079169824,0.4941225622745972,0.49599911319766515,2.0133668387072348,0.21027054401970013
463,0.8887149264157845,0.19249689078273874,0.497306517597162,0.49917125764697484,2.013282709045999,0.20894711670730529
464,0.8877261474391513,0.19488412721149423,0.5003544753068028,0.4961454464029054,2.0194873244055187,0.2265764978043976
465,0.8866452487284369,0.19488391183343462,0.49721157319701326,0.49302898268124884,2.0068029631933415,0.2251532912815789
466,0.8867009283264178,0.19823302545310334,0.49621320637216654,0.5003636635693156,2.0004865577679554,0.23001666547776312
467,0.8869396840199106,0.1967601905939226,0.4931025445754225,0.5034957842868655,2.0067524005642925,0.22857473679725257
468,0.886391158420127,0.20048902712925282,0.49627700775134953,0.5066051594328773,2.000433477656506,0.227157380039936
469,0.886551997002873,0.1990395491028766,0.49942843773224466,0.503435697819085,2.0066871365651764,0.2257362734821381
470,0.8859404209074473,0.1983232294323541,0.49630699866796923,0.506539235971198,2.0066453516303815,0.22432541665253788
471,0.8857372256865879,0.19760830707215907,0.4932081690481998,0.5033765185559373,1.9941163079959876,0.22292477904828145
472,0.8855514770275423,0.19653865848035545,0.4901317657677643,0.5127117600965968,2.003495976862758,0.22153427790780364
473,0.8864346886371584,0.19582913153870646,0.4870776073468713,0.5095168989409706,2.0034741923796466,0.2201538312041938
474,0.886625236835458,0.195544994893634,0.4840455139155038,0.5063451192920051,2.0161706266288646,0.21878335763814205
475,0.8868584592612561,0.1948007745515992,0.48103530719797394,0.5031962346609881,2.016238684711966,0.217422776630958
476,0.886475900488764,0.19772740363929303,0.478046810497636,0.5000700602109951,2.0347756500604812,0.22228486267581143
477,0.8871882915746355,0.19700098014098877,0.4750798486817568,0.5031728380339967,2.028414807540141,0.2271116935747983
478,0.8871984937438814,0.19699923757353052,0.4783344701363614,0.5000530547490016,2.0344621461179155,0.2257035506626928
479,0.8880615485126123,0.19680348085461688,0.4753716545431946,0.49695571370310404,2.0218606400509906,0.22430553726184818
480,0.8879888493469483,0.19393784702191108,0.47243013369552717,0.5000684682001391,2.0155378507263557,0.2229175718503703
481,0.8874561935348337,0.19393758432942107,0.46950973634836435,0.5031588695422606,2.015442373680604,0.2215395736257961
482,0.8871602032246401,0.19252241052290145,0.4666102927668459,0.5062270973450409,2.015347010182802,0.22017146249822397
483,0.8876488203921081,0.19252241052289068,0.46373163471183654,0.5092733296412566,2.021421628140174,0.2188131590835147
484,0.888806696517505,0.19181467707476374,0.46703672744478675,0.5122977428959822,2.027452954402938,0.21746458469656163
485,0.8889497005531735,0.1917888985746688,0.4703181673736924,0.5214574839891707,2.0211439098725252,0.21612566134462977
486,0.8896381110124415,0.19406057501187143,0.46742532588969654,0.5244009119454036,2.0333154937846176,0.21479809897183882
487,0.8896108415092971,0.19125719011480002,0.4706978216879167,0.5273233115504845,2.0208214403995557,0.21347823546626507
488,0.8897588675226153,0.19055769564679917,0.4678084295861354,0.5240863222523072,2.0329706848504907,0.21216779318453427
489,0.8900569334616575,0.19211515085298034,0.4649396443209205,0.52087241881686,2.0205037091105025,0.2169990901017379
490,0.8898032912089039,0.19210115030808783,0.46209130134278337,0.517681416899161,2.0160269327676903,0.2156696964006346
491,0.8897920093601261,0.1921011503079168,0.45926323754382953,0.5145131337692486,2.0220494936891282,0.2204699082453203
492,0.8899435757611314,0.2002133146156164,0.4625693144656046,0.5113673887336725,2.0158006584679273,0.21912195044716767
493,0.8903093837752735,0.20017150520399998,0.45974398147947076,0.5143519140610959,2.034027890503767,0.22389148539427886
494,0.8901497028834044,0.20301752185532398,0.456938712053067,0.511213437524036,2.021624092753594,0.22861990263901427
495,0.8901341917352141,0.20583820377210624,0.4602490556731802,0.5141929382076632,2.015396569750973,0.227226302350474
496,0.8891394891677861,0.20583820376976783,0.4574463154707303,0.5110617004528728,2.0274820526990958,0.2258425813307313
497,0.889587124520813,0.20510606500453107,0.4668304868374535,0.5079526413490516,2.033408538642797,0.22446866124848958
498,0.8900360554650651,0.20720308624180342,0.4639933515774853,0.5170204802192321,2.027128049266592,0.22310446620017677
499,0.8900221614826126,0.20720308624180328,0.46724764890899106,0.5138814550335128,2.020891970108077,0.22782129027305767
500,0.8903913294198665,0.2072028467034731,0.4826095684529508,0.5107646064541571,2.014750662553636,0.22643948429819863
501,0.8910555676105704,0.20930179345497726,0.48574456346770534,0.5076697589324763,2.008602040344027,0.22506743215881642
502,0.8918601666183498,0.20855496493860098,0.4828042602533439,0.5045967383856956,2.008586240850052,0.22370505665532064
503,0.8917688298099216,0.20824223744338666,0.47988467629166937,0.5015453723026144,1.9964401698009058,0.22235228131896873
504,0.8918240139840165,0.20824223711912243,0.48302674176386257,0.5045565834778136,2.002502774149392,0.22100903032452673
505,0.8924040234156885,0.2088413570206703,0.480111648446514,0.5015115563653407,2.0024876827113878,0.2196752414469685
506,0.8925383134506076,0.2084321378077815,0.4772170439321637,0.4984879312986482,2.0024911426993075,0.21835081420667793
507,0.8915315046410016,0.20840350653830164,0.47434276677185416,0.49548553963255065,2.0028452625303252,0.2170356877538632
508,0.8922606009601133,0.20840350560915227,0.4835226123489155,0.5045381696164204,1.9968111723169855,0.21572978885671962
509,0.892714267730427,0.20840350560914286,0.480616175455043,0.5075163727170715,2.0028413039978115,0.2144330449166698
510,0.8921167472411426,0.20692019895573444,0.48373505235850156,0.5044687593371571,2.0031069131710595,0.21314538396243266
511,0.8918617925450276,0.2069201981410756,0.48083314811160627,0.507441428373105,2.0030882889832684,0.2118667346441519
512,0.8920791046133248,0.2090622164859245,0.4779515353084083,0.5044003532670818,2.0210486691576315,0.21059702639994493
513,0.8913906830727,0.2082972354764512,0.4750900548010865,0.5073674924512811,2.0269098195471895,0.2093361887596714
514,0.8916093664622019,0.20677637311772815,0.47224854881296924,0.5103139195675611,2.0327299466112256,0.20808415237650757
515,0.8923149306089025,0.20602048615701907,0.4694268609257357,0.5072647908637252,2.0564344093388613,0.2068408483287516
516,0.8914147988125423,0.2118295430565346,0.472608788901379,0.5161600590628145,2.056067732441955,0.20563606354411307
517,0.8907950002841459,0.21105600191301488,0.4697905906142055,0.5130821615955676,2.0497703294819707,0.20440984173937632
518,0.8914445249360397,0.21105600142312986,0.4669919974276572,0.5159827836433313,2.0494740235886013,0.20319215027900175
519,0.8916602771583678,0.21028045894564448,0.46421285629354664,0.5307655517889138,2.0491800504181406,0.20793407622920995
520,0.8917321355218147,0.20797416242367528,0.4614530154765627,0.5335552470016828,2.037002108026772,0.21264307089949788
521,0.8917321353597175,0.21030540031711994,0.4587123250766051,0.5363255846448362,2.0308430804207678,0.2113801337343439
522,0.8918595818366725,0.20885005804958687,0.4559906348753664,0.5331433895988285,2.0365936525072668,0.21012594628990316
523,0.8904153502691513,0.21456081294031654,0.4542034544334072,0.54092237357702,2.035461786229618,0.2097970748120124
524,0.8900321641385501,0.21456067060803924,0.45743537348086166,0.5436407889593606,2.0411744058578902,0.20855476727508712
525,0.8902524275225387,0.21307645513521384,0.46064494363419245,0.5404248527093855,2.035015286272946,0.2073210503616286
526,0.8905362619208884,0.21087754413586243,0.4638323384140995,0.5372311358170947,2.0407179995733356,0.20609585737254257
527,0.8908945872372536,0.21033805204990094,0.46699772986031307,0.5340594659015218,2.040477611397646,0.20487912217800008
528,0.8912444375065566,0.2088904252009989,0.4701412885452957,0.536807505628007,2.0579324130827628,0.20367077921217092
529,0.8915336246773893,0.2101681939245159,0.473263183587807,0.5395366074067404,2.0693749562119814,0.20247076349383644
530,0.8920384767405606,0.20944780637871255,0.4822496323631184,0.5363608681223102,2.063080562075391,0.201279010517766
531,0.8926125159749021,0.21143572588375964,0.47941392418727613,0.5332069768658602,2.0568294712150337,0.20009545649666535
532,0.8919266021420877,0.2114357253425229,0.48247199743424346,0.530074764794102,2.050768058002411,0.21066861654551916
533,0.8923574674394605,0.21415047798571435,0.47964065025095043,0.5328324823319864,2.0563385476063685,0.20943232572063977
534,0.8920454543684317,0.2134121821024012,0.4768287317463659,0.5297087239179965,2.0501457338236015,0.20820451771094767
535,0.8928327068907532,0.21268599138798014,0.47403609229794047,0.5266063825947909,2.055795782356634,0.20698512779002054
536,0.8932599733246047,0.2146659121505359,0.4712625867695281,0.5352269682418742,2.049618489695648,0.20577409295893032
537,0.8933046796036447,0.21737563574703184,0.4743530521765841,0.5320985714427469,2.0493284697967105,0.20457134545557057
538,0.8932982260984821,0.2163291741196774,0.4773878653633703,0.5290260862633779,2.0489713980189523,0.2034654897878297
539,0.8937668773682808,0.2163291741127755,0.4746031125600288,0.5317734244798206,2.04868573269372,0.20811192483825403
540,0.8938783023146787,0.21632917411250122,0.4718373712158726,0.534502006665815,2.054229668375626,0.2068991562332772
541,0.8937708338828648,0.21632095937518203,0.46909049543074566,0.5372119767612737,2.0597319405858325,0.20569466011471865
542,0.8937130003774987,0.21557426526512352,0.4779940189480914,0.5340876382849511,2.053570432873564,0.20449837304598095
543,0.8931687193593907,0.2148298938545325,0.4810268874129985,0.5426046276213632,2.0590789503170788,0.20912025839639276
544,0.8932830801568961,0.21334828415806587,0.47823490194073404,0.5394552314500809,2.0529318240026657,0.20790647858766112
545,0.8930402053808981,0.21260681396187875,0.4754618961567673,0.5363272446157207,2.058440300373188,0.20670094995453933
546,0.89338797485492,0.21260631845457956,0.48429296959534,0.5332205034510565,2.0639053319444294,0.20550360941954737
547,0.8937089715860892,0.21260631845457956,0.48149044725730816,0.5417085108393948,2.0982565180389487,0.20431439443584506
548,0.8924490556994967,0.2112153452151014,0.4844879762054951,0.5443579162326032,2.1034728732183687,0.20313324298238933
549,0.8927293284317774,0.21047934829209236,0.48746519758252865,0.541214102024283,2.114426111438713,0.20196009355913866
550,0.8935654271726351,0.20974495184841094,0.4904222661532103,0.5380915682889014,2.102226934001483,0.20079488518230493
551,0.8934926279294845,0.20969211005276536,0.4933593353841254,0.540753884462015,2.107401458433967,0.20540128886914025
552,0.8943193434708171,0.20969210998794505,0.4905185868165541,0.5433982101113137,2.1010250747877075,0.2099765649175433
553,0.8947972918938553,0.20895270365690338,0.49920144926830634,0.5517768975718679,2.1177072356379183,0.20876873445646768
554,0.8955441202007016,0.2074823738797839,0.49633280501015237,0.5600990626885672,2.1055386052433036,0.21331551818496094
555,0.8961749360893989,0.2067515525560702,0.49348349605337083,0.5568836893344509,2.0991921130052336,0.21209093296623363
556,0.8968387639822238,0.20602241220404352,0.4963883604835637,0.5536899698637173,2.1100932403714316,0.2108745946982017
557,0.8951426892612732,0.20602235276251898,0.4935444261585323,0.556246992782373,2.1209218487372166,0.2096664408697052
558,0.8960083364654041,0.20529146061109685,0.4907196116790996,0.5530632985168282,2.125953275614596,0.20846640949131495
559,0.8951289602456082,0.2045623043532898,0.4879137723422201,0.5556187956852127,2.1195152937032424,0.20727443909060622
560,0.895128929043242,0.20511130223007293,0.4908388552893229,0.5581571414022993,2.107408798537393,0.20609084724614318
561,0.8954572590716355,0.2044015644658787,0.48803794157365793,0.5549720838706812,2.095383120379512,0.20491481426810096
562,0.8961151251861177,0.20439695089774043,0.4852557944785637,0.5575090446653741,2.0948725594192523,0.20944733879417324
563,0.8964370081074123,0.2038590409210863,0.48249227241214426,0.554334041780933,2.1000272537279963,0.20825454037920016
564,0.8965793064221157,0.20314763859846813,0.4797472349591771,0.5511802758179344,2.116526174432613,0.21275900825183644
565,0.8952074460224917,0.20897044846259852,0.47795910319414175,0.558476229404904,2.1149260708241573,0.212489263971422
566,0.8952738238800279,0.2163272241847452,0.47524528930503496,0.5553052456576201,2.1256293711207097,0.21128276677957997
567,0.8955396299242996,0.21561585631003738,0.4838940725408579,0.5521554179078051,2.1249259440477424,0.21008431903023106
568,0.8960686044124714,0.21561530698080553,0.48115204989938826,0.5490265871503556,2.1355516435138298,0.20889386022511727
569,0.8956583367379192,0.21490141437979074,0.4784282902601696,0.5515795081667731,2.1404452114899075,0.2077113303668724
570,0.8956190404971746,0.21490135714860736,0.48137791095980853,0.5541154401204317,2.134002596852047,0.20653666995458647
571,0.8957512121860037,0.2167890850627423,0.4899571639983474,0.5509852657353814,2.133253685173378,0.205370177271415
572,0.894214671186032,0.2167890842486375,0.4984797780864233,0.5535194847712666,2.1268576712326626,0.20421107719534132
573,0.8942142110353299,0.21722658583271828,0.49566919255146846,0.550398568084965,2.1261410336812165,0.20870105967986372
574,0.8948828908969483,0.2167352984340102,0.4985099258733033,0.5472983498758905,2.119802060191592,0.20752551369738803
575,0.8954806841068278,0.2160160105026891,0.4957047862489282,0.5442186754142387,2.1135011150432224,0.20635775752779617
576,0.8959333514544416,0.21468307952836235,0.49291821924255075,0.5411593912450473,2.107304224789046,0.20519773298377605
577,0.895788427972527,0.21468307939756867,0.4957658920669128,0.538120345176788,2.0954700144505485,0.2040453823570867
578,0.8959447955752625,0.2146830309048218,0.5098151283249706,0.5351013862700681,2.094956320347404,0.20290064841427394
579,0.8963358911843275,0.21468303064308505,0.5125624113244456,0.5321023648264405,2.083215073178196,0.20176347439242748
580,0.8967462592510671,0.2146830273066527,0.5096925827558118,0.5291231323773213,2.088348188566042,0.20063380399497865
581,0.8969775551072725,0.21323684138253324,0.5068416746444976,0.5317569291535614,2.0766672726096234,0.19951158138753855
582,0.8965004637592876,0.21315581530154873,0.5040095463117904,0.5287855794392241,2.0708269413928435,0.19839675119377598
583,0.8968399672646288,0.21243510224205978,0.5123604820020763,0.525833786293111,2.076022667739326,0.1972892584913351
584,0.8963715330735854,0.21171500003185487,0.5095032359052837,0.5229014045302224,2.0811772294804696,0.20176568127099007
585,0.896371408858857,0.2122271944265036,0.5066647636175169,0.5255593486666238,2.1030092203206943,0.20621481381325277
586,0.8964329400375395,0.21408133848824193,0.5094095439165255,0.5226352253818505,2.102435699271239,0.20528202967226455
587,0.8966468760053086,0.2126483578012316,0.5121371913510551,0.53084926662008,2.107426138512921,0.2041406764424021
588,0.8966675507295101,0.21528668176556615,0.5148469611287709,0.5279007341288695,2.112383823425514,0.21411555408760632
589,0.8962146269151041,0.21527766129886547,0.5175389874767362,0.5305203274545901,2.1062666528828284,0.2184214382141436
590,0.8963136099182232,0.2131711931527622,0.514670127660014,0.5275795085284464,2.1056787155212673,0.21721066858641305
591,0.8968248156942307,0.21174693020998697,0.5228954869373786,0.5246579144193981,2.094018031047818,0.21600781404125724
592,0.8962653980083415,0.21096835329497293,0.5200027258941069,0.5217554032794265,2.0934979048839697,0.21481281617818396
593,0.8961338786836265,0.21096780887653765,0.5171288434957207,0.5243985023637155,2.0929812772421235,0.21362561707206243
594,0.8967043556584136,0.21096780886449082,0.514273700661955,0.527024366739265,2.086946863751635,0.212446159268918
595,0.8967060773936548,0.2106448975869293,0.5224684107603572,0.5241174976193292,2.0754676939387426,0.21679001144044507
596,0.8953795060069475,0.21268200532886852,0.5195895508879008,0.5212295510922795,2.064038185939822,0.21559702937997102
597,0.8965253120670131,0.21124920364838973,0.5222340208553182,0.5183603880744028,2.058181077269255,0.2144102528010821
598,0.8965251217343434,0.20625819779688637,0.5303546063955927,0.515515673251984,2.052359128600937,0.21323699125472848
599,0.8971559152895091,0.20559062637382178,0.5274410464995314,0.52367084707076,2.0575968711402552,0.21206555097951543
600,0.8975558769101873,0.20554265177366748,0.5245463886628058,0.5207968805272034,2.057317865107558,0.21090171055959292
601,0.8981800520176924,0.20486982146088023,0.5216704943778248,0.5343894363748848,2.0515219239849367,0.20974541430591506
602,0.8993499787288946,0.20420191055944675,0.5188132262571991,0.5314625046871454,2.0512690660580475,0.20859660697982987
603,0.8986355784191262,0.20420191049153977,0.5159744480238907,0.5285545136919862,2.061931892864247,0.20745523378911873
604,0.8981742646671379,0.2035165660431259,0.5131540245014562,0.5311315326591486,2.0671585232783722,0.2117874481260195
605,0.8983566886941768,0.20351632159526914,0.5103518216043812,0.5336919034538746,2.0613319172266538,0.21609167529936762
606,0.8984884140252041,0.20284171926279568,0.5075677063285073,0.5416910338535622,2.060997334123128,0.21491283335402328
607,0.8983755444608806,0.20284171924032182,0.5048015467415488,0.5387389078065719,2.0552173936329754,0.2137415941539511
608,0.8991646675263749,0.20284171923982666,0.5074975985560906,0.5412501915078893,2.044027995636314,0.2125779022866402
609,0.8992294625972239,0.2021593811544026,0.5047373470719855,0.5491842513641023,2.0383753280781716,0.21142170278551137
610,0.8991139648796527,0.20414926533951724,0.5019948523101262,0.5462002539614951,2.038166840000437,0.21027296657111563
611,0.8988174238887254,0.20543496148419219,0.49927121967190585,0.5486622798085753,2.0325411633943946,0.2091440064194374
612,0.8997190111994624,0.20339887264173823,0.501986497860968,0.5565323799734129,2.0323647039722945,0.208009891143236
613,0.8997189729089113,0.20583179684233519,0.5100694525742042,0.5535496474790113,2.021386995357787,0.20688308645972572
614,0.8996608703190477,0.21090706717710062,0.5127208640109978,0.5505539410471973,2.021271245728664,0.20576347993785624
615,0.9000199263264702,0.21090706716910423,0.5153552942944644,0.5529838302442522,2.0211562448669156,0.20465103841770058
616,0.9000782322565423,0.21707620037386988,0.517966771551234,0.5500032530173116,2.026437515226038,0.20895890526132388
617,0.9003164646085277,0.21638774516255083,0.5259632403251485,0.5524312585886688,2.0209165392961412,0.20783144514175392
618,0.8999573187290809,0.21638774473462563,0.5285183999182457,0.5494535358675917,2.0261940245217667,0.20671118917011694
619,0.9000166854866274,0.21587889187695697,0.5256724200268454,0.5464948239011213,2.0368500429905896,0.2055980885032254
620,0.9000716541548734,0.2132681185753613,0.5228445944833416,0.5435549853942023,2.042088911938958,0.2044920850223213
621,0.899771654694953,0.21261018294516523,0.525408859898026,0.5406338841472902,2.0311147078092318,0.20339313072957543
622,0.900072092369489,0.21261018130798717,0.5279567955669137,0.5484687775246682,2.020210283258531,0.2023011747936065
623,0.9001317520432079,0.21064169342539138,0.5251251889271594,0.550890488578211,2.0093793244869858,0.20657949701418404
624,0.9009657323089626,0.20999122543796783,0.5223115841409421,0.5693707124070282,2.0200459399387367,0.21083061993069196
625,0.9009009465243006,0.2124333259901387,0.5195158516943584,0.5770283191686001,2.046701713809425,0.2097021255077875
626,0.9004215150130395,0.216624497558313,0.521538812286411,0.5744891113738471,2.0459064558247673,0.2144752106816115
627,0.8997716758989119,0.21596397506372966,0.5187527938022076,0.5767621563956454,2.045768685949002,0.21332950131677472
628,0.9001297999901196,0.21537332767398992,0.5159844277558728,0.5736842187157853,2.0401878579556354,0.21219105125889984
629,0.9007254403007274,0.21470805360341153,0.5132335875339125,0.5759570132718411,2.0399736082396327,0.21105980844003863
630,0.901257610755639,0.2171361088283561,0.5105001475290203,0.5835413494596422,2.045086630129969,0.20993718302283657
631,0.9020779417504096,0.21646372636774763,0.5131045778762251,0.5857571571710195,2.044846742638282,0.21414078710227888
632,0.9021945235391902,0.2124984646803508,0.510377285007826,0.5932742493696442,2.0392930960820492,0.21300256954063726
633,0.9018784753459811,0.21120910968707646,0.5129771640953151,0.5901239843454682,2.0391086453022926,0.21187153352214086
634,0.9018659196462527,0.20917375196198262,0.520865310025332,0.5869935790867702,2.0389011873575855,0.21074762773234018
635,0.9012599548013693,0.2091711415610156,0.5181050599011724,0.5838828917970439,2.0334219970261853,0.2096308012621991
636,0.9012599548013692,0.21158180023867526,0.5178512090835686,0.5835968124649953,2.02265694267536,0.20852100360460765
637,0.9010009287201679,0.21093603795787313,0.5151124148197229,0.5805103050390372,2.0278258823457116,0.2074181846509273
638,0.901645273503056,0.21093331895948617,0.5123908283476751,0.5774431900800016,2.0277320879077765,0.20632229468756808
639,0.9011610629127698,0.21028613576456,0.5096863271789376,0.5743953295484481,2.0328655981056194,0.21051148419460963
640,0.9003295798491256,0.2096400085086023,0.5122717140297703,0.5713665864916819,2.032693829354443,0.20940147308671087
641,0.9003276351571518,0.20899508902689032,0.520108551814527,0.5736244789862113,2.032521610278036,0.20829841858949844
642,0.9003197791473865,0.20514318449571617,0.5226333786375083,0.5706063924994965,2.0376117605455395,0.21264131932583819
643,0.9008458065048978,0.20391860015796232,0.5198858274563295,0.5676066409876676,2.0268997870880803,0.21152343644280414
644,0.9012952141691432,0.20391856262860436,0.517155452247469,0.5646256420469579,2.0267585127781036,0.22091629120604508
645,0.9015230383453403,0.20391392320249466,0.5196887567261305,0.5616632628000086,2.016161876666398,0.2197572261766758
646,0.9012250362494472,0.20268615037836707,0.5169648697334392,0.5587193714111485,2.0108556216544753,0.2186053947349038
647,0.9020330509926657,0.2020763586543485,0.5194941105836077,0.5557938370774993,2.0055626374148403,0.21746074570259513
648,0.9018386701889901,0.201467654584883,0.5167766840970421,0.5528865300201632,2.0107644488958285,0.2163232283022599
649,0.9020552693295384,0.20146765458488303,0.5140761740822181,0.5499973214754905,2.000256835648687,0.21519279215363593
650,0.9029017283686323,0.2014674369471174,0.5113924611260872,0.5575669992216495,2.005479665381734,0.21406938727030375
651,0.9033491149986073,0.20327787236182085,0.5087254267484436,0.5546591535496793,2.0054511215312316,0.21295299739871873
652,0.9035514511603299,0.2026607534158138,0.5112849806800186,0.5517693642252373,2.0002264263242906,0.21184350647162878
653,0.9029348513378016,0.20225083723089282,0.5086238344569765,0.548897504078582,1.9899193970780564,0.21074089918132036
654,0.9031519264975105,0.20224793098866847,0.5059791849928837,0.546043446931313,1.9951714346248848,0.20964512708350405
655,0.9028544757471819,0.2022461409084144,0.5033509162780955,0.5432070675879516,2.000398429196081,0.20855614211126824
656,0.9026705345412823,0.2016249168503778,0.5059281420076281,0.5403882418275973,1.9952071667781228,0.20747389657187607
657,0.9025430568315873,0.20162460753216674,0.5136734735192979,0.5427708885621995,1.990050551006061,0.2063983431435916
658,0.9024082979550195,0.20108435990075182,0.5110132301466798,0.5451388144454207,1.9856248597313488,0.21050829558806353
659,0.9028299542342311,0.19987313483945235,0.5135430933908887,0.5423184382416416,1.9753518632960028,0.20941919209397705
660,0.9028298237531533,0.2040452861303069,0.5108888390595079,0.5395154581563951,1.9806477698151115,0.2083656469619373
661,0.9028856837531374,0.20452079052393385,0.5082509424930142,0.5367297524101883,1.9807476920731115,0.2072930310583369
662,0.9028839804554475,0.211268892547917,0.5107829177837659,0.5339657582995525,1.9859960727953694,0.21139108592911296
663,0.9017647944945435,0.2112688925479137,0.5081508375537492,0.5312142161727637,1.9860682356900887,0.2154548121417027
664,0.9010323048434499,0.21067417989899664,0.5055349377230741,0.5284795888230811,1.991307163039326,0.21434567649742658
665,0.9008987619922404,0.2136564703621487,0.502935105365056,0.5257617581984311,1.981424367612709,0.2134401681028149
666,0.9009563923788731,0.2166630753096039,0.5003512284259284,0.5230606071592765,1.9815365103232987,0.21234360217460788
667,0.9010084793656329,0.2166630752695761,0.4977831957174869,0.520376019470928,1.991896194124123,0.21125375711211414
668,0.9013466004962999,0.21605417559761286,0.4952308969098014,0.5177078797959247,1.9816830846318103,0.21017058934543376
669,0.9003553491162799,0.21544618673995006,0.49269422252399336,0.5201782791095232,1.981776907722365,0.2090940524129252
670,0.9005857555690981,0.21303830500089382,0.4901730639250793,0.5226335680134028,1.9767532710067015,0.20802410021108675
671,0.9004674662863791,0.21184955005541628,0.4927792845646567,0.5250738514893273,1.976872214969134,0.21207265824132468
672,0.9009273897827668,0.21125770401627725,0.4902627288438942,0.5223923718773026,1.9718834635388027,0.2160964943106508
673,0.9009843071505069,0.20765191773834268,0.4877619532762888,0.5248285841895814,1.9669640034036997,0.2200978628365681
674,0.8998212705600745,0.20980849005024343,0.49037263859442487,0.5221537292039555,1.9722289900491659,0.21898103043158837
675,0.8997064248602379,0.2092359798374989,0.4929674390261942,0.529678278378423,1.9723703886036947,0.21786607445523334
676,0.8995921718097503,0.20866425296476052,0.49554644756648875,0.5269840829584624,1.9775974011260333,0.21675790407347056
677,0.8986742646846864,0.20866425296315474,0.4930283821818704,0.5243062706483167,1.9878740271278406,0.21565647235547483
678,0.8991987021124273,0.2086642389525027,0.49052561609056605,0.521644728223863,1.9879357060828202,0.21456173273015547
679,0.8994844080330111,0.2075288720061569,0.48803804363846487,0.5240705819557667,1.988043417049178,0.213473638983149
680,0.9001189377621275,0.2075288641875427,0.49063172990383974,0.5315478911829015,1.9881040372439296,0.21239214525383915
681,0.9000072419949576,0.20699976014301852,0.48814859057152554,0.5288576708095399,1.9989541382830258,0.21637831231837676
682,0.8994359409773776,0.20699746889411874,0.485680488008321,0.5261837411944463,1.993927252676964,0.21528429324801623
683,0.8997271187697504,0.2066503797919256,0.48322731868574387,0.5235259901753958,1.9986542908530183,0.21419689353386573
684,0.9002974328177646,0.20550403915180857,0.4807889798655555,0.5208843064463093,1.9885813126685676,0.21311606763584354
685,0.9009776296099106,0.2055040233553449,0.4783653695931807,0.5182585795501249,1.9835980402618338,0.21204177036123714
686,0.9012594551112476,0.20656993612677685,0.475956386691187,0.5156486998717327,1.9937523660956324,0.21600982080439035
687,0.9012532366936394,0.20656850905610147,0.4735619307528221,0.5130545586309742,1.9988820385294872,0.2149231119952788
688,0.9016039915940002,0.20656850905609503,0.47118190213560973,0.5155018501259577,2.0039134594377037,0.21384295093538125
689,0.9021622190045006,0.20656850096250598,0.4738369809150703,0.5129136292829692,2.0239769965868026,0.21276929274656609
690,0.9027159056848307,0.20656458051504467,0.47146032801241516,0.5103409772635076,2.0288897567883866,0.2167178535824212
691,0.9027555678988232,0.20598041105725365,0.4690979593821729,0.51780528239371,2.0337566388551127,0.21563193515302778
692,0.9024096396278432,0.20705607761847367,0.4667497775494443,0.5202190231823969,2.043599148548659,0.21455254561731912
693,0.9027964074715136,0.20870293086344205,0.4694164211109085,0.522618281164633,2.0483819196707644,0.21347965657218845
694,0.9030323679218292,0.2087029222660906,0.4720670775098615,0.5200074173039775,2.0581317646516077,0.21740890591981935
695,0.9030152089290617,0.20870292226609513,0.4697111113486595,0.5174121931565858,2.0528508993901133,0.22131461810255962
696,0.9029822626679346,0.20955848196906138,0.4673692462489939,0.5148325020911229,2.052587392933873,0.22021238866082643
697,0.9026893890942493,0.2089750634725806,0.4650413861422634,0.5122682382828284,2.0573068869709825,0.2191155607486658
698,0.9026741187197322,0.20897506317434578,0.46272743568603775,0.509719296706859,2.0570217444301946,0.21802528670667892
699,0.9027141051543021,0.2083902481986952,0.46042730025806644,0.5071855731316882,2.0567382995763266,0.22191234332599732
700,0.9028796947060854,0.20780642568617727,0.4581408859503413,0.504666964112566,2.0564571911459146,0.22081035924174125
701,0.9034278721207821,0.2078038270688904,0.465789878897162,0.5120851463189868,2.0561803012040416,0.21971494341221778
702,0.9019331239159982,0.20780382498532793,0.46843738753410213,0.5095472875361368,2.060863897169855,0.2186260512565473
703,0.9020447259581286,0.20721630652580814,0.4760201200320338,0.5070245302260635,2.060562588093474,0.21754363852966024
704,0.9023930415868476,0.2071814010089671,0.4786117398707933,0.5045167720439137,2.0503774240591706,0.21646766131953557
705,0.9015943785224064,0.20946167820524392,0.4811879639692567,0.5069649971572459,2.045167659283601,0.21541790026408097
706,0.9016406964638453,0.20886595951763454,0.4788127493835849,0.509398690469811,2.0400085579604914,0.21435456581468745
707,0.9020618874633131,0.20886592427657014,0.4764516215153909,0.5068867367976537,2.0398112672219355,0.22315996459071458
708,0.9019410961412221,0.20886592387901423,0.4741044851829816,0.5043896684225475,2.044541436825813,0.22206061507194477
709,0.9025958114405335,0.20886592387901057,0.4717712459186437,0.5068287457179284,2.054164975624895,0.22096777464891248
710,0.9028643242093964,0.2076820784993364,0.47436825193740517,0.5092533935731517,2.053958878104174,0.21988139940659246
711,0.9034581976567043,0.2070848261149818,0.47694990698046663,0.5067521812765958,2.0586053870113274,0.2188014457589185
712,0.9023292278621974,0.20936474623350582,0.4795163000652853,0.5042657558338425,2.0632244149557057,0.21773260031872269
713,0.9024782839457767,0.20876140061400852,0.47716584794411776,0.5017939889402657,2.0678170486990903,0.216665337220061
714,0.902162308266603,0.20817002508593302,0.47482925483058275,0.4993367963645129,2.0630274763116456,0.2156043670415133
715,0.9026494935952896,0.20697185693515563,0.47250642757145017,0.4968940801454011,2.072513720381356,0.2194415686032212
716,0.9020868557159996,0.2069296901106975,0.47019727370886444,0.49446574305301255,2.0704486720024544,0.21836915071388915
717,0.9023506847504548,0.20633105543470937,0.46790170147467436,0.4920516885827319,2.0749872271828615,0.2173030404082542
718,0.9021088506031847,0.20633105502398313,0.46561961978481364,0.494529088295594,2.069756779505612,0.2162431953850286
719,0.9015424570316847,0.20515926999200657,0.46335093823373047,0.4921195484664762,2.059934320477592,0.21518957365804034
720,0.9017503144921143,0.20456393340240858,0.4659630896484659,0.4945916680218954,2.0499075598300793,0.21414213355366918
721,0.9018039637209752,0.20103140559327698,0.4636976677095336,0.4970488986630975,2.0448409103520957,0.2179654819343308
722,0.9012981218510359,0.20046338205696076,0.4614451184577306,0.4994921331365553,2.0494808795720814,0.2217644470601515
723,0.9012980870613319,0.20101915041046262,0.45920575211986725,0.49706812684798074,2.054093473502022,0.22554140609288423
724,0.9015163999736221,0.20045476738585918,0.456979480681621,0.4946582951580341,2.053831224096696,0.22929605210888132
725,0.9017288409227995,0.2004520263831986,0.45476621678159523,0.49226254350220794,2.058413756617049,0.2281855149928733
726,0.901946910675245,0.2004520261798494,0.452565873706027,0.49955758774638714,2.0629695333869447,0.22708146108708227
727,0.9016099897809424,0.2027297942573092,0.4503891643383502,0.5019657116607841,2.0578226297521955,0.22599564104396397
728,0.9017743619213975,0.20215506933932317,0.44821435318943764,0.4995418508920743,2.062372193189781,0.22490436736629882
729,0.9014277773973915,0.2010109935890078,0.44605220686092745,0.4971321052622038,2.081367132697181,0.2238194486243918
730,0.9010363498987284,0.19987518267242835,0.448721731076471,0.49473638095432054,2.076157531509531,0.2227408425799005
731,0.9016400759990775,0.19931006745632915,0.4465614620634328,0.4923545848446595,2.0709766519391617,0.22648278052626827
732,0.9016399379987913,0.2031665882647175,0.44441374196996297,0.48998662449694674,2.0754447526340787,0.22542254922044502
733,0.9013017162669902,0.2042308450110747,0.4422784877897774,0.49243706223816597,2.084691583943691,0.2243394798747918
734,0.9018510899045412,0.20423084480842604,0.4401556164867327,0.49007343719909796,2.089084934810277,0.22326268356406428
735,0.9020699594478596,0.20367151875871192,0.4428401008674432,0.4877235083147423,2.0934529125595023,0.22698718139809498
736,0.9021129142305367,0.2036715187461639,0.44550904272223224,0.48538718495957556,2.093005249716464,0.22589985334401722
737,0.9028179360183526,0.2031110163830329,0.4481625448171675,0.4830643771748135,2.0877775364527236,0.22481881545471283
738,0.9029798797082994,0.2073880640825479,0.45080070916278037,0.4855356866452131,2.1112613971460314,0.2237440261836489
739,0.9031413554387537,0.2057096599169608,0.4534236370201381,0.483216810602417,2.1059541101068904,0.22267544425176067
740,0.9031952814470902,0.20350569829417675,0.4512602897516534,0.4809113159568959,2.115005259099341,0.22161302872078723
741,0.9030694054027425,0.20509210042185352,0.45387578646434107,0.48338548489592464,2.119223474254243,0.22055674147463827
742,0.9036093499433319,0.20509210042152495,0.4564762150217087,0.4858453998840001,2.1234173854202965,0.22426814349286195
743,0.9040384764597295,0.20509210031948213,0.4590616746090334,0.4930480019333622,2.127587159189819,0.22320133420548496
744,0.9036742207010257,0.20509209860901506,0.45688017096853356,0.4907049921143115,2.122230956166822,0.22214066077081332
745,0.9041542683966548,0.2039841098408682,0.45471120408732174,0.48837544720522735,2.1216506838927534,0.22108608286002107
746,0.9041936447847073,0.20635433480083418,0.45397362715228307,0.49412553930496594,2.116332057751966,0.22478084663516493
747,0.9035393419678979,0.20579645774921076,0.4518227646610864,0.4917844427635211,2.117369536959157,0.22845372474900813
748,0.9039446678104223,0.20579645770709326,0.4496842322525554,0.49418988915683215,2.116814126426143,0.2273724253271168
749,0.903874315879229,0.20100528643044718,0.45701471876321303,0.49658157088766636,2.1257185127122655,0.22630217356580762
750,0.90400364093442,0.2004767551571807,0.45485593409067215,0.4942358856397171,2.125124660509103,0.2252331977897568
751,0.9036678786527755,0.19949601654716437,0.45270949512742603,0.5060604459120034,2.129036926872003,0.2288872836542844
752,0.9030575622507396,0.19949601587376434,0.4505753195137868,0.5036747617716945,2.128428624349187,0.22780825689583392
753,0.9023734541505217,0.19949118876681024,0.448453327942729,0.5013026975401529,2.137303773758954,0.22673539031833925
754,0.9025319811610807,0.19902665040238696,0.45104824947109123,0.49894416429541244,2.130153604547105,0.2256686437030726
755,0.902625064826177,0.19902665040225956,0.4489282748210208,0.5059992860562563,2.1201416564994777,0.2246079771235497
756,0.9011299001031009,0.19902651150123188,0.4468203732327258,0.5083188211533852,2.133667810782082,0.2235533509432067
757,0.900466561834966,0.19902651144486055,0.44472446605871163,0.5059344422670025,2.14242224486452,0.22250472581309713
758,0.9004920951674454,0.19972094555028966,0.44264047522178646,0.503563619831454,2.1490048246643685,0.2246037390614912
759,0.8998920953393286,0.199183851050136,0.44993100975749867,0.5105689522139485,2.1483072821958356,0.223552291858437
760,0.89992653737098,0.199008435514104,0.4479393403115685,0.5220986786165928,2.143020443097746,0.22718276158826
761,0.899709661287038,0.19847134438921396,0.4458465722183877,0.519659438840643,2.133008273285573,0.2261213660108099
762,0.8999281248893806,0.19740190721979778,0.44376566346624546,0.5219013420872061,2.1277201607845933,0.22506598517152923
763,0.8999048884011912,0.19547314010692957,0.44169653714297236,0.5194678960277943,2.13178689850811,0.2286795036867344
764,0.8999595939876992,0.19547314007840397,0.4489551068448204,0.521706212154143,2.1498050160833797,0.22761431570733343
765,0.8999592446586454,0.19494178551203006,0.4468659663978294,0.5285852147484753,2.153810122113542,0.22655514906459218
766,0.9001211186666689,0.19494178551203004,0.4447886258098086,0.5261279868470622,2.1530951067990163,0.2301506530909906
767,0.9000665214192729,0.1938911516911023,0.44272300878084864,0.5283286683463566,2.1477418426566652,0.22908182380745065
768,0.9003869351242703,0.1938911516911023,0.44066903956053316,0.5351563406328304,2.1470582474910245,0.2280190215457612
769,0.9000640842103675,0.19554430513954912,0.45253093217835927,0.5326760179108223,2.141741905959742,0.231596972254831
770,0.9003258403371257,0.1951350936628894,0.4504356548242228,0.5302096583361353,2.1457157616654214,0.230524648007478
771,0.9000043940587816,0.19408150237330984,0.4529776662782822,0.5323826749082604,2.1496672561986294,0.2340838584543093
772,0.8994477167330116,0.19648098837020206,0.45100778990660567,0.5344201993818092,2.143306730998847,0.2375644218263856
773,0.8997705509972741,0.19437353389936135,0.44892582018763294,0.5411856984128947,2.1380289286609804,0.24108402353161035
774,0.9006244525554072,0.19385184398608665,0.4514671798595531,0.5433015880801455,2.128169273675536,0.23997222908107718
775,0.9003089903297202,0.19363799242290716,0.45399429130196045,0.5407985771216328,2.1278226535871667,0.23886666794835315
776,0.9005214636350897,0.1934279671506105,0.4519048129598424,0.5429120209383436,2.131840860109818,0.2377673000952891
777,0.9010514569269534,0.19320541461317545,0.4544248630663349,0.5404158021636994,2.1220390130114155,0.23667408577030788
778,0.9009317103678196,0.19246332323033977,0.45233758178639427,0.5471200189006172,2.1287310938768322,0.23558698550615856
779,0.9009826093246389,0.19574767601495804,0.454850611006269,0.5491981250253928,2.128176324466408,0.23910227052087396
780,0.9010829766673363,0.1968470265164125,0.45276554846295775,0.5558486880324053,2.1459250047802123,0.24260503225337937
781,0.9008613289037201,0.19684702611385457,0.45069211843876933,0.5578826693471113,2.1406894712551185,0.24149402776197976
782,0.9012777099961226,0.1968423071865834,0.4486302465456477,0.5553304112788514,2.1491956823248612,0.24038921645548514
783,0.9014273180613375,0.19684228686448996,0.4465798589257865,0.5527923688508478,2.14851554593507,0.2438608872990921
784,0.9013103241311978,0.19683709771388158,0.4445408822474897,0.5548342117867626,2.152401208126692,0.24274747689328552
785,0.9014670511743823,0.19471839707745223,0.44251324370106715,0.552303503634556,2.151706103063021,0.24620145484358116
786,0.9009302558967152,0.19471595724014965,0.4404968709947646,0.5497868564467573,2.146484147499245,0.24507960391399874
787,0.9009301605859855,0.19399405922106536,0.43849169235072843,0.5472841806369854,2.1458102802178356,0.24397456825295336
788,0.9006062837854477,0.19614235010000025,0.4364976365010039,0.5447953872552672,2.158789806266267,0.24741274193812546
789,0.8997597974989381,0.19509861035365422,0.4345146326835676,0.5468633766538429,2.158068461024131,0.2462887486544996
790,0.8996028263297384,0.19509861035365017,0.43254261063839294,0.5443814656815941,2.1528126275881068,0.2451709799873651
791,0.8996040856900119,0.19458502655112653,0.43511541237688756,0.5419132881451529,2.165789804247102,0.2440593963947194
792,0.8996037675149705,0.19458247298826567,0.43767398940254876,0.5394587568668561,2.174099394677284,0.24295395861469468
793,0.8999197533781114,0.1945824727801597,0.44021843194508664,0.5370177852862276,2.164262006945238,0.24185462766338334
794,0.8999189916283673,0.19458247278013932,0.4427488295958517,0.5345902874551914,2.1861213386674203,0.24076136483268212
795,0.8999715590306795,0.20260812283210364,0.4452652706661522,0.5321761786799561,2.185280848340933,0.2396741329948089
796,0.9000242567902673,0.20050515720263296,0.44325654610986853,0.5387979703926303,2.1799336936456655,0.23859289297391995
797,0.9004208717583052,0.19950679543143426,0.4457656718013149,0.5363697212222717,2.170109190834253,0.2375176049694102
798,0.9004208710487417,0.1995250205741378,0.44826099282171633,0.5384571169707246,2.1648410476827653,0.2364482799312796
799,0.9005776163303784,0.1990309272931179,0.44624481117223425,0.5360352525309134,2.164099869163197,0.23538478636239205
800,0.901102620909979,0.19903092729311633,0.44873299362593944,0.5381199805245854,2.1633625331381388,0.23432713434014035
801,0.901779242357687,0.2005189051111164,0.446718721593532,0.5401932669081864,2.1716068288233745,0.23327528702817657
802,0.9008985558528371,0.19999351622068326,0.4447154954506883,0.546739495821085,2.166364943167558,0.23222920784934284
803,0.9011578404680797,0.1994981967036192,0.44272324564522325,0.5487700258127605,2.170099569856666,0.23118886048368092
804,0.9016253292490914,0.1990586188416211,0.4452172554947255,0.5463140865710936,2.1693383155771184,0.2301542088664444
805,0.9020799192908378,0.1990586188416211,0.44322674289844965,0.5438715822489412,2.1864647414755134,0.2291252171861343
806,0.9021312695014153,0.19956186115884295,0.4457135207534711,0.5414424285715105,2.194565289238122,0.22810185042009098
807,0.9023140683203678,0.1990736238616335,0.4481867173378721,0.5390265414533308,2.1892371609410604,0.22708407217999863
808,0.9023529338501557,0.19808969684355035,0.4461889309942778,0.5366238377994907,2.183936152090427,0.22607184794242272
809,0.9023791128069929,0.19808969679471009,0.4486550691118448,0.5342342349633317,2.1831170794464594,0.22506514288952345
810,0.9028829511946213,0.1980860496531932,0.4466591908473826,0.5318576508765728,2.186767893741067,0.2285125031092738
811,0.9030336680147762,0.19759268069011957,0.4446741774146422,0.5294940040448736,2.181494831544389,0.23638524791040844
812,0.903021268430985,0.19706720939605274,0.4426999608521942,0.5271432135434329,2.1718122521104863,0.23533577012364695
813,0.9034691454203221,0.1960862543331552,0.4407364736732488,0.5248051990126248,2.175485475920659,0.23429199599162417
814,0.9039632974405689,0.19574084285935028,0.4432144707428429,0.5224798806536706,2.170280114445367,0.23325388988928308
815,0.9033827852768728,0.19574084237131484,0.44567902246439217,0.5201671792243467,2.1652202209679055,0.24107420293007303
816,0.9036795132533677,0.1967692703035129,0.452552181664752,0.5222889852501192,2.1600676532492127,0.24000818037823804
817,0.9039254467292194,0.19656846591785457,0.45497055941001346,0.5199817478911961,2.1549429971948597,0.24336548173481867
818,0.9046119389168081,0.19656846591785457,0.4529627133686222,0.5221001327566741,2.1498460789947957,0.24670461124739365
819,0.9050000363813033,0.1961281236138038,0.4509657262068365,0.5197983378594124,2.1491855719954795,0.24561695893766933
820,0.9051097667537031,0.1959472294494872,0.44897953039764865,0.5175089814398834,2.1493987939856813,0.2445351841016728
821,0.9055879043349011,0.19594021093585345,0.451403973313044,0.5196319006347623,2.1487787589963894,0.24345925021651593
822,0.905043497802114,0.19562551416798404,0.45381533631798293,0.5173478499300134,2.1485940871269382,0.24238912101283272
823,0.9054782600180017,0.19562551416798404,0.4518225771776469,0.5194672350778543,2.1435504687595723,0.24132476047284893
824,0.9058619591793331,0.1976678833838038,0.45422728597208784,0.5215752047200111,2.1385718248971144,0.24026613310208528
825,0.9062445642323811,0.19920057904257504,0.4522367030596354,0.5324365294348549,2.1598763049468404,0.2435955527568875
826,0.9060222364029293,0.19869522105658874,0.4502568244469403,0.5344835081722868,2.1591763839739886,0.24252909879198803
827,0.9057234781389379,0.19847800996756457,0.44828758390843737,0.5321458943165791,2.162853872557064,0.24146837498464893
828,0.9056945172572728,0.1974704281963556,0.44632891567639865,0.5298208304615413,2.1577734345212813,0.24041334590933766
829,0.9056181712249064,0.19696876367380195,0.4487456099745141,0.5275082390760557,2.1527200260425237,0.23936397638526408
830,0.9056374053933121,0.19646794894633118,0.446788857944821,0.5252080431642772,2.1607750771854493,0.23832023147452525
831,0.9059175522629358,0.19646510890901947,0.4448425855642296,0.5272763008114507,2.1644308538668384,0.24163821103013763
832,0.9059823472526356,0.19851669346484718,0.44290672823358085,0.5249817100386079,2.159363506266523,0.24058665457433692
833,0.90621868393649,0.2005646576437252,0.44532865278603895,0.52704681927189,2.167365574715289,0.23954074946790438
834,0.9062659175557711,0.19934259677820748,0.44773763799854227,0.5291008954817089,2.162296615772178,0.23850040345731888
835,0.9063549078321057,0.19932781223541005,0.4501337634578257,0.5354827513438403,2.1572659669409058,0.2374656110686028
836,0.9063564247600832,0.19916016879571563,0.452517108203383,0.5331617504950202,2.156603782467704,0.23643633816770615
837,0.9068772734025722,0.19916016857608715,0.45488775073159604,0.5308531195969984,2.1602557565212077,0.23541255085512736
838,0.9068081935155728,0.20122111689140607,0.4529200209151022,0.5285567827316293,2.1552367824069174,0.24304571163419705
839,0.9070592394970585,0.2011444530461816,0.4509627612407238,0.5305940890005247,2.1593840398153454,0.24199540794161337
840,0.9067431950493339,0.20216351592291512,0.4490159077272597,0.5326205635323492,2.1673301817074533,0.24095069613402628
841,0.9061137046206376,0.20164489590861834,0.45139218656864444,0.534636273026239,2.1666302023542134,0.24422431659900998
842,0.90620831806659,0.2011259468070956,0.453755852169895,0.5323328035225349,2.157295330133711,0.24317208110035127
843,0.9065390594380799,0.20060795571788326,0.4561069816605504,0.5386498975212773,2.152314130443572,0.24212542631521494
844,0.9065742949746769,0.1995346369818514,0.45414578033846636,0.5363337722839193,2.155994111260315,0.24538418944839785
845,0.9065740073589217,0.20457371161251722,0.45219496372201884,0.5340299111005045,2.151027979755521,0.24433060942269996
846,0.9066542999251324,0.20454207519565407,0.45025446844773787,0.5317382391405039,2.150379876384304,0.24757339848267598
847,0.9067015866535977,0.2024024985434929,0.45261122260557196,0.5380326641242719,2.149735199308544,0.24651205375671906
848,0.9065871519027631,0.2024024985434929,0.4506728217289453,0.5400111344849478,2.1490939274462817,0.24545631506259152
849,0.9065871514529581,0.20379588833604095,0.44874465158826415,0.5377007370193214,2.1612913169065417,0.2444062348049584
850,0.9055459064104528,0.20710345358002866,0.4510994426206267,0.5354038804200177,2.16060057710631,0.2476386526886252
851,0.9058316895367536,0.20899229659520688,0.4619829352670696,0.5331177715412978,2.181264226127155,0.24658126602555594
852,0.9058309122358629,0.20692914037619262,0.4600122966342414,0.5351093086460185,2.180491023322672,0.24553469545857284
853,0.906038728242839,0.20644453976619878,0.46657471720643884,0.5328290226880474,2.18398324536205,0.24448838714510776
854,0.9061027910228022,0.20644453976020108,0.4688455549738699,0.5305607232516826,2.183200027695385,0.24344757884235943
855,0.9060720383595079,0.20595919564454318,0.4668516336364296,0.5283043376772086,2.173916510215098,0.2509179010320918
856,0.9060886495885302,0.20526935881847702,0.4691167577650354,0.5260597937978344,2.1731776589187946,0.24985185595386428
857,0.905833848060494,0.20526935881847702,0.46712566920965454,0.52382701993602,2.1724426349636423,0.2487914010400375
858,0.9057344835586773,0.20459684062511627,0.4651450131473341,0.5300861299672546,2.1785416134286333,0.24773650247803622
859,0.9059694024076685,0.206474852829284,0.46741058108260897,0.5320766167766828,2.186257073794282,0.2466871547917218
860,0.9052063362357727,0.2055012601404456,0.46543267673472627,0.5340566911087824,2.1812374221375035,0.2456432682906947
861,0.9056783277098489,0.20737591550847598,0.4634651108905134,0.5402538069123997,2.172016610989596,0.24460497106288437
862,0.9053206845727216,0.20728963090025032,0.4615078207738773,0.5379722253825346,2.179736490637626,0.24357196454737237
863,0.9056981884599192,0.2072896308960763,0.45956074466835867,0.5357025501607398,2.1789781924804394,0.2425443478293086
864,0.9059333471743389,0.2091519429849138,0.45762386318698556,0.5376593955667244,2.1740090777858168,0.24152217175489016
865,0.9066436266050929,0.20915194298491382,0.4556970308058436,0.5353955723338439,2.1732764098621016,0.24050523890077696
866,0.9063007808613969,0.20915181104198588,0.4579865362580457,0.5331435341284343,2.1641360577224376,0.23949360000312092
867,0.9069929150589313,0.2076740143613664,0.4602641326116422,0.5393074159531652,2.163446341116554,0.238487223249468
868,0.9070338996443661,0.20568313716058037,0.46252989137894757,0.5412413586914668,2.1585645844242314,0.23752934992703312
869,0.9069531808944256,0.20473271578052027,0.4605901764879252,0.5431652580642801,2.1537073870889767,0.23653322140497215
870,0.9069973450355645,0.2069574110135834,0.4586661919341633,0.5450735091668045,2.1446846495158978,0.23555550500520153
871,0.907084086429104,0.20694433252068895,0.4609318515168662,0.5511628538501937,2.1399054479026014,0.23456962793781438
872,0.9069762908311126,0.2069159213421836,0.4631857735215768,0.5488583621306076,2.1351394448918573,0.2377700031844679
873,0.9070221493845062,0.20722748645656797,0.4612510623958036,0.5465657995339321,2.1345749720421705,0.23677969724602235
874,0.9070682650423639,0.2076049416197571,0.46349913788086133,0.544285105918532,2.134025291589786,0.23579175211505654
875,0.9074836140697777,0.2066711467614689,0.46156698601349866,0.5420161880331906,2.1251318659269107,0.23480882585495436
876,0.9068580076519571,0.20845747534717718,0.45964481168916543,0.5397589867350461,2.137104120548121,0.23383097588330945
877,0.9066522316920426,0.20751996904383807,0.4577325553834854,0.5416737234129478,2.140694019165961,0.2370184621995363
878,0.9072040215469667,0.20751996904383543,0.4558301579699838,0.5435785884107817,2.148421561032166,0.23603338192910903
879,0.9077056957440558,0.2065849950159716,0.4539375607171635,0.5454736405362248,2.13950147866192,0.23505337627919254
880,0.9073644518953216,0.20834669538799336,0.4520547052856045,0.5432111090875531,2.143070679486123,0.23827641286635598
881,0.907062132013496,0.20815582204942787,0.4543252170860083,0.5409602142533587,2.142708056754532,0.23728907085906137
882,0.907335375678669,0.20815582020339696,0.45244451888238774,0.5428604286107772,2.142132141106699,0.236306802843727
883,0.9074806207439039,0.20815582020339696,0.4505734778843282,0.5406154812730044,2.133273558690627,0.23532957868078844
884,0.9067090285474805,0.20815582020262147,0.4487120367693586,0.5425133231849477,2.1285916985992057,0.2343573684313486
885,0.9068123543001883,0.2077163916319723,0.44686013859640233,0.5402742938082362,2.1364069934047594,0.2333901423557086
886,0.9069590175589407,0.2077163916317887,0.449140743456928,0.5421697505511096,2.1399708196829725,0.23242787091191036
887,0.9067563974514237,0.2077160396967469,0.44729077958085806,0.5399366098979201,2.1476330734240934,0.2314705247542908
888,0.9068765331348294,0.2076845974324949,0.44956505579741346,0.5377148901491394,2.1593704037729617,0.2346328535932193
889,0.9066158316440978,0.206744011282227,0.4477170439452629,0.5355045237577595,2.1587769187995627,0.23366835626685334
890,0.9070667373933674,0.20809183754381247,0.4458784681482489,0.5333054436246991,2.154018338688572,0.23270879269864392
891,0.9071222116804691,0.20761324697652972,0.44815172570147666,0.531117583095537,2.1533864980169386,0.231754115808654
892,0.9074796084313225,0.20761324697647077,0.45041339452235163,0.5289408759572705,2.1445623811310184,0.2308043057209081
893,0.9067444337759939,0.20759251106847967,0.44856928663702456,0.5267752564351001,2.1443688296077443,0.2298593337344539
894,0.9061119639991403,0.2071117681513207,0.45082472874783075,0.5246206591892402,2.139688173296727,0.22891917133815792
895,0.9063816519817736,0.20798531066741693,0.4571547764771168,0.5265630954434772,2.135031320833537,0.22798379035464067
896,0.9067399364420271,0.20750513515385674,0.4552886743583625,0.5244136691252463,2.1344801240730424,0.2270531623570489
897,0.9067522808767817,0.20750513515353522,0.4575099592103547,0.5222751563303574,2.1380096379873104,0.22612725954137575
898,0.9053359469359833,0.20934443119474389,0.45564613860987013,0.520147492930046,2.141519292488517,0.22928184353733347
899,0.9049628417746827,0.20784199516235974,0.4537917662089791,0.5180306152182654,2.13703919260723,0.2324184847970846
900,0.905189821253595,0.20688405887707786,0.45194678656917237,0.5199901565060264,2.1324163362307638,0.23147354175427082
901,0.9046034356172806,0.20688171909292827,0.4501111446168887,0.5178781473615364,2.1401497790741297,0.23053338119396824
902,0.9045814922348206,0.20823503690738332,0.46045734717889986,0.5198345505852326,2.131466122894973,0.23771296331975178
903,0.9044232695382415,0.2077540807592297,0.4585908751328916,0.5217809097741619,2.126881074270909,0.23674938959521805
904,0.9045384245700473,0.207273888390258,0.456733826841642,0.5277669081540924,2.1263673930568188,0.2357906809221011
905,0.9047199626897784,0.20584217966176122,0.4589315660596639,0.5337227076569564,2.1218108094614023,0.23483680885660155
906,0.9049681807045773,0.20949348286946703,0.4570768512934261,0.5315657338068747,2.125359901827333,0.23388774520857095
907,0.9046705354524784,0.2090082078332857,0.45523147842178485,0.5415316325772287,2.1208220357289167,0.23294346177177935
908,0.9051214429912003,0.20852702536451515,0.4533953929444801,0.5393474726207967,2.1163014313243993,0.23200393072556297
909,0.9055341256436754,0.20804848763962502,0.4555978102139903,0.5412035657975607,2.1198795636256578,0.2350983938604377
910,0.9056858704262251,0.20939163181782122,0.4618144031439378,0.5390250903443389,2.115371778501352,0.23415207032171226
911,0.905738778190562,0.20891465273649892,0.45995734628690205,0.5368575524041541,2.118929139784422,0.23321049356529283
912,0.9056772779516722,0.20871825859164672,0.45810960572694087,0.5387180881524597,2.1267175389884923,0.23227364041695683
913,0.905641085554996,0.2082055425259252,0.4562711273079541,0.5365561130124396,2.1181848855876,0.2313414834181346
914,0.9056841604027427,0.21268649695554318,0.45844583301305225,0.5344101641448716,2.1217150641330784,0.2344335642695798
915,0.9054993908515278,0.21268649695554157,0.4606148474911227,0.5322697625859522,2.1212275750814156,0.2334946188675428
916,0.905295877999051,0.21352764821568967,0.458772072473966,0.5341410074386861,2.1208988281119514,0.23395140666451147
917,0.906174235595045,0.21533412710187477,0.4569382852922304,0.5320059582684121,2.120415575684366,0.2330162645416911
918,0.906391921817753,0.21713780044744438,0.4551136536027886,0.5298815686918031,2.1159416074716098,0.23208594220660994
919,0.9058554036054116,0.21713780044655012,0.46127647960190954,0.5317569546047467,2.1114899187253324,0.23116011016595728
920,0.9054530679632775,0.21713780038507643,0.45943820499865157,0.5376081827100461,2.1150308013130537,0.230238893111554
921,0.9061060779804371,0.21713628862233353,0.4576090863032746,0.5354678531356141,2.11457881386039,0.2293222643697312
922,0.9058182023946703,0.21743928410494073,0.4557890706344201,0.5333381753996504,2.1141231674830157,0.23238744678437662
923,0.9057912437319232,0.21743928405074264,0.45795135820885,0.5312190880248706,2.113671275078973,0.23543736547625127
924,0.9060514666126419,0.2192494739110703,0.4561336203601886,0.5291105299325637,2.1251279270054475,0.23450284830912516
925,0.9063109803694486,0.2187419814284418,0.45432490724249613,0.5309777546304969,2.1246319547090176,0.23357297083695366
926,0.9056792601977574,0.2174984860253485,0.45252516688112787,0.532835716304873,2.124302016914276,0.2326477063483933
927,0.9058263398253252,0.21699610796409083,0.45073434763773684,0.5346844682645314,2.119852977358422,0.2356844197833668
928,0.9050527875120997,0.21646682620611418,0.44895239820787725,0.5404774995478695,2.1154356695886927,0.23475265649605392
929,0.9051367281771703,0.2164631893209628,0.45112875223287247,0.5383428919790589,2.1110618940488477,0.23382550449106934
930,0.9045724884782195,0.21645937473223556,0.4493488070023845,0.5401643772279499,2.1066832546619243,0.23290293728730468
931,0.9037877266588191,0.21565445273043998,0.4515192501867503,0.5380352688088635,2.1185346477272926,0.23592652211357482
932,0.903427904004408,0.21410605710596692,0.4497413236434079,0.5359166721260554,2.114283704411016,0.23893517903537012
933,0.9034441181744965,0.2136105176599851,0.45190588622957656,0.5338085269433771,2.108472692277125,0.23799527536591064
934,0.9038455157844548,0.2136104869739205,0.4540597790662988,0.5356405598901461,2.1159060513934542,0.23706000475105585
935,0.90356088641298,0.2136104869372062,0.45620306320793613,0.5335377107619635,2.115451021137718,0.23612934067957483
936,0.9027064048587142,0.213607519733811,0.4583357993161434,0.5314452106689235,2.1189260280502253,0.23520325681075915
937,0.9027906306065667,0.21360707174510804,0.45654003287816164,0.5371990300453564,2.1380523091733137,0.2342817269732144
938,0.9028068604461562,0.21310657555599738,0.45866718884422486,0.5350963800051407,2.1321879851397196,0.2333647251636608
939,0.9029286208913073,0.21260696709645924,0.456873714555092,0.5330040533179723,2.139491480373719,0.23245222554574346
940,0.9023638076811082,0.21260688374767558,0.45508903865360334,0.530921991122123,2.1350416132704013,0.2354504808024367
941,0.9024428441721245,0.21210671500499823,0.4572154850365815,0.5288501349332226,2.1267098826977495,0.2345316649613391
942,0.9022060800955085,0.21251586414343848,0.45543304253672157,0.5267884266415924,2.118418960356387,0.2336173499432533
943,0.9014575785063682,0.21251577764073984,0.45365932344814225,0.528631385588812,2.1140638675990653,0.23270750916685806
944,0.9015020685587909,0.2127404795390088,0.45189427841440355,0.5343560163342719,2.113692372908209,0.23180219891645318
945,0.9014497333715166,0.2117624148694414,0.4501378576721328,0.5361658793719137,2.1093651284862815,0.23090123112436386
946,0.9007079104299087,0.2117624148694414,0.44839001249785465,0.5340839950582522,2.1089404734416104,0.2377704839394714
947,0.9007534799100302,0.2045614047934326,0.44665069423878656,0.532012267279781,2.1046388606795685,0.23684816705912082
948,0.9007500273486334,0.20585115935256776,0.44879500734761496,0.5338257912502546,2.1003582424353153,0.23593037063560857
949,0.9004776452198885,0.20585036731788894,0.4470575964004549,0.5356304819449044,2.099970748524824,0.2350170182096705
950,0.9007627468086109,0.2058503673178824,0.44532864127670463,0.5374263893716414,2.1034515308680093,0.23410811098815415
951,0.9011262481376627,0.20539814263050138,0.44360809413939273,0.5353500184625116,2.0991882964915494,0.23706716858065904
952,0.9013074505753048,0.20494695196815454,0.4496152737435002,0.5332837370202497,2.098811388629716,0.2361521644261535
953,0.9009345686106801,0.2044961132387885,0.4517374611451566,0.5312274880470811,2.094574721612438,0.23524160291470356
954,0.9009799633998204,0.20692939024776627,0.4499973813252387,0.5330331863970696,2.0942104516923212,0.23433548818715835
955,0.9002526906913562,0.2098952907317288,0.45579979251293123,0.5311441970911732,2.0936893002381143,0.23359949299531538
956,0.9000681806125623,0.20989529073172883,0.4578918479002603,0.5291023326014404,2.10101768375165,0.23270147224656404
957,0.9005230268947344,0.20989502888267103,0.45613334498580255,0.5270703505991561,2.1006297368635036,0.23180779785812347
958,0.8999795623521615,0.20988593373532627,0.45438334635770045,0.528884789834389,2.10805697147494,0.2309184453635197
959,0.8999796550924886,0.2111318275348992,0.45647456388145574,0.5306904612277185,2.1076428167590806,0.23003339214656754
960,0.9001162396923698,0.21067817355456858,0.45472675525006767,0.5401452717843825,2.107230949144038,0.2329815395124223
961,0.8997975509151275,0.21067803725643436,0.45681248094443594,0.5419042629535824,2.106832666706651,0.2320903613958481
962,0.9000705298385907,0.21238000932497875,0.45506687408183855,0.5436547734953309,2.1064244561190018,0.23120350982642715
963,0.8995280014441807,0.21192175858205606,0.45332967481756264,0.5453968528179343,2.109835644588148,0.23032089984085335
964,0.8990596144887428,0.21162271048424802,0.45160083694333136,0.543316903527128,2.1018664343210927,0.2294425379841491
965,0.8986996956690031,0.21194764045568545,0.449880313624695,0.5412469574033456,2.0976835060423134,0.2285821081854648
966,0.8991565010173006,0.2136416466443774,0.44816805832256545,0.5391869584558289,2.0935057274179827,0.23532424150433975
967,0.8989328035681796,0.21318208998774438,0.4464640247911615,0.5371368510466945,2.0969524184171506,0.2344294869790474
968,0.8983062056596764,0.21657578607937256,0.4485793027804074,0.5426807030695843,2.096558737423007,0.23356447174041753
969,0.8975974029786737,0.2182594847552004,0.4468771133925476,0.5406214343337425,2.1037815821742303,0.232678192419435
970,0.8960105189586962,0.21825947744872884,0.4451830780545103,0.538572030175832,2.1071790527278322,0.2317961488586073
971,0.8963828198054324,0.21778878964421214,0.4434971512871108,0.5365324355762032,2.1067731612172915,0.23091832723598715
972,0.8963061274466849,0.21778878962737305,0.4418192878968551,0.5345025958608287,2.102587638108603,0.2300447040204064
973,0.8964454212549622,0.21731750947591333,0.44014944297395964,0.5362619316304891,2.105979390661563,0.22917525582841813
974,0.8971382526232388,0.21731732500166795,0.43848757189038606,0.5417885635701166,2.1093578959619976,0.2283099594232734
975,0.8976416355915598,0.21684547210036895,0.4481494009047857,0.5435169020714821,2.1051755767913445,0.22744879171390564
976,0.8971015999991678,0.21676026200796047,0.4464607051723955,0.5414688469560295,2.1047824246084788,0.2265917297539228
977,0.8971141178118017,0.21676021522476324,0.44854444142369787,0.5394305485445235,2.104415036044377,0.225738750740607
978,0.8971137704347444,0.21799725274895027,0.4468598526306869,0.541160358887539,2.100260980029758,0.22489351135446822
979,0.8973428224446656,0.21874098476578485,0.4451810600549896,0.5428841579229914,2.107398079964765,0.22404861657727188
980,0.8978440576286058,0.21873893664392438,0.4435102461266189,0.5408466534244004,2.1070342898345387,0.22320773725243434
981,0.8981163972887296,0.22042388566655496,0.44184736678877207,0.54256818437349,2.1103823393506205,0.2223708516378192
982,0.8982601452738822,0.2211517043813402,0.44019237787125176,0.5405359343260058,2.1062232990602814,0.22153795807007456
983,0.8977257854723735,0.2207352530579551,0.4385452358663744,0.5385133199252757,2.0983421700586544,0.2207089921570875
984,0.8973394914868961,0.2202602668629572,0.4369058974087258,0.5402384164500265,2.101712682941915,0.22362208210625265
985,0.8973849189842051,0.2196250785370039,0.4390087115050465,0.5382209544513429,2.101332847563252,0.22278699050659306
986,0.8978382273350771,0.22125718729205107,0.4373709193779136,0.5362130352033709,2.104685468925929,0.22568650779924593
987,0.8974519739581991,0.222417915308905,0.4357408681624508,0.5342146062474096,2.104295313392349,0.2248505430317249
988,0.8973933738767936,0.22238883773818557,0.4341185151997204,0.5322256152839633,2.103907045498158,0.22401337816766842
989,0.8977804398710051,0.22303849174634785,0.4399427871600684,0.5302460103454482,2.099801082630125,0.22318016763808976
990,0.8976482906256692,0.22257432493605336,0.4383080623091488,0.5282757397659301,2.0919987175094135,0.22235088215616267
991,0.8980526811056129,0.22373079401616,0.4403930925296744,0.5263147522431796,2.0879451603717887,0.2215255039191883
992,0.8979717850658139,0.2227995129155397,0.438759963974509,0.5280713395225773,2.0802023439633457,0.22070401141105261
993,0.8981509702048613,0.22395169335075504,0.43713452134092456,0.5298196601137056,2.0799052258019577,0.21988639025457526
994,0.8980122890882299,0.22349284989665036,0.44661951612151735,0.527858832769204,2.0796837063588356,0.219072605340285
995,0.8981994192111024,0.2234928498966504,0.4449682590625068,0.5259072149103595,2.071994628124169,0.21826264255776848
996,0.8978152371280365,0.22302653288238078,0.4433247514176458,0.5276582951296764,2.064341658937122,0.221150020021358
997,0.8983933018381384,0.22302653287951918,0.4416889507513042,0.5257113165591958,2.0567246569580147,0.2203340102024711
998,0.897531378633334,0.22465125377672285,0.44374695674925535,0.5237734783711305,2.0602016718819964,0.2195251031098675
999,0.8968359979962601,0.22464818267543485,0.4421128696542271,0.5218446956072006,2.0563083357763436,0.21871670739566482
1000,0.8975063580312547,0.22464818267543482,0.4441652217117106,0.5236037306689325,2.0524223947086035,0.21791209359474906
1001,0.8971735975009848,0.22417510948712244,0.4425328623520111,0.5253545429143659,2.052229765038958,0.21711124105568652
1002,0.8972573618478441,0.22416206577868006,0.44457957182760455,0.5307686213888245,2.0483765014011355,0.21631412925426027
1003,0.8972035972225652,0.22416206577868006,0.4429489541812644,0.5288218817385919,2.04833145521651,0.21552073779260428
1004,0.89739052934073,0.22416201014907777,0.4413259410977159,0.5305483295457293,2.0518423867715065,0.21473104639834426
1005,0.897479001941179,0.22416199786113744,0.4470313838644099,0.5286062858503847,2.0479932149103255,0.21394503492374456
1006,0.8975977382507809,0.22412894039480025,0.44905347271569146,0.5266732848695961,2.0587885024628827,0.21681947107616717
1007,0.8974862343834094,0.22365046206893965,0.4474130207584213,0.5247492774328398,2.054920607528929,0.21602740076091018
1008,0.8981548979577295,0.22365046206893965,0.4457801952321674,0.5228342146713153,2.0547201757897406,0.21523901276599938
1009,0.8985036857844801,0.2236504620114638,0.44415495472580385,0.5209280480158989,2.0545206769559785,0.21445428709662592
1010,0.8981262347588729,0.22317022406667122,0.4461794478777005,0.5226729189908288,2.0543221695323446,0.2136732038805152
1011,0.8981262347588729,0.22483911254229222,0.446231640039624,0.5227340590315698,2.0468474167807362,0.21289574336709707
1012,0.8985603583771413,0.22435641118632832,0.44824453968169314,0.524468879059597,2.0539469675483093,0.21212188592668224
1013,0.8986424140497771,0.2251558752288484,0.45387939744082506,0.5225643861061431,2.054154942822322,0.21135218187444027
1014,0.8987348442203678,0.2246823084103871,0.45223288178331633,0.5206687053402137,2.057586138043331,0.21421312023851988
1015,0.8989453351761497,0.22468221022842555,0.4542180031295571,0.5187817893006833,2.0537541707805542,0.21343680668575546
1016,0.8992907061821456,0.2242081510912266,0.45257355132378474,0.5169035906288134,2.049939156983673,0.21628448171115675
1017,0.8992937296571533,0.2258458394147659,0.4545534730173804,0.5150340635043611,2.0533753201125604,0.22273580099993026
1018,0.8993367754442566,0.22438001916293673,0.45652426322957435,0.5131731586477386,2.0567956349893777,0.22554418796875764
1019,0.8996807173638064,0.22598185621540348,0.4548764133963528,0.514930387368629,2.0529810708227894,0.2247300742518735
1020,0.9001083401423997,0.2255148979406635,0.4568421014673356,0.513073574446364,2.0600019362359663,0.22391970897507402
1021,0.9000226657119489,0.22551489794066346,0.45879874374566926,0.5112253062901436,2.056183443475088,0.22671541812871618
1022,0.8999258351077152,0.22756573284887965,0.45714764419365034,0.5093855369235032,2.049029964637955,0.22603376334781936
1023,0.8994186380836986,0.22756573280343734,0.45550413086277153,0.5075542206493763,2.0560439909492687,0.22522113856891207
1024,0.8995037933884543,0.22756572089953112,0.4610512718178859,0.505731312048217,2.0522521524253103,0.22441224459471776
1025,0.8994633457280772,0.2275657208686329,0.4593970361508941,0.511092695284256,2.0448887522680903,0.2236070613931737
1026,0.8998878599016973,0.22709537038295544,0.45775038329945733,0.5164295025901481,2.0483333864323945,0.22280556905371612
1027,0.8993814468999479,0.227095370186557,0.45611127260559237,0.5181610698426512,2.0481603174138505,0.2220077477864651
1028,0.8995111615082905,0.22615000044844866,0.458056880547402,0.5234619290915802,2.051565282376555,0.22121357792141585
1029,0.8996819170812069,0.22567904913499454,0.4599935909485421,0.5215912638385616,2.044233723666586,0.22042303990763584
1030,0.8997672504985654,0.22729234363680387,0.45835138181068374,0.5197291467209373,2.0405057365317196,0.21963611437597685
1031,0.899726309044883,0.23050709003312184,0.4602831670537245,0.5178755373018337,2.0403612622312557,0.21885279242270056
1032,0.9001862474410943,0.22955048962936864,0.458643207310608,0.5231562527984955,2.036657742598538,0.22163597040001978
1033,0.900186218269457,0.22765441932295358,0.4570107239399702,0.5248535187239274,2.029408513037353,0.22084708476899775
1034,0.9003519403183764,0.2267156788413498,0.45538567705024224,0.5265430530633104,2.0257481238720585,0.2200617927629036
1035,0.9006841252723676,0.22784081160291567,0.453768026990406,0.5246726332319017,2.0221043958573026,0.21928007531610727
1036,0.9010560347993638,0.22943068114640378,0.45215773435126094,0.5299081471082879,2.025574667037115,0.2185028662537499
1037,0.9012867471464313,0.2289577357890236,0.4505547599523377,0.5280295345599165,2.0219390219593456,0.21772823723806214
1038,0.9014068810496724,0.22895287548460597,0.45250068784460784,0.5261594530224852,2.018533632876488,0.21695712590813301
1039,0.9016533173457478,0.22895287548460372,0.4508997027926992,0.5242978571358096,2.0184680593426725,0.21972759669436787
1040,0.9011885784280523,0.22800605534101936,0.44930597668224015,0.5224447018123535,2.011333689488763,0.2189509592162961
1041,0.9011013105651969,0.22800601186684663,0.44771947097056514,0.5205999422354164,2.0077686569983944,0.2181778403053517
1042,0.9016275583824699,0.22865862620370248,0.44966763213671296,0.5187635338573332,2.0077412532452974,0.21740822132523738
1043,0.9018658532275533,0.227709662728874,0.45160698087524187,0.520459391466384,2.007801994074439,0.21664208365208917
1044,0.9022300128654029,0.22677261579504598,0.45001712700855867,0.5186271470347971,2.0007377834294924,0.21587940887298576
1045,0.902481869322752,0.2267726157950414,0.44843445358706935,0.5203200959793826,2.004252106902582,0.21512017865225772
1046,0.9028432036696992,0.2267726157950409,0.4468589226175285,0.5184920017757984,2.007750667860862,0.2143643747640224
1047,0.9031231135584705,0.2263031900487884,0.4452904963340335,0.5166721511647742,2.0042135731378927,0.21361197909145654
1048,0.9024487946706121,0.2274344907060295,0.4472355151575507,0.5148605058769231,1.9971860322366128,0.2128629736260804
1049,0.9024484736840716,0.22761964959796852,0.44566890343390386,0.5130570120191837,1.9936917917286223,0.21211961273761296
1050,0.9025184734636158,0.22742398061062202,0.44760871719585055,0.5112616318596668,1.9867151116378545,0.21137732613937563
1051,0.9025480724103729,0.22676064405652238,0.44953981075775107,0.509474322616264,1.9867615885307193,0.21063837640148805
1052,0.902707809849382,0.22788318594170523,0.44796987715091924,0.5111873946788412,1.9833154036263805,0.20990277875493155
1053,0.9026898071067407,0.22623983871115974,0.446406957246014,0.5094039154874244,1.9868622543578485,0.2126595151769717
1054,0.9027186594429605,0.22623983092426378,0.44485104689325844,0.5076284350362891,1.9799372962746196,0.211918310014496
1055,0.9025080045257362,0.22623983070469808,0.4502659577812557,0.5058609112666919,1.976525240170048,0.21814427505312664
1056,0.9020079837074804,0.22531171936111333,0.4486997328218566,0.5041013023699535,1.9731284533907938,0.2173854723889816
1057,0.9019596526401239,0.22690141495911612,0.44714051588521486,0.5023495667861251,1.973221830025296,0.21663006609060173
1058,0.9011296782896229,0.2264356067420219,0.4455882701986403,0.5006056632021417,1.9698432961335868,0.21587803608275108
1059,0.9011679429969625,0.22819641568780524,0.44404937873619404,0.5023311554161133,1.9630119808632935,0.21513701739393745
1060,0.9008366027235327,0.22726839507450433,0.4425109438628279,0.5040553580443767,1.9700704888970921,0.21439166269700535
1061,0.9007929049886486,0.22726839492528553,0.4444404666019472,0.5057718697022529,1.9667129847524643,0.21364963272583817
1062,0.9010327536273139,0.22680355628878754,0.44290375328405907,0.5040230947224967,1.9633704432202452,0.21291091008322663
1063,0.9017531942500311,0.22587986901641985,0.444828063999726,0.5022821082271907,1.960042789170323,0.212175477475
1064,0.9019122556371588,0.22541971419009338,0.443293083544076,0.503999597068675,1.9567299555686877,0.21144331770935054
1065,0.9014150164051972,0.22404708889211872,0.4452122073545153,0.5091567271650093,1.9706682484487021,0.21416169224383472
1066,0.9015342924700609,0.22313904469319107,0.44367897086630226,0.5108471094219927,1.974213124923774,0.21342415514242224
1067,0.9015261594410637,0.22223834917106422,0.4421525417810465,0.5090895956853871,1.9708656569688863,0.2161302835059233
1068,0.9018344043065928,0.22134609901667057,0.44063288462573263,0.507339879074774,1.9709693510393824,0.21538745405053497
1069,0.9017466590500275,0.22134510109114738,0.4391199641366377,0.5055979189878886,1.9745025751712537,0.21464791757085566
1070,0.9022587479819345,0.2213451010911297,0.437613745257963,0.5072937602360555,1.9711599533938287,0.2139116569311257
1071,0.9024938706978706,0.22157645096187636,0.4429675067445633,0.5089820954275431,1.9712587783299818,0.21317865510232084
1072,0.9021706033934979,0.22269010655900406,0.44145112626277955,0.5072397317025921,1.9679339332510049,0.21244889625403282
1073,0.902365820981124,0.22268301825998532,0.44336125747581295,0.5055050680239547,1.9646812256202837,0.21172236132219402
1074,0.9026402830743033,0.2242259050945506,0.4418465615173108,0.5037780644334796,1.9613854973615432,0.21099904101102324
1075,0.9026295982706378,0.224225905094533,0.44033854912097753,0.5122976138668994,1.9615181273818334,0.21027890602034596
1076,0.9023750827251981,0.2237795771802498,0.43883718565150415,0.5139604674780061,1.9582397675962449,0.20956194615269413
1077,0.9027149876208119,0.2237795771802498,0.4373424366768906,0.5122098367045129,1.9720066432406842,0.208848144965439
1078,0.902607641442583,0.22290689111878925,0.43925702193052707,0.5104669126525726,1.9721043828773908,0.20813748611240845
1079,0.9026425500097338,0.217278387254535,0.43776383229468113,0.5155303612879591,1.9654290250185795,0.21082930625351048
1080,0.902990039887983,0.2168551878571135,0.439673161163766,0.5239675090170325,1.9757422170540884,0.21011333936272528
1081,0.9027741557128536,0.21667569883866614,0.43818154314506846,0.5221899172814052,1.979217125767618,0.20940051704231666
1082,0.9029103446677665,0.2165756538781114,0.43669647134606854,0.5204201268098335,1.980224066230865,0.2086908230640548
1083,0.9031287621905849,0.2165756538781094,0.43860369466412935,0.5186580973700186,1.9802910232444717,0.21137002395181442
1084,0.9033577325030977,0.21811112525758516,0.4371201630365176,0.520286186651005,1.9803949148665605,0.21065508827451726
1085,0.9028910522514233,0.21808567563959588,0.4356431261991113,0.5185281303345477,1.9804611610225273,0.20994328096915957
1086,0.9028780848146504,0.21808382355052136,0.437548192135717,0.5167777657618275,1.9872795272888168,0.20923458792091174
1087,0.9030192152872055,0.21765422839029328,0.4360726629916551,0.5150350533747352,1.9839501590108242,0.20852899311336348
1088,0.9030177129291976,0.21524069828548217,0.43460795196587504,0.5166644774190718,1.987364380402853,0.20784687090071083
1089,0.9030557774357004,0.21306700280649155,0.4365107951663152,0.5149256282600939,1.990785086637253,0.20714747663973868
1090,0.9031961465633734,0.21306695756740052,0.4350431738761556,0.5165565283046278,1.984092827722386,0.20645101265697854
1091,0.9032973162056644,0.2126639210133969,0.43358194892664426,0.5148215159373115,1.9875055866112308,0.20575758407641165
1092,0.9032844091921848,0.213749795402956,0.44219323335567257,0.5164497029453177,1.9808368124847784,0.21177787384499136
1093,0.9030823361377748,0.21334586067299857,0.44071096026724504,0.5147185152236221,1.984253143136664,0.2110679745985858
1094,0.9033220883313658,0.21332230594973514,0.4425838756016625,0.5129948551273478,1.977612500083123,0.210361162166826
1095,0.9030826427609621,0.21482264878349056,0.4411114851294354,0.5146158523391957,1.9743347914072267,0.2096662057275323
1096,0.9032696108291786,0.21401859127114684,0.4396372674559063,0.5162380315683819,1.9744513457669122,0.20896549029289652
1097,0.903332344801578,0.21401857074828667,0.43816944525137125,0.5145144614762773,1.9745366582219042,0.20826781471045913
1098,0.9035075358890534,0.21361248165133548,0.443378735713777,0.5127983628452261,1.9779569690799537,0.20757316346452298
1099,0.9038825970186246,0.21361248165114471,0.4452334207062596,0.5144217387791344,1.981362458587298,0.21021356234193106
1100,0.903217502119014,0.21295887904614214,0.44708007823072526,0.512709377562506,1.9917632456916978,0.2128425330160337
1101,0.9032000353392504,0.21276155309159414,0.4455933653857696,0.511004422109407,1.9884711837889,0.2121347499069314
1102,0.9029987847156555,0.2153468260262387,0.44411307745992545,0.5093068347239964,1.985185662855009,0.21143199815738536
1103,0.9030659786843077,0.2153251798898386,0.44263918177237044,0.5109353175967583,1.9919214404510581,0.21073031039786777
1104,0.9026262030549861,0.21532517988942015,0.4411716458308554,0.5125567736917171,1.9886328017071169,0.21003165036683027
1105,0.9025393385404853,0.2125913571418715,0.4397104373304975,0.5141712387020017,1.9952611971864282,0.20933600268466288
1106,0.9028812127585932,0.21219011737355936,0.43825552415258207,0.5124699497459463,1.9919680931720398,0.20864335206038595
1107,0.9027076421311289,0.21219011712550337,0.4368068743633725,0.5140814760487795,1.988697314106065,0.20795368329108363
1108,0.9024603518113093,0.21138891360181547,0.4353644562129287,0.5123838826834268,1.98873463816387,0.20726698126134135
1109,0.9024981131096456,0.2101945594597443,0.4339282381339335,0.5139924730800599,1.9821764931716737,0.20988211779139418
1110,0.9016598230922004,0.21019299710656406,0.43579377835127936,0.5155941544365246,1.9826862273668808,0.2091904324645182
1111,0.9016357728815289,0.2097598502305434,0.43435901638250346,0.5138966660352275,1.9827630205556555,0.2085017157098473
1112,0.9016738278918034,0.21114521678381235,0.4427969211689349,0.5154959636239471,1.979531456044264,0.2078176783146731
1113,0.9016736306657431,0.21501404576377403,0.444627337619781,0.5138025849779702,1.9795979202605882,0.20713563936708954
1114,0.9018578512741914,0.21461766260556503,0.44973274507915956,0.5121160621185673,1.9829473283472066,0.206455730388421
1115,0.9018503252017476,0.21422008370972911,0.44825800269383037,0.5104367553051815,1.9797304096987798,0.20577873050431358
1116,0.9019264642176407,0.21527274475096206,0.456617152837241,0.5087646665332537,1.983072687784655,0.20510466346603998
1117,0.9014554167609871,0.21330403374614929,0.45512282706919244,0.5070996827577882,1.986400685162682,0.2077060387689685
1118,0.9009114008106639,0.21618941994364485,0.45691500965237625,0.5119696674034173,1.9864235575288878,0.20704858620560676
1119,0.9009095024204096,0.21477703246712246,0.4554226967302663,0.5102975425349966,1.9897339595773986,0.20643240717031208
1120,0.9010250968303114,0.21439268914081971,0.45393674449070803,0.508632544761247,1.9930302756471272,0.20575885993616136
1121,0.9010595244464166,0.21540891373383356,0.452457121004925,0.5134937118045222,1.9930530347183546,0.208358446024512
1122,0.9010070681234074,0.21800250761391293,0.45424007331308386,0.5150779119516667,1.9898187827001783,0.20768303969533483
1123,0.9004567119890747,0.21800250753548747,0.45276241935276057,0.5134023510287408,1.99310492866394,0.20700744173705812
1124,0.900394920906853,0.2175935311899682,0.4512910443474975,0.5117339100215855,1.9931429209205505,0.2063347145789367
1125,0.9007899081502397,0.21718476369567483,0.4530724415106397,0.5165656026035583,1.993166145699399,0.20891136851062297
1126,0.9009797736334009,0.2169033373651089,0.4516030008260046,0.5148902358339136,1.9931883099700165,0.21147709026670006
1127,0.9003631737648967,0.2182833413941796,0.4501397898914016,0.5132219718458211,1.9964504199852933,0.2107918974298997
1128,0.900361697796352,0.21828334139417957,0.44868277755707736,0.5147975748185548,1.9932255135161878,0.21010960628073233
1129,0.9003616939966285,0.21636831723530883,0.45046549736269426,0.5131329436495048,1.9932474192552723,0.20943020331412934
1130,0.9005116364728065,0.21615367129525168,0.4490103439975048,0.5114753535918584,1.9932708856651942,0.20875367410843193
1131,0.9002419994150419,0.21615364346489077,0.44756134098936806,0.5098247695110013,2.0094285097106943,0.20808000432379017
1132,0.9002414643283781,0.217985294491857,0.4493413415877777,0.5081821509085913,2.002950623086326,0.2074095770961618
1133,0.8995151001810255,0.2176082631575087,0.4478941676601779,0.5065454709702001,2.006177281484965,0.20674158217887367
1134,0.8992866819304776,0.21722989012391056,0.4496705334163648,0.5081331298505438,2.006157407063068,0.20607640415420755
1135,0.89940447941925,0.21685199455285356,0.4482251928488422,0.5064998775653753,2.012566059439417,0.20541402900440545
1136,0.8984589780764384,0.21783373393783242,0.44678593790044807,0.5048735021032695,2.0157367182653814,0.2047614861122199
1137,0.8985801188815378,0.21745508481330625,0.4453527383284796,0.5032539692896073,2.0221018366746812,0.2041046523818865
1138,0.8989250881622647,0.21707683945592393,0.443925564061037,0.501641245142779,2.018827359699861,0.2034505800417499
1139,0.8995341641507938,0.21707683945592393,0.44570577520396154,0.5000352958729734,2.015565695970631,0.20279925538768048
1140,0.899835941959946,0.21707658076515746,0.4442803233535254,0.4984360878809761,2.0219125074083437,0.20215066479284882
1141,0.8992743266870529,0.21980818156635293,0.44605584417853555,0.5000385813834823,2.0218424963310797,0.20150479546299527
1142,0.8993877700178668,0.2186613098722721,0.4478239232624079,0.4984425581244911,2.0249645813628923,0.2008616324105216
1143,0.8993875996842892,0.22214828107505039,0.44958425296794047,0.4968535636550859,2.0248842912648977,0.20022185207678017
1144,0.8996341152593303,0.22211341254897615,0.44815213694417266,0.5016417208989129,2.0248050242979367,0.1995840607823238
1145,0.8999358270379626,0.22211341204910803,0.4499082488342317,0.5064098553172056,2.0247260931289355,0.19894893656481705
1146,0.899935878105557,0.22211328198982305,0.4484779641783657,0.5047999487473299,2.0214697852807175,0.19831646625113236
1147,0.8996997924937196,0.22185998648611163,0.4470536515062003,0.5031967641511224,2.02768318116559,0.19768663674212172
1148,0.8998128286365549,0.221093809348244,0.44880798812737766,0.5016002683728016,2.0244226454193157,0.197059435012155
1149,0.8995168039497345,0.22031610757063538,0.45055491936734937,0.50001051993156,2.0212268662851076,0.19960456673186966
1150,0.8997067922004324,0.2195608211504206,0.44912829682638616,0.4984273027746932,2.0243409323421586,0.19897254528023678
1151,0.8997305530693798,0.21944947776904436,0.457197221617721,0.5000138789895074,2.0242743264285568,0.19834315474624434
1152,0.8998812830637529,0.22003708046056097,0.4589125008080632,0.501593855774787,2.0305177011151034,0.19771638220189106
1153,0.8999568034302059,0.21965847470195857,0.4574637678160266,0.5000103827463028,2.0272644776669564,0.19709221475067187
1154,0.900144402765363,0.2192803559548493,0.45602105174196345,0.498433486241842,2.0303322285696472,0.2027780946494246
1155,0.9001078778471018,0.2189006321189382,0.4545843230485841,0.5000137093460209,2.0271206990422277,0.2021392269790424
1156,0.9001070487874918,0.21578890418227392,0.45630097873197495,0.5015873793810777,2.0238879122704985,0.2015105197373647
1157,0.9004808492806918,0.21578869364428674,0.45486624045545926,0.5000102479573953,2.023812805579654,0.20087691413653694
1158,0.8998794379591583,0.21664604047171748,0.45956933461006466,0.498590030777341,2.02052168533393,0.20144441716699876
1159,0.899992132830636,0.21664603920447928,0.458127206847549,0.4970254561389839,2.020457299157337,0.20081228494075523
1160,0.8998426841282309,0.2179751402327202,0.45982586772173184,0.4954673854688321,2.020393097450892,0.20018283707857684
1161,0.899768468055961,0.21893049645631243,0.458385817940347,0.4939157161300391,2.0265940087103855,0.199557238661389
1162,0.9001047637244143,0.21893046975955024,0.46320890952783844,0.492370452235143,2.02963946260276,0.19893290421363188
1163,0.9001047423267735,0.21914054485667933,0.4617611633677095,0.49083156250974674,2.032672168472346,0.20143674814066978
1164,0.9001040208044536,0.21876832271484922,0.460319384596578,0.4892990158532313,2.0294539150316866,0.2008077926324221
1165,0.9001721075476972,0.218398244243178,0.458883544118292,0.4877727813376823,2.0387197930193195,0.20330065424040059
1166,0.8999484033387313,0.21839824302336103,0.4574536129981725,0.4862528282068239,2.0354844710330826,0.20266714725161203
1167,0.9001808545098227,0.21839824287932108,0.4560295624620171,0.4847391258749598,2.0322610610791707,0.20203624555687366
1168,0.9003290274917921,0.2206760436486325,0.45461136389511064,0.4832316439259215,2.0383804980024407,0.20140793738136775
1169,0.9004750845503442,0.22067604364850538,0.4531989888412423,0.4817303521120235,2.0413699209212646,0.20388898294476024
1170,0.9003432604430132,0.22065388134057243,0.4517924090017296,0.4802352203530259,2.044345192060103,0.20635984835747223
1171,0.9006377192339006,0.22065388127264735,0.45349216352900834,0.48494735332422323,2.0473082668298193,0.20572001576074472
1172,0.900854796472022,0.220653877969643,0.4520874859385945,0.48344524428127067,2.053356728753069,0.20508280453797523
1173,0.9009244696460544,0.2202768675746479,0.45378293127614583,0.4850436570382298,2.0531917164327034,0.20444820197672237
1174,0.9013960025348945,0.21952674789293627,0.45238016138904447,0.48354425150944697,2.056131917928015,0.2038161954347433
1175,0.9011738918614515,0.21878047428551348,0.45098312559033177,0.48205097508559536,2.0621508535869104,0.20627496213644728
1176,0.9013500655021783,0.21862228356574262,0.44959179612867683,0.48056379810357824,2.06195911194197,0.20563858260085707
1177,0.9010887056427092,0.21750646423569558,0.448206145405707,0.4790826910637942,2.0710142120242696,0.20500480046091382
1178,0.9013048467885642,0.21676735580336035,0.4468261459750701,0.47760762462913475,2.073874534783666,0.21053148138385785
1179,0.90108253552501,0.21608532487668863,0.44545177113211143,0.4853661541642907,2.0765398483407838,0.2129581615044467
1180,0.9008951840566052,0.2159294111251023,0.4440829925487002,0.48387472716817775,2.079377496311879,0.21230378635202765
1181,0.9004521929324465,0.21592940790047208,0.44271978382141325,0.48238936911110936,2.0791342514262836,0.21165207399364588
1182,0.9009440496346794,0.2153023219862089,0.441362118102729,0.48397669869263044,2.07889158552738,0.2110030115942445
1183,0.9014436744660287,0.2149358242486329,0.44000996869255177,0.4824939959847273,2.0847770603134097,0.21342016922682622
1184,0.9015097641959432,0.2149247277287946,0.4478448713953794,0.48101731308088486,2.0814644609481805,0.212766992362751
1185,0.9015752266974675,0.21492472699244086,0.446475602811007,0.47954662102341267,2.0965027098899283,0.21211646541236756
1186,0.9017813569343688,0.21760477814670373,0.44511188511280286,0.47808189101333765,2.0962079514470786,0.211468575637229
1187,0.9020555351726856,0.21723322499491604,0.4498563975992232,0.4796744473916824,2.0959150630508065,0.21082331036830698
1188,0.9021255679083399,0.21819754385855827,0.45762998102902946,0.4782122816182447,2.098671002591833,0.21018068439777723
1189,0.9019433745987226,0.21782535937930445,0.459281636786867,0.4798012589940024,2.0985044853881436,0.20954063032872958
1190,0.901615657513943,0.21782535937783826,0.46092661702647486,0.47834160153888283,2.1012470264621723,0.20890316317441016
1191,0.9016797514073286,0.21782535937359415,0.46256495373025885,0.4768878391616251,2.1009393311902977,0.20826827054091127
1192,0.9020575680465239,0.2178253593714874,0.4611605444102232,0.4784760779336739,2.100632866684395,0.20763594010200404
1193,0.9017727948500242,0.21804165511349052,0.4597617985109948,0.47702481229527344,2.097305484088237,0.2070160372972013
1194,0.901742355939589,0.21495578593300185,0.4583686889538485,0.47860946272621696,2.1000425431733283,0.20638876460735345
1195,0.9018468129586474,0.21198759286074514,0.45698118880765237,0.4801877324992763,2.1027658567654957,0.20576491087733947
1196,0.90188128928496,0.2115408793992984,0.45559927128797184,0.47873563806622577,2.1145715756632506,0.20514268508037772
1197,0.902055843114859,0.2112810684981706,0.4542229097561808,0.477289381766761,2.1142254561044287,0.20754394228262332
1198,0.902055502501195,0.21095536642742205,0.45285207771857794,0.47584893576177034,2.1091690070257987,0.2069175804695564
1199,0.9021527906970113,0.21225260128038193,0.45148674882551365,0.4774292279312144,2.11788473402337,0.2093086887259938
1200,0.9021617419849518,0.21223076654706954,0.45012689687050056,0.4759912387307084,2.11466166724403,0.20867826307052176
1201,0.9023885822826214,0.21219894971775344,0.448772495789374,0.48057687697685686,2.1143166581519552,0.2080503644333256
1202,0.9014877886362758,0.2121989497159914,0.4474235196594141,0.4791322992860781,2.11397303096827,0.21043090505141923
1203,0.9011350486095492,0.21184815851430894,0.44607994269849577,0.47769350340193983,2.1106290114209227,0.20979899791317244
1204,0.901166013814255,0.21279581380517204,0.4447417392885633,0.48226029866864534,2.1102971754339634,0.21217972358052
1205,0.9010182426007884,0.21279392538141922,0.4434088838774194,0.4838119231318393,2.1039895242246534,0.21154383792435985
1206,0.9011197491520865,0.21243986717004765,0.4420813511240488,0.482363426726417,2.1006842653108806,0.21091049162971062
1207,0.901080803469444,0.21243986546732394,0.440759115800272,0.4809207104478542,2.100383126217944,0.21327060480556842
1208,0.9010766698720856,0.21193912757552827,0.4394421528143153,0.47948374691803625,2.094107334414545,0.21263336445714914
1209,0.9014251810825504,0.21158960270090443,0.4381304372099898,0.484022421423941,2.096829035252357,0.21199866316513055
1210,0.901910411378629,0.21158960269433633,0.4457698625487722,0.48257907973142405,2.099522266665772,0.21434846171344335
1211,0.9019101967693558,0.21467640083003853,0.4444419175553207,0.48114148036297494,2.096246442828678,0.21371028169874626
1212,0.9018881323881955,0.21429860528611006,0.443119251827077,0.4826856110010255,2.0900612750187864,0.2130742767356432
1213,0.9021564128087375,0.213947292005973,0.4447748807233229,0.48125056723627463,2.0868204805113617,0.21244079832798118
1214,0.9018733637762847,0.21546400443821564,0.44642393748660253,0.4827912887037416,2.083587871682707,0.21181451188360012
1215,0.9022166509885415,0.21546371170794648,0.4480664531008145,0.48432589874495885,2.0774081215481606,0.2111860370151134
1216,0.9021417207343639,0.21453493228672388,0.4467383238573017,0.482890291626724,2.080148985992774,0.21352418775823903
1217,0.9024498542680438,0.21418226970358012,0.44541545489814865,0.48442154235036283,2.0769793615498178,0.21585307781216617
1218,0.9025865961391246,0.21603636593256978,0.4440978238947073,0.48594673040320757,2.0797098476044082,0.21817275563111416
1219,0.9024925527183124,0.21535122851194677,0.44574065682894876,0.4845106336809632,2.0794765443102228,0.21752799940652778
1220,0.9023731517795269,0.21535122851194677,0.44737699761298466,0.48308021212838226,2.0792419055828004,0.21688579113077341
1221,0.9026452985084897,0.21535122851194324,0.44900687673106304,0.4816554390973937,2.0731094917154094,0.2191954696830472
1222,0.9027037943381229,0.215000930021965,0.4506303245040227,0.48907549698248426,2.075840493643711,0.21854963150091422
1223,0.9033098871601595,0.21430632800713578,0.45224737109026886,0.4905793818168412,2.0726904758554148,0.21790633983173924
1224,0.9030396396166396,0.2132296359643877,0.4509175304372261,0.48913682527104674,2.0696485027978895,0.22020609879168943
1225,0.9029953487866372,0.21322883107212684,0.45253050247269344,0.48769994818169493,2.072392288627969,0.21955922641990677
1226,0.9030625816136089,0.2131213261380726,0.45413712869626416,0.48626872412188155,2.0721816225247607,0.21891489924017346
1227,0.9028832865033551,0.21312032222944755,0.4528057313699141,0.4848431263491512,2.074905988135265,0.21827310473994554
1228,0.9031415546794568,0.21243248582660945,0.45147956414191737,0.4834231287202819,2.0688290502080124,0.2176338313867054
1229,0.9031639016814499,0.21208956987207103,0.4501586025848882,0.48200870507957533,2.0774069503149653,0.21699706740533406
1230,0.9030523831118886,0.21208387304163145,0.4488428224017406,0.48059982941085205,2.0801523320192845,0.2163628010835231
1231,0.9033595750806058,0.2117420877766337,0.4504522037369215,0.4821164801486299,2.0828508005068325,0.2186510250834089
1232,0.9031709117036667,0.2117420877766337,0.44913819602459154,0.4836271907934616,2.0855262033956294,0.2180132012901519
1233,0.9035018305621036,0.2117419061993076,0.4478293309052273,0.48221781887540055,2.0852769688967143,0.2173778737289351
1234,0.9037328223544818,0.2110550982461754,0.44652558444006635,0.4837252160952298,2.090851426393167,0.21674503077980214
1235,0.9037987684873054,0.21071269325196632,0.448135280441327,0.48231837501248576,2.093495554146525,0.21611466088458955
1236,0.9039169466425284,0.21071269325183925,0.44973869067484157,0.4838224682907646,2.096131650656333,0.2154867525465606
1237,0.9033533901421507,0.21199598968569872,0.44843330761615224,0.48532069252660237,2.1016576986382653,0.2177638312123238
1238,0.9036163018980246,0.21199598966927907,0.44713301440836695,0.4839134393423002,2.1100633430027638,0.21713239544290708
1239,0.9036162361806986,0.21224125174218642,0.4458377875084089,0.48540840656329726,2.121331467986432,0.21940129353118698
1240,0.903636728786682,0.2122412517421679,0.4561229720313133,0.4868975534215442,2.123874196046698,0.2216602229931442
1241,0.9031859419607776,0.21224120358159784,0.4548043434240015,0.4883809068284706,2.1177349473149856,0.22101941441943831
1242,0.9036455240182164,0.21224120358159787,0.4534908410651058,0.48985849360936545,2.11162744578931,0.2203810970277967
1243,0.9034704658892528,0.21223934801999988,0.45795278855870714,0.4884451667854332,2.1143265336522585,0.21974525929102084
1244,0.9034991660568933,0.2122377649165378,0.45951512577813985,0.4899196161301438,2.1173257658757634,0.21911188974287502
1245,0.9035318933470893,0.21283065812183458,0.458191993751976,0.4885089371383478,2.1169878339960206,0.21848109136772087
1246,0.9036952845123053,0.21248388503485988,0.45687399022693054,0.48998025709389864,2.1166717910307162,0.2178526237111378
1247,0.9036127148556145,0.21248388499532228,0.45556109153538965,0.4885722223793378,2.1192106944896767,0.21722659020794574
1248,0.9028905567320503,0.21342296498869073,0.45712405738506906,0.4871696377069454,2.1246101352397284,0.21660303681522178
1249,0.9029135972384574,0.2134229586276968,0.4558130646956473,0.4857724768635728,2.1185169952548835,0.21598183783611818
1250,0.9030111539653549,0.21470566980639805,0.4545071384005788,0.48438071541553207,2.118204282560024,0.21537239301626404
1251,0.9028569150050981,0.2141085371642227,0.4560684395335473,0.4829943285111298,2.1207293683628987,0.21475595752297363
1252,0.9029777572556456,0.2137581787655966,0.46334236307848387,0.48161329142946246,2.1203843042145603,0.21414190074561468
1253,0.903000387044648,0.21340851059053137,0.4620188415088947,0.48023757957964885,2.1200404306107528,0.2163866774547612
1254,0.9029591456512263,0.21305716556630352,0.46070041961460334,0.48172077916664846,2.1168794678996017,0.2157691941238702
1255,0.9032738565484633,0.212708495280653,0.45938707398561335,0.4831982680516103,2.125098549128065,0.21515408826351448
1256,0.9031229741557492,0.21270849503679887,0.45807878133483054,0.4846700724320729,2.1219018691108253,0.2145413489671758
1257,0.9031088442931261,0.21146196230508857,0.4567755184973432,0.4832911557051239,2.124399919668865,0.2167761571449773
1258,0.9034311631187403,0.2114597801014564,0.455477262429707,0.48475975541141714,2.1240628074463235,0.21900225084993105
1259,0.9034955537962859,0.211459769993758,0.4598627466572459,0.48338333911802756,2.1208719554424627,0.2183804206278595
1260,0.9035238342589148,0.21145818495550708,0.46139486772497795,0.484848743078188,2.1238062701850757,0.21776097577166142
1261,0.9033670540049187,0.21111090774614247,0.4600874107155686,0.48347482470157793,2.1262891449653054,0.21714390537477485
1262,0.9035580144583272,0.21076319612369526,0.4587849617542134,0.4821061689448499,2.1231007635994104,0.2165291985876882
1263,0.9040052358657771,0.2104169307174976,0.46031554136887487,0.48074275177765285,2.119924585902271,0.2159168446176073
1264,0.902596019419049,0.20972654448995545,0.4590150501837336,0.47938454929518143,2.125236319420156,0.21530683272812454
1265,0.9026577240197262,0.20972295749269892,0.4605419222983213,0.48085393067884963,2.1248872744201974,0.2203439394584838
1266,0.9027539047321873,0.20694033640725892,0.4592433911989758,0.48231770038900385,2.127353889575366,0.219723492031645
1267,0.9030606887024318,0.20657579063395315,0.46358332325712465,0.48095913016566416,2.1242068549253807,0.2191045850468886
1268,0.9031565709429872,0.20549683592579238,0.46227882830948885,0.488047556178295,2.1210588489308937,0.21848803822594354
1269,0.9029124102256343,0.20549683522498824,0.4609793043043495,0.48667559303383817,2.1235296676531217,0.21787384083440664
1270,0.9030723809432941,0.2051711039052226,0.4596847286480089,0.48530885407312163,2.12037445299321,0.2200702984115444
1271,0.9030723173161621,0.2041640829206103,0.46400568552126553,0.4839477275206461,2.1172310260631915,0.21946666864884024
1272,0.9022023650589092,0.20416408167449657,0.46550791957268123,0.4825913647090484,2.1197088095648806,0.21885156827577812
1273,0.9023627374143749,0.20416398208596095,0.4726042538177932,0.48124015526782465,2.116598249961363,0.21823880491757106
1274,0.902256978344929,0.2041637340676339,0.47128232991233077,0.48269118122539006,2.1162722417550452,0.21762836798013435
1275,0.9020886795342636,0.204163732211888,0.47275973081701445,0.48134239258417255,2.115947431326836,0.217020246924363
1276,0.9022101681150279,0.20416373221177261,0.47144001410062625,0.47999871722353676,2.118417006020267,0.21920594803503432
1277,0.9022423117250223,0.20075758255176698,0.4701252967704905,0.48423758530542244,2.1152980467392135,0.21859464256640476
1278,0.9026270787767455,0.20075758255150722,0.4716014955382395,0.4856744680937174,2.1205487134560834,0.2179856511576315
1279,0.9023225952060524,0.20013166820876527,0.4702889555872483,0.4843227608820559,2.1146627003079135,0.21737896335321588
1280,0.9023150010703359,0.20137923250421486,0.47176174956225325,0.48297616326530174,2.117124267926262,0.2223353191831872
1281,0.9017506356072591,0.2010650714768011,0.47045138694721433,0.4844122455830601,2.1112452025259616,0.22171776192991108
1282,0.9017368582376043,0.19993340494366646,0.47192078787292024,0.48306808985393906,2.108161699540532,0.22110253553408105
1283,0.9020892605283738,0.19993338814293568,0.4733846468875711,0.4817290036680343,2.1106339149758506,0.22048962949201203
1284,0.9020185117676821,0.19993335614722255,0.47207371522271496,0.48316423792105695,2.1131019560742903,0.21987903335423292
1285,0.9020181235347755,0.20178273751477438,0.473533466264984,0.4818283213426613,2.107256316773439,0.21927114545531198
1286,0.9016856306001029,0.2017827373796422,0.47498848325844445,0.4804966727941574,2.1097236855199255,0.2186651368633706
1287,0.901877839349931,0.2030149641693549,0.4736770508638421,0.48193100970932895,2.1094207600889643,0.21806142847169652
1288,0.9025142552625466,0.20301496416935413,0.4723705459380298,0.48335995731506787,2.1091190605218078,0.21745996734980266
1289,0.9025142552595369,0.2035628815535425,0.47106894688867407,0.4820280773611885,2.1088183871031565,0.21686076493109516
1290,0.902767302839117,0.20356288155350627,0.47252493954057856,0.48070119489792384,2.1030142730034735,0.21626381060525487
1291,0.9029251296894095,0.2029443335354663,0.4712255165121674,0.48212924402191754,2.0999810317350027,0.21566909453379068
1292,0.902664151141774,0.20263592830923755,0.4726781699595038,0.4808047347457315,2.1025540961942664,0.21507660668983888
1293,0.9027811254681897,0.20263592830913146,0.47138092264496045,0.4794851843822737,2.1050187785859116,0.21723079918022
1294,0.9032465706051637,0.2026337910204129,0.47008852861692363,0.47817057074591635,2.1019891950748426,0.21937693236438496
1295,0.9034325109621234,0.20170975564494967,0.46880096617657474,0.47959985040809633,2.0989708702469967,0.21877606363180305
1296,0.9037245139394305,0.2016908472530195,0.4702544547699864,0.4782875496176513,2.0959646567942882,0.21817743958930144
1297,0.904064383951868,0.20169084722598443,0.46896901132094765,0.47971365381469494,2.090235327953,0.21758105021413796
1298,0.9044024469123023,0.20350357085604648,0.4704191369491024,0.48386521227233226,2.087258141643141,0.21698688553531098
1299,0.9043164053738462,0.2029729726198645,0.46913581255745657,0.48527325099874047,2.0842920699908527,0.2163949356314854
1300,0.9042414122842294,0.20174600176895113,0.467857268315729,0.48667604503701933,2.081337140651362,0.21580519063337408
1301,0.9038779566167471,0.2017460017685937,0.4665834829360329,0.488073617743827,2.078393098672504,0.21521764072166508
1302,0.9037996660472667,0.20174575267617526,0.46803430798065226,0.48946599235657184,2.0754600567509476,0.21463227612717983
1303,0.9038486351823593,0.2017457373958664,0.4749140492664437,0.4881360377658678,2.075265424339653,0.2140490871305873
1304,0.9038054881092485,0.20174550355289533,0.47362492431916053,0.4868110225448527,2.0750611209806937,0.21346806406211954
1305,0.9039727270606962,0.20174386804195835,0.4723405836052764,0.4854909247541364,2.0748856665548185,0.21288919730128952
1306,0.9040608734660524,0.20143668831715328,0.47918805082993327,0.48417572256607266,2.071973851274483,0.2123124772766102
1307,0.9039295615445869,0.20140585524156582,0.4805975280201032,0.48286539426412334,2.077191682553144,0.2117378944653158
1308,0.9040754951493745,0.20138966639366732,0.4792981834067468,0.48426352060720135,2.0850937949137167,0.21386904175745067
1309,0.903668906053837,0.20138966639366732,0.48070454700252313,0.48565647332316714,2.084863965073337,0.21599230295215616
1310,0.9037297689334041,0.20168623325374924,0.48480391084132046,0.48704427532598826,2.0900314619190556,0.21540951442168577
1311,0.903881851377448,0.20137854557831067,0.48349712010008766,0.4857314456739709,2.0924842928283023,0.22021988469984383
1312,0.9040337111569439,0.20107127496803018,0.4821951544350135,0.48711627295116583,2.105699298059863,0.21962687449000756
1313,0.9038268401284196,0.2007644224502799,0.48089799252622917,0.4858058726524287,2.108105078370875,0.219036052261469
1314,0.903439364960503,0.2001524871942152,0.4796056131619333,0.48450030370719027,2.1051271258534974,0.21844740835282528
1315,0.9035495973989525,0.20015248719409706,0.48100273847017183,0.4858842880281128,2.1075317771332287,0.21786093315161636
1316,0.9036291185241074,0.19984689288993482,0.4797126603466794,0.48994523695880626,2.107243447556436,0.21727661709404786
1317,0.9034651853559825,0.19954171407066992,0.4784273282648631,0.4886324879249552,2.1042767322163525,0.21669445066471563
1318,0.9035448188455767,0.19954166462508532,0.47714672132243796,0.49000126589269577,2.1039980481924982,0.21611442439633194
1319,0.9034433520241957,0.20076626171458134,0.47587082250121354,0.4913650118406927,2.10371994770754,0.2155365365959182
1320,0.9036242925687898,0.200459073800614,0.4745996035425575,0.4927237554522161,2.103442878828111,0.21496076241803594
1321,0.9036129895051916,0.20015231272348502,0.473333047647889,0.491408831941423,2.103166823008834,0.21438710028530183
1322,0.9036106420807978,0.19983632906045584,0.4720711343338887,0.49009872830356005,2.102979658315977,0.21381554092019026
1323,0.9036115276428652,0.1997360706170697,0.47347719419018053,0.4887934233802957,2.1027170144763607,0.21324607509194862
1324,0.903611525639212,0.1988295820103352,0.47487810749463394,0.4874928962267605,2.102443716237262,0.21267869866625555
1325,0.9035403258675866,0.19852808718012765,0.476273897023737,0.4861971256832414,2.1048295740823746,0.21211339239184882
1326,0.9034392882793733,0.19822700284400047,0.47766458511929766,0.48490609101656923,2.099241102330056,0.21155015224011306
1327,0.9036792259782577,0.1976265788843502,0.47639747527313303,0.48361977149125035,2.101630632389363,0.21098896916476717
1328,0.9030775591981862,0.19732723008959518,0.4751349898300313,0.48233814647601736,2.1040114156889262,0.21042983416500077
1329,0.9032277710915138,0.19732711169569886,0.4818193646942372,0.48106119544324316,2.1037365782277115,0.20987273828521874
1330,0.9031272669636823,0.19732197679517238,0.4805450620340816,0.4797888979683586,2.106152435317516,0.20931767261478704
1331,0.9031848912121566,0.19731874418930392,0.48191752907419816,0.4811633628916047,2.1058763295515606,0.21404888789585616
1332,0.9031737151192978,0.19731738515176142,0.48328500172251104,0.47989333779898047,2.1108768180990785,0.2134839083491127
1333,0.9033512781727355,0.19704961008533117,0.4846475017611788,0.478627930962548,2.107948095892995,0.21292098326594258
1334,0.9035496517281589,0.19704961008533117,0.48600505086326495,0.4773671222536894,2.1155663813979833,0.21236010369198924
1335,0.9038205634156562,0.1970496100819513,0.4873576705933494,0.47611089164453957,2.117711463582029,0.21180126071771685
1336,0.9040401594072407,0.1970495935165528,0.48607643091997765,0.4748592192074223,2.117402005854921,0.21650234845447566
1337,0.9040894277985273,0.1977612007533203,0.48479988010590197,0.4762383656552808,2.117548112358527,0.2169975766319644
1338,0.9041078506606298,0.19766702335674496,0.4913990077417831,0.4776125584475283,2.1172491365226804,0.21642824034196315
1339,0.9041834640046816,0.19736352439351268,0.4901110133739792,0.47636069941732845,2.116941817857743,0.2158609653776217
1340,0.9042716653373775,0.1970828624501939,0.4914461355983596,0.4751133695607532,2.1166356108045647,0.2152957427929621
1341,0.9045304291443912,0.19651749667114826,0.4927764309040181,0.4738705492236667,2.1163306638017185,0.21734840321453028
1342,0.9045207182576707,0.19532799283628566,0.49671514522419463,0.4726322188548969,2.121253111399696,0.2167804229322673
1343,0.9044934004852371,0.19520816528819668,0.49541841416554794,0.4713983589990038,2.1157153405836007,0.2162144931231491
1344,0.9045769884311283,0.19643877115382438,0.49672535624766145,0.4701779588978703,2.1102050378109825,0.2156548042336469
1345,0.9046213823475512,0.19614078679955987,0.4954311894556273,0.4689529586173357,2.1073125130185244,0.21509293783671055
1346,0.9048108629801659,0.19614078679955987,0.499347270599335,0.4703351641307067,2.1070332007626993,0.21453309544724733
1347,0.9051295673800528,0.1979792586726821,0.5006490635668019,0.47431258562203515,2.1041547024529406,0.2139752683181459
1348,0.9053496540220272,0.1979626347166861,0.5019461738640516,0.47308051475956714,2.1064820297194875,0.21341944774459348
1349,0.9054072605780294,0.19710926219963118,0.50323862170291,0.47185287257147146,2.1062057620610575,0.2128656251374607
1350,0.9051733449807752,0.19710921235539222,0.5045264271947956,0.4732220425612111,2.108523276450976,0.21231379173602885
1351,0.905027252723285,0.19710921235539222,0.5032197988517834,0.4719964866735115,2.10824222162178,0.21176393903666255
1352,0.9052411323908641,0.19681495452405315,0.504505080005493,0.470775326515485,2.105374953143522,0.21121605850670172
1353,0.904981541286423,0.19652110840090736,0.5057857545351822,0.4695585431630317,2.1025180655989804,0.21067014165574013
1354,0.905095922876966,0.19622768047881442,0.5070618422600478,0.46834611778570856,2.107417583887023,0.21012618003539113
1355,0.9047483679798959,0.19622492448037757,0.5109128358457772,0.46713803164621015,2.1097200108939966,0.21474311112809158
1356,0.9048056914341985,0.19953005549792888,0.5121731619575326,0.46593426613902056,2.106860379172712,0.21418974076925806
1357,0.9048916828526489,0.19924284996079453,0.5134289839290642,0.46473480263467337,2.106585286482349,0.2136383480200644
1358,0.9052631063811224,0.1989526062048544,0.5146803210525832,0.46353962270837207,2.1037394300839822,0.21308892442709437
1359,0.9052816801807089,0.19873478280733484,0.5184963682205942,0.46491788365282044,2.103501097362448,0.21254146154881973
1360,0.90567948738748,0.1987347828073348,0.5171655914134432,0.4662912295699767,2.100668842872494,0.21456255875179572
1361,0.9058209739729717,0.19844465536212907,0.5158395568861506,0.4650956390657948,2.1029747731450796,0.2191404961334097
1362,0.9062379356595467,0.19815792279723446,0.5145182443410906,0.46390430603530763,2.1001495719712815,0.2185791722046679
1363,0.9063870784925537,0.19815792279343866,0.5157605530649771,0.465276131752108,2.0998932973807682,0.21801984570202476
1364,0.9066658074411923,0.19757916922341906,0.5169984443104669,0.4666430794459569,2.0945252146366538,0.2174625080872439
1365,0.9065904366281929,0.19716914963357557,0.5156781301885389,0.46800516995509706,2.0942838441528098,0.21690715086407003
1366,0.9066168444884587,0.19863329580822592,0.5143669108068785,0.46935801738627914,2.088940939838199,0.21636186933534526
1367,0.9068668455292,0.1995066038551772,0.513055941674956,0.4707104668628939,2.0938116642141797,0.21581103314528807
1368,0.9069293857367472,0.1995066038551771,0.5117496207898915,0.47460427783782505,2.091026714173118,0.22035385805185667
1369,0.9067720768699958,0.1994509354022151,0.5104479283461648,0.47848429260396524,2.0922214864950637,0.21979336334835423
1370,0.9069927733145297,0.19945093540208517,0.5091508446353441,0.47726843071609154,2.0894460756875604,0.22177592271097896
1371,0.9073778626538416,0.19945093540208517,0.5078583500455564,0.47859540038005155,2.0841494204200153,0.22121293792313199
1372,0.9071364826577654,0.19745181333058265,0.5065704250609577,0.4773816860173594,2.081413678730256,0.22572494333981263
1373,0.907170275640942,0.1980351472677828,0.5078205080713354,0.47870571746663493,2.0837408786268807,0.22515307892590394
1374,0.9063144310812115,0.1977838387216944,0.5090661777564195,0.4774941489025163,2.0860616333675535,0.22458323323033805
1375,0.9065627986182939,0.19750070979442153,0.510307452848249,0.481343646542535,2.088372447081934,0.22654379384924078
1376,0.9067746551540946,0.1972192381513646,0.5191219584649571,0.48770544210880307,2.0856233854094306,0.2259715739426635
1377,0.9067542185492611,0.19693686194378485,0.517812035071821,0.4889981376201667,2.0904540169749555,0.2254013698777718
1378,0.9067304252461477,0.19638227362957228,0.5165067230312214,0.4877654602901045,2.0877543356243824,0.2248331731149671
1379,0.9065737872016011,0.19638227206318526,0.5177243053953364,0.4865371192757328,2.0875334187540053,0.22426697515629207
1380,0.9068202888732957,0.19725071437682581,0.5164218220793614,0.48782888176118067,2.0873132034449142,0.22370280588870867
1381,0.9066987666706898,0.1969685852426759,0.5151239140888502,0.48660283557844847,2.084580490736927,0.2231405801134816
1382,0.9069388543214255,0.1964374012392091,0.516341321079499,0.4853810931355529,2.084368267062693,0.22509108688418367
1383,0.9070540283502279,0.1961567456548128,0.5150462082274738,0.4866718857430124,2.086664899920565,0.2270347517654428
1384,0.9070785125523684,0.19691233740849076,0.5162613775482113,0.487958153809166,2.0864624650795136,0.22927150512920386
1385,0.9073217963836805,0.1969123260731347,0.5174722904489927,0.48673667841715745,2.0887493677642723,0.23120082198364186
1386,0.9066923733109857,0.19777756599966548,0.5186789644728823,0.4855194788732546,2.0935290070708055,0.2306227081419875
1387,0.9066854611168531,0.1976373319108139,0.5198814182641165,0.48430653637750476,2.0957995443883743,0.23004655806899865
1388,0.9068754079244303,0.19878363079772574,0.5185839296538793,0.48309783340652457,2.0930647167219596,0.22947242595988482
1389,0.9070443926341156,0.19878363079772574,0.5172909728407729,0.48189335212705875,2.0928326837789033,0.22890029497086067
1390,0.9070240069810356,0.19821557213037316,0.5160025287743375,0.4831838278385653,2.0926014604896603,0.230820913910176
1391,0.9068540586262561,0.1969085003696514,0.5172068420345848,0.48198153913749125,2.0912738927974095,0.23024657064623194
1392,0.9065445847422994,0.19690501675160607,0.5159211814114938,0.48078344074519574,2.0885925701760653,0.2321600056458858
1393,0.9068415029130119,0.1966246803829125,0.5146399984771297,0.479589515080577,2.088372568956673,0.23158348456477487
1394,0.9068337861711044,0.1946362853475232,0.5133632744566723,0.4783997446475078,2.0856539416051008,0.2335083617604511
1395,0.9069215885742035,0.1954971158569649,0.5145693210296645,0.47969244239804715,2.087919993208473,0.23292965092169526
1396,0.907136225187288,0.19549709932167886,0.513295322892491,0.48098064756701403,2.090178510825817,0.23235295128330077
1397,0.9069804730884565,0.1952211178772359,0.5120257491964686,0.47979100029922694,2.087482094660009,0.23177825445286765
1398,0.9071413274217152,0.19467067531808344,0.5107605814374823,0.47860548159126554,2.089736867651516,0.2361473650820019
1399,0.9073018359138452,0.19439621405677335,0.50949980120059,0.47989251102995795,2.0895154769078372,0.23556445022578565
1400,0.9072274393188117,0.1938488087008255,0.5107093597989569,0.481175080306991,2.0892947901601713,0.23744952508281927
1401,0.9072413955048535,0.19383008973903215,0.5094512247874158,0.48245320804011643,2.0916289337128515,0.23686456701371691
1402,0.9074336347247289,0.19328426777515462,0.5081974436059246,0.48126587012873306,2.0889423883735865,0.2362816332170462
1403,0.9074334988018818,0.19302787794613108,0.5069479981038013,0.480082638130376,2.0848795507960465,0.23570071525381792
1404,0.9077786082496456,0.19275604641978378,0.5057028702175772,0.4789034949388375,2.087127201432928,0.2351218047255917
1405,0.9079145617107895,0.19502655927531698,0.5044620419705264,0.47772842353005585,2.086913419983376,0.2345448932742833
1406,0.9079183195354802,0.19436181549751452,0.5032254954721986,0.4790086250820643,2.091605424300474,0.2364211907022354
1407,0.9081052780440546,0.1943618154975145,0.5044419810454268,0.48028441215565093,2.086483567602222,0.23829101815325643
1408,0.9076672059538476,0.19381614750739953,0.5032079542441046,0.48155580309566687,2.0838257578067294,0.23770808193072782
1409,0.9075928107695628,0.1938160126802114,0.506865927631603,0.48282281615907563,2.0811782328202173,0.2371271529765946
1410,0.9072083836830719,0.19354095896167614,0.505628448514697,0.4840854695154254,2.078550390685271,0.23654822296006925
1411,0.9070289424206248,0.19354095895294607,0.5043952244608069,0.4853437812473186,2.076938944792709,0.2359712835902291
1412,0.907266247418316,0.19440263979389572,0.5031662378326082,0.4841612145053952,2.0743149243338967,0.23539632673484165
1413,0.9074764716631186,0.19412932750529024,0.5043755905855859,0.4854168277564134,2.0765681551206687,0.23482334394370494
1414,0.9071878836175655,0.19383892800313407,0.5031491072177395,0.4842364461581986,2.0715274770940924,0.23425232716354188
1415,0.9073682046694778,0.19356494036703198,0.5019268291624689,0.48306011180082636,2.071353981778909,0.23368326826076188
1416,0.9075036736098109,0.19356494036673375,0.503135567125616,0.48188780795110503,2.0784613022171228,0.23311615914058162
1417,0.907763214299153,0.19356493646901818,0.5019157640101616,0.4831439204331279,2.083119920051757,0.23255099174681745
1418,0.9072849477333497,0.1947019193920443,0.5007001344260039,0.4819737558652892,2.0853405862812875,0.2319877589295877
1419,0.9072849443046695,0.19559261262863512,0.5019082140455025,0.4808075977821222,2.087553647199483,0.23384603242404023
1420,0.9070886672578138,0.19671726022131275,0.5006950315420443,0.4820625585910999,2.0873420177875794,0.23328079380409678
1421,0.9071207412792341,0.19728868459868842,0.5019007153510187,0.4833132346841036,2.0895458353421144,0.23271748522211153
1422,0.9068014329177853,0.19701678498555697,0.5006899748751565,0.4845596437067979,2.089385603868158,0.23215609833785056
1423,0.9067559084069281,0.19636337300215603,0.49948336229760804,0.4833919036081174,2.097510825069098,0.23159662544591003
1424,0.9068407007653169,0.1960901038940014,0.5006883515580147,0.4822281419895442,2.099683563188274,0.23344654959278424
1425,0.9070989337314267,0.1960901005815999,0.4994841536982193,0.4834734271281705,2.0994476286000907,0.23529017551602924
1426,0.9072534338459849,0.19609010016564996,0.49828405273740184,0.48231179483186987,2.099208714905091,0.2347248483407485
1427,0.9070594601138986,0.19693717896380017,0.5042888696192521,0.48115411187441365,2.0965703078450177,0.2365617232505635
1428,0.9074183379369851,0.19638902239584838,0.5030796453286269,0.4800003619610911,2.0939408636266164,0.23599447658060876
1429,0.9076733424151466,0.1961157054324042,0.5018745263347281,0.4788505290098895,2.091320346331078,0.237824639212442
1430,0.9076776301349646,0.19584276682767768,0.5006734958147404,0.47770459696975737,2.0934949176491906,0.2372555036315126
1431,0.9071530664298736,0.19505489417901756,0.5018672343547753,0.4789532471949194,2.091371485457014,0.23668829753260454
1432,0.9071526578032845,0.1940164181882713,0.5006686210426204,0.48019766710110684,2.09115326195961,0.23612596508815473
1433,0.9072290689663892,0.19321969678645248,0.5018599861222813,0.47905195354087876,2.0885498569665653,0.2355625872571948
1434,0.9073561238753428,0.19298256732073082,0.5030473207708082,0.4802936519558049,2.0859555058179096,0.2350011153538039
1435,0.9076357199989208,0.19245518928150865,0.5018494878117885,0.48391230625840476,2.0833715125478895,0.23682269523268756
1436,0.9074290613086382,0.19245221889747885,0.5054132488138967,0.4827611884024524,2.0903298397960888,0.236259347639226
1437,0.9073784122993948,0.19219125751785882,0.5089649789285714,0.4839903526929639,2.0948679725018087,0.2356979018487975
1438,0.9069121471810423,0.192191257517827,0.5101307063232283,0.48284134948815627,2.089894712530647,0.23513835010756165
1439,0.9066964008179441,0.1914028043490916,0.5112925038780584,0.4816962197434528,2.094424811402042,0.23458068469818005
1440,0.906754341062217,0.19140279556142858,0.5100811100083102,0.48055494768635804,2.094201915442523,0.23639417552644476
1441,0.9067797831699371,0.19100235606865712,0.5112407036758156,0.4794175176227915,2.0963458578387475,0.23820156174301496
1442,0.9069060523960015,0.1909977996352914,0.5123963964235245,0.4782839139196841,2.0937972500336897,0.23763832372489502
1443,0.9067345621227535,0.1907397547838719,0.5111860236962202,0.4771541210301216,2.0983183341290377,0.2370769791330779
1444,0.9067924180924389,0.1902251170648497,0.512339536403156,0.4760281234759254,2.098086386651934,0.24123715908803012
1445,0.9067739453388027,0.18996848934573052,0.5158466375785585,0.47726336661708707,2.0978551521528335,0.24066845195028522
1446,0.907001867365433,0.18996848912874498,0.51698686933292,0.4761393615227331,2.107045178124713,0.24010165260014898
1447,0.9065417001386772,0.18996848912874495,0.5157705281887519,0.4750191243752687,2.106793327522385,0.2442422544151586
1448,0.906995990124327,0.18996848912870684,0.514558261664746,0.4762530388905049,2.1088927195768012,0.2436681876692067
1449,0.9070773623225891,0.18996848912844533,0.5133500532634502,0.47513477305823826,2.1062889843054684,0.2430960426403464
1450,0.9073020633626114,0.18971069432184945,0.5121458865645804,0.4740202480522417,2.1036939699470576,0.2425258115527803
1451,0.9075263306555648,0.18945337565684675,0.510945745224616,0.472909448745654,2.105794336175237,0.24195748666706202
1452,0.9072426395733757,0.1891965250241468,0.5097496129763961,0.4718023600822894,2.103206512622606,0.24139106027990526
1453,0.9072229699397064,0.18919118844359953,0.5108961499461295,0.4706989670762666,2.1006507551187865,0.24316520104140452
1454,0.9076158804142466,0.189191187805861,0.5097025234431095,0.47193559362168136,2.1050882917674234,0.2449334235549934
1455,0.9075988456145403,0.1929678809022771,0.5108390690063912,0.47084190475998944,2.102509011687222,0.24669575607848224
1456,0.9074843741206109,0.19296788087244943,0.511979631266661,0.46974405643830935,2.097606653082273,0.2461205427870603
1457,0.9074890800273357,0.19296788085279576,0.5107870564804976,0.46864986267854497,2.102037974829987,0.24554724428891783
1458,0.9073212821345826,0.19244972750926134,0.5119254609296296,0.4698863208883829,2.1041275435151228,0.24730286499626813
1459,0.9069613955777865,0.19218885968887492,0.5107353948385172,0.4711186688806082,2.1015721773685723,0.2467279634210806
1460,0.9068709440959697,0.19142766914565235,0.5095492819838178,0.4700245604344434,2.0967816522470364,0.24847730177636312
1461,0.9071928744952681,0.1911714960652997,0.5083671064802147,0.46893408392690306,2.0988771563388138,0.24790082411316677
1462,0.9072182581818039,0.19091820181793956,0.5071888525161813,0.46784722477292917,2.100965752985963,0.2473262587548358
1463,0.906817204680506,0.19091820181719596,0.5060145043535961,0.46676396845517487,2.098416574891988,0.24906900412605665
1464,0.9066754051430944,0.19066238133773264,0.5048440463273595,0.4656843005236513,2.095876304442698,0.24849288464240965
1465,0.9070203355480634,0.19040691063642126,0.5059882427597866,0.46691898651014935,2.0956547554863887,0.2502294521903873
1466,0.9069669688129447,0.18904337197908158,0.5048201839343553,0.46584111790201743,2.090816998745537,0.24965180493435693
1467,0.9073348663909482,0.18904336943726874,0.5036559863179287,0.46476681236441325,2.090607583087366,0.2490760671855688
1468,0.9070277553898125,0.1890433653258853,0.5047994924263111,0.46599991360588855,2.0903991488320455,0.24850223130475374
1469,0.9071499196824305,0.18853892828694946,0.5059392237576527,0.46492738905509323,2.0924947426583183,0.24793028968798517
1470,0.9068398944671461,0.18828730310045697,0.5047759405426779,0.4638584025000423,2.087683620738224,0.24736023476649519
1471,0.9069624284053309,0.18803619531398547,0.5036164920406988,0.46279293981311054,2.0851852684755423,0.2490890157527517
1472,0.9068952076025684,0.1876791434011123,0.5024608629488773,0.46173098693192005,2.082695187388469,0.24851744091831632
1473,0.9066146092362459,0.18767914340105152,0.5036014054586291,0.4629648972826212,2.0779208847884125,0.24794774763255384
1474,0.9068348958816045,0.18742861164789298,0.5070282722686912,0.4641947485909917,2.0754531409561796,0.24737992839636155
1475,0.9068804890362663,0.1874275851602225,0.5058682994416355,0.4654205570246067,2.0754210346282647,0.24681397574521094
1476,0.906862282617288,0.1874275621070053,0.5069976377529312,0.46435683804985056,2.075264277243555,0.24624988224896835
1477,0.9065285975676872,0.18742533632637953,0.5058400524983545,0.4632966109628551,2.079687607649799,0.2456876405117168
1478,0.9063650439363292,0.1885209970504148,0.5046919253875866,0.46451513531325667,2.0772203031600944,0.2451334764262584
1479,0.9062339823903522,0.18826847907559774,0.503541906911516,0.4634566658566383,2.072487035978011,0.24457490195178647
1480,0.9060948324526101,0.18826769839353957,0.5023956557545788,0.46240166381582154,2.0746019241009708,0.24401815729861642
1481,0.9059567314755164,0.18826358603067866,0.5012531569675053,0.4613501154315966,2.074572872510283,0.24346323520575147
1482,0.9054195109562528,0.1877850660982629,0.5023862243494616,0.462573835687725,2.0766764077436304,0.24291012844553642
1483,0.9054440820709186,0.18662175919766666,0.501246029681608,0.4615239975445261,2.081042502182928,0.24235889418711412
1484,0.9054687760566676,0.18802793451828453,0.5001095599014976,0.4627448784533396,2.0876606659446106,0.24180939944439644
1485,0.9054687919576354,0.1877946699117011,0.4989768000423739,0.46169675047228226,2.083920618919549,0.24126169549467913
1486,0.9056170501785478,0.18757296859078484,0.4978477355400681,0.46065204175687924,2.081467967533041,0.24071577829747476
1487,0.9056663294293,0.186587901192268,0.49672235178584223,0.459610738789855,2.083545159246802,0.24017164078927067
1488,0.9053408448098084,0.18634294480825345,0.4956006342378086,0.4585728281157898,2.0833565029104446,0.23962927593887734
1489,0.9056122896468525,0.1863418594188328,0.49448256842058586,0.4575382963408014,2.0831919836195367,0.23908867674726184
1490,0.9056544168370902,0.1863251029493586,0.5001293195911402,0.4565071301322282,2.083092159362624,0.2385498362473824
1491,0.9057727987127318,0.18632481060850312,0.49900329145378536,0.4554793162183145,2.080654590719833,0.23801274750402393
1492,0.9057974186016133,0.18690438051218994,0.49788092147080987,0.45445484138789755,2.0804731062649706,0.23747749175689217
1493,0.9053590548046623,0.18797279837766193,0.4967621952403456,0.4556806679917955,2.08478623634772,0.23919086126561673
1494,0.9054577836579555,0.18879170680436563,0.4956471105701799,0.4569025055771695,2.08235117235273,0.23865395460709443
1495,0.9054560165334837,0.18859177047094103,0.49677811488764445,0.4581203941307392,2.0809703508913886,0.23811877644375376
1496,0.905392553316099,0.18965662094933008,0.4956652103575701,0.45709409235401366,2.080788953034178,0.23982558150889674
1497,0.9054171676112062,0.19108770608835332,0.49679391441947635,0.4583091187923591,2.078373750434639,0.23928885122855387
1498,0.9055151079477624,0.1908401303511692,0.4956831981500379,0.4572844456232654,2.0737325638645623,0.23875385671183286
1499,0.9055573059059449,0.19082357960400953,0.5012766749215952,0.4562630852575566,2.0736542565278686,0.2382205918506736
1500,0.9052329836277379,0.1908235795069605,0.5001581754740558,0.45747632630620755,2.073489913414723,0.2376890498625706
1501,0.9052058161206895,0.19082357950695678,0.49904328718204705,0.4564565789041251,2.068867956319239,0.23715922399582495
1502,0.9054486465665097,0.19082010948482372,0.5001588393606824,0.4576669650154831,2.0687328892693015,0.2366311075293866
1503,0.9055709980477363,0.19057187147687016,0.4990461771400729,0.4588734486993206,2.0685942223739127,0.23610469377269785
1504,0.9052591308715424,0.19055694479830804,0.497937099799628,0.457853650998433,2.068441779133457,0.23557997606553774
1505,0.9048393343454962,0.1905568606944826,0.49683159332566756,0.4568371367127755,2.0638497598427272,0.23505694777786706
1506,0.9050117337836956,0.19161400174552037,0.4957296438398372,0.4580418468183553,2.0637081652221037,0.2345356099846992
1507,0.9052327439968829,0.19161400174552037,0.4946312373111968,0.45924268356697817,2.0613512676514993,0.2340159407488423
1508,0.9053414245246197,0.19267095607572976,0.4935363599875269,0.4604396620000222,2.0612154652462737,0.2334979412219853
1509,0.9053276954138091,0.19267095599596545,0.4924449981070755,0.45942148717827763,2.0588693721554847,0.2329816048932496
1510,0.905571070576918,0.19241876032847718,0.49356623774988895,0.45840657927221146,2.063157531245884,0.2324669252812305
1511,0.9058377290149888,0.19402273038611967,0.49468388225905136,0.4618087091265635,2.0608112576250845,0.23195389593412113
1512,0.9058860860247364,0.1937690902723617,0.493593259631739,0.4607905659330491,2.062883962677415,0.23144251042820216
1513,0.9058716424121102,0.19376845906996473,0.4925061291590784,0.45977568281630216,2.0649807005293765,0.23093276236976373
1514,0.9059199708624653,0.19077699508059173,0.49142247726606214,0.45876404710346863,2.06263751391179,0.23262492643795343
1515,0.9059198176841641,0.1910793825304579,0.4903422904388497,0.4577556461787963,2.0624994170246964,0.23431313048094604
1516,0.9059770243259982,0.1908345409023856,0.4892655552244566,0.45894635234864883,2.060166290637548,0.23379860582398096
1517,0.9059614729727867,0.19058757808799773,0.4881922582304461,0.4623269464451906,2.0622500575950373,0.2332857241421311
1518,0.9059607118222784,0.18951273244999498,0.48712600942495043,0.4635016322891666,2.064297887630992,0.23278906228750532
1519,0.9059453834072804,0.1895127324499831,0.4860595410025362,0.46905480612987843,2.064157665315721,0.23227941554475362
1520,0.9059781548570308,0.1894245588490257,0.4915578276172649,0.46802892751255165,2.063231191252206,0.2317713928520141
1521,0.906170772243713,0.1891857068438244,0.4904838067750538,0.46919124858080613,2.0587231768171304,0.2356348536112031
1522,0.905691767334903,0.18894717400953592,0.49159595273788204,0.4681671218507002,2.05641225120245,0.23512052186938617
1523,0.9056047064764055,0.18996859506684252,0.4927045884899432,0.4715073601144868,2.0541086629956533,0.23461014230730445
1524,0.9055087066318278,0.1899684526166998,0.4916312867920219,0.47265862206937637,2.053990832316166,0.23409907041966538
1525,0.9060355748847893,0.18972868896652867,0.49056139358982487,0.4716300173806643,2.0582257580638887,0.23358962154850638
1526,0.9058148603150371,0.1902687423957394,0.4894948957318066,0.470604677005563,2.058099181288762,0.23309090251358447
1527,0.9060053098123375,0.19002924195060025,0.4884317801252764,0.47175445085368073,2.0536292799668487,0.2369283861180874
1528,0.9059039940033569,0.19002924195060025,0.4873720337361008,0.47290058084784764,2.062191687842583,0.23641432456046835
1529,0.9061264594016014,0.19001464509304553,0.4884831667012827,0.47187555790876906,2.0598900045979374,0.23590189104776937
1530,0.9058077082378989,0.18956839601560999,0.4874254264165397,0.4708537790205501,2.0619256960697885,0.2375564359538367
1531,0.905934742295985,0.18956839601560996,0.48637103143913135,0.47416161650243355,2.0617925096230687,0.23704255567729424
1532,0.905918888112273,0.18909263758014427,0.48748099919680143,0.47313693888793473,2.0638287517266636,0.23653029953501567
1533,0.9060366489750238,0.18885442741897213,0.48642859092753626,0.4721154975849898,2.0658498295951393,0.2403374019624452
1534,0.9060193894496628,0.18686048632079996,0.48537950428262966,0.4732539927143175,2.0678654306122914,0.23981906327230043
1535,0.9061217763657357,0.18686048582139814,0.48648828342857875,0.4765434538767215,2.063410101465325,0.23930235945197026
1536,0.9061767441745308,0.18639420845169427,0.4854411643778426,0.47551774011124054,2.067578457669297,0.23878728423227066
1537,0.9061283949128356,0.18598154151705715,0.4843973434927143,0.47449525709002155,2.0674325627940955,0.2382738313719139
1538,0.9060044048875943,0.18574976766639173,0.483356808141433,0.47347599243952315,2.065139607789997,0.23776199465736875
1539,0.9060595422476633,0.18574976743066585,0.4823195457483824,0.4724599338412006,2.0649998283759454,0.23939772380026825
1540,0.9062228078328266,0.1867655594282273,0.4812855438497678,0.473590879989542,2.064860502302431,0.23888450802960387
1541,0.9059361045960559,0.18653258935514883,0.4823964581441869,0.4768599419762398,2.060438258984765,0.23837289665741473
1542,0.9061689879632352,0.18653214394614936,0.48778294060171673,0.475839686932326,2.0624567438868913,0.23786289124756801
1543,0.906212371865221,0.18653119262976334,0.48674035860339093,0.47696002153436645,2.062453923682922,0.2373544856682779
1544,0.9061271215826061,0.18629804871479824,0.48570104484217935,0.47594159126622354,2.060185503569216,0.2368476738149355
1545,0.9059807847871412,0.1858348964098832,0.4867981055671065,0.4749263513519654,2.060066279128603,0.2363424496099729
1546,0.9054275397946423,0.18696899100552403,0.491451126105862,0.4746168688043509,2.0595279893722425,0.2363173687025383
1547,0.9055748282310304,0.18695525869265048,0.49253375380275527,0.47360647748513357,2.0551462827848814,0.23581428287982234
1548,0.9058772953134892,0.1864890426861458,0.49361299695742494,0.4725992448806731,2.0529022726435278,0.23531276981865126
1549,0.9054966872261323,0.18648904262984073,0.49256426516523627,0.4715951589750634,2.0549144811231455,0.23481282353616292
1550,0.9056818413039749,0.18727066319058755,0.4915188074926291,0.4769616470202757,2.0654103252496525,0.23643691781439644
1551,0.9058895062403881,0.18727066140923954,0.4904766115000129,0.4801910340628051,2.0673920261257646,0.23593558682869173
1552,0.9057793686280887,0.18727039845612203,0.4915559038236059,0.47917387467695643,2.069367584435833,0.2354358188622471
1553,0.905914201019334,0.1867996866280575,0.4926318334802833,0.4802760062159428,2.069275257008111,0.23493760798387725
1554,0.9059313123150748,0.1870839323532372,0.491590406445969,0.47926069948419503,2.0722964322465915,0.2359495015610237
1555,0.9062525162037337,0.186850454920608,0.49055221970147345,0.4782485517717135,2.0679205790278776,0.2354512012653325
1556,0.9060165520854846,0.18762845598368333,0.4895172609735341,0.47723955111306454,2.0677772814429733,0.23495837762960864
1557,0.9058731514332644,0.18762845597454753,0.4905931923026167,0.4762336855954583,2.0676344684458576,0.23446316190497074
1558,0.9061925732745243,0.18762845597454753,0.489560215153012,0.4752309433584876,2.073808762414695,0.23396948385873623
1559,0.906215331310597,0.18631580875662732,0.4885304432935823,0.47423131259386786,2.0694465822145625,0.2355808008567971
1560,0.9062000830621387,0.1859875135387455,0.48750386461342543,0.47323478154517923,2.0650979502019444,0.23508576061737332
1561,0.9064496803158347,0.1859875134318701,0.49277824825968064,0.4722413385076093,2.062862036180709,0.23459225438912315
1562,0.906456697341191,0.18575797241430442,0.4917448123491273,0.4712509718276978,2.0648273836587117,0.23410027638303302
1563,0.9066366162891819,0.18555256010462365,0.49071457447445727,0.4702636699030823,2.06888208162646,0.2336098208354729
1564,0.9067490363940789,0.1848712049666236,0.49178049463945234,0.4692794211822457,2.0687556750964453,0.23312088200807088
1565,0.9065461856883588,0.18504746253014118,0.49075595544332634,0.472476259558441,2.068608200352153,0.23290478508680512
1566,0.9066654333108507,0.1850474624776877,0.4897308691655521,0.4735781460287505,2.074731263582083,0.23241829583166246
1567,0.9066718466523981,0.18504746247762055,0.4887089465118335,0.47467663185404135,2.07666208431546,0.23193330798098083
1568,0.9066782337271327,0.1848200637691352,0.48769017558720273,0.47577172982046095,2.0744176563537833,0.2314498158896022
1569,0.906662177666127,0.1848200508327134,0.4887570778646394,0.47478091934231476,2.0722029872455474,0.23305034725300436
1570,0.9067354304716507,0.18459271884931003,0.4898206941342833,0.4737931605128726,2.0699779497580004,0.23256549723307815
1571,0.9066838777114724,0.1845789265656281,0.48880266431695113,0.4728084418792456,2.0677558319880345,0.23208213951973283
1572,0.9068243785340463,0.1845656724624641,0.48986406082894424,0.4718267520385092,2.0634652068031243,0.2316002685157437
1573,0.9072676775609919,0.18456567246246366,0.48884797508448613,0.4729222994582355,2.063333642049143,0.23111987864829087
1574,0.9072278481164875,0.18446267911942435,0.4899071570342793,0.4719423351055097,2.0647653664999965,0.23064096436883927
1575,0.907400335290891,0.18446176550257626,0.4888930122180928,0.4771756054079763,2.0625684158931477,0.23223359567983073
1576,0.9069960423858193,0.18546942241260833,0.48788197829787666,0.47618880316104234,2.064507031967466,0.23175333585465765
1577,0.9069353474191311,0.18501174270472834,0.4868740436411571,0.47727096541002245,2.060241885314962,0.2312745474808111
1578,0.9069551282008692,0.18587374863138667,0.4858691966660377,0.4762859379842062,2.0580536744537556,0.23079723083295786
1579,0.9069784957918159,0.185648407314,0.4848674258409509,0.4753039260345999,2.0558722005010863,0.23032137038750097
1580,0.9070938651588437,0.18542114045137348,0.4838687196844115,0.47432491830617846,2.053697368574708,0.22984696571865848
1581,0.9068851269549385,0.1851941898851848,0.4828730667647708,0.47540659585336964,2.053586889527677,0.229374011396177
1582,0.9070003314270498,0.1849675541554797,0.4839360912968148,0.47442933313196006,2.0514210988367987,0.2289025020133606
1583,0.9067490039782604,0.1859648201944431,0.4849958645936262,0.4734550598080152,2.049261915070724,0.22843244161653942
1584,0.9061395200936029,0.18673014283038952,0.4840008817869527,0.47248375329051273,2.051212381283676,0.22796941690746783
1585,0.9064029548344853,0.18673013684509923,0.4830089326610645,0.47151540826530836,2.0490579715608845,0.22750219861853474
1586,0.9064787691748509,0.18648936357484572,0.4820200059343735,0.47055001371926714,2.05100646341941,0.22703640391085653
1587,0.9065881318967329,0.18648935982852943,0.4810340903740964,0.4695875586868974,2.0488567861564935,0.22657202749367614
1588,0.9065546765297929,0.18639404449759167,0.48005117479601594,0.4706713709609274,2.052922091769715,0.22610906409911172
1589,0.9066202984343799,0.18571095665200682,0.48111254445767176,0.4697105911888953,2.0548553596347765,0.22564750848204493
1590,0.9066920758637526,0.18548413612173142,0.48013143275825637,0.4687527309924329,2.0527042401740068,0.2251873554200099
1591,0.9064212078842763,0.18647796274415182,0.47915330041844484,0.4677977795473158,2.0627831022486496,0.22676746781083693
1592,0.9065738961573625,0.18625026188014618,0.48021331807999157,0.4668457260760144,2.064690765290968,0.22630595481452376
1593,0.9067477138088036,0.18701519786479479,0.4792369735768834,0.4679297073520165,2.0625260919048096,0.2258458414407557
1594,0.9067319668268735,0.18701518506338258,0.48029470337189023,0.4669792881242257,2.0603901041006765,0.2274182378627153
1595,0.9063649539625299,0.1867869857083532,0.48134922974182814,0.4660317473222811,2.0622967107793575,0.22695678686272164
1596,0.9063893903504093,0.18656137618340363,0.48037350731325307,0.46508707430694407,2.0601434080586465,0.22649673247065777
1597,0.9064761365421927,0.18633381357446577,0.479400735987739,0.4641452584847447,2.0600216160762894,0.22806310069744118
1598,0.9065194538119417,0.18633369264537902,0.4804539120216048,0.4632062893077597,2.0578786990577664,0.22760172741386694
1599,0.9067142109070286,0.1858795410318076,0.4794829217977735,0.4622701562733912,2.061807940121725,0.22916273285646926
1600,0.9066986202155148,0.18565296052766816,0.47851486247428476,0.4613368489241467,2.057645226432126,0.22870006127829065
1601,0.9066957650059264,0.18691155060134917,0.47952937432700193,0.46044365299514756,2.0554770395455146,0.22831360618300423
1602,0.9065786307843152,0.18691155044983004,0.4785631555886772,0.4615308219586543,2.053355438376596,0.22785356995515452
1603,0.9065418326243996,0.18645839302762057,0.477599847504615,0.4666405506366635,2.053248750462104,0.2273949195485008
1604,0.9061309806005398,0.18600689200577813,0.476639439368619,0.46570218061046126,2.0531416722615954,0.22693764986560708
1605,0.9061526026977595,0.18655879475574527,0.4756819205204613,0.4667755291216114,2.053034916193178,0.22648175583228536
1606,0.9060272011859043,0.18635757385902812,0.4747272803451938,0.46583876307331656,2.0489147311844444,0.22602723239181896
1607,0.9061076522841469,0.1859224268042344,0.47578039004674594,0.4689145749742552,2.0448131975731023,0.2275789562864864
1608,0.9061151953155894,0.18570251709376487,0.47683033791483526,0.4699782742315738,2.0447234422103517,0.22712314342592535
1609,0.9062303128918608,0.18762620259582835,0.47587625952768386,0.4690379059743109,2.046634832225657,0.2266686982078444
1610,0.9062160485639255,0.18858559969585859,0.4769239179526805,0.46810035730958566,2.0465416149432705,0.22621561558452719
1611,0.9062375367264571,0.18827900542583068,0.4779684372111905,0.46916249614455235,2.0444518216745946,0.22576391347769786
1612,0.9063718433286586,0.18827900536544878,0.47701494639590086,0.46822657214596725,2.042368293487126,0.22531354102385798
1613,0.9062075291651257,0.1892232375515109,0.47606430879571904,0.46729344879574675,2.0422798569111515,0.2248797205077249
1614,0.9058824060458247,0.1884710830661155,0.47511651397914867,0.4663631158545811,2.048208475982006,0.22642282481307907
1615,0.9056959161393519,0.1896959719665691,0.4761604582635287,0.46742446983117747,2.046120734220936,0.22597544385967588
1616,0.905651151990285,0.1893086585101608,0.4752143661010805,0.4664957353683106,2.046028535661784,0.2255264490037799
1617,0.905681394445361,0.18908979882943924,0.474271097487334,0.4655697726512535,2.0459371721085677,0.22507879414296342
1618,0.9057892143175454,0.18887122969347345,0.47531359104964,0.466629520496293,2.0458465768132412,0.22463247438998013
1619,0.9056549837795298,0.18784550710940334,0.4763529774941458,0.46570514283005926,2.044854719539795,0.224187484878352
1620,0.9056103188226335,0.18746309158822277,0.47541028114863876,0.46478351841083304,2.0447653939638815,0.22374382076226945
1621,0.9058478534694496,0.18746309158807278,0.4744703907474389,0.4638646372151324,2.046653901379894,0.2233014772164922
1622,0.9058674337457107,0.18668641243006923,0.47550832905357543,0.46492352223419015,2.0445876169874126,0.22287796325756887
1623,0.9055387157994463,0.18584813916732404,0.4785162409531685,0.46400620072854964,2.0425608682952956,0.2263843297554771
1624,0.9055602871209004,0.18500683395401063,0.477573043881353,0.46309160420626727,2.0464248399061247,0.22593810657921676
1625,0.9053168118233071,0.184856386666273,0.4766326468003225,0.4621797227706947,2.042396875882309,0.227462324820669
1626,0.9050120557170712,0.18429697557606453,0.475695039547151,0.4632376951865963,2.0424331810925387,0.22701487262240513
1627,0.9051089481685675,0.18367379212276874,0.47672539445605533,0.462327348595916,2.040384609695541,0.2265687469778971
1628,0.9051836997043854,0.18346680034436874,0.4757894784595344,0.4633829173598059,2.042268546765687,0.22612394307805395
1629,0.9051664115635759,0.18346559364042261,0.4748563334820875,0.4663966168589359,2.0421857360094635,0.22568045613410775
1630,0.905176078286579,0.1832586732977523,0.47392594949018135,0.46548280795378183,2.047982087987729,0.2252382813775165
1631,0.9053480728459754,0.18325867329741471,0.472998316492637,0.46457170103315,2.0459308334359227,0.22479741405986756
1632,0.9053695488489967,0.18272555246813613,0.47402880560641497,0.4675740484565723,2.0458410211925484,0.22435784953098545
1633,0.9052495994814789,0.18342757621460767,0.4731028250989561,0.4666606768438271,2.041848311628183,0.22391989625802372
1634,0.9049568550370688,0.18412623619259158,0.47803399977162486,0.46575000056730925,2.0456695957170092,0.2234829239211614
1635,0.9047628286558627,0.18392308817574934,0.4771020611534537,0.4648420098968773,2.0436310380443703,0.2230472386615283
1636,0.9048970600622275,0.18482332351432665,0.47617286902859357,0.46393669514335034,2.041598604069852,0.22261283860954145
1637,0.9046580373365982,0.18460582160619907,0.47719204205617005,0.46303404665831244,2.0415181691901796,0.22217971671247141
1638,0.9050212642451584,0.18440225480970224,0.4782082154699246,0.4640777387398622,2.0414374724463955,0.22174786957287032
1639,0.9050420316840562,0.18368476383458326,0.4792214000724055,0.4651183610710944,2.037485041333217,0.22132067595921284
1640,0.9048296420430008,0.18348491990930096,0.47829180619787803,0.466155924700495,2.043249741821894,0.22089135801838866
1641,0.9048400356764399,0.18308456154058098,0.47930280446891177,0.46525257903810524,2.0470424029657726,0.22240116273172927
1642,0.9046910632084487,0.18288477258524669,0.48031083503048155,0.4662878097781142,2.0488872571897745,0.223906535526772
1643,0.9048606433363579,0.1828846631395103,0.48131590854457135,0.46732000367919413,2.048792782356189,0.2254074923254472
1644,0.9051146834313591,0.1828846631395103,0.48038597890953016,0.46641711492618587,2.0506305686523945,0.2249719922653981
1645,0.9053045014399428,0.18268475126702763,0.48138889924827266,0.4655168712993581,2.0486027196663446,0.22453776805755846
1646,0.9052504858799671,0.18268475048446778,0.48046068687346455,0.46461926331276604,2.050452814606709,0.22410481512647035
1647,0.9051757887282433,0.1835827315705388,0.4795351902340203,0.4637242815201552,2.0465045562821453,0.22559798676179732
1648,0.905226817414174,0.18357968128835492,0.4786123996024598,0.4628319165147735,2.0445647978192603,0.22516385864581673
1649,0.9052070458750638,0.18339731329850503,0.4777043004008588,0.46385258436614785,2.0425447098814544,0.22474578711091492
1650,0.9051744530792761,0.18408535175828827,0.4767868697284615,0.4629617559017376,2.040542503652158,0.224314730197143
1651,0.9051843870568328,0.1838877673613191,0.475872116191898,0.4639921064928487,2.042517583257036,0.2238843645436845
1652,0.9051729366234277,0.1836879457675705,0.4749600302249224,0.4631027904881494,2.0424360917073345,0.22345525390623078
1653,0.905203337610529,0.18417312778643347,0.4740506023011826,0.46604555861452385,2.050013825164515,0.22494809762730059
1654,0.9052318626669396,0.18416158901526314,0.47505665536742314,0.46706692398795896,2.0480396610940543,0.22451780961032955
1655,0.9053360480156321,0.18416150368617457,0.4760597803959706,0.46617439620139,2.046037260153378,0.22599969446957502
1656,0.9054193857202831,0.18416138740272558,0.4751509772329411,0.46719347493312996,2.0497673960087157,0.2255682586591253
1657,0.9053671470192255,0.18396175452284003,0.4742448155996407,0.46820959160787484,2.0517493797584376,0.22513807686116794
1658,0.905573048085543,0.18396059103621942,0.47524648247684603,0.4673175603860842,2.049745648823237,0.22470914461079605
1659,0.9055936689472073,0.18387831972644195,0.4762452417231446,0.46833141068749123,2.0477632085068294,0.2242814574616614
1660,0.9057805412445953,0.18347859582170206,0.47533971387775015,0.46744093011971494,2.0457710022294333,0.22385501098588695
1661,0.9058137604948203,0.18327920554634472,0.474436811148097,0.4665530310457797,2.041885085779578,0.22532929013557249
1662,0.9057161365477147,0.18327819818871688,0.4735365242098052,0.46756529511790906,2.038020587793946,0.2249017073427603
1663,0.9057970983818254,0.18319767759383154,0.47263884377716686,0.46857462848882014,2.0341584430412363,0.22447536248523228
1664,0.9060652793816226,0.18299836161149807,0.473637560035633,0.4676872421232252,2.0359875533833915,0.22594405060377815
1665,0.9063318569523563,0.18299836113284668,0.47463338859917165,0.4686943281323743,2.0321382347191697,0.2274084921475896
1666,0.9065770902198979,0.18299836113268197,0.47373632408147814,0.4715885197694808,2.035857563438975,0.22697868654556513
1667,0.9065200177070408,0.1829965720908096,0.47284184995125067,0.4725862275135468,2.037677286577185,0.22655012206167915
1668,0.9066683800141246,0.18259783098467272,0.4719499570403809,0.47169481676778163,2.0376062189269333,0.22612279430326623
1669,0.9065585416522493,0.1823989353349219,0.4710606362186595,0.470805976720671,2.0337666473581124,0.22569669889581923
1670,0.9064088946886721,0.18328932871227924,0.47017387839419983,0.4718021689404288,2.033703082656973,0.22527183149554625
1671,0.9064758658512744,0.18308976213024025,0.47117026363750836,0.4709149029115882,2.0355202928552476,0.2267287768653474
1672,0.9064983360704234,0.18289242621963123,0.47028507159769295,0.47003019062038875,2.0335748817021284,0.22630281936342683
1673,0.9065339427102805,0.18288052297062968,0.469402425663956,0.4691480230553515,2.0297807709964943,0.22587808705664586
1674,0.9067348794317092,0.18268122185860203,0.46852231685710155,0.46826839124214703,2.025975021739855,0.22545457562418406
1675,0.9068600559879391,0.18268113918209383,0.47139089982456905,0.46739128624342186,2.0259263689629066,0.2250322807630236
1676,0.906785120339482,0.1824821138988321,0.4705088286242469,0.4683879088078797,2.0240074904153866,0.2264824078371199
1677,0.9069104836397004,0.18248211389882246,0.4733679666944576,0.46751233284721927,2.0239626362806193,0.2260590353544284
1678,0.9070700333169204,0.18248211386350696,0.4762189076983457,0.46663926713756587,2.0239178883198425,0.22563687666842477
1679,0.9072334551906964,0.1818860755720901,0.477196076025717,0.4657687028524924,2.0276052901737462,0.22708153194354905
1680,0.9073324385254221,0.18168800300441595,0.47817044648571794,0.4667643709622331,2.027554294515105,0.22665831106361461
1681,0.9073340037777545,0.1819143360564934,0.4772801519521863,0.4658953131378336,2.026317056178934,0.2274532001015176
1682,0.9072005848663345,0.1815439197105873,0.47639240361902796,0.470608788027189,2.028032138897448,0.2288895974147706
1683,0.907358963737015,0.1822358069488616,0.4755071917778172,0.47530879380999363,2.0372708356299234,0.23032244154524845
1684,0.907511163850087,0.18203871178159461,0.48204970669009917,0.4799953773169514,2.035345366710245,0.22989489406808306
1685,0.9075053006434787,0.18187810389768144,0.483010216669342,0.4809596969356308,2.034263675393429,0.22946856678768268
1686,0.9072339202453985,0.18170208249638783,0.4821153963845943,0.48006867542488135,2.0304950513292632,0.2290434554314685
1687,0.9072807698644079,0.18152127153613523,0.4830738656891301,0.4810309326760005,2.0305280578378215,0.2286195557443504
1688,0.9072652989204039,0.18152125909785957,0.48218071557651065,0.481990449043679,2.0323207385908115,0.22819686348864582
1689,0.9072849305473757,0.18053995367207662,0.4812901078527746,0.48110019275009813,2.0304185564882427,0.22962241580207443
1690,0.9070494064226216,0.18040504544639877,0.4804020336367393,0.48021246896450626,2.026711079505197,0.22919871761345523
1691,0.9072464374110119,0.1802098663217996,0.47951648408349573,0.48117061981246484,2.030349079094949,0.22877622393571184
1692,0.9073643917509256,0.18020986632179864,0.4786334503842408,0.480284540008143,2.030293191006739,0.2301964391035659
1693,0.9075604814858352,0.18020986610475115,0.48143225966469333,0.483080311831933,2.0283977956907866,0.22977295409250603
1694,0.9076616245592526,0.18001467370222765,0.48422312780138044,0.4858681511302226,2.030183437552343,0.22935067064790474
1695,0.9078369058026694,0.18001467370040783,0.48333409787196313,0.4849761009506562,2.031964013480887,0.22892958458482526
1696,0.9079367552874487,0.18179011456067048,0.4824475871487684,0.4840865785356665,2.033739543727108,0.2285096917650878
1697,0.9077874639694093,0.18179011456067046,0.4815635868680416,0.48319957509172634,2.0336777769154377,0.2280909879782932
1698,0.9079808090339825,0.18159319298000112,0.48068208830168596,0.48414557442820333,2.0336161305469984,0.22767346912017278
1699,0.9081733308996881,0.18159179849610219,0.4798030827570978,0.483260235334721,2.0353899318732718,0.22908579406297627
1700,0.9083645595714642,0.18159096268550637,0.48258023205805833,0.48603106898752085,2.0353264150835586,0.2286672920612778
1701,0.9081799426139873,0.18139001668300778,0.4816995186376767,0.4869690670759868,2.0371235427969334,0.23007498144085278
1702,0.9083713035255273,0.18119323338585505,0.4826444764154799,0.4860812322696722,2.040702242023613,0.229655512134903
1703,0.9084668148751461,0.18119323024827258,0.48176540564939374,0.48519590192381407,2.038806774580326,0.22923722609444586
1704,0.9087524037186027,0.1809966323572606,0.48270835551608005,0.4843130673619704,2.036916695618161,0.22882011922018142
1705,0.9086020127507929,0.18048829919168946,0.4818309250199906,0.4834327199428674,2.0341778232008845,0.22840418742942556
1706,0.9086186201154953,0.1803603017314279,0.48095596484804876,0.48255485106023815,2.032530971304912,0.22798942665603353
1707,0.9086928284226385,0.18035946405531422,0.480083466457234,0.4816794521426617,2.034286050750023,0.22757583285032407
1708,0.9087478048200547,0.18016418533209427,0.48465025792435357,0.4808065146534032,2.0324116763876963,0.22716340197900375
1709,0.9085774305897386,0.1801641839354755,0.4837728143889779,0.4817464975789826,2.0341744218586553,0.22675213002509192
1710,0.9081253934545633,0.18016418393432984,0.4847064927799383,0.4844924988100737,2.0323039541210837,0.22634201298784581
1711,0.9084297475702509,0.17996947358094528,0.48383070076995716,0.4854239436274066,2.03405965646247,0.22593304688268614
1712,0.9084832114666724,0.17962864978888124,0.4847624091827705,0.4845477319411763,2.033998177276259,0.22552522774112319
1713,0.9084088557635429,0.17943401013237675,0.4838882661756935,0.4854772161319269,2.032135082816823,0.22511855161068292
1714,0.9079302323066774,0.17942269419390447,0.4830165715889048,0.48640409689516995,2.0320778751273174,0.22471301455483395
1715,0.9079762442414409,0.17934460125809598,0.4821473169950125,0.48552874598469636,2.035696499540026,0.22430861265291446
1716,0.907791722891463,0.17915011059758992,0.4830783324700231,0.48465584372714476,2.0338345526668213,0.2239053420000597
1717,0.9073806409359814,0.17914820348272115,0.4822107037228604,0.4837853817042509,2.037382162491647,0.22350319870712987
1718,0.9072553040950099,0.17895382912881988,0.4813454989105188,0.48291735153163245,2.0337265969165714,0.22310217890063821
1719,0.9072974372248387,0.17945509095166617,0.48048270970952417,0.4820517448586346,2.031873702624743,0.2227022908081001
1720,0.9072445552155385,0.18014800163831926,0.4796223278298665,0.48118855336817606,2.031816667766068,0.22230352655233548
1721,0.9075097898621711,0.17995334625905918,0.47876434501484755,0.48032776877659594,2.035337495263213,0.2236947257747279
1722,0.907604223658316,0.1797589580013809,0.4779087530409289,0.481256466568595,2.0334872605031364,0.2232949645686697
1723,0.9076985389258717,0.1795648367248267,0.4770555437175809,0.4821825781251084,2.0316421782724787,0.22289631661670317
1724,0.9077956437874727,0.17956483672482565,0.4779882220265418,0.4813225991614281,2.0315857440317835,0.2242822912467005
1725,0.9080018940982978,0.18006216163953534,0.477136575824242,0.4804650119976295,2.0350929431079945,0.2238826961795043
1726,0.9079965334466695,0.17929398548618986,0.47806724640762643,0.4813897581321196,2.0314705800796578,0.22348419624657911
1727,0.907908051788585,0.17929398548618927,0.4789953318945215,0.48053376500850875,2.031414620025139,0.22308680321527521
1728,0.90750534483605,0.17890897043665147,0.4781444477789922,0.47968014803064796,2.031358826325626,0.22269051330470488
1729,0.9075989308709769,0.17875186065922966,0.47729592411640126,0.47882889908700815,2.0313031764918352,0.22406994057962373
1730,0.9075461301205956,0.17856001117097958,0.47644975285352115,0.48152569829789416,2.0330205393374765,0.22367269950754726
1731,0.9075218793244328,0.17848107288181772,0.47737699811103596,0.4806728815481137,2.032968532404398,0.22327655902058482
1732,0.9076119892011751,0.17848106182140253,0.4765323740550896,0.48336102998880937,2.0346817741057523,0.2228815153682431
1733,0.9073947251692142,0.179363486114751,0.4774576167810909,0.4825066770162245,2.03285293581075,0.22248757182123774
1734,0.9073798141483903,0.179363486041116,0.47838030481851723,0.48342044959027636,2.0345606934343317,0.22209471063411085
1735,0.9073836030566251,0.17917073997675273,0.47930044300555036,0.48256769494897395,2.0362637444164147,0.22170293511972688
1736,0.9073873788767619,0.17917073997339597,0.4802180400110218,0.4817172953934638,2.0361998393452323,0.22131224158707952
1737,0.9072275431763616,0.1791706843209325,0.48113310446922863,0.48262972044626634,2.036141355773846,0.22092262635986634
1738,0.9072502297175773,0.1796656657584654,0.48028692705315823,0.4852983467587111,2.0431126676473585,0.2222982878101675
1739,0.9073872835739708,0.17946141655351555,0.47944308209150366,0.48620265702072013,2.04127998668294,0.22190771859083855
1740,0.9074775859201785,0.1794613787916126,0.4803567656792562,0.48534927216930684,2.0394526716190167,0.22151822527416787
1741,0.9076147505875481,0.17925719525362424,0.47951448426244303,0.48625168632306237,2.0411369738846488,0.2228832538925368
1742,0.9074089119450537,0.179255777105806,0.4786745201279668,0.48539992065123244,2.0394222651558147,0.2224928299416669
1743,0.9074413852084566,0.1792437634268376,0.4778368654298993,0.4863004431481833,2.0428799387971095,0.22210347944054318
1744,0.9071926451649502,0.1792422727381646,0.47700151235345073,0.487198491281829,2.0410591726451246,0.2217151987567712
1745,0.9069836004451169,0.18012507030172645,0.47616845311482947,0.48634762353048333,2.0392410149748113,0.22132798427466344
1746,0.9070575977018297,0.17993139366994987,0.4770823842738149,0.4889884993596572,2.0374278468300435,0.22094183238597548
1747,0.9070434325380025,0.17979117104894932,0.4779938090125626,0.4881362117298733,2.0373638998277546,0.22055673950364604
1748,0.9069971098995715,0.18028522571604788,0.4789027357926148,0.4872862599806129,2.0372989201011107,0.22191392044370423
1749,0.9068223399393219,0.1802852257160479,0.47980917304202214,0.48991759231687,2.0354945616027877,0.2215279060516345
1750,0.9066096980562525,0.18014519693020967,0.47897538972099,0.48906624319704345,2.031958870769921,0.2228806877079499
1751,0.9066334901202178,0.1799519142690847,0.478143887216509,0.4882172229450586,2.0319033906956174,0.22249376626270076
1752,0.9066887181904588,0.17956630673175722,0.47904892527542886,0.48737052371712647,2.030113795739319,0.22210790257076063
1753,0.9067989850944899,0.17956630596498896,0.4782189567112096,0.48825867172865234,2.0300675074139383,0.22172309307162144
1754,0.9068894295851314,0.1794107192683115,0.479122056572423,0.4874135924672535,2.030015466521447,0.22133933421883006
1755,0.9069982254207993,0.17923876932478672,0.47829361983719226,0.4865708190659634,2.031693399712435,0.22095662247992542
1756,0.9069661660016112,0.17923876931247743,0.4774674421200183,0.4891850322060722,2.0281839689005423,0.2205749543363757
1757,0.9069885011674979,0.17921222488520697,0.4783691335684424,0.49006650357324505,2.0285582607742025,0.220194326283516
1758,0.9071164864480917,0.17882811665036627,0.47754447637785724,0.49094557434733876,2.031956919807562,0.2198147348304864
1759,0.9071345901379224,0.17780154786617192,0.4767221995255125,0.4918221166873681,2.0301936146857336,0.22115901895625653
1760,0.9069971618737667,0.17867272846439236,0.4759020234665245,0.4909759619964616,2.0353030145022952,0.22249901508587475
1761,0.9071613371486985,0.1786727284643923,0.47680280588359253,0.4935695654470174,2.035242338187632,0.22211659956515484
1762,0.907138597255786,0.17859481262329632,0.47770114131500413,0.492722100985255,2.033469040305442,0.22173522288053593
1763,0.9071382580924559,0.17914823495095883,0.47859703794970465,0.4935922322425384,2.0300483394501208,0.22142227947204185
1764,0.9071788030004936,0.17914823495095886,0.47949050394448656,0.49274642217451914,2.035137590965711,0.2210428545519811
1765,0.9071829509703816,0.17868985870136084,0.4786696795592835,0.49361477327372855,2.0385028270781644,0.2223763262573685
1766,0.907201039683003,0.17812688128493204,0.47785107932663745,0.49448077143928676,2.0350181723947323,0.2237061847117894
1767,0.9072735772311289,0.1779402284139901,0.480451590921771,0.4936359769765153,2.034960699089694,0.22332399442847026
1768,0.9075087897518862,0.1777537083410566,0.48133832495112117,0.4945002086873778,2.031487564400766,0.22294283844383067
1769,0.9074858962360419,0.17767724115488748,0.4805176267078388,0.49365706898389855,2.028023809068479,0.22256271330860106
1770,0.9073631405151167,0.1773051750563912,0.4796991466724344,0.4928162081437503,2.02627282100486,0.22218361558701158
1771,0.9075794085499127,0.17730517505639123,0.48058450486577137,0.49367924598575236,2.0245264871618294,0.22350716926647907
1772,0.9077768766103451,0.17730516698146057,0.48146747309947413,0.49284002748740724,2.026184720607274,0.22312722347680616
1773,0.9078653010675418,0.17693755617860213,0.48064983176938003,0.4937013005279851,2.0261548042710698,0.22274830267742313
1774,0.907849860034993,0.1769316584656901,0.4815309250023117,0.4928637213731216,2.0278519381034146,0.22406693363720268
1775,0.9078346517383523,0.17693165437947403,0.4824096442752059,0.492028398936807,2.0294996055041503,0.22368717726888665
1776,0.9078373250838732,0.1769316543771986,0.4832859974728445,0.4945816067389297,2.0328359396041664,0.22330844344801423
1777,0.9078728487019153,0.17674597009224363,0.4824685442358505,0.4954364957772383,2.034473411539486,0.22293072878030357
1778,0.9078754616801956,0.1765608819475957,0.48503280456261966,0.49628908579855197,2.036110367451578,0.22255402988470066
1779,0.9077562458189059,0.17656087252610944,0.4859021045655441,0.49713938442547034,2.0394255641128045,0.22555448078858192
1780,0.9079161498157259,0.17723862732909307,0.48508268825886675,0.4979873992509176,2.0427318405419657,0.22517410990343484
1781,0.9080247752576036,0.1772386273290837,0.48763486329448974,0.497148441904155,2.0426598723718605,0.22479475999601073
1782,0.9080799264789858,0.17705286902177717,0.486814167928811,0.497994747151006,2.0442710895387495,0.22441642769935916
1783,0.9080643322368727,0.17705285258379616,0.48767700261735336,0.4971574536878961,2.0442077690354643,0.22403910964730717
1784,0.9081873033021467,0.17686723048820815,0.48853752564269676,0.4980020528790987,2.0441337724957167,0.22366280248675832
1785,0.9082400183331473,0.17649689980122343,0.4893957446427872,0.49716642007064693,2.0457376903422055,0.22328750287763488
1786,0.9086075836816494,0.17631219106159354,0.49025166722593144,0.49800931672125104,2.0423084399265155,0.22458950097091807
1787,0.9084094701000625,0.1763108355762684,0.4894306829484406,0.4971753413441032,2.0406682945532304,0.22421339934493079
1788,0.9085486449154945,0.17631083557619262,0.4886118927057913,0.4963435947197885,2.03892731452461,0.22551124707112527
1789,0.908635658567904,0.17631083261465041,0.48779528926544163,0.49551406950131877,2.0371910110258757,0.22513435640811658
1790,0.9086663423122538,0.17629960567365513,0.4869808654228562,0.49468675837015524,2.0338098048845743,0.22475847170467875
1791,0.9087885971479372,0.17629960567365513,0.4895044798603756,0.4938616540360838,2.032085479468171,0.2243835896485392
1792,0.9087339041437128,0.17611647687419218,0.48868883527182727,0.4947050150673455,2.0287016380896383,0.22400970694023775
1793,0.9087245103778957,0.17709752021276717,0.4879000007224312,0.49552149222006425,2.0270151919292143,0.2269432456093409
1794,0.9082880915907368,0.17683028930394343,0.4887515905688927,0.49469747138024134,2.025310588704928,0.2265658533735343
1795,0.9084108796161474,0.1767915287144243,0.48793964000317597,0.4938756430742131,2.0268219124273372,0.22618946529343698
1796,0.9087569289409785,0.17679152871442422,0.4887894625860809,0.49305600010354117,2.026777398568202,0.22747369215155083
1797,0.9088257322324828,0.1767915195180115,0.48797907150856507,0.49389649059231455,2.0333659139587055,0.2270965509392303
1798,0.9089805726685519,0.17679151951634461,0.48717083266632344,0.49307845073968426,2.0349669483977886,0.22672041133791346
1799,0.9091692325828717,0.1772812611702648,0.48636473900543775,0.49226258208169166,2.038218390554807,0.22634528481980953
1800,0.909323108536479,0.17709645576164862,0.4855607834991599,0.49144887750637967,2.0365022769987,0.2259711385804604
1801,0.9093364780284898,0.1769136297016673,0.48475895914779293,0.4906373299291704,2.0380933655136446,0.22559798414176332
1802,0.9095406139498012,0.17691362970166646,0.48395925897857267,0.49147761850097166,2.0413299023544265,0.22522581825872098
1803,0.9095905048514591,0.17654521546162483,0.48480971339213613,0.49231568237725715,2.04620590564916,0.22485463769881514
1804,0.909675131487283,0.17636146378627607,0.4840115274636326,0.4931515288284619,2.0543617833892323,0.22448443924195216
1805,0.9095038449293494,0.17599492762607688,0.4832154521340659,0.49398516509709095,2.057562385937347,0.22411521968040865
1806,0.9095375426901767,0.1758119776431208,0.48242148051380995,0.4948165983978413,2.059112422647509,0.22374697581877753
1807,0.9095703912096146,0.17581197764273546,0.4816296057396775,0.49564583591772343,2.0606568613941327,0.22337970447391411
1808,0.9097264380530484,0.17581197764104864,0.48247963870083427,0.49483306709015307,2.0620994083078528,0.22301340247488266
1809,0.9098609017717928,0.17555091173177212,0.48332742954798963,0.49566062081370393,2.0587213408734453,0.22428624539084174
1810,0.9099447944550573,0.17536852261969593,0.4825364442152321,0.4948494517032403,2.0602617863767945,0.22719227440803436
1811,0.9098577032642161,0.17536852261969596,0.483382448303489,0.4940404195413952,2.060163264044639,0.22682083647618217
1812,0.9098909452698506,0.17428112228440426,0.4842262250561049,0.4932335173765487,2.0649665007964164,0.22645037645561375
1813,0.9100242166146097,0.17428094288064072,0.4834361426135736,0.49242873828367323,2.0616256068975254,0.22608089116695254
1814,0.9102741197265135,0.17410072947622657,0.4842781459769434,0.4916260753642181,2.05989521545516,0.2257123774429778
1815,0.9102551190027908,0.17410072947622798,0.4834895575732437,0.4908255217459942,2.0581693042556983,0.22697321121246875
1816,0.9102727491824387,0.17392065875248577,0.48595654323864096,0.49002707058305933,2.058074685576231,0.2266039821964164
1817,0.910201847199676,0.17392058827063123,0.4851668028292988,0.4892307150556044,2.059605750676056,0.2262357222683461
1818,0.9102325456779556,0.1739205825513355,0.4843791339101826,0.4884364483698396,2.059509512232095,0.22749192955362907
1819,0.9103839313532502,0.17372894904451164,0.4852154083468753,0.49088802091237616,2.059413463729737,0.22874484384383656
1820,0.9103813294158398,0.17372894904430036,0.48442923443785435,0.4917129134195873,2.0576969411153416,0.22837421829287602
1821,0.9105777532429605,0.17372894904430033,0.485263756902487,0.492535646244191,2.055984912702326,0.22962320115252716
1822,0.9106236752750178,0.1737289490443003,0.48447907558939135,0.4949732466042519,2.0655965053685676,0.2292518957903717
1823,0.9105850595387852,0.17372894904429795,0.483696446142747,0.4941736648315564,2.0622597324687706,0.22888156135616253
1824,0.9106500546842812,0.17318948376601256,0.4829158619334889,0.4933761725975844,2.058931679666069,0.22851219471307532
1825,0.9105820345798551,0.17404492251138093,0.48374949279904855,0.49419293959672267,2.0588367053553234,0.22814381342398082
1826,0.9105790598508857,0.17386492620787827,0.48458094783366523,0.49500757478070956,2.055520826469538,0.2277763729669893
1827,0.9105760952789338,0.17386492620777239,0.4854102340548428,0.4942111297144692,2.057040451259985,0.22740989096207037
1828,0.9104246887075783,0.1747194750156307,0.48623735715862354,0.4934167621537487,2.0553414247996686,0.23025906055567627
1829,0.9104244238346159,0.17413127578638085,0.48545658616671583,0.4942302033526401,2.055252560663364,0.22989138607312104
1830,0.9105042501926912,0.173984915011085,0.486281983614598,0.4934373910504196,2.055163928078886,0.22952260909871333
1831,0.9105204399985286,0.17288253499537715,0.4855027010076123,0.4942491740154586,2.0550756581096765,0.22915492370373527
1832,0.910385503051098,0.1735445720279232,0.4895282367007826,0.49345791539046996,2.0533865557516564,0.23038899374292762
1833,0.9102349880405198,0.1732925075427593,0.4887453192699706,0.4974667045510923,2.0564998357571613,0.23002052560249053
1834,0.910101147190825,0.1732924769409005,0.4895621672084879,0.4982696180536887,2.0548205135861224,0.23125074641037469
1835,0.9101636427282287,0.17294381841375686,0.48878075989007447,0.4974743124680665,2.0563358685636595,0.23088163899616415
1836,0.9100136976812904,0.17311664053853903,0.4880036649705332,0.4998678639006029,2.05624375338865,0.23073505652113818
1837,0.9098667504585893,0.17342196228291112,0.48722630151479235,0.4990716014173713,2.054569037495918,0.23037419037975224
1838,0.9098490104242506,0.1734219622829111,0.48645095209423506,0.4998687557220019,2.052891010569953,0.2300075835392205
1839,0.9099548403922085,0.17337897607635067,0.4856776102575517,0.499074082754488,2.055118233087882,0.22964192594036176
1840,0.9101159750510974,0.1733777098831817,0.484906269577763,0.49828146614189056,2.05662475437784,0.2308653888053756
1841,0.9101139581939122,0.17320356267536083,0.48413692365211536,0.4974908993048484,2.0565349144080325,0.23049910080830527
1842,0.9101119419390703,0.17320355993039985,0.48336956610197684,0.4967023756887875,2.0532753327689437,0.23013375948302248
1843,0.9100455706271375,0.17302944739817475,0.4841876074506627,0.49591588876381454,2.051607559309554,0.22976936180407584
1844,0.9100596367740974,0.1730294405293687,0.48816720566604993,0.4951314320246112,2.051531865528207,0.22940590475740014
1845,0.9099615904334618,0.17268208236970461,0.4889760310817146,0.49434899899032875,2.051450439302545,0.230623638549164
1846,0.9101378067988347,0.17233591740663504,0.4882040974592422,0.4951472569500343,2.048211906337996,0.230259559065883
1847,0.9100927606836062,0.1721777285583574,0.48743415279787494,0.4943663622605727,2.0515165891180818,0.23147351352923154
1848,0.9100927583521133,0.17300585619171346,0.4874479101264573,0.4943812785763758,2.048284384618,0.23110983143724467
1849,0.9101028543419957,0.1729494493672977,0.4867302756122502,0.4982754025874168,2.046658384107761,0.23231984139561462
1850,0.9099391424205389,0.17442949859623555,0.4859649547192869,0.49749192846395046,2.043440276462142,0.23195454826356454
1851,0.9098486334493842,0.17450854625031964,0.4867724010081987,0.49828126818161195,2.0440024621662007,0.2326507188342177
1852,0.9095555327388549,0.1745085462068014,0.48600854312296177,0.49749935023602165,2.0455026434176338,0.2322856363321706
1853,0.9095065950293504,0.17416094727859208,0.48524664618449576,0.4967194396002991,2.0470040931841527,0.2319214910559705
1854,0.9098574849537845,0.17398728498351387,0.48448670396493343,0.49594152989933005,2.0500626698176942,0.23155828002903583
1855,0.9098084645981313,0.1739871645868029,0.4837287102597113,0.4951656147818553,2.0499865171168445,0.2327605297126725
1856,0.9098187694100929,0.17384358532186206,0.4860985902461241,0.4959546535996953,2.0499256920176734,0.23239673299322963
1857,0.9098332236561529,0.1738435853048846,0.48533959420846245,0.49518026827026773,2.0514091423890397,0.23203386792213762
1858,0.9099095722400473,0.17384340129772352,0.484582540702026,0.4944078648585421,2.049769746554366,0.23167193154723922
1859,0.9097812523849519,0.17397341899148927,0.48382742357491665,0.4936374370878853,2.052808759841306,0.23131092127823177
1860,0.9098447850338099,0.17364499212647133,0.4830742366981958,0.4928689787050894,2.054283277359481,0.23406428609010943
1861,0.9096677846506208,0.17364499211423423,0.48387814432126675,0.49210248348027147,2.0541988578170867,0.23370027625110548
1862,0.9097923681846284,0.1734741510659753,0.4831263835123682,0.4913379452067749,2.0541309273644854,0.23333719577149262
1863,0.9098079829704179,0.17343311569203987,0.48237654086875226,0.49057535770107047,2.0602654096454245,0.23297504711921557
1864,0.9098066004184858,0.17343311569199343,0.48162861033287735,0.4913652266383457,2.06172252298371,0.23261381655123742
1865,0.909806275102841,0.17220944720962125,0.4824315479685995,0.49215308262443963,2.0600779550361135,0.23225659220216394
1866,0.9098048974302342,0.1722094472011826,0.48477985450212707,0.49293893200903144,2.066174645333361,0.23189719512047507
1867,0.9099761380785903,0.17220944720032888,0.48403044919164895,0.49372278111818924,2.066072348519942,0.23153871283641492
1868,0.909990153073175,0.17204122934486396,0.4832829502351432,0.492960314078553,2.062881667196758,0.23118114246759838
1869,0.9100686890301058,0.17153826912077216,0.4825373516293819,0.4921997854427015,2.0627846547050823,0.23082448114234724
1870,0.9101314531965435,0.1710379706191737,0.4817936473934249,0.4914411891099309,2.059605415596699,0.23046872599964485
1871,0.910066780193025,0.17184355411579613,0.4810518315685259,0.49068451900217575,2.057973935215761,0.23011388418975062
1872,0.9097951936700303,0.1726478237077469,0.48185005544702075,0.4930060835109336,2.056346685682319,0.22976018861076558
1873,0.9098338512948861,0.17257860999225014,0.4811096350933944,0.4922485205832829,2.0578155157785725,0.2294071345472092
1874,0.9098412861898626,0.17251891348315002,0.4819061753826102,0.4914928777626225,2.0546899114746493,0.22905497532888702
1875,0.9099337683231387,0.17332259160082758,0.4827006979955779,0.49073914902288446,2.056139591470072,0.2287037081549424
1876,0.9100259905291097,0.17315350403754004,0.48196119237570245,0.49151934524560376,2.052989550897654,0.22835333021231824
1877,0.9100397900696297,0.17361737796880047,0.4812235576945449,0.49382805321712586,2.0590303960337177,0.22953935205955114
1878,0.9101641083252614,0.17361737796873222,0.48048778809028186,0.4930730118948966,2.0574111852489634,0.23071735242335548
1879,0.910241837459144,0.17504730277377104,0.4797538777227513,0.4923198785076414,2.0588509212254498,0.23036494865353319
1880,0.910082371151651,0.1755032945047647,0.47902182077336136,0.49156864708436443,2.05876112616839,0.23002002654250941
1881,0.9100573618063391,0.17532124566516405,0.4782916114449995,0.49234368759531916,2.055648070989876,0.2296693895531125
1882,0.9103051510543643,0.17532124566516405,0.47756324396194194,0.4915939208757029,2.055563327334285,0.2293196369937925
1883,0.910226411623157,0.17532115786842356,0.476836712569764,0.49236737440490147,2.05547882422926,0.22897076610134978
1884,0.9102857891030812,0.17532110682173888,0.47611201153525035,0.4916190697207486,2.055394737211733,0.22862277412276916
1885,0.9103933476700039,0.17611694824617713,0.47690742576295586,0.4939092302774489,2.0553106318642,0.22827565856274928
1886,0.9106840066678079,0.17594792331200504,0.4761840654262083,0.4931600820615983,2.0552344060768704,0.22792941619299575
1887,0.9106962488439917,0.17594792330687473,0.4800082953080769,0.49241281777162804,2.0566661120366168,0.22758404453873946
1888,0.9104926642894975,0.17594792316157182,0.48079542887607196,0.49166743153819054,2.0551054529865955,0.2302670259687875
1889,0.9106297552041932,0.1765728192817373,0.4800683558152208,0.49092391751351483,2.0535098913288037,0.22991887600571373
1890,0.910644842313864,0.17650259307763919,0.48085382595480347,0.4916929879596805,2.051931104912683,0.22957153340087563
1891,0.9108119591244396,0.17695522493241622,0.48012811745355105,0.49095092090705805,2.0548711598759297,0.22922507589293237
1892,0.9109146266509011,0.1769552249324162,0.4809119281201456,0.49171841403643984,2.051773031302996,0.2303871729928938
1893,0.910914197326133,0.17740604453830375,0.4831956655021275,0.4909820933595391,2.0501867067438186,0.23004243156797358
1894,0.911125422708725,0.17723576718351838,0.48246860712776196,0.49024331884617584,2.0501112168794995,0.22969628964603167
1895,0.9111667343266653,0.17723574344096563,0.48174336835040593,0.49100957660207406,2.047030094910772,0.22935101400777239
1896,0.9108553470471057,0.1772357434395204,0.4840233053634716,0.4902722368901121,2.0529661944063466,0.22900660196640865
1897,0.9108670976375208,0.17716198546182713,0.4847973632751051,0.48953674029159555,2.0498863756444936,0.22866305084498978
1898,0.9110469296980782,0.17716186165473782,0.48407080689220544,0.48880308109650433,2.052810062458609,0.22981903853433885
