0,0.5,0.5,0.5,0.5,0.5,0.5
1,0.497535796217342,0.49343503133572014,0.49500056250351576,0.5049994374964842,0.49500056250351576,0.49500056250351576
2,0.49080602489622216,0.48950314976839243,0.5000488526154541,0.5099477726025164,0.5000488526154541,0.4900522273974835
3,0.4907818585383295,0.4897270721803056,0.5146952979181749,0.5151879310992854,0.5050450660850474,0.49514834611001973
4,0.4908493303800442,0.4898571673822358,0.5295543299636144,0.5200079112602736,0.5099891275362389,0.5001912656045481
5,0.4879624912482651,0.4895460636255074,0.5523306714259468,0.5167030539712322,0.5048978370396873,0.5051809238582728
6,0.48671600620441585,0.49087392531958857,0.5468204016491591,0.5115482194324928,0.5048606094428731,0.5051302995617473
7,0.478517097948581,0.4891946163666294,0.5513379404860724,0.5064488306765783,0.49982788639292636,0.5000948880951321
8,0.47489239544199663,0.4871076825160046,0.5591197551773236,0.5080510523396143,0.49484981676575124,0.5050737268550145
9,0.4750590041643835,0.47990362590643587,0.5634821249149965,0.5030203677958729,0.5001031842744542,0.5100463088933225
10,0.47739774723344314,0.47088530028001363,0.5584086375127354,0.5074329341989943,0.49517575841008493,0.5154421711901992
11,0.4759798919177371,0.4725345725542356,0.5859241570051616,0.5288938201080021,0.49604372101783706,0.5144868637436115
12,0.4702026100876698,0.47238638239143166,0.5813516262280802,0.5422407960612808,0.49112664371336007,0.5192995556942589
13,0.46841626557559235,0.47211300995000594,0.5854632687853905,0.5369058245599881,0.4961313412859864,0.5240897488604612
14,0.4687107201033839,0.46733640433295137,0.6192035306197735,0.5316037482728815,0.5012047380444564,0.5287948791910961
15,0.4627217027939153,0.4654343897860151,0.6328262215094917,0.5263590408166207,0.4962599417835661,0.5235778835345823
16,0.4489505604669091,0.46071176305329276,0.6462902320134903,0.5211754249764645,0.4913727437009165,0.5184216567004529
17,0.4429776989874969,0.4606989640131946,0.6792545978544562,0.516052674778984,0.48679726564934683,0.5133259739092693
18,0.43894418885378034,0.4613627334939423,0.6725915735233471,0.510990550004198,0.4918314421897834,0.5181001725914931
19,0.4355694413629956,0.46079144535765304,0.6660080131007559,0.5059887966463573,0.48701722484771287,0.5130500883812756
20,0.43409388132252646,0.4607890764084575,0.679036207749209,0.5108134688925288,0.49203483668307485,0.5080394762625522
21,0.4300429424386822,0.46012164850290593,0.6867952474174923,0.510947922760084,0.5113591221821601,0.5276874489287408
22,0.42865882896039775,0.46011912172399877,0.7189966578336601,0.5059820043261904,0.5063988592754792,0.5322779273468581
23,0.4231661542580603,0.4582984547236958,0.7314146732835682,0.5010770270007822,0.5111838168082548,0.5271180379789971
24,0.42189459089519776,0.45829812260469843,0.7340113020149854,0.4962327154336911,0.5159202204058488,0.5220219671735
25,0.4195916021768958,0.4583228235621183,0.7365755935183306,0.5010893359490086,0.5364771526156732,0.5401031176158622
26,0.41744487806433384,0.45658560325254055,0.741776729672753,0.5032160693402834,0.5347920219283114,0.5410769834169366
27,0.4115911592121537,0.45658560325254055,0.773000926083704,0.49839365046883216,0.529667004473623,0.5358917359363493
28,0.41434255408315124,0.4565837770631272,0.7942754592113601,0.503185498397793,0.5341688657789244,0.5307723595421032
29,0.41289676553518556,0.4549072737241677,0.8057116533036985,0.49843876345706695,0.538582175286439,0.5352625231515914
30,0.41107705247299364,0.4531302536894479,0.8170450799311817,0.4937087339214354,0.5429608875760381,0.5301830475380503
31,0.4081442360827301,0.44960828598184827,0.8187752093531433,0.4890399335081118,0.5378263298051057,0.5251693245442888
32,0.40057192117841434,0.4482161665321338,0.8276970305692111,0.496062788613859,0.5327586407107877,0.5296434346841299
33,0.39732008555484544,0.4481761208343498,0.8340771342438144,0.4960309232600376,0.5348324178333164,0.5270239734289214
34,0.39643304499015475,0.44582976184437456,0.835628784272929,0.49139222326525095,0.5392138604741831,0.5220954377506819
35,0.3968887341025492,0.44577745370240196,0.8744032977337999,0.48683079131514473,0.5356906540258543,0.5265501834674944
36,0.3879683499034276,0.44343334244254423,0.9033996806051452,0.48231442744507186,0.5307210137349386,0.521665339971937
37,0.38523952664972594,0.4430224593593297,0.9023991274773951,0.4889900278337388,0.531383694295798,0.5297571372499451
38,0.38388865309573145,0.4426727617880492,0.9308558159357201,0.48452980080923125,0.5264955261918088,0.5340828743538463
39,0.38492379007110367,0.4426727321079242,0.9223362258212566,0.48924505168428134,0.5216803308841031,0.5475085824621942
40,0.3843321596360216,0.43933817403738773,0.9503963589817143,0.49390178254044065,0.5169239895076948,0.5425167559152927
41,0.383738078151384,0.4360281225383784,0.9780723778743867,0.49849476755644806,0.5122327575366726,0.5375932623227648
42,0.37997017455274773,0.43580387821845246,0.9782704367514707,0.4939921674419031,0.5076060705123256,0.5327375092797021
43,0.3763100140124633,0.43567692271127173,0.9874544429375476,0.4895518269791731,0.5120320449159864,0.5279488991065522
44,0.3738052118681888,0.4338158441704165,0.9855586671491751,0.4871811729667407,0.5094603237944132,0.5391072031895566
45,0.36565608844546066,0.43150446874566695,0.9767882919002672,0.48284580274116007,0.5049266939223004,0.5343097490866585
46,0.36281848620634377,0.4295343269193944,0.9681409589907585,0.47857125478139795,0.5004566677626404,0.5384324219992568
47,0.36101708050562364,0.42728374402723246,0.9619567930037382,0.4808216734812429,0.49604964686984654,0.542496985608289
48,0.35922286023635475,0.42505247969436327,0.9558515751375397,0.4830488461415035,0.4917050296389722,0.5465039947696617
49,0.3576694689930145,0.41753784197738425,0.9475259773629311,0.4788414247142968,0.48742221167119615,0.5417438703308708
50,0.3558332424103284,0.4175378419773843,0.9653027149643458,0.4746941184556301,0.48320058612933064,0.5370517580196644
51,0.3533295769502697,0.41548060040879964,0.9656015077763969,0.47060632915535233,0.479039544083363,0.5324269810427124
52,0.3508073865455545,0.414803131696754,0.965895994108497,0.46657745687701996,0.47493847484605295,0.5278688606536195
53,0.3505880155880207,0.4126360089851683,0.9832061426485668,0.4626069002778507,0.47089676629861993,0.5233767165149097
54,0.34806152437843985,0.4101713519151178,0.9790858068104703,0.4629564393481907,0.4753720520604589,0.5358663607568317
55,0.34689428070061146,0.40791056070853027,1.0009622535714047,0.4793936996591931,0.47313464324050564,0.5383184508125876
56,0.34596475284026257,0.40736370934907856,1.0176600513553355,0.47538936353792627,0.4775355062068233,0.5338219210941835
57,0.3443699807581715,0.4068366320298284,1.0175134846644067,0.4797432832103643,0.4818716143212476,0.5293915538803105
58,0.34098779383600714,0.4065300420443034,1.02309028458172,0.4865568456492569,0.4836197059359712,0.5277031185985511
59,0.33703395044687384,0.4049035877307019,1.0310915807036236,0.48257174309501294,0.4878490749135874,0.5233810109874591
60,0.3350029658200618,0.40223087252224865,1.0389737563510386,0.4786459693419926,0.4838803694907464,0.5191232493900104
61,0.33497868192087826,0.40222811102848044,1.0628966446479835,0.47477887798389234,0.4799821956258026,0.5230083814657738
62,0.33198121512222617,0.4011948904587018,1.0857015167066792,0.47172895395067804,0.4843440322402381,0.5426912091210596
63,0.3333084214976239,0.3991834851042784,1.1009508188981776,0.46797116224371904,0.4804857697015721,0.546334132572746
64,0.3310457783441749,0.39871268999540904,1.0954487557555774,0.46897383597739123,0.48609315130849606,0.556331888274447
65,0.3323245302835979,0.3967198052887962,1.1104009448260637,0.46529203141275366,0.48233884311928965,0.5519642559492163
66,0.32751753279287554,0.39559322109766265,1.1173331022860555,0.4616662658413165,0.47858024109501085,0.5476631012747892
67,0.32881434630391276,0.39559215036587286,1.1164256843066294,0.4580958815085343,0.4903515550554224,0.5434276439734613
68,0.3282113908552346,0.3953016943432263,1.1155321750164384,0.4699292296452515,0.4865883504626307,0.5392571067648667
69,0.3246510627021163,0.3952994479219391,1.1222673127057066,0.47396566774119014,0.48292277190012195,0.5351507155979012
70,0.3240967118439894,0.3937420962009747,1.135260815315796,0.4715774992356361,0.47967186683251245,0.5417866524120112
71,0.3240477048062217,0.3948377055312548,1.1556494251301148,0.46912453234204465,0.48330116394115813,0.5380182397344836
72,0.3230061664828156,0.394477775924441,1.1542135611058268,0.4659159482533753,0.49429721170351426,0.5491651243226927
73,0.3210762176408159,0.39050777290133093,1.1678220414964728,0.46248087694074075,0.49065289307007137,0.5451162795223976
74,0.3198925302247846,0.38932744493709465,1.1812176827434557,0.46641085181161834,0.48706557225232217,0.5411307594016685
75,0.3142235922572483,0.3874739518688538,1.1726543237863685,0.4630295584193053,0.4835345403419731,0.537207776362069
76,0.31414277887241904,0.38866151891212186,1.1842548840093712,0.461235141850163,0.4867354653034711,0.5338621749915995
77,0.31272195793993307,0.38840374981746284,1.1809112774433117,0.459979440570377,0.48529806665729397,0.5351581276039371
78,0.311293175474279,0.3839254578362881,1.1725708063922493,0.4637934661698721,0.48187053187681933,0.5313784441033401
79,0.30972799144020274,0.3833347880036916,1.1713628210587483,0.4605469396187165,0.48549740719502815,0.5276588267449072
80,0.3070401509412875,0.3830361874151538,1.1771110019048692,0.4573521673295484,0.4890664649496172,0.5239985053904429
81,0.3073005149000942,0.37959578564738505,1.1896403442242214,0.4542090670001303,0.48574132304076373,0.5272705749532427
82,0.3065927559151913,0.37918780786056233,1.2155897404871467,0.4511158022874584,0.48374481853050927,0.5236797451305244
83,0.3053769839143975,0.37512637330892973,1.2073886442923625,0.44807230499036527,0.4804811863539928,0.5201466880290763
84,0.3046775042170639,0.3745586710757218,1.212224902390952,0.4455385358250635,0.4901752287122851,0.5238140692399642
85,0.30220614762879966,0.37397237508791575,1.209879771589172,0.44353001507257783,0.49354969326741427,0.5335847539549268
86,0.30006510189992547,0.3721719907440164,1.220381550810985,0.4418548642768059,0.5026027729136784,0.5374634118160483
87,0.29560414531202994,0.37056404286097555,1.225441749379609,0.4454775661507917,0.4993405748028848,0.5339749469266034
88,0.2926445422686048,0.3689921588739561,1.2368456224243327,0.4426147862973379,0.5025579707500712,0.5305434548909459
89,0.2914356431737134,0.36805266731883995,1.240959260297082,0.44690233825812886,0.5057226656569953,0.5398920450196589
90,0.292200316086308,0.36805266731884,1.258334281046387,0.4440879769881376,0.5025379005414141,0.5364920823624887
91,0.2909423330119334,0.36475595416164874,1.2629570677341433,0.44131998605131795,0.4994055924714207,0.5331481385977276
92,0.2903081891724311,0.36344212075800975,1.2610755328524497,0.438857237086823,0.4963250439338693,0.5360278817175009
93,0.28858584290588735,0.3630729287487182,1.2642671026236376,0.4374972342753181,0.4932955476721533,0.5327560450780121
94,0.28897876075020673,0.3630729287487182,1.262671122511717,0.44089433977230985,0.4903164031794507,0.529538588027897
95,0.28754125311273077,0.36292839285593326,1.2730511166664606,0.43826013462612445,0.4873869167333751,0.526374761351403
96,0.28589334813291545,0.36016591099822604,1.2773474720151707,0.43566996451004564,0.4845064014253434,0.5232638231916418
97,0.2847632824839412,0.3579092855272259,1.2757262132847071,0.43312321790215136,0.4933653508500438,0.5202050390768227
98,0.28247621287975255,0.3577819405604431,1.283866366117912,0.4324473350866832,0.49051315662491535,0.5229787815263746
99,0.2792841696566076,0.3575909611948971,1.282243595049999,0.4299751752694712,0.49423555156950183,0.5199890830728395
100,0.28021181627384917,0.3575908577929539,1.2919529032799646,0.43319713777014485,0.49144218688693087,0.5170499385764356
101,0.2772335139719618,0.3575908577929539,1.3294378354253142,0.43077640859505995,0.4886959812084069,0.5141606353882138
102,0.2781049517578468,0.35486929652205024,1.3276180569246827,0.42839684692167646,0.4970560660285479,0.5113204683838911
103,0.2799164111801108,0.3548615810617609,1.3422077986622272,0.42605890686140035,0.4944693062796917,0.5194484218242381
104,0.2773878892513655,0.35394958855534253,1.3511531112172752,0.4237599274804733,0.5025930280619987,0.5166455201784863
105,0.2754358638375593,0.3525081815459811,1.3706092654402053,0.421500381176159,0.49991313280648525,0.5138906950993414
106,0.2733770796327621,0.3519799943260759,1.3633881972698603,0.4192797023415373,0.49727933563155735,0.5111832570022944
107,0.27270813462674487,0.3530540382790677,1.3658018790301427,0.4179972444576266,0.4946909731361556,0.5085235533542217
108,0.27129013543118896,0.3529569402132096,1.3793463018278287,0.41584800163411517,0.4972891524639927,0.505908845692569
109,0.27013847260676993,0.3537147480796433,1.3723410583887587,0.41373604723858926,0.49683875742670597,0.5063546152781735
110,0.2688275841153877,0.3511997465563107,1.3805050329006288,0.41166083943064763,0.4993625020851925,0.5038148533738728
111,0.2682602730051096,0.3492362258142452,1.3885265517185823,0.4096218425598998,0.5018422091494814,0.5013194085536018
112,0.2665025406645923,0.3492362258142452,1.3915170518858473,0.4076185271385456,0.5042785225512324,0.4988676327989123
113,0.26524904357971874,0.3481256205871012,1.3944550689110526,0.40565036981181396,0.5018436492498644,0.4964588855973192
114,0.26346661369624597,0.3481256205871012,1.3925749143857313,0.40371685332638646,0.49945163129267167,0.49409253390365576
115,0.2623504872290597,0.34758167326656686,1.3860231976822361,0.40181746649692623,0.5023561665210414,0.5053326214942977
116,0.2611785675611476,0.34700564973794223,1.4028040057041855,0.3999517041708298,0.5093101883727447,0.5029862064030094
117,0.2604653855472182,0.34658664153128405,1.4055404447585784,0.3981190671913159,0.5207228919709196,0.5006814503226457
118,0.2609301546998214,0.34658664153128405,1.403706885855131,0.40084033496480176,0.5183685618242172,0.49841773299704917
119,0.26076822303206254,0.3462349281922988,1.4062978671014907,0.3991212096966242,0.5160907271679896,0.5050813878513155
120,0.26067793611673246,0.34623387239708925,1.4133108480803929,0.39736490317352996,0.5138248307274311,0.5028588105624487
121,0.2590846661778625,0.3451498313928386,1.4158573650071382,0.3999806332747227,0.5115945804755759,0.500676158183978
122,0.2583061123138682,0.34249044063826695,1.426501355425014,0.402967622058924,0.5094045112885827,0.5028136979508689
123,0.2568846573901842,0.3415089109359821,1.4242848596573685,0.4016824429499401,0.5072540161794928,0.5049126128351492
124,0.2562584900552906,0.3403111307101968,1.4308440091437984,0.40001037982004584,0.5051424956168422,0.5028108387134322
125,0.25494303298129667,0.3391097195888946,1.4372839289307904,0.3983687108113454,0.5071734234868494,0.50074726983423
126,0.25373378716304507,0.3386379578637615,1.443606435632536,0.3967569728312354,0.5051214785249287,0.4987213240926971
127,0.2546417519462296,0.3386346577707202,1.4577893105762134,0.39517470854387493,0.5031429925335967,0.4967324266202066
128,0.25349015055121266,0.33856836981880706,1.4558144466532428,0.39379698005256336,0.5011653787746864,0.4987105300466651
129,0.25438641461013006,0.3376123200880612,1.473416019573319,0.3922716566443937,0.4992241523273603,0.5045256732994838
130,0.2543641591026109,0.33761999322226693,1.4789726337000282,0.3910444144841826,0.5010454968878066,0.5026928883202451
131,0.25519766637525065,0.33669758950645134,1.4734114498502684,0.3970943916379849,0.5029217052473678,0.5045635923209925
132,0.25557058824229195,0.33579084855183966,1.4790667776266075,0.3956233345265985,0.5011103645033402,0.5026944098891561
133,0.25502728346119674,0.3351717123459678,1.4773186260679931,0.3941796745168118,0.5065799281943687,0.5008600392811416
134,0.25428058472348575,0.33475024667441006,1.4791356443762982,0.3928244939897839,0.5083225354862292,0.5026847133971671
135,0.2533375591838736,0.33473556618344474,1.484332526195918,0.39162018548271194,0.5136021641928957,0.5115236868283594
136,0.254110513569548,0.33473556618344474,1.4931001085426023,0.3902553142266348,0.5118121754225036,0.5097409289347792
137,0.2535903573025266,0.33370622141344425,1.4948394997763323,0.38891618063453487,0.5169187870036811,0.5079917888812798
138,0.25395122511536666,0.3312428916740943,1.4931678773645403,0.3876023788783067,0.5185731942049276,0.5062757365861739
139,0.25375379712237056,0.3309723959874686,1.5015036930913956,0.38631350836462275,0.5234992922688656,0.5045922488052994
140,0.25294270833475374,0.3301978616853008,1.5096808224718588,0.3850491736803635,0.5250587934481252,0.5029408090607416
141,0.25181173049335326,0.32863620416102096,1.5048183532283428,0.3838089845381338,0.5233676530453486,0.5013209075696683
142,0.2510579346864114,0.3284219779115165,1.5127264819567583,0.38259255572190826,0.5312169923662016,0.49973204117333336
143,0.2507774284036183,0.3273714803830428,1.5109925347498625,0.3815346054174096,0.5325437126823631,0.501427138631415
144,0.24982702016651626,0.3261391465449497,1.5094249300863614,0.3834319114851709,0.5339777583995686,0.49988887834878803
145,0.2490805377757123,0.3255889230937043,1.510733858840107,0.38244630604284824,0.5323663866647397,0.5013980515550236
146,0.24796970137276547,0.32522129775659525,1.5062499027064278,0.3813111805872631,0.5337543535766874,0.49990986959926137
147,0.24691715654404214,0.32436449782232024,1.5106100623255492,0.38311709311044406,0.5351152943684634,0.498450665124178
148,0.24791322976181843,0.32267572059383015,1.509143984666975,0.3820179150213166,0.53358657979332,0.5056303572172173
149,0.24691290213907785,0.3222017500889626,1.5048849822774188,0.380939810327888,0.5320807284355542,0.5042034019886242
150,0.24632524064097702,0.3221637302658003,1.5034841976649924,0.3826573698083598,0.5306044902365111,0.5028045083953689
151,0.24601752503770935,0.32153185199528356,1.5020773662970277,0.38164743893808334,0.5292343700810284,0.504194188658034
152,0.24565929818789434,0.32130389489607536,1.500731494886404,0.3806243926677588,0.5278157014533927,0.5028426428814893
153,0.24451427685149457,0.32028067247558295,1.5046811997161036,0.38225608893786295,0.5264252125462281,0.5015179435308432
154,0.24393922697676182,0.31916651418014325,1.5033747134913318,0.38385526463668684,0.5250624368197871,0.5002196461401984
155,0.2429010539652479,0.3190791594940307,1.5020943544621828,0.3828789093673584,0.526636889236636,0.4989473121843444
156,0.24181474615243925,0.31906670577527074,1.5056799855351375,0.382079582255209,0.5253208934826455,0.5001993764114567
157,0.24046261372952446,0.31732447844435835,1.5068933867108025,0.38114169626892547,0.524031394835816,0.4989715432393332
158,0.23968950455206586,0.31710439202956786,1.5032602485855595,0.38022275904347447,0.527589972939864,0.4977685168320628
159,0.2395658663772372,0.31710439202956786,1.5091703766732216,0.3793242085863801,0.5287081259676322,0.4989581608161249
160,0.23856549595069568,0.3167279478424202,1.5079864650091992,0.38076739016703715,0.5274787855623905,0.49779799436985783
161,0.23885758629315582,0.31672688618392236,1.5068267215781497,0.37989809047123496,0.5285671691080126,0.4966615114244911
162,0.23830786456244957,0.3160597917330386,1.5101734751422942,0.37904659834592713,0.5296238244405471,0.49554830928810534
163,0.23830731605586208,0.3171830808978752,1.5068507513815665,0.3782126099601701,0.5284585320455458,0.4944606566114235
164,0.2378384586851692,0.3172770965875262,1.5057561613466077,0.37955541606067505,0.5294489551360577,0.49564256099660564
165,0.23727948367400373,0.31721342048643886,1.5068036920758974,0.3787509630140268,0.5283268085219363,0.4945920657293255
166,0.23680183999470325,0.31685700472699607,1.5119891391401779,0.3800430610268416,0.5272279737893789,0.4935633938324912
167,0.23618901736831663,0.31655572541693716,1.5126278491416518,0.3816654063789647,0.529876308533798,0.49699479861546314
168,0.2364428950670609,0.31561268765429423,1.5156055029959299,0.3809015018248953,0.5288395274451325,0.49800194912895196
169,0.23583077345460193,0.3151334867784946,1.5163966616244842,0.3803136041446886,0.5315687011793496,0.4991480721915588
170,0.23608695635636515,0.3151334867784946,1.5154018725312095,0.3795809661291039,0.5305446845937352,0.4981865108666207
171,0.236132988574435,0.31513004277881396,1.514428120769014,0.37886382159711207,0.5333312109671411,0.4972452841875712
172,0.23564257487387547,0.3150569637438681,1.517180451894406,0.3781618975077798,0.5323431038868913,0.4963240337979014
173,0.2353489995221375,0.3147355208705724,1.5157793064444398,0.3779365546312112,0.5336542843246804,0.5004106078816452
174,0.23491392520427665,0.31437220862038495,1.5148606976297727,0.3790444567068824,0.5344848513516028,0.49951937089402354
175,0.23468801190190083,0.31417880035858164,1.5157077067316873,0.37838267955691235,0.5352975984657986,0.49864725550023287
176,0.23420990676544887,0.3136214673425605,1.513897828156211,0.37866249971521215,0.5353088898532504,0.5002891759471927
177,0.23385295984647883,0.3128286505751287,1.5197446748622319,0.3797045991540091,0.534411076517594,0.4994500972351371
178,0.23406641416924284,0.31282309939925607,1.5205336229941553,0.37908091258242516,0.5335577408341124,0.5002729742022771
179,0.23393970458145183,0.31275372873499935,1.5213035078465267,0.3784726914395776,0.5326984837282774,0.5010777493278769
180,0.23371660488422646,0.31254189038201985,1.5189032236626925,0.37787554431502945,0.5334357833090669,0.50028715823913
181,0.23326353994693108,0.31184367672721297,1.5165555809406568,0.3772914934304002,0.5326112958665167,0.5010595229281973
182,0.2327998644732548,0.31167181312747766,1.5233432209621525,0.3767202989198379,0.533318891629338,0.5003009517598962
183,0.23331331292558483,0.3109742619437727,1.5240499743482911,0.377644454535833,0.5355006157537003,0.49955914044556116
184,0.23317202646435953,0.31094235012189125,1.5320010650439684,0.3770961140114184,0.5347230677586486,0.4988337795465518
185,0.23295984434294004,0.31076002128571995,1.5369316822007473,0.37655997873445557,0.5339628268296676,0.4981245641061946
186,0.23267608890903352,0.3104687900223062,1.5375762557406267,0.376035821522355,0.5346115329036513,0.4974311936007091
187,0.2323877473486024,0.3096379068195825,1.5380920562186182,0.37563773704260317,0.5338830476215389,0.49811601604874367
188,0.23193141750528626,0.30956476156940077,1.5373743543744856,0.37647050523227005,0.5331709597112996,0.4987854239254436
189,0.2317179401985392,0.309512639118624,1.5445052471553629,0.3759790619260417,0.5324749601692802,0.498134311143896
190,0.23149211691181953,0.31008033390846174,1.5436003003918854,0.37570812653575575,0.5317947445514672,0.49750316514708526
191,0.2311578695087818,0.3098071375123211,1.5416708342763135,0.37523849971635714,0.5311300129238621,0.4968812972326404
192,0.23116536050934783,0.31079079904123874,1.543362637294581,0.3748712576585961,0.5317339670343219,0.49868898486435886
193,0.2309189911405367,0.31067082714735833,1.5439089400033303,0.3744227766532796,0.5334905418932463,0.4980923732738381
194,0.2307956578409473,0.3105839079768094,1.5432724482049456,0.37398462054121634,0.5328662418873871,0.49750949682686346
195,0.23069240038856687,0.31052176270717463,1.5437912182893108,0.37356055092920076,0.5322563688258314,0.49808460441950697
196,0.23060262568822734,0.31051402135604533,1.542902248708795,0.3734227776477447,0.5316606426869954,0.49753204321058814
197,0.23039412706416337,0.31024132036336133,1.5434025012829728,0.37301409984251105,0.5321731981927331,0.4969875389231595
198,0.23022801072473262,0.3101641630713464,1.5438821328814392,0.3736939047039532,0.5326648451685443,0.49753469195043765
199,0.23022801072473262,0.3086909888924802,1.5443592400666348,0.3733030144103447,0.5321076685191477,0.49701426204947097
200,0.23004039883294555,0.3085520505090865,1.5448172857159113,0.37292915517256736,0.5325821534459019,0.4975324535695814
201,0.2299229118906852,0.3081196156842971,1.5452721510370926,0.3725564860561395,0.5330492453679516,0.4970352680390477
202,0.22993692602568416,0.30810794038511113,1.5476693514043574,0.37219266057317285,0.5335983984911791,0.49654988098174513
203,0.22979170241778063,0.30802283471346836,1.5469433987565242,0.3720408498328704,0.534794340345516,0.4981878719070285
204,0.22979170241778063,0.30758761245399663,1.5473657861036036,0.37169399394966557,0.53429574842117,0.49772340840956614
205,0.2296954872274446,0.3073471415391486,1.5486864768512314,0.3713577984705014,0.5347191227848478,0.4981816485352727
206,0.2296519951769168,0.30749326675150307,1.5479951991800713,0.3712305660144938,0.5351330562445662,0.49863102708068807
207,0.22944652326846104,0.30724271787395935,1.5501257400333013,0.37090800470197227,0.5346680804672506,0.49819776782543373
208,0.2293442403802553,0.3070415181584849,1.5496251754283004,0.3706270366080537,0.5342143939543055,0.49862356639695943
209,0.2290826165179516,0.3068487851959719,1.5483412163856904,0.37031994948619074,0.5337717647219684,0.49821042633761775
210,0.22900250860830434,0.30675855613819447,1.5503245111090271,0.3700203753339184,0.5341489248737308,0.4978073938616996
211,0.22890874105805906,0.3066616704839201,1.5514693663367387,0.36972815837618744,0.5337270903364812,0.4974142593970394
212,0.22877666960938278,0.30666016037176114,1.5525859976953387,0.37021401713985047,0.5340960442138476,0.49703081679158145
213,0.22861875133032436,0.30660022365968403,1.5514178709437496,0.3699354774017128,0.5336942037502017,0.49665686327511266
214,0.22841174956811813,0.30675951119356876,1.5516325542254115,0.3705127764201078,0.5339219004043966,0.49641670590322395
215,0.2282773281611459,0.30673559687717106,1.5526644577618027,0.3702531056950881,0.5335393701598979,0.49677749994533077
216,0.22818406723275758,0.3065695303307101,1.5529771542507005,0.3706933113665582,0.5331664154715604,0.4964302425393597
217,0.22804515124057698,0.3065115938136858,1.5526000615486628,0.37044052381225157,0.534166695927231,0.4960917109741886
218,0.22814143039550858,0.30651146071330776,1.5522321185459218,0.370194474619461,0.5338117386393065,0.4970920873031406
219,0.2280763613231225,0.3068455375843026,1.5524637953692755,0.3700131253478853,0.534084777614171,0.49680112982930635
220,0.22787773516258455,0.30669786810528954,1.552746948757507,0.3704117141464078,0.5337468654791984,0.49648680682765234
221,0.2280299741611848,0.30655431831386193,1.5524059362185134,0.37141707480940583,0.5340381345736752,0.49618050350575493
222,0.22839307263168224,0.3065543168580396,1.5520736575298117,0.37119366305640417,0.5337169266097432,0.49588204507825706
223,0.2282938988068951,0.306283653859009,1.55171719741996,0.3710087190971078,0.533436678988921,0.4967313359801737
224,0.2282295571785285,0.30608996725727505,1.5512889627624218,0.3709095218354241,0.5331317655510883,0.4970190053222794
225,0.22820386560576436,0.306179975343722,1.5508618838636075,0.37082283224532253,0.53327191495879,0.4968641993446076
226,0.22828238024930603,0.30617986660114727,1.5505625098764033,0.37062179789156174,0.5329826824668252,0.4976802936978118
227,0.22846907247590842,0.3061797776596881,1.551329324624649,0.37042572302625637,0.5332314155406384,0.4974169994255723
228,0.22830687693352936,0.3061797776596881,1.5510451399956662,0.37023478579153635,0.5329565595422012,0.4971606040932041
229,0.22812161056460184,0.3061242835243052,1.5527653599501177,0.3700605602657082,0.5326912707229514,0.49791292434931517
230,0.22809785130341154,0.306058166162908,1.5529841215463671,0.36987954781357874,0.5324314318978216,0.4976693738360729
231,0.22799034851499103,0.3059600462137296,1.5527159056764481,0.36970809977127933,0.5326541874712691,0.4983851031279228
232,0.22784079377454983,0.3059126849560252,1.5533866717971623,0.3695372858525747,0.5333345000496451,0.498618309639905
233,0.2276231863893237,0.30572300895665205,1.5538650210925609,0.36954553860226347,0.5330935498769224,0.4988448241535564
234,0.22754321728615043,0.3055516251101505,1.5536213925530442,0.36938298665110947,0.5332989279603948,0.4986253973413807
235,0.2275992348344347,0.3055495351977841,1.5533825821095857,0.3692265448812382,0.533082753815138,0.4988418344789152
236,0.22755824796847102,0.3054045661744605,1.5531216782065569,0.3691028709216904,0.5328605450595111,0.4990507358765608
237,0.2274308754566955,0.3053100665530671,1.5537026314020475,0.36895917844183074,0.5326443599691235,0.49925397434664115
238,0.2273454368620686,0.3052236652454545,1.5538788419032676,0.369208330749868,0.532828884856278,0.4990568551179705
239,0.22726536082891224,0.3052236652454545,1.5532818484888575,0.36906648253361124,0.53262417434302,0.4988651196699501
240,0.2271796159929546,0.30516079415422653,1.5527012215051683,0.3693023296372849,0.5327988825044296,0.49867864060307404
241,0.2271295440530732,0.3051308631572414,1.552862609464945,0.3691693055788593,0.5329681456088758,0.4988615868157614
242,0.22718088617050258,0.3051308631572414,1.552313298866124,0.3690387153958787,0.5331334490851255,0.49903954305296366
243,0.22718311991368,0.3054324402439236,1.5523842573045825,0.3693388716141175,0.5329500363492055,0.4988678935356956
244,0.22714561514292544,0.30531886599883995,1.552133730807009,0.36928099277304743,0.5327717131290501,0.49903557058767606
245,0.22706448932327333,0.30528898127788107,1.5522794485347815,0.3694862034506939,0.5329237304810972,0.4988732044207514
246,0.22697038096405237,0.3052773933047954,1.552338235437238,0.3694521653246318,0.5328379902713142,0.49958156907609824
247,0.2270140262897194,0.3054411964613177,1.552457549718845,0.3693569034277535,0.5329816608464214,0.4997354672653473
248,0.22699086327078152,0.3054297551743156,1.552591339738064,0.369545430241149,0.5328223293090373,0.49958607446980846
249,0.22694311955502353,0.3054101657202926,1.5530118935971926,0.36943805644888283,0.532667514367706,0.49944091653525036
250,0.22686457241117422,0.3053653936899429,1.5531318625189423,0.3693399854580638,0.5327994757848563,0.4998646317899345
251,0.22680906897246877,0.30534944580018586,1.5529800911740947,0.36923864393337985,0.5326532833514541,0.4997274761991085
252,0.2267643007496899,0.3053287214153947,1.552832669864613,0.3691402070361593,0.5325112810519415,0.4995942517302694
253,0.22669663778527882,0.3052665146624746,1.5524304952629044,0.3690446018762341,0.5325850316221533,0.49977118018002126
254,0.22674915953333635,0.30524900264120525,1.5520399324399075,0.36895175707451167,0.5324513730304506,0.4998971632438697
255,0.22667294418555795,0.3052490026412053,1.552882450569499,0.36910595537579527,0.5323212671341775,0.4997750120545543
256,0.2266121448278291,0.3052490026412053,1.5529663671880825,0.36904055121159085,0.5321949452291818,0.49989371738779026
257,0.22656220992831,0.3052020362251371,1.5528389462167573,0.3689555125758185,0.5320723106516031,0.4997785260365464
258,0.22664149649861068,0.30520194426165254,1.5529389906727646,0.3690966977303095,0.5319534279698449,0.4996667093424528
259,0.22657953146220441,0.30517236044591195,1.5528188907732619,0.36901652889242337,0.5320550889979359,0.4995581803318583
260,0.2265061513697843,0.3051723604459119,1.5533348524154862,0.36893872575250153,0.5319429109427694,0.49945285389805294
261,0.22642465168430248,0.30514451445407653,1.55342625716129,0.36886322680070965,0.5318340551101175,0.49935064677175617
262,0.2263967557377078,0.3051176789264653,1.5531177521771582,0.36878997186285445,0.5319270312180812,0.49925147749181875
263,0.2263611177450232,0.30509955739661654,1.5530111604524721,0.36871890207890146,0.5318245231726577,0.4991552663761414
264,0.22635025737526854,0.30508401476982605,1.5534686926979948,0.36864995988165544,0.5320990391867391,0.499061935492813
265,0.22626279229718396,0.3050116667781371,1.5540938729403186,0.3685830889756047,0.5320025195916452,0.4989714086314713
266,0.22627019091226055,0.30497076967111714,1.5543482777456024,0.3685182463642532,0.5319102606011943,0.4990595719792228
267,0.22622453217837163,0.30493089343747937,1.5540830088456061,0.36845535413395886,0.531819483487888,0.4989744012452329
268,0.22616748472507336,0.3049016968200069,1.554322320050785,0.368394371729442,0.5320624794904082,0.4988918168603437
269,0.2261577020632373,0.30486398511662005,1.5547148263863322,0.3683352507516434,0.5319781241716028,0.49897224098810317
270,0.22609254792674877,0.30486398511662005,1.554780824076938,0.368281227068801,0.5318953442291164,0.4990502048125361
271,0.22610532556325824,0.30482877467957464,1.5545462767377558,0.36822566979632754,0.5318154372010273,0.49912580127807943
272,0.22608042046622903,0.3048036958634651,1.5547576475132387,0.36817182362738765,0.5317376690652746,0.4990528133947721
273,0.2260244401018455,0.30478441391523725,1.5548129223791431,0.3681274721635778,0.5316623045328919,0.49912381391375604
274,0.22600796158943362,0.3047329090990931,1.5551465538486307,0.36821649347954655,0.531589277493203,0.4991926122934958
275,0.22597937054883155,0.3047435901375865,1.5549395650710107,0.3681674841551866,0.5315805411381787,0.49919859509811415
276,0.2259847229729546,0.3047432837696787,1.5548680004761106,0.3681200055493757,0.5315130063754868,0.4991342188173777
277,0.22595138214763208,0.30471862531505767,1.5549236123829668,0.36807401502188636,0.5315715361039283,0.49907186022326344
278,0.225907543163791,0.3046843444822391,1.5547354365449735,0.36815049029104174,0.5317492443556562,0.4990114628733432
279,0.22587117238345455,0.3046843444822391,1.5549048419892362,0.368107337847579,0.5316869158247739,0.49895297167339425
280,0.22589812592627107,0.3047204694154316,1.554947082191628,0.3680738369445088,0.5317403593473122,0.49900986851878276
281,0.2258412896860828,0.3046947940132602,1.554776161692128,0.36803337809881304,0.5316819102020874,0.49895501712418583
282,0.22586786279658844,0.3046699646704843,1.5548235331902276,0.36810064875716636,0.5316256675283323,0.49900835418437
283,0.2258607124021157,0.3046691615277438,1.554762602082196,0.36806648861980396,0.5316701591204893,0.4990637388549885
284,0.2258425631809635,0.30465951926611884,1.5549044483708765,0.36813180845983273,0.5317168678817471,0.4992134343630803
285,0.2258304177155277,0.3046700710799558,1.5549280273549195,0.3682121901172584,0.5317426851915993,0.499186209600129
286,0.2258008256901188,0.30463128038191634,1.5550630255706879,0.36817779183839694,0.5316930099400495,0.4991395757653389
287,0.22583211138374876,0.3046103058497913,1.5551936449046593,0.368144509322409,0.5317367440214578,0.49909445457313534
288,0.22580487472050478,0.3046042091502899,1.5551117037047792,0.36814569194248115,0.5316902363535115,0.49913826563009356
289,0.22582601062825028,0.30460415206078084,1.5552339612436448,0.36811454280639966,0.5316454715347854,0.49926526080504563
290,0.22580320865737039,0.3045934862387057,1.5551885157830136,0.36816626213135584,0.5316019567733823,0.4993062455474518
291,0.2257950329190795,0.3046170144397414,1.5550653997025021,0.36813711634824964,0.5316009380266872,0.49930538048299905
292,0.22578402692617788,0.3046105065835861,1.554946344892605,0.36810893200667066,0.5315602389997331,0.4992671539832227
293,0.22577108958966222,0.30458944713233904,1.5551273548708424,0.36808168050254425,0.531520887017787,0.49923019269344143
294,0.22575626036371543,0.304572721857347,1.5553018709390152,0.3680558168681094,0.5314828418438703,0.49926603676820225
295,0.22574024185552505,0.3045604410321895,1.5554710391937463,0.36803034813663577,0.531515262300619,0.4992314885501288
296,0.22576001109939586,0.3045604410321895,1.5556345522642243,0.36800573080821886,0.53147970991408,0.4991980952564183
297,0.22572913159544192,0.3045331866598925,1.5557034615639398,0.36800640843300975,0.5314453496181036,0.4992304722246289
298,0.22572260389149973,0.30452303680327014,1.555855230872544,0.3679843631510941,0.5314121455731963,0.49920056230138316
299,0.22571338770668178,0.30451924326170726,1.5561235378716654,0.3680225199231459,0.5314404356959482,0.49917042399316214
300,0.22569530491125836,0.30451924326170726,1.556266093286128,0.36800105255207693,0.5314094358836636,0.499141306544804
301,0.22568011479133457,0.3045127592835909,1.556178393562774,0.36798031471640597,0.5313794895520461,0.4991695312610303
302,0.2256658025810121,0.304506157827465,1.5562569871356546,0.36796028392620694,0.5313505642246695,0.4991423592636311
303,0.22565981162413837,0.3044947835632247,1.5562748133817894,0.3679464419805682,0.5313253801440796,0.49921851547969365
304,0.22566730774594937,0.30449478298847965,1.5561957954425807,0.3679277599526034,0.5312984273165545,0.4991931682736803
305,0.225650484168178,0.3044884890930012,1.5561685261491542,0.3679097211070599,0.5313704351498928,0.4991686937179685
306,0.22564503149075224,0.30448004434949744,1.556137998128422,0.3678965058919502,0.5313926187405558,0.4992397388031489
307,0.22563666681033778,0.3044733008707818,1.556111167380362,0.36788110912564453,0.5314154494211233,0.4993526054523159
308,0.22563067204413262,0.3044614583525409,1.5561272215678246,0.36791252033088906,0.5314325929984902,0.49937821712093383
309,0.22562737416330153,0.30446005395254605,1.5561033570436202,0.3678970429051236,0.5314099667049034,0.49939953161233797
310,0.22562088453386053,0.30445281902261406,1.556070505754252,0.367891928608426,0.5314392222224246,0.49949227502202853
311,0.22561090707338247,0.30444911977349676,1.556088106612115,0.3679169903456226,0.5314181517904429,0.49947247121838345
312,0.225622315440419,0.3044491131373293,1.5560668330732155,0.3679029174793477,0.5314361526159082,0.49949162060898816
313,0.22561850329417418,0.30441883336608416,1.5560094082938483,0.3678893404636208,0.5314165406023602,0.4994731874700641
314,0.2256123666573186,0.30441375382831076,1.5560252132833048,0.3679118420717539,0.5313976234609203,0.49945540743461003
315,0.22560635677344343,0.30441130625450497,1.5560261705720082,0.36791349629533926,0.5313793786844347,0.4994725929164586
316,0.2256013254827028,0.304411306254505,1.5559746496687088,0.3679013144721645,0.5313948949772656,0.4994560550974636
317,0.22559768733894708,0.30440439931565383,1.555985485408128,0.36789290917405637,0.5313795993426753,0.4995022931257543
318,0.2255945076395297,0.30440439931565383,1.5559683705749017,0.3679123672493561,0.5313632419494316,0.4994869170077308
319,0.2255881350588643,0.3043950979101863,1.5559435698297746,0.3679097509819636,0.5313771491772118,0.49953144611662775
320,0.22559531637689412,0.3043950964499578,1.5559276668305038,0.3678992267690414,0.5313619596634255,0.49951715680984465
321,0.22558967520097653,0.3043918520894347,1.555939910039313,0.36788908367586115,0.5313748801562265,0.49950338497044405
322,0.2255882323871172,0.3043896891653735,1.5559251389779845,0.3678793090363383,0.5313873313047413,0.4994901134009815
323,0.22557913373614957,0.30437564848432497,1.555987712377639,0.36786989056090774,0.5313993287636853,0.4994773254152337
324,0.22557014835853934,0.3043729229169085,1.5560233317790717,0.36786081632697004,0.5313862207547201,0.49946500482522704
325,0.22556534588210087,0.30436972227605036,1.556081408533908,0.36785207476952336,0.5313973565269735,0.499453135928518
326,0.2255617209959597,0.3043679672312813,1.5560636280887405,0.36784870646880313,0.5313902446909582,0.49948243150073574
327,0.2255525581666297,0.30436491063415255,1.55602932296783,0.3678405968426128,0.5314005757044371,0.49947141986541693
328,0.22554931833209713,0.304363576251677,1.5561236724528344,0.3678540181539722,0.5314105244906845,0.4994608156390024
329,0.2255450993687854,0.30435772634799196,1.5560918599194857,0.3678464979494877,0.531399660627271,0.49945060493779975
330,0.22554221679715125,0.30435520981325603,1.55615964600321,0.3678392576653415,0.5313892011433297,0.4994407743037801
331,0.22554036280709983,0.3043478731946274,1.5561870044877033,0.36783228769487414,0.5313980805746591,0.49943131069331836
332,0.22554563591419813,0.30434768016291736,1.5561768600821493,0.36782557872851546,0.5313909974908412,0.49942220146616784
333,0.2255518124521332,0.304339498933307,1.5561846511616544,0.36783667621473076,0.531416864598783,0.499413434374666
334,0.22554907542462188,0.30433949187565135,1.5561752552778074,0.3678304621800983,0.5314248011103533,0.49940499755316936
335,0.22554510361189503,0.3043372623444409,1.5561818950000994,0.3678250577779233,0.5314161625690639,0.4994131349426718
336,0.2255367690147398,0.3043372623444409,1.5561723599013169,0.3678201417139598,0.5314078513962659,0.4994209639554663
337,0.22553738555500843,0.30433721793317,1.5561940829541825,0.3678146076902567,0.5314301141746894,0.4994134499366867
338,0.22553952485893225,0.30433721776907113,1.5561715615112577,0.3678092846294735,0.5314224302577462,0.4994062223603632
339,0.22553898550476106,0.3043371406346791,1.5561776813878634,0.36780422286431147,0.531428923505953,0.4994132190188613
340,0.2255409337594837,0.30433712142757513,1.556197007613034,0.36779929963578245,0.5314352918515719,0.4994065341434445
341,0.2255402341740481,0.3043394063479287,1.5561866521938583,0.36779776243901285,0.5314348452129125,0.49941965975215574
342,0.2255386964059666,0.3043360015402206,1.5562045187582385,0.36779321110111907,0.5314282689370454,0.4994134796503322
343,0.22553609557350981,0.304332311802425,1.5562216941822953,0.3677888358246703,0.5314338430770719,0.4994075386161594
344,0.22553893906818473,0.3043243272125774,1.5562267634394502,0.3677846354798248,0.5314392570705453,0.4994361319932509
345,0.22553865946701285,0.30431489352318136,1.5562397446106935,0.36778347927434374,0.5314334166266843,0.4994416331208605
346,0.22553908341304682,0.30432034785281264,1.556232776074422,0.3677806890709609,0.5314489271206604,0.49945748153822755
347,0.22553803075646492,0.3043179373627543,1.5562271314509788,0.36777695685022754,0.5314435340025238,0.4994524130677412
348,0.22553720776121935,0.304315711833791,1.5562217083580703,0.36777337110531544,0.5314489288533296,0.4994475435159228
349,0.22553570865217784,0.30431351568590875,1.5562349211609598,0.36777023630643413,0.5314441577759125,0.49947075747669994
350,0.22553383231086574,0.3043108472257401,1.5562479064300176,0.3677669312470094,0.5314393766276652,0.49947526049827917
351,0.2255302633442004,0.3043108472257401,1.5562603811385218,0.36776375356485375,0.5314347847373118,0.49947094479317466
352,0.2255293164570869,0.3043089615960323,1.5562806378501348,0.36776901991703087,0.5314386659005652,0.4994751047381637
353,0.22552759830749397,0.30430962889635776,1.5562682385038358,0.36776608979290987,0.5314503663613307,0.499487377614754
354,0.22552680843461814,0.30430962889635776,1.556271632733831,0.36776327664586583,0.5314463011468679,0.4994835568942502
355,0.22552713143205644,0.3043079126861519,1.5562822338741014,0.36776057642596477,0.531442413906652,0.4994872323380597
356,0.22552673793716826,0.30430752805294325,1.5562924096943513,0.3677579843227098,0.5314457164619608,0.49948371177994727
357,0.22552524576811764,0.304305043407104,1.5562944180572211,0.3677564897303071,0.5314426180078297,0.49948663606469274
358,0.22552390295472513,0.3043040161869103,1.5563102815141534,0.3677541024176621,0.5314391681171615,0.4994833936181402
359,0.22552351061011383,0.30430369158689335,1.5563317315073322,0.36775181175745947,0.5314358578983372,0.4994802824448749
360,0.22552559233626357,0.30430415634373753,1.5563401631832279,0.367749809693021,0.531438658937387,0.49948327355286626
361,0.22552506847187304,0.30430404801824246,1.5563427065451485,0.3677477014993449,0.5314356123671632,0.4994804101727886
362,0.2255240449521119,0.30430360020263486,1.5563341487086517,0.3677511780548442,0.5314326901707471,0.4994776636879266
363,0.22552428115824297,0.30430359996030215,1.556336488430744,0.36774923867737525,0.5314351615594652,0.4994750296359235
364,0.2255237445884144,0.30430291609498133,1.5563336749486365,0.3677473789109846,0.5314324740073283,0.4994725037112569
365,0.22552255918946204,0.30430291609498133,1.5563261282592349,0.36774559569746706,0.5314298970819017,0.4994700817602891
366,0.22552204413704285,0.30430258007509287,1.5563235419576213,0.3677438860869002,0.5314274265202464,0.49946775977645136
367,0.2255215250633145,0.3042995979031807,1.5563297382584744,0.3677424846856303,0.5314250582109189,0.49946999040120665
368,0.22552278984901522,0.30429959774816356,1.5563316334291086,0.36774091384616236,0.531422789823934,0.49946785687786727
369,0.22552135012218866,0.3042983579277719,1.5563293558992817,0.3677435022104412,0.5314247081016452,0.49946581213895014
370,0.2255255225797034,0.30429835785704196,1.5563350194597243,0.36774205954236405,0.5314343942721451,0.49946385272055527
371,0.22552646644586594,0.30429835766505187,1.5563329282495773,0.367740677235122,0.5314323980750129,0.4994619752836865
372,0.22552611647732937,0.3042976209158401,1.5563345184751733,0.36773936043733596,0.531434081731983,0.4994637815913188
373,0.2255273304053616,0.3042976163214466,1.5563360467278744,0.36774154385792607,0.5314322598503992,0.49946551059593536
374,0.2255271269529497,0.3042974081740248,1.556340816960251,0.3677403287464628,0.5314338081172238,0.4994638602350295
375,0.22552647340389245,0.30429666930260707,1.5563453854533755,0.36773916502362347,0.5314321263825548,0.4994622796700054
376,0.22552546060722048,0.3042965018805513,1.5563436995355648,0.3677410809913486,0.5314305159604854,0.49946379647140177
377,0.2255258902480112,0.3042958244035723,1.556350789493589,0.36774001432453796,0.5314289740089031,0.4994652488673028
378,0.22552560675752728,0.3042971533314467,1.556354707439715,0.3677390850688169,0.5314274977907603,0.4994640495313826
379,0.22552524196345522,0.3042968613917281,1.5563558758958633,0.3677381184550588,0.5314313972545582,0.499468045231449
380,0.22552476278098318,0.304296860389503,1.5563620835057812,0.36773719433962176,0.5314300476397571,0.49947186135361277
381,0.2255253733106533,0.30429686011284296,1.5563607275086258,0.3677362994202417,0.5314287556318704,0.49947308135071633
382,0.22552533573808417,0.30429664784436083,1.5563710850205097,0.36773544227751304,0.5314275169445436,0.4994719171476705
383,0.2255260983359576,0.30429460671581077,1.5563698442091325,0.36773685234550146,0.5314285452215978,0.4994730992214988
384,0.22552609833595763,0.3042931122210742,1.55636652352722,0.3677360677395039,0.5314274113618249,0.4994720335420958
385,0.2255255453254101,0.30429261639544164,1.5563674289693707,0.3677353172016077,0.5314304086728799,0.4994710141351837
386,0.22552543013301762,0.30429261505906674,1.5563721991269244,0.3677345994491154,0.5314293747428057,0.4994758954453215
387,0.2255249140982639,0.30429225883682215,1.5563692935008921,0.36773391291717544,0.5314283826054323,0.49947496296261257
388,0.225524365583752,0.3042920058779762,1.5563700246037193,0.367733317307578,0.5314274338835622,0.4994758565149044
389,0.22552346870830073,0.30429178221024716,1.5563696586181544,0.36773381284193907,0.53142767208386,0.4994772724758723
390,0.22552341213197646,0.3042916425834945,1.5563703627882688,0.36773323252234713,0.5314268147626506,0.49947971119917217
391,0.22552331791965533,0.30429163804911974,1.5563726146698964,0.36773265890450996,0.5314275605452218,0.4994789320733105
392,0.2255236917604534,0.30429163797561365,1.55637476679198,0.3677336017603757,0.5314267699315627,0.4994796784067681
393,0.22552343410405348,0.3042915404638082,1.5563768237137958,0.3677330778021832,0.5314274375691719,0.49947896673269687
394,0.22552317085502327,0.30429123974541483,1.5563801507479258,0.3677325771274014,0.531426714021761,0.49947828668366745
395,0.22552300710935863,0.30429113599680035,1.5563794171292824,0.3677321086026331,0.5314260227087818,0.4994789377934963
396,0.22552280533132288,0.30429081971946037,1.5563812094937806,0.36773165331228613,0.5314253622723005,0.49947955982244296
397,0.2255227338985099,0.30429054357299984,1.5563817359752732,0.36773121691774924,0.5314271162209102,0.4994801542183298
398,0.22552248480587875,0.30429039966976174,1.5563856404519596,0.36773079997317143,0.5314287813324723,0.49947958789289304
399,0.22552207837832658,0.3042902260219072,1.5563872036057056,0.3677304017921934,0.5314303715096458,0.4994790470535866
400,0.22552190275295575,0.3042900488230959,1.5563886962367508,0.36773002157540996,0.5314298220344175,0.4994785306145983
401,0.22552177963319364,0.3042898729415652,1.5563891110909125,0.36772968163063147,0.5314312487196208,0.4994790478006108
402,0.22552166453200573,0.3042895130406956,1.5563895291639203,0.3677293350704864,0.5314307478819135,0.4994785770756737
403,0.22552130818417193,0.3042893908150035,1.5563899282335196,0.36772900426314964,0.5314302698096641,0.4994781277474258
404,0.2255210358293701,0.30428923533013463,1.5563885919126828,0.3677286885299765,0.5314298135221168,0.49947769889407895
405,0.22552091540745076,0.30428908981110075,1.5563897747816715,0.3677283872197627,0.5314293780781721,0.4994772896311171
406,0.22552095030872557,0.30428890725922036,1.5563893397628716,0.3677280997077182,0.5314289629061405,0.4994768991099017
407,0.2255208939400448,0.3042887414718748,1.5563889002933313,0.3677278498156018,0.5314285664773593,0.4994772724839116
408,0.22552066774571344,0.3042886008340481,1.556389215984151,0.36772829976492355,0.5314288999309181,0.49947691703656205
409,0.22552048756302753,0.30428888946271465,1.556388738874761,0.3677281495749388,0.5314285391921474,0.49947658473015716
410,0.22552031124102412,0.30428882293059833,1.5563896336261407,0.3677285987860822,0.5314282150698694,0.49947753626116903
411,0.22552013292156795,0.30428873285128166,1.5563898045836342,0.3677290920821934,0.531429018842545,0.49947856561887666
412,0.22551996417619258,0.3042886832114394,1.556390055512197,0.36772888582575564,0.5314287110989101,0.4994794438789579
413,0.22551976028665793,0.3042885726488699,1.5563908657918364,0.36772867942427573,0.53142841281483,0.4994791635275893
414,0.2255196609388514,0.30428852764466724,1.5563900330041394,0.3677284826614144,0.5314286635363303,0.4994788962681807
415,0.22551959810109337,0.30428847215716515,1.5563907692867398,0.36772829510931265,0.5314289025211877,0.499478641519579
416,0.2255195945341702,0.30428845877479693,1.5563904927492374,0.36772812243610836,0.5314286441956514,0.4994788848210775
417,0.22551947202338238,0.30428824332914206,1.5563897717800563,0.36772795209284004,0.5314284017427312,0.4994786534466993
418,0.22551933529214713,0.3042882433291421,1.5563912917553688,0.36772778978137854,0.531428167175519,0.49947843298178835
419,0.22551924247089009,0.30428813042868236,1.5563914783054604,0.3677280556698442,0.5314279436948446,0.4994782229368868
420,0.22551934215933656,0.3042879436737114,1.5563920566226985,0.3677279083560328,0.5314277332460806,0.499478022843259
421,0.22551925828225228,0.30428784976646583,1.5563918443142144,0.367727768038151,0.531427530463501,0.499477832252073
422,0.22551922065301705,0.30428795841210343,1.5563927272264921,0.3677276395349535,0.5314273399015559,0.4994783756190933
423,0.22551915582083426,0.30428792330020177,1.5563925243867383,0.36772752255907126,0.531427155987448,0.49947854883748294
424,0.22551908776903654,0.30428784636178363,1.556392670565739,0.36772740138428334,0.5314269808698162,0.49947838424766167
425,0.2255189578351906,0.3042878463617836,1.556393120019904,0.3677272894608516,0.5314268141477371,0.4994785412739464
426,0.22551895732833221,0.30428793678569005,1.556393538958762,0.3677271918325313,0.5314269500223507,0.4994783964941053
427,0.22551889949296963,0.3042877109328279,1.5563933807962511,0.36772708730102266,0.5314267989569359,0.49947825451050587
428,0.2255188498352735,0.3042876556773702,1.5563932302700907,0.36772698781647006,0.5314269257243046,0.499478119382112
429,0.225518793773588,0.30428757818656876,1.5563933444750933,0.3677271505929331,0.5314267889103118,0.49947799079322697
430,0.22551873700638847,0.3042875642136915,1.5563934531402521,0.36772706051509335,0.5314266587328771,0.49947786844191744
431,0.225518677652158,0.3042875642136915,1.5563935350287406,0.36772699631018996,0.5314265348847996,0.49947798508774743
432,0.22551862198883382,0.3042874672204161,1.5563936144720059,0.36772693368871573,0.5314264170723487,0.499478096048946
433,0.22551858420185664,0.304287426062744,1.5563939188737397,0.36772685614907796,0.53142630501471,0.49947799072799426
434,0.22551854278763883,0.3042873792403558,1.5563940078336904,0.36772678240580803,0.5314261984434525,0.4994778905635932
435,0.22551848371482447,0.3042873183754823,1.5563942831251694,0.3677267122813763,0.5314262877991185,0.49947779531460695
436,0.22551847062740096,0.3042872014836036,1.5563943615983533,0.36772664756637596,0.5314261914422879,0.4994778860679897
437,0.2255184457601845,0.3042870807410272,1.5563946099022221,0.36772658472094705,0.5314260998358217,0.4994779723472564
438,0.2255184020780114,0.3042870729626178,1.556394456566974,0.3677265866289144,0.5314260127558914,0.49947805436321924
439,0.22551842471636097,0.30428707283543194,1.5563946813838314,0.3677266851208713,0.5314259312549993,0.4994781323263697
440,0.22551841581132903,0.30428703840461424,1.556394747025608,0.36772663071022976,0.5314261499440949,0.4994782064381818
441,0.22551838676487646,0.3042870271446977,1.5563945281180154,0.3677265789893205,0.5314260751987776,0.4994781361863566
442,0.2255183694381488,0.3042869908598884,1.55639458740006,0.36772666348435834,0.5314260041806629,0.4994780694376643
443,0.2255183480191105,0.30428696693709434,1.556394627253786,0.36772663326403987,0.5314260554370935,0.49947814121562895
444,0.22551832426699958,0.3042869409700042,1.5563948013502806,0.36772670951519465,0.5314261119463604,0.4994780809793655
445,0.22551831211406348,0.3042869254802594,1.5563947376187084,0.3677266673943816,0.5314260510747963,0.49947802376725026
446,0.22551828105485475,0.3042868941170789,1.5563948946543817,0.3677266273930001,0.5314259932661627,0.49947796943392947
447,0.22551825100994435,0.30428687985047004,1.5563949404762665,0.36772658940893066,0.5314260416671929,0.4994779178406957
448,0.22551820037586462,0.3042868482872006,1.5563949839821205,0.3677265533447358,0.5314260876218315,0.4994778688552008
449,0.2255181808705069,0.3042868051241477,1.5563951163721337,0.3677265211246723,0.5314260381432646,0.49947791545644665
450,0.22551815996818025,0.30428680486179,1.556395240494772,0.3677264920863054,0.5314261679332951,0.49947813644827
451,0.22551814201381484,0.3042867856339722,1.5563952746463967,0.3677264642994463,0.5314261233565925,0.49947817843268033
452,0.22551813989022126,0.3042867814568745,1.5563952303553288,0.3677264350270952,0.5314260810531589,0.49947813867241825
453,0.22551812716591446,0.30428677547119454,1.5563951127929034,0.36772640725085254,0.5314260409118517,0.4994781764793729
454,0.22551810913750503,0.3042867687830189,1.556395144584263,0.3677264525633314,0.531426002826707,0.4994781406838018
455,0.22551811834045368,0.3042867379461033,1.5563951747295433,0.36772642757678686,0.5314260375432946,0.49947817472675077
456,0.2255181197368892,0.3042867371598821,1.5563953323151714,0.3677264038624778,0.5314260739844879,0.49947814251590344
457,0.2255181097238516,0.30428672835096465,1.5563953592417406,0.36772638157691023,0.531426224662853,0.49947817343866985
458,0.22551812420833336,0.3042867013385003,1.5563955009783927,0.367726360247639,0.5314261940210722,0.49947814446738587
459,0.22551811791963583,0.3042867192213184,1.5563954703770913,0.3677263950221765,0.5314261647930624,0.49947811701095296
460,0.22551811055693408,0.30428670704642347,1.5563955456533014,0.36772637584722323,0.5314261370820468,0.49947809096585616
461,0.22551813540678034,0.304286707046414,1.556395518149383,0.367726357669662,0.5314261108125626,0.4994781157078142
462,0.22551812550368297,0.3042866961064437,1.5563954697493925,0.3677263627694752,0.5314260859123353,0.49947813916000905
463,0.22551813629886802,0.30428667540929705,1.5563955782637449,0.36772634644005897,0.5314261076656901,0.4994781613872538
464,0.22551812343872263,0.3042866625594266,1.5563955969318302,0.36772633096513024,0.5314261273845589,0.499478140367849
465,0.2255181167428319,0.3042866546928289,1.556395574745701,0.3677263163021388,0.5314261061940807,0.49947812045128853
466,0.22551811135655736,0.3042866385400005,1.5563955901795552,0.3677263037348141,0.5314260867801563,0.4994781764757937
467,0.22551810574987508,0.30428665751684514,1.556395676430285,0.36772632756175266,0.5314260677618005,0.49947815860088624
468,0.22551809885320886,0.3042866305846883,1.5563956575698312,0.3677263150967287,0.5314260497477553,0.4994781416697971
469,0.22551808890837607,0.3042866305846883,1.556395639707484,0.3677263032913616,0.5314260326870246,0.4994781256347118
470,0.22551808439768736,0.3042866233079458,1.556395653193544,0.3677263225131766,0.5314260165310893,0.499478110450028
471,0.22551809140385468,0.30428661666025025,1.556395637052607,0.36772631205291795,0.5314260016823246,0.49947812498261773
472,0.22551807451986097,0.3042866166602502,1.5563956491418283,0.367726302031545,0.5314259871997652,0.4994781113707102
473,0.2255180695772492,0.3042866119088746,1.5563956089903757,0.36772629254504635,0.5314260250856203,0.49947809848531577
474,0.22551805949193546,0.3042866119088747,1.5563956686580287,0.3677262835659477,0.5314260121093203,0.4994780862891166
475,0.22551807110899363,0.30428661190887396,1.5563957251275116,0.36772627506812633,0.5314259998285856,0.4994780747466304
476,0.2255180672280157,0.30428660954228387,1.55639571296034,0.3677262670267478,0.5314260100752859,0.4994780638241249
477,0.22551806261048093,0.3042866055392928,1.5563957221388578,0.3677262594182054,0.5314260404612237,0.4994780534895354
478,0.22551805752884116,0.3042866008372365,1.556395691672829,0.36772625222006255,0.5314260460424037,0.4994780668781477
479,0.2255180522225551,0.30428659792259166,1.5563957184035722,0.3677262639276662,0.5314260362021637,0.4994780576294777
480,0.22551805201394104,0.3042865912595373,1.5563957425431574,0.36772625863068664,0.5314260272760164,0.49947806614296186
481,0.22551804809455278,0.30428658911851414,1.556395733327532,0.36772625254000835,0.5314260184739662,0.4994780578700682
482,0.22551804224929253,0.30428658814404835,1.5563957162525415,0.3677262551412371,0.5314260174522324,0.49947807406995354
483,0.2255180394414366,0.3042865845173287,1.5563957071975794,0.36772625051133406,0.5314260383840449,0.49947809710601354
484,0.22551804023773964,0.3042865902479271,1.5563956854085264,0.3677262453632816,0.5314260398635985,0.499478095193976
485,0.2255180361383804,0.3042865871581367,1.5563956648120252,0.36772624049699076,0.5314260328309929,0.49947808858415227
486,0.22551803516959815,0.30428658674528375,1.5563956577979317,0.3677262359524699,0.53142602618409,0.4994780948445166
487,0.22551803332204323,0.3042865847450241,1.5563956630414568,0.36772624342611954,0.5314260199024883,0.49947808894054824
488,0.22551803055357522,0.3042865818761023,1.5563956903348475,0.3677262393188686,0.5314260139668227,0.4994780833617192
489,0.22551802874143795,0.30428657909492424,1.55639570555226,0.36772623545513644,0.5314260189060366,0.4994780886493193
490,0.22551802918012273,0.3042865767649586,1.5563957199437022,0.36772623178954156,0.5314260136287126,0.4994780936393542
491,0.2255180256083535,0.3042865817896603,1.5563957617668491,0.36772622834884033,0.5314260086255662,0.4994780983515723
492,0.22551802202929078,0.3042865810299012,1.5563957568182063,0.3677262339723505,0.5314260094921786,0.4994781061042019
493,0.22551802202821067,0.30428657514761964,1.5563957857314783,0.367726230894182,0.5314260050285925,0.49947811030821615
494,0.22551801928352855,0.30428657514761964,1.5563958051116975,0.3677262279777462,0.5314260008138542,0.4994781063468565
495,0.22551801776907524,0.30428657299673056,1.5563957934574963,0.3677262252242336,0.5314259968345673,0.4994781100947353
496,0.22551802026739773,0.3042865729928727,1.5563958036620298,0.3677262296936434,0.531426000165225,0.49947810656402997
497,0.2255180184119063,0.30428657256590086,1.5563957932772923,0.36772622724006415,0.5314260032916907,0.4994781165759601
498,0.2255180179958999,0.3042865718684444,1.5563958022410924,0.36772623134867394,0.5314259999451458,0.4994781197278925
499,0.22551801663001667,0.3042865708379404,1.5563958167508656,0.3677262291751154,0.5314259967870675,0.4994781227023185
500,0.22551801556260553,0.3042865695044614,1.5563958191653313,0.3677262271861205,0.5314259994145052,0.4994781311162037
501,0.2255180193127345,0.3042865682697782,1.5563958320926103,0.3677262252407568,0.5314260018980324,0.4994781337640902
502,0.22551801772217267,0.30428656775980806,1.5563958392893036,0.3677262234132585,0.5314260092218878,0.4994781362670557
503,0.22551801712101444,0.3042865668486136,1.5563958507918716,0.3677262216822924,0.5314260067203517,0.4994781339159051
504,0.2255180159240022,0.3042865659661117,1.5563958660795947,0.36772622004978867,0.5314260043611102,0.4994781316984948
505,0.2255180144767334,0.30428656501100154,1.5563958758468894,0.36772621897299623,0.531426006322759,0.49947813798031354
506,0.2255180147012583,0.3042865666267961,1.5563958697032676,0.3677262175214563,0.5314260067399327,0.49947813744119723
507,0.22551801349499087,0.3042865663120445,1.556395870846554,0.3677262203820084,0.5314260116976054,0.4994781435329015
508,0.22551801397391333,0.3042865655797144,1.556395879418934,0.36772621909199216,0.5314260133480337,0.4994781417806878
509,0.22551801362496843,0.30428656552669753,1.556395877454948,0.3677262180003201,0.5314260115908458,0.4994781434356895
510,0.22551801440449679,0.30428656480036675,1.5563958726048766,0.3677262168544045,0.5314260099429792,0.4994781418792059
511,0.22551801477588126,0.30428656414166555,1.5563958680345358,0.36772621577458015,0.5314260085679691,0.4994781404124934
512,0.22551801440726651,0.3042865639536232,1.5563958720286906,0.36772621475715755,0.5314260126312103,0.49947813903054045
513,0.22551801409678976,0.3042865637476252,1.556395873184985,0.36772621379864584,0.5314260112460001,0.4994781377286054
514,0.22551801342470712,0.30428656356622724,1.5563958707436978,0.3677262139708727,0.531426012396522,0.49947814141293956
515,0.22551801321728174,0.304286562742514,1.5563958740822368,0.3677262131204538,0.5314260111675241,0.49947814025782566
516,0.22551801274489403,0.30428656258914577,1.556395877226333,0.36772621231956476,0.5314260100101053,0.4994781391699877
517,0.2255180120128479,0.3042865634212441,1.5563958778790503,0.36772621387331683,0.531426012764887,0.4994781404929094
518,0.225518012206305,0.30428656296044904,1.5563958768046804,0.36772621509420267,0.5314260125857355,0.49947814261874357
519,0.22551801193688423,0.30428656281135646,1.55639588124673,0.36772621624356705,0.531426013437522,0.49947814171077864
520,0.2255180118328715,0.30428656280929495,1.5563958820057944,0.36772621732546973,0.5314260125781527,0.4994781408561066
521,0.22551801223650825,0.3042865624329376,1.5563958843307215,0.367726216733246,0.5314260133360844,0.49947814005169616
522,0.22551801203262797,0.30428656231583856,1.5563958849841948,0.36772621619477397,0.5314260140368308,0.49947814081972003
523,0.2255180119519856,0.30428656292075024,1.5563958827645632,0.3677262156703465,0.5314260140543614,0.49947814076390806
524,0.22551801169656277,0.3042865626016596,1.5563958833423253,0.36772621519439624,0.5314260146830858,0.49947814277728225
525,0.22551801214361447,0.3042865626013316,1.5563958839018595,0.36772621599290745,0.5314260140127803,0.4994781434094874
526,0.22551801204463648,0.30428656208797017,1.556395883241239,0.36772621555629853,0.5314260133818073,0.49947814281644665
527,0.22551801209354172,0.3042865620858563,1.5563958826199176,0.36772621514566245,0.5314260150281113,0.49947814225868453
528,0.22551801199661944,0.30428656191956494,1.5563958841358956,0.36772621685976875,0.5314260155201768,0.49947814173416555
529,0.2255180117836906,0.304286562002315,1.5563958825990696,0.36772621649666626,0.5314260169702851,0.4994781432552017
530,0.22551801167232574,0.3042865618973293,1.55639588301089,0.3677262161552873,0.5314260164769353,0.49947814279151065
531,0.2255180117994449,0.3042865618969046,1.5563958825253206,0.36772621670707567,0.531426016017575,0.49947814323011247
532,0.22551801155525308,0.30428656231124773,1.5563958828293933,0.3677262164652453,0.5314260163720372,0.4994781428548649
533,0.22551801152373913,0.30428656228693685,1.5563958823699768,0.36772621621221874,0.5314260167637483,0.49947814475214986
534,0.225518011377974,0.3042865624865142,1.5563958826280693,0.3677262160090975,0.5314260170715728,0.49947814444338573
535,0.22551801113763836,0.30428656246430247,1.5563958822493227,0.367726215758781,0.5314260173905377,0.4994781441033838
536,0.2255180110999809,0.30428656246364694,1.5563958818934116,0.3677262155236918,0.5314260170531145,0.499478144423562
537,0.2255180110314255,0.30428656232712703,1.5563958833599538,0.3677262159050072,0.5314260173341233,0.49947814472474505
538,0.22551801097169655,0.3042865623265024,1.5563958841556151,0.36772621571643327,0.5314260170405626,0.4994781455651391
539,0.22551801095018592,0.3042865625446793,1.556395883330823,0.36772621552156143,0.5314260172888788,0.49947814583040234
540,0.22551801071335828,0.3042865625523059,1.5563958835153655,0.36772621537477784,0.5314260175220564,0.4994781461263358
541,0.2255180105705227,0.30428656250798425,1.556395883255395,0.36772621520296145,0.531426017740993,0.4994781458929596
542,0.22551801050506481,0.3042865623176755,1.5563958830113314,0.367726215480309,0.5314260175078823,0.499478146112514
543,0.22551801046813313,0.3042865621710148,1.556395883605752,0.3677262153288934,0.5314260172890615,0.499478145906848
544,0.2255180103990497,0.304286562259559,1.5563958830042457,0.3677262151867768,0.5314260174701532,0.4994781461087085
545,0.22551801061882204,0.3042865622595524,1.5563958835278344,0.36772621505340414,0.5314260172774263,0.49947814592755
546,0.2255180104079669,0.30428656218008904,1.5563958833384712,0.36772621492825264,0.5314260170965615,0.49947814575755817
547,0.22551801033625823,0.30428656209528343,1.5563958831608018,0.3677262148108296,0.5314260175655092,0.49947814559806386
548,0.22551801027204765,0.30428656211968,1.5563958826945579,0.3677262147006712,0.531426017545833,0.4994781456115094
549,0.22551801020452408,0.30428656210660815,1.5563958822572117,0.36772621459734034,0.531426017677502,0.4994781460331551
550,0.2255180102699377,0.3042865621062766,1.5563958831647777,0.36772621450042564,0.5314260178029332,0.49947814590151707
551,0.22551801017663867,0.3042865620666695,1.556395883766726,0.3677262144115442,0.5314260176715877,0.4994781460252243
552,0.22551801011236702,0.304286562032001,1.5563958836302358,0.36772621433386543,0.5314260177726383,0.4994781461487653
553,0.22551801006779873,0.3042865618997406,1.5563958837094922,0.36772621427109636,0.5314260176571676,0.49947814625752107
554,0.22551801004341768,0.3042865618233458,1.5563958842039485,0.3677262144031789,0.5314260175489192,0.4994781463594745
555,0.22551801001059052,0.3042865618021042,1.5563958844786687,0.36772621452480797,0.5314260174474535,0.4994781464550396
556,0.2255180099578758,0.30428656175659385,1.556395884539277,0.3677262146567233,0.5314260173523573,0.4994781465446057
557,0.2255180099538855,0.3042865618159063,1.5563958845751562,0.3677262148012604,0.5314260173402606,0.4994781467192819
558,0.22551800992494458,0.30428656180110847,1.5563958844877308,0.3677262147434804,0.5314260172567589,0.49947814664080004
559,0.2255180099065231,0.3042865617918227,1.5563958844058232,0.3677262146893471,0.5314260171785271,0.4994781465672714
560,0.2255180098951851,0.3042865617492901,1.5563958847423847,0.36772621463905614,0.5314260172430401,0.49947814663639994
561,0.22551800988181067,0.30428656178790614,1.5563958850561963,0.36772621459338256,0.5314260171753091,0.499478146829528
562,0.2255180098753156,0.30428656174321467,1.5563958849888877,0.3677262145488978,0.5314260171110212,0.4994781467691049
563,0.22551800985285592,0.3042865617108914,1.556395885152423,0.3677262145072408,0.5314260172773851,0.4994781467125227
564,0.22551800981921805,0.30428656168952317,1.5563958851994757,0.3677262144682365,0.5314260173270863,0.49947814665954365
565,0.22551800978194583,0.3042865616735984,1.5563958853428292,0.36772621443172043,0.5314260174729192,0.49947814660994433
566,0.22551800975613698,0.3042865616943616,1.5563958853695525,0.367726214505007,0.5314260175019634,0.4994781465792835
567,0.2255180097312032,0.3042865616653917,1.5563958853104836,0.3677262144836726,0.531426017477046,0.49947814677552266
568,0.2255180097121639,0.304286561641352,1.5563958854280295,0.3677262144537303,0.5314260175151998,0.4994781467348524
569,0.22551800971435132,0.3042865616296836,1.5563958856904119,0.36772621442571174,0.5314260176307369,0.4994781466967951
570,0.2255180097057355,0.3042865616030263,1.5563958857933269,0.36772621439949643,0.5314260175928515,0.4994781466611871
571,0.22551800970041444,0.304286561627425,1.5563958857562186,0.3677262144416653,0.5314260175574086,0.4994781466279301
572,0.22551800969194016,0.304286561610679,1.556395885778907,0.36772621448609716,0.5314260175816548,0.4994781466641424
573,0.22551800968214186,0.30428656159916756,1.5563958857464413,0.3677262144646403,0.531426017550646,0.49947814663499784
574,0.22551800968227736,0.30428656164821094,1.556395885878427,0.36772621444593157,0.5314260176301048,0.4994781466084216
575,0.22551800969498118,0.3042865616481315,1.5563958860031128,0.36772621442716824,0.5314260176542771,0.4994781465829356
576,0.22551800970685273,0.3042865616258916,1.5563958860719824,0.3677262144096253,0.5314260176292157,0.49947814655910716
577,0.22551800969846864,0.30428656161718776,1.5563958860471678,0.3677262143932253,0.5314260176055149,0.4994781465368312
578,0.22551800969761687,0.30428656162859585,1.5563958860093932,0.3677262143924753,0.5314260175833609,0.4994781465160098
579,0.22551800969053698,0.3042865616195002,1.5563958860243654,0.3677262143804592,0.5314260176004618,0.49947814653666683
580,0.22551800968597044,0.30428656161695583,1.556395886004107,0.3677262144034806,0.5314260176175227,0.49947814651848066
581,0.2255180096800333,0.30428656161449386,1.5563958859851776,0.36772621439097,0.5314260175994427,0.49947814650148764
582,0.22551800968139987,0.3042865616070942,1.5563958860310318,0.36772621437931335,0.5314260175826913,0.4994781465491828
583,0.22551800967551283,0.3042865615986218,1.556395886073897,0.3677262143683944,0.5314260176262979,0.49947814653435174
584,0.2255180096712572,0.3042865615922012,1.556395886113935,0.3677262143581955,0.5314260176392939,0.4994781465204987
585,0.22551800966720162,0.3042865615911672,1.5563958861254257,0.3677262143745732,0.5314260176255284,0.49947814650756084
586,0.22551800966415358,0.30428656159401285,1.5563958861066753,0.36772621437097025,0.5314260176179658,0.4994781465143983
587,0.22551800966290642,0.3042865615931743,1.5563958861166942,0.367726214362665,0.5314260176059633,0.4994781465031174
588,0.22551800965908445,0.3042865615827704,1.5563958861471336,0.36772621435491126,0.5314260175947578,0.49947814649258554
589,0.22551800966569888,0.3042865615782829,1.5563958861755485,0.3677262143476732,0.5314260175850511,0.4994781464827542
590,0.22551800966231073,0.30428656157567924,1.5563958861653264,0.36772621434091746,0.5314260175936597,0.4994781464735779
591,0.22551800965991442,0.3042865615743514,1.5563958861721845,0.36772621433536046,0.5314260175845481,0.4994781464821597
592,0.22551800966378657,0.30428656156692313,1.5563958861632825,0.36772621432947705,0.531426017592381,0.4994781464741683
593,0.22551800966054875,0.3042865615658719,1.5563958861848326,0.36772621432398767,0.5314260175844479,0.4994781464667121
594,0.22551800965702914,0.3042865615649031,1.5563958861909795,0.3677262143188976,0.5314260175770469,0.4994781464736827
595,0.22551800965350938,0.3042865615617471,1.5563958861967422,0.36772621431412056,0.5314260175961248,0.4994781464671941
596,0.22551800965249727,0.30428656156119227,1.5563958862142335,0.367726214309665,0.5314260175896859,0.4994781464611422
597,0.2255180096512022,0.30428656155986133,1.5563958862644445,0.3677262143168094,0.531426017583681,0.49947814645549826
598,0.22551800965032123,0.30428656155936423,1.5563958862691185,0.3677262143129349,0.5314260175886182,0.4994781464502355
599,0.22551800964649224,0.30428656155498723,1.5563958862636527,0.36772621430932245,0.5314260175833976,0.4994781464453288
600,0.22551800964365534,0.30428656155498723,1.5563958862585572,0.3677262143059548,0.5314260175785308,0.49947814644075456
601,0.22551800964225896,0.30428656155441164,1.5563958862538074,0.3677262143028157,0.5314260175910672,0.49947814643649074
602,0.22551800964034022,0.3042865615533622,1.5563958862414247,0.36772621429989005,0.5314260175868392,0.49947814643251687
603,0.22551800964483004,0.3042865615533616,1.556395886237299,0.3677262142971638,0.531426017590321,0.4994781464362283
604,0.2255180096440915,0.3042865615519244,1.5563958862525116,0.36772621431010977,0.5314260175874843,0.49947814644576005
605,0.22551800964209764,0.30428656154891875,1.5563958862553668,0.36772621431417934,0.5314260175840638,0.4994781464425452
606,0.22551800964103486,0.30428656154451994,1.5563958862699985,0.36772621431199454,0.5314260175808774,0.4994781464455463
607,0.22551800964252988,0.3042865615402341,1.5563958862622311,0.36772621431460095,0.5314260175779881,0.49947814644926647
608,0.22551800964094312,0.3042865615401972,1.5563958862691625,0.36772621431326563,0.531426017575224,0.4994781464518699
609,0.22551800963894253,0.3042865615401972,1.5563958862761549,0.3677262143163282,0.53142601757265,0.4994781464494506
610,0.22551800963796684,0.3042865615391632,1.5563958862776377,0.3677262143151876,0.5314260175702532,0.4994781464517079
611,0.2255180096372873,0.3042865615391484,1.556395886275297,0.36772621431364805,0.5314260175722835,0.49947814645801264
612,0.22551800963699445,0.30428656153894174,1.5563958862770249,0.3677262143122167,0.5314260175741119,0.4994781464599719
613,0.22551800963642285,0.3042865615380338,1.5563958862786387,0.36772621431087893,0.5314260175758165,0.49947814645815486
614,0.22551800963504642,0.3042865615380214,1.556395886283367,0.3677262143097933,0.5314260175740173,0.49947814645984945
615,0.22551800963464563,0.30428656153704353,1.5563958862811997,0.36772621430904895,0.5314260175754936,0.4994781464645768
616,0.22551800963405005,0.3042865615366707,1.5563958862766374,0.36772621430797103,0.531426017577269,0.49947814647150446
617,0.22551800963337768,0.3042865615351184,1.5563958862832956,0.3677262143069735,0.5314260175812712,0.49947814647287203
618,0.22551800963401475,0.3042865615351184,1.5563958862818843,0.3677262143060407,0.531426017579924,0.49947814647160504
619,0.22551800963460775,0.3042865615351184,1.556395886282931,0.3677262143051731,0.5314260175786703,0.4994781464704266
620,0.22551800963492963,0.3042865615346091,1.556395886283904,0.3677262143043667,0.5314260175775208,0.4994781464737189
621,0.2255180096348168,0.30428656153435796,1.5563958862845542,0.3677262143038714,0.5314260175764367,0.4994781464730009
622,0.22551800963437668,0.3042865615339893,1.5563958862853955,0.3677262143031739,0.5314260175773255,0.49947814647205346
623,0.22551800963401533,0.30428656153346645,1.5563958862879412,0.3677262143025255,0.5314260175763884,0.4994781464711727
624,0.22551800963348728,0.30428656153318795,1.5563958862919465,0.36772621430192276,0.5314260175771565,0.499478146470354
625,0.22551800963425261,0.30428656153318795,1.556395886291099,0.3677262143013626,0.531426017579395,0.4994781464695931
626,0.2255180096336105,0.3042865615330423,1.5563958862945582,0.367726214300842,0.5314260175786427,0.499478146468886
627,0.2255180096336633,0.3042865615337217,1.55639588629369,0.3677262143004945,0.5314260175805746,0.49947814647085986
628,0.22551800963290616,0.3042865615334363,1.55639588629301,0.3677262143012672,0.5314260175799251,0.4994781464702494
629,0.22551800963259094,0.30428656153368994,1.5563958862933363,0.3677262143021622,0.5314260175802799,0.49947814646987493
630,0.22551800963248209,0.30428656153282485,1.5563958862916951,0.36772621430177443,0.5314260175797195,0.49947814646934824
631,0.22551800963223617,0.30428656153207395,1.5563958862911502,0.36772621430141433,0.531426017579199,0.4994781464688591
632,0.22551800963176397,0.30428656153172207,1.5563958862915537,0.36772621430107993,0.5314260175796252,0.4994781464684049
633,0.22551800963139929,0.30428656153155187,1.5563958862902396,0.36772621430076946,0.5314260175791765,0.49947814646882754
634,0.22551800963135166,0.30428656153137584,1.5563958862898033,0.3677262143004812,0.5314260175795809,0.49947814646843597
635,0.22551800963126792,0.304286561531207,1.5563958862908538,0.3677262143002136,0.5314260175799218,0.49947814646807254
636,0.2255180096310986,0.3042865615311507,1.556395886290478,0.36772621429996527,0.5314260175809137,0.4994781464677352
637,0.22551800963096796,0.30428656153113587,1.5563958862926364,0.3677262142997348,0.5314260175818342,0.4994781464674221
638,0.22551800963077845,0.3042865615310885,1.5563958862946377,0.3677262142995225,0.5314260175815251,0.4994781464677132
639,0.22551800963067659,0.3042865615312242,1.5563958862942382,0.3677262142994231,0.5314260175813373,0.4994781464678906
640,0.22551800963059077,0.3042865615312097,1.5563958862944602,0.3677262143002403,0.5314260175815719,0.4994781464676406
641,0.22551800963041552,0.3042865615311333,1.5563958862951306,0.3677262143000695,0.5314260175822538,0.4994781464674086
642,0.22551800963036048,0.30428656153104994,1.556395886296183,0.36772621429991115,0.531426017582025,0.4994781464671935
643,0.22551800963027802,0.3042865615309567,1.5563958862963603,0.36772621429976426,0.5314260175818127,0.499478146466994
644,0.22551800963023,0.3042865615308561,1.556395886296895,0.3677262142996281,0.5314260175816159,0.499478146466809
645,0.2255180096301433,0.30428656153072103,1.556395886297734,0.3677262142995018,0.5314260175821202,0.49947814646663746
646,0.22551800963022245,0.30428656153049877,1.556395886297875,0.3677262142993849,0.5314260175822708,0.49947814646743344
647,0.22551800963016472,0.3042865615303936,1.5563958862979979,0.3677262142992845,0.5314260175821139,0.4994781464675811
648,0.2255180096300752,0.30428656153035877,1.5563958862980796,0.3677262142994968,0.5314260175819686,0.499478146467718
649,0.22551800963003263,0.3042865615303124,1.5563958862976852,0.36772621429940366,0.5314260175820873,0.4994781464675914
650,0.22551800963000546,0.30428656153029604,1.5563958862984937,0.36772621429931734,0.5314260175821973,0.4994781464674741
651,0.22551800962998042,0.30428656153036593,1.5563958862983729,0.3677262142994549,0.5314260175822992,0.49947814646758476
652,0.22551800962994484,0.3042865615304589,1.5563958862982317,0.36772621429940994,0.5314260175825368,0.4994781464675436
653,0.2255180096299336,0.3042865615304585,1.5563958862981275,0.36772621429934155,0.5314260175824401,0.4994781464678237
654,0.22551800962990937,0.30428656153045214,1.5563958862981984,0.3677262142992838,0.5314260175823483,0.4994781464679102
655,0.22551800962993265,0.3042865615304519,1.5563958862984293,0.3677262142992249,0.5314260175824245,0.4994781464678303
656,0.22551800962999086,0.3042865615304519,1.5563958862986431,0.3677262142991704,0.5314260175824974,0.49947814646775623
657,0.22551800962995386,0.30428656153042466,1.5563958862991154,0.36772621429911995,0.5314260175824245,0.4994781464676877
658,0.22551800962995314,0.3042865615304052,1.5563958862994185,0.36772621429920765,0.5314260175823594,0.4994781464677488
659,0.22551800962994237,0.30428656153039874,1.556395886299353,0.3677262142991644,0.5314260175824145,0.49947814646769007
660,0.22551800962992957,0.30428656153037775,1.5563958862994012,0.3677262142991244,0.5314260175823566,0.4994781464676357
661,0.22551800962992352,0.3042865615303543,1.5563958862994458,0.36772621429908736,0.5314260175825053,0.4994781464676861
662,0.22551800962991045,0.30428656153032907,1.5563958862995781,0.3677262142990552,0.5314260175825481,0.4994781464677334
663,0.22551800962992313,0.30428656153032907,1.5563958862997886,0.3677262142990235,0.5314260175825026,0.49947814646777655
664,0.22551800962989554,0.304286561530309,1.556395886299824,0.3677262142989942,0.5314260175825399,0.49947814646773675
665,0.22551800962988622,0.3042865615302861,1.556395886299773,0.36772621429897684,0.5314260175825745,0.49947814646784733
666,0.22551800962988014,0.30428656153026656,1.5563958862999396,0.36772621429895175,0.5314260175826064,0.4994781464678133
667,0.22551800962986523,0.30428656153025885,1.5563958862999676,0.36772621429892854,0.531426017582636,0.4994781464677818
668,0.22551800962990656,0.30428656153024525,1.5563958862998768,0.3677262142989071,0.531426017582605,0.49947814646775274
669,0.22551800962989516,0.3042865615302498,1.556395886299847,0.36772621429894115,0.5314260175825763,0.4994781464677279
670,0.22551800962988197,0.3042865615302382,1.556395886299869,0.3677262142989229,0.5314260175825499,0.49947814646770305
671,0.2255180096298934,0.3042865615302274,1.5563958862999816,0.367726214298952,0.5314260175825258,0.4994781464676801
672,0.22551800962990845,0.30428656153021744,1.5563958863000005,0.36772621429893637,0.5314260175825032,0.4994781464676588
673,0.22551800962990207,0.3042865615302173,1.556395886300018,0.36772621429896124,0.5314260175824828,0.49947814646763916
674,0.22551800962989837,0.30428656153023637,1.5563958863000693,0.3677262142989491,0.5314260175824993,0.49947814646762173
675,0.22551800962989912,0.3042865615302359,1.5563958863001512,0.36772621429893676,0.5314260175825183,0.49947814646760497
676,0.22551800962989518,0.30428656153023936,1.5563958863001588,0.3677262142989626,0.5314260175825266,0.4994781464675962
677,0.22551800962988994,0.3042865615302338,1.5563958863001999,0.367726214298952,0.5314260175825114,0.4994781464675819
678,0.2255180096298936,0.30428656153023376,1.556395886300238,0.3677262142989423,0.5314260175825508,0.49947814646756866
679,0.22551800962988103,0.30428656153022593,1.556395886300249,0.3677262142989333,0.5314260175825622,0.49947814646755645
680,0.2255180096298753,0.30428656153022504,1.5563958863002814,0.36772621429892505,0.5314260175825503,0.4994781464675452
681,0.22551800962986704,0.30428656153021744,1.5563958863002698,0.3677262142989174,0.5314260175825393,0.4994781464675348
682,0.2255180096298659,0.304286561530213,1.5563958863002973,0.36772621429891034,0.531426017582529,0.4994781464675252
683,0.22551800962986232,0.3042865615302113,1.5563958863003051,0.36772621429890384,0.5314260175825551,0.49947814646751637
684,0.2255180096298591,0.3042865615302036,1.5563958863003124,0.36772621429889785,0.5314260175825465,0.4994781464675082
685,0.22551800962985907,0.30428656153021166,1.5563958863003489,0.36772621429889246,0.5314260175825536,0.4994781464675157
686,0.22551800962985458,0.3042865615302091,1.5563958863003273,0.36772621429888736,0.5314260175825463,0.49947814646752264
687,0.22551800962985344,0.3042865615302154,1.5563958863003182,0.3677262142988847,0.531426017582561,0.4994781464675205
688,0.22551800962984736,0.3042865615302116,1.5563958863003235,0.36772621429888036,0.5314260175825666,0.4994781464675146
689,0.22551800962985397,0.3042865615302116,1.5563958863003284,0.36772621429887636,0.5314260175825608,0.49947814646753097
690,0.22551800962985288,0.30428656153021677,1.5563958863003629,0.3677262142988727,0.5314260175825555,0.4994781464675363
691,0.2255180096298513,0.30428656153021505,1.5563958863003484,0.3677262142988693,0.5314260175825598,0.4994781464675317
692,0.22551800962984947,0.30428656153020966,1.5563958863003604,0.3677262142988665,0.5314260175825553,0.49947814646753597
693,0.22551800962984966,0.30428656153020955,1.5563958863003797,0.3677262142988636,0.5314260175825597,0.499478146467532
694,0.2255180096298506,0.3042865615302062,1.5563958863003828,0.36772621429886093,0.5314260175825634,0.4994781464675357
695,0.22551800962984717,0.3042865615302062,1.5563958863003857,0.3677262142988585,0.5314260175825598,0.49947814646753236
696,0.22551800962984628,0.30428656153020545,1.556395886300407,0.36772621429885627,0.5314260175825566,0.4994781464675293
697,0.22551800962984586,0.30428656153020284,1.5563958863004208,0.36772621429885416,0.5314260175825536,0.4994781464675265
698,0.2255180096298466,0.3042865615302029,1.5563958863004284,0.3677262142988522,0.5314260175825614,0.49947814646752386
699,0.225518009629846,0.3042865615302017,1.5563958863004352,0.3677262142988506,0.5314260175825636,0.4994781464675311
700,0.22551800962984447,0.30428656153020167,1.556395886300435,0.3677262142988512,0.5314260175825612,0.4994781464675333
701,0.22551800962984278,0.30428656153020167,1.5563958863004368,0.3677262142988497,0.531426017582559,0.49947814646753125
702,0.22551800962984334,0.30428656153020367,1.5563958863004383,0.36772621429884855,0.5314260175825571,0.499478146467533
703,0.22551800962984284,0.3042865615302036,1.5563958863004468,0.3677262142988473,0.5314260175825588,0.49947814646753474
704,0.22551800962984217,0.3042865615302032,1.5563958863004543,0.3677262142988461,0.5314260175825604,0.49947814646753314
705,0.22551800962984161,0.30428656153020267,1.5563958863004523,0.3677262142988456,0.5314260175825611,0.4994781464675352
706,0.2255180096298416,0.30428656153020084,1.5563958863004481,0.3677262142988446,0.5314260175825597,0.49947814646753386
707,0.225518009629841,0.3042865615302006,1.5563958863004492,0.3677262142988437,0.5314260175825584,0.49947814646753264
708,0.22551800962984028,0.3042865615302006,1.556395886300457,0.36772621429884517,0.5314260175825571,0.49947814646753147
709,0.22551800962983998,0.30428656153020084,1.5563958863004552,0.36772621429884483,0.531426017582556,0.4994781464675304
710,0.22551800962983945,0.30428656153020067,1.55639588630046,0.3677262142988441,0.531426017582555,0.4994781464675314
711,0.2255180096298391,0.3042865615302006,1.5563958863004645,0.36772621429884345,0.531426017582554,0.4994781464675323
712,0.22551800962983867,0.3042865615302003,1.5563958863004652,0.36772621429884284,0.5314260175825548,0.49947814646753147
713,0.22551800962983826,0.30428656153019984,1.5563958863004688,0.3677262142988423,0.531426017582554,0.4994781464675322
714,0.22551800962983787,0.3042865615301996,1.556395886300468,0.3677262142988418,0.5314260175825547,0.4994781464675315
715,0.22551800962983745,0.3042865615301993,1.5563958863004685,0.36772621429884134,0.531426017582554,0.4994781464675309
716,0.22551800962983717,0.30428656153019906,1.55639588630047,0.3677262142988409,0.5314260175825557,0.4994781464675303
717,0.22551800962983706,0.30428656153019906,1.5563958863004714,0.3677262142988405,0.5314260175825563,0.4994781464675308
718,0.22551800962983687,0.3042865615301992,1.5563958863004708,0.36772621429884034,0.5314260175825559,0.4994781464675311
719,0.22551800962983676,0.3042865615301993,1.55639588630047,0.3677262142988402,0.5314260175825557,0.49947814646753136
720,0.22551800962983634,0.30428656153019906,1.556395886300469,0.36772621429883995,0.5314260175825553,0.49947814646753097
721,0.22551800962983645,0.30428656153019906,1.5563958863004685,0.36772621429883967,0.5314260175825564,0.4994781464675306
722,0.22551800962983654,0.30428656153019906,1.556395886300468,0.36772621429883945,0.5314260175825567,0.49947814646753025
723,0.2255180096298363,0.30428656153019873,1.5563958863004674,0.3677262142988394,0.5314260175825564,0.4994781464675299
724,0.22551800962983665,0.30428656153019873,1.556395886300469,0.36772621429883917,0.531426017582556,0.49947814646752964
725,0.22551800962983673,0.3042865615301986,1.5563958863004685,0.36772621429883895,0.5314260175825557,0.4994781464675299
726,0.22551800962983662,0.30428656153019856,1.5563958863004688,0.3677262142988393,0.5314260175825559,0.4994781464675302
727,0.22551800962983648,0.3042865615301985,1.556395886300468,0.3677262142988391,0.5314260175825557,0.49947814646752997
728,0.22551800962983637,0.30428656153019845,1.5563958863004679,0.3677262142988394,0.5314260175825558,0.4994781464675302
729,0.22551800962983629,0.30428656153019834,1.5563958863004679,0.3677262142988393,0.5314260175825556,0.4994781464675304
730,0.22551800962983623,0.3042865615301983,1.5563958863004692,0.36772621429883917,0.5314260175825557,0.49947814646753025
731,0.2255180096298362,0.30428656153019834,1.556395886300469,0.3677262142988391,0.5314260175825556,0.4994781464675306
732,0.22551800962983615,0.3042865615301983,1.5563958863004685,0.367726214298839,0.5314260175825554,0.4994781464675304
733,0.22551800962983606,0.3042865615301982,1.5563958863004683,0.3677262142988392,0.5314260175825553,0.4994781464675303
734,0.225518009629836,0.3042865615301981,1.5563958863004683,0.36772621429883917,0.5314260175825561,0.49947814646753047
735,0.22551800962983595,0.304286561530198,1.5563958863004679,0.3677262142988391,0.531426017582556,0.4994781464675306
736,0.2255180096298359,0.30428656153019795,1.5563958863004677,0.36772621429883906,0.5314260175825559,0.49947814646753047
737,0.22551800962983587,0.3042865615301979,1.5563958863004674,0.36772621429883917,0.531426017582556,0.4994781464675306
738,0.22551800962983581,0.30428656153019784,1.5563958863004674,0.3677262142988391,0.5314260175825561,0.49947814646753047
739,0.22551800962983587,0.30428656153019784,1.5563958863004674,0.36772621429883906,0.5314260175825561,0.4994781464675306
740,0.22551800962983587,0.3042865615301978,1.5563958863004677,0.367726214298839,0.531426017582556,0.4994781464675305
741,0.22551800962983584,0.3042865615301978,1.5563958863004677,0.36772621429883895,0.5314260175825559,0.4994781464675306
742,0.22551800962983587,0.3042865615301978,1.5563958863004679,0.3677262142988389,0.5314260175825558,0.4994781464675305
743,0.2255180096298359,0.3042865615301978,1.5563958863004679,0.36772621429883884,0.5314260175825557,0.4994781464675307
744,0.22551800962983592,0.3042865615301978,1.5563958863004679,0.3677262142988388,0.5314260175825556,0.49947814646753064
745,0.22551800962983595,0.30428656153019784,1.5563958863004677,0.3677262142988387,0.5314260175825556,0.4994781464675306
746,0.22551800962983592,0.30428656153019784,1.5563958863004674,0.36772621429883867,0.5314260175825556,0.4994781464675305
747,0.2255180096298359,0.30428656153019784,1.5563958863004674,0.3677262142988387,0.5314260175825555,0.49947814646753064
748,0.22551800962983595,0.30428656153019784,1.5563958863004674,0.36772621429883867,0.5314260175825554,0.49947814646753064
749,0.22551800962983595,0.30428656153019784,1.5563958863004672,0.3677262142988386,0.5314260175825553,0.49947814646753064
750,0.225518009629836,0.30428656153019784,1.5563958863004672,0.36772621429883856,0.5314260175825551,0.4994781464675306
751,0.22551800962983604,0.3042865615301979,1.5563958863004672,0.3677262142988385,0.531426017582555,0.4994781464675305
752,0.22551800962983604,0.3042865615301979,1.5563958863004672,0.3677262142988385,0.531426017582555,0.49947814646753064
753,0.22551800962983606,0.3042865615301979,1.5563958863004674,0.36772621429883856,0.531426017582555,0.49947814646753075
754,0.22551800962983606,0.3042865615301979,1.5563958863004677,0.36772621429883856,0.531426017582555,0.49947814646753075
755,0.2255180096298361,0.3042865615301979,1.5563958863004677,0.3677262142988386,0.531426017582555,0.49947814646753075
756,0.2255180096298361,0.3042865615301979,1.5563958863004679,0.3677262142988386,0.531426017582555,0.49947814646753075
757,0.2255180096298361,0.3042865615301979,1.5563958863004679,0.36772621429883867,0.531426017582555,0.49947814646753075
758,0.2255180096298361,0.3042865615301979,1.556395886300468,0.36772621429883867,0.531426017582555,0.4994781464675308
759,0.2255180096298361,0.3042865615301979,1.556395886300468,0.36772621429883867,0.531426017582555,0.4994781464675308
760,0.2255180096298361,0.3042865615301979,1.556395886300468,0.36772621429883867,0.531426017582555,0.4994781464675308
761,0.2255180096298361,0.3042865615301979,1.556395886300468,0.36772621429883867,0.531426017582555,0.4994781464675308
762,0.2255180096298361,0.3042865615301979,1.556395886300468,0.36772621429883867,0.531426017582555,0.4994781464675308
763,0.2255180096298361,0.3042865615301979,1.556395886300468,0.36772621429883867,0.531426017582555,0.4994781464675308
764,0.2255180096298361,0.3042865615301979,1.556395886300468,0.36772621429883867,0.531426017582555,0.4994781464675308
765,0.2255180096298361,0.3042865615301979,1.556395886300468,0.36772621429883867,0.531426017582555,0.49947814646753086
766,0.2255180096298361,0.3042865615301979,1.556395886300468,0.36772621429883867,0.531426017582555,0.49947814646753086
767,0.2255180096298361,0.3042865615301979,1.556395886300468,0.36772621429883867,0.531426017582555,0.49947814646753086
768,0.2255180096298361,0.3042865615301979,1.556395886300468,0.36772621429883867,0.531426017582555,0.49947814646753086
769,0.2255180096298361,0.3042865615301979,1.556395886300468,0.36772621429883867,0.531426017582555,0.49947814646753086
770,0.2255180096298361,0.3042865615301979,1.556395886300468,0.36772621429883867,0.531426017582555,0.49947814646753086
771,0.2255180096298361,0.3042865615301979,1.556395886300468,0.36772621429883867,0.531426017582555,0.49947814646753086
772,0.2255180096298361,0.3042865615301979,1.556395886300468,0.36772621429883867,0.531426017582555,0.49947814646753086
773,0.2255180096298361,0.3042865615301979,1.556395886300468,0.36772621429883867,0.531426017582555,0.49947814646753086
774,0.2255180096298361,0.3042865615301979,1.556395886300468,0.36772621429883867,0.531426017582555,0.49947814646753086
775,0.2255180096298361,0.3042865615301979,1.556395886300468,0.36772621429883867,0.531426017582555,0.49947814646753086
776,0.2255180096298361,0.3042865615301979,1.556395886300468,0.36772621429883867,0.531426017582555,0.49947814646753086
777,0.2255180096298361,0.3042865615301979,1.556395886300468,0.36772621429883867,0.531426017582555,0.49947814646753086
778,0.2255180096298361,0.3042865615301979,1.556395886300468,0.36772621429883867,0.531426017582555,0.49947814646753086
779,0.2255180096298361,0.3042865615301979,1.556395886300468,0.36772621429883867,0.531426017582555,0.49947814646753086
780,0.2255180096298361,0.3042865615301979,1.556395886300468,0.36772621429883867,0.531426017582555,0.49947814646753086
781,0.2255180096298361,0.3042865615301979,1.556395886300468,0.36772621429883867,0.531426017582555,0.49947814646753086
782,0.2255180096298361,0.3042865615301979,1.556395886300468,0.36772621429883867,0.531426017582555,0.49947814646753086
783,0.2255180096298361,0.3042865615301979,1.556395886300468,0.36772621429883867,0.531426017582555,0.49947814646753086
784,0.2255180096298361,0.3042865615301979,1.556395886300468,0.36772621429883867,0.531426017582555,0.49947814646753086
785,0.2255180096298361,0.3042865615301979,1.556395886300468,0.36772621429883867,0.531426017582555,0.49947814646753086
786,0.2255180096298361,0.3042865615301979,1.556395886300468,0.36772621429883867,0.531426017582555,0.49947814646753086
787,0.2255180096298361,0.3042865615301979,1.556395886300468,0.36772621429883867,0.531426017582555,0.49947814646753086
788,0.2255180096298361,0.3042865615301979,1.556395886300468,0.36772621429883867,0.531426017582555,0.49947814646753086
789,0.2255180096298361,0.3042865615301979,1.556395886300468,0.36772621429883867,0.531426017582555,0.49947814646753086
790,0.2255180096298361,0.3042865615301979,1.556395886300468,0.36772621429883867,0.531426017582555,0.49947814646753086
791,0.2255180096298361,0.3042865615301979,1.556395886300468,0.36772621429883867,0.531426017582555,0.49947814646753086
792,0.2255180096298361,0.3042865615301979,1.556395886300468,0.36772621429883867,0.531426017582555,0.49947814646753086
793,0.2255180096298361,0.3042865615301979,1.556395886300468,0.36772621429883867,0.531426017582555,0.49947814646753086
794,0.2255180096298361,0.3042865615301979,1.556395886300468,0.36772621429883867,0.531426017582555,0.49947814646753086
795,0.2255180096298361,0.3042865615301979,1.556395886300468,0.36772621429883867,0.531426017582555,0.49947814646753086
796,0.2255180096298361,0.3042865615301979,1.556395886300468,0.36772621429883867,0.531426017582555,0.49947814646753086
797,0.2255180096298361,0.3042865615301979,1.556395886300468,0.36772621429883867,0.531426017582555,0.49947814646753086
798,0.2255180096298361,0.3042865615301979,1.556395886300468,0.36772621429883867,0.531426017582555,0.49947814646753086
799,0.2255180096298361,0.3042865615301979,1.556395886300468,0.36772621429883867,0.531426017582555,0.49947814646753086
800,0.2255180096298361,0.3042865615301979,1.556395886300468,0.36772621429883867,0.531426017582555,0.49947814646753086
801,0.2255180096298361,0.3042865615301979,1.556395886300468,0.36772621429883867,0.531426017582555,0.49947814646753086
802,0.2255180096298361,0.3042865615301979,1.556395886300468,0.36772621429883867,0.531426017582555,0.49947814646753086
803,0.2255180096298361,0.3042865615301979,1.556395886300468,0.36772621429883867,0.531426017582555,0.49947814646753086
804,0.2255180096298361,0.3042865615301979,1.556395886300468,0.36772621429883867,0.531426017582555,0.49947814646753086
805,0.2255180096298361,0.3042865615301979,1.556395886300468,0.36772621429883867,0.531426017582555,0.49947814646753086
806,0.2255180096298361,0.3042865615301979,1.556395886300468,0.36772621429883867,0.531426017582555,0.49947814646753086
807,0.2255180096298361,0.3042865615301979,1.556395886300468,0.36772621429883867,0.531426017582555,0.49947814646753086
808,0.2255180096298361,0.3042865615301979,1.556395886300468,0.36772621429883867,0.531426017582555,0.49947814646753086
809,0.2255180096298361,0.3042865615301979,1.556395886300468,0.36772621429883867,0.531426017582555,0.49947814646753086
810,0.2255180096298361,0.3042865615301979,1.556395886300468,0.36772621429883867,0.531426017582555,0.49947814646753086
811,0.2255180096298361,0.3042865615301979,1.556395886300468,0.36772621429883867,0.531426017582555,0.49947814646753086
812,0.2255180096298361,0.3042865615301979,1.556395886300468,0.36772621429883867,0.531426017582555,0.49947814646753086
813,0.2255180096298361,0.3042865615301979,1.556395886300468,0.36772621429883867,0.531426017582555,0.49947814646753086
814,0.2255180096298361,0.3042865615301979,1.556395886300468,0.36772621429883867,0.531426017582555,0.49947814646753086
815,0.2255180096298361,0.3042865615301979,1.556395886300468,0.36772621429883867,0.531426017582555,0.49947814646753086
816,0.2255180096298361,0.3042865615301979,1.556395886300468,0.36772621429883867,0.531426017582555,0.49947814646753086
817,0.2255180096298361,0.3042865615301979,1.556395886300468,0.36772621429883867,0.531426017582555,0.49947814646753086
818,0.2255180096298361,0.3042865615301979,1.556395886300468,0.36772621429883867,0.531426017582555,0.49947814646753086
819,0.2255180096298361,0.3042865615301979,1.556395886300468,0.36772621429883867,0.531426017582555,0.49947814646753086
820,0.2255180096298361,0.3042865615301979,1.556395886300468,0.36772621429883867,0.531426017582555,0.49947814646753086
821,0.2255180096298361,0.3042865615301979,1.556395886300468,0.36772621429883867,0.531426017582555,0.49947814646753086
822,0.2255180096298361,0.3042865615301979,1.556395886300468,0.36772621429883867,0.531426017582555,0.49947814646753086
823,0.2255180096298361,0.3042865615301979,1.556395886300468,0.36772621429883867,0.531426017582555,0.49947814646753086
824,0.2255180096298361,0.3042865615301979,1.556395886300468,0.36772621429883867,0.531426017582555,0.49947814646753086
825,0.2255180096298361,0.3042865615301979,1.556395886300468,0.36772621429883867,0.531426017582555,0.49947814646753086
826,0.2255180096298361,0.3042865615301979,1.556395886300468,0.36772621429883867,0.531426017582555,0.49947814646753086
827,0.2255180096298361,0.3042865615301979,1.556395886300468,0.36772621429883867,0.531426017582555,0.49947814646753086
828,0.2255180096298361,0.3042865615301979,1.556395886300468,0.36772621429883867,0.531426017582555,0.49947814646753086
829,0.2255180096298361,0.3042865615301979,1.556395886300468,0.36772621429883867,0.531426017582555,0.49947814646753086
830,0.2255180096298361,0.3042865615301979,1.556395886300468,0.36772621429883867,0.531426017582555,0.49947814646753086
831,0.2255180096298361,0.3042865615301979,1.556395886300468,0.36772621429883867,0.531426017582555,0.49947814646753086
832,0.2255180096298361,0.3042865615301979,1.556395886300468,0.36772621429883867,0.531426017582555,0.49947814646753086
833,0.2255180096298361,0.3042865615301979,1.556395886300468,0.36772621429883867,0.531426017582555,0.49947814646753086
834,0.2255180096298361,0.3042865615301979,1.556395886300468,0.36772621429883867,0.531426017582555,0.49947814646753086
835,0.2255180096298361,0.3042865615301979,1.556395886300468,0.36772621429883867,0.531426017582555,0.49947814646753086
836,0.2255180096298361,0.3042865615301979,1.556395886300468,0.36772621429883867,0.531426017582555,0.49947814646753086
837,0.2255180096298361,0.3042865615301979,1.556395886300468,0.36772621429883867,0.531426017582555,0.49947814646753086
838,0.2255180096298361,0.3042865615301979,1.556395886300468,0.36772621429883867,0.531426017582555,0.49947814646753086
839,0.2255180096298361,0.3042865615301979,1.556395886300468,0.36772621429883867,0.531426017582555,0.49947814646753086
840,0.2255180096298361,0.3042865615301979,1.556395886300468,0.36772621429883867,0.531426017582555,0.49947814646753086
841,0.2255180096298361,0.3042865615301979,1.556395886300468,0.36772621429883867,0.531426017582555,0.49947814646753086
842,0.2255180096298361,0.3042865615301979,1.556395886300468,0.36772621429883867,0.531426017582555,0.49947814646753086
843,0.2255180096298361,0.3042865615301979,1.556395886300468,0.36772621429883867,0.531426017582555,0.49947814646753086
844,0.2255180096298361,0.3042865615301979,1.556395886300468,0.36772621429883867,0.531426017582555,0.49947814646753086
845,0.2255180096298361,0.3042865615301979,1.556395886300468,0.36772621429883867,0.531426017582555,0.49947814646753086
846,0.2255180096298361,0.3042865615301979,1.556395886300468,0.36772621429883867,0.531426017582555,0.49947814646753086
847,0.2255180096298361,0.3042865615301979,1.556395886300468,0.36772621429883867,0.531426017582555,0.49947814646753086
848,0.2255180096298361,0.3042865615301979,1.556395886300468,0.36772621429883867,0.531426017582555,0.49947814646753086
849,0.2255180096298361,0.3042865615301979,1.556395886300468,0.36772621429883867,0.531426017582555,0.49947814646753086
850,0.2255180096298361,0.3042865615301979,1.556395886300468,0.36772621429883867,0.531426017582555,0.49947814646753086
851,0.2255180096298361,0.3042865615301979,1.556395886300468,0.36772621429883867,0.531426017582555,0.49947814646753086
852,0.2255180096298361,0.3042865615301979,1.556395886300468,0.36772621429883867,0.531426017582555,0.49947814646753086
853,0.2255180096298361,0.3042865615301979,1.556395886300468,0.36772621429883867,0.531426017582555,0.49947814646753086
854,0.2255180096298361,0.3042865615301979,1.556395886300468,0.36772621429883867,0.531426017582555,0.49947814646753086
855,0.2255180096298361,0.3042865615301979,1.556395886300468,0.36772621429883867,0.531426017582555,0.49947814646753086
856,0.2255180096298361,0.3042865615301979,1.556395886300468,0.36772621429883867,0.531426017582555,0.49947814646753086
857,0.2255180096298361,0.3042865615301979,1.556395886300468,0.36772621429883867,0.531426017582555,0.49947814646753086
858,0.2255180096298361,0.3042865615301979,1.556395886300468,0.36772621429883867,0.531426017582555,0.49947814646753086
859,0.2255180096298361,0.3042865615301979,1.556395886300468,0.36772621429883867,0.531426017582555,0.49947814646753086
860,0.2255180096298361,0.3042865615301979,1.556395886300468,0.36772621429883867,0.531426017582555,0.49947814646753086
861,0.2255180096298361,0.3042865615301979,1.556395886300468,0.36772621429883867,0.531426017582555,0.49947814646753086
862,0.2255180096298361,0.3042865615301979,1.556395886300468,0.36772621429883867,0.531426017582555,0.49947814646753086
863,0.2255180096298361,0.3042865615301979,1.556395886300468,0.36772621429883867,0.531426017582555,0.49947814646753086
864,0.2255180096298361,0.3042865615301979,1.556395886300468,0.36772621429883867,0.531426017582555,0.49947814646753086
865,0.2255180096298361,0.3042865615301979,1.556395886300468,0.36772621429883867,0.531426017582555,0.49947814646753086
866,0.2255180096298361,0.3042865615301979,1.556395886300468,0.36772621429883867,0.531426017582555,0.49947814646753086
867,0.2255180096298361,0.3042865615301979,1.556395886300468,0.36772621429883867,0.531426017582555,0.49947814646753086
868,0.2255180096298361,0.3042865615301979,1.556395886300468,0.36772621429883867,0.531426017582555,0.49947814646753086
869,0.2255180096298361,0.3042865615301979,1.556395886300468,0.36772621429883867,0.531426017582555,0.49947814646753086
870,0.2255180096298361,0.3042865615301979,1.556395886300468,0.36772621429883867,0.531426017582555,0.49947814646753086
871,0.2255180096298361,0.3042865615301979,1.556395886300468,0.36772621429883867,0.531426017582555,0.49947814646753086
872,0.2255180096298361,0.3042865615301979,1.556395886300468,0.36772621429883867,0.531426017582555,0.49947814646753086
873,0.2255180096298361,0.3042865615301979,1.556395886300468,0.36772621429883867,0.531426017582555,0.49947814646753086
874,0.2255180096298361,0.3042865615301979,1.556395886300468,0.36772621429883867,0.531426017582555,0.49947814646753086
875,0.2255180096298361,0.3042865615301979,1.556395886300468,0.36772621429883867,0.531426017582555,0.49947814646753086
876,0.2255180096298361,0.3042865615301979,1.556395886300468,0.36772621429883867,0.531426017582555,0.49947814646753086
877,0.2255180096298361,0.3042865615301979,1.556395886300468,0.36772621429883867,0.531426017582555,0.49947814646753086
878,0.2255180096298361,0.3042865615301979,1.556395886300468,0.36772621429883867,0.531426017582555,0.49947814646753086
879,0.2255180096298361,0.3042865615301979,1.556395886300468,0.36772621429883867,0.531426017582555,0.49947814646753086
880,0.2255180096298361,0.3042865615301979,1.556395886300468,0.36772621429883867,0.531426017582555,0.49947814646753086
881,0.2255180096298361,0.3042865615301979,1.556395886300468,0.36772621429883867,0.531426017582555,0.49947814646753086
882,0.2255180096298361,0.3042865615301979,1.556395886300468,0.36772621429883867,0.531426017582555,0.49947814646753086
883,0.2255180096298361,0.3042865615301979,1.556395886300468,0.36772621429883867,0.531426017582555,0.49947814646753086
884,0.2255180096298361,0.3042865615301979,1.556395886300468,0.36772621429883867,0.531426017582555,0.49947814646753086
885,0.2255180096298361,0.3042865615301979,1.556395886300468,0.36772621429883867,0.531426017582555,0.49947814646753086
886,0.2255180096298361,0.3042865615301979,1.556395886300468,0.36772621429883867,0.531426017582555,0.49947814646753086
887,0.2255180096298361,0.3042865615301979,1.556395886300468,0.36772621429883867,0.531426017582555,0.49947814646753086
888,0.2255180096298361,0.3042865615301979,1.556395886300468,0.36772621429883867,0.531426017582555,0.49947814646753086
889,0.2255180096298361,0.3042865615301979,1.556395886300468,0.36772621429883867,0.531426017582555,0.49947814646753086
890,0.2255180096298361,0.3042865615301979,1.556395886300468,0.36772621429883867,0.531426017582555,0.49947814646753086
891,0.2255180096298361,0.3042865615301979,1.556395886300468,0.36772621429883867,0.531426017582555,0.49947814646753086
892,0.2255180096298361,0.3042865615301979,1.556395886300468,0.36772621429883867,0.531426017582555,0.49947814646753086
893,0.2255180096298361,0.3042865615301979,1.556395886300468,0.36772621429883867,0.531426017582555,0.49947814646753086
894,0.2255180096298361,0.3042865615301979,1.556395886300468,0.36772621429883867,0.531426017582555,0.49947814646753086
895,0.2255180096298361,0.3042865615301979,1.556395886300468,0.36772621429883867,0.531426017582555,0.49947814646753086
896,0.2255180096298361,0.3042865615301979,1.556395886300468,0.36772621429883867,0.531426017582555,0.49947814646753086
897,0.2255180096298361,0.3042865615301979,1.556395886300468,0.36772621429883867,0.531426017582555,0.49947814646753086
898,0.2255180096298361,0.3042865615301979,1.556395886300468,0.36772621429883867,0.531426017582555,0.49947814646753086
899,0.2255180096298361,0.3042865615301979,1.556395886300468,0.36772621429883867,0.531426017582555,0.49947814646753086
900,0.2255180096298361,0.3042865615301979,1.556395886300468,0.36772621429883867,0.531426017582555,0.49947814646753086
901,0.2255180096298361,0.3042865615301979,1.556395886300468,0.36772621429883867,0.531426017582555,0.49947814646753086
902,0.2255180096298361,0.3042865615301979,1.556395886300468,0.36772621429883867,0.531426017582555,0.49947814646753086
903,0.2255180096298361,0.3042865615301979,1.556395886300468,0.36772621429883867,0.531426017582555,0.49947814646753086
904,0.2255180096298361,0.3042865615301979,1.556395886300468,0.36772621429883867,0.531426017582555,0.49947814646753086
905,0.2255180096298361,0.3042865615301979,1.556395886300468,0.36772621429883867,0.531426017582555,0.49947814646753086
906,0.2255180096298361,0.3042865615301979,1.556395886300468,0.36772621429883867,0.531426017582555,0.49947814646753086
907,0.2255180096298361,0.3042865615301979,1.556395886300468,0.36772621429883867,0.531426017582555,0.49947814646753086
908,0.2255180096298361,0.3042865615301979,1.556395886300468,0.36772621429883867,0.531426017582555,0.49947814646753086
909,0.2255180096298361,0.3042865615301979,1.556395886300468,0.36772621429883867,0.531426017582555,0.49947814646753086
910,0.2255180096298361,0.3042865615301979,1.556395886300468,0.36772621429883867,0.531426017582555,0.49947814646753086
911,0.2255180096298361,0.3042865615301979,1.556395886300468,0.36772621429883867,0.531426017582555,0.49947814646753086
912,0.2255180096298361,0.3042865615301979,1.556395886300468,0.36772621429883867,0.531426017582555,0.49947814646753086
913,0.2255180096298361,0.3042865615301979,1.556395886300468,0.36772621429883867,0.531426017582555,0.49947814646753086
914,0.2255180096298361,0.3042865615301979,1.556395886300468,0.36772621429883867,0.531426017582555,0.49947814646753086
915,0.2255180096298361,0.3042865615301979,1.556395886300468,0.36772621429883867,0.531426017582555,0.49947814646753086
916,0.2255180096298361,0.3042865615301979,1.556395886300468,0.36772621429883867,0.531426017582555,0.49947814646753086
917,0.2255180096298361,0.3042865615301979,1.556395886300468,0.36772621429883867,0.531426017582555,0.49947814646753086
918,0.2255180096298361,0.3042865615301979,1.556395886300468,0.36772621429883867,0.531426017582555,0.49947814646753086
919,0.2255180096298361,0.3042865615301979,1.556395886300468,0.36772621429883867,0.531426017582555,0.49947814646753086
920,0.2255180096298361,0.3042865615301979,1.556395886300468,0.36772621429883867,0.531426017582555,0.49947814646753086
921,0.2255180096298361,0.3042865615301979,1.556395886300468,0.36772621429883867,0.531426017582555,0.49947814646753086
922,0.2255180096298361,0.3042865615301979,1.556395886300468,0.36772621429883867,0.531426017582555,0.49947814646753086
923,0.2255180096298361,0.3042865615301979,1.556395886300468,0.36772621429883867,0.531426017582555,0.49947814646753086
924,0.2255180096298361,0.3042865615301979,1.556395886300468,0.36772621429883867,0.531426017582555,0.49947814646753086
925,0.2255180096298361,0.3042865615301979,1.556395886300468,0.36772621429883867,0.531426017582555,0.49947814646753086
926,0.2255180096298361,0.3042865615301979,1.556395886300468,0.36772621429883867,0.531426017582555,0.49947814646753086
927,0.2255180096298361,0.3042865615301979,1.556395886300468,0.36772621429883867,0.531426017582555,0.49947814646753086
928,0.2255180096298361,0.3042865615301979,1.556395886300468,0.36772621429883867,0.531426017582555,0.49947814646753086
929,0.2255180096298361,0.3042865615301979,1.556395886300468,0.36772621429883867,0.531426017582555,0.49947814646753086
930,0.2255180096298361,0.3042865615301979,1.556395886300468,0.36772621429883867,0.531426017582555,0.49947814646753086
931,0.2255180096298361,0.3042865615301979,1.556395886300468,0.36772621429883867,0.531426017582555,0.49947814646753086
932,0.2255180096298361,0.3042865615301979,1.556395886300468,0.36772621429883867,0.531426017582555,0.49947814646753086
933,0.2255180096298361,0.3042865615301979,1.556395886300468,0.36772621429883867,0.531426017582555,0.49947814646753086
934,0.2255180096298361,0.3042865615301979,1.556395886300468,0.36772621429883867,0.531426017582555,0.49947814646753086
935,0.2255180096298361,0.3042865615301979,1.556395886300468,0.36772621429883867,0.531426017582555,0.49947814646753086
936,0.2255180096298361,0.3042865615301979,1.556395886300468,0.36772621429883867,0.531426017582555,0.49947814646753086
937,0.2255180096298361,0.3042865615301979,1.556395886300468,0.36772621429883867,0.531426017582555,0.49947814646753086
938,0.2255180096298361,0.3042865615301979,1.556395886300468,0.36772621429883867,0.531426017582555,0.49947814646753086
939,0.2255180096298361,0.3042865615301979,1.556395886300468,0.36772621429883867,0.531426017582555,0.49947814646753086
940,0.2255180096298361,0.3042865615301979,1.556395886300468,0.36772621429883867,0.531426017582555,0.49947814646753086
941,0.2255180096298361,0.3042865615301979,1.556395886300468,0.36772621429883867,0.531426017582555,0.49947814646753086
942,0.2255180096298361,0.3042865615301979,1.556395886300468,0.36772621429883867,0.531426017582555,0.49947814646753086
943,0.2255180096298361,0.3042865615301979,1.556395886300468,0.36772621429883867,0.531426017582555,0.49947814646753086
944,0.2255180096298361,0.3042865615301979,1.556395886300468,0.36772621429883867,0.531426017582555,0.49947814646753086
945,0.2255180096298361,0.3042865615301979,1.556395886300468,0.36772621429883867,0.531426017582555,0.49947814646753086
946,0.2255180096298361,0.3042865615301979,1.556395886300468,0.36772621429883867,0.531426017582555,0.49947814646753086
947,0.2255180096298361,0.3042865615301979,1.556395886300468,0.36772621429883867,0.531426017582555,0.49947814646753086
948,0.2255180096298361,0.3042865615301979,1.556395886300468,0.36772621429883867,0.531426017582555,0.49947814646753086
949,0.2255180096298361,0.3042865615301979,1.556395886300468,0.36772621429883867,0.531426017582555,0.49947814646753086
950,0.2255180096298361,0.3042865615301979,1.556395886300468,0.36772621429883867,0.531426017582555,0.49947814646753086
951,0.2255180096298361,0.3042865615301979,1.556395886300468,0.36772621429883867,0.531426017582555,0.49947814646753086
952,0.2255180096298361,0.3042865615301979,1.556395886300468,0.36772621429883867,0.531426017582555,0.49947814646753086
953,0.2255180096298361,0.3042865615301979,1.556395886300468,0.36772621429883867,0.531426017582555,0.49947814646753086
954,0.2255180096298361,0.3042865615301979,1.556395886300468,0.36772621429883867,0.531426017582555,0.49947814646753086
955,0.2255180096298361,0.3042865615301979,1.556395886300468,0.36772621429883867,0.531426017582555,0.49947814646753086
956,0.2255180096298361,0.3042865615301979,1.556395886300468,0.36772621429883867,0.531426017582555,0.49947814646753086
957,0.2255180096298361,0.3042865615301979,1.556395886300468,0.36772621429883867,0.531426017582555,0.49947814646753086
958,0.2255180096298361,0.3042865615301979,1.556395886300468,0.36772621429883867,0.531426017582555,0.49947814646753086
959,0.2255180096298361,0.3042865615301979,1.556395886300468,0.36772621429883867,0.531426017582555,0.49947814646753086
960,0.2255180096298361,0.3042865615301979,1.556395886300468,0.36772621429883867,0.531426017582555,0.49947814646753086
961,0.2255180096298361,0.3042865615301979,1.556395886300468,0.36772621429883867,0.531426017582555,0.49947814646753086
962,0.2255180096298361,0.3042865615301979,1.556395886300468,0.36772621429883867,0.531426017582555,0.49947814646753086
963,0.2255180096298361,0.3042865615301979,1.556395886300468,0.36772621429883867,0.531426017582555,0.49947814646753086
964,0.2255180096298361,0.3042865615301979,1.556395886300468,0.36772621429883867,0.531426017582555,0.49947814646753086
965,0.2255180096298361,0.3042865615301979,1.556395886300468,0.36772621429883867,0.531426017582555,0.49947814646753086
966,0.2255180096298361,0.3042865615301979,1.556395886300468,0.36772621429883867,0.531426017582555,0.49947814646753086
967,0.2255180096298361,0.3042865615301979,1.556395886300468,0.36772621429883867,0.531426017582555,0.49947814646753086
968,0.2255180096298361,0.3042865615301979,1.556395886300468,0.36772621429883867,0.531426017582555,0.49947814646753086
969,0.2255180096298361,0.3042865615301979,1.556395886300468,0.36772621429883867,0.531426017582555,0.49947814646753086
970,0.2255180096298361,0.3042865615301979,1.556395886300468,0.36772621429883867,0.531426017582555,0.49947814646753086
971,0.2255180096298361,0.3042865615301979,1.556395886300468,0.36772621429883867,0.531426017582555,0.49947814646753086
972,0.2255180096298361,0.3042865615301979,1.556395886300468,0.36772621429883867,0.531426017582555,0.49947814646753086
973,0.2255180096298361,0.3042865615301979,1.556395886300468,0.36772621429883867,0.531426017582555,0.49947814646753086
974,0.2255180096298361,0.3042865615301979,1.556395886300468,0.36772621429883867,0.531426017582555,0.49947814646753086
975,0.2255180096298361,0.3042865615301979,1.556395886300468,0.36772621429883867,0.531426017582555,0.49947814646753086
976,0.2255180096298361,0.3042865615301979,1.556395886300468,0.36772621429883867,0.531426017582555,0.49947814646753086
977,0.2255180096298361,0.3042865615301979,1.556395886300468,0.36772621429883867,0.531426017582555,0.49947814646753086
978,0.2255180096298361,0.3042865615301979,1.556395886300468,0.36772621429883867,0.531426017582555,0.49947814646753086
979,0.2255180096298361,0.3042865615301979,1.556395886300468,0.36772621429883867,0.531426017582555,0.49947814646753086
980,0.2255180096298361,0.3042865615301979,1.556395886300468,0.36772621429883867,0.531426017582555,0.49947814646753086
981,0.2255180096298361,0.3042865615301979,1.556395886300468,0.36772621429883867,0.531426017582555,0.49947814646753086
982,0.2255180096298361,0.3042865615301979,1.556395886300468,0.36772621429883867,0.531426017582555,0.49947814646753086
983,0.2255180096298361,0.3042865615301979,1.556395886300468,0.36772621429883867,0.531426017582555,0.49947814646753086
