0,0.5,0.5,0.5,0.5,0.5,0.5
1,0.5012962422140254,0.502951236049803,0.49500056250351576,0.49500056250351576,0.4952248193988391,0.49525587675702937
2,0.5034619739093273,0.5074187175777354,0.4949306310896321,0.4951704489233055,0.4911186925161182,0.49185153739548426
3,0.5047550571100283,0.5103268774906068,0.49656874317232114,0.4936312592355833,0.4864234715019401,0.4871857804676327
4,0.5042740321226785,0.5122975338047709,0.4916086400443502,0.4887004979126763,0.4815647069991611,0.4824420640985925
5,0.5063991950500139,0.5101782912450952,0.48670084444256523,0.4838217346874621,0.47705160327744595,0.4776257796653378
6,0.5078199052768374,0.5083013742206913,0.48184532384193446,0.4889713337264641,0.47502421183462695,0.47286079550918014
7,0.5060995996306579,0.5081961333111223,0.47704202958119896,0.4840970035529851,0.47028891410002827,0.47049323612735516
8,0.5054071550065556,0.5091353012684778,0.47836879301111446,0.4831572785499038,0.46560503986449175,0.4680772911929649
9,0.5044803580743296,0.5066716191644959,0.4736092708474154,0.47835011343084183,0.46097251044547183,0.4634201641514327
10,0.5105390553639001,0.5134017777802885,0.4689024049882492,0.47359613170745346,0.4597791104786209,0.465466623605633
11,0.5146101799451948,0.5193415193623458,0.464248084577954,0.4688952214144084,0.461223999783598,0.4650051698051953
12,0.5156381004002953,0.5220254908756121,0.47253986985566837,0.47117874757591655,0.4639186681677178,0.47379114926488336
13,0.5167827926461991,0.5248312021999827,0.46786262760025915,0.46651497783160695,0.46020487916920294,0.4700536164468417
14,0.5190063282097581,0.5235291751279001,0.46323897548991944,0.4619046438692219,0.456570697515123,0.46540831189066295
15,0.5200207258796152,0.5261737345813795,0.46539411538292497,0.47035384469478997,0.45219303967682406,0.46094957444532003
16,0.5279689711309686,0.5331144402433157,0.46081088583552016,0.46572177143153676,0.44775771354179816,0.4564817297262581
17,0.5301183796570191,0.5374371782628169,0.45628147223831983,0.4611440876378705,0.44381928057040165,0.4528750045980238
18,0.5311801088064829,0.5401436328968658,0.45180566219454354,0.4566205786534873,0.4403037477509333,0.44932080795561696
19,0.5331944746348971,0.5398920011260907,0.4473832311183633,0.4521510174991363,0.4370130705769786,0.44492269949760094
20,0.5360878477711504,0.5431749649153409,0.44301394264084254,0.44773516528688473,0.434749808079124,0.44164286613736387
21,0.535749114310277,0.5452005135243261,0.43869754901400765,0.44337277162849603,0.43051393394461224,0.4373398312455752
22,0.5347797227155233,0.5465063748830579,0.43443379151267564,0.4390635750415395,0.426329714043202,0.4333610719533715
23,0.5341136825916668,0.5482110526266761,0.4302224008336761,0.4348073033528667,0.4234309699424277,0.43059624261179985
24,0.5385336452497848,0.5455945448005937,0.4260630974921221,0.43060367409910594,0.4210906464953882,0.4264333250433857
25,0.5378352753528693,0.5472615836486678,0.4267560699910729,0.43129252038621635,0.41703107864485095,0.4223589896304737
26,0.5359136077483173,0.5476470913918389,0.42265391999219654,0.4271467642120752,0.41762342540828795,0.4236782039698234
27,0.5389195406302544,0.5486158333986316,0.42615166193393234,0.42508841194627317,0.4137424471957255,0.4197110757861614
28,0.5387948658550377,0.5505430469041854,0.4220806330074246,0.4210275402521372,0.4097899635587638,0.4165435677570923
29,0.5417098246855996,0.5536338503581536,0.41806165187922834,0.4170185864968615,0.4059333127935883,0.4126021281385072
30,0.5427265434779127,0.5561385044204806,0.41409437624563084,0.4130612092307826,0.40220399178952154,0.40884784527808415
31,0.54469199554177,0.5541525732770094,0.41963504472160773,0.4091550592847063,0.3985608817536035,0.404981539381773
32,0.5465507256740499,0.5522922576692572,0.4156810175163945,0.40529978014176526,0.39488204539544225,0.4011655853892103
33,0.5474790479013322,0.555409577292154,0.41177879129636813,0.4014950083037591,0.3959950375779699,0.4022339635754783
34,0.5531400248974857,0.5590552104816489,0.4079279864624962,0.3977403736517796,0.3924876551275616,0.39854334058935126
35,0.5523827689786657,0.5605692159615325,0.4041282169892684,0.39403549980093583,0.3888317093232411,0.3948537164649212
36,0.5524640101760835,0.5624374537564204,0.40037909078228245,0.39038000444900967,0.39299146709570165,0.39778640292339973
37,0.5541628749596599,0.5609280261088468,0.3966802100294454,0.3960119460763369,0.38943509066809356,0.3941114745782686
38,0.5555268935028446,0.5635794629052423,0.3930311715456445,0.39236905491428425,0.3860400407113473,0.39077004350058064
39,0.5590007007314565,0.5668822219511783,0.39622774838324415,0.3911379056368522,0.3826326836491064,0.3872958885310305
40,0.5583140714920607,0.5684154414596926,0.3926152019203126,0.3875717650439925,0.37914408812908335,0.3837908743667522
41,0.5576235651274474,0.5699377939577578,0.3890521074906808,0.38405444123595744,0.3757032478818564,0.38033365822325027
42,0.5586893139121881,0.5723366760345308,0.39152127612358906,0.38363466318080935,0.372381111155476,0.37698231420205797
43,0.5586425412382359,0.5742381894503126,0.39295895467717695,0.3842180372801031,0.3721692390796934,0.37673903953449045
44,0.560238287007566,0.5717642106543803,0.38944425916799524,0.38078152210694877,0.36981969604135834,0.38221915260993167
45,0.5602518224851584,0.5737125581511199,0.38597863869781446,0.37739299035531965,0.36979010097558096,0.38218199339286785
46,0.5619879303753488,0.5729351177256896,0.38256163850191144,0.37405199737620776,0.37013140001675143,0.3787986042221618
47,0.5606230567799365,0.5701594285254591,0.37919280111345843,0.37075809587860586,0.3668720232953956,0.37546290410963984
48,0.5620512086431583,0.5727359384880908,0.3817271247480974,0.37041381037492443,0.3636710111355859,0.37222074334213595
49,0.5608658575581116,0.5739227606516539,0.3849667928482524,0.3693330285837233,0.3605976903417399,0.3690756269774137
50,0.5639228381924196,0.5766968594438692,0.3816325466720553,0.36613418842094597,0.35767543010322433,0.3659519193121575
51,0.5657969410671777,0.5804288114565475,0.37834614943166145,0.36298125401602366,0.35476671518145153,0.3631373565697044
52,0.5677940871336489,0.5788595274469293,0.37510711880537373,0.3598737626346727,0.36090292260312246,0.3600285287905786
53,0.5685240374329193,0.5814821950225239,0.3762078403493137,0.3610283438161311,0.35798046178840326,0.3571772749927401
54,0.5729267091271413,0.5874673578836712,0.3730257815672695,0.3579746769628823,0.3549777435228784,0.35419295154308417
55,0.5695145624651401,0.5859872277393536,0.36989016660611646,0.3549655799828219,0.36039973186156293,0.3512156433438299
56,0.5702653843351141,0.5880808876805916,0.36680050448478435,0.35200058170532655,0.3579096524573197,0.3487935348985777
57,0.5712901375443301,0.5903996944851848,0.36375630404099113,0.34907921078587273,0.35518652094981035,0.34614313391718166
58,0.5744005164821238,0.5932990004105614,0.3607570741525637,0.3462009959184277,0.3524387863355617,0.34340322959944936
59,0.5738678344196131,0.593649956642722,0.363040617563548,0.3463175875664873,0.3502162627841977,0.3412299731174472
60,0.5735038082771049,0.5940343631278477,0.36008724255122226,0.3435002562267819,0.3479889902008623,0.3392380362753698
61,0.572564765257824,0.5950388716414612,0.35717800390973653,0.3407250281690063,0.3451774964919178,0.33653659054226476
62,0.5831650326723946,0.5985819729325583,0.35431240558265337,0.33799143018696703,0.3424320580498418,0.33384131237836157
63,0.5841107353180081,0.6006534408233949,0.35148995256341425,0.3352989900759882,0.3397646898239466,0.3312510599366407
64,0.5851504646629415,0.6027631700108476,0.348710151075108,0.33264723680439884,0.3372341283012083,0.3287975533541605
65,0.5848576812018512,0.6034033071831936,0.3459725087431258,0.3300357006782352,0.33458658155621074,0.3284081398495814
66,0.5842176235282525,0.6010159043660527,0.3432765347608166,0.327463913499265,0.33197933185887984,0.3258490353593735
67,0.5836470591770365,0.60227185022458,0.34062174004825896,0.32493140871644605,0.3294119062248747,0.3233517642564162
68,0.5836453456112168,0.6037382259838366,0.33800763740427037,0.3224377215709331,0.32691299258289697,0.32104589019694507
69,0.5829560988394389,0.6017271363171023,0.33543374165177725,0.3275972933601712,0.3244235814870242,0.31860115652323534
70,0.5827280449595654,0.6024025137778319,0.3328995697766723,0.32512232515003897,0.3232061671752305,0.31741043370185523
71,0.5820812658543043,0.6035513610033044,0.3304046410602872,0.3226856832946623,0.3207838860399944,0.31504639301426157
72,0.5830361205965616,0.6055611264051183,0.32794847720561315,0.3202869006710716,0.31883386731509433,0.31315652774471525
73,0.5840827247714467,0.6075938252948601,0.32553060245740095,0.31792551263867586,0.3166711169197513,0.3110432239406694
74,0.5860193654162956,0.6109006824580416,0.3231505437162756,0.3156010571507115,0.3144131392529459,0.3088638967695319
75,0.59191356974483,0.6156883511297595,0.3208078306470018,0.31331307485997845,0.3121363747245237,0.3066346717166537
76,0.5912523268834702,0.616708429836886,0.31850199578103705,0.31106110921899727,0.3098928667206072,0.30443740259848545
77,0.5906063005541433,0.61772857842948,0.31623257461351006,0.30884470657472207,0.30768478815056,0.3022800797313632
78,0.5919314624530816,0.6160211879132789,0.3139991056947635,0.3066634162579447,0.3057016630661482,0.3001451536768246
79,0.5921736836183026,0.6174249070803783,0.3118011307165999,0.3045167906675254,0.30516500368493243,0.2996218652394274
80,0.5948285089156956,0.6208985544528323,0.30963819459336916,0.30240438534958664,0.3030750715556307,0.2975741013048666
81,0.6019998096896554,0.6184052251771991,0.3075098455380382,0.30032575907180464,0.30105827889084963,0.295528676778881
82,0.6015868154538309,0.6195512538461081,0.30541563513337944,0.29828047389293577,0.2990080050891808,0.2935615577656323
83,0.6054595882932345,0.6233410629911763,0.303355118398419,0.2962680952277115,0.2970121602495302,0.2916572800094798
84,0.6048610152838659,0.6242834285717537,0.3047089343770051,0.2975899211476329,0.29502728448406124,0.2897161921188243
85,0.6047194755892135,0.6243028938933005,0.3026921051513688,0.2956202117544624,0.29747293303602074,0.29026693868143516
86,0.6051508421884734,0.625715094973677,0.3007080191887626,0.29368248063289454,0.2959732332506545,0.28880469841139866
87,0.6045570959586076,0.6266183933344267,0.30203991029785043,0.2949832422199528,0.2940521867017896,0.2869389175030173
88,0.606796436719977,0.628693501806375,0.300098906225275,0.2930875865301938,0.2922831373801982,0.2851609762351735
89,0.6093416760828589,0.6319689682445188,0.29818969585650773,0.29122298173639827,0.29064267668997495,0.28357186108879173
90,0.6130102204241443,0.6355006297039335,0.29631185038718216,0.2893890090525121,0.29294561710078554,0.2839716627385609
91,0.612436959472774,0.6338452799385165,0.29446494491159014,0.2938182322796017,0.29111969328583465,0.28220167339071833
92,0.6119328252476588,0.6347286771804058,0.2926485584532037,0.2920058350229437,0.2893239417785957,0.2804731056992768
93,0.6121196758692865,0.6360352044337505,0.29086227399170733,0.29022347365227885,0.28776884578965306,0.27897468579061613
94,0.6116218894199547,0.6368948513479038,0.28910567848666696,0.2884707360343046,0.2860309323295555,0.2773030363109266
95,0.6117092275786373,0.6380910617532339,0.28737836289796087,0.28674721402724535,0.28633264107498074,0.27759623637258746
96,0.6122926771070484,0.6395093922398631,0.28567992220309607,0.28505250349813044,0.28522617100869946,0.276523208635611
97,0.6133989133101455,0.6382110916020296,0.28400995541153073,0.28338620433708533,0.2836826135622397,0.2749067682083055
98,0.6128684655453829,0.6389973787170298,0.28526224911449705,0.28463483651553223,0.2820426161226597,0.27332442655370826
99,0.6150759167064543,0.64181079753142,0.2836314982405507,0.28300767235397867,0.281008010076653,0.2723865358969181
100,0.6151655277106554,0.6429371748979379,0.2820283223582144,0.2814080225349405,0.2813041338102017,0.27267368048296114
101,0.6164614238901398,0.6451452828379534,0.2832774799935542,0.2825984063567273,0.27978025278477325,0.27122801895526993
102,0.6176414884353648,0.6472225810705227,0.2817126862377314,0.28103736372925636,0.2783140600678822,0.26987571215521233
103,0.6170898212165481,0.6479233592549216,0.2801745797825364,0.279502944427535,0.28127824649630384,0.2716122729056022
104,0.6184127894833907,0.6500525938233748,0.27866278042426246,0.2779947691592819,0.27998182745703487,0.27054879968987156
105,0.619018842502268,0.65129910254582,0.27717691209451906,0.27651246275761887,0.27874183865164925,0.2693533113784427
106,0.618578649127067,0.6520196248789445,0.27571660285252847,0.27505565417338573,0.2772732845789578,0.2679446174513858
107,0.6174944628820849,0.6521158070847813,0.274281484875473,0.27362397646551073,0.2758300639997846,0.2667925225629437
108,0.6150793128672885,0.6513305637717645,0.27524651747591505,0.27498350689902457,0.2744118111442438,0.26551112795720694
109,0.6156387367066792,0.6524736723946766,0.27384863149317096,0.2735869566599699,0.27304147265876805,0.2641893983785794
110,0.6177566934461582,0.6549537402237678,0.2724750677873693,0.27221470545681486,0.2716811868565257,0.2628777302469827
111,0.6170728628307454,0.6554148406975497,0.2734543410266231,0.2734906288227533,0.2725230576383525,0.26369433427759603
112,0.6172726972925138,0.6562812194873703,0.27211697265048534,0.272153082975851,0.2749093605034082,0.26490095853869583
113,0.619843511944203,0.6562743844399972,0.2708030750285844,0.27083901099778934,0.27842824235756103,0.2636219029323029
114,0.6203901173939692,0.6573518533085484,0.2726211766798106,0.2712056542620067,0.27712608285252094,0.26239335550938914
115,0.6224806881920769,0.6572647446203119,0.2713385622232896,0.2699296994844539,0.27652081986103966,0.26530992171382156
116,0.6229473652585749,0.6582898980111483,0.27007865365976463,0.2686763327047983,0.27531849098459577,0.26415812946020983
117,0.6234142949877777,0.6593112907993178,0.2688411139195594,0.26744521860352,0.2741229466041107,0.2630265726958915
118,0.623960691044025,0.66035006265956,0.2705797183444305,0.2678031900803663,0.2729109136820598,0.26186773429611415
119,0.6255950027220313,0.6617224737701466,0.2706103168187607,0.2698317264139896,0.2718168082102464,0.2607831724285242
120,0.6254237530982633,0.6624730381418137,0.2716334648883417,0.2708308327814095,0.27062069629800506,0.25963818173978026
121,0.6263373683591059,0.664043955754219,0.2704544432310546,0.2696552949387448,0.2716908192232517,0.26062785714360226
122,0.6268548950719254,0.6650609066390578,0.26929666329121404,0.2685009360477535,0.2708224081282925,0.2598061180623592
123,0.6268507965986504,0.6655194233187857,0.26978856891274583,0.26996025775147015,0.27008689121843654,0.2591030583744037
124,0.626595223442064,0.66656091327999,0.2686655337219791,0.26883650788028335,0.26896264423896127,0.2580245264361022
125,0.6279000302558935,0.6677590499672854,0.26756291263345694,0.26773318510252725,0.26976377243152594,0.26023080561192147
126,0.6295502851130224,0.6696750394796943,0.2681711489574214,0.2690050686485667,0.2687593559362266,0.25926528572151397
127,0.6311962310893741,0.671564136649495,0.2687530362004912,0.27026891970972244,0.26769285662261044,0.258236665340113
128,0.6319018255479162,0.6704982742282096,0.26769669692909903,0.2731371425531325,0.2667561834102795,0.2572216608781407
129,0.6315278760134843,0.6694581887012905,0.26665979187374184,0.27595259668493166,0.26572292137044506,0.2562253301666618
130,0.6317231096748644,0.6701782455614312,0.2656420215442431,0.27489935816224115,0.2650704743879088,0.25559873025835284
131,0.6321691332534023,0.6708534285340638,0.26824756246094456,0.2815424678445263,0.2640840172884865,0.2547464938931613
132,0.6334074772064044,0.6718810143439802,0.26990996155567104,0.2815478953207174,0.26312003728372174,0.25381114668971794
133,0.6362673448972103,0.6739972257990698,0.26892503932349976,0.28052050537214296,0.26216278941582394,0.25289495419360314
134,0.6369014432763571,0.6733632052953755,0.2679585171369739,0.2795123088393855,0.26123738647081807,0.25198604446655265
135,0.6371316669308279,0.6740879002833358,0.2670101073681548,0.2785230056926117,0.2631745403142056,0.25316063665745564
136,0.6363329824792765,0.6740829168542544,0.26607952606990104,0.27755229974149354,0.26225732670080765,0.2523642863194011
137,0.6367901576989816,0.6748094261564921,0.265166492938664,0.27659989859639966,0.26136011510014273,0.25150147602882555
138,0.6376385705366152,0.6760924230119306,0.26427073127725076,0.27566551362955255,0.26225110731642676,0.25249492470463974
139,0.6384279563956938,0.677326415611926,0.26339196795758635,0.2747488599361855,0.26138198104490457,0.25165858223405346
140,0.6380935620278957,0.676420289138437,0.26252993338350733,0.27384965629573155,0.26052652479675403,0.2508349489227127
141,0.6377873443992623,0.6768024651033858,0.26168436145361457,0.2729676251330748,0.2596874055636766,0.2500313100373484
142,0.63815059828116,0.6775006775186017,0.26288933541468223,0.27323750651905016,0.2588817275436502,0.2492590376968503
143,0.63859215139141,0.6780817086986085,0.26206956050715946,0.2723854626303733,0.26022628876747556,0.24967559996776173
144,0.6383222976212578,0.6784611044720438,0.26126559286130374,0.27154984822810363,0.2594279758448863,0.2489151524422973
145,0.6388917194863186,0.677594069105827,0.2604771780163075,0.2707303988350365,0.25874364322668664,0.25117204856337033
146,0.6401148860778751,0.678982544458758,0.2597040648480183,0.26992685344196393,0.2579757403190478,0.25042661856765164
147,0.6399324461600485,0.6788902040261121,0.2607271527990806,0.27027674232274984,0.25725150490651294,0.24972909995626777
148,0.639682441864983,0.679246653635555,0.2599787903674015,0.26950096980370264,0.25651311859078735,0.24901693402825475
149,0.6398102540653541,0.6797311614592232,0.2603705095631716,0.2704371204772929,0.2563592022060717,0.24885005127541715
150,0.64011328099175,0.6803307036082478,0.25964812126459214,0.26968680274099444,0.2557285255038477,0.2482499920232942
151,0.6403543709587279,0.6808778656176269,0.2589399863595885,0.26895128947207647,0.25708249971647607,0.24894728119711007
152,0.6400537564867032,0.6800245091533421,0.2582458703764703,0.2682303371335544,0.2563933629224956,0.2482799517156264
153,0.6411220027158131,0.6810979811823832,0.2575655419643166,0.26752370542987025,0.2557194401092773,0.24762654282368332
154,0.6421917833560111,0.6822910519360321,0.2568987728579153,0.2668311572704765,0.2565942123865667,0.24803969761702885
155,0.642236046678653,0.6829277358077213,0.2562453378430244,0.2661524587337543,0.25594246644711066,0.2474094600993829
156,0.6423978316137753,0.6834460061792315,0.2556050147219645,0.2654873790312757,0.2559253852960221,0.24737976834388656
157,0.6433118158677044,0.6841644364508518,0.2549775842795511,0.2648356904724187,0.2553129704996769,0.2467819949650732
158,0.6442268204989341,0.6848288763255237,0.2543628302493735,0.26419716842934265,0.2547136227873142,0.24631642201950443
159,0.6451698892613646,0.68479011216675,0.2537605392804276,0.26357159130233054,0.25429401638313703,0.24573318367316282
160,0.6449401308384354,0.6841624747130837,0.25317050090410714,0.2629587404855045,0.2537027375776924,0.2451618103260155
161,0.6458692010472228,0.6851998416523869,0.2535161356983364,0.2637177924741508,0.25314352981951577,0.24463101869590956
162,0.6459675761462406,0.6851955627753487,0.2529479122757921,0.2631267033657092,0.252605633403879,0.24408271010671076
163,0.646778089572938,0.6858384906729217,0.25239136956584546,0.2625477650094566,0.2520636829454561,0.24355392133572845
164,0.646572235106181,0.6860860967544236,0.2518463075781038,0.26198076936725473,0.2515193286266057,0.24303070331331586
165,0.6463728688267751,0.6863316618152084,0.2513125290550068,0.26142551124376884,0.2509862431227691,0.24251774840177498
166,0.64664302513812,0.6867938134728249,0.25078983944093053,0.2608817882543281,0.250486918081412,0.24203729866762344
167,0.6464146201285667,0.685965201830802,0.2502780468516683,0.26034940079317864,0.24997574367073022,0.2415433675894774
168,0.6468361287336859,0.6866511102654997,0.24977696204428898,0.25982815200212867,0.2505245748253271,0.24208484796518545
169,0.6466638380388091,0.6868880904680489,0.2502485100432103,0.2603197429036821,0.25003254285180854,0.24161264492032355
170,0.6465932874518816,0.6871857419526831,0.2497664300707796,0.2598182616582573,0.25059188897666484,0.2421219119072824
171,0.6469734610819827,0.6865814947948242,0.24929454489848815,0.25932738550195267,0.25014550720984663,0.2416644695677193
172,0.6476884664624691,0.687405912135537,0.2488326748638522,0.258846927541781,0.2498003960099565,0.24133800145316048
173,0.6487421891489044,0.687974376816658,0.248380642810195,0.2583767034914083,0.25084332362109163,0.2413450311488714
174,0.6488392884088148,0.6883195386671677,0.24793827405862365,0.2579165316420023,0.2507822642841447,0.24128769446803303
175,0.6489937703720722,0.6886568412716729,0.24750539638036784,0.2574662328334586,0.2503544443057903,0.24087625841101235
176,0.6491398689795991,0.6889958118502287,0.24708183996947702,0.25702563042599863,0.2500240882064963,0.24055842100414113
177,0.6497751829848774,0.6897211393243223,0.24762760453933844,0.25731157056825843,0.24961489760048197,0.24016616747643016
178,0.6501129893341693,0.6901164056269555,0.24722061270602344,0.2568886625163328,0.24984250198753494,0.2410464698653759
179,0.6504178069277592,0.6897360890946393,0.2468224813475608,0.25647496144560983,0.24945105452138774,0.24065828152845012
180,0.6502305670110922,0.6892654040420221,0.2464330494589616,0.2560703000546828,0.2490574753192626,0.2402785753988829
181,0.6505098609538839,0.6885953427626366,0.24605215833567048,0.25567451343254155,0.2503940976378218,0.2399071967356419
182,0.6507281050019393,0.6889561213728237,0.24567965154821153,0.255287439032227,0.2500330066904001,0.23957370552918889
183,0.6515886718225127,0.6897148032118003,0.24531537491715724,0.25490891664482085,0.24966533871274077,0.2392205643879504
184,0.652325160153489,0.6905314406446569,0.24495917648841462,0.25453878837376553,0.2493054541472195,0.2388767841384859
185,0.6524372370991369,0.6907960450031075,0.24461090650882203,0.2541768986095066,0.24896190155866146,0.238547873202003
186,0.6524789283919002,0.6910486417722492,0.24427041740205085,0.2538230940044519,0.24901013438241873,0.23859437292754931
187,0.6532676397586715,0.691726877817593,0.2444040274755896,0.254373403875459,0.2495999708134015,0.23875627303188007
188,0.6534092957703366,0.6920194626413717,0.24407804380940182,0.25403412315397306,0.24942989559861764,0.2385969265568356
189,0.6535259391764361,0.6922762926917408,0.24375942516820592,0.25370250788095033,0.2491150636883503,0.23829812536842765
190,0.6538115986055577,0.6927223498177931,0.24344803218188443,0.2533784130012886,0.24879730643314749,0.23799437667444803
191,0.653897440814969,0.6929786765333908,0.2431437275449403,0.2530616956087231,0.24878654983966114,0.23798028823898082
192,0.6543167955944738,0.6932944102861855,0.24284637599404452,0.2527522149224584,0.24852365431977766,0.23771113718433387
193,0.6547960251158784,0.693829767805732,0.24255584428584281,0.25244983226406953,0.24822647350350824,0.23742689085147717
194,0.6546817392221422,0.6939578873340767,0.2422720011750138,0.2521544110346653,0.2479359945227325,0.2371503265523444
195,0.6553416302676711,0.6943193536766115,0.24286841845550994,0.2521366299814055,0.24765424412583348,0.23687958900677963
196,0.6552656300639716,0.6944666570634642,0.24259658880039303,0.25185442691191606,0.24737705795153764,0.2366174430515844
197,0.6553546489225226,0.6946696174849216,0.2423310885486606,0.2515787947850354,0.24711424210298624,0.23636622729804893
198,0.6554772863917118,0.6946534736570326,0.2430778692890033,0.25137353150783553,0.24693744477394047,0.23712514456485123
199,0.6559742081783457,0.6946200436057375,0.24282360562962843,0.2511105904421675,0.24782928704492976,0.23687710755858982
200,0.6558823308035421,0.6947379213389897,0.2425753300926267,0.2508538418590666,0.24757589343780373,0.23663624190313914
201,0.6571360110721715,0.6951090387371388,0.24233292390721867,0.25060316293439283,0.2473303073926184,0.23640015708957432
202,0.6572505082801922,0.694616509283197,0.2420962701476436,0.2503584327519908,0.2473103954143067,0.23616929706016782
203,0.6574543354166873,0.6949398411015182,0.24186525371303402,0.25011953228287775,0.24709453848610705,0.23597972093342995
204,0.6573329280439122,0.6950169925829903,0.24163976130747997,0.24988634436462703,0.24686417078745196,0.23576272913144836
205,0.6574047878785542,0.6951846628833698,0.24141968142027626,0.24965875368094176,0.24664599563293535,0.2355545077937006
206,0.657589160140518,0.6950105691383845,0.24120490430634775,0.2494366467414117,0.2464497582166503,0.2353449485851922
207,0.6574765739467798,0.695083020529969,0.24099532196684653,0.24921991186144835,0.2462356186366733,0.2351431991311096
208,0.6573951564923142,0.694788714371377,0.24079082812991565,0.24900843914239226,0.2460266782056595,0.2349436710463896
209,0.6573225389775451,0.6948855912199989,0.24059131823161428,0.24880212045178715,0.2458228300859888,0.23475013629307032
210,0.6575586403707461,0.6951962845976961,0.24039668939699893,0.2486008494038155,0.2456254329755982,0.23456166219106134
211,0.6576377406951355,0.6953659005642374,0.24020684042135593,0.24840452133989047,0.24577378596522542,0.23492228267284174
212,0.657702735851197,0.6955222188664265,0.2400216717515803,0.24821303330939942,0.2456505746257241,0.23480561250911205
213,0.6578458580414268,0.6956264639762932,0.23984108546769628,0.24802628405059368,0.24548226040284038,0.2346356671090404
214,0.6579413358436322,0.6957918507099682,0.2396649852645153,0.2478441739716205,0.24532792405430945,0.23448798107614946
215,0.658008503538433,0.695929495900615,0.2394932764334268,0.24766660513169259,0.24516837689459572,0.23433567344190193
216,0.6578307467546061,0.6959056241233856,0.23932586584431811,0.24749348122239082,0.24499699929678598,0.2341974740116316
217,0.6578534519282636,0.6956652548636177,0.23916266192761923,0.2473247075490963,0.24514622195916816,0.2340377673083681
218,0.6576824308009135,0.6953641955951038,0.23900357465646885,0.2471601910125478,0.244983154517244,0.23388208903715665
219,0.657722897545767,0.6954905369092595,0.23884851552899816,0.2469998400905209,0.24497995194637587,0.23388134639743768
220,0.6575518821920936,0.6954621169795747,0.23869739755072894,0.2468435648196253,0.24482495464621415,0.2337681823748321
221,0.6577694747377731,0.6957076448110565,0.2385501352170826,0.24669127677721717,0.24467405297682635,0.2336241023339109
222,0.6578017178570555,0.6958007923365357,0.23878148298339713,0.2467695623754378,0.24456774204868725,0.23352500204680787
223,0.658072087684695,0.6957747012774257,0.23864146149271728,0.24662485667403036,0.24450802402866836,0.2339745019479752
224,0.6581797239770112,0.6955171778097267,0.23907665550644644,0.24648388542877214,0.2449534272883555,0.233840761669955
225,0.6581231416811592,0.6953461974721507,0.23894346286507254,0.24634656612552686,0.2448169606227791,0.2337104860115402
226,0.6583014997451107,0.6954954116553531,0.2388137337942233,0.24621281770342246,0.24473937339877797,0.2336210869296571
227,0.6583866314033814,0.695602284206355,0.23868739106167716,0.246082560537378,0.24460991469206825,0.23349750048280374
228,0.6583364880523833,0.695658781672688,0.2385643588110021,0.24595571642072767,0.24448382965587034,0.23337764314986686
229,0.6585711470347516,0.6954583268589575,0.2384445625447942,0.24583220854794002,0.2444133168257762,0.2332604514184402
230,0.6588150681065695,0.6954571467453011,0.23832792910800704,0.245711961497431,0.24429828129365638,0.233146353752194
231,0.6590045973016381,0.6956701976521049,0.2382143866713704,0.24559490121446875,0.24418194742939622,0.23303533233619475
232,0.6589632334172711,0.6957239323417974,0.23833217176294358,0.24571660798656275,0.24406865676319214,0.2329278152964552
233,0.6591149118746705,0.6958490688152736,0.2382244979148308,0.24560559799352896,0.24396462718510945,0.23282590873329737
234,0.6590714944720681,0.6958968306824576,0.23811971013388447,0.24549756348898805,0.24385731449419862,0.2327237706093049
235,0.6591111876424277,0.6959835013318647,0.2380177416659244,0.24539243565046168,0.24380222895063325,0.2326712910973276
236,0.6590879113170653,0.6960421184919636,0.23791852700213306,0.24529014693942025,0.24370060309699892,0.232576532920061
237,0.6591356573100933,0.6961316211113163,0.2378220018629729,0.2451906310847019,0.24360849240866667,0.23248871805853094
238,0.6590967215692506,0.696174539385041,0.23772810318218723,0.24509382306601776,0.24371447051574283,0.23258984487350415
239,0.6590630567110852,0.6962193556136359,0.23763676909088435,0.2449996590975427,0.24362083648844882,0.23250104853919085
240,0.6590679906592306,0.6962838123428676,0.2375479389017045,0.244908076611592,0.24367403697877738,0.23273173947579084
241,0.6591854947533438,0.69637744010936,0.23772428691961767,0.24491993673309914,0.2435865789284888,0.23264775116776018
242,0.6590905872802248,0.6963477231627596,0.2376401941804364,0.24483329860021474,0.2436958810609709,0.2327689033854358
243,0.6590571642811222,0.6963854747283105,0.2377279482946179,0.2449236022718892,0.24361203617882737,0.23268906444326873
244,0.6590610297089948,0.6964400525126542,0.23764840535368634,0.2448416516902768,0.24353068932633226,0.2326264100089819
245,0.6592491545511283,0.6965411624399463,0.2375710840905796,0.24476199003320967,0.24345548666065267,0.23255217598332265
246,0.6592082128216419,0.6965668716383424,0.23765283037542176,0.24484400331587647,0.24337847157004058,0.23248043647828096
247,0.6592843798699657,0.6966794774138635,0.23773045121848663,0.24492553410350304,0.2433058578348442,0.23241285305111256
248,0.6592704115719367,0.6965896676577269,0.2376593831854599,0.24485231514540348,0.24325987629649096,0.23234337468083305
249,0.6594159124908315,0.6965891712431994,0.23759032972909971,0.24478117173658048,0.24319039378487922,0.23227586582480111
250,0.659422069623932,0.6965036523245184,0.23808798415039206,0.24471205248785038,0.24313208505025374,0.23221027771918806
251,0.6593476899782241,0.6964839238018787,0.23802265626748548,0.24464490705685435,0.24313612647107027,0.2323551315775868
252,0.6593852404613288,0.6965417659576938,0.23795920079732782,0.24457968613275238,0.24307158776923624,0.23229464266638294
253,0.6593770959436267,0.6965401839434452,0.23789757075266116,0.24451634142101014,0.24311106988819325,0.23239838210219854
254,0.6594002050307209,0.6965912054986788,0.23783772012031348,0.24445482562828016,0.24305355083473223,0.23234349766947257
255,0.659375653822702,0.6965242784679628,0.23777960384658184,0.24488379771836924,0.24299416005901922,0.2322867239234768
256,0.6593034940026972,0.6965095731920605,0.23772317782270957,0.24482568584168826,0.24305400371248911,0.2323556045208793
257,0.6593366861693973,0.6965628416708984,0.23766839887045854,0.244769270246552,0.24315315815808386,0.232382488474282
258,0.6593169291898167,0.696588820953211,0.23761522472777785,0.24471450740823697,0.24309875689655053,0.23233085063531805
259,0.6593368741962672,0.6966315649531091,0.2375636140345703,0.24466135473092115,0.2430490039257071,0.2322833731978103
260,0.6593105609542151,0.69656601919908,0.23751352631855782,0.24460977053312727,0.24299775967462423,0.2322343987634112
261,0.659377984893328,0.6966132760015119,0.23746492198124716,0.24455971403326912,0.2430063653998176,0.232333181426755
262,0.6593603700812892,0.6966362816355555,0.2374177622839973,0.24451114533530272,0.24295810519141953,0.23228734854996613
263,0.6593291610468087,0.6966464540200553,0.23737200933418987,0.24446402541448356,0.2429112845580971,0.23224536576506158
264,0.6593907853833583,0.6966896198621851,0.23732762607150404,0.24441831610323142,0.24291915659025082,0.23233562848905925
265,0.6593388667072791,0.6966821299891469,0.23728457625429705,0.24437398007710393,0.24287509250272593,0.23229523359247764
266,0.6593374632278728,0.6967102248545525,0.23724282444609193,0.24433098084088065,0.24283616365411043,0.23226076565192816
267,0.6593992120028425,0.6967586705198283,0.23720233600217375,0.24428928271475883,0.24279679405645727,0.23222226470427207
268,0.6594141005118229,0.6967943396106288,0.23716307705629566,0.24424885082066228,0.24278876487491158,0.23221414169191149
269,0.6594258201125499,0.6968266481365583,0.23712501450749635,0.2442096510686649,0.24278019427879172,0.2322060111321085
270,0.6594763180512004,0.6968671238389483,0.23708811600702967,0.24417165014352996,0.2427426760116762,0.23217001473732746
271,0.6595164985660639,0.6969044348770239,0.2370961159403942,0.2442419050610692,0.24285850611922716,0.23220335707902526
272,0.6595015081319918,0.6968639068584642,0.23706144503458534,0.24420618921624668,0.24282299257082024,0.232169401648377
273,0.6595533431876066,0.6969043021745626,0.237027845712983,0.24417157725187782,0.2427887995909161,0.2321366171888805
274,0.6596221054753364,0.6969802198563453,0.23699528850185728,0.24413803880593038,0.242756497592288,0.23210614118637246
275,0.6596460245317025,0.6969543316301217,0.236963744616204,0.244105544225855,0.24272555606806995,0.23207524804236404
276,0.6596440537582844,0.6969724906514663,0.23693318594737445,0.24407406455584246,0.24269425436030717,0.23205631199946486
277,0.6597163854277219,0.6970112240348946,0.23690358505082662,0.24404357152420558,0.24266439200013656,0.2320274693760624
278,0.6597346609166014,0.6970371810183502,0.23695599365763845,0.24405397835282513,0.2426375116177029,0.2320074066248432
279,0.6597789712777884,0.6970880670721625,0.23692821906439698,0.2440253717754051,0.24260972282947246,0.2319808330904648
280,0.6597877252305993,0.6971090381381362,0.2369746527348965,0.24403785783950477,0.2425830182074099,0.23195534299524176
281,0.6597914264104149,0.6970700479084463,0.23694860437191478,0.24401103308576455,0.2426070219923151,0.23192984635709857
282,0.6597770961212974,0.6970781575936412,0.23692338664118182,0.2439850637218827,0.24263520586987752,0.23195822858378412
283,0.6597876346775254,0.6970993864523085,0.2368989758170433,0.2439599253150442,0.24261678945653026,0.23194057980278496
284,0.6597492716451065,0.6970997937988934,0.23695127376862712,0.24395940377301095,0.24259312573176256,0.23191793939937858
285,0.6598044218512055,0.6971481612517795,0.23692840056925152,0.2439358540701826,0.2425702385099212,0.23189590040822336
286,0.6597973734242548,0.6971551909361443,0.23690626678495072,0.2439130656515538,0.24258174342503866,0.23190695880202758
287,0.6597965738177249,0.6971660901973917,0.2368848509451399,0.2438910164115204,0.24257537557027292,0.23190097276154456
288,0.6597881785107731,0.6971757539677541,0.23686413211742466,0.24386968479858626,0.2425541590281667,0.23188075460010005
289,0.6598152763821223,0.6971957506590558,0.2368440898968728,0.2438490498043178,0.24255899827452546,0.23192230571046243
290,0.6598067982287505,0.6971735787761113,0.23682470439541856,0.24391094016160314,0.24253914501234003,0.23190332305315153
291,0.6598247175084131,0.6972006962069318,0.23684332261239935,0.24393342936764062,0.2425247685095385,0.23189355570260287
292,0.6598552169862891,0.6972348192960098,0.23682519003948352,0.24391475398069778,0.2425062403742996,0.2318758399721714
293,0.6598613344157291,0.6972478093444185,0.23680765761339317,0.24389669670648723,0.24249353305236684,0.23186383159074303
294,0.6598783447811072,0.6972733037967244,0.23679070740741115,0.24387923908164022,0.2424787100525658,0.23185090163710875
295,0.659870850442128,0.6972521555264423,0.23677432196078588,0.24386236312270274,0.24253032212687423,0.23183485801523104
296,0.6598648661144819,0.6972598691766897,0.2367914158346554,0.24388000914828917,0.24251409941964075,0.23181943684396827
297,0.6598790746856074,0.6972821387180297,0.236776107210486,0.24386424224479175,0.242498762180556,0.23180506930129452
298,0.6598601567093038,0.6972770700386794,0.23676131373359802,0.24384900591003672,0.2424836111592982,0.23179601711263154
299,0.6598702011823526,0.6972662652559708,0.23674701970833648,0.24383428397850357,0.24246985328947204,0.23184185626722734
300,0.6598848314846335,0.6972877964196559,0.2367619428232483,0.2438496594276477,0.24245575755722318,0.23182838658229127
301,0.6598945668539996,0.6972756420200972,0.23674860065960676,0.24383591785237077,0.24244277321099414,0.23181532243763334
302,0.6599047023776811,0.6972834057994951,0.2367357133899348,0.2438226447887906,0.2424297225022498,0.23180276792094026
303,0.6598999607407826,0.6972894330340451,0.236723266936323,0.2438098257375608,0.2424169766843416,0.2317906487645035
304,0.6599090443435532,0.6972670519882217,0.23671124760364778,0.24379744659357994,0.24246105540070859,0.23177887987944815
305,0.659914179505974,0.6972729101454159,0.23669964207098973,0.2437854936371529,0.2424494102247433,0.2317712091932986
306,0.6599304236908398,0.6972861446838149,0.2366884373831859,0.24377395352529044,0.24244145514998042,0.23176208961851663
307,0.6599179795519707,0.6972840213790882,0.23667762094251593,0.2437628132831462,0.2424303758017682,0.23175398931858734
308,0.659933869517976,0.697296440374442,0.23669935682201335,0.24376399647596184,0.24245280828490234,0.2317562324326441
309,0.6599488979639645,0.6973084102681326,0.23668927910150878,0.24375361797110004,0.24244393276462134,0.23174723742188677
310,0.6599591947034632,0.6973235568429866,0.23667955394641463,0.24374360255448074,0.24243406052982705,0.2317378770548718
311,0.6599537377154694,0.6973225381134314,0.23667017010676875,0.2437339386403701,0.24242444853626538,0.23172868914217762
312,0.6599671921259284,0.6973377119543519,0.2366611166505131,0.2437246149704268,0.24241519049660853,0.231719851915792
313,0.6599657828258955,0.697338017768931,0.2366523829559702,0.2437156206059538,0.24240676624363952,0.2317119737375191
314,0.6599624380880436,0.6973420029499909,0.2366439587044492,0.24370694492028383,0.24239813715001401,0.23170375850682223
315,0.6599479811084484,0.6973261026323633,0.236635833872981,0.2436985775912975,0.2424241483251538,0.23169580329005388
316,0.6599591139307928,0.6973396666156518,0.23662799872718157,0.24369050859407385,0.24241612159818357,0.23168813265671653
317,0.659956735115152,0.6973437059375633,0.23662044381424246,0.24368272819367146,0.24240838188562394,0.2316808060636014
318,0.6599621072025117,0.6973351535614492,0.23661315995604815,0.24367522693804047,0.24240155784316922,0.23167367426167207
319,0.6599674293605938,0.6973286927092546,0.2366061382424186,0.2436679956510635,0.24239450435970986,0.2316667991318337
320,0.6599764756972133,0.6973400912289357,0.23659937002447679,0.24366102542572507,0.24238757912306153,0.2316601801105302
321,0.6599788572989306,0.6973454288586582,0.23659284690813967,0.2436543076174084,0.2423811267865845,0.23165406272279487
322,0.6599879277713339,0.6973524091301837,0.23658656074773202,0.2436478338373186,0.24239435615072377,0.23165491260769253
323,0.6599939605004049,0.6973480885631078,0.2365805036397217,0.24364159594603108,0.24241469875786256,0.23164898176013146
324,0.6599956219223039,0.6973530094155298,0.23657466791657553,0.24363558604716384,0.24241394979360173,0.23164824421995436
325,0.6599982544408103,0.6973581401150092,0.23658436708571554,0.24363823875602642,0.2424085358525299,0.2316430851809116
326,0.6600002893786353,0.6973626331068465,0.23657895169299417,0.24363266190088143,0.24240319442475294,0.23163803119969872
327,0.6599976252404274,0.6973561154926915,0.2365737360518107,0.24362729075295828,0.2423978503817821,0.23163292448649989
328,0.659995873443539,0.6973497690670082,0.23656871337911906,0.24362211832697123,0.2423927040579173,0.2316280067116711
329,0.6599938572102003,0.6973519859403566,0.23656387709893334,0.24361713785086836,0.2423877487152811,0.2316232846835866
330,0.659991085195453,0.6973534348819603,0.23655922083688252,0.24361234276022384,0.24238297782257437,0.23161883027189611
331,0.6599944757232991,0.6973494003885701,0.23655473841487715,0.24360772669274564,0.2423784577655279,0.2316144414624555
332,0.6599971390351023,0.6973537789330982,0.2365622635199991,0.2436096830079618,0.2423740894546843,0.2316103360232501
333,0.6599948777778922,0.6973552538990158,0.23655811079510208,0.24360540656935856,0.2423698347062697,0.23160632225756
334,0.6599979280675747,0.6973516420534382,0.23655411450982622,0.24360129123086469,0.2423827038980746,0.23160240962513187
335,0.660003669252972,0.6973562117256739,0.2365502692198038,0.24359733138591944,0.24237885601108244,0.23159869286331597
336,0.6600050162561568,0.6973591832259317,0.23654656965192952,0.2435935216043266,0.24237522924378824,0.23159523126906753
337,0.6600066994946074,0.6973625327319858,0.236543010699673,0.24358985662742727,0.24237253595360272,0.2315926485365136
338,0.6600084713040265,0.6973656848574279,0.2365395874184942,0.2435863313633788,0.24236940145208513,0.23158966479901746
339,0.6600075837434335,0.6973675518499343,0.23653629502136037,0.24358294088253804,0.24236602790970527,0.23158652721901046
340,0.6600124142334868,0.6973713805825486,0.23654279408321457,0.24358340066359632,0.24236284540543404,0.2315834830418047
341,0.6600111640935222,0.6973727885379918,0.23653974957688637,0.24358026553869158,0.24235972599011038,0.2315805165119619
342,0.6600104547620027,0.6973729487008598,0.23653682250000993,0.24357725133848174,0.24235677269062625,0.23158134541927813
343,0.6600094290942006,0.6973743455843463,0.23653400865256113,0.24357435373793052,0.2423538896089169,0.23157860898772858
344,0.6600105513885696,0.6973767875609806,0.23653130397108713,0.24357156855263792,0.24235263691124448,0.23157741995406705
345,0.6600094587767152,0.69737768545653,0.23652870452480268,0.2435688917348204,0.24234997348931694,0.2315756071754841
346,0.6600086924021059,0.6973787536805147,0.2365317405961755,0.24357134642609587,0.2423474139970494,0.23157392892234774
347,0.6600095312491844,0.6973806525269256,0.23652934028345496,0.24356887467579416,0.24235513951457188,0.23158185118478597
348,0.6600086178519422,0.6973817451833356,0.23652703417410612,0.24356649993252424,0.24235277660495438,0.23157960575286352
349,0.6600095215215367,0.6973835724350483,0.2365248188307067,0.24356421865656003,0.24235077522145784,0.2315776969858917
350,0.6600126181617393,0.6973860602812026,0.236522690930331,0.24356202742607966,0.24234904465430399,0.2315760222486542
351,0.6600160770947199,0.6973898994812173,0.2365241569311256,0.2435650537419468,0.24234695142155274,0.2315740221352408
352,0.660016685354882,0.6973915765730777,0.23652219436008812,0.24356303274871544,0.24234746885669958,0.2315760585892564
353,0.6600180985792773,0.6973898099165473,0.2365203099180897,0.24356109221028344,0.2423455767024448,0.23157421355457872
354,0.6600239331697945,0.6973939925304479,0.23651850070721037,0.24355922914246503,0.24234372577774016,0.23157244353483278
355,0.6600245941855226,0.697395432242733,0.2365167639279633,0.24355744066243773,0.24234200331556252,0.23157080998050228
356,0.6600276720154096,0.6973953688668973,0.23652214522087012,0.24356277233022905,0.24234057962643554,0.23156917778964556
357,0.6600270551860822,0.697396137407314,0.23652054523767715,0.24356112471984653,0.24233894028372616,0.23156762099953115
358,0.6600264673368154,0.6973968803725709,0.23652220647700703,0.2435628385605991,0.24233736712639875,0.23156612635637638
359,0.660027059077127,0.6973984159275111,0.2365207332317003,0.24356132146072865,0.24233604793019486,0.23156502508104976
360,0.6600269855950477,0.6973993348662672,0.23651931979815097,0.2435598659530513,0.24233760576990895,0.23156803025763745
361,0.6600280651208228,0.6973980151662234,0.23651796390748525,0.24355846970115497,0.242336251725981,0.23156670275115313
362,0.6600308103847217,0.6973980104531229,0.2365166633699782,0.24355713045013247,0.24234046383607713,0.23156542943906583
363,0.6600312610983892,0.6973990012006791,0.23651541607257892,0.24355584602403302,0.24233923019991613,0.23156425162851502
364,0.6600302116987313,0.6973990245298544,0.23651421997650196,0.24355461432338202,0.24233800465188485,0.23156334540039575
365,0.6600307954717629,0.6974000359049073,0.23651307311488354,0.2435534333227674,0.2423400656550382,0.23156388013871432
366,0.6600316919854835,0.697398941954331,0.23651662248524477,0.24355230106849143,0.24233897558216155,0.23156280362260911
367,0.6600308942064191,0.6973987591765413,0.23651556844758093,0.24355121567628626,0.24233789559714827,0.23156177166166703
368,0.6600316436229837,0.6973979681558943,0.23651455815367917,0.2435501753290923,0.24233688787216676,0.23156078252827794
369,0.6600312410855655,0.6973984131014695,0.23651358990213933,0.2435491782748977,0.24233589578497064,0.23155983704841454
370,0.660030364670963,0.6973987024703773,0.23651266205269014,0.2435482228246379,0.2423349476218558,0.23155894992164236
371,0.6600299950647246,0.6973991110125872,0.23651177302420642,0.2435473073501539,0.2423340367079573,0.2315580818015484
372,0.6600303967763373,0.6973998762644492,0.23651092129278187,0.24354643028220763,0.242333206092848,0.23155728930765648
373,0.6600311614316245,0.6974010712291897,0.23651010538985653,0.24354559010855376,0.24233237131680688,0.23155649219922855
374,0.6600314031800025,0.6974017357315301,0.2365093239003973,0.24354478537206609,0.2423321951317727,0.23155632521537975
375,0.6600310975644752,0.6974020837027911,0.23650857546113074,0.24354401466891776,0.24233142826589446,0.23155559529193853
376,0.6600308183750425,0.6974024273136858,0.2365093503815941,0.24354481536788386,0.2423306939183441,0.23155489743107685
377,0.6600322670068663,0.6974024248268008,0.23650866414707028,0.24354410871987975,0.24233291655355144,0.23155422557195365
378,0.6600313843516222,0.6974022326373347,0.23650800716674358,0.2435434321963,0.2423322433944549,0.23155364122801766
379,0.6600318450207637,0.6974010351617794,0.23650737826769813,0.2435427845893379,0.24233165399979684,0.2315530255031393
380,0.660031614904279,0.697401326473842,0.23650677632068107,0.24354216473614862,0.24233103722911792,0.23155243953942126
381,0.6600317943357523,0.6974017784981148,0.23650620023862332,0.2435415715173259,0.2423304490954367,0.23155195464695422
382,0.660032103830503,0.6974022970413928,0.23650564897520399,0.2435410038554239,0.2423298847292628,0.23155141697620504
383,0.6600324381214066,0.6974028090062705,0.23650512152345832,0.24354046071352356,0.24232935665403657,0.23155092354807152
384,0.660032912729046,0.6974027647710159,0.2365061492585732,0.24354054235690054,0.24233037456462214,0.2315511016170066
385,0.660032774004893,0.6974030330281761,0.23650566655686595,0.2435400452982154,0.2423298799758519,0.23155063373435059
386,0.6600334120025074,0.6974034753286947,0.23650520486890986,0.2435395698782926,0.24232946198681837,0.23155021078340016
387,0.6600332723796117,0.6974036389212765,0.2365047633320587,0.24353911520882823,0.24232975794316397,0.23155049499016825
388,0.6600328885823039,0.6974035715440393,0.23650434111666951,0.24353868043550334,0.2423297071945708,0.23155044811406622
389,0.6600327135504709,0.6974030984248543,0.23650393742494671,0.2435382647367935,0.24232929355946997,0.23155005287819497
390,0.6600329800968803,0.6974034967223646,0.23650355148982202,0.24353786732281557,0.2423289011715619,0.23154968598797418
391,0.6600332840757213,0.6974040052158409,0.23650318257386965,0.24353748743421053,0.24232852898455742,0.23154933471486408
392,0.6600336581893379,0.6974045555053205,0.2365028299682555,0.24353712434106145,0.24232816890069428,0.2315489910762555
393,0.660033735243461,0.6974047032057007,0.23650249299171944,0.2435367773418455,0.24232875527299272,0.2315491630000432
394,0.6600347604162955,0.6974047030411114,0.23650217098959014,0.24353644576241956,0.2423284277361612,0.23154884774195617
395,0.6600347163342803,0.6974048882573433,0.23650186333283124,0.2435361289550378,0.24232811261990314,0.23154854665028932
396,0.6600346349965361,0.6974050535690146,0.23650156941711814,0.2435358262974012,0.2423278114635443,0.23154826404358447
397,0.6600343887912847,0.6974045418734649,0.23650128866194448,0.24353553719173743,0.24232806114665734,0.23154798916856675
398,0.6600344274599009,0.6974047493931732,0.23650102050975771,0.24353526106391074,0.24232792616400747,0.23154797531202498
399,0.6600347669259512,0.6974049523399155,0.23650076442512283,0.24353499736256062,0.2423276657559056,0.23154772565159143
400,0.6600351443414575,0.6974053774967947,0.2365005198939133,0.24353474555826896,0.24232741750510445,0.2315474903244382
401,0.6600350113258808,0.6974054558160429,0.2365002864225288,0.24353450514275424,0.24232717828145414,0.23154726509145637
402,0.6600350361021112,0.6974056241276102,0.23650006353713862,0.24353427562809266,0.24232723552945074,0.23154731912553048
403,0.6600353232561913,0.6974058675728938,0.2364998507829504,0.243534056545965,0.24232713447616308,0.23154717110052034
404,0.6600354605877925,0.6974060784289385,0.23649964772350315,0.24353384744692858,0.24232693040306655,0.23154697649944025
405,0.6600357396567785,0.6974062946979918,0.23649945393998384,0.24353364789971368,0.24232677287408735,0.23154680815575648
406,0.6600356948066695,0.6974063048108997,0.23649926903056728,0.24353345749054364,0.24232658630117515,0.2315468605255932
407,0.6600356292173202,0.6974063914803693,0.23649909260977817,0.24353327582247794,0.24232640553339624,0.23154668889835844
408,0.6600356686064189,0.6974065274027734,0.23649892430787484,0.2435331025147777,0.24232638682061494,0.231546671930851
409,0.6600357209523106,0.6974066527055617,0.23649920229382462,0.24353317748781736,0.24232622731480322,0.23154651978552485
410,0.6600355265465643,0.6974066032315288,0.23649904918016285,0.24353301982023876,0.24232607042862497,0.23154640204230645
411,0.660035409406383,0.6974066109315915,0.23649890316472638,0.24353286946200134,0.2423262293725448,0.23154658267985637
412,0.6600360008640277,0.6974066108742102,0.23649876393495675,0.24353272609125054,0.24232608684934404,0.2315464463655778
413,0.6600362612432233,0.6974063410348726,0.2364986311912514,0.24353258939947295,0.24232597975115047,0.2315463164015444
414,0.6600362762585007,0.6974064001467429,0.2364985046464645,0.24353245909098248,0.2423260457638869,0.23154653478672033
415,0.6600362093213745,0.6974064420423808,0.2364983840254256,0.24353233488242454,0.24232592217063445,0.23154641830042189
416,0.6600362398842258,0.6974065365517437,0.23649826906447488,0.24353221650229748,0.2423259201392321,0.2315464180688888
417,0.66003609953565,0.6974064989264871,0.23649815951101502,0.24353210369049125,0.2423258078862204,0.23154635103218532
418,0.6600361422453618,0.6974065872792607,0.2364980551230791,0.2435319961978423,0.2423257034047824,0.23154625181913555
419,0.6600363258833536,0.697406583498314,0.23649837619738429,0.24353231431417502,0.2423256184677262,0.2315461544473444
420,0.6600364866052675,0.6974067611769224,0.2364982814548792,0.243532216753837,0.24232576098233377,0.2315462229860119
421,0.6600363888614748,0.6974067477951003,0.23649819121169355,0.24353212382663722,0.24232566851549425,0.23154614841775367
422,0.6600364522829857,0.6974066468082081,0.23649810526436058,0.24353203532305745,0.2423255879787428,0.23154606427007451
423,0.6600365078858599,0.6974067275911175,0.23649824885081736,0.24353207168555252,0.24232562485195003,0.23154622317052936
424,0.6600364362470968,0.6974067314424299,0.2364981709191332,0.24353199143605983,0.2423255450000097,0.23154615313745794
425,0.6600364460648739,0.6974067823732996,0.23649809672367794,0.24353191503391725,0.24232548514002605,0.2315460959848161
426,0.6600364102969832,0.6974066937094879,0.23649802609371962,0.24353184230331495,0.24232541276972305,0.23154602683376863
427,0.6600365136276537,0.6974067743641404,0.23649795886590508,0.24353177307604149,0.24232534646126935,0.23154596247834325
428,0.6600365610145327,0.6974067140490069,0.23649789488396183,0.24353170719117653,0.24232528222559774,0.23154589983610863
429,0.6600366547193793,0.6974067871769463,0.23649783399841062,0.24353164449479509,0.24232522129830206,0.23154584107566686
430,0.6600366843423282,0.6974068385386505,0.23649777606628905,0.24353158483968282,0.2423253260249743,0.2315458690224024
431,0.660036675431449,0.6974068404559768,0.23649772095088525,0.24353152808506187,0.24232527284540378,0.2315458193088373
432,0.6600367310598935,0.6974069222807135,0.23649766852148194,0.2435314740963272,0.24232521930352907,0.2315457682123425
433,0.6600367521977198,0.6974069617733927,0.2364976186531099,0.2435314227447928,0.24232516842131543,0.23154572093859102
434,0.660036801883304,0.6974070351360894,0.23649766952744014,0.2435314761444858,0.24232512127287434,0.23154567703962275
435,0.6600368038018186,0.6974070675953069,0.23649762442801994,0.24353142970373906,0.24232507616328613,0.23154563383927565
436,0.6600367477099588,0.697407085172945,0.23649758154688655,0.24353138554725443,0.24232503264320487,0.23154559220152465
437,0.660036786282654,0.6974071450897099,0.23649754077978088,0.24353134356767195,0.24232499164516658,0.23154555369186325
438,0.6600367902290701,0.6974071742241374,0.23649759582538904,0.24353137372497066,0.2423249954610268,0.231545558781867
439,0.6600368092178788,0.6974072013891176,0.23649755899195177,0.2435313357960541,0.24232506191245648,0.23154557857875102
440,0.6600368306045505,0.6974072361777214,0.2364975239868932,0.24353129974989485,0.242325027423213,0.23154554673403377
441,0.6600368387865833,0.6974072617409184,0.23649749072341442,0.2435312654971125,0.2423250160664346,0.2315455361482951
442,0.66003688766525,0.6974072997939555,0.23649745911863115,0.2435312329523576,0.24232498383015566,0.23154550528007273
443,0.6600369382334019,0.697407356272921,0.2364974290934076,0.2435312020341408,0.2423249532194736,0.23154547626058697
444,0.6600369266072053,0.6974073695526515,0.23649740057219665,0.2435311726646681,0.24232492399547256,0.23154544842579614
445,0.6600369440375712,0.697407395934591,0.2364973734828867,0.2435311447696832,0.24232489630103196,0.23154542218575236
446,0.660036908334539,0.6974073842341526,0.23649734775665443,0.24353111827831586,0.24232486994088057,0.23154540893659875
447,0.6600369185949333,0.6974074049342841,0.2364973233278233,0.24353109312293625,0.24232488557497223,0.23154545355031417
448,0.6600369743992525,0.6974074539524561,0.23649730013372802,0.24353106923901527,0.2423248629274225,0.23154543157551516
449,0.6600369690582559,0.6974074551566917,0.23649727811458413,0.24353104656499044,0.24232484071015867,0.2315454378118141
450,0.6600369863860887,0.6974074841779587,0.23649725721336312,0.24353102504213714,0.24232486508938333,0.23154546027615744
451,0.6600369994194419,0.6974075038390014,0.2364972373756725,0.2435310046144451,0.24232484484072803,0.23154544114907372
452,0.6600369901553703,0.6974075105716903,0.23649721854964054,0.24353098522849995,0.2423248626058024,0.23154545822343894
453,0.6600370124630172,0.697407530009816,0.23649720068580615,0.2435309668333695,0.2423248652348263,0.23154549556467155
454,0.6600369906030777,0.6974075268108231,0.23649718373701287,0.24353094938049477,0.24232488657552584,0.23154551199625736
455,0.6600369627826895,0.6974075135770885,0.23649716765830728,0.2435309328235854,0.2423248701006129,0.23154550704033336
456,0.6600369673967305,0.6974075262741464,0.23649715240684177,0.24353091711851943,0.24232490611041,0.23154552807461182
457,0.6600369605506506,0.6974075066115044,0.23649713794178118,0.24353090222324716,0.24232489128890192,0.2315455139124113
458,0.6600369526997282,0.6974075109242291,0.23649715300370056,0.24353091732131502,0.24232487723330626,0.23154550098005428
459,0.6600369594424083,0.6974075232911149,0.2364971949957381,0.24353095892650123,0.24232486778577692,0.23154549193211887
460,0.6600369543114498,0.6974075289528353,0.23649718266368164,0.24353094622767182,0.24232485514983867,0.23154547989352928
461,0.6600369475652124,0.6974075327817546,0.23649717097307998,0.243530934189375,0.2423248431711617,0.23154546865908587
462,0.6600369355629204,0.6974075311385423,0.2364971598918907,0.24353092277861535,0.24232483181691405,0.23154545950264468
463,0.6600369403721285,0.6974075433587613,0.23649717630948217,0.24353092945177113,0.24232482139925776,0.23154544955954784
464,0.6600369613956354,0.6974075432025205,0.23649716635703524,0.24353091920332468,0.2423248115922519,0.23154543981548312
465,0.6600369623559792,0.6974075502922344,0.23649717975213175,0.24353092654197253,0.24232481252082327,0.23154544105410943
466,0.6600369578283457,0.6974075391253728,0.23649717081772162,0.24353091734184093,0.24232480336625634,0.2315454323067665
467,0.6600369469119352,0.6974075368845877,0.23649716235410367,0.2435309086265035,0.2423248124174944,0.2315454427161997
468,0.660036950328542,0.6974075436481766,0.23649715433742774,0.24353090037140077,0.24232480431853767,0.23154543499837885
469,0.6600369472990655,0.6974075472313387,0.23649714674499928,0.2435308925531632,0.24232479653902023,0.23154542759522048
470,0.6600369450168282,0.6974075510688138,0.2364971395552262,0.24353088514955654,0.2423247891720802,0.2315454206066219
471,0.6600369397091493,0.6974075424338567,0.23649713274756787,0.24353090692480195,0.24232480835840756,0.23154541394150066
472,0.660036930609452,0.6974075300643682,0.2364971263024866,0.24353090028803442,0.24232480175450896,0.2315454076313649
473,0.6600369286869416,0.6974075333279582,0.23649712020140093,0.24353089400549346,0.24232479550308259,0.23154540171502766
474,0.6600369332275716,0.6974075275857252,0.23649711442664126,0.2435308880589839,0.2423247897415676,0.23154539606117847
475,0.6600369335523043,0.6974075275597379,0.23649710896140713,0.24353088243120563,0.24232478427354767,0.23154539071037408
476,0.6600369319354734,0.6974075303393853,0.23649710378972671,0.2435308771057118,0.2423247789744286,0.23154538568285024
477,0.6600369329997534,0.6974075295276061,0.23649711958719533,0.2435308720668686,0.24232477845723288,0.23154538089199617
478,0.6600369400563033,0.6974075350630612,0.23649711495782766,0.24353086729981713,0.24232477399894392,0.23154537655014773
479,0.6600369407765552,0.697407538120278,0.23649711057868888,0.2435308627904367,0.24232478498152277,0.23154538391887047
480,0.6600369392639093,0.6974075401744423,0.2364971064367492,0.24353085852531,0.24232478073751895,0.23154537989129315
481,0.6600369486883987,0.6974075484528514,0.23649710251962944,0.24353085449168968,0.2423247769127003,0.23154537618009122
482,0.6600369473150536,0.6974075502738846,0.23649709881557004,0.2435308506774664,0.24232477311736683,0.23154537257875035
483,0.6600369583793662,0.6974075440255956,0.2364971101219068,0.2435308470711385,0.24232476966005503,0.23154536914990947
484,0.660036963470098,0.697407547977927,0.23649711704622875,0.24353084742626246,0.2423247766253371,0.23154536973885093
485,0.6600369622299447,0.6974075494620314,0.23649711391655345,0.24353084420350657,0.24232477341854172,0.2315453666869515
486,0.6600369638119847,0.697407552172044,0.23649711537676466,0.24353084924693558,0.24232477493219498,0.23154537201464678
487,0.6600369692905851,0.6974075521597425,0.23649711258130374,0.243530846368334,0.24232477209735495,0.23154536927771685
488,0.6600369725892025,0.6974075550340447,0.23649710993979256,0.24353084364826083,0.2423247724861082,0.23154537479933868
489,0.6600369704728352,0.6974075522212818,0.23649710744405197,0.24353084107829365,0.24232476992886862,0.23154537235585346
490,0.66003697131035,0.6974075540957225,0.23649710508632021,0.24353083865043987,0.24232476757772087,0.23154537011059706
491,0.6600369747461103,0.6974075567721327,0.23649710285923264,0.24353083635711578,0.24232476532111508,0.2315453679444163
492,0.6600369754414179,0.6974075584628651,0.2364971007558023,0.24353083419112664,0.24232476642567652,0.2315453716813159
493,0.660036978419716,0.6974075608670408,0.2364970987694013,0.24353083214564747,0.24232476693468907,0.23154537585571927
494,0.6600369810747628,0.6974075630408986,0.2364970968937434,0.24353083021420505,0.24232476562751926,0.23154537434454012
495,0.6600369837875696,0.6974075651644785,0.23649709512286693,0.2435308283906604,0.24232476388937166,0.23154537265241834
496,0.6600369878781455,0.6974075673584872,0.23649709345111888,0.24353082666919237,0.24232476225633456,0.23154537104417136
497,0.6600369870024586,0.6974075679065715,0.23649709187313966,0.24353082504428197,0.2423247606394714,0.23154536952028185
498,0.6600369863565007,0.6974075661451563,0.2364970903838484,0.24353082351069721,0.24232475911348159,0.23154536806217302
499,0.660036988721205,0.6974075687915068,0.23649708897842914,0.24353082206347895,0.2423247576861783,0.23154536669857825
500,0.660036990361961,0.6974075709434407,0.23649708765231764,0.24353082069792714,0.24232475633171333,0.2315453654043103
501,0.6600369910668362,0.6974075721364134,0.23649708982721374,0.24353082127381395,0.24232475505074405,0.23154536418369356
502,0.6600369921140828,0.697407572103439,0.23649708864696922,0.24353082005846743,0.2423247538500652,0.23154536303309622
503,0.6600369926417177,0.6974075731175933,0.23649708914359396,0.24353082200946263,0.24232475278901167,0.23154536201953485
504,0.6600369944127947,0.6974075750912399,0.2364970907142705,0.24353082274717838,0.242324754342306,0.2315453628198393
505,0.660036994846267,0.6974075759621906,0.23649709126903978,0.243530824369232,0.24232475509273316,0.2315453647763724
506,0.6600369952121118,0.6974075755203664,0.23649709336317834,0.24353082432759943,0.24232475416466934,0.2315453638842749
507,0.6600369948277117,0.69740757569908,0.23649709248306341,0.24353082342130875,0.24232475466859668,0.2315453643687885
508,0.660036995415501,0.6974075750705551,0.2364970916534106,0.243530822566981,0.2423247538331982,0.2315453635565068
509,0.6600369950194895,0.6974075740888965,0.23649709087142057,0.24353082176173357,0.24232475303193873,0.2315453627908899
510,0.6600369956374129,0.697407575111723,0.2364970901344437,0.24353082100283804,0.24232475227705114,0.23154536206979864
511,0.660036996001621,0.6974075757439289,0.23649708943997239,0.24353082028771222,0.24232475158825537,0.23154536141467724
512,0.6600369959777129,0.697407576195504,0.23649708878563372,0.24353081961391268,0.2423247510618936,0.23154536091744404
513,0.6600369964845836,0.6974075770194629,0.2364970881691826,0.2435308189791275,0.24232475066060544,0.2315453607044666
514,0.660036996740778,0.6974075775517283,0.23649709072389274,0.243530820156509,0.24232475010424034,0.231545360175965
515,0.6600369975753859,0.6974075782131818,0.23649709184685525,0.24353082023605557,0.24232474955448122,0.2315453596501046
516,0.66003699732094,0.6974075775842438,0.2364970913317766,0.24353081970565782,0.24232474902671022,0.23154535914581056
517,0.6600369971245378,0.6974075778108544,0.2364970918577087,0.243530820246113,0.24232474852973734,0.2315453586726747
518,0.6600369978129212,0.6974075783431579,0.23649709192040014,0.24353082118745897,0.24232474810487115,0.23154535825619083
519,0.6600369982685534,0.6974075790138062,0.2364970914904893,0.24353082074476204,0.2423247476671566,0.23154535783807373
520,0.660036998849677,0.6974075794861494,0.2364970927969421,0.2435308220391792,0.2423247473676624,0.23154535750162922
521,0.6600369987060964,0.697407579671683,0.236497093209671,0.24353082246386626,0.24232474697739798,0.2315453571311624
522,0.6600369988429574,0.6974075799853796,0.2364970928512339,0.24353082209476878,0.24232474685818417,0.23154535701552414
523,0.6600369993104522,0.6974075803620512,0.236497092513957,0.24353082174746082,0.24232474652121772,0.2315453566900557
524,0.6600369991096198,0.6974075804471902,0.23649709219662934,0.2435308214206954,0.24232474619607058,0.23154535639446427
525,0.66003699898875,0.6974075805865205,0.23649709252035792,0.24353082175331048,0.24232474589019204,0.23154535610366944
526,0.6600369990287647,0.6974075801650724,0.23649709223956003,0.2435308214641613,0.24232474614945532,0.23154535582875085
527,0.6600369989417313,0.697407580283036,0.23649709197546614,0.24353082119221292,0.24232474587885375,0.2315453556222328
528,0.6600369990413745,0.6974075804925451,0.2364970917271125,0.24353082093647294,0.24232474564181786,0.23154535539925805
529,0.6600369989522865,0.6974075806054317,0.23649709149358908,0.24353082069600424,0.24232474540254006,0.23154535517217145
530,0.6600369990728966,0.6974075808101671,0.23649709127403679,0.24353082046992217,0.2423247451777217,0.2315453549578095
531,0.6600369990973863,0.6974075809065777,0.23649709106764463,0.24353082025739164,0.24232474528538908,0.23154535531399467
532,0.6600369991796167,0.6974075810602118,0.23649709087364715,0.24353082005762444,0.24232474508744747,0.23154535513009064
533,0.6600369992370042,0.6974075812173635,0.23649709116005435,0.24353082017208477,0.24232474502171436,0.23154535507525975
534,0.6600369994464081,0.697407581398532,0.23649709098871985,0.24353081999565457,0.24232474484669428,0.23154535490935155
535,0.6600369997167261,0.6974075817011257,0.2364970908277329,0.24353081982987967,0.24232474468435578,0.23154535475590537
536,0.660036999655073,0.6974075817715474,0.2364970906764868,0.24353081967413534,0.24232474452938274,0.2315453546082992
537,0.6600369997206171,0.697407581898537,0.23649709053440932,0.2435308195278323,0.24232474441434265,0.23154535449836625
538,0.6600369997275228,0.6974075819797594,0.23649709040096073,0.24353081939041477,0.24232474468309165,0.2315453546044693
539,0.6600369997183483,0.6974075820688664,0.2364970902756321,0.2435308192613587,0.2423247448446037,0.23154535473039492
540,0.660036999651263,0.697407582108093,0.2364970901579435,0.2435308191401699,0.24232474472401508,0.23154535461725093
541,0.6600369998223914,0.6974075822407639,0.2364970900474426,0.24353081902638257,0.24232474461083106,0.23154535450964492
542,0.6600369998942341,0.6974075823339513,0.2364970899437029,0.2435308189195575,0.24232474450670305,0.23154535443832167
543,0.6600369999108752,0.6974075824058182,0.23649708984632242,0.24353081881928082,0.24232474449999944,0.2315453544320444
544,0.6600369999498724,0.6974075824901068,0.23649708975492245,0.2435308187251625,0.24232474443469493,0.23154535436977436
545,0.6600369999179823,0.6974075825322459,0.236497089669146,0.24353081863683496,0.24232474434680482,0.23154535428632833
546,0.6600369998913211,0.6974075825743336,0.23649708958865687,0.24353081855395195,0.2423247442643323,0.2315453542081086
547,0.660036999869567,0.6974075826161374,0.23649708951313816,0.24353081847618724,0.24232474418695268,0.23154535413542424
548,0.6600369998990593,0.6974075826753822,0.23649708944229156,0.24353081840323357,0.24232474411555593,0.23154535406739796
549,0.6600369999154058,0.6974075827264536,0.23649708937583602,0.24353081833480156,0.24232474409286675,0.2315453540462492
550,0.6600369999667646,0.6974075828123661,0.23649708931350694,0.24353081827061873,0.24232474402998436,0.23154535398690038
551,0.660036999924138,0.6974075828158542,0.2364970892550551,0.24353081821042846,0.24232474405693016,0.23154535401263357
552,0.660036999964917,0.6974075827679124,0.236497089200246,0.24353081815398925,0.24232474400344814,0.23154535395897205
553,0.6600369999503299,0.6974075827964892,0.23649708914885884,0.24353081810107374,0.2423247439507947,0.23154535390987854
554,0.6600369999821017,0.6974075827055861,0.23649708910068573,0.2435308180514679,0.2423247439230894,0.23154535386271408
555,0.6600370000574202,0.6974075827898133,0.2364970891335931,0.24353081811783928,0.24232474388033493,0.23154535382188324
556,0.6600370000516528,0.6974075827885688,0.236497089091273,0.24353081807426052,0.2423247439077966,0.2315453538936245
557,0.66003700007072,0.697407582819651,0.23649708905161426,0.24353081803342227,0.2423247438707276,0.23154535385997876
558,0.6600370000903211,0.6974075828536286,0.23649708901445401,0.24353081799515683,0.2423247439448324,0.23154535388931846
559,0.6600370001086664,0.697407582886754,0.23649708897963906,0.24353081795930642,0.2423247439144826,0.2315453538603378
560,0.6600370000963954,0.6974075829026838,0.23649708894702534,0.24353081792572273,0.24232474388106523,0.23154535382859195
561,0.66003700012216,0.6974075829449641,0.23649708898058708,0.24353081795932502,0.24232474385046224,0.23154535379996133
562,0.6600370001113178,0.6974075829588507,0.23649708895197744,0.2435308179298645,0.24232474382114763,0.23154535377212665
563,0.6600370001478936,0.6974075829845551,0.23649708892518642,0.2435308179022767,0.24232474379532434,0.23154535374673346
564,0.6600370001391404,0.6974075829528449,0.23649708890010146,0.24353081787644568,0.24232474376962124,0.23154535372217372
565,0.6600370001741968,0.6974075829807592,0.23649708887661675,0.2435308178522625,0.24232474374893015,0.23154535370121207
566,0.660037000182002,0.6974075829975764,0.23649708885463286,0.24353081782962477,0.24232474373615762,0.23154535368923473
567,0.6600370001736114,0.6974075830071509,0.23649708883405637,0.2435308178084363,0.2423247437150741,0.23154535366916057
568,0.6600370001668312,0.6974075830168959,0.2364970888147995,0.2435308177886067,0.2423247436953427,0.23154535365045628
569,0.6600370001593754,0.6974075830251916,0.2364970887967798,0.24353081777005106,0.24232474367687898,0.23154535363288758
570,0.6600370001489334,0.6974075830297961,0.23649708877991985,0.24353081775268967,0.24232474365960358,0.2315453536175954
571,0.6600370001647475,0.6974075830534509,0.2364970887977432,0.24353081776954533,0.24232474364558368,0.23154535360589537
572,0.6600370001685344,0.6974075830495412,0.236497088782989,0.2435308177543523,0.24232474364774287,0.2315453535914501
573,0.6600370001945775,0.6974075830484125,0.23649708878293352,0.24353081778474822,0.2423247436789203,0.2315453535919377
574,0.6600370001943412,0.6974075830611062,0.23649708877002829,0.24353081777145918,0.24232474366571363,0.2315453535793146
575,0.6600370002108361,0.6974075830745139,0.23649708875796094,0.24353081775903296,0.24232474365345252,0.231545353567553
576,0.6600370002177292,0.6974075830857266,0.23649708874667846,0.24353081774741492,0.24232474364233628,0.2315453535572891
577,0.6600370002425567,0.6974075831071362,0.23649708873613107,0.24353081773655383,0.2423247436315719,0.23154535354708958
578,0.6600370002471593,0.6974075831157607,0.23649708872627206,0.2435308177264016,0.2423247436216661,0.23154535353765643
579,0.6600370002442558,0.6974075831206896,0.23649708871705763,0.2435308177169131,0.24232474361222459,0.23154535352872102
580,0.660037000248213,0.6974075831287978,0.2364970887312576,0.2435308177216455,0.242324743606253,0.23154535352311031
581,0.6600370002516965,0.6974075831361328,0.2364970887232116,0.24353081771336021,0.24232474360214845,0.23154535351920005
582,0.6600370002573951,0.6974075831292691,0.2364970887156944,0.24353081770561943,0.24232474359457287,0.23154535351184022
583,0.6600370002601471,0.6974075831259455,0.2364970887314472,0.24353081770530627,0.24232474358759168,0.2315453535051296
584,0.6600370002633004,0.6974075831319707,0.23649708874220834,0.24353081770896653,0.24232474358303333,0.2315453535009984
585,0.6600370002724143,0.6974075831422522,0.2364970887360824,0.2435308177026584,0.2423247435767622,0.2315453534950065
586,0.6600370002767229,0.697407583137435,0.23649708873036185,0.24353081769676768,0.24232474357116449,0.2315453534894057
587,0.6600370002725584,0.69740758313066,0.23649708872502048,0.24353081771385282,0.24232474358621833,0.23154535348417615
588,0.6600370002764482,0.6974075831268174,0.2364970887411195,0.24353081770871782,0.24232474358131587,0.23154535347929386
589,0.6600370002784636,0.6974075831307943,0.23649708873646447,0.24353081770392435,0.24232474357696307,0.23154535347521066
590,0.660037000284609,0.6974075831383385,0.2364970887321196,0.24353081769945026,0.2423247435802151,0.23154535348165603
591,0.660037000288915,0.6974075831446651,0.2364970887280647,0.24353081769527476,0.24232474357606043,0.23154535347770536
592,0.6600370002915019,0.6974075831447795,0.2364970887242809,0.2435308176913784,0.2423247435790398,0.2315453534859544
593,0.6600370002901094,0.6974075831464585,0.23649708872075048,0.24353081768774298,0.24232474357542239,0.23154535348251165
594,0.6600370002918169,0.6974075831461237,0.23649708871745687,0.24353081768435142,0.2423247435730803,0.231545353479287
595,0.6600370002968935,0.6974075831518536,0.23649708871438457,0.24353081768118776,0.24232474357027803,0.2315453534766216
596,0.6600370002984419,0.697407583154463,0.2364970887115191,0.24353081767823703,0.2423247435674889,0.2315453534739693
597,0.6600370003006392,0.6974075831580349,0.23649708870884675,0.24353081767548523,0.24232474356574932,0.23154535347304603
598,0.6600370003020146,0.6974075831603548,0.2364970887063549,0.2435308176729193,0.24232474356337091,0.23154535347078284
599,0.6600370003011583,0.6974075831615012,0.23649708870403163,0.24353081767052692,0.2423247435609904,0.23154535346852362
600,0.6600370002977515,0.6974075831615004,0.23649708870186578,0.24353081766829668,0.24232474355880934,0.23154535346640312
601,0.6600370002969937,0.6974075831624866,0.23649708869984692,0.24353081766621779,0.24232474355674075,0.2315453534644397
602,0.6600370002969355,0.6974075831631866,0.23649708869796535,0.24353081766428022,0.24232474355572564,0.231545353463473
603,0.6600370002966736,0.6974075831639346,0.2364970886962119,0.2435308176624746,0.24232474355513728,0.2315453534629257
604,0.660037000296443,0.697407583164829,0.23649708869457806,0.24353081766079218,0.2423247435587144,0.2315453534629993
605,0.6600370002990074,0.6974075831676961,0.23649708869305583,0.24353081765922469,0.24232474355715702,0.23154535346151364
606,0.6600370002984187,0.6974075831680353,0.2364970886916378,0.2435308176577645,0.24232474355570405,0.23154535346085506
607,0.6600370002982814,0.6974075831679266,0.23649708869236308,0.24353081765994322,0.2423247435544222,0.23154535345963065
608,0.6600370002984113,0.697407583168748,0.23649708869113295,0.2435308176586765,0.242324743553621,0.2315453534588658
609,0.6600370002999347,0.6974075831700393,0.23649708868998742,0.24353081765749693,0.24232474355308228,0.23154535345808633
610,0.6600370003021865,0.6974075831700355,0.23649708868892083,0.2435308176563986,0.24232474355653705,0.23154535345704208
611,0.6600370003055318,0.6974075831714525,0.23649708868792785,0.2435308176553761,0.24232474355638925,0.2315453534594002
612,0.6600370003051669,0.6974075831701269,0.236497088690912,0.24353081765833276,0.24232474355544212,0.2315453534584952
613,0.6600370003060798,0.6974075831714694,0.23649708869005165,0.24353081765744683,0.24232474355456163,0.2315453534576545
614,0.6600370003072358,0.6974075831723587,0.23649708868925096,0.24353081765662232,0.24232474355624772,0.231545353457763
615,0.6600370003076289,0.6974075831730401,0.23649708868850589,0.24353081765585508,0.24232474355773354,0.23154535345835128
616,0.6600370003082162,0.6974075831731098,0.23649708868781263,0.2435308176551412,0.24232474355944292,0.23154535345870228
617,0.6600370003082109,0.6974075831734495,0.2364970886871677,0.2435308176544771,0.24232474355942507,0.23154535345868588
618,0.6600370003096603,0.6974075831747198,0.2364970886865678,0.24353081765385934,0.24232474355882427,0.23154535345810767
619,0.6600370003110472,0.697407583175438,0.2364970886878562,0.2435308176537977,0.2423247435619616,0.23154535345859276
620,0.6600370003119038,0.6974075831764057,0.23649708868733732,0.24353081765326337,0.24232474356148592,0.23154535345814023
621,0.6600370003125408,0.6974075831769623,0.23649708868685484,0.24353081765276655,0.242324743561886,0.23154535345927124
622,0.6600370003132692,0.697407583177798,0.23649708868640626,0.2435308176523046,0.2423247435622985,0.23154535345997426
623,0.6600370003139041,0.6974075831782955,0.23649708868598923,0.24353081765187518,0.24232474356190026,0.23154535345958155
624,0.6600370003138895,0.6974075831784929,0.23649708868560157,0.243530817651476,0.242324743561785,0.23154535345947327
625,0.6600370003142871,0.6974075831790272,0.2364970886852413,0.243530817651105,0.2423247435614159,0.2315453534591206
626,0.6600370003148451,0.6974075831796492,0.23649708868490651,0.24353081765076026,0.24232474356194414,0.23154535345939314
627,0.6600370003148228,0.6974075831798743,0.23649708868524605,0.2435308176511047,0.2423247435616254,0.23154535345908858
628,0.6600370003148123,0.6974075831800737,0.23649708868495703,0.24353081765080709,0.24232474356139289,0.23154535345886895
629,0.6600370003149203,0.6974075831803002,0.23649708868468852,0.2435308176505306,0.242324743561184,0.2315453534586696
630,0.6600370003146799,0.6974075831802728,0.23649708868443914,0.24353081765027382,0.24232474356092848,0.2315453534585178
631,0.660037000314519,0.6974075831803714,0.23649708868420752,0.24353081765003531,0.2423247435607043,0.23154535345831423
632,0.6600370003143576,0.6974075831801654,0.23649708868399244,0.24353081764981385,0.24232474356048392,0.23154535345810368
633,0.6600370003144449,0.6974075831803368,0.23649708868379277,0.24353081764960824,0.2423247435603324,0.23154535345796173
634,0.6600370003146547,0.6974075831805244,0.23649708868360736,0.24353081764941734,0.24232474356014425,0.23154535345778116
635,0.6600370003150722,0.6974075831808895,0.23649708868343527,0.24353081764924014,0.24232474355996794,0.2315453534576127
636,0.66003700031498,0.697407583180942,0.23649708868327557,0.24353081764907566,0.2423247435598043,0.23154535345745866
637,0.660037000315103,0.6974075831811452,0.23649708868312733,0.243530817648923,0.2423247435596638,0.23154535345733418
638,0.6600370003153297,0.6974075831814054,0.23649708868298977,0.24353081764878137,0.24232474356003722,0.23154535345786126
639,0.6600370003152816,0.6974075831814674,0.23649708868286215,0.24353081764864995,0.24232474355990644,0.23154535345773705
640,0.6600370003155328,0.6974075831814674,0.23649708868274377,0.24353081764852805,0.24232474355978534,0.23154535345762114
641,0.6600370003155394,0.6974075831814669,0.23649708868263394,0.24353081764841494,0.24232474355967543,0.23154535345751362
642,0.66003700031559,0.6974075831815583,0.2364970886825321,0.24353081764831006,0.24232474355959807,0.23154535345743982
643,0.660037000315671,0.6974075831816842,0.23649708868263164,0.2435308176484182,0.2423247435595696,0.23154535345745753
644,0.6600370003156293,0.6974075831815315,0.23649708868254404,0.24353081764832799,0.24232474355947983,0.23154535345737176
645,0.6600370003158245,0.6974075831816979,0.23649708868246283,0.24353081764824436,0.24232474355962041,0.23154535345741267
646,0.6600370003159635,0.697407583181695,0.23649708868270586,0.24353081764848514,0.24232474355955613,0.23154535345733898
647,0.6600370003160231,0.6974075831817922,0.23649708868263608,0.24353081764841328,0.24232474355948808,0.23154535345727686
648,0.6600370003160471,0.6974075831818501,0.2364970886825714,0.2435308176483467,0.24232474355947306,0.23154535345726202
649,0.6600370003160742,0.6974075831819023,0.23649708868251149,0.243530817648285,0.24232474355942557,0.2315453534572188
650,0.6600370003161489,0.6974075831819645,0.23649708868245595,0.24353081764822782,0.2423247435593693,0.23154535345716476
651,0.6600370003161691,0.6974075831820074,0.23649708868240452,0.24353081764817486,0.24232474355931807,0.23154535345711616
652,0.66003700031624,0.6974075831820873,0.23649708868235686,0.24353081764812579,0.2423247435592693,0.23154535345706956
653,0.6600370003162734,0.6974075831821416,0.23649708868231273,0.24353081764808032,0.2423247435592746,0.2315453534571028
654,0.6600370003162855,0.6974075831821251,0.23649708868227184,0.24353081764803822,0.24232474355945668,0.23154535345706279
655,0.6600370003162991,0.6974075831821551,0.23649708868223399,0.24353081764799922,0.2423247435594189,0.23154535345702673
656,0.660037000316326,0.6974075831821229,0.23649708868219893,0.24353081764796314,0.24232474355938496,0.23154535345699243
657,0.6600370003163076,0.697407583182134,0.23649708868216648,0.24353081764792972,0.2423247435593517,0.231545353456961
658,0.6600370003162969,0.697407583182149,0.23649708868213645,0.2435308176478988,0.24232474355932093,0.23154535345693178
659,0.6600370003163394,0.6974075831821823,0.23649708868210864,0.24353081764787016,0.2423247435592938,0.23154535345690533
660,0.6600370003163285,0.6974075831821941,0.2364970886820829,0.24353081764784365,0.24232474355926742,0.23154535345688018
661,0.6600370003163393,0.697407583182215,0.2364970886820591,0.24353081764781911,0.24232474355924777,0.23154535345686145
662,0.6600370003163477,0.6974075831822386,0.23649708868203706,0.24353081764779644,0.24232474355926237,0.2315453534568962
663,0.6600370003163477,0.6974075831822532,0.2364970886820167,0.24353081764777545,0.24232474355924497,0.23154535345687968
664,0.6600370003163769,0.6974075831822756,0.23649708868199784,0.24353081764775605,0.24232474355922567,0.23154535345686184
665,0.6600370003163831,0.6974075831822871,0.2364970886819804,0.2435308176477381,0.24232474355920847,0.2315453534568451
666,0.6600370003163669,0.6974075831822901,0.23649708868196428,0.2435308176477215,0.24232474355925357,0.23154535345689506
667,0.6600370003163667,0.6974075831822978,0.23649708868194938,0.24353081764770615,0.24232474355925313,0.23154535345689467
668,0.6600370003163755,0.6974075831823111,0.23649708868193559,0.24353081764769197,0.24232474355923903,0.23154535345688135
669,0.660037000316368,0.6974075831823163,0.23649708868192285,0.24353081764767887,0.2423247435592386,0.231545353456881
670,0.6600370003163558,0.6974075831823158,0.23649708868191108,0.24353081764766676,0.24232474355922656,0.23154535345686986
671,0.6600370003163634,0.6974075831823269,0.2364970886819002,0.24353081764765558,0.24232474355921552,0.23154535345685953
672,0.6600370003163591,0.6974075831823315,0.23649708868189015,0.24353081764764523,0.24232474355920522,0.2315453534568497
673,0.6600370003163427,0.6974075831823133,0.23649708868188085,0.24353081764763565,0.24232474355923497,0.2315453534568406
674,0.6600370003163486,0.6974075831823209,0.23649708868188357,0.24353081764765178,0.2423247435592262,0.23154535345683513
675,0.6600370003163453,0.6974075831823245,0.23649708868187563,0.24353081764764362,0.24232474355923522,0.23154535345684377
676,0.6600370003163425,0.6974075831823281,0.23649708868188354,0.24353081764765178,0.24232474355922773,0.23154535345683663
677,0.6600370003163473,0.6974075831823228,0.23649708868187677,0.2435308176476448,0.24232474355922093,0.2315453534568586
678,0.6600370003163448,0.6974075831823259,0.23649708868187053,0.24353081764763837,0.24232474355921452,0.2315453534568525
679,0.6600370003163426,0.6974075831823286,0.23649708868186475,0.24353081764763243,0.2423247435592086,0.23154535345684688
680,0.6600370003163409,0.6974075831823314,0.23649708868185942,0.24353081764762693,0.24232474355920314,0.23154535345684168
681,0.6600370003163432,0.6974075831823356,0.2364970886818545,0.24353081764762188,0.24232474355919856,0.2315453534568373
682,0.6600370003163413,0.6974075831823378,0.23649708868184996,0.2435308176476172,0.2423247435591939,0.2315453534568329
683,0.6600370003163484,0.6974075831823455,0.2364970886818458,0.2435308176476129,0.24232474355918962,0.2315453534568288
684,0.6600370003163517,0.697407583182349,0.23649708868184194,0.24353081764760892,0.2423247435591859,0.23154535345682511
685,0.6600370003163435,0.6974075831823464,0.23649708868183836,0.24353081764760526,0.2423247435591973,0.23154535345682162
686,0.6600370003163398,0.6974075831823459,0.23649708868183508,0.24353081764760187,0.24232474355919395,0.2315453534568189
687,0.6600370003163474,0.6974075831823499,0.23649708868183206,0.24353081764759876,0.2423247435591939,0.23154535345682573
688,0.6600370003163462,0.6974075831823511,0.23649708868182928,0.2435308176475959,0.24232474355919104,0.231545353456823
689,0.6600370003163447,0.6974075831823479,0.2364970886818267,0.24353081764759327,0.2423247435591884,0.23154535345682048
690,0.6600370003163433,0.697407583182349,0.2364970886818243,0.2435308176475908,0.2423247435591862,0.2315453534568184
691,0.6600370003163453,0.6974075831823523,0.23649708868182212,0.24353081764758855,0.24232474355918404,0.23154535345681634
692,0.6600370003163479,0.6974075831823545,0.2364970886818201,0.24353081764758647,0.242324743559182,0.23154535345681437
693,0.6600370003163505,0.6974075831823575,0.23649708868181823,0.24353081764758455,0.24232474355918007,0.23154535345681254
694,0.6600370003163522,0.6974075831823601,0.23649708868181654,0.2435308176475828,0.24232474355917882,0.2315453534568117
695,0.6600370003163516,0.6974075831823608,0.23649708868181496,0.2435308176475812,0.2423247435591772,0.23154535345681015
696,0.6600370003163535,0.6974075831823633,0.23649708868181712,0.24353081764758222,0.24232474355917574,0.23154535345680874
697,0.6600370003163548,0.6974075831823655,0.2364970886818158,0.24353081764758083,0.2423247435591773,0.2315453534568102
698,0.660037000316358,0.6974075831823672,0.23649708868181457,0.24353081764757956,0.24232474355917605,0.231545353456809
699,0.6600370003163577,0.6974075831823677,0.2364970886818158,0.24353081764758086,0.24232474355917488,0.2315453534568079
700,0.6600370003163588,0.6974075831823693,0.23649708868181474,0.24353081764757978,0.2423247435591738,0.23154535345680688
701,0.6600370003163594,0.6974075831823702,0.23649708868181377,0.24353081764757878,0.24232474355917286,0.23154535345680602
702,0.6600370003163603,0.6974075831823715,0.23649708868181288,0.24353081764757786,0.24232474355917197,0.2315453534568052
703,0.6600370003163606,0.6974075831823722,0.23649708868181207,0.24353081764757703,0.24232474355917122,0.23154535345680446
704,0.6600370003163603,0.6974075831823713,0.23649708868181132,0.24353081764757625,0.24232474355917044,0.23154535345680372
705,0.6600370003163607,0.6974075831823717,0.23649708868181063,0.24353081764757556,0.24232474355917022,0.2315453534568035
706,0.6600370003163605,0.6974075831823711,0.23649708868181,0.2435308176475776,0.24232474355916958,0.23154535345680288
707,0.6600370003163609,0.6974075831823717,0.2364970886818094,0.24353081764757703,0.24232474355917002,0.2315453534568029
708,0.6600370003163611,0.6974075831823721,0.23649708868181044,0.24353081764757945,0.24232474355916958,0.2315453534568025
709,0.660037000316362,0.6974075831823731,0.23649708868180994,0.24353081764757892,0.24232474355916908,0.231545353456802
710,0.6600370003163621,0.6974075831823732,0.2364970886818095,0.24353081764757845,0.24232474355916872,0.23154535345680163
711,0.6600370003163619,0.6974075831823734,0.23649708868180908,0.243530817647578,0.24232474355916828,0.23154535345680122
712,0.6600370003163623,0.6974075831823731,0.2364970886818087,0.24353081764757759,0.2423247435591679,0.23154535345680083
713,0.6600370003163627,0.6974075831823734,0.23649708868180833,0.2435308176475772,0.24232474355916753,0.23154535345680047
714,0.6600370003163627,0.6974075831823736,0.23649708868180802,0.24353081764757686,0.2423247435591672,0.23154535345680016
715,0.6600370003163624,0.6974075831823731,0.23649708868180774,0.24353081764757656,0.2423247435591669,0.23154535345679989
716,0.6600370003163621,0.6974075831823727,0.23649708868180747,0.24353081764757625,0.24232474355916658,0.2315453534567996
717,0.6600370003163623,0.697407583182373,0.23649708868180722,0.24353081764757598,0.24232474355916692,0.23154535345680016
718,0.6600370003163621,0.697407583182373,0.23649708868180794,0.2435308176475767,0.24232474355916667,0.23154535345679994
719,0.6600370003163627,0.6974075831823734,0.23649708868180772,0.24353081764757648,0.24232474355916644,0.23154535345679975
720,0.6600370003163629,0.6974075831823736,0.23649708868180752,0.24353081764757628,0.24232474355916658,0.23154535345680013
721,0.6600370003163633,0.697407583182374,0.23649708868180733,0.2435308176475761,0.2423247435591664,0.2315453534568
722,0.6600370003163636,0.6974075831823744,0.23649708868180716,0.24353081764757592,0.24232474355916622,0.23154535345679983
723,0.6600370003163637,0.6974075831823746,0.236497088681807,0.24353081764757575,0.24232474355916606,0.23154535345679966
724,0.6600370003163638,0.6974075831823747,0.23649708868180686,0.24353081764757561,0.24232474355916592,0.23154535345679952
725,0.6600370003163639,0.697407583182375,0.23649708868180672,0.24353081764757548,0.24232474355916594,0.23154535345679977
726,0.6600370003163641,0.697407583182375,0.2364970886818066,0.24353081764757536,0.24232474355916583,0.23154535345679966
727,0.6600370003163641,0.6974075831823751,0.2364970886818065,0.24353081764757525,0.24232474355916572,0.23154535345679955
728,0.6600370003163641,0.6974075831823752,0.23649708868180638,0.24353081764757514,0.2423247435591656,0.23154535345679944
729,0.6600370003163639,0.697407583182375,0.2364970886818063,0.24353081764757506,0.24232474355916553,0.23154535345679975
730,0.660037000316364,0.697407583182375,0.23649708868180622,0.24353081764757498,0.24232474355916545,0.2315453534567997
731,0.6600370003163639,0.6974075831823748,0.23649708868180613,0.2435308176475749,0.24232474355916536,0.2315453534567996
732,0.6600370003163639,0.6974075831823747,0.2364970886818062,0.24353081764757495,0.24232474355916528,0.23154535345679952
733,0.6600370003163639,0.697407583182375,0.23649708868180613,0.2435308176475749,0.24232474355916522,0.23154535345679947
734,0.6600370003163638,0.697407583182375,0.23649708868180608,0.24353081764757484,0.24232474355916517,0.2315453534567994
735,0.6600370003163638,0.6974075831823751,0.23649708868180602,0.24353081764757478,0.24232474355916517,0.2315453534567994
736,0.6600370003163638,0.6974075831823751,0.23649708868180597,0.24353081764757473,0.2423247435591651,0.23154535345679936
737,0.6600370003163638,0.6974075831823753,0.23649708868180602,0.24353081764757475,0.24232474355916517,0.2315453534567994
738,0.6600370003163638,0.6974075831823753,0.23649708868180613,0.24353081764757487,0.2423247435591651,0.23154535345679936
739,0.6600370003163639,0.6974075831823752,0.2364970886818061,0.24353081764757484,0.24232474355916508,0.23154535345679933
740,0.6600370003163639,0.6974075831823752,0.23649708868180608,0.24353081764757495,0.24232474355916506,0.2315453534567993
741,0.660037000316364,0.6974075831823752,0.23649708868180608,0.24353081764757503,0.24232474355916503,0.23154535345679927
742,0.6600370003163641,0.6974075831823752,0.23649708868180613,0.24353081764757506,0.242324743559165,0.23154535345679925
743,0.6600370003163643,0.6974075831823752,0.2364970886818061,0.24353081764757503,0.24232474355916497,0.23154535345679922
744,0.6600370003163644,0.6974075831823752,0.23649708868180608,0.243530817647575,0.24232474355916497,0.2315453534567992
745,0.6600370003163645,0.6974075831823752,0.23649708868180605,0.24353081764757498,0.24232474355916495,0.23154535345679916
746,0.6600370003163645,0.6974075831823752,0.23649708868180602,0.24353081764757495,0.24232474355916492,0.23154535345679914
747,0.6600370003163645,0.6974075831823751,0.236497088681806,0.24353081764757492,0.2423247435591649,0.2315453534567991
748,0.6600370003163646,0.6974075831823751,0.23649708868180597,0.2435308176475749,0.24232474355916486,0.23154535345679908
749,0.6600370003163646,0.697407583182375,0.23649708868180594,0.24353081764757487,0.24232474355916483,0.23154535345679905
750,0.6600370003163647,0.697407583182375,0.2364970886818059,0.24353081764757484,0.2423247435591648,0.23154535345679902
751,0.6600370003163647,0.697407583182375,0.23649708868180588,0.2435308176475748,0.24232474355916478,0.231545353456799
752,0.6600370003163647,0.697407583182375,0.23649708868180588,0.2435308176475748,0.24232474355916478,0.231545353456799
753,0.6600370003163647,0.697407583182375,0.23649708868180588,0.2435308176475748,0.24232474355916478,0.231545353456799
754,0.6600370003163647,0.697407583182375,0.2364970886818059,0.24353081764757484,0.2423247435591648,0.23154535345679902
755,0.6600370003163648,0.697407583182375,0.2364970886818059,0.24353081764757484,0.2423247435591648,0.23154535345679902
756,0.6600370003163648,0.697407583182375,0.2364970886818059,0.24353081764757484,0.2423247435591648,0.23154535345679905
757,0.6600370003163648,0.697407583182375,0.2364970886818059,0.24353081764757484,0.2423247435591648,0.23154535345679905
758,0.6600370003163648,0.697407583182375,0.23649708868180594,0.24353081764757487,0.2423247435591648,0.23154535345679905
759,0.6600370003163648,0.697407583182375,0.23649708868180594,0.24353081764757487,0.2423247435591648,0.23154535345679905
760,0.6600370003163648,0.697407583182375,0.23649708868180594,0.24353081764757487,0.2423247435591648,0.23154535345679905
761,0.6600370003163648,0.697407583182375,0.23649708868180594,0.24353081764757487,0.24232474355916483,0.23154535345679905
762,0.6600370003163648,0.697407583182375,0.23649708868180594,0.24353081764757487,0.24232474355916483,0.23154535345679905
763,0.6600370003163648,0.697407583182375,0.23649708868180594,0.24353081764757487,0.24232474355916483,0.23154535345679905
764,0.6600370003163648,0.697407583182375,0.23649708868180594,0.24353081764757487,0.24232474355916483,0.23154535345679905
765,0.6600370003163648,0.697407583182375,0.23649708868180594,0.24353081764757487,0.24232474355916483,0.23154535345679905
766,0.6600370003163648,0.697407583182375,0.23649708868180594,0.24353081764757487,0.24232474355916483,0.23154535345679905
767,0.6600370003163648,0.697407583182375,0.23649708868180594,0.24353081764757487,0.24232474355916483,0.23154535345679905
768,0.6600370003163648,0.697407583182375,0.23649708868180594,0.24353081764757487,0.24232474355916483,0.23154535345679905
769,0.6600370003163648,0.697407583182375,0.23649708868180594,0.24353081764757487,0.24232474355916483,0.23154535345679905
770,0.6600370003163648,0.697407583182375,0.23649708868180594,0.24353081764757487,0.24232474355916483,0.23154535345679905
771,0.6600370003163648,0.697407583182375,0.23649708868180594,0.24353081764757487,0.24232474355916483,0.23154535345679905
772,0.6600370003163648,0.697407583182375,0.23649708868180594,0.24353081764757487,0.24232474355916483,0.23154535345679905
773,0.6600370003163648,0.697407583182375,0.23649708868180594,0.24353081764757487,0.24232474355916483,0.23154535345679905
774,0.6600370003163648,0.697407583182375,0.23649708868180594,0.24353081764757487,0.24232474355916483,0.23154535345679905
775,0.6600370003163648,0.697407583182375,0.23649708868180594,0.24353081764757487,0.24232474355916483,0.23154535345679905
776,0.6600370003163648,0.697407583182375,0.23649708868180594,0.24353081764757487,0.24232474355916483,0.23154535345679905
777,0.6600370003163648,0.697407583182375,0.23649708868180594,0.24353081764757487,0.24232474355916483,0.23154535345679905
778,0.6600370003163648,0.697407583182375,0.23649708868180594,0.24353081764757487,0.24232474355916483,0.23154535345679905
779,0.6600370003163648,0.697407583182375,0.23649708868180594,0.24353081764757487,0.24232474355916483,0.23154535345679905
780,0.6600370003163648,0.697407583182375,0.23649708868180594,0.24353081764757487,0.24232474355916483,0.23154535345679905
781,0.6600370003163648,0.697407583182375,0.23649708868180594,0.24353081764757487,0.24232474355916483,0.23154535345679905
782,0.6600370003163648,0.697407583182375,0.23649708868180594,0.24353081764757487,0.24232474355916483,0.23154535345679905
783,0.6600370003163648,0.697407583182375,0.23649708868180594,0.24353081764757487,0.24232474355916483,0.23154535345679905
784,0.6600370003163648,0.697407583182375,0.23649708868180594,0.24353081764757487,0.24232474355916483,0.23154535345679905
785,0.6600370003163648,0.697407583182375,0.23649708868180594,0.24353081764757487,0.24232474355916483,0.23154535345679905
786,0.6600370003163648,0.697407583182375,0.23649708868180594,0.24353081764757487,0.24232474355916483,0.23154535345679905
787,0.6600370003163648,0.697407583182375,0.23649708868180594,0.24353081764757487,0.24232474355916483,0.23154535345679905
788,0.6600370003163648,0.697407583182375,0.23649708868180594,0.24353081764757487,0.24232474355916483,0.23154535345679905
789,0.6600370003163648,0.697407583182375,0.23649708868180594,0.24353081764757487,0.24232474355916483,0.23154535345679905
790,0.6600370003163648,0.697407583182375,0.23649708868180594,0.24353081764757487,0.24232474355916483,0.23154535345679905
791,0.6600370003163648,0.697407583182375,0.23649708868180594,0.24353081764757487,0.24232474355916483,0.23154535345679905
792,0.6600370003163648,0.697407583182375,0.23649708868180594,0.24353081764757487,0.24232474355916483,0.23154535345679905
793,0.6600370003163648,0.697407583182375,0.23649708868180594,0.24353081764757487,0.24232474355916483,0.23154535345679905
794,0.6600370003163648,0.697407583182375,0.23649708868180594,0.24353081764757487,0.24232474355916483,0.23154535345679905
795,0.6600370003163648,0.697407583182375,0.23649708868180594,0.24353081764757487,0.24232474355916483,0.23154535345679905
796,0.6600370003163648,0.697407583182375,0.23649708868180594,0.24353081764757487,0.24232474355916483,0.23154535345679905
797,0.6600370003163648,0.697407583182375,0.23649708868180594,0.24353081764757487,0.24232474355916483,0.23154535345679905
798,0.6600370003163648,0.697407583182375,0.23649708868180594,0.24353081764757487,0.24232474355916483,0.23154535345679905
799,0.6600370003163648,0.697407583182375,0.23649708868180594,0.24353081764757487,0.24232474355916483,0.23154535345679905
800,0.6600370003163648,0.697407583182375,0.23649708868180594,0.24353081764757487,0.24232474355916483,0.23154535345679905
801,0.6600370003163648,0.697407583182375,0.23649708868180594,0.24353081764757487,0.24232474355916483,0.23154535345679905
802,0.6600370003163648,0.697407583182375,0.23649708868180594,0.24353081764757487,0.24232474355916483,0.23154535345679905
803,0.6600370003163648,0.697407583182375,0.23649708868180594,0.24353081764757487,0.24232474355916483,0.23154535345679905
804,0.6600370003163648,0.697407583182375,0.23649708868180594,0.24353081764757487,0.24232474355916483,0.23154535345679905
805,0.6600370003163648,0.697407583182375,0.23649708868180594,0.24353081764757487,0.24232474355916483,0.23154535345679905
806,0.6600370003163648,0.697407583182375,0.23649708868180594,0.24353081764757487,0.24232474355916483,0.23154535345679905
807,0.6600370003163648,0.697407583182375,0.23649708868180594,0.24353081764757487,0.24232474355916483,0.23154535345679905
808,0.6600370003163648,0.697407583182375,0.23649708868180594,0.24353081764757487,0.24232474355916483,0.23154535345679905
809,0.6600370003163648,0.697407583182375,0.23649708868180594,0.24353081764757487,0.24232474355916483,0.23154535345679905
810,0.6600370003163648,0.697407583182375,0.23649708868180594,0.24353081764757487,0.24232474355916483,0.23154535345679905
811,0.6600370003163648,0.697407583182375,0.23649708868180594,0.24353081764757487,0.24232474355916483,0.23154535345679905
812,0.6600370003163648,0.697407583182375,0.23649708868180594,0.24353081764757487,0.24232474355916483,0.23154535345679905
813,0.6600370003163648,0.697407583182375,0.23649708868180594,0.24353081764757487,0.24232474355916483,0.23154535345679905
814,0.6600370003163648,0.697407583182375,0.23649708868180594,0.24353081764757487,0.24232474355916483,0.23154535345679905
815,0.6600370003163648,0.697407583182375,0.23649708868180594,0.24353081764757487,0.24232474355916483,0.23154535345679905
816,0.6600370003163648,0.697407583182375,0.23649708868180594,0.24353081764757487,0.24232474355916483,0.23154535345679905
817,0.6600370003163648,0.697407583182375,0.23649708868180594,0.24353081764757487,0.24232474355916483,0.23154535345679905
818,0.6600370003163648,0.697407583182375,0.23649708868180594,0.24353081764757487,0.24232474355916483,0.23154535345679905
819,0.6600370003163648,0.697407583182375,0.23649708868180594,0.24353081764757487,0.24232474355916483,0.23154535345679905
820,0.6600370003163648,0.697407583182375,0.23649708868180594,0.24353081764757487,0.24232474355916483,0.23154535345679905
821,0.6600370003163648,0.697407583182375,0.23649708868180594,0.24353081764757487,0.24232474355916483,0.23154535345679905
822,0.6600370003163648,0.697407583182375,0.23649708868180594,0.24353081764757487,0.24232474355916483,0.23154535345679905
823,0.6600370003163648,0.697407583182375,0.23649708868180594,0.24353081764757487,0.24232474355916483,0.23154535345679905
824,0.6600370003163648,0.697407583182375,0.23649708868180594,0.24353081764757487,0.24232474355916483,0.23154535345679905
825,0.6600370003163648,0.697407583182375,0.23649708868180594,0.24353081764757487,0.24232474355916483,0.23154535345679905
826,0.6600370003163648,0.697407583182375,0.23649708868180594,0.24353081764757487,0.24232474355916483,0.23154535345679905
827,0.6600370003163648,0.697407583182375,0.23649708868180594,0.24353081764757487,0.24232474355916483,0.23154535345679905
828,0.6600370003163648,0.697407583182375,0.23649708868180594,0.24353081764757487,0.24232474355916483,0.23154535345679905
829,0.6600370003163648,0.697407583182375,0.23649708868180594,0.24353081764757487,0.24232474355916483,0.23154535345679905
830,0.6600370003163648,0.697407583182375,0.23649708868180594,0.24353081764757487,0.24232474355916483,0.23154535345679905
831,0.6600370003163648,0.697407583182375,0.23649708868180594,0.24353081764757487,0.24232474355916483,0.23154535345679905
832,0.6600370003163648,0.697407583182375,0.23649708868180594,0.24353081764757487,0.24232474355916483,0.23154535345679905
833,0.6600370003163648,0.697407583182375,0.23649708868180594,0.24353081764757487,0.24232474355916483,0.23154535345679905
834,0.6600370003163648,0.697407583182375,0.23649708868180594,0.24353081764757487,0.24232474355916483,0.23154535345679905
835,0.6600370003163648,0.697407583182375,0.23649708868180594,0.24353081764757487,0.24232474355916483,0.23154535345679905
836,0.6600370003163648,0.697407583182375,0.23649708868180594,0.24353081764757487,0.24232474355916483,0.23154535345679905
837,0.6600370003163648,0.697407583182375,0.23649708868180594,0.24353081764757487,0.24232474355916483,0.23154535345679905
838,0.6600370003163648,0.697407583182375,0.23649708868180594,0.24353081764757487,0.24232474355916483,0.23154535345679905
839,0.6600370003163648,0.697407583182375,0.23649708868180594,0.24353081764757487,0.24232474355916483,0.23154535345679905
840,0.6600370003163648,0.697407583182375,0.23649708868180594,0.24353081764757487,0.24232474355916483,0.23154535345679905
841,0.6600370003163648,0.697407583182375,0.23649708868180594,0.24353081764757487,0.24232474355916483,0.23154535345679905
842,0.6600370003163648,0.697407583182375,0.23649708868180594,0.24353081764757487,0.24232474355916483,0.23154535345679905
843,0.6600370003163648,0.697407583182375,0.23649708868180594,0.24353081764757487,0.24232474355916483,0.23154535345679905
844,0.6600370003163648,0.697407583182375,0.23649708868180594,0.24353081764757487,0.24232474355916483,0.23154535345679905
845,0.6600370003163648,0.697407583182375,0.23649708868180594,0.24353081764757487,0.24232474355916483,0.23154535345679905
846,0.6600370003163648,0.697407583182375,0.23649708868180594,0.24353081764757487,0.24232474355916483,0.23154535345679905
847,0.6600370003163648,0.697407583182375,0.23649708868180594,0.24353081764757487,0.24232474355916483,0.23154535345679905
848,0.6600370003163648,0.697407583182375,0.23649708868180594,0.24353081764757487,0.24232474355916483,0.23154535345679905
849,0.6600370003163648,0.697407583182375,0.23649708868180594,0.24353081764757487,0.24232474355916483,0.23154535345679905
850,0.6600370003163648,0.697407583182375,0.23649708868180594,0.24353081764757487,0.24232474355916483,0.23154535345679905
851,0.6600370003163648,0.697407583182375,0.23649708868180594,0.24353081764757487,0.24232474355916483,0.23154535345679905
852,0.6600370003163648,0.697407583182375,0.23649708868180594,0.24353081764757487,0.24232474355916483,0.23154535345679905
853,0.6600370003163648,0.697407583182375,0.23649708868180594,0.24353081764757487,0.24232474355916483,0.23154535345679905
854,0.6600370003163648,0.697407583182375,0.23649708868180594,0.24353081764757487,0.24232474355916483,0.23154535345679905
855,0.6600370003163648,0.697407583182375,0.23649708868180594,0.24353081764757487,0.24232474355916483,0.23154535345679905
856,0.6600370003163648,0.697407583182375,0.23649708868180594,0.24353081764757487,0.24232474355916483,0.23154535345679905
857,0.6600370003163648,0.697407583182375,0.23649708868180594,0.24353081764757487,0.24232474355916483,0.23154535345679905
858,0.6600370003163648,0.697407583182375,0.23649708868180594,0.24353081764757487,0.24232474355916483,0.23154535345679905
859,0.6600370003163648,0.697407583182375,0.23649708868180594,0.24353081764757487,0.24232474355916483,0.23154535345679905
860,0.6600370003163648,0.697407583182375,0.23649708868180594,0.24353081764757487,0.24232474355916483,0.23154535345679905
861,0.6600370003163648,0.697407583182375,0.23649708868180594,0.24353081764757487,0.24232474355916483,0.23154535345679905
862,0.6600370003163648,0.697407583182375,0.23649708868180594,0.24353081764757487,0.24232474355916483,0.23154535345679905
863,0.6600370003163648,0.697407583182375,0.23649708868180594,0.24353081764757487,0.24232474355916483,0.23154535345679905
864,0.6600370003163648,0.697407583182375,0.23649708868180594,0.24353081764757487,0.24232474355916483,0.23154535345679905
865,0.6600370003163648,0.697407583182375,0.23649708868180594,0.24353081764757487,0.24232474355916483,0.23154535345679905
866,0.6600370003163648,0.697407583182375,0.23649708868180594,0.24353081764757487,0.24232474355916483,0.23154535345679905
867,0.6600370003163648,0.697407583182375,0.23649708868180594,0.24353081764757487,0.24232474355916483,0.23154535345679905
868,0.6600370003163648,0.697407583182375,0.23649708868180594,0.24353081764757487,0.24232474355916483,0.23154535345679905
869,0.6600370003163648,0.697407583182375,0.23649708868180594,0.24353081764757487,0.24232474355916483,0.23154535345679905
870,0.6600370003163648,0.697407583182375,0.23649708868180594,0.24353081764757487,0.24232474355916483,0.23154535345679905
871,0.6600370003163648,0.697407583182375,0.23649708868180594,0.24353081764757487,0.24232474355916483,0.23154535345679905
872,0.6600370003163648,0.697407583182375,0.23649708868180594,0.24353081764757487,0.24232474355916483,0.23154535345679905
873,0.6600370003163648,0.697407583182375,0.23649708868180594,0.24353081764757487,0.24232474355916483,0.23154535345679905
874,0.6600370003163648,0.697407583182375,0.23649708868180594,0.24353081764757487,0.24232474355916483,0.23154535345679905
875,0.6600370003163648,0.697407583182375,0.23649708868180594,0.24353081764757487,0.24232474355916483,0.23154535345679905
876,0.6600370003163648,0.697407583182375,0.23649708868180594,0.24353081764757487,0.24232474355916483,0.23154535345679905
877,0.6600370003163648,0.697407583182375,0.23649708868180594,0.24353081764757487,0.24232474355916483,0.23154535345679905
878,0.6600370003163648,0.697407583182375,0.23649708868180594,0.24353081764757487,0.24232474355916483,0.23154535345679905
879,0.6600370003163648,0.697407583182375,0.23649708868180594,0.24353081764757487,0.24232474355916483,0.23154535345679905
880,0.6600370003163648,0.697407583182375,0.23649708868180594,0.24353081764757487,0.24232474355916483,0.23154535345679905
881,0.6600370003163648,0.697407583182375,0.23649708868180594,0.24353081764757487,0.24232474355916483,0.23154535345679905
882,0.6600370003163648,0.697407583182375,0.23649708868180594,0.24353081764757487,0.24232474355916483,0.23154535345679905
883,0.6600370003163648,0.697407583182375,0.23649708868180594,0.24353081764757487,0.24232474355916483,0.23154535345679905
884,0.6600370003163648,0.697407583182375,0.23649708868180594,0.24353081764757487,0.24232474355916483,0.23154535345679905
885,0.6600370003163648,0.697407583182375,0.23649708868180594,0.24353081764757487,0.24232474355916483,0.23154535345679905
886,0.6600370003163648,0.697407583182375,0.23649708868180594,0.24353081764757487,0.24232474355916483,0.23154535345679905
887,0.6600370003163648,0.697407583182375,0.23649708868180594,0.24353081764757487,0.24232474355916483,0.23154535345679905
888,0.6600370003163648,0.697407583182375,0.23649708868180594,0.24353081764757487,0.24232474355916483,0.23154535345679905
889,0.6600370003163648,0.697407583182375,0.23649708868180594,0.24353081764757487,0.24232474355916483,0.23154535345679905
890,0.6600370003163648,0.697407583182375,0.23649708868180594,0.24353081764757487,0.24232474355916483,0.23154535345679905
891,0.6600370003163648,0.697407583182375,0.23649708868180594,0.24353081764757487,0.24232474355916483,0.23154535345679905
892,0.6600370003163648,0.697407583182375,0.23649708868180594,0.24353081764757487,0.24232474355916483,0.23154535345679905
893,0.6600370003163648,0.697407583182375,0.23649708868180594,0.24353081764757487,0.24232474355916483,0.23154535345679905
894,0.6600370003163648,0.697407583182375,0.23649708868180594,0.24353081764757487,0.24232474355916483,0.23154535345679905
895,0.6600370003163648,0.697407583182375,0.23649708868180594,0.24353081764757487,0.24232474355916483,0.23154535345679905
896,0.6600370003163648,0.697407583182375,0.23649708868180594,0.24353081764757487,0.24232474355916483,0.23154535345679905
897,0.6600370003163648,0.697407583182375,0.23649708868180594,0.24353081764757487,0.24232474355916483,0.23154535345679905
898,0.6600370003163648,0.697407583182375,0.23649708868180594,0.24353081764757487,0.24232474355916483,0.23154535345679905
899,0.6600370003163648,0.697407583182375,0.23649708868180594,0.24353081764757487,0.24232474355916483,0.23154535345679905
900,0.6600370003163648,0.697407583182375,0.23649708868180594,0.24353081764757487,0.24232474355916483,0.23154535345679905
901,0.6600370003163648,0.697407583182375,0.23649708868180594,0.24353081764757487,0.24232474355916483,0.23154535345679905
902,0.6600370003163648,0.697407583182375,0.23649708868180594,0.24353081764757487,0.24232474355916483,0.23154535345679905
903,0.6600370003163648,0.697407583182375,0.23649708868180594,0.24353081764757487,0.24232474355916483,0.23154535345679905
904,0.6600370003163648,0.697407583182375,0.23649708868180594,0.24353081764757487,0.24232474355916483,0.23154535345679905
905,0.6600370003163648,0.697407583182375,0.23649708868180594,0.24353081764757487,0.24232474355916483,0.23154535345679905
906,0.6600370003163648,0.697407583182375,0.23649708868180594,0.24353081764757487,0.24232474355916483,0.23154535345679905
907,0.6600370003163648,0.697407583182375,0.23649708868180594,0.24353081764757487,0.24232474355916483,0.23154535345679905
908,0.6600370003163648,0.697407583182375,0.23649708868180594,0.24353081764757487,0.24232474355916483,0.23154535345679905
909,0.6600370003163648,0.697407583182375,0.23649708868180594,0.24353081764757487,0.24232474355916483,0.23154535345679905
910,0.6600370003163648,0.697407583182375,0.23649708868180594,0.24353081764757487,0.24232474355916483,0.23154535345679905
911,0.6600370003163648,0.697407583182375,0.23649708868180594,0.24353081764757487,0.24232474355916483,0.23154535345679905
912,0.6600370003163648,0.697407583182375,0.23649708868180594,0.24353081764757487,0.24232474355916483,0.23154535345679905
913,0.6600370003163648,0.697407583182375,0.23649708868180594,0.24353081764757487,0.24232474355916483,0.23154535345679905
914,0.6600370003163648,0.697407583182375,0.23649708868180594,0.24353081764757487,0.24232474355916483,0.23154535345679905
915,0.6600370003163648,0.697407583182375,0.23649708868180594,0.24353081764757487,0.24232474355916483,0.23154535345679905
916,0.6600370003163648,0.697407583182375,0.23649708868180594,0.24353081764757487,0.24232474355916483,0.23154535345679905
917,0.6600370003163648,0.697407583182375,0.23649708868180594,0.24353081764757487,0.24232474355916483,0.23154535345679905
918,0.6600370003163648,0.697407583182375,0.23649708868180594,0.24353081764757487,0.24232474355916483,0.23154535345679905
919,0.6600370003163648,0.697407583182375,0.23649708868180594,0.24353081764757487,0.24232474355916483,0.23154535345679905
920,0.6600370003163648,0.697407583182375,0.23649708868180594,0.24353081764757487,0.24232474355916483,0.23154535345679905
921,0.6600370003163648,0.697407583182375,0.23649708868180594,0.24353081764757487,0.24232474355916483,0.23154535345679905
922,0.6600370003163648,0.697407583182375,0.23649708868180594,0.24353081764757487,0.24232474355916483,0.23154535345679905
923,0.6600370003163648,0.697407583182375,0.23649708868180594,0.24353081764757487,0.24232474355916483,0.23154535345679905
924,0.6600370003163648,0.697407583182375,0.23649708868180594,0.24353081764757487,0.24232474355916483,0.23154535345679905
925,0.6600370003163648,0.697407583182375,0.23649708868180594,0.24353081764757487,0.24232474355916483,0.23154535345679905
926,0.6600370003163648,0.697407583182375,0.23649708868180594,0.24353081764757487,0.24232474355916483,0.23154535345679905
927,0.6600370003163648,0.697407583182375,0.23649708868180594,0.24353081764757487,0.24232474355916483,0.23154535345679905
928,0.6600370003163648,0.697407583182375,0.23649708868180594,0.24353081764757487,0.24232474355916483,0.23154535345679905
929,0.6600370003163648,0.697407583182375,0.23649708868180594,0.24353081764757487,0.24232474355916483,0.23154535345679905
930,0.6600370003163648,0.697407583182375,0.23649708868180594,0.24353081764757487,0.24232474355916483,0.23154535345679905
931,0.6600370003163648,0.697407583182375,0.23649708868180594,0.24353081764757487,0.24232474355916483,0.23154535345679905
932,0.6600370003163648,0.697407583182375,0.23649708868180594,0.24353081764757487,0.24232474355916483,0.23154535345679905
933,0.6600370003163648,0.697407583182375,0.23649708868180594,0.24353081764757487,0.24232474355916483,0.23154535345679905
934,0.6600370003163648,0.697407583182375,0.23649708868180594,0.24353081764757487,0.24232474355916483,0.23154535345679905
935,0.6600370003163648,0.697407583182375,0.23649708868180594,0.24353081764757487,0.24232474355916483,0.23154535345679905
936,0.6600370003163648,0.697407583182375,0.23649708868180594,0.24353081764757487,0.24232474355916483,0.23154535345679905
937,0.6600370003163648,0.697407583182375,0.23649708868180594,0.24353081764757487,0.24232474355916483,0.23154535345679905
938,0.6600370003163648,0.697407583182375,0.23649708868180594,0.24353081764757487,0.24232474355916483,0.23154535345679905
939,0.6600370003163648,0.697407583182375,0.23649708868180594,0.24353081764757487,0.24232474355916483,0.23154535345679905
940,0.6600370003163648,0.697407583182375,0.23649708868180594,0.24353081764757487,0.24232474355916483,0.23154535345679905
941,0.6600370003163648,0.697407583182375,0.23649708868180594,0.24353081764757487,0.24232474355916483,0.23154535345679905
942,0.6600370003163648,0.697407583182375,0.23649708868180594,0.24353081764757487,0.24232474355916483,0.23154535345679905
943,0.6600370003163648,0.697407583182375,0.23649708868180594,0.24353081764757487,0.24232474355916483,0.23154535345679905
944,0.6600370003163648,0.697407583182375,0.23649708868180594,0.24353081764757487,0.24232474355916483,0.23154535345679905
945,0.6600370003163648,0.697407583182375,0.23649708868180594,0.24353081764757487,0.24232474355916483,0.23154535345679905
946,0.6600370003163648,0.697407583182375,0.23649708868180594,0.24353081764757487,0.24232474355916483,0.23154535345679905
947,0.6600370003163648,0.697407583182375,0.23649708868180594,0.24353081764757487,0.24232474355916483,0.23154535345679905
948,0.6600370003163648,0.697407583182375,0.23649708868180594,0.24353081764757487,0.24232474355916483,0.23154535345679905
949,0.6600370003163648,0.697407583182375,0.23649708868180594,0.24353081764757487,0.24232474355916483,0.23154535345679905
950,0.6600370003163648,0.697407583182375,0.23649708868180594,0.24353081764757487,0.24232474355916483,0.23154535345679905
951,0.6600370003163648,0.697407583182375,0.23649708868180594,0.24353081764757487,0.24232474355916483,0.23154535345679905
952,0.6600370003163648,0.697407583182375,0.23649708868180594,0.24353081764757487,0.24232474355916483,0.23154535345679905
953,0.6600370003163648,0.697407583182375,0.23649708868180594,0.24353081764757487,0.24232474355916483,0.23154535345679905
954,0.6600370003163648,0.697407583182375,0.23649708868180594,0.24353081764757487,0.24232474355916483,0.23154535345679905
955,0.6600370003163648,0.697407583182375,0.23649708868180594,0.24353081764757487,0.24232474355916483,0.23154535345679905
956,0.6600370003163648,0.697407583182375,0.23649708868180594,0.24353081764757487,0.24232474355916483,0.23154535345679905
957,0.6600370003163648,0.697407583182375,0.23649708868180594,0.24353081764757487,0.24232474355916483,0.23154535345679905
958,0.6600370003163648,0.697407583182375,0.23649708868180594,0.24353081764757487,0.24232474355916483,0.23154535345679905
959,0.6600370003163648,0.697407583182375,0.23649708868180594,0.24353081764757487,0.24232474355916483,0.23154535345679905
960,0.6600370003163648,0.697407583182375,0.23649708868180594,0.24353081764757487,0.24232474355916483,0.23154535345679905
961,0.6600370003163648,0.697407583182375,0.23649708868180594,0.24353081764757487,0.24232474355916483,0.23154535345679905
962,0.6600370003163648,0.697407583182375,0.23649708868180594,0.24353081764757487,0.24232474355916483,0.23154535345679905
963,0.6600370003163648,0.697407583182375,0.23649708868180594,0.24353081764757487,0.24232474355916483,0.23154535345679905
964,0.6600370003163648,0.697407583182375,0.23649708868180594,0.24353081764757487,0.24232474355916483,0.23154535345679905
965,0.6600370003163648,0.697407583182375,0.23649708868180594,0.24353081764757487,0.24232474355916483,0.23154535345679905
966,0.6600370003163648,0.697407583182375,0.23649708868180594,0.24353081764757487,0.24232474355916483,0.23154535345679905
967,0.6600370003163648,0.697407583182375,0.23649708868180594,0.24353081764757487,0.24232474355916483,0.23154535345679905
968,0.6600370003163648,0.697407583182375,0.23649708868180594,0.24353081764757487,0.24232474355916483,0.23154535345679905
969,0.6600370003163648,0.697407583182375,0.23649708868180594,0.24353081764757487,0.24232474355916483,0.23154535345679905
970,0.6600370003163648,0.697407583182375,0.23649708868180594,0.24353081764757487,0.24232474355916483,0.23154535345679905
971,0.6600370003163648,0.697407583182375,0.23649708868180594,0.24353081764757487,0.24232474355916483,0.23154535345679905
972,0.6600370003163648,0.697407583182375,0.23649708868180594,0.24353081764757487,0.24232474355916483,0.23154535345679905
973,0.6600370003163648,0.697407583182375,0.23649708868180594,0.24353081764757487,0.24232474355916483,0.23154535345679905
974,0.6600370003163648,0.697407583182375,0.23649708868180594,0.24353081764757487,0.24232474355916483,0.23154535345679905
975,0.6600370003163648,0.697407583182375,0.23649708868180594,0.24353081764757487,0.24232474355916483,0.23154535345679905
976,0.6600370003163648,0.697407583182375,0.23649708868180594,0.24353081764757487,0.24232474355916483,0.23154535345679905
