0,0.5,0.5,0.5,0.5,0.5,0.5
1,0.5190141659428693,0.5194423453056212,0.49921061513213405,0.500789384867866,0.5192083651180709,0.5207871348538028
2,0.5330597613640328,0.5319991215917681,0.5008684169136561,0.4991315830863439,0.5240146590342729,0.5255776464006491
3,0.5548627730139404,0.5558307843014291,0.4958631129583648,0.49414363574794434,0.5387461258048629,0.5403303455434384
4,0.5738964865354114,0.5733278888250439,0.49443784970176624,0.495668719135556,0.5433535392501296,0.5449219093095622
5,0.5804047904661558,0.5804229329350646,0.4994849450852786,0.5007035265828901,0.5588243255247491,0.5604772120162664
6,0.5931168691603464,0.5939533915994847,0.494501885227751,0.49570830967317586,0.5747480861485468,0.5732924414484553
7,0.6100191917263427,0.6100793837161009,0.4895724235318303,0.49076682168722385,0.5789872267527444,0.5775460927047283
8,0.629784329322127,0.6300448420255212,0.4892194277900278,0.49131563004550255,0.6030994671490932,0.6016726861730614
9,0.6408178505442977,0.6419575338442505,0.4843519474202857,0.4864272935470993,0.6181226100583601,0.6144606151464522
10,0.6456967966023545,0.6479063208343471,0.47953831773551614,0.4815930384725168,0.6318561070756659,0.6282305061279142
11,0.6570881230587784,0.6604046965178396,0.48470441499748446,0.48673874059775313,0.6528903307737647,0.6542448461213451
12,0.6678595442474545,0.6657121178540808,0.5013082510770119,0.4902431538475331,0.6848757774251114,0.668777850928274
13,0.6750030767441357,0.6703916272526823,0.5033738967552152,0.48826113312545855,0.6879949094792586,0.6720563194759019
14,0.682247895787148,0.6787558483610231,0.5033579567688193,0.4883597399235712,0.6960021467080423,0.6802558749020867
15,0.6866242048751658,0.6837567549019682,0.5082577382991221,0.4934074911775157,0.7130392073869963,0.6989700041561966
16,0.6957032345793668,0.6937315550198062,0.5131004459936118,0.49839644500865465,0.7263983419394399,0.7110975602558428
17,0.6979235911875878,0.6944128564363228,0.5080570665764802,0.4934975945166021,0.722817672404744,0.7103779850705919
18,0.7041999514041561,0.7015707296774804,0.5030733732648947,0.488656719695888,0.7308243622808457,0.7177405775212617
19,0.7093282526932763,0.7061356036993044,0.5040859756761875,0.48772506601310306,0.7491854205913683,0.7341440180543155
20,0.7221370444801137,0.7195727911869757,0.5042832545351842,0.48760776315387827,0.741868634896214,0.7269741315324524
21,0.7224330217784559,0.7204279358964877,0.5143600167654546,0.4970964998367287,0.7735024369272457,0.7589753090240046
22,0.7259916008606945,0.7239420212457016,0.5130139144810445,0.4983312547732645,0.7817698949659778,0.7649708871785506
23,0.7305269530178724,0.7291093393179615,0.517734745828477,0.5031944194691711,0.7935793914703771,0.7769432328586249
24,0.7330891290660784,0.7324312668318138,0.5173816049546928,0.50334522139689,0.8098981297092247,0.7937873791476524
25,0.7390810185763416,0.7385583949909322,0.5178235576130709,0.5027034496292515,0.8225912064509647,0.8041975642803219
26,0.7413149718388471,0.7417902720105997,0.5367321424047854,0.5124347506958655,0.8674074446182688,0.8398679845805479
27,0.7445393169081598,0.745557735782654,0.5362599290423725,0.5124357880216108,0.8686781052355363,0.8414025612765876
28,0.7478354062697088,0.7494089985798134,0.5311370352975702,0.5075404864133839,0.8753835949002486,0.847019677365752
29,0.7529972815589282,0.7547108427923982,0.5260796373635847,0.5027077708676435,0.8765701714480462,0.8484763303879824
30,0.7550089697315266,0.7565722203267679,0.5305769948669614,0.5074269201475304,0.8967208630520256,0.8688936238450395
31,0.7586885642572769,0.7606290193313846,0.5255595464753576,0.5026283924899393,0.9028103002139267,0.8744772630017208
32,0.7612470846966333,0.7617663740044982,0.5233013905525066,0.5046209464833766,0.9037260738659261,0.8756600057765667
33,0.7624923494108747,0.7631581918655499,0.5183888727296071,0.49988379225798724,0.9245347684564678,0.8944725449058212
34,0.7640313750011497,0.7656287483665667,0.5272182379746295,0.5095868171272229,0.9338915195640894,0.9055116406894476
35,0.7675601766917685,0.7694132551684818,0.527196530827338,0.5092656923789898,0.9482476885772886,0.9205958135685952
36,0.7730961515278173,0.7751680852651017,0.5223056911213609,0.5045411983363786,0.9487277984505176,0.9213324518526333
37,0.7761102631829113,0.777934808269671,0.523018834617829,0.5035800312917907,0.9455014642025644,0.9165207811873234
38,0.7775338601646039,0.7785623687608854,0.5246933125190281,0.5016608719497847,0.9692323756597175,0.9216561015114272
39,0.7809973003237377,0.7822102041606154,0.5239945345687286,0.5021182831939304,0.9777274906526114,0.9324774370954967
40,0.7798434270431944,0.781528882851841,0.5192170937908535,0.4975402958234673,0.9907658394324803,0.9433763080134115
41,0.7816988544146067,0.78368899346969,0.5281978151298096,0.5065580642605333,1.0090002099059892,0.9620407519394926
42,0.7827198472717188,0.7836989821062339,0.5252275687274099,0.5092143819384827,1.0052364016628934,0.9617327056749
43,0.7865849284013947,0.7876523611029207,0.5256580712299831,0.5084742915573222,1.0193301529892482,0.9749029676717498
44,0.7897764438517977,0.7902379133677128,0.5388448503944973,0.5218147655353211,1.0281014403368305,0.9840716197488092
45,0.7928548675663737,0.7935136701332581,0.5340497309394866,0.5171711948817307,1.0456491428709194,1.0020111386826425
46,0.7955240737185916,0.7960131639045638,0.5335035245102218,0.5172639515704712,1.0587690347199308,1.0150278085266216
47,0.7965682446921358,0.7971820749362234,0.5288054930314787,0.5127089257540476,1.0631797900362139,1.0188609486530926
48,0.7988095461295069,0.7996525294307274,0.5286076515694919,0.5125431659911905,1.0713848666993804,1.0274541889134174
49,0.798665230153079,0.7984397683223544,0.5299713145958062,0.519531210308512,1.0767310026960937,1.038667424524485
50,0.8014978175880061,0.8004512213668324,0.5312469349497076,0.5178268423134098,1.0757922585936657,1.0472707817393814
51,0.8045307078506213,0.8037459511605132,0.5312639031252694,0.5173872793471794,1.102118027018486,1.0715537718563652
52,0.8057592491888241,0.8050903933124826,0.5314519441200188,0.5167827343909913,1.114541021112622,1.0833270432194295
53,0.8065918313758716,0.8058253862074246,0.5422708384843458,0.522573289461146,1.123754646427982,1.0979594876559462
54,0.8061538372486596,0.8057078999252938,0.537684177870778,0.5181532355796331,1.1357242660595535,1.1076093786232108
55,0.8083930228224856,0.8078574354850776,0.5389854223167304,0.5163826277876096,1.1429892757608104,1.1151107190716516
56,0.8113492139211017,0.8107758217704271,0.5377567843353606,0.5171487810030041,1.1570332625516353,1.1239695974212671
57,0.8128422572497402,0.8117205817985288,0.5385527799411858,0.5158971056902915,1.1618106226588032,1.1334587712816577
58,0.8150821797985596,0.8140706456694141,0.5385852010211525,0.5154157364475214,1.1567041814584558,1.1278855056654093
59,0.8167519542917218,0.8158246459622684,0.5408042146505739,0.5209448478606638,1.1636118317216473,1.1350290179967304
60,0.8187128374854654,0.8172620172816712,0.546271420682683,0.5231104155183622,1.1654825990752966,1.138863907227393
61,0.820147027827848,0.8187097782895807,0.5499372120790793,0.526963330709321,1.1722248830461017,1.1458212505879497
62,0.821248464817018,0.8196245984379725,0.5535480144186167,0.5307584498749204,1.1771378731101707,1.1544023843035562
63,0.8234031105144308,0.821810033227937,0.5535536148781394,0.530081264026522,1.1872436302908087,1.1655535804180222
64,0.8230458053974389,0.8204928963033344,0.5543715091466669,0.5365105559403455,1.1909585321843277,1.1748657843864214
65,0.8233379090235982,0.8207572213940743,0.5533212047177364,0.5368473664034906,1.1960632359749668,1.1825906140015934
66,0.8255074921626653,0.8225466314266956,0.5490094760858913,0.5326640093571375,1.2037697240044412,1.1875184046247707
67,0.8278605080396533,0.8250829586665791,0.5489320568501812,0.5321097910780336,1.2105307329220867,1.1931986765570364
68,0.8297303213205229,0.8269950279473843,0.5477187043997896,0.5327011876047872,1.2135900889693447,1.1947154010826608
69,0.8313283013785185,0.8288537446000471,0.5469040420051766,0.5329034602320086,1.2077048798213743,1.1898764989445831
70,0.8314133002156191,0.829177757063043,0.5463222143295219,0.5328823493762088,1.2201117026974002,1.2000509016661505
71,0.8313963227377895,0.8292263100046624,0.5449827523425296,0.5336282096935122,1.2334536991986718,1.2135424208139716
72,0.8319121574923131,0.8298274298861921,0.5450234218860968,0.5330031615440196,1.2350600906349376,1.2160469539479473
73,0.8330646008069086,0.8308634462200343,0.5442593955341692,0.5331919191605273,1.2537169153584315,1.2383006048081011
74,0.8335506568216976,0.8313731584331955,0.5451085743436807,0.5390877899592535,1.2524256344878906,1.2382900748231007
75,0.8335961959516038,0.8292936238773214,0.5484063564724996,0.5424292203830822,1.253172724286259,1.2557356325860345
76,0.8353215389543522,0.830706119727896,0.5516522260212374,0.5457180511300109,1.251353022773384,1.253897509941406
77,0.8351702531689199,0.830858854975972,0.5521871437313082,0.5444893413213596,1.2593470476210573,1.2636793148378112
78,0.8361740137224556,0.8320554285600558,0.5517642973762619,0.5442293866562937,1.2576238705749445,1.2617084919050188
79,0.8370527024749699,0.833131282089569,0.5513825624059083,0.5439391715741193,1.255820518878191,1.2598765481074354
80,0.837332322726951,0.8328381308467971,0.5521117850835373,0.542548710685838,1.256640225455936,1.2693534243450335
81,0.8382013425787403,0.8338726241341395,0.5483167539254373,0.5388194128924062,1.2511009212668656,1.2644050778144558
82,0.8379257383525037,0.8340647879079981,0.544582594945551,0.5351499329161242,1.2698217085672276,1.2830352512268193
83,0.8374066876183335,0.8337515741849183,0.5409085147041662,0.5315394910603722,1.2819436862697227,1.300916363094808
84,0.8381406279470364,0.8344669125038509,0.5411675898233174,0.5307962597006894,1.2772505643065721,1.2950315324601311
85,0.8377072570466799,0.833406709759159,0.5391811496793874,0.5323063803851784,1.2786066953451574,1.3031257144885153
86,0.837890100647852,0.8337316406771946,0.5433741819965975,0.5341995608444212,1.275608027199704,1.3023112437090827
87,0.8405916709412841,0.8366051376516276,0.5463662891063416,0.5371945619553619,1.2738191632417164,1.3003490596121234
88,0.8420803918063237,0.8381681253197948,0.553018538048855,0.5428579576217477,1.2757965697440006,1.3011081829043873
89,0.8423363370261975,0.8386971021957317,0.5495002688880509,0.5394043294346417,1.2780459188639508,1.3015505490547574
90,0.8423368539332785,0.8383572390508516,0.5505176140436484,0.5378271088055376,1.2762949298738184,1.2996515392861177
91,0.8422413444482214,0.8385232077124348,0.5533192282170951,0.5407078226288352,1.2782509060459633,1.3007485780037815
92,0.8430002955082282,0.8394358443462028,0.5532126832585786,0.5402343682875035,1.289760817517884,1.3103409044785799
93,0.8448307528192786,0.8415454066944462,0.5533003429763089,0.5395763212867069,1.287992159430915,1.3084466285212957
94,0.8446103045165907,0.8414984353147417,0.5499588133854442,0.536317674754137,1.2921970225801556,1.312718257770654
95,0.8454215558509243,0.8424265552032669,0.5548185063735449,0.5369171926472109,1.2923531609231718,1.3149226264874847
96,0.8473990435558391,0.8435358198321087,0.5574495825539195,0.5396540677451441,1.2931548347466337,1.3223521203011968
97,0.8483944436334719,0.8446908328866143,0.5541909626143103,0.5364994730325803,1.3059076574549298,1.3352292324040496
98,0.8492397489380329,0.8451035305916713,0.5546446579072177,0.5355214872997772,1.3172353312838434,1.3433194807106046
99,0.8491533699096988,0.8452501219410555,0.5571906085739776,0.538176758871345,1.3097065783657291,1.3356430637363068
100,0.8503055659961086,0.8456600192262108,0.5540411891650922,0.5351348118181841,1.3108710018817258,1.342135557882133
101,0.8504470636828033,0.8463414059137984,0.5509451768559751,0.5321444493743326,1.3147219131499432,1.3458117526876296
102,0.8502590327423857,0.8462958754705404,0.5507490825598294,0.5318815656807638,1.3240312046163456,1.3549493072874825
103,0.8492014037484216,0.8454929534015034,0.5532019211073056,0.5344374178691689,1.3226150808962942,1.352658946244292
104,0.8496720142570309,0.846145760061681,0.5532216541475328,0.5339447900483839,1.3268838117844317,1.3555383376626422
105,0.850535167401508,0.8471497529359504,0.5556039378292882,0.5364298606248157,1.32514082227325,1.353642558272448
106,0.8517778179885231,0.8484106662339939,0.5526767331095033,0.533603674716218,1.3239918648477373,1.3512153388930892
107,0.8518703237502684,0.848635965899211,0.5547779161228977,0.5362584454580585,1.3300029671429392,1.357312639375202
108,0.8517129815621205,0.8481628537589618,0.5549906581889154,0.5355776159838085,1.3323602430281163,1.356563112578748
109,0.8527236895447998,0.8492421784627684,0.5565503649081824,0.5386366120675949,1.3328614556448117,1.3576417553032456
110,0.8524987050086985,0.8491090789860022,0.5561058920798115,0.5386036482327772,1.3362094793316401,1.3608661682430796
111,0.8531308509703249,0.84972623071201,0.5533514445707325,0.5359358910692857,1.3325743662337637,1.356095497736149
112,0.8535275267409741,0.8501560234209868,0.5532709025313276,0.5355797603587673,1.3400076316679201,1.3648567775613876
113,0.8538505005642836,0.8502943294146735,0.556964213077041,0.5362858701636652,1.3528512207500325,1.3775803840188727
114,0.8542094547651675,0.8506225859155067,0.5573844492192258,0.5354211611782854,1.3511693693257685,1.3757806620134272
115,0.8544509292447793,0.8506403805039002,0.5565798661226606,0.5357891170876607,1.3484479980384827,1.375081915206089
116,0.8546750423508924,0.8508940193549654,0.5586388024542084,0.5379445912741181,1.3571495970938037,1.3815939764830312
117,0.8553318319493801,0.851449492740929,0.5592920160895403,0.536848818456996,1.3541439179290082,1.3766324792673217
118,0.856300237331489,0.852264863995657,0.5567633044185291,0.5344215786006282,1.3632489812345168,1.3823087738927566
119,0.8560363998799004,0.8521786610328982,0.5569409236555735,0.533837211065025,1.3651514581051551,1.3815412910771152
120,0.8568014240139232,0.8530418459930112,0.5544901419044911,0.5314880956753002,1.3677350413984546,1.384472803576307
121,0.8566546480040645,0.8532048986913148,0.5520833843780341,0.5291811782428364,1.378712844655256,1.400613464033214
122,0.8563523659979236,0.8530032935790757,0.5497199879408526,0.5269158231412848,1.387892336713874,1.4095022200844252
123,0.8567621374169562,0.853431904890737,0.552622195445032,0.5279116772525269,1.3878649542310517,1.4103849220601903
124,0.8574755686583546,0.8538024321896229,0.5503218230638572,0.5257141660919891,1.390413057735477,1.41283928283686
125,0.857662171294522,0.8541447288376159,0.5480632659680591,0.5235566004450769,1.3944899959477501,1.4177779424636008
126,0.8583500009069573,0.8547493205379983,0.5458458870492561,0.5214383716917294,1.3944932253242164,1.418534247873716
127,0.8579419560236663,0.8544976454824451,0.5436690571190408,0.5193588787777178,1.3980085057985923,1.423742210284529
128,0.8578158643364807,0.8543878390213228,0.5436128541793019,0.5191673491343246,1.396444125276824,1.4220766829142544
129,0.8585048862637875,0.8551648508976931,0.5497540086080118,0.5244033169892188,1.3964703094626996,1.4227534923203
130,0.8581869217378687,0.8548530064492992,0.5476557420693912,0.5224018073766445,1.3987738253457018,1.4249566919020045
131,0.8580892903435227,0.8548781701652871,0.5524998204355933,0.5285756065940377,1.403223610829991,1.428690640792889
132,0.858570323514181,0.8551750070445641,0.5519174631185038,0.5288576157168385,1.4025056674284977,1.4263268775795717
133,0.8589517321612324,0.8554009439736862,0.5512618502274057,0.5292184741257686,1.4069766708243079,1.429778631404057
134,0.8591975329668076,0.8557473206863523,0.5509841139975827,0.5292069623954097,1.412515033105492,1.435609044363321
135,0.8588997770780727,0.8555314922703783,0.5506210773921615,0.5292861714851549,1.4126420926179564,1.4360195330136372
136,0.8593065728301155,0.8559137378508039,0.5498568077706055,0.5297719490596006,1.4135134565033547,1.4391608043251303
137,0.8600179620798689,0.856670381889266,0.5479700129076333,0.5279540739730209,1.4170112694978083,1.443031388190954
138,0.860555248880003,0.8572925815020145,0.5494970200636247,0.5295486971785218,1.4188146636756112,1.4450788956545035
139,0.8606428216380715,0.8575208082600895,0.5476698111889868,0.5277878212434249,1.4207472454147825,1.4469241426410056
140,0.8600032705000364,0.8569919849667997,0.5493724290271362,0.5291110644147218,1.4268420644917943,1.4524909430396247
141,0.860393861623497,0.857446637720017,0.5476029778294942,0.5274068722180506,1.425422502904739,1.4511025605581256
142,0.8605807410700785,0.8577008002682767,0.5458674268942176,0.5257353300106334,1.4256612712593124,1.451255128719726
143,0.8604621049484702,0.8576632137760096,0.5457090969482302,0.5256703791478827,1.4243645208549758,1.4498173670544368
144,0.8608318516473991,0.8580925318140182,0.5440349900540664,0.5240577463171117,1.4307184999323372,1.4561204299785584
145,0.8609934792434831,0.8583896070970013,0.5423932688551188,0.5224763099622257,1.4326458442776897,1.457552244805036
146,0.8611635992555696,0.85844975219304,0.5446996364933775,0.5229454701002965,1.4313617834788313,1.4561942372550074
147,0.8618037327207707,0.8590754001144927,0.5447701753007171,0.5226774796156413,1.4301026664197205,1.4548626358744596
148,0.8622126108430491,0.8595611058340846,0.54449087496058,0.5227631856542169,1.431738436801851,1.4564273379740944
149,0.8621539314090861,0.8595878879795933,0.5444569781761489,0.5226072826529575,1.43334214551364,1.4579613713665258
150,0.8625720386135903,0.8600171632171028,0.5473504845689968,0.5250766346046498,1.4342542486673955,1.4573508425662194
151,0.862557442587524,0.8600400827997061,0.5470313560550804,0.5251982335893484,1.4330699128064648,1.4561035156744255
152,0.8623751242159136,0.8593929542440697,0.5455649807267934,0.5237903842518823,1.4334671433232606,1.4586839731119918
153,0.8624909879275798,0.8595650564876446,0.5441277327408974,0.522410499725946,1.4337025643763794,1.4587326714509972
154,0.8624762550942452,0.8595702078608554,0.5462345518506116,0.5253089020645952,1.440346030117557,1.4653113408620653
155,0.8624850590944159,0.8595720255223581,0.5448451766560487,0.523972752318046,1.4417695774279962,1.4666713808670173
156,0.8625585858968723,0.8594908390641746,0.5453123383723739,0.5233336237224928,1.4388378824151349,1.4648359461703178
157,0.8628415144579198,0.8597038376614867,0.5439737669750535,0.5220490032019636,1.4402154657886117,1.4661497913017858
158,0.8631511228295425,0.8600821353447525,0.5426622396637265,0.5207903367604589,1.4401347170747834,1.4664562945234596
159,0.8628797392892478,0.8599088873774037,0.5413773012715212,0.5195571875765251,1.4385953605607122,1.4658493480193355
160,0.8631370730782018,0.8601803732638041,0.5401185027809253,0.5183491247302191,1.4417502459654106,1.469892287788923
161,0.8630873443167556,0.860199530705285,0.5401001857604812,0.5182339589679399,1.4430247415075605,1.4711025344772366
162,0.8627693655662283,0.859951398861905,0.5399968387487739,0.5182065575865421,1.4453803463203012,1.4734221419003022
163,0.8631146443428902,0.8603256887084579,0.5388087233723869,0.5170663857650927,1.4441072041359688,1.4726737107983499
164,0.8630888492418305,0.8601991952165705,0.5398047076423728,0.5181093245794228,1.4427684449116776,1.4720401906515848
165,0.8630934354273306,0.8601981026572966,0.5386606124107332,0.5170112118743516,1.4439495079770475,1.4731592078729876
166,0.8631642752493429,0.8602384614662021,0.5375402850292145,0.5159359117616837,1.4459142588273606,1.475526535672267
167,0.863619728433571,0.8604214068445659,0.5364433142152408,0.5148830294887715,1.4482094151788072,1.475432419880064
168,0.8634102785917211,0.860203380993898,0.5365500802897416,0.5146735022996947,1.4473120495037284,1.4744805506868435
169,0.863489949576825,0.8602938903717222,0.536805968053974,0.5143170110699151,1.4484269827890905,1.477577854683396
170,0.8636326116995217,0.8604637531751653,0.5357718623714449,0.5133262282257959,1.4465680524194777,1.4757265197699514
171,0.8635768276223104,0.8603939460418335,0.5360731544687316,0.5129321748197373,1.4490904039981938,1.475242327274002
172,0.8637756814942704,0.8606002845634018,0.5358324910713357,0.5130820456442551,1.448258370564972,1.4743618419710045
173,0.8637745753189524,0.8606522263387639,0.5357378465455646,0.5130878315082877,1.4501415042124772,1.4762578872996355
174,0.8636251231861966,0.8605722511821668,0.5347836913438365,0.5121740162411124,1.4511208087059813,1.4771906782176405
175,0.8637053793238173,0.8606247909828015,0.5338500076535836,0.5112798069873971,1.4506746010824303,1.477762176451317
176,0.8638022247719159,0.8607387145964616,0.5343805249532301,0.5123833606797049,1.4491813420926654,1.4759553502677896
177,0.8637627787919004,0.8606901531590201,0.5334842686595047,0.5115239977531658,1.4496847392045327,1.4755802121408745
178,0.8638255735589836,0.8606977780669567,0.5326074530841558,0.5106832752900242,1.4519946986536585,1.478323776739432
179,0.8640254321298583,0.8609467751356207,0.5326601471033408,0.5105608646064084,1.451756389738312,1.478674302835004
180,0.8641431800818529,0.8610516913507716,0.5344620827727721,0.5118462981783067,1.4559607507619177,1.4824686133250111
181,0.8641110833215442,0.8610559630252052,0.5344443924010037,0.5117924135268509,1.4577775047533912,1.4846624551474918
182,0.86414065039079,0.8609353680911799,0.5336352787356924,0.5110175934679727,1.4578984527967427,1.4830804105553257
183,0.8642021120258376,0.8610263270715248,0.5344839556120198,0.5115854385990968,1.457882286113541,1.4831840896584036
184,0.8643616178001883,0.8611451708016682,0.5337078838095841,0.5108426154904426,1.458669503886888,1.483934615351766
185,0.8644659118813994,0.8612738811962766,0.5350994931229429,0.5122311606806459,1.4615895458150365,1.4867831639326514
186,0.8645600590142172,0.8613918727249557,0.535023217906045,0.51224155342212,1.4645091900354659,1.4895032312717633
187,0.8643355828882903,0.8612024078375704,0.5356568158017725,0.5129061946198661,1.4652388734593538,1.4901988567113758
188,0.8641706727967259,0.8609257142328149,0.5357515232238659,0.51274671433645,1.465952132542789,1.49087882441686
189,0.8642600516891423,0.8610192106770266,0.5350521550230886,0.5120773765342874,1.4653438802271936,1.4902380328831912
190,0.8641858598894653,0.8609920125675594,0.5343686471411865,0.5114232180196099,1.46485054293033,1.489731594026991
191,0.8642795898012309,0.8611424594878923,0.5342046930801925,0.5115299332654947,1.4652574610161508,1.4893814472619327
192,0.8642687277356534,0.8611566446327994,0.5341781140356814,0.5115005813501129,1.4653152006854773,1.4893791817399762
193,0.8641806773992662,0.8611127244274474,0.5343221548756292,0.5113018923428021,1.4663681341604264,1.490773197348737
194,0.8641533617892376,0.8611368119581391,0.5343384645011711,0.5112321926555645,1.4657094339644914,1.4903118339760164
195,0.864202314367808,0.861210043767502,0.5337269064597046,0.5106470800738473,1.467444937504235,1.492060207782481
196,0.86430737470949,0.8613353784726729,0.5342487810410659,0.5111947866727534,1.4685587376909623,1.4932302245537261
197,0.8644149832917175,0.8614672467488711,0.5347585040610381,0.5117297402260093,1.4713586162640955,1.4959442170258197
198,0.8646335562596459,0.8616682801337754,0.5348830509620786,0.511555450808205,1.4708542615892202,1.4954135557029138
199,0.8646862069767958,0.8616881958473516,0.534323554031021,0.5110203549507495,1.4707304413213669,1.4955726604180843
200,0.8646145389174559,0.8616352671896579,0.5337772337218165,0.510497861049404,1.4695844053869729,1.4950262874578457
201,0.8644270953889864,0.8614715232151057,0.5353728103010907,0.5118559483860704,1.469245525009676,1.4944012305556076
202,0.8645559572732616,0.8615746358203991,0.5354545572427508,0.5117280795096638,1.4717169702900426,1.4968481096639648
203,0.8645837965167086,0.8616422984057637,0.5354751182914935,0.5116624951959555,1.4735016674604255,1.49795611004135
204,0.8646163608980896,0.8616189768899635,0.5363951911158141,0.5116307816063667,1.4740365622293945,1.4985982914000873
205,0.8646608591127523,0.8616828520054151,0.535906654823117,0.5111648001631778,1.4754263743176783,1.4999657332354153
206,0.8645635338128163,0.8616317013481775,0.5354298896978344,0.5107100464335936,1.4753351093175888,1.5000788979019346
207,0.8646818561297481,0.8617402142313058,0.5352634171916653,0.5108364280643859,1.4772300236169864,1.501680937155302
208,0.8646365454047683,0.8617279604733311,0.5361750155342878,0.5115827894546017,1.4780049014158219,1.5026210316100617
209,0.8647338440880755,0.8617655086365025,0.535730761807301,0.5111589118879621,1.477029003430959,1.5019558783449003
210,0.8646707707614514,0.8617249619040134,0.535711350708981,0.5111403910999037,1.4758341455460453,1.5007408556067792
211,0.8644787598363262,0.8615905618319367,0.5359473945270424,0.5116570790308002,1.4761174763134262,1.5012657563844025
212,0.8644064749257281,0.8615589584410143,0.535980044310713,0.5115877323028268,1.4777379908109054,1.5027461635530743
213,0.864389007766058,0.8615540355540849,0.5355767863726622,0.5112028265283481,1.478883302554473,1.5038726597749852
214,0.8644854969412882,0.8615598569874827,0.5356960156839725,0.5110492498935985,1.4789752255611988,1.504527638265412
215,0.8645648780866345,0.8616058017512725,0.535312214368272,0.5106831068409075,1.4793485156139292,1.5048826212011805
216,0.864659106019882,0.8617153904261894,0.5352777551224306,0.510685414437506,1.4789938908127163,1.5045492487571799
217,0.864744390053672,0.8618159960520108,0.5356135539589348,0.5110002036469429,1.478335728736325,1.5038547697067197
218,0.864852838831626,0.8618853169838752,0.535513336124021,0.511069414737594,1.4789387956144477,1.5045939182259231
219,0.8648410712630505,0.8618855366594668,0.5361282711920118,0.5117218045398397,1.4789632576464913,1.5045801397287486
220,0.864895843887655,0.8619558096394538,0.5360852856216737,0.5117345156632608,1.4805985568716464,1.506118721564504
221,0.8649389037787816,0.8620117932436622,0.5360668725415546,0.5117234267228132,1.4803020556714328,1.5058064759161762
222,0.8649695397177845,0.8619709371217574,0.5363459337918599,0.5120171308430168,1.479562037650955,1.5053518639789176
223,0.8649934716710017,0.861933354325759,0.5361328847034622,0.512201819824427,1.4802506942086442,1.5052584540677167
224,0.8650597663211739,0.8620012101600327,0.5360811994338373,0.5122258768834231,1.479914118696986,1.5050317106434028
225,0.8651031395181332,0.8620574161847664,0.5360513218698233,0.5122288419616567,1.479915534246851,1.505038685482946
226,0.8652373883657435,0.8621940298686344,0.5357602846550787,0.5119507386357357,1.4808703087274526,1.5062637913482895
227,0.86527025598415,0.862206945984162,0.5358465585394393,0.5123682665620142,1.4814892360241705,1.506709919793533
228,0.8652969413381055,0.8622436083373898,0.5355703545563955,0.5121041645466995,1.4814994992865955,1.506705739317522
229,0.8652372915405911,0.8622009493705991,0.536028372023697,0.5126265169225699,1.4819321180642568,1.507283354436481
230,0.865286240597676,0.8622569866828417,0.5357661776143243,0.5123757693617162,1.4819342819163082,1.508264753292574
231,0.8652829250464467,0.8622687368957564,0.5357155196340397,0.512403491910201,1.4818420336152667,1.508361671999622
232,0.8653375386702028,0.8623310050968673,0.5361826682187327,0.512841938107846,1.4816184809424908,1.5081258154098873
233,0.865356753235117,0.8623611907918516,0.5366767102706442,0.5132293088616682,1.4815681772636675,1.5081807524185091
234,0.8653706563295855,0.862372394276451,0.5365950606781689,0.513289006299573,1.4812253167051357,1.5080882522390067
235,0.8654301796066484,0.862439073274887,0.536365278035558,0.51306920385834,1.4816726270005394,1.5085019652280993
236,0.8654278744154659,0.8624446317659005,0.5369934756045274,0.5136709119418833,1.481055010639222,1.5078731654279127
237,0.8654667494850778,0.8624879598963542,0.5367756137565496,0.5134625122141173,1.4807838165103164,1.507743144783329
238,0.8655288691274086,0.8625566966841884,0.5367529602409107,0.5134653303330443,1.4803884435113135,1.5073533945130344
239,0.8655822336380794,0.8626164576961705,0.5365467421151549,0.5132680592122397,1.4807900745620022,1.507724864194782
240,0.8656213498083781,0.8626530067514623,0.5364703293239498,0.5133258509026666,1.4808586559119066,1.5080343826859108
241,0.8656588291901341,0.8626933965418271,0.5362752384996666,0.5131391767141712,1.4810172705122393,1.5082437369357808
242,0.865630160925019,0.8626735682331237,0.5364453002129322,0.5133053757451765,1.4810149503394479,1.5082498559266073
243,0.8656659184310084,0.862711472603124,0.5364492986431029,0.5132842603266345,1.481349000008963,1.5086076105444968
244,0.8656799073189313,0.8627282285842987,0.5366372127580094,0.513748898549106,1.4817346659362245,1.508894498113636
245,0.8656806020353837,0.8627327143972163,0.5366386103317452,0.5137311073548723,1.4815779287900313,1.5087289242469666
246,0.8657306253429213,0.862781529854854,0.5370808336001002,0.5139056331888356,1.481425585879975,1.5085679922643835
247,0.8657584852727902,0.8628061200817906,0.537088597504816,0.5138821890335225,1.481815933854349,1.5091033341439426
248,0.8658140296528253,0.8628692262820291,0.5369280382243783,0.5137285671639013,1.4818054090546304,1.509116573571756
249,0.8658223897011763,0.8628802361957599,0.5370400233120202,0.5138924198815755,1.4822239667818689,1.509572322740261
250,0.8658289525301689,0.8628905248977103,0.5372510383675,0.5142317661316445,1.482732831924713,1.5101952604533613
251,0.8658620029752763,0.8629292009194004,0.5372387857643659,0.5142298926013826,1.4834154076159975,1.510886552529714
252,0.8658817951280746,0.8629485284477089,0.5372764574709523,0.5141784996413856,1.483553126095197,1.511016947359797
253,0.8658956361703337,0.8629707921649473,0.5373963001687712,0.5143043245755206,1.4833729612479007,1.51093952436075
254,0.8658820946544254,0.8629606180237428,0.5377778357510813,0.5146645266301316,1.483502963113478,1.5110625976786283
255,0.865897585734973,0.8629731293277539,0.5376464283196044,0.5145387669966535,1.4835437510952962,1.5110231376168837
256,0.8658800528544196,0.8629380942813627,0.5375769363025973,0.5145958752640493,1.4835452103538769,1.5112603030762306
257,0.8658614402966879,0.8629249771532264,0.5375634651294368,0.5145973241683685,1.4837746214958787,1.5114929522962814
258,0.8658721406974329,0.8629388823832349,0.5375776114910109,0.5145715077435228,1.483799948903586,1.5116924825077243
259,0.8658559929575241,0.862926422709606,0.5374608481261478,0.5144597413689148,1.4841292718068975,1.5120157470745117
260,0.8658612100370575,0.8629154323913155,0.5375057182684588,0.5144039243324323,1.4840269933868342,1.5123298184843983
261,0.8658322748885117,0.8628969036647741,0.5376003622595694,0.5145032958327603,1.48443206873496,1.5127440414180267
262,0.8658397673233625,0.8629076227631919,0.5375812222958649,0.5145120881934558,1.4845303778683594,1.5128368069762819
263,0.8658584520369446,0.8629195248737838,0.5376016024814452,0.5144816690680878,1.4844370037444412,1.5127379778780683
264,0.8658122667484813,0.862869826916106,0.53757925853457,0.5144942746067606,1.484455226967948,1.5127202828771606
265,0.8658240912927037,0.8628845907456845,0.5374817448603414,0.5144009484110601,1.4845658179026822,1.5127915984157694
266,0.8658172029571,0.862871695447086,0.5373871713525332,0.5143104361237567,1.4846565119943647,1.51287732599259
267,0.8657968230936609,0.8628499303857243,0.5373919764903049,0.5142968081451431,1.484647999714057,1.5128863689311152
268,0.8657895078074717,0.8628428587938697,0.5373030336793869,0.5142116877753502,1.4845608238210606,1.5129746716207793
269,0.8658020607827391,0.862856802481402,0.5373171933320834,0.5141892604714511,1.4846633535426883,1.513193520148509
270,0.8658081307681109,0.8628635332995542,0.5373416185343155,0.5143124282577937,1.4846168276393235,1.513165012742051
271,0.8658196559275428,0.8628830343010324,0.5373530693675511,0.5142931851241607,1.4846604080104546,1.513272622557342
272,0.8658145148327397,0.8628808052562118,0.5375689926200402,0.5145084038775045,1.4845169292761482,1.513123940672988
273,0.8658165697574831,0.8628810911066652,0.5374928015993373,0.5144354812927018,1.4847301216285604,1.51347802503513
274,0.865832607600801,0.8628993812917982,0.537630617620913,0.5145652447278399,1.4846635418202923,1.5134074965712732
275,0.865836318466724,0.8629003090832978,0.5376408388757038,0.5145480762450096,1.4846503532304942,1.5134209419043374
276,0.8658342840476325,0.8628958533217718,0.5375715051117094,0.514481720506564,1.4849950342117506,1.513592346682619
277,0.8658336855066142,0.8628984422349042,0.5375043444121803,0.514417444495065,1.4849989496678997,1.5135891141386557
278,0.8658380771327134,0.8628907686672218,0.5374683352427562,0.5144471701235745,1.4849402554124056,1.513526959920167
279,0.8658476557602163,0.8629010908214962,0.5374053363535485,0.5143868696404602,1.4850625955354224,1.5136392277477753
280,0.865835505610541,0.8628954748982612,0.537389438159182,0.5143968886244563,1.485097744616195,1.5137177413982617
281,0.8658487027812836,0.8629104832731466,0.5374986354049891,0.5145018399229775,1.4851095426555871,1.5137060736176624
282,0.8658529008347792,0.8629177181093983,0.5375478580408721,0.5145535100389701,1.4852250346909273,1.5138035618174621
283,0.8658452097140462,0.8629137930973001,0.537612913313645,0.5145861191932215,1.4852352770022474,1.5137934547908538
284,0.8658363999268911,0.8629070645743572,0.5376040635848429,0.5145897628643813,1.4852316511440948,1.513797177518203
285,0.865838125998786,0.8629117301143399,0.5376486992361981,0.5146366201146352,1.4853136539505973,1.513908330932625
286,0.865836636650472,0.8629113061323896,0.5375984722464834,0.5145885429068562,1.4855407249921013,1.5141484311616693
287,0.8658246801518333,0.862905182343655,0.5375498744490489,0.5145420251597618,1.4858709278441602,1.5144510421264896
288,0.8658289073980192,0.8629099791261674,0.537542395252534,0.514544948205518,1.4859470497127947,1.5145498370681465
289,0.8658270693847062,0.8629100723336285,0.5375392091584775,0.5145437269373614,1.4859905462207417,1.5145909133558286
290,0.8658281623589427,0.8629132869189433,0.5374952119993109,0.514501611940229,1.4860326174880387,1.5146306437056938
291,0.8658313748255891,0.862912844851252,0.537504243662514,0.5144884639624457,1.4861248879046964,1.5146966502441488
292,0.8658477659618824,0.8629309874021784,0.537539652041068,0.514525634414336,1.4860876704949806,1.5146572453986284
293,0.8658526214307066,0.8629349499614422,0.5375472196446518,0.5145142123610355,1.4860843291637948,1.5147345626692172
294,0.8658483939391856,0.8629219129819645,0.5375087431182173,0.5144773844899772,1.486129073296134,1.514976071710557
295,0.8658509483686155,0.8629264728713829,0.5374715485808242,0.514441783676855,1.4862584118699629,1.515123450973396
296,0.8658534527997015,0.8629294806807698,0.5374355974325205,0.5144073729756607,1.4863202390916248,1.5151953101156757
297,0.8658615061258321,0.8629289287278066,0.5374008520869287,0.5143741164105311,1.4864250703674942,1.51521968150754
298,0.8658561940117296,0.8629267713119431,0.5373672759496292,0.5143419789550566,1.4864571578907793,1.5152499699793107
299,0.8658622193418171,0.8629336008589089,0.537424087470754,0.514402791874716,1.486427788941968,1.5152188627178635
300,0.8658649231107045,0.862936907799714,0.5374199328632668,0.514403923333374,1.4864577518000848,1.5152471484678347
301,0.8658719507380289,0.8629443195065027,0.5373896478241977,0.5143749353075067,1.4864640504815825,1.5152408116681748
302,0.8658717726953519,0.8629378604408044,0.5374005361384724,0.5143612292188485,1.4865607325372427,1.5153617744660157
303,0.8658867150393831,0.8629524121371008,0.5374021121010983,0.5143569318653427,1.4865649814183233,1.5153574245085328
304,0.8659012171684061,0.8629667274846167,0.5373955054368305,0.5143609105278243,1.4866117297166868,1.515412126142089
305,0.8659087158024477,0.8629718011228739,0.5374438356598508,0.5143590710060011,1.4865622224615442,1.5154125059447412
306,0.8659085746599334,0.8629730093828881,0.5374412545259731,0.5143591999376218,1.4866094453450052,1.5154600148820527
307,0.8659096714619908,0.8629728740305631,0.5374376089374822,0.5143604782936929,1.4866576909219062,1.5155030728966683
308,0.8659121827314887,0.862975692068353,0.537441915381942,0.5143538869060135,1.4866645623061077,1.5154973185548508
309,0.8659183530811698,0.8629803474029311,0.5374457293619368,0.514347867666039,1.4867073616978184,1.515582155228942
310,0.8659173041946479,0.8629805224162331,0.5374647349207795,0.5143678222762633,1.4866759091439894,1.5155724273842646
311,0.8659220365907593,0.8629818178162246,0.5374694568350772,0.5143610453115945,1.486642996859217,1.515525954791856
312,0.8659229613306018,0.8629797085786062,0.5374745977263425,0.5143921751977908,1.4866754850351578,1.515569890602415
313,0.8659223327004235,0.8629800682071375,0.5374890125378597,0.5144127501053641,1.486660197216066,1.5155482694146318
314,0.8659257329689833,0.8629842359317633,0.5375054768085378,0.5144300358350804,1.4867505302831812,1.5156358456195331
315,0.8659258588381502,0.8629842630366453,0.5375098396498896,0.5144238898622691,1.4867225173253722,1.5156294430785575
316,0.8659292992399902,0.8629874888025062,0.5374920423962221,0.5144068569974074,1.4866953232365738,1.5155903381659723
317,0.8659307079109574,0.8629887876687619,0.5374884543014944,0.514408788096054,1.486698139091995,1.515587449335362
318,0.8659342532424148,0.8629930495522765,0.5374874710063604,0.5144081738447198,1.4867139400004266,1.515602360947688
319,0.8659385996360083,0.8629982649573779,0.5375207497153359,0.5144327069282281,1.4867424384441474,1.515633145609183
320,0.8659454739920444,0.8630055217762134,0.5375210580728025,0.5144309124203176,1.486785725812154,1.515675606546379
321,0.8659485194709281,0.8630071192292114,0.5375261692049336,0.514424368956615,1.486767655433303,1.5156936175408073
322,0.8659477383959268,0.8630065361006585,0.5375217588095054,0.5144273990507348,1.4868078696899567,1.5157330609071606
323,0.8659482508658354,0.8630075402257813,0.5375220970628608,0.5144257307908936,1.4868440127788354,1.515773659004664
324,0.8659490149835047,0.8630086888130236,0.5375371596097658,0.5144340538143112,1.4868461646073097,1.5157714426061701
325,0.8659526999167698,0.8630123740286968,0.537524385996073,0.5144218292048003,1.4868199789039231,1.515750187001158
326,0.8659538123795263,0.8630136181550658,0.5375246899069738,0.5144203362501805,1.486844333334841,1.5157715535417224
327,0.8659594944381346,0.863019631767031,0.5375233317366546,0.5144205492357071,1.4868556464115552,1.515782228886298
328,0.8659584896028364,0.8630194074044523,0.5375509294946915,0.5144343104570488,1.4868583133162279,1.51577950597717
329,0.8659590842009779,0.8630201498354431,0.5375399401002277,0.5144237936459837,1.4868505953534694,1.5157677169470745
330,0.8659600566254795,0.8630214231770018,0.5375407107400184,0.5144220002094564,1.4868856913591302,1.5158113009870882
331,0.8659617940905694,0.8630234963847083,0.5375400245197758,0.5144217018187497,1.4868954689958385,1.515820431216077
332,0.8659634895530142,0.8630256733771491,0.5375404079386618,0.5144203706595876,1.486929475523975,1.515841092749624
333,0.8659643309765543,0.8630269545699041,0.5375554512963163,0.514439524095854,1.4869209277356916,1.5158320374332601
334,0.8659620373957038,0.8630252561147335,0.5375463701241352,0.514430833431693,1.4869277087015649,1.5158421034215173
335,0.8659638802060694,0.8630272785348899,0.5375730623144127,0.5144520626342373,1.4869293808863797,1.515840386223023
336,0.8659652735097265,0.863028816263583,0.5375892653434861,0.5144663252871157,1.4869545794637917,1.5158620633339257
337,0.86596570508452,0.8630293821314425,0.5375950366343206,0.5144748162571955,1.4869761580381204,1.5158855787657708
338,0.8659622649151205,0.8630237381406884,0.5375872564891145,0.514467370710822,1.4869691109267806,1.5158781133182335
339,0.865961899547961,0.863023904992073,0.5375872824427488,0.514466620208256,1.486948413787277,1.5158570137940057
340,0.865963937663115,0.8630244808390475,0.5375900472422723,0.5144631586433267,1.4869319351066854,1.5158466840036604
341,0.8659644950995505,0.8630243689744233,0.5375916829426067,0.5144608529740958,1.4869342996954882,1.5158571544995898
342,0.8659660852323688,0.8630244361266073,0.5375936811301582,0.5144582106589739,1.48693572195978,1.5158680723152849
343,0.8659663095674691,0.8630244818260111,0.5376038871723684,0.5144592814291336,1.4869371201380945,1.5158785368058345
344,0.8659662792254944,0.8630248402774919,0.5375977398649167,0.5144533987719396,1.4869365016808884,1.5158905577080177
345,0.8659660545951047,0.8630245613893175,0.5375918317401824,0.5144477450003099,1.4869421401780694,1.5158958780042588
346,0.8659657773387576,0.8630246879814777,0.5375918513989272,0.514447175744252,1.4869264363723076,1.5158798684139863
347,0.8659656357378137,0.8630245026000413,0.5375932471031859,0.5144452519504502,1.4869283465949874,1.51587793028844
348,0.8659657620557467,0.8630254067660992,0.537597755467918,0.5144499860030735,1.4869395965195895,1.515886152565937
349,0.8659657960241826,0.8630254137509666,0.5375989452020672,0.5144483087829127,1.4869319520200168,1.5158844044678463
350,0.8659660576171703,0.8630257404156861,0.5375941086821487,0.5144436805381689,1.4869285548189448,1.515879215668292
351,0.865966324128306,0.8630259527688476,0.5375924904319613,0.5144448491569724,1.4869217606851928,1.5158773450634215
352,0.8659672504686571,0.8630270916497655,0.5375917385576321,0.5144451692488704,1.4869306067361676,1.5158850709548073
353,0.8659671454558279,0.8630271752860595,0.5375954227004697,0.5144490378072443,1.4869425945954073,1.5158969625459902
354,0.8659685782003742,0.8630285410603628,0.5376038724366827,0.5144554885349943,1.4869366946099796,1.5158951932038374
355,0.8659696962113937,0.8630288568742995,0.5376053892185525,0.5144535894759772,1.4869276545232128,1.5158895262936982
356,0.8659690998176068,0.8630285291345736,0.5376015999905367,0.514449963429823,1.4869295542214875,1.5158946550835133
357,0.86596942141152,0.8630289790636141,0.5376011672489428,0.5144500440622028,1.486930177780942,1.5158940124193472
358,0.8659698152791513,0.8630292835995728,0.537597677379694,0.5144467044798169,1.4869341151274933,1.5158965482975837
359,0.865969831320992,0.8630293928610469,0.5375943288008569,0.5144435001033475,1.4869413498299002,1.5159016389379631
360,0.8659698333582713,0.8630293077933916,0.5375911161697701,0.5144404258202081,1.4869324639586237,1.5158925800017562
361,0.8659701849407907,0.8630297798529409,0.5375880343294493,0.5144374766954938,1.486935405212994,1.5158953552369148
362,0.8659701865524492,0.863029939672795,0.5375850783028101,0.5144346479664518,1.4869357317654348,1.515895013928504
363,0.8659707742472947,0.863030663239376,0.5375855802732884,0.5144338716640581,1.4869351004816906,1.515895630283995
364,0.8659705801885204,0.863030563569298,0.5375844558871742,0.5144347329795301,1.4869430266639,1.5158978041490585
365,0.8659706416759545,0.8630306458831734,0.5375866981482922,0.5144370874940623,1.4869385172840444,1.5158926017206846
366,0.8659708690136668,0.8630304039777642,0.5375841989643169,0.5144346959301902,1.486938784431973,1.5158923591177782
367,0.8659713312635487,0.8630308893760799,0.5375818032172982,0.5144324033490625,1.4869446056434144,1.5158998950067473
368,0.8659710758932958,0.8630306946715757,0.5375795068965061,0.5144302059126595,1.4869488673766025,1.5159041668983124
369,0.8659712461558492,0.8630308884259452,0.5375773061347882,0.5144280999203565,1.4869523177257964,1.5159089094406992
370,0.8659713617226081,0.8630310303300168,0.5375751972039331,0.5144260818044869,1.4869525747266386,1.5159086896305163
371,0.8659712659637596,0.8630310456997751,0.5375769354145544,0.5144279070304197,1.4869483575471822,1.5159053782687106
372,0.8659712355720128,0.8630310016552903,0.5375749994806127,0.5144260544612708,1.4869543632783868,1.5159101659268777
373,0.8659714776172179,0.8630313418807337,0.5375749317032241,0.514425942848161,1.4869544701294042,1.5159100491939583
374,0.8659714000746864,0.8630313127607319,0.537575108164031,0.5144255945632569,1.4869614224067362,1.515916304597571
375,0.8659711508295214,0.8630312397009937,0.5375808428952532,0.5144291888445042,1.486973646353187,1.5159262232084378
376,0.8659711868063564,0.8630312183947462,0.5375792138404587,0.5144276299471818,1.4869786814963484,1.5159302703091877
377,0.8659713258604428,0.8630314301158856,0.5375817005903494,0.5144307953212083,1.4869772685222686,1.5159287733317504
378,0.8659718788915723,0.8630319441787768,0.5375819915518396,0.5144303598779644,1.4869794843269795,1.515929327286069
379,0.8659723803041327,0.8630324444867663,0.5375824534134839,0.514432418812696,1.4869823840143381,1.5159290789717774
380,0.865972393737436,0.8630322873517977,0.5375810851849042,0.5144311095044526,1.4869846799465536,1.5159318659316832
381,0.8659722641890453,0.8630322317703495,0.5375819845285229,0.5144325192649287,1.4869832667375045,1.515930836241478
382,0.8659714276423673,0.863031388046263,0.5375821453419819,0.5144322372128165,1.4869862965656595,1.5159347922621949
383,0.865971196196263,0.8630312955193601,0.5375842152187352,0.5144345117076201,1.4869872876925485,1.5159360248074023
384,0.8659713076523632,0.8630314274277302,0.5375848719232953,0.5144358776227341,1.4869853468396657,1.5159336922727118
385,0.865971450850168,0.8630316287118692,0.5375848318088576,0.5144358115644372,1.4869854099972875,1.5159336231574219
386,0.8659715679620107,0.8630317614680174,0.5375837823775867,0.514434807322882,1.4869858822786997,1.5159350976949135
387,0.8659713718964348,0.8630317450896012,0.5375839590553425,0.5144345335304589,1.486987333723736,1.5159355077189773
388,0.8659711164330282,0.863031481692406,0.5375837313449272,0.5144346683759028,1.486988981574521,1.5159374251188102
389,0.8659712263700636,0.8630316194488661,0.5375843715373361,0.5144356463031597,1.4869880094941257,1.5159367035028066
390,0.8659709954095186,0.8630314561852219,0.5375851261227995,0.514436438663496,1.48698907691126,1.515938895039204
391,0.8659711325829639,0.8630315937696227,0.5375851772390356,0.5144363064001268,1.4869916683056004,1.5159425387156713
392,0.8659711937024834,0.8630315678585166,0.5375862779274804,0.5144366190649543,1.4869944638912835,1.5159457024064085
393,0.8659713184519023,0.8630317197766824,0.5375855119579492,0.5144358860797721,1.4869944832857498,1.5159456788318364
394,0.8659714480043031,0.863031870025011,0.537585528286502,0.5144357989232095,1.4869962000191326,1.5159466811290734
395,0.8659715526176085,0.8630319226872638,0.5375856829888136,0.5144355765483143,1.486997721393617,1.5159477576514246
396,0.8659716269705409,0.8630320264781506,0.5375855108625411,0.5144356840245016,1.4869988548989603,1.5159491060111094
397,0.8659716718527714,0.8630320952599233,0.5375848726853238,0.514435073328851,1.4869988968706807,1.515949060539813
398,0.8659718971397831,0.8630320491263102,0.5375842631556254,0.5144344900470826,1.4869993756602786,1.5159508460672346
399,0.8659720081410373,0.863032187734068,0.5375841430426193,0.5144345538338903,1.4869996279870912,1.5159505905459052
400,0.8659721507834365,0.8630323474813903,0.5375835872046665,0.5144340219315771,1.486999669135202,1.5159505491623533
401,0.8659721340837137,0.8630323546477563,0.5375835514480819,0.5144340063368021,1.4869991910678069,1.5159500371323806
402,0.865972285575067,0.8630325070046098,0.5375834667870693,0.5144340419748143,1.4870001949930594,1.5159509152912778
403,0.8659721540893366,0.863032435655939,0.5375834757074907,0.514433986259721,1.4870006564940386,1.5159513507480633
404,0.8659723120143973,0.8630326053109278,0.5375834687171137,0.5144339485877566,1.4869993797510284,1.5159500491479045
405,0.8659724173903455,0.863032733768774,0.537583969742216,0.5144342243223784,1.4869991028419638,1.5159495042584092
406,0.8659723766399069,0.8630327151295725,0.5375839140954528,0.5144342392982065,1.486999191791297,1.5159494130043794
407,0.8659724707772545,0.8630327799104057,0.5375850050104519,0.5144353474821127,1.4869995744732722,1.5159497740904277
408,0.8659725931103739,0.8630329129332325,0.5375849684471729,0.5144353470256967,1.4869992279111306,1.515949406927305
409,0.8659726256377748,0.863032953170426,0.5375846035296068,0.5144349978223043,1.4869996249591788,1.5159496866867919
410,0.8659726405334399,0.8630329319971676,0.5375842554880643,0.5144346647682158,1.4869996614966114,1.5159502959110074
411,0.8659727492301068,0.8630330559708361,0.5375839235814458,0.514434347154245,1.4869993608211187,1.51594997736128
412,0.8659728144480419,0.863033137160617,0.5375839398468456,0.514434300265059,1.4869994836492855,1.5159498527968023
413,0.8659728595842642,0.863033166649983,0.537583638107915,0.5144340115197225,1.4870003328769577,1.5159506857750058
414,0.8659727766013228,0.8630331035090056,0.5375833504597093,0.5144337362583308,1.487000142602804,1.5159508744701393
415,0.8659727312232746,0.8630330715472482,0.537583348000948,0.5144337121868818,1.486999622494518,1.5159503730158035
416,0.8659727536974406,0.86303309904906,0.5375833133170774,0.5144337215854604,1.4869998719064084,1.515950608374204
417,0.8659727414919638,0.8630331076902591,0.5375830642915257,0.51443348328353,1.486999835274994,1.5159501804073126
418,0.8659728357812806,0.8630332120884403,0.5375832683977629,0.5144336976077621,1.4869996203181093,1.5159499526720335
419,0.865972860194813,0.8630332252078888,0.5375830423286933,0.5144334812737461,1.4869993159469865,1.5159498352744598
420,0.865972929663324,0.8630332995055242,0.5375828269700724,0.5144332751889623,1.486999521457784,1.5159500291875256
421,0.8659729415449325,0.8630333214682825,0.5375826218388277,0.5144330788911403,1.4869999002736904,1.515950412407577
422,0.8659729188005985,0.8630333074672508,0.5375824264724599,0.5144328919376973,1.4870002795511943,1.5159507588907803
423,0.8659729252150403,0.8630332799997191,0.5375822404282259,0.5144327139049555,1.4870003077610858,1.5159503899130702
424,0.865972924661099,0.8630332952663732,0.5375820632823503,0.5144325443873883,1.4870002842061605,1.515950412495672
425,0.865972949966358,0.8630332832813172,0.5375819875141182,0.5144326038373227,1.4870004100764158,1.5159509131502713
426,0.8659729634300126,0.8630333058855488,0.5375820839047426,0.514432790561746,1.4870012056308988,1.5159519086093483
427,0.8659729993549687,0.8630333356756105,0.5375820427651959,0.5144328169153497,1.487001859072701,1.5159526756468065
428,0.8659730159356762,0.8630333420804809,0.5375820864551207,0.5144330296924648,1.4870021738851287,1.5159529011965391
429,0.8659730373822543,0.8630333519596475,0.5375821204022779,0.5144329823541988,1.487001961270643,1.5159528556189237
430,0.8659730319652049,0.8630333460675935,0.5375823268944466,0.5144332530372161,1.4870018419754414,1.5159527292319583
431,0.8659730407773272,0.8630333442242031,0.5375822016118013,0.5144331331494228,1.4870022541657935,1.5159529357235808
432,0.8659730246222945,0.8630333354078311,0.5375823041256401,0.5144332407952006,1.48700227102242,1.5159529182118152
433,0.8659730314242681,0.8630333229777695,0.5375821907699587,0.5144331323207771,1.4870026618179528,1.5159533702411574
434,0.8659730381756702,0.8630333331636175,0.5375820829642113,0.5144330291572994,1.4870028629084138,1.5159535696342366
435,0.8659730612332506,0.8630333368720841,0.5375821228692867,0.5144329793330927,1.487003103155902,1.5159537102171692
436,0.865973072176445,0.8630333446292111,0.5375820964860895,0.5144329962850471,1.4870029437639742,1.5159535064381835
437,0.8659730693508373,0.8630333270872707,0.5375821761970083,0.5144330799863739,1.4870029735949892,1.5159534760975402
438,0.865973094297228,0.8630333341336313,0.5375822100472315,0.5144330376128868,1.4870027718553767,1.5159533496310147
439,0.8659731201321623,0.8630333630908094,0.5375822034149254,0.5144330361440519,1.4870026960068845,1.5159532692736002
440,0.8659731207418987,0.8630333694976356,0.53758230796303,0.5144330719114,1.487002827895761,1.5159534329817501
441,0.8659731222964479,0.8630333726360698,0.5375822323518464,0.5144329995561665,1.4870031275366071,1.5159538361772618
442,0.8659731227800701,0.8630333727346742,0.5375822493293123,0.514432975627548,1.4870030184553646,1.515953811226488
443,0.8659731148424573,0.8630333678354685,0.5375822428224158,0.5144329755307002,1.4870029566264784,1.5159537457220698
444,0.8659730956913321,0.8630333527176058,0.5375822359085654,0.5144329761715988,1.4870028399771937,1.515953620818467
445,0.8659730932195148,0.8630333528505939,0.5375822345039037,0.5144329716182406,1.4870029702402063,1.5159537817422257
446,0.865973097743479,0.8630333579987316,0.5375821760255992,0.5144329156581176,1.4870030619161656,1.515953907754224
447,0.8659730978905427,0.8630333606323441,0.5375821204964175,0.5144328625201229,1.4870030627607567,1.515953906604195
448,0.8659731096543193,0.8630333733056569,0.5375821203630156,0.5144328575522389,1.4870029695144202,1.5159538034137423
449,0.865973114844029,0.8630333814569391,0.5375821837861223,0.5144328823915292,1.4870032558538062,1.5159541685359228
450,0.86597311128597,0.8630333811335947,0.5375821729563959,0.514432888624254,1.4870033895698669,1.5159542996933526
451,0.8659731123613742,0.8630333834827715,0.5375822253298432,0.5144329157689888,1.4870034813539934,1.5159543754607423
452,0.8659731135590859,0.8630333840888564,0.5375822894996849,0.5144330066657583,1.4870035744342447,1.5159544413522386
453,0.8659731165497752,0.8630333755332127,0.5375822955611002,0.5144330722104355,1.4870034854471892,1.5159543790457166
454,0.8659731137318242,0.8630333729331133,0.5375822570347617,0.5144330353431078,1.4870037060179648,1.5159545882585808
455,0.8659731117019461,0.8630333652225508,0.5375822204862214,0.5144330003684109,1.487003698466716,1.5159545956087044
456,0.8659731148347888,0.8630333687258112,0.5375822213398797,0.5144329961603431,1.4870037670711318,1.5159546557915098
457,0.8659731156081494,0.8630333732885407,0.5375822231251007,0.5144329911936747,1.4870037291269498,1.5159546324102828
458,0.8659731159307164,0.8630333763679263,0.537582216645066,0.5144329946566656,1.4870037835837278,1.515954693788117
459,0.8659731104318297,0.8630333712785696,0.5375822080966941,0.514433000344243,1.487003756799035,1.515954665411163
460,0.8659731082261509,0.8630333701348795,0.537582180064674,0.5144329735193295,1.487003835404274,1.5159547455410387
461,0.8659731125539805,0.8630333754052746,0.5375821534907459,0.5144329480897201,1.4870038855088532,1.5159547941548264
462,0.8659731181665591,0.8630333817884374,0.5375822000254783,0.5144329928287615,1.4870038904383416,1.5159547890867318
463,0.8659731084929508,0.8630333746484182,0.5375821761526993,0.5144329699839851,1.487003868845839,1.515954766220753
464,0.8659731157270327,0.86303338251463,0.5375821739906385,0.5144329699571066,1.4870038483517172,1.5159547445083636
465,0.865973115128399,0.8630333764187944,0.5375822215473718,0.5144330399504999,1.4870038941230723,1.5159547783685137
466,0.8659731129813301,0.8630333738067874,0.5375822239351897,0.5144330355976451,1.4870039285845227,1.5159548193514596
467,0.8659731109993744,0.8630333738056813,0.5375822141422663,0.514433043529078,1.487003886574347,1.5159547923695917
468,0.8659731112047497,0.8630333747561763,0.5375822132414239,0.5144330426667302,1.4870038866441282,1.5159547922047958
469,0.8659731142470517,0.8630333779530581,0.5375822426314021,0.5144330758142265,1.4870038564648456,1.515954758081738
470,0.8659731195188479,0.8630333835913294,0.5375822262883113,0.5144330601748958,1.487003872060492,1.515954772797245
471,0.8659731216882665,0.8630333860518934,0.5375822108138065,0.5144330453667484,1.4870038982036418,1.5159548041411097
472,0.8659731241001875,0.8630333887452342,0.5375822092664736,0.5144330454965481,1.487004010182518,1.5159549100996796
473,0.8659731266993533,0.8630333920934227,0.5375822098950656,0.5144330435260813,1.4870040347173734,1.5159549370839223
474,0.8659731294752452,0.8630333953973929,0.5375822330762058,0.5144330679106103,1.48700403471564,1.5159549370134038
475,0.8659731338836351,0.8630333998648773,0.5375822345219278,0.5144330652628618,1.4870040373301783,1.5159549343304861
476,0.8659731357520091,0.8630334005107021,0.5375822501122277,0.5144330704029375,1.4870040758946252,1.5159549613053191
477,0.8659731388883605,0.8630334011377906,0.5375822463454099,0.5144330730935179,1.4870040865089098,1.5159549713205873
478,0.8659731400046005,0.8630334019896527,0.5375822444167004,0.5144330740040415,1.4870040879563484,1.5159549698152261
479,0.8659731396312095,0.8630334022262635,0.537582234462468,0.5144330644784546,1.4870040789404935,1.5159549602690223
480,0.8659731380372773,0.8630334006508426,0.5375822250474135,0.5144330554688278,1.4870040879249573,1.515954968746448
481,0.8659731396716676,0.8630334025256556,0.5375822161433977,0.5144330469482336,1.4870040877178112,1.5159550020308035
482,0.8659731411854451,0.8630334034889956,0.5375822178006942,0.5144330444762649,1.4870040800902735,1.5159549939498298
483,0.8659731399312739,0.8630334017336114,0.5375822197082455,0.5144330417984453,1.4870041123520195,1.5159550060701188
484,0.8659731401107571,0.8630334021256859,0.5375822284493099,0.5144330463288705,1.4870041276706727,1.5159550187156
485,0.8659731370492159,0.8630333989807744,0.5375822276591051,0.5144330464307333,1.4870041281355149,1.515955018211598
486,0.8659731384529924,0.8630334006879055,0.5375822259021563,0.5144330475370922,1.4870041420932363,1.5159550292333752
487,0.8659731385342989,0.8630334006549231,0.5375822195477866,0.5144330414563522,1.4870041400053389,1.515955028906804
488,0.8659731388031043,0.8630334011733019,0.5375822135433606,0.5144330357104866,1.4870041289879197,1.515955017552538
489,0.8659731393714277,0.8630334016067532,0.537582207870286,0.514433030281704,1.4870041373567744,1.5159550304593123
490,0.8659731398356632,0.8630334022793342,0.5375822075092025,0.5144330301242273,1.4870041424982061,1.5159550352577689
491,0.8659731391317496,0.8630334015588078,0.5375822066773023,0.5144330304663012,1.4870041284951236,1.5159550209820565
492,0.8659731399247902,0.8630334024309663,0.5375822056259538,0.5144330310550207,1.4870041189995158,1.5159550126631332
493,0.8659731402133968,0.8630334028004081,0.537582206794167,0.514433029449918,1.4870041233746432,1.515955016780443
494,0.8659731405848946,0.8630334032988489,0.5375822131420056,0.5144330385515419,1.4870041301236967,1.5159550258701513
495,0.8659731407608248,0.8630334036505197,0.5375822091166214,0.5144330346994973,1.4870041488777135,1.5159550445336853
496,0.8659731401077227,0.8630334033278312,0.5375822194541439,0.5144330452006565,1.4870041518043349,1.5159550486554851
497,0.8659731392815674,0.8630334026251852,0.5375822186304992,0.5144330456772398,1.4870041690435185,1.5159550714303491
498,0.8659731400361003,0.8630334034828087,0.5375822244844243,0.5144330520903436,1.4870041844552726,1.5159550874866206
499,0.8659731404237136,0.8630334038818486,0.5375822236462217,0.5144330526194376,1.487004188733556,1.5159550891334004
500,0.8659731414354448,0.863033404883213,0.5375822293792994,0.5144330578093061,1.487004195423254,1.5159550936417205
501,0.8659731419881147,0.8630334053950115,0.5375822265353545,0.5144330550878261,1.4870042051523538,1.5159551050579694
502,0.8659731423112224,0.8630334057973894,0.5375822238525373,0.5144330525205354,1.4870042027192742,1.5159551024844768
503,0.8659731429619038,0.8630334065240237,0.537582223847042,0.5144330522811835,1.4870041982446467,1.5159550975307465
504,0.8659731420796782,0.8630334057586745,0.5375822263353484,0.5144330540014119,1.4870042049615224,1.5159551041190962
505,0.8659731425797266,0.8630334063304078,0.5375822281688885,0.5144330561365366,1.4870042029227168,1.5159551019590902
506,0.8659731431737274,0.8630334068916569,0.5375822274644954,0.5144330566356077,1.487004204947685,1.5159551038697794
507,0.8659731422891559,0.8630334054403465,0.5375822254639036,0.5144330547211646,1.4870042031354385,1.5159551019498045
508,0.8659731428326909,0.8630334058748248,0.5375822247830548,0.5144330552195391,1.4870042061401108,1.5159551059509284
509,0.8659731432683279,0.8630334063834173,0.5375822246065091,0.5144330552240938,1.4870042044252494,1.5159551043494524
510,0.865973143902163,0.8630334070603706,0.5375822246287115,0.5144330550398003,1.4870042094187126,1.5159551086954306
511,0.8659731437894739,0.8630334070024883,0.5375822239758191,0.5144330555399503,1.4870042140209752,1.5159551099574837
512,0.8659731441022986,0.8630334073785139,0.53758222248844,0.5144330541166202,1.4870042182071224,1.5159551140635297
513,0.8659731446974742,0.863033407880124,0.5375822236937738,0.5144330553822946,1.4870042186000902,1.5159551162694387
514,0.8659731448274185,0.8630334080580416,0.5375822223738114,0.5144330541191718,1.4870042187082229,1.5159551161541756
515,0.865973145167635,0.8630334084046405,0.537582226726475,0.5144330588967818,1.4870042216080348,1.515955117872803
516,0.8659731452319732,0.8630334085184752,0.5375822266394666,0.5144330588705035,1.4870042238297567,1.5159551200005341
517,0.8659731453828425,0.8630334087278005,0.537582226409137,0.5144330589941574,1.4870042269326924,1.5159551230440957
518,0.8659731453511906,0.8630334085312996,0.5375822273020402,0.5144330599317604,1.48700422726685,1.5159551227042236
519,0.8659731455234568,0.8630334087123186,0.5375822271483807,0.5144330599908651,1.4870042291936427,1.5159551244077054
520,0.8659731455717524,0.8630334087965502,0.5375822262285076,0.5144330591106032,1.4870042299395336,1.5159551253678811
521,0.8659731456114331,0.8630334088704013,0.5375822253627305,0.5144330582821078,1.4870042299692134,1.5159551253334356
522,0.8659731457014536,0.8630334089731817,0.537582226063575,0.5144330590180374,1.4870042313059593,1.5159551270236817
523,0.8659731456235495,0.8630334089169837,0.5375822259691592,0.5144330590382724,1.487004230611425,1.5159551262878597
524,0.8659731456265992,0.8630334089590941,0.5375822252478407,0.5144330583480151,1.4870042309302751,1.5159551259650408
525,0.8659731457191939,0.8630334090741874,0.5375822252081542,0.5144330583220444,1.4870042309547455,1.5159551259376862
526,0.8659731460118044,0.8630334092379807,0.5375822257571924,0.5144330588985682,1.4870042308838245,1.5159551271924145
527,0.8659731460530632,0.8630334092832642,0.5375822262735696,0.5144330594407958,1.487004229648876,1.515955126190679
528,0.8659731461513585,0.8630334093890274,0.5375822271599319,0.5144330606000787,1.48700423010472,1.5159551267818614
529,0.8659731461298742,0.863033409365211,0.5375822266291092,0.514433060092114,1.4870042291788366,1.5159551257299704
530,0.8659731460072919,0.8630334093122459,0.5375822265356327,0.5144330601373018,1.4870042300606652,1.515955126702096
531,0.865973146035536,0.8630334093340306,0.5375822272960971,0.5144330610768532,1.4870042322982906,1.515955128907773
532,0.8659731460405349,0.8630334093475777,0.5375822268551208,0.514433060654866,1.4870042332094884,1.5159551296347422
533,0.8659731460632399,0.8630334093931574,0.5375822268712551,0.514433060598631,1.4870042329242577,1.5159551291467597
534,0.8659731461715936,0.8630334095181472,0.5375822264817941,0.5144330602259409,1.4870042337786367,1.5159551297391722
535,0.8659731461317894,0.8630334095045191,0.5375822266673713,0.5144330600049563,1.4870042330399085,1.5159551298148837
536,0.8659731460982203,0.8630334094736132,0.5375822263235734,0.5144330596759629,1.487004234301546,1.5159551311095
537,0.865973146175675,0.8630334095132636,0.5375822264099428,0.514433059558345,1.4870042344183003,1.5159551309909678
538,0.8659731461769758,0.8630334094761657,0.5375822264689606,0.5144330594699763,1.4870042339830487,1.5159551308602777
539,0.8659731462208589,0.8630334094583051,0.5375822261840757,0.514433059197359,1.4870042340435283,1.5159551302682925
540,0.8659731462726926,0.8630334095178648,0.5375822259165575,0.5144330589413606,1.4870042347964458,1.5159551310068033
541,0.8659731462774428,0.8630334093535211,0.5375822256653775,0.5144330587009969,1.4870042353766586,1.515955130892448
542,0.8659731463327975,0.8630334093916135,0.5375822263068686,0.5144330593526424,1.4870042356016848,1.5159551311047748
543,0.8659731463935864,0.8630334094588369,0.5375822266729472,0.5144330597886692,1.4870042362246783,1.5159551317158475
544,0.8659731464044943,0.8630334094778614,0.5375822264651856,0.5144330595898542,1.4870042368019605,1.5159551322968434
545,0.8659731464237612,0.8630334095089857,0.5375822264906462,0.5144330595455279,1.4870042373507206,1.5159551328351069
546,0.8659731464367226,0.8630334095309352,0.5375822268301986,0.5144330598689505,1.4870042378896688,1.5159551333161894
547,0.86597314646036,0.8630334095540229,0.53758222687523,0.5144330598073095,1.4870042380534796,1.5159551334707555
548,0.8659731464651617,0.8630334095581028,0.5375822268884498,0.5144330597785076,1.4870042378590707,1.5159551333657302
549,0.8659731464897632,0.8630334095880624,0.5375822267373895,0.5144330596339522,1.4870042381438913,1.5159551336420767
550,0.8659731464868909,0.8630334095872546,0.5375822265957091,0.5144330594983728,1.4870042378515227,1.515955133406563
551,0.865973146477371,0.8630334095691377,0.5375822266240271,0.5144330594571987,1.487004238300684,1.5159551336981418
552,0.8659731464831527,0.8630334095623854,0.5375822264994403,0.5144330593379769,1.4870042386518743,1.5159551340587474
553,0.8659731464835062,0.8630334095669392,0.5375822265021148,0.5144330593240003,1.4870042388611424,1.515955134283406
554,0.8659731465077363,0.8630334095874269,0.5375822265346016,0.5144330592809183,1.487004239045921,1.515955134301719
555,0.865973146510082,0.8630334095928869,0.5375822265399345,0.5144330592656542,1.4870042395507466,1.515955134750983
556,0.8659731465062253,0.8630334095934433,0.5375822264437365,0.5144330591735987,1.4870042394943759,1.5159551346939506
557,0.8659731464850319,0.8630334095780708,0.5375822263535881,0.5144330590873323,1.487004239412709,1.515955134607429
558,0.865973146500796,0.8630334095928649,0.5375822263606909,0.5144330590720564,1.487004239310171,1.515955134552374
559,0.8659731465397191,0.8630334096293389,0.5375822262815529,0.5144330589963262,1.4870042395872536,1.5159551348636993
560,0.8659731465437812,0.8630334096343268,0.5375822262074186,0.5144330589253842,1.4870042395962808,1.5159551348559661
561,0.8659731465422668,0.8630334096340366,0.5375822261886979,0.5144330589373861,1.4870042395333753,1.515955134789321
562,0.8659731465378009,0.8630334096293639,0.5375822261938603,0.5144330589259312,1.487004239716406,1.5159551349688494
563,0.8659731465513967,0.8630334096427043,0.5375822261742141,0.514433058939685,1.487004239661237,1.5159551349104008
564,0.8659731465569402,0.8630334096454305,0.5375822262856366,0.514433059034883,1.4870042395909013,1.5159551348743538
565,0.8659731465821362,0.8630334096674661,0.5375822263370674,0.5144330591768917,1.4870042394781764,1.5159551347881803
566,0.8659731465960468,0.8630334096834993,0.5375822262870957,0.514433059129072,1.4870042396634153,1.515955134974492
567,0.8659731465981165,0.8630334096865792,0.5375822262403233,0.5144330590843136,1.4870042397590368,1.5159551350526237
568,0.8659731466072474,0.8630334096933002,0.5375822261965504,0.5144330590424256,1.4870042397798788,1.5159551351129659
569,0.8659731466145191,0.8630334097022133,0.5375822262317839,0.514433059079423,1.4870042399732015,1.515955135300388
570,0.8659731466165357,0.8630334097036264,0.5375822262225737,0.5144330590849249,1.4870042399806593,1.5159551352927203
571,0.865973146609366,0.8630334096950844,0.5375822262282981,0.5144330590757313,1.4870042399066166,1.5159551352332086
572,0.8659731466082783,0.8630334096930493,0.5375822262304819,0.5144330590703025,1.4870042398405126,1.5159551351743552
573,0.8659731466145278,0.8630334096970953,0.5375822262202967,0.5144330590774525,1.487004239944785,1.5159551352449683
574,0.865973146624112,0.8630334097041281,0.537582226226156,0.5144330590687549,1.4870042400273467,1.5159551353259502
575,0.8659731466290436,0.8630334097072665,0.5375822262315553,0.5144330590607016,1.4870042400024972,1.5159551352996234
576,0.8659731466332203,0.8630334097123529,0.537582226205909,0.5144330590361598,1.487004240003146,1.5159551352988336
577,0.8659731466310114,0.8630334097071404,0.5375822262071426,0.5144330590772048,1.4870042400260248,1.5159551353204213
578,0.865973146634824,0.8630334097116911,0.5375822262062484,0.5144330590759306,1.4870042400677248,1.5159551353623015
579,0.8659731466384383,0.8630334097163372,0.5375822262104378,0.5144330590697146,1.4870042400625774,1.5159551353673335
580,0.8659731466362129,0.8630334097147931,0.5375822261908643,0.5144330590509839,1.4870042400677312,1.5159551353620755
581,0.8659731466376137,0.8630334097170328,0.5375822261891038,0.5144330590509748,1.487004240086148,1.5159551353775798
582,0.8659731466388836,0.8630334097189605,0.5375822261720163,0.5144330590346232,1.4870042401335872,1.5159551354254037
583,0.8659731466358371,0.8630334097158864,0.5375822261560539,0.5144330590193481,1.4870042401620942,1.5159551354561953
584,0.865973146634231,0.8630334097145757,0.537582226159179,0.5144330590147802,1.4870042401500612,1.5159551354683674
585,0.8659731466351859,0.8630334097165656,0.5375822261736651,0.5144330590248497,1.4870042401541599,1.515955135464192
586,0.8659731466380767,0.8630334097182244,0.5375822261755816,0.514433059021675,1.4870042401609174,1.5159551354815517
587,0.8659731466376147,0.8630334097176509,0.5375822261634401,0.5144330590100563,1.4870042401725037,1.515955135492484
588,0.8659731466365079,0.863033409716632,0.5375822261521048,0.5144330589992091,1.487004240214101,1.5159551355351688
589,0.8659731466354327,0.8630334097158563,0.537582226170485,0.5144330590191717,1.4870042402241985,1.5159551355446963
590,0.8659731466373519,0.8630334097176336,0.5375822261606087,0.5144330590097207,1.487004240221242,1.5159551355475986
591,0.8659731466418998,0.8630334097221799,0.5375822261685371,0.514433059018046,1.4870042402550974,1.5159551355651297
592,0.8659731466420626,0.8630334097226713,0.5375822261599361,0.5144330590098154,1.4870042402633437,1.5159551355728356
593,0.8659731466449474,0.8630334097250403,0.5375822261618596,0.5144330590071156,1.4870042402710122,1.5159551355949787
594,0.865973146646636,0.8630334097269775,0.5375822261608342,0.5144330590074166,1.487004240291079,1.5159551356166505
595,0.8659731466449583,0.8630334097246515,0.5375822261538505,0.5144330590007338,1.4870042403056019,1.5159551356410619
596,0.86597314664642,0.8630334097264271,0.5375822261539176,0.5144330590000366,1.4870042403249788,1.5159551356579986
597,0.8659731466468468,0.8630334097270821,0.5375822261532557,0.5144330590001107,1.487004240336188,1.515955135669355
598,0.8659731466463612,0.8630334097266499,0.5375822261549849,0.5144330590083699,1.4870042403310568,1.5159551356639187
599,0.8659731466474132,0.8630334097273309,0.5375822261532701,0.5144330590095737,1.487004240348612,1.515955135675807
600,0.865973146646374,0.8630334097266604,0.5375822261483469,0.5144330590048625,1.487004240342218,1.5159551356730172
601,0.8659731466472965,0.8630334097271867,0.5375822261471433,0.5144330590056219,1.487004240339826,1.5159551356668475
602,0.8659731466481946,0.863033409728215,0.5375822261506916,0.5144330590096159,1.4870042403439074,1.5159551356706986
603,0.8659731466493449,0.8630334097293141,0.5375822261467058,0.5144330590058017,1.487004240353488,1.5159551356685121
604,0.8659731466491369,0.8630334097292036,0.537582226146597,0.5144330590055511,1.4870042403501236,1.5159551356649477
605,0.8659731466488741,0.8630334097289079,0.5375822261495734,0.5144330590086765,1.4870042403512271,1.5159551356638248
606,0.8659731466488234,0.8630334097288345,0.5375822261463501,0.514433059005592,1.4870042403612262,1.5159551356717957
607,0.8659731466494819,0.8630334097293817,0.5375822261513239,0.5144330590059126,1.4870042403585064,1.5159551356689143
608,0.865973146649635,0.8630334097295697,0.5375822261485277,0.5144330590032369,1.487004240358847,1.5159551356686227
609,0.8659731466492018,0.8630334097291058,0.5375822261478793,0.5144330590036332,1.4870042403613317,1.5159551356709673
610,0.8659731466494207,0.8630334097291567,0.5375822261454548,0.5144330590013132,1.4870042403636468,1.5159551356731515
611,0.8659731466492049,0.8630334097289822,0.5375822261451502,0.5144330590013995,1.4870042403623251,1.5159551356724676
612,0.8659731466493567,0.8630334097291507,0.5375822261457633,0.5144330590044914,1.4870042403611523,1.515955135671745
613,0.8659731466498419,0.8630334097296126,0.5375822261460719,0.5144330590039937,1.4870042403739323,1.5159551356844194
614,0.8659731466496232,0.8630334097295266,0.5375822261442518,0.514433059002252,1.4870042403756691,1.515955135686058
615,0.8659731466493567,0.8630334097293801,0.5375822261425581,0.5144330590006313,1.487004240376518,1.5159551356883503
616,0.8659731466489137,0.8630334097290563,0.5375822261423421,0.5144330590006948,1.4870042403795931,1.5159551356911287
617,0.8659731466493367,0.8630334097294812,0.537582226140876,0.5144330589992919,1.487004240380992,1.5159551356924488
618,0.8659731466493131,0.8630334097294522,0.5375822261395123,0.514433058997987,1.4870042403841142,1.5159551356943926
619,0.8659731466492369,0.8630334097293931,0.5375822261408745,0.5144330589988614,1.4870042403829653,1.5159551356931753
620,0.8659731466493132,0.86303340972936,0.5375822261410623,0.5144330589985595,1.487004240386285,1.5159551356964316
621,0.8659731466493484,0.8630334097293711,0.537582226141353,0.5144330589981627,1.4870042403852914,1.5159551356953789
622,0.8659731466496615,0.8630334097297171,0.5375822261403332,0.5144330589971869,1.487004240386228,1.5159551356963337
623,0.8659731466496603,0.8630334097298095,0.5375822261393853,0.5144330589962798,1.4870042403888961,1.5159551356989507
624,0.8659731466496633,0.8630334097297547,0.5375822261385041,0.5144330589954366,1.4870042403877546,1.5159551356984482
625,0.8659731466495946,0.8630334097297185,0.5375822261376852,0.5144330589946529,1.4870042403885066,1.5159551356992151
626,0.8659731466496338,0.8630334097298143,0.5375822261377073,0.514433058994557,1.4870042403911006,1.5159551357008643
627,0.8659731466496353,0.8630334097298424,0.5375822261370002,0.5144330589938804,1.4870042403911563,1.5159551357008045
628,0.8659731466496133,0.863033409729891,0.5375822261370796,0.5144330589937373,1.4870042403917836,1.5159551357013965
629,0.8659731466495594,0.8630334097298589,0.5375822261370556,0.5144330589937022,1.487004240393501,1.5159551357030812
630,0.8659731466495817,0.8630334097297965,0.5375822261371446,0.5144330589935584,1.487004240394556,1.5159551357030776
631,0.8659731466495583,0.8630334097297884,0.537582226137035,0.5144330589936169,1.487004240394079,1.5159551357025722
632,0.8659731466495801,0.8630334097298306,0.5375822261365462,0.5144330589931491,1.487004240393182,1.5159551357016476
633,0.865973146649677,0.8630334097299288,0.5375822261360923,0.5144330589927147,1.4870042403927712,1.5159551357012122
634,0.8659731466496893,0.8630334097299681,0.5375822261372387,0.5144330589938794,1.487004240393848,1.515955135701701
635,0.8659731466497222,0.863033409730023,0.5375822261368476,0.514433058993505,1.4870042403942212,1.515955135702053
636,0.8659731466497528,0.863033409729999,0.5375822261364845,0.5144330589931576,1.4870042403959185,1.5159551357037309
637,0.8659731466497704,0.8630334097300296,0.5375822261364528,0.5144330589931568,1.4870042403965122,1.5159551357043886
638,0.8659731466498533,0.863033409730117,0.537582226136379,0.5144330589932005,1.4870042403967068,1.515955135704774
639,0.8659731466497452,0.8630334097300284,0.5375822261360889,0.5144330589929228,1.4870042403966357,1.5159551357048435
640,0.865973146649766,0.8630334097300737,0.5375822261361095,0.5144330589928761,1.4870042403961024,1.5159551357043743
641,0.865973146649808,0.8630334097301167,0.5375822261358598,0.5144330589926371,1.487004240396042,1.5159551357044332
642,0.8659731466497838,0.8630334097300535,0.5375822261357259,0.5144330589927488,1.4870042403961656,1.5159551357043088
643,0.8659731466497484,0.8630334097300298,0.5375822261355112,0.5144330589925433,1.4870042403963823,1.5159551357044903
644,0.8659731466497558,0.8630334097299974,0.5375822261354193,0.514433058992616,1.4870042403964163,1.5159551357048255
645,0.8659731466497528,0.8630334097299931,0.5375822261352347,0.5144330589924394,1.4870042403969888,1.515955135705282
646,0.8659731466497885,0.863033409730033,0.5375822261352029,0.5144330589924546,1.4870042403968338,1.515955135705118
647,0.8659731466497834,0.863033409730034,0.5375822261350442,0.5144330589923028,1.4870042403971546,1.5159551357053862
648,0.8659731466497637,0.8630334097300231,0.5375822261351707,0.5144330589924356,1.4870042403971755,1.5159551357053647
649,0.8659731466497806,0.863033409730033,0.5375822261352228,0.5144330589923705,1.4870042403967987,1.5159551357049805
650,0.8659731466497913,0.8630334097300463,0.5375822261353163,0.5144330589924995,1.4870042403966695,1.515955135704875
651,0.8659731466497901,0.8630334097300429,0.5375822261351993,0.5144330589923876,1.4870042403967392,1.515955135705022
652,0.8659731466497999,0.8630334097300574,0.5375822261351505,0.5144330589924259,1.487004240397044,1.515955135705321
653,0.8659731466497976,0.8630334097300577,0.5375822261351305,0.5144330589924361,1.4870042403969532,1.5159551357052248
654,0.8659731466497957,0.8630334097300573,0.5375822261350376,0.5144330589923471,1.4870042403967614,1.5159551357050702
655,0.8659731466498137,0.8630334097300791,0.5375822261350152,0.5144330589923612,1.48700424039694,1.5159551357052112
656,0.8659731466498213,0.8630334097300848,0.5375822261350166,0.5144330589923519,1.4870042403970158,1.515955135705283
657,0.8659731466498349,0.8630334097300952,0.5375822261352011,0.5144330589924347,1.4870042403970862,1.5159551357053493
658,0.8659731466498406,0.8630334097301053,0.5375822261354355,0.5144330589925747,1.4870042403971513,1.5159551357054109
659,0.8659731466498364,0.8630334097301027,0.5375822261353723,0.5144330589925142,1.4870042403972117,1.5159551357054677
660,0.8659731466498445,0.8630334097301086,0.537582226135397,0.5144330589924839,1.4870042403971842,1.5159551357054946
661,0.8659731466498475,0.8630334097301132,0.5375822261354584,0.5144330589925178,1.487004240397193,1.5159551357054855
662,0.8659731466498547,0.8630334097301227,0.5375822261354536,0.5144330589925177,1.4870042403971955,1.5159551357054826
663,0.8659731466498666,0.8630334097301284,0.5375822261354073,0.5144330589924734,1.4870042403972397,1.5159551357055243
664,0.8659731466498715,0.8630334097301354,0.5375822261354051,0.5144330589924715,1.4870042403971993,1.5159551357054848
665,0.8659731466498707,0.8630334097301352,0.5375822261353654,0.5144330589924335,1.4870042403971349,1.5159551357054015
666,0.8659731466498788,0.8630334097301448,0.5375822261353604,0.514433058992435,1.487004240397233,1.5159551357055077
667,0.8659731466498812,0.8630334097301485,0.5375822261353568,0.5144330589924354,1.4870042403972956,1.5159551357055707
668,0.8659731466498816,0.8630334097301495,0.5375822261353651,0.5144330589924241,1.4870042403973622,1.5159551357056777
669,0.8659731466498906,0.8630334097301596,0.5375822261353629,0.5144330589924234,1.487004240397336,1.51595513570565
670,0.8659731466498973,0.8630334097301663,0.5375822261353644,0.5144330589924194,1.4870042403972836,1.5159551357056027
671,0.8659731466498982,0.8630334097301651,0.5375822261354243,0.5144330589924492,1.4870042403973636,1.5159551357056607
672,0.8659731466499062,0.863033409730174,0.5375822261354014,0.5144330589924273,1.4870042403974115,1.5159551357056975
673,0.865973146649903,0.863033409730173,0.5375822261353803,0.5144330589924071,1.4870042403975103,1.5159551357057952
674,0.8659731466499071,0.863033409730178,0.5375822261353752,0.5144330589924103,1.4870042403975507,1.5159551357058272
675,0.8659731466499073,0.8630334097301788,0.5375822261353743,0.5144330589924095,1.4870042403975507,1.515955135705827
676,0.8659731466499097,0.86303340973018,0.5375822261353773,0.5144330589924049,1.4870042403975667,1.515955135705842
677,0.8659731466499129,0.8630334097301835,0.5375822261353782,0.5144330589924024,1.487004240397573,1.5159551357058354
678,0.8659731466499138,0.8630334097301817,0.5375822261353703,0.514433058992409,1.48700424039756,1.5159551357058219
679,0.8659731466499122,0.863033409730181,0.537582226135406,0.5144330589924452,1.4870042403975716,1.5159551357058587
680,0.8659731466499135,0.8630334097301832,0.5375822261353939,0.5144330589924336,1.4870042403975745,1.5159551357058556
681,0.8659731466499151,0.8630334097301832,0.5375822261353826,0.514433058992423,1.4870042403975907,1.515955135705881
682,0.8659731466499145,0.8630334097301832,0.5375822261353723,0.5144330589924131,1.4870042403976376,1.5159551357059298
683,0.8659731466499129,0.863033409730181,0.5375822261353748,0.5144330589924098,1.487004240397652,1.5159551357059864
684,0.8659731466499154,0.8630334097301835,0.537582226135366,0.5144330589924013,1.487004240397654,1.5159551357059844
685,0.8659731466499125,0.8630334097301813,0.537582226135374,0.5144330589924075,1.4870042403976813,1.515955135706009
686,0.8659731466499138,0.8630334097301827,0.5375822261353739,0.514433058992407,1.4870042403976877,1.5159551357060164
687,0.8659731466499139,0.8630334097301833,0.5375822261353733,0.514433058992407,1.487004240397707,1.5159551357060355
688,0.8659731466499154,0.8630334097301849,0.5375822261353733,0.5144330589924064,1.4870042403977146,1.51595513570604
689,0.8659731466499176,0.8630334097301874,0.5375822261353674,0.5144330589924009,1.4870042403977117,1.5159551357060428
690,0.8659731466499184,0.8630334097301876,0.537582226135362,0.5144330589923957,1.487004240397736,1.5159551357060586
691,0.8659731466499193,0.8630334097301887,0.537582226135357,0.5144330589923909,1.48700424039774,1.5159551357060639
692,0.8659731466499188,0.8630334097301884,0.5375822261353524,0.5144330589923864,1.4870042403977357,1.5159551357060594
693,0.865973146649918,0.863033409730188,0.5375822261353528,0.5144330589923857,1.4870042403977521,1.5159551357060743
694,0.8659731466499175,0.8630334097301877,0.5375822261353489,0.514433058992382,1.487004240397745,1.5159551357060672
695,0.8659731466499184,0.8630334097301885,0.5375822261353453,0.5144330589923786,1.4870042403977417,1.5159551357060639
696,0.8659731466499176,0.8630334097301883,0.537582226135351,0.5144330589923849,1.4870042403977446,1.5159551357060672
697,0.8659731466499181,0.8630334097301888,0.5375822261353537,0.5144330589923877,1.4870042403977506,1.5159551357060725
698,0.8659731466499193,0.86303340973019,0.5375822261353537,0.5144330589923876,1.4870042403977535,1.5159551357060748
699,0.8659731466499185,0.8630334097301889,0.5375822261353511,0.5144330589923851,1.4870042403977592,1.5159551357060788
700,0.8659731466499186,0.863033409730189,0.5375822261353487,0.5144330589923828,1.4870042403977608,1.5159551357060816
701,0.8659731466499191,0.8630334097301894,0.5375822261353523,0.514433058992387,1.4870042403977701,1.5159551357060885
702,0.8659731466499192,0.8630334097301896,0.5375822261353556,0.5144330589923911,1.4870042403977684,1.5159551357060865
703,0.8659731466499194,0.8630334097301899,0.5375822261353537,0.5144330589923893,1.4870042403977686,1.5159551357060865
704,0.8659731466499192,0.8630334097301899,0.5375822261353534,0.5144330589923893,1.4870042403977717,1.5159551357060896
705,0.8659731466499194,0.8630334097301902,0.5375822261353519,0.5144330589923879,1.4870042403977717,1.5159551357060896
706,0.8659731466499196,0.8630334097301903,0.5375822261353504,0.5144330589923866,1.4870042403977752,1.5159551357060916
707,0.86597314664992,0.8630334097301905,0.5375822261353541,0.5144330589923903,1.4870042403977766,1.5159551357060927
708,0.8659731466499194,0.8630334097301903,0.537582226135354,0.5144330589923902,1.4870042403977763,1.5159551357060925
709,0.8659731466499195,0.8630334097301904,0.5375822261353556,0.5144330589923907,1.4870042403977801,1.5159551357060952
710,0.8659731466499198,0.8630334097301905,0.5375822261353546,0.5144330589923897,1.4870042403977821,1.515955135706097
711,0.8659731466499199,0.8630334097301907,0.5375822261353554,0.5144330589923904,1.4870042403977848,1.5159551357060996
712,0.8659731466499196,0.8630334097301904,0.5375822261353551,0.5144330589923907,1.4870042403977861,1.5159551357061016
713,0.8659731466499195,0.8630334097301904,0.5375822261353542,0.5144330589923899,1.4870042403977846,1.5159551357061
714,0.8659731466499199,0.8630334097301906,0.5375822261353541,0.51443305899239,1.4870042403977841,1.5159551357060992
715,0.86597314664992,0.8630334097301907,0.5375822261353534,0.5144330589923893,1.4870042403977866,1.515955135706102
716,0.8659731466499198,0.8630334097301907,0.5375822261353533,0.5144330589923892,1.4870042403977866,1.515955135706102
717,0.8659731466499199,0.8630334097301908,0.5375822261353528,0.5144330589923887,1.4870042403977872,1.5159551357061034
718,0.8659731466499201,0.8630334097301912,0.5375822261353522,0.5144330589923881,1.4870042403977868,1.5159551357061027
719,0.8659731466499202,0.8630334097301913,0.5375822261353518,0.5144330589923877,1.487004240397788,1.5159551357061036
720,0.86597314664992,0.8630334097301913,0.5375822261353517,0.5144330589923877,1.4870042403977881,1.5159551357061036
721,0.86597314664992,0.8630334097301912,0.5375822261353523,0.5144330589923884,1.4870042403977894,1.5159551357061047
722,0.8659731466499198,0.8630334097301913,0.5375822261353526,0.5144330589923889,1.4870042403977906,1.5159551357061056
723,0.8659731466499198,0.8630334097301913,0.5375822261353522,0.5144330589923886,1.4870042403977901,1.5159551357061047
724,0.8659731466499199,0.8630334097301913,0.5375822261353519,0.5144330589923882,1.4870042403977903,1.515955135706105
725,0.86597314664992,0.8630334097301914,0.537582226135352,0.5144330589923884,1.48700424039779,1.5159551357061047
726,0.8659731466499201,0.8630334097301914,0.5375822261353518,0.5144330589923882,1.4870042403977901,1.515955135706105
727,0.8659731466499202,0.8630334097301915,0.5375822261353518,0.5144330589923882,1.4870042403977903,1.5159551357061052
728,0.8659731466499202,0.8630334097301915,0.5375822261353516,0.514433058992388,1.4870042403977903,1.5159551357061052
729,0.8659731466499202,0.8630334097301916,0.5375822261353513,0.5144330589923878,1.4870042403977908,1.5159551357061058
730,0.8659731466499202,0.8630334097301916,0.5375822261353512,0.5144330589923878,1.4870042403977914,1.5159551357061065
731,0.8659731466499203,0.8630334097301917,0.5375822261353512,0.5144330589923877,1.4870042403977912,1.5159551357061063
732,0.8659731466499203,0.8630334097301918,0.5375822261353512,0.5144330589923876,1.487004240397791,1.515955135706106
733,0.8659731466499204,0.8630334097301917,0.5375822261353514,0.5144330589923877,1.4870042403977914,1.5159551357061063
734,0.8659731466499204,0.8630334097301917,0.5375822261353514,0.5144330589923877,1.4870042403977914,1.515955135706106
735,0.8659731466499204,0.8630334097301917,0.5375822261353514,0.5144330589923877,1.4870042403977917,1.515955135706106
736,0.8659731466499204,0.8630334097301917,0.5375822261353517,0.5144330589923879,1.4870042403977919,1.515955135706106
737,0.8659731466499203,0.8630334097301916,0.5375822261353517,0.5144330589923879,1.487004240397792,1.515955135706106
738,0.8659731466499202,0.8630334097301916,0.5375822261353516,0.5144330589923878,1.4870042403977923,1.515955135706106
739,0.8659731466499203,0.8630334097301916,0.5375822261353516,0.5144330589923878,1.487004240397792,1.5159551357061058
740,0.8659731466499203,0.8630334097301916,0.5375822261353517,0.5144330589923879,1.487004240397792,1.515955135706106
741,0.8659731466499203,0.8630334097301916,0.5375822261353516,0.5144330589923878,1.4870042403977923,1.5159551357061063
742,0.8659731466499203,0.8630334097301916,0.5375822261353516,0.5144330589923878,1.4870042403977923,1.5159551357061063
743,0.8659731466499203,0.8630334097301916,0.5375822261353517,0.5144330589923879,1.487004240397792,1.5159551357061063
744,0.8659731466499203,0.8630334097301916,0.5375822261353516,0.5144330589923878,1.487004240397792,1.5159551357061063
745,0.8659731466499202,0.8630334097301916,0.5375822261353514,0.5144330589923877,1.4870042403977923,1.5159551357061065
746,0.8659731466499201,0.8630334097301916,0.5375822261353513,0.5144330589923876,1.487004240397792,1.5159551357061063
747,0.8659731466499201,0.8630334097301916,0.5375822261353512,0.5144330589923874,1.4870042403977919,1.515955135706106
748,0.8659731466499201,0.8630334097301916,0.5375822261353512,0.5144330589923874,1.4870042403977919,1.515955135706106
749,0.8659731466499201,0.8630334097301916,0.5375822261353511,0.5144330589923873,1.4870042403977919,1.515955135706106
750,0.8659731466499201,0.8630334097301916,0.537582226135351,0.5144330589923872,1.4870042403977919,1.515955135706106
751,0.8659731466499201,0.8630334097301916,0.5375822261353509,0.5144330589923871,1.4870042403977917,1.5159551357061058
752,0.8659731466499202,0.8630334097301915,0.5375822261353509,0.5144330589923871,1.4870042403977917,1.5159551357061058
753,0.8659731466499202,0.8630334097301915,0.5375822261353509,0.5144330589923871,1.4870042403977917,1.5159551357061058
754,0.8659731466499202,0.8630334097301915,0.5375822261353509,0.5144330589923871,1.4870042403977919,1.515955135706106
755,0.8659731466499202,0.8630334097301915,0.5375822261353509,0.5144330589923871,1.487004240397792,1.515955135706106
756,0.8659731466499202,0.8630334097301915,0.5375822261353509,0.5144330589923871,1.487004240397792,1.515955135706106
757,0.8659731466499202,0.8630334097301915,0.5375822261353509,0.5144330589923871,1.487004240397792,1.515955135706106
758,0.8659731466499202,0.8630334097301915,0.5375822261353509,0.5144330589923871,1.487004240397792,1.515955135706106
759,0.8659731466499202,0.8630334097301915,0.5375822261353509,0.5144330589923871,1.487004240397792,1.515955135706106
760,0.8659731466499202,0.8630334097301915,0.5375822261353509,0.5144330589923871,1.487004240397792,1.515955135706106
761,0.8659731466499202,0.8630334097301915,0.5375822261353509,0.5144330589923871,1.487004240397792,1.515955135706106
762,0.8659731466499202,0.8630334097301915,0.5375822261353509,0.5144330589923871,1.487004240397792,1.515955135706106
763,0.8659731466499202,0.8630334097301915,0.5375822261353509,0.5144330589923871,1.487004240397792,1.515955135706106
764,0.8659731466499202,0.8630334097301915,0.5375822261353509,0.5144330589923871,1.487004240397792,1.515955135706106
765,0.8659731466499202,0.8630334097301915,0.5375822261353509,0.5144330589923871,1.487004240397792,1.515955135706106
766,0.8659731466499202,0.8630334097301915,0.5375822261353509,0.5144330589923871,1.487004240397792,1.515955135706106
767,0.8659731466499202,0.8630334097301915,0.5375822261353509,0.5144330589923871,1.487004240397792,1.515955135706106
768,0.8659731466499202,0.8630334097301915,0.5375822261353509,0.5144330589923871,1.487004240397792,1.515955135706106
769,0.8659731466499202,0.8630334097301915,0.5375822261353509,0.5144330589923871,1.487004240397792,1.515955135706106
770,0.8659731466499202,0.8630334097301915,0.5375822261353509,0.5144330589923871,1.487004240397792,1.515955135706106
771,0.8659731466499202,0.8630334097301915,0.5375822261353509,0.5144330589923871,1.487004240397792,1.515955135706106
772,0.8659731466499202,0.8630334097301915,0.5375822261353509,0.5144330589923871,1.487004240397792,1.515955135706106
773,0.8659731466499202,0.8630334097301915,0.5375822261353509,0.5144330589923871,1.487004240397792,1.515955135706106
774,0.8659731466499202,0.8630334097301915,0.5375822261353509,0.5144330589923871,1.487004240397792,1.515955135706106
775,0.8659731466499202,0.8630334097301915,0.5375822261353509,0.5144330589923871,1.487004240397792,1.515955135706106
776,0.8659731466499202,0.8630334097301915,0.5375822261353509,0.5144330589923871,1.487004240397792,1.515955135706106
777,0.8659731466499202,0.8630334097301915,0.5375822261353509,0.5144330589923871,1.487004240397792,1.515955135706106
778,0.8659731466499202,0.8630334097301915,0.5375822261353509,0.5144330589923871,1.487004240397792,1.515955135706106
779,0.8659731466499202,0.8630334097301915,0.5375822261353509,0.5144330589923871,1.487004240397792,1.515955135706106
780,0.8659731466499202,0.8630334097301915,0.5375822261353509,0.5144330589923871,1.487004240397792,1.515955135706106
781,0.8659731466499202,0.8630334097301915,0.5375822261353509,0.5144330589923871,1.487004240397792,1.515955135706106
782,0.8659731466499202,0.8630334097301915,0.5375822261353509,0.5144330589923871,1.487004240397792,1.515955135706106
783,0.8659731466499202,0.8630334097301915,0.5375822261353509,0.5144330589923871,1.487004240397792,1.515955135706106
784,0.8659731466499202,0.8630334097301915,0.5375822261353509,0.5144330589923871,1.487004240397792,1.515955135706106
785,0.8659731466499202,0.8630334097301915,0.5375822261353509,0.5144330589923871,1.487004240397792,1.515955135706106
786,0.8659731466499202,0.8630334097301915,0.5375822261353509,0.5144330589923871,1.487004240397792,1.515955135706106
787,0.8659731466499202,0.8630334097301915,0.5375822261353509,0.5144330589923871,1.487004240397792,1.515955135706106
788,0.8659731466499202,0.8630334097301915,0.5375822261353509,0.5144330589923871,1.487004240397792,1.515955135706106
789,0.8659731466499202,0.8630334097301915,0.5375822261353509,0.5144330589923871,1.487004240397792,1.515955135706106
790,0.8659731466499202,0.8630334097301915,0.5375822261353509,0.5144330589923871,1.487004240397792,1.515955135706106
791,0.8659731466499202,0.8630334097301915,0.5375822261353509,0.5144330589923871,1.487004240397792,1.515955135706106
792,0.8659731466499202,0.8630334097301915,0.5375822261353509,0.5144330589923871,1.487004240397792,1.515955135706106
793,0.8659731466499202,0.8630334097301915,0.5375822261353509,0.5144330589923871,1.487004240397792,1.515955135706106
794,0.8659731466499202,0.8630334097301915,0.5375822261353509,0.5144330589923871,1.487004240397792,1.515955135706106
795,0.8659731466499202,0.8630334097301915,0.5375822261353509,0.5144330589923871,1.487004240397792,1.515955135706106
796,0.8659731466499202,0.8630334097301915,0.5375822261353509,0.5144330589923871,1.487004240397792,1.515955135706106
797,0.8659731466499202,0.8630334097301915,0.5375822261353509,0.5144330589923871,1.487004240397792,1.515955135706106
798,0.8659731466499202,0.8630334097301915,0.5375822261353509,0.5144330589923871,1.487004240397792,1.515955135706106
799,0.8659731466499202,0.8630334097301915,0.5375822261353509,0.5144330589923871,1.487004240397792,1.515955135706106
800,0.8659731466499202,0.8630334097301915,0.5375822261353509,0.5144330589923871,1.487004240397792,1.515955135706106
801,0.8659731466499202,0.8630334097301915,0.5375822261353509,0.5144330589923871,1.487004240397792,1.515955135706106
802,0.8659731466499202,0.8630334097301915,0.5375822261353509,0.5144330589923871,1.487004240397792,1.515955135706106
803,0.8659731466499202,0.8630334097301915,0.5375822261353509,0.5144330589923871,1.487004240397792,1.515955135706106
804,0.8659731466499202,0.8630334097301915,0.5375822261353509,0.5144330589923871,1.487004240397792,1.515955135706106
805,0.8659731466499202,0.8630334097301915,0.5375822261353509,0.5144330589923871,1.487004240397792,1.515955135706106
806,0.8659731466499202,0.8630334097301915,0.5375822261353509,0.5144330589923871,1.487004240397792,1.515955135706106
807,0.8659731466499202,0.8630334097301915,0.5375822261353509,0.5144330589923871,1.487004240397792,1.515955135706106
808,0.8659731466499202,0.8630334097301915,0.5375822261353509,0.5144330589923871,1.487004240397792,1.515955135706106
809,0.8659731466499202,0.8630334097301915,0.5375822261353509,0.5144330589923871,1.487004240397792,1.515955135706106
810,0.8659731466499202,0.8630334097301915,0.5375822261353509,0.5144330589923871,1.487004240397792,1.515955135706106
811,0.8659731466499202,0.8630334097301915,0.5375822261353509,0.5144330589923871,1.487004240397792,1.515955135706106
812,0.8659731466499202,0.8630334097301915,0.5375822261353509,0.5144330589923871,1.487004240397792,1.515955135706106
813,0.8659731466499202,0.8630334097301915,0.5375822261353509,0.5144330589923871,1.487004240397792,1.515955135706106
814,0.8659731466499202,0.8630334097301915,0.5375822261353509,0.5144330589923871,1.487004240397792,1.515955135706106
815,0.8659731466499202,0.8630334097301915,0.5375822261353509,0.5144330589923871,1.487004240397792,1.515955135706106
816,0.8659731466499202,0.8630334097301915,0.5375822261353509,0.5144330589923871,1.487004240397792,1.515955135706106
817,0.8659731466499202,0.8630334097301915,0.5375822261353509,0.5144330589923871,1.487004240397792,1.515955135706106
818,0.8659731466499202,0.8630334097301915,0.5375822261353509,0.5144330589923871,1.487004240397792,1.515955135706106
819,0.8659731466499202,0.8630334097301915,0.5375822261353509,0.5144330589923871,1.487004240397792,1.515955135706106
820,0.8659731466499202,0.8630334097301915,0.5375822261353509,0.5144330589923871,1.487004240397792,1.515955135706106
821,0.8659731466499202,0.8630334097301915,0.5375822261353509,0.5144330589923871,1.487004240397792,1.515955135706106
822,0.8659731466499202,0.8630334097301915,0.5375822261353509,0.5144330589923871,1.487004240397792,1.515955135706106
823,0.8659731466499202,0.8630334097301915,0.5375822261353509,0.5144330589923871,1.487004240397792,1.515955135706106
824,0.8659731466499202,0.8630334097301915,0.5375822261353509,0.5144330589923871,1.487004240397792,1.515955135706106
825,0.8659731466499202,0.8630334097301915,0.5375822261353509,0.5144330589923871,1.487004240397792,1.515955135706106
826,0.8659731466499202,0.8630334097301915,0.5375822261353509,0.5144330589923871,1.487004240397792,1.515955135706106
827,0.8659731466499202,0.8630334097301915,0.5375822261353509,0.5144330589923871,1.487004240397792,1.515955135706106
828,0.8659731466499202,0.8630334097301915,0.5375822261353509,0.5144330589923871,1.487004240397792,1.515955135706106
829,0.8659731466499202,0.8630334097301915,0.5375822261353509,0.5144330589923871,1.487004240397792,1.515955135706106
830,0.8659731466499202,0.8630334097301915,0.5375822261353509,0.5144330589923871,1.487004240397792,1.515955135706106
831,0.8659731466499202,0.8630334097301915,0.5375822261353509,0.5144330589923871,1.487004240397792,1.515955135706106
832,0.8659731466499202,0.8630334097301915,0.5375822261353509,0.5144330589923871,1.487004240397792,1.515955135706106
833,0.8659731466499202,0.8630334097301915,0.5375822261353509,0.5144330589923871,1.487004240397792,1.515955135706106
834,0.8659731466499202,0.8630334097301915,0.5375822261353509,0.5144330589923871,1.487004240397792,1.515955135706106
835,0.8659731466499202,0.8630334097301915,0.5375822261353509,0.5144330589923871,1.487004240397792,1.515955135706106
836,0.8659731466499202,0.8630334097301915,0.5375822261353509,0.5144330589923871,1.487004240397792,1.515955135706106
837,0.8659731466499202,0.8630334097301915,0.5375822261353509,0.5144330589923871,1.487004240397792,1.515955135706106
838,0.8659731466499202,0.8630334097301915,0.5375822261353509,0.5144330589923871,1.487004240397792,1.515955135706106
839,0.8659731466499202,0.8630334097301915,0.5375822261353509,0.5144330589923871,1.487004240397792,1.515955135706106
840,0.8659731466499202,0.8630334097301915,0.5375822261353509,0.5144330589923871,1.487004240397792,1.515955135706106
841,0.8659731466499202,0.8630334097301915,0.5375822261353509,0.5144330589923871,1.487004240397792,1.515955135706106
842,0.8659731466499202,0.8630334097301915,0.5375822261353509,0.5144330589923871,1.487004240397792,1.515955135706106
843,0.8659731466499202,0.8630334097301915,0.5375822261353509,0.5144330589923871,1.487004240397792,1.515955135706106
844,0.8659731466499202,0.8630334097301915,0.5375822261353509,0.5144330589923871,1.487004240397792,1.515955135706106
845,0.8659731466499202,0.8630334097301915,0.5375822261353509,0.5144330589923871,1.487004240397792,1.515955135706106
846,0.8659731466499202,0.8630334097301915,0.5375822261353509,0.5144330589923871,1.487004240397792,1.515955135706106
847,0.8659731466499202,0.8630334097301915,0.5375822261353509,0.5144330589923871,1.487004240397792,1.515955135706106
848,0.8659731466499202,0.8630334097301915,0.5375822261353509,0.5144330589923871,1.487004240397792,1.515955135706106
849,0.8659731466499202,0.8630334097301915,0.5375822261353509,0.5144330589923871,1.487004240397792,1.515955135706106
850,0.8659731466499202,0.8630334097301915,0.5375822261353509,0.5144330589923871,1.487004240397792,1.515955135706106
851,0.8659731466499202,0.8630334097301915,0.5375822261353509,0.5144330589923871,1.487004240397792,1.515955135706106
852,0.8659731466499202,0.8630334097301915,0.5375822261353509,0.5144330589923871,1.487004240397792,1.515955135706106
853,0.8659731466499202,0.8630334097301915,0.5375822261353509,0.5144330589923871,1.487004240397792,1.515955135706106
854,0.8659731466499202,0.8630334097301915,0.5375822261353509,0.5144330589923871,1.487004240397792,1.515955135706106
855,0.8659731466499202,0.8630334097301915,0.5375822261353509,0.5144330589923871,1.487004240397792,1.515955135706106
856,0.8659731466499202,0.8630334097301915,0.5375822261353509,0.5144330589923871,1.487004240397792,1.515955135706106
857,0.8659731466499202,0.8630334097301915,0.5375822261353509,0.5144330589923871,1.487004240397792,1.515955135706106
858,0.8659731466499202,0.8630334097301915,0.5375822261353509,0.5144330589923871,1.487004240397792,1.515955135706106
859,0.8659731466499202,0.8630334097301915,0.5375822261353509,0.5144330589923871,1.487004240397792,1.515955135706106
860,0.8659731466499202,0.8630334097301915,0.5375822261353509,0.5144330589923871,1.487004240397792,1.515955135706106
861,0.8659731466499202,0.8630334097301915,0.5375822261353509,0.5144330589923871,1.487004240397792,1.515955135706106
862,0.8659731466499202,0.8630334097301915,0.5375822261353509,0.5144330589923871,1.487004240397792,1.515955135706106
863,0.8659731466499202,0.8630334097301915,0.5375822261353509,0.5144330589923871,1.487004240397792,1.515955135706106
864,0.8659731466499202,0.8630334097301915,0.5375822261353509,0.5144330589923871,1.487004240397792,1.515955135706106
865,0.8659731466499202,0.8630334097301915,0.5375822261353509,0.5144330589923871,1.487004240397792,1.515955135706106
866,0.8659731466499202,0.8630334097301915,0.5375822261353509,0.5144330589923871,1.487004240397792,1.515955135706106
867,0.8659731466499202,0.8630334097301915,0.5375822261353509,0.5144330589923871,1.487004240397792,1.515955135706106
868,0.8659731466499202,0.8630334097301915,0.5375822261353509,0.5144330589923871,1.487004240397792,1.515955135706106
869,0.8659731466499202,0.8630334097301915,0.5375822261353509,0.5144330589923871,1.487004240397792,1.515955135706106
870,0.8659731466499202,0.8630334097301915,0.5375822261353509,0.5144330589923871,1.487004240397792,1.515955135706106
871,0.8659731466499202,0.8630334097301915,0.5375822261353509,0.5144330589923871,1.487004240397792,1.515955135706106
872,0.8659731466499202,0.8630334097301915,0.5375822261353509,0.5144330589923871,1.487004240397792,1.515955135706106
873,0.8659731466499202,0.8630334097301915,0.5375822261353509,0.5144330589923871,1.487004240397792,1.515955135706106
874,0.8659731466499202,0.8630334097301915,0.5375822261353509,0.5144330589923871,1.487004240397792,1.515955135706106
875,0.8659731466499202,0.8630334097301915,0.5375822261353509,0.5144330589923871,1.487004240397792,1.515955135706106
876,0.8659731466499202,0.8630334097301915,0.5375822261353509,0.5144330589923871,1.487004240397792,1.515955135706106
877,0.8659731466499202,0.8630334097301915,0.5375822261353509,0.5144330589923871,1.487004240397792,1.515955135706106
878,0.8659731466499202,0.8630334097301915,0.5375822261353509,0.5144330589923871,1.487004240397792,1.515955135706106
879,0.8659731466499202,0.8630334097301915,0.5375822261353509,0.5144330589923871,1.487004240397792,1.515955135706106
880,0.8659731466499202,0.8630334097301915,0.5375822261353509,0.5144330589923871,1.487004240397792,1.515955135706106
881,0.8659731466499202,0.8630334097301915,0.5375822261353509,0.5144330589923871,1.487004240397792,1.515955135706106
882,0.8659731466499202,0.8630334097301915,0.5375822261353509,0.5144330589923871,1.487004240397792,1.515955135706106
883,0.8659731466499202,0.8630334097301915,0.5375822261353509,0.5144330589923871,1.487004240397792,1.515955135706106
884,0.8659731466499202,0.8630334097301915,0.5375822261353509,0.5144330589923871,1.487004240397792,1.515955135706106
885,0.8659731466499202,0.8630334097301915,0.5375822261353509,0.5144330589923871,1.487004240397792,1.515955135706106
886,0.8659731466499202,0.8630334097301915,0.5375822261353509,0.5144330589923871,1.487004240397792,1.515955135706106
887,0.8659731466499202,0.8630334097301915,0.5375822261353509,0.5144330589923871,1.487004240397792,1.515955135706106
888,0.8659731466499202,0.8630334097301915,0.5375822261353509,0.5144330589923871,1.487004240397792,1.515955135706106
889,0.8659731466499202,0.8630334097301915,0.5375822261353509,0.5144330589923871,1.487004240397792,1.515955135706106
890,0.8659731466499202,0.8630334097301915,0.5375822261353509,0.5144330589923871,1.487004240397792,1.515955135706106
891,0.8659731466499202,0.8630334097301915,0.5375822261353509,0.5144330589923871,1.487004240397792,1.515955135706106
892,0.8659731466499202,0.8630334097301915,0.5375822261353509,0.5144330589923871,1.487004240397792,1.515955135706106
893,0.8659731466499202,0.8630334097301915,0.5375822261353509,0.5144330589923871,1.487004240397792,1.515955135706106
894,0.8659731466499202,0.8630334097301915,0.5375822261353509,0.5144330589923871,1.487004240397792,1.515955135706106
895,0.8659731466499202,0.8630334097301915,0.5375822261353509,0.5144330589923871,1.487004240397792,1.515955135706106
896,0.8659731466499202,0.8630334097301915,0.5375822261353509,0.5144330589923871,1.487004240397792,1.515955135706106
897,0.8659731466499202,0.8630334097301915,0.5375822261353509,0.5144330589923871,1.487004240397792,1.515955135706106
898,0.8659731466499202,0.8630334097301915,0.5375822261353509,0.5144330589923871,1.487004240397792,1.515955135706106
899,0.8659731466499202,0.8630334097301915,0.5375822261353509,0.5144330589923871,1.487004240397792,1.515955135706106
900,0.8659731466499202,0.8630334097301915,0.5375822261353509,0.5144330589923871,1.487004240397792,1.515955135706106
901,0.8659731466499202,0.8630334097301915,0.5375822261353509,0.5144330589923871,1.487004240397792,1.515955135706106
902,0.8659731466499202,0.8630334097301915,0.5375822261353509,0.5144330589923871,1.487004240397792,1.515955135706106
903,0.8659731466499202,0.8630334097301915,0.5375822261353509,0.5144330589923871,1.487004240397792,1.515955135706106
904,0.8659731466499202,0.8630334097301915,0.5375822261353509,0.5144330589923871,1.487004240397792,1.515955135706106
905,0.8659731466499202,0.8630334097301915,0.5375822261353509,0.5144330589923871,1.487004240397792,1.515955135706106
906,0.8659731466499202,0.8630334097301915,0.5375822261353509,0.5144330589923871,1.487004240397792,1.515955135706106
907,0.8659731466499202,0.8630334097301915,0.5375822261353509,0.5144330589923871,1.487004240397792,1.515955135706106
908,0.8659731466499202,0.8630334097301915,0.5375822261353509,0.5144330589923871,1.487004240397792,1.515955135706106
909,0.8659731466499202,0.8630334097301915,0.5375822261353509,0.5144330589923871,1.487004240397792,1.515955135706106
910,0.8659731466499202,0.8630334097301915,0.5375822261353509,0.5144330589923871,1.487004240397792,1.515955135706106
911,0.8659731466499202,0.8630334097301915,0.5375822261353509,0.5144330589923871,1.487004240397792,1.515955135706106
912,0.8659731466499202,0.8630334097301915,0.5375822261353509,0.5144330589923871,1.487004240397792,1.515955135706106
913,0.8659731466499202,0.8630334097301915,0.5375822261353509,0.5144330589923871,1.487004240397792,1.515955135706106
914,0.8659731466499202,0.8630334097301915,0.5375822261353509,0.5144330589923871,1.487004240397792,1.515955135706106
915,0.8659731466499202,0.8630334097301915,0.5375822261353509,0.5144330589923871,1.487004240397792,1.515955135706106
916,0.8659731466499202,0.8630334097301915,0.5375822261353509,0.5144330589923871,1.487004240397792,1.515955135706106
917,0.8659731466499202,0.8630334097301915,0.5375822261353509,0.5144330589923871,1.487004240397792,1.515955135706106
918,0.8659731466499202,0.8630334097301915,0.5375822261353509,0.5144330589923871,1.487004240397792,1.515955135706106
919,0.8659731466499202,0.8630334097301915,0.5375822261353509,0.5144330589923871,1.487004240397792,1.515955135706106
920,0.8659731466499202,0.8630334097301915,0.5375822261353509,0.5144330589923871,1.487004240397792,1.515955135706106
921,0.8659731466499202,0.8630334097301915,0.5375822261353509,0.5144330589923871,1.487004240397792,1.515955135706106
922,0.8659731466499202,0.8630334097301915,0.5375822261353509,0.5144330589923871,1.487004240397792,1.515955135706106
923,0.8659731466499202,0.8630334097301915,0.5375822261353509,0.5144330589923871,1.487004240397792,1.515955135706106
924,0.8659731466499202,0.8630334097301915,0.5375822261353509,0.5144330589923871,1.487004240397792,1.515955135706106
925,0.8659731466499202,0.8630334097301915,0.5375822261353509,0.5144330589923871,1.487004240397792,1.515955135706106
926,0.8659731466499202,0.8630334097301915,0.5375822261353509,0.5144330589923871,1.487004240397792,1.515955135706106
927,0.8659731466499202,0.8630334097301915,0.5375822261353509,0.5144330589923871,1.487004240397792,1.515955135706106
928,0.8659731466499202,0.8630334097301915,0.5375822261353509,0.5144330589923871,1.487004240397792,1.515955135706106
929,0.8659731466499202,0.8630334097301915,0.5375822261353509,0.5144330589923871,1.487004240397792,1.515955135706106
930,0.8659731466499202,0.8630334097301915,0.5375822261353509,0.5144330589923871,1.487004240397792,1.515955135706106
931,0.8659731466499202,0.8630334097301915,0.5375822261353509,0.5144330589923871,1.487004240397792,1.515955135706106
932,0.8659731466499202,0.8630334097301915,0.5375822261353509,0.5144330589923871,1.487004240397792,1.515955135706106
933,0.8659731466499202,0.8630334097301915,0.5375822261353509,0.5144330589923871,1.487004240397792,1.515955135706106
934,0.8659731466499202,0.8630334097301915,0.5375822261353509,0.5144330589923871,1.487004240397792,1.515955135706106
935,0.8659731466499202,0.8630334097301915,0.5375822261353509,0.5144330589923871,1.487004240397792,1.515955135706106
936,0.8659731466499202,0.8630334097301915,0.5375822261353509,0.5144330589923871,1.487004240397792,1.515955135706106
937,0.8659731466499202,0.8630334097301915,0.5375822261353509,0.5144330589923871,1.487004240397792,1.515955135706106
938,0.8659731466499202,0.8630334097301915,0.5375822261353509,0.5144330589923871,1.487004240397792,1.515955135706106
939,0.8659731466499202,0.8630334097301915,0.5375822261353509,0.5144330589923871,1.487004240397792,1.515955135706106
940,0.8659731466499202,0.8630334097301915,0.5375822261353509,0.5144330589923871,1.487004240397792,1.515955135706106
941,0.8659731466499202,0.8630334097301915,0.5375822261353509,0.5144330589923871,1.487004240397792,1.515955135706106
942,0.8659731466499202,0.8630334097301915,0.5375822261353509,0.5144330589923871,1.487004240397792,1.515955135706106
943,0.8659731466499202,0.8630334097301915,0.5375822261353509,0.5144330589923871,1.487004240397792,1.515955135706106
944,0.8659731466499202,0.8630334097301915,0.5375822261353509,0.5144330589923871,1.487004240397792,1.515955135706106
945,0.8659731466499202,0.8630334097301915,0.5375822261353509,0.5144330589923871,1.487004240397792,1.515955135706106
946,0.8659731466499202,0.8630334097301915,0.5375822261353509,0.5144330589923871,1.487004240397792,1.515955135706106
947,0.8659731466499202,0.8630334097301915,0.5375822261353509,0.5144330589923871,1.487004240397792,1.515955135706106
948,0.8659731466499202,0.8630334097301915,0.5375822261353509,0.5144330589923871,1.487004240397792,1.515955135706106
949,0.8659731466499202,0.8630334097301915,0.5375822261353509,0.5144330589923871,1.487004240397792,1.515955135706106
950,0.8659731466499202,0.8630334097301915,0.5375822261353509,0.5144330589923871,1.487004240397792,1.515955135706106
951,0.8659731466499202,0.8630334097301915,0.5375822261353509,0.5144330589923871,1.487004240397792,1.515955135706106
952,0.8659731466499202,0.8630334097301915,0.5375822261353509,0.5144330589923871,1.487004240397792,1.515955135706106
953,0.8659731466499202,0.8630334097301915,0.5375822261353509,0.5144330589923871,1.487004240397792,1.515955135706106
954,0.8659731466499202,0.8630334097301915,0.5375822261353509,0.5144330589923871,1.487004240397792,1.515955135706106
955,0.8659731466499202,0.8630334097301915,0.5375822261353509,0.5144330589923871,1.487004240397792,1.515955135706106
956,0.8659731466499202,0.8630334097301915,0.5375822261353509,0.5144330589923871,1.487004240397792,1.515955135706106
957,0.8659731466499202,0.8630334097301915,0.5375822261353509,0.5144330589923871,1.487004240397792,1.515955135706106
958,0.8659731466499202,0.8630334097301915,0.5375822261353509,0.5144330589923871,1.487004240397792,1.515955135706106
959,0.8659731466499202,0.8630334097301915,0.5375822261353509,0.5144330589923871,1.487004240397792,1.515955135706106
960,0.8659731466499202,0.8630334097301915,0.5375822261353509,0.5144330589923871,1.487004240397792,1.515955135706106
961,0.8659731466499202,0.8630334097301915,0.5375822261353509,0.5144330589923871,1.487004240397792,1.515955135706106
962,0.8659731466499202,0.8630334097301915,0.5375822261353509,0.5144330589923871,1.487004240397792,1.515955135706106
963,0.8659731466499202,0.8630334097301915,0.5375822261353509,0.5144330589923871,1.487004240397792,1.515955135706106
964,0.8659731466499202,0.8630334097301915,0.5375822261353509,0.5144330589923871,1.487004240397792,1.515955135706106
965,0.8659731466499202,0.8630334097301915,0.5375822261353509,0.5144330589923871,1.487004240397792,1.515955135706106
966,0.8659731466499202,0.8630334097301915,0.5375822261353509,0.5144330589923871,1.487004240397792,1.515955135706106
967,0.8659731466499202,0.8630334097301915,0.5375822261353509,0.5144330589923871,1.487004240397792,1.515955135706106
968,0.8659731466499202,0.8630334097301915,0.5375822261353509,0.5144330589923871,1.487004240397792,1.515955135706106
969,0.8659731466499202,0.8630334097301915,0.5375822261353509,0.5144330589923871,1.487004240397792,1.515955135706106
970,0.8659731466499202,0.8630334097301915,0.5375822261353509,0.5144330589923871,1.487004240397792,1.515955135706106
971,0.8659731466499202,0.8630334097301915,0.5375822261353509,0.5144330589923871,1.487004240397792,1.515955135706106
972,0.8659731466499202,0.8630334097301915,0.5375822261353509,0.5144330589923871,1.487004240397792,1.515955135706106
973,0.8659731466499202,0.8630334097301915,0.5375822261353509,0.5144330589923871,1.487004240397792,1.515955135706106
974,0.8659731466499202,0.8630334097301915,0.5375822261353509,0.5144330589923871,1.487004240397792,1.515955135706106
975,0.8659731466499202,0.8630334097301915,0.5375822261353509,0.5144330589923871,1.487004240397792,1.515955135706106
976,0.8659731466499202,0.8630334097301915,0.5375822261353509,0.5144330589923871,1.487004240397792,1.515955135706106
977,0.8659731466499202,0.8630334097301915,0.5375822261353509,0.5144330589923871,1.487004240397792,1.515955135706106
978,0.8659731466499202,0.8630334097301915,0.5375822261353509,0.5144330589923871,1.487004240397792,1.515955135706106
979,0.8659731466499202,0.8630334097301915,0.5375822261353509,0.5144330589923871,1.487004240397792,1.515955135706106
980,0.8659731466499202,0.8630334097301915,0.5375822261353509,0.5144330589923871,1.487004240397792,1.515955135706106
981,0.8659731466499202,0.8630334097301915,0.5375822261353509,0.5144330589923871,1.487004240397792,1.515955135706106
982,0.8659731466499202,0.8630334097301915,0.5375822261353509,0.5144330589923871,1.487004240397792,1.515955135706106
983,0.8659731466499202,0.8630334097301915,0.5375822261353509,0.5144330589923871,1.487004240397792,1.515955135706106
984,0.8659731466499202,0.8630334097301915,0.5375822261353509,0.5144330589923871,1.487004240397792,1.515955135706106
