0,0.5,0.5,0.5,0.5,0.5,0.5
1,0.5074591806523621,0.4999964619948633,0.49500056250351576,0.49500056250351576,0.5050103292444822,0.514998312489511
2,0.5301651336691301,0.5059008973674379,0.516322919679361,0.4937714107695178,0.499961930252897,0.5098500673722749
3,0.5372767247463263,0.5058559740218432,0.5411429288753855,0.48883702898005776,0.4949670685606245,0.5047550075269185
4,0.5535566411685484,0.5092443646589065,0.5739141015857739,0.4857326564936727,0.4995671031089017,0.5001587131188582
5,0.5714759080746274,0.5092438398797412,0.6081171808930413,0.4908666569993886,0.4945834194088966,0.4951655609801616
6,0.5786759787510836,0.509212810488354,0.6020503627785062,0.4859695766009498,0.4996257492026734,0.5002019895102502
7,0.5980989691121462,0.5092128104882566,0.5960487998098131,0.48112516956267554,0.49464521006563084,0.5051842458413295
8,0.6047848218055576,0.508437955779851,0.5901124114901048,0.4862929385167974,0.5096378928713634,0.5101123967986545
9,0.6113086110136738,0.5031179915998463,0.6240390300119326,0.4814545752022672,0.504567808849763,0.5050370421893825
10,0.6204760830511994,0.5062426780710337,0.6274459986273963,0.47699918063885993,0.5091621170051807,0.5003472782529358
11,0.633986472335179,0.5062426780710337,0.6410699554142694,0.4722644917174048,0.5041081791108227,0.4953808363566384
12,0.6493732884308797,0.5062423217991261,0.6347152927206633,0.46758312812878977,0.4991124692329445,0.49047032995505757
13,0.6572987491920703,0.5062423217972581,0.6581270941044052,0.46295494815009636,0.4941722100808443,0.4856156103882388
14,0.6599968785099039,0.5057108432512006,0.6713881522166442,0.46826229552269927,0.48928893318069605,0.4808165144371429
15,0.6646439477055126,0.5119397076387169,0.6735300505772132,0.4647426308335288,0.4943275171802351,0.48593868580396676
16,0.6707812772779521,0.5064306617820173,0.6865932072974844,0.47001387795235294,0.4993150431364786,0.4910011928845784
17,0.6834070254067436,0.5036974460388128,0.6995029773753672,0.46539400608059744,0.4944071636077208,0.4861750319850574
18,0.6941893192646572,0.49827655940825366,0.702450648218521,0.4706381262621807,0.4895577103815692,0.4814059865085507
19,0.698328859926219,0.4929319012240589,0.6955748167801206,0.46603135647291477,0.484769320113625,0.4766938171553523
20,0.6987010080777561,0.492931901224027,0.708314252517538,0.46147994440744605,0.4898012285961178,0.47203827207067023
21,0.7065799269651,0.4929317862067904,0.7306427094870314,0.4569836319910052,0.4947726382843676,0.47718233282880856
22,0.71188086904593,0.4929317860391114,0.7429797550927326,0.4525421497140541,0.4996830087368133,0.4725445367990045
23,0.718096344332223,0.49022435899866523,0.7357773272972612,0.45784919288813947,0.4948421071830318,0.46796370147595523
24,0.7215534932653164,0.49022431976453695,0.7479995769450047,0.45342279929678475,0.4997261299608981,0.46343952285693585
25,0.7224802607782872,0.49022418503799,0.7504290130397507,0.45869213322827523,0.5142502542378732,0.4589716862917773
26,0.7284352688770556,0.4902241850127589,0.8008899886005928,0.4542830010187525,0.5093070754169333,0.45455986690641864
27,0.7290997048243899,0.48945387850872524,0.8219644880910028,0.4499295230038861,0.5044278503472731,0.4597869273052788
28,0.7405666575959113,0.4894538756639258,0.823665262213619,0.44563134405340105,0.5091620731097891,0.46494758545087295
29,0.7394560587020644,0.48691543863080344,0.8253442920671314,0.44138811699718156,0.5043139170869907,0.4605204323777429
30,0.7485925781720292,0.48691543863080344,0.8554707917796228,0.44668917080614295,0.4995281341625112,0.46563992643760416
31,0.7558797968680669,0.4841321953901096,0.8662941337082881,0.44246501506005737,0.49480430207593246,0.47069314984828964
32,0.7582565257272386,0.4871927696462725,0.8581314442106281,0.4382958715890606,0.4901419896778754,0.4662580257012053
33,0.7589300830921731,0.4861639459225788,0.8500756926109156,0.43418134730199304,0.4892890927084434,0.4701715444547279
34,0.760171374698525,0.47792075498460035,0.8795326340697938,0.4301210419479851,0.48471344161223895,0.46577467192412636
35,0.7650283387150294,0.477917660510853,0.9179139823275273,0.4261145485000609,0.4801987138497252,0.4614360718807025
36,0.7717872689564891,0.47816929740503816,0.90939842903966,0.42216145353217854,0.49429709630498014,0.4571562188294064
37,0.7754076674002243,0.4781692974038396,0.9287123395077794,0.4182613375895381,0.4989690054617236,0.4621712519822267
38,0.7746721259260817,0.4781691935675933,0.9293681106049484,0.4236127181549893,0.5128596121175809,0.45791976516249244
39,0.7754661346606765,0.4763526235556187,0.939173570263639,0.4197330304117781,0.5082369052771879,0.45372587384588414
40,0.7811113086125875,0.4793411106315813,0.957961772048714,0.4159072490509692,0.5036034895242584,0.4587060885500278
41,0.7855428403586677,0.4793411106315721,0.9583432809029616,0.41213277268049553,0.4990331448726252,0.46361848448184007
42,0.7879383791373867,0.4793411106315593,0.9496871487884386,0.40841022795133985,0.49452568192319746,0.46846329255284624
43,0.7894733457822545,0.4793411106315593,0.9771054531056078,0.4047391566670398,0.4990692318333018,0.49121848102713717
44,0.7935738409886669,0.47657608263725587,1.0130869448863384,0.41006327662397735,0.4946065890676015,0.4957691143658216
45,0.7935738388853582,0.43875710160458853,1.0129704848613201,0.40641417062740204,0.49020514159212264,0.49135732124958337
46,0.793350279832116,0.43965925713273646,1.011715795563393,0.4039561222080338,0.485865442715252,0.4870091807844191
47,0.7926028165987451,0.43306816028654643,1.0468366220955478,0.4003988850184453,0.4815869269957671,0.49152657740179573
48,0.7940041059132704,0.428768426056684,1.0464264067135267,0.40565045076844336,0.4773689805172393,0.48722157516847525
49,0.7978835329590954,0.42664362366995445,1.063442299540255,0.4021171799364099,0.4732110314954054,0.4829778087015107
50,0.7964221700200513,0.4266436236699092,1.0888761979071713,0.39863439208432977,0.46911250607129035,0.4961169301387641
51,0.7968758162309525,0.4266436235831299,1.0881108478496724,0.395201584852619,0.48229561797660875,0.5004560776897621
52,0.7976898427224622,0.42648444448118195,1.0959175531538794,0.391818254432003,0.4781667316749215,0.49617166098515453
53,0.7993035434046467,0.4264842008176902,1.086591336019545,0.39699385819889443,0.47409997652509506,0.49194925882275287
54,0.8028559562612708,0.4243531936859148,1.0858589251240833,0.3936359861467691,0.47008992189027765,0.4877882305520407
55,0.802800837465357,0.42733179050245945,1.0767313107350316,0.3903271240026455,0.474494263077776,0.48373888187708086
56,0.8046438022375775,0.42102772979363257,1.1011491335243457,0.38706675365805165,0.4705344460520972,0.4796982508063374
57,0.8081355661140531,0.4189633162964428,1.116908333906422,0.3838543568132912,0.4832279958300587,0.47571707409001124
58,0.8119298433626909,0.42180335942643593,1.1324346701201142,0.3806894760517424,0.47924370241288555,0.4717947094436547
59,0.8113851109420245,0.42180335701814425,1.1395403903314174,0.37757147120410084,0.4835093767491992,0.46793051491326265
60,0.8129300558621305,0.4197456706095349,1.1384052140396272,0.374499886112865,0.48771108429103494,0.47225895819496
61,0.8129844814915212,0.4197129010367836,1.1453662627756485,0.3876327250036713,0.48377073938392945,0.4684434550401291
62,0.814570638110786,0.4225640614982624,1.1441839686400286,0.38453882914159065,0.48789635056242425,0.464701691998055
63,0.817672364885808,0.42256387675812496,1.143035398984544,0.3814755923984669,0.4840097676908107,0.4769318800371297
64,0.8203784381874633,0.4225638746355682,1.1498128088534614,0.3784586457922607,0.4880940113667658,0.47316000564846217
65,0.8222447392061148,0.422563874635491,1.156487430849454,0.38333822247539007,0.49211286628246026,0.4772961039704389
66,0.8262142137766688,0.422563874635491,1.1630604616039557,0.38814352944654384,0.48827810126268,0.4813692487103686
67,0.8273161776440051,0.42256385280923975,1.1772667847283131,0.3851417472524707,0.49223617336628966,0.485380178782396
68,0.8289432386564553,0.42256383460043884,1.1759063502164584,0.38218597566942253,0.48845863932251066,0.481655127032866
69,0.8288436848190573,0.419551979199353,1.166951936099088,0.37927566610661995,0.48473907361521984,0.47798736941899395
70,0.8301217011996996,0.4188781327685989,1.1581357187397396,0.3764102724189542,0.48108344797893743,0.4743762176539026
71,0.8309058676984877,0.42167314272373496,1.179432930093502,0.3810850403253943,0.4774783662980359,0.4783151085954306
72,0.8316686629388109,0.42167313846615273,1.1706652550311551,0.3782521282373542,0.47393003866595534,0.47475940708619474
73,0.8326584151925704,0.4196586069598308,1.1694069866163936,0.3754633783790976,0.4704358816500557,0.47863186283644993
74,0.8328676394399506,0.4181522547384577,1.197413681889814,0.37271824508306417,0.46702689476554393,0.4824437526644201
75,0.8331080369590483,0.4181522478691818,1.1887329083728322,0.37001618586982166,0.4636411478949796,0.47894622711004947
76,0.8328795343536105,0.41617823215300576,1.194563962875807,0.37454425066389213,0.46030868685066595,0.475503758429764
77,0.8351514801557243,0.4161782321530058,1.18605234040805,0.37187551181172956,0.45702885095835455,0.47211565314655246
78,0.8353748293786993,0.41329516167660685,1.198863674549366,0.36924916043062944,0.4679264487712135,0.4687812951565522
79,0.8375655585078926,0.41329170330492276,1.1904717004605914,0.36666443837055007,0.4646509915887975,0.46549985410051664
80,0.8379970861634356,0.38599144511084577,1.209961143088157,0.38493164797863405,0.46836465903498936,0.4622707238934705
81,0.8401820638044882,0.3859914451108281,1.2360125985016903,0.3822857569882857,0.4720189419870119,0.45909323004521346
82,0.8415626576843607,0.38448147089276274,1.2412155225331032,0.3796823060046694,0.47561474985950253,0.45596670309650106
83,0.8413776118224995,0.38537670184550626,1.232841703522258,0.38386717651638497,0.4724059679939306,0.45289047871819016
84,0.843713659985448,0.38537670184550626,1.2446512862460066,0.3813018651998845,0.469248968776975,0.4565467075706966
85,0.8415015246578971,0.3830665833393387,1.2628885848144917,0.37877807722137624,0.4793821096839511,0.46014375497982696
86,0.8441482286653516,0.3816099011574639,1.274275001294132,0.3762952629914442,0.47624259879688374,0.47023720343183784
87,0.8441482006506245,0.37766176021061587,1.2789853632303407,0.3738529128632374,0.4731514942710011,0.4671850775795126
88,0.844883246805483,0.3776617602106158,1.2900451480635358,0.3714504157041827,0.47011087299542464,0.4706091149304946
89,0.8476459870806121,0.3750030278178772,1.2881998990719319,0.375449208631209,0.4734819942977341,0.4676151293370009
90,0.8502090466234107,0.3750030278178772,1.292682450324261,0.3730848224529245,0.47050024801288903,0.46467032955278526
91,0.8482144887219243,0.37453140719861844,1.3033241243813407,0.37699237145115233,0.4675724508288638,0.46177404924919696
92,0.8481851195021888,0.37453097234473454,1.3014530906927853,0.37466692032275245,0.47086571350724427,0.4650940584570483
93,0.8481208019137035,0.37324033789761,1.3118207752877644,0.3723800076465151,0.4801993279625504,0.46225519161230033
94,0.8498748492073429,0.3728338485859037,1.3159768741523525,0.3701311051934105,0.477299275170114,0.4594635082856666
95,0.8496850347048885,0.3682120369769833,1.337987754767843,0.36791968813923087,0.4804222477625332,0.45671835819225526
96,0.8512314515576095,0.37030283211964443,1.3478104392419405,0.3657452463502259,0.47758289522543385,0.4540197296889197
97,0.8521395479191138,0.36908743348647827,1.3574684567832482,0.36945283758666786,0.47479114743891815,0.4513657179353147
98,0.8539135783729068,0.36908743348472267,1.361182995621187,0.36731699394056166,0.4720463325502699,0.46031852694091374
99,0.8562896795958214,0.36793004609582597,1.3591182306984109,0.37093383552498144,0.48078115037289715,0.45768703664581584
100,0.8565668228426334,0.3674992759005986,1.3514360600572246,0.36883719892874633,0.4837159775367633,0.4551000432287934
101,0.8575278776972284,0.3651650438373029,1.3494722162328252,0.3667761165935783,0.4866010007440731,0.45255691942632065
102,0.8587373688771688,0.36516504383730286,1.34754177000813,0.3702739759321137,0.48943696055387015,0.45558093501050895
103,0.8598837024381832,0.36402298353218643,1.3456442472268937,0.3682523389225142,0.4922245535350579,0.4694730583679886
104,0.8602462316032551,0.36402297994388,1.3545710169835947,0.3662652791039609,0.4949644847496275,0.47233573881005025
105,0.8599769335847981,0.3645701571009873,1.3633441859766509,0.36431278717910526,0.4923254276028103,0.47514915566921334
106,0.8595326037398016,0.36455479392822787,1.3719669229611835,0.362393401736527,0.49523597322467316,0.4831828470842563
107,0.860269166259986,0.36455478278815084,1.3752358648737093,0.3709172216450787,0.4926582995601919,0.48066785747941787
108,0.8611127847102619,0.3623963976522573,1.3938735434891516,0.3690100531474206,0.4901254991274813,0.48847990348483983
109,0.8625254572833589,0.3623963976522573,1.4020305282919383,0.36713597319350594,0.4876363139007302,0.4910777447922163
110,0.863899533984009,0.3613422712744236,1.4200771413203614,0.3652945009717054,0.4851904388248765,0.48861460826567743
111,0.864639393444318,0.36030218127396463,1.4229495566216526,0.3634851611632047,0.48278724257901673,0.4861944517634624
112,0.8655725164053455,0.3582557660852832,1.44044364402529,0.36170748391767255,0.48531674707660283,0.48381664681803355
113,0.865313185038793,0.35789782025154965,1.4383169929353945,0.35996100482702936,0.4878018895080437,0.4863090017549736
114,0.8654784814498621,0.3578978201559389,1.4362277722794965,0.358245264897427,0.48547680195983,0.4839910290822475
115,0.865465191884453,0.3578978200726074,1.4294706797967427,0.35655981051954755,0.4831927917866125,0.4817139723316032
116,0.8649705554280303,0.3586740972059251,1.4321195620199145,0.3549044546693867,0.4902356645595523,0.48412071909870347
117,0.8649495081850045,0.35629043715939573,1.4301395272290367,0.3532782307502519,0.4879893333196067,0.4819024074297771
118,0.8654488636321417,0.3562904371592892,1.4372372943795686,0.35620223616916175,0.4857833189311334,0.47972359527637604
119,0.8650105010584419,0.35333938484303584,1.453129698572336,0.35907403122831316,0.48807708288151574,0.47759914118994257
120,0.8662703888171822,0.3533393847640948,1.451135731260964,0.35749394966913123,0.48592936308940654,0.4754974977124294
121,0.8659565145114481,0.3533393837098328,1.4491775822613504,0.3559422516514283,0.483824665639761,0.47343360677020235
122,0.8664230379852208,0.3496795655962324,1.4472547115500818,0.3544185101283562,0.4817534784323971,0.47996863630193504
123,0.8656959472203963,0.3496774071861514,1.4538097597965667,0.35714388810542985,0.47974928396153216,0.482163993585633
124,0.8653778765656231,0.3475648391687768,1.4602460074788401,0.35565722335856514,0.4777522580086852,0.4801569139873405
125,0.8644736678210049,0.3448710791119007,1.458357127477286,0.358301648655399,0.4766720592480428,0.4781863183108961
126,0.8639627854730044,0.3440611451327611,1.460548530480606,0.3568520157906648,0.4828352870319489,0.4762516506779363
127,0.8649255107084507,0.3440611085375438,1.4547238722187856,0.3554288922184967,0.4809099254807239,0.4743523621202914
128,0.8657799643933112,0.34406110853716704,1.4490060504706808,0.3540318717332743,0.47901969924564247,0.47248791051941164
129,0.865825851142818,0.3455592390099596,1.443393423508107,0.352660553215829,0.4771642488294179,0.4706577605451131
130,0.8660733069418206,0.34478511648037125,1.4531513187628473,0.35131454058705736,0.4753430830617896,0.468861383593548
131,0.8663591066395765,0.34478511645110127,1.4514472696761391,0.34999344276112787,0.47355558342618836,0.47085869936143276
132,0.8664795550285299,0.34621740846025606,1.4571839115042293,0.34869692701015137,0.4755058245553869,0.4728189312394338
133,0.8669483791392836,0.344727454095915,1.4591646892067576,0.3474245050746191,0.4737706685252281,0.47839173254881845
134,0.8670193071568668,0.3487751025657311,1.4646263880819201,0.34625194946506077,0.4756366916385965,0.4766977478121212
135,0.8680745641839464,0.3487751025657311,1.4594425036920202,0.3450264286835084,0.477492618031136,0.4750105284408931
136,0.8684346268476375,0.34861776387530563,1.4648116412466978,0.3473091368638291,0.4793149363545818,0.4733550258885824
137,0.8687843311933033,0.3486177638749837,1.466648102361206,0.34954879953649354,0.47767188482965506,0.47173074149565136
138,0.8686529472036644,0.349918407083584,1.4650717132222737,0.34836798551305864,0.4794363668162848,0.47351529331978004
139,0.8690218435376048,0.3492297100332518,1.4635252386633317,0.3472095787309883,0.4778421282410915,0.4719407418397184
140,0.8690988527128412,0.34895784765939875,1.4685538444205328,0.3460732241806258,0.47627904155743994,0.4736689848883826
141,0.8695022290062737,0.34895782751867827,1.4638238393793015,0.34495857108075567,0.47796608591565154,0.4753642229379051
142,0.8708122716650063,0.34829861261301814,1.4623538146883674,0.3438652732081914,0.47645123948197615,0.473857622617748
143,0.8713222166074721,0.34829826453071483,1.4640303712940153,0.34279298884907167,0.47496718017333034,0.4723799796081992
144,0.8726247242234927,0.3500459185173359,1.4687423641103532,0.34174138075036126,0.4765778571223669,0.4739985934788061
145,0.8725222420379001,0.35004591797347845,1.473363203151681,0.34071011607144835,0.47513970424964225,0.4755858951699643
146,0.8722645146991622,0.34848534615073495,1.4778943602374064,0.3396988663362117,0.4737294601358104,0.4741743253694596
147,0.8723604191500506,0.3476902376529093,1.48233728784528,0.34162624250487417,0.4723482523229989,0.4757091763980053
148,0.8727626147613163,0.3476902376529089,1.4866934193242747,0.3435159658452446,0.47099247607450784,0.4772140428894527
149,0.8730512630308396,0.34769023765257784,1.485319906619759,0.34254651870550834,0.4724854047372288,0.4758672822293395
150,0.8730512630308396,0.343666595758923,1.4950712558680577,0.34159613612475015,0.4711745115481177,0.47454700614685996
151,0.8727520301618673,0.3436658556692769,1.4909937677021836,0.3406645054769866,0.46989063692766825,0.4732527803404844
152,0.8730723554961185,0.34366585566927693,1.4896776070482618,0.33975131828849164,0.4713116510664354,0.4746647818987181
153,0.8732875587757195,0.3436658556692769,1.4883875899479508,0.33885627019126024,0.4727044393189037,0.476048736167796
154,0.8734414340932868,0.3436658416889579,1.4897120192441702,0.3379790608768825,0.47665822633456895,0.4774051074949504
155,0.8730488926942974,0.34366583319385846,1.4910099625180693,0.3371193940508403,0.47544647879271595,0.4761908034714061
156,0.8733958287706475,0.34366583319385824,1.5022773307282846,0.33627697738724155,0.47425840108657596,0.4774997331962721
157,0.8734492501314451,0.3436658331938582,1.5059537718889402,0.3354515224839994,0.4755489324341459,0.4787823080859643
158,0.8735490261911342,0.3441230275741616,1.5071449179678695,0.3346427501526469,0.47440238355822134,0.4824499769496246
159,0.8729116231423001,0.34506552884550934,1.5083059605203455,0.33385632938973614,0.4732790746719035,0.4813185396668364
160,0.8727720412947898,0.3450655287889859,1.5094492365928336,0.3330800540591587,0.4721786174116974,0.482524566291584
161,0.8734485247776659,0.34458569936766226,1.5105691739625182,0.33460264585956584,0.47338401605531943,0.4814229528931511
162,0.8737567530986655,0.343645470743458,1.5116661694586968,0.33385267757806386,0.4723229873951919,0.48258527585041877
163,0.8735076601948298,0.34347201870953326,1.5105403879727912,0.33311812605624835,0.47231061258184326,0.4837237054589247
164,0.8736373471181024,0.34301937273083083,1.5180761915763281,0.3367179082084876,0.47129068893859055,0.48483865080674116
165,0.8734370636309761,0.34386996623286803,1.5190974923577267,0.33600436572502557,0.4702919246701319,0.48804988191990295
166,0.8732415211977828,0.34386996623286803,1.5221775312364676,0.3353055307210202,0.46931379315582455,0.48703481671249005
167,0.8725747264977839,0.34344015394335553,1.5211119115472416,0.3346212650181345,0.4683560856635657,0.48604091356847995
168,0.8725897569806687,0.34428071568933866,1.5199602457215897,0.3340596567498682,0.46752673745183454,0.48696166569855254
169,0.8727173016115705,0.344280715689323,1.526795067532642,0.3334035613057459,0.46660851175103213,0.48600526966607305
170,0.8726988068663448,0.34110028726169594,1.5334858667617803,0.33276129102963187,0.46570963479691146,0.4850690267011845
171,0.8723066004147706,0.3407071248168223,1.5343672546331493,0.3340219090120116,0.4686084391210968,0.48415258296143426
172,0.872427757582611,0.34070709297287916,1.5370826443627632,0.33340306389950675,0.469592967204703,0.485108297674211
173,0.8725710161225373,0.34070709245963554,1.5379235848986343,0.3327974003878616,0.47055652622935074,0.4842270448396956
174,0.8728864591866295,0.3417719309120961,1.5387465447688766,0.3322046879140997,0.4697184597011836,0.4833646309625781
175,0.8724587418230813,0.342513241148733,1.5360600332399377,0.33162468874069273,0.4706442830544045,0.4842666293356712
176,0.8723517862597796,0.3424754654886191,1.5351426727822604,0.33105717883997954,0.4715501708409441,0.4851492047406919
177,0.8723385293393686,0.3388071358911837,1.5325679508041945,0.33050193390446425,0.472436480246294,0.4861110545349608
178,0.8725006949537635,0.33845445630202897,1.5333362037498328,0.3299587343762836,0.4716600014100343,0.48695566315362576
179,0.8727228384181479,0.3381249928005309,1.5324773034138455,0.3294273591090034,0.47251085571043844,0.48617145540670553
180,0.8725456521998624,0.3378023213464967,1.530059389424627,0.3289075947912895,0.4749208995408796,0.4854043831893436
181,0.8728180163471877,0.337802213913946,1.5307857376455136,0.32839922960442,0.47418816616921067,0.4846541338978247
182,0.8728773830001467,0.33749232054689243,1.5314960971619072,0.3279020547876872,0.47347101867496466,0.486948267890754
183,0.8728796752527967,0.3371896330788341,1.5307080318643844,0.32741586451885085,0.4727696999306051,0.4862262550036177
184,0.8731076435411509,0.33659594423561895,1.5313894447669711,0.32839245806638745,0.4720832400876493,0.48552025348168215
185,0.8731355208862334,0.33686844345773903,1.5348991003134413,0.32792565122519574,0.4728338041698792,0.4862517135317634
186,0.8729736394644478,0.33658537201936584,1.5327625789656871,0.32886115323515985,0.4721756695718191,0.48557486958408597
187,0.8730305758450018,0.3363077928697937,1.5361245456238664,0.32841303250590975,0.4715322623662038,0.48627584798277723
188,0.8729476299862354,0.33624983022908744,1.5367432581010458,0.32797499846258443,0.4722377663790333,0.48696104815813235
189,0.8732520157514674,0.3362475321434105,1.534737198722983,0.3275468610245526,0.47162144681576224,0.4863253708761535
190,0.8733020743769917,0.3364939696515102,1.5366089451015683,0.3271285015826006,0.47229640654744776,0.4857041324149996
191,0.8731849976018728,0.3364939696513331,1.539688129245691,0.3267195982161778,0.47170604652353065,0.48509701302959257
192,0.8731393579652074,0.33640233508981665,1.5390281200245952,0.32632003792227854,0.4723526062116518,0.48572671137008633
193,0.8731448506351186,0.3364023350669654,1.540775968450113,0.32592964165776794,0.47298386271014203,0.4863419673994035
194,0.8732364658475812,0.33568093344466393,1.5401431426316117,0.3255482333428048,0.47243036868340005,0.48577284148384453
195,0.8731296103824527,0.33568093329084575,1.5383804267006798,0.32517563871746397,0.47188966609652155,0.4852168674949369
196,0.8731759469676141,0.33522566927838154,1.5377778462308005,0.3248116869847228,0.47359999841545,0.48467379015871165
197,0.8733492084674483,0.335221908423424,1.5360948860238919,0.3244562096670634,0.47417609609169215,0.4841433580860594
198,0.8734346636280846,0.3352219072534324,1.5365912654476082,0.3241090408570554,0.4736693976504811,0.4836253236996241
199,0.873434658940362,0.3328991742339742,1.5360299816945313,0.3237700171895258,0.4731739312605017,0.4831194502138735
200,0.8735143259869972,0.33289917423361604,1.5405941777930972,0.3234389778135378,0.4737125857503891,0.483647935884495
201,0.8735371831904579,0.3328159478055579,1.541053263277482,0.32311576436559936,0.47323943279263614,0.48316462519014924
202,0.8736512995599877,0.3328159475810056,1.5395483251841353,0.32280022094218747,0.4727779734132345,0.48269278371189966
203,0.873543107084651,0.3326243947196045,1.5418961712418149,0.3224921940730095,0.4723268327091121,0.4831864157229661
204,0.8736157301234394,0.33262439446849185,1.5423232641489373,0.32219153269442136,0.47281879380058045,0.4827359381717686
205,0.8733012809031604,0.3324414335179206,1.5436508822936903,0.32189808812309045,0.4732994857281382,0.4822962734814578
206,0.8733533733501764,0.33237917271876216,1.5440568696840644,0.3225013561363921,0.47287894101413225,0.48186720240876224
207,0.8733399601298456,0.3323791727187621,1.544453037532334,0.32222113551274534,0.47246805768220496,0.4823174067037527
208,0.8733582299208074,0.3323791727031166,1.5439910481054646,0.321947718436416,0.47206715044639586,0.4819081417590623
209,0.8734055280890879,0.3323206949202482,1.543540318318424,0.322509526138098,0.4725045839522258,0.4815088514492957
210,0.8735025120198743,0.33232069486381266,1.5439095760977468,0.3222486287221564,0.472122347407962,0.4819282902251524
211,0.8735640338476379,0.33232215062667947,1.5458492263034476,0.32278387389099067,0.4717494990489591,0.48233742775468913
212,0.873699045405424,0.3321668878602781,1.5461993183095515,0.3233059206778442,0.4713858466043778,0.482736479212704
213,0.8737707360118676,0.33216581685056684,1.5487978711576103,0.3230626735464906,0.471032046601122,0.48387802637139576
214,0.8739703136901439,0.33216737573582983,1.5491291604626176,0.3228254689729175,0.4706861974362491,0.48352274521265415
215,0.8741507321438875,0.33202307750452925,1.548735734922564,0.3225941795175064,0.4703489726363422,0.483176323622143
216,0.8741784941954654,0.33202307750452925,1.5490511776672846,0.32236867973546524,0.4707192092953148,0.4835375937062816
217,0.8742187095193018,0.33188565616375615,1.5479948304209457,0.3221488462838311,0.4703982276534703,0.48388978584079034
218,0.8741686188004887,0.33175163288029935,1.5496258660020474,0.3219345578976488,0.4700853260919225,0.48423309430257805
219,0.8741323082073712,0.33162093564276673,1.5486205101824382,0.32172569536610707,0.4697803474182693,0.48391893682103027
220,0.8741329817611201,0.33136615464595215,1.5482734013793873,0.32215483532287525,0.4694831202984974,0.48361276430320393
221,0.874062862762828,0.331242001157386,1.5479351487574826,0.3219560846312804,0.46919347670597544,0.4833144035125828
222,0.8740294206878987,0.33124200115738484,1.5476055593001914,0.3217624242474816,0.468911271540099,0.4830236841960433
223,0.8739961651914988,0.33148052419907015,1.549043297470656,0.3221604890724448,0.46863630195604816,0.4827404390701691
224,0.8740594105141329,0.3314805240642903,1.5498726671292127,0.3225479434484122,0.468368428541453,0.4830361056360189
225,0.8740922944736514,0.3314805240642903,1.5490092133809124,0.32236824789232954,0.46866460724234005,0.48332411278769755
226,0.8740411667796969,0.33148052406428063,1.5487111409654315,0.32219322517871807,0.4689530840477712,0.48306170264548587
227,0.8740417880785456,0.3313737334908335,1.5494789351674274,0.32202277111047756,0.46870498770673347,0.4828061422364132
228,0.874081422112883,0.3317962699630999,1.5491933797452666,0.3218591079295375,0.46897884557934305,0.48307273161959324
229,0.8740438371886213,0.3317976907935564,1.5484154446695813,0.32169748479535626,0.4687433455580295,0.4828301542840805
230,0.8740626689841442,0.3314655934455726,1.5486363339954663,0.3215401287925592,0.46851427839181137,0.48308312418144994
231,0.8741361558518544,0.3314655934455726,1.5483749567140777,0.321386943012629,0.468291072270033,0.48285297727746396
232,0.8741813286631964,0.33127842061081497,1.5476565726065443,0.32123783231355196,0.4685377640568945,0.48309291283103967
233,0.8742641627732343,0.3312863409270168,1.547860932368874,0.3210927035137355,0.4683260881624126,0.4828746611929441
234,0.8742640882262243,0.33111270271658105,1.5471800749686646,0.32095146450526335,0.46812037266383216,0.48398158404117925
235,0.8742417048458461,0.3311126454171576,1.546517536022123,0.32081402552926785,0.46834813606975334,0.48420255527990996
236,0.8743299353880647,0.3311126454171576,1.5467065644108637,0.3206802982891905,0.4685697492010531,0.48441755887461746
237,0.8742446753597751,0.33111252968159943,1.5477018819813564,0.32055019614536706,0.46878550502605254,0.48422102742802864
238,0.8742222418271101,0.3310330245451568,1.5478804617438304,0.32042363409346336,0.46860043159912823,0.4840298436211143
239,0.8743109579204476,0.33103302451047867,1.5476699684809552,0.32030052874302245,0.46842039754721304,0.4838438814847962
240,0.8742828446249077,0.3309577300404823,1.547839052425436,0.32018079829612445,0.4682453007138113,0.4836630174556721
241,0.8742938009904951,0.3309037992580974,1.5480034836104413,0.32042801884342104,0.4680751048862927,0.4834871303439476
242,0.874307707685479,0.3308325505553505,1.5478096325125377,0.32031467043395,0.46826326833416093,0.48366984193221046
243,0.8743340502169338,0.3308322530693644,1.5479652110471578,0.32054851983716526,0.4681021720705142,0.48384748810768885
244,0.8743313032108232,0.33072662329784963,1.5487856533206852,0.3204412654223519,0.46794554671918276,0.4836855944286219
245,0.8743253150494844,0.33066109492837764,1.5486071004714603,0.32033700668197823,0.4677933002719734,0.4835282225285155
246,0.8743377339647596,0.3306626390240087,1.5487498947316671,0.3202356708485306,0.46764531790612557,0.4836916050910208
247,0.8744027231383035,0.3305388245863317,1.5495037460641503,0.32013718637048455,0.4678090372845393,0.483542851783382
248,0.8744255506201165,0.33053856727283326,1.549339475352622,0.32034042711076427,0.46766929342525804,0.48339829966906833
249,0.87448241418316,0.330538509176356,1.54917986124869,0.3202473501473917,0.4675334095444602,0.48325784519618625
250,0.8744771696055452,0.3304816982890476,1.5493071600481925,0.32015692139385254,0.46768414824488536,0.48340375850019507
251,0.8744305455648843,0.3304264528554364,1.5494308236139127,0.32006907498720927,0.4675559370742403,0.48327111953378693
252,0.874476547444317,0.3303742189963618,1.550084131251214,0.31998374641427607,0.4679644778409159,0.48314228223502326
253,0.8744963743251911,0.33037393260094233,1.5499416626706093,0.3199008724908554,0.46784483233734114,0.4832761453683899
254,0.8745156610594658,0.3303739304328119,1.5505580520701059,0.3198203913432482,0.46797873880386426,0.4831545620213749
255,0.8744878579506588,0.3303739304285391,1.5511565796655755,0.31974224238773824,0.46786438698690264,0.4832808545662888
256,0.874496562047708,0.33032586549659426,1.5510257880677327,0.31966636631127887,0.46775344190989077,0.48316617014173924
257,0.8744790350101213,0.3303258654658759,1.5511292459515733,0.31959270505209153,0.46787610910048905,0.4832852650316311
258,0.8744790349971713,0.3301496044126304,1.551453356372194,0.3195212508213088,0.46799517884742303,0.48340088725072267
259,0.8744998523323383,0.33023799360699096,1.5515507249463025,0.31966910972889223,0.46789360759136234,0.483296597341531
260,0.8745161485056028,0.330237993606991,1.5516452756207657,0.31960171095803613,0.4680057964632976,0.48340553865983943
261,0.8745122737607637,0.33023795669023126,1.5519416643050667,0.3195363082434824,0.46791002460615705,0.48351125361359804
262,0.874520004717522,0.3302379566902312,1.552030647112655,0.31947284945794313,0.4680156958014642,0.48361382645976553
263,0.8745606253572611,0.33031658888825915,1.552309686331401,0.31941128362190685,0.46792550415604045,0.483520628887215
264,0.8745554834930819,0.3302644560177125,1.5522064167590488,0.319351560847745,0.46783801254055213,0.48343022133180813
265,0.8745564929564361,0.3302338510289636,1.5522876438467843,0.31929363237752506,0.4677583886179072,0.48334252997027066
266,0.8745499409526852,0.3302338503660213,1.553246205271388,0.3192374505273999,0.4676760866951754,0.483433439307645
267,0.874533876322442,0.3301995045360976,1.55383443675128,0.31918296867892904,0.4677669493259017,0.48335093536788926
268,0.8745150665517483,0.3302677055169027,1.5535772643174666,0.3191301412611904,0.4678548149313861,0.4832711695461984
269,0.8745182359531174,0.3302677055148532,1.553648911166432,0.3193999058123072,0.46794021951921677,0.48319360885377327
270,0.8745480409565226,0.3302050527379775,1.5538739746690622,0.3193502046974832,0.4678674043738211,0.4832740279563488
271,0.8745395421724763,0.33026665283712886,1.5537904181631867,0.31930203047668093,0.4677968270592609,0.4835028324824245
272,0.8745229039110276,0.33032635572326985,1.5540018944827592,0.31925534346803236,0.46772842050829444,0.48343214439100646
273,0.8745473269917149,0.3303263557119524,1.5540651069287101,0.3192100945961338,0.4678039140557206,0.4833636263235074
274,0.8745619802010924,0.3303246587093626,1.554401070909963,0.3191662491550551,0.46773965835298015,0.48329723339998665
275,0.8745595001198321,0.33029787026063834,1.554460379775364,0.3191237683794609,0.46781068340896886,0.4833660061299822
276,0.8745645062896833,0.3302978702606375,1.5545178362344816,0.31908261441487723,0.4678793141487038,0.4833036716081814
277,0.8745545451986463,0.33027235252906423,1.5543236248517742,0.31904275030119583,0.4678208603401936,0.48324329078002826
278,0.8745568812375639,0.3302723524678811,1.5543775603150338,0.31936719799307517,0.46776665540714685,0.48318480899322347
279,0.8745353690586977,0.33023625551785085,1.5544297935664932,0.3194469777822703,0.4677118973169356,0.4831281729009133
280,0.8745311520478065,0.3302362555178508,1.554480372624252,0.3194107156469058,0.4676588048373957,0.4830733304374604
281,0.874556399275666,0.33023625551785035,1.5546392648075151,0.3193756058739179,0.46760739999792633,0.48313015125508074
282,0.8745542636805989,0.33027592992112115,1.5546797687462637,0.3194549371622042,0.4675679802762956,0.48328940853842983
283,0.8745562357979246,0.3302551689905455,1.5545195861025636,0.3194220229007554,0.46762283812931776,0.48323961399122584
284,0.8745697032333115,0.33023507308805483,1.5544642812283078,0.3193901654240246,0.4676759346343553,0.4834906224680558
285,0.8745881720793361,0.33021562312494906,1.5545072893420113,0.3193593342965267,0.4677273208734986,0.48354048175677694
286,0.8746114465322351,0.3301968005210633,1.5543620677098489,0.3194229195553849,0.46787046535465454,0.4834953095414655
287,0.874630460155342,0.330196800521063,1.554311954517824,0.319394044379688,0.4678281708257966,0.4834516025587886
288,0.874648852733875,0.33019680052106265,1.5542634723382318,0.31936610899187245,0.46778725283871575,0.48340931808841364
289,0.8746504699163656,0.3300439151608533,1.554131958583786,0.31933908587977866,0.46774767273892787,0.4834530309694548
290,0.8746708078477514,0.3300274377652323,1.554086603321201,0.3193129482281429,0.4677912371862219,0.4834953099303682
291,0.8746738651890119,0.330043852631781,1.5541219038316918,0.3192876700080986,0.46783336934988673,0.4835361991656282
292,0.8746884945109384,0.33001302816817607,1.5540794806140361,0.3193397849076116,0.4677975537583359,0.48349917994426234
293,0.8747052986865177,0.33001290187059906,1.5539644304218339,0.3193161438364246,0.4677629298293062,0.4834633859747285
294,0.8746944116096999,0.3300129018705991,1.5539247787851553,0.319293287842383,0.4677294483190743,0.4834287806580777
295,0.87469446318744,0.330012901869314,1.5540248443181854,0.31927119338106297,0.4677662803967903,0.4834645263604127
296,0.8747034314985356,0.3299859683930276,1.5541215647258104,0.31924983752315256,0.46780188118992166,0.4834321877093107
297,0.8747034273589407,0.32997414898603344,1.554085737252668,0.31922920131702615,0.4677716388183821,0.4834009402580246
298,0.8747034725496289,0.3299615755515908,1.554238554935762,0.3192717350303935,0.46774241302786546,0.4833707379680994
299,0.8746977511910383,0.3299494260342793,1.5543862132475368,0.3192524595914552,0.4677141739472829,0.4833415553561673
300,0.8747077983561368,0.32994942603427896,1.5542955432917112,0.31929216873767075,0.4676868913947736,0.483313361232275
301,0.8747024298322885,0.3299157817786147,1.5543770124886194,0.31927417586172313,0.4676605360034753,0.4832861852092932
302,0.8747095197541371,0.3299048296637092,1.5543468353047205,0.3193112307682522,0.46768951358649136,0.4832598778124166
303,0.874708544849164,0.32992756868160805,1.5542656719156678,0.3193464613133066,0.4677174999814343,0.4832870455876794
304,0.8747133913274869,0.3298969252804904,1.5542375297580022,0.3193810206594322,0.46774453531733184,0.4833132810523088
305,0.8747180704135407,0.32989330432665664,1.55425938470135,0.3193653619744176,0.46777070175863555,0.4832895850593042
306,0.8747189905221855,0.3299126569281557,1.5542331453486178,0.3193502464165189,0.46774856111406515,0.48331404237069603
307,0.8747146430310678,0.32988536205419516,1.554253516261449,0.31933565262469005,0.46772718555941295,0.4833376543296567
308,0.8747155007170824,0.32988536205419516,1.5543172917559063,0.31932156593011873,0.4677506654449377,0.4833604455983425
309,0.8747195657223455,0.32982541500667206,1.554463995269373,0.31930797048340637,0.4677733265121564,0.483339866026268
310,0.8747140134519199,0.32976839245565465,1.5544411941461527,0.3192948698204702,0.4677951947901137,0.4833616504224676
311,0.8747125125970686,0.32976839245565465,1.5543795638673152,0.3192822104597092,0.46781629839602473,0.48342178189912427
312,0.8747103313104481,0.3297606691841718,1.5543583569229493,0.31926999680589596,0.46783681939653016,0.4834032893364431
313,0.8747145722778931,0.3297683280994254,1.5543378989929555,0.31929511832986335,0.46781955444042506,0.48338545285455764
314,0.8747186309774889,0.32976832809442647,1.5543181659066863,0.3192837521971727,0.4678029029041941,0.4833682455034819
315,0.8747238754164622,0.32976142557777194,1.5543334677542815,0.31927279004672804,0.46778684263240816,0.4833516497469145
316,0.8747219877939463,0.3297547710682741,1.5544475557147333,0.3192622187447453,0.4677713756721591,0.4833356457014317
317,0.8747213889823253,0.32975477106827406,1.5544298536548111,0.31925202553734666,0.4677564409559058,0.48332021405875514
318,0.8747213994397803,0.32975477106827406,1.5544435695861536,0.31924219804127413,0.46777282494432787,0.48330533607169324
319,0.8747219761564065,0.3297668986883351,1.5545161435465258,0.3192624003375554,0.4677589434148896,0.4833206694017991
320,0.8747127199667644,0.32976689868833386,1.5545288867993106,0.3192532677025267,0.4677455629816039,0.4833068438110913
321,0.8747137549841442,0.32975601855387143,1.5544860279667745,0.31924446579318094,0.46773266787586126,0.4832935799627422
322,0.874715793662979,0.32976687632394314,1.554524434584839,0.31923598362495076,0.46772024043937455,0.48328073908015706
323,0.8747192157457422,0.32975658115893536,1.5545614417656288,0.3192534125996301,0.4677082658294295,0.4832683660881043
324,0.8747192236230353,0.3297666862785042,1.554547762417619,0.3192702045522875,0.46772141307946324,0.4833058126291491
325,0.8747237609790292,0.32976190833186225,1.5545345845772323,0.31926261766423025,0.4677102985130399,0.4833418541665446
326,0.8747176655590999,0.32975730600447084,1.5545676711373717,0.319255309774545,0.46769959272867784,0.48335368042031124
327,0.8747185074680546,0.3297487299429625,1.5545995372646102,0.3192482714487597,0.46768928178992925,0.48336507045029636
328,0.8747194356460042,0.3297444616581234,1.5545877626187976,0.31926272441878867,0.46770058328109565,0.48337603907342214
329,0.8747213873619181,0.32974446168359767,1.554596868380367,0.3192561975882253,0.46773190900860423,0.48338660057913074
330,0.874722521483736,0.32974050457205983,1.554645000994443,0.31924991370187905,0.4677817513765904,0.48337708613122876
331,0.8747246921925175,0.32973288581260635,1.5546344913514503,0.319281761250014,0.4677728878088059,0.48338687531598096
332,0.8747243500764272,0.3297328858118981,1.5546426144616687,0.31929417700555335,0.4678008344330908,0.4833962979256591
333,0.8747277016952075,0.32974005980892346,1.5546328779861571,0.31928857198484173,0.4678101769067895,0.4834053666292789
334,0.8747244989250134,0.3297400598089235,1.55462350831713,0.319300071556967,0.4678191674349386,0.48339720023945426
335,0.8747272795709278,0.32974005873368223,1.5546307481057224,0.31929488119542176,0.46781157619809177,0.483389342407707
336,0.8747269861330947,0.32973691437433994,1.5546220738644945,0.319289887529218,0.46780425998364955,0.4833817823584716
337,0.8747303987338944,0.32973688874362506,1.5545986838582646,0.3192850836655755,0.4677972232033221,0.4833745096565778
338,0.8747295746409401,0.32973688874362506,1.5546051297639714,0.31928046293036816,0.46780492531104345,0.48339645845769025
339,0.8747291892340909,0.3297366943808941,1.5546113292200971,0.3193038568841965,0.46779841393017124,0.4833897300570377
340,0.8747268982523797,0.32973400309812384,1.5546039054926117,0.31929958285535204,0.4678055376940394,0.4833832596633834
341,0.8747269025376706,0.3297314152912799,1.5545967672700907,0.31929547319898155,0.46781238748851334,0.4833770381109632
342,0.8747233754954102,0.3297264393350413,1.5545899043754774,0.3192915220558945,0.4678065989177469,0.4833834310961942
343,0.8747229292560108,0.32973130134345513,1.5546308910523592,0.3192877237570418,0.4678129327993087,0.4833895767787107
344,0.8747225004057708,0.329740649021439,1.55462454882867,0.3192840730351044,0.467807583744926,0.4833954838148783
345,0.8747243885657844,0.3297384393530743,1.554629443443219,0.31929155400890114,0.467813432677795,0.48340116122699067
346,0.8747245901823466,0.3297215919597501,1.5546130247822962,0.31928818192574465,0.4678084920348036,0.4834171782418563
347,0.8747230335653124,0.32971953132150833,1.5546276924997622,0.31929508975651544,0.4678138926969135,0.48341227254759583
348,0.8747244144934567,0.32971946959022885,1.5546125352196913,0.3193017264805491,0.46780933161378924,0.4834075593836402
349,0.8747281692707152,0.3297252422218704,1.5546260729093295,0.31929873585846374,0.4678143161817841,0.4834123978565764
350,0.8747290276966937,0.32972524202145514,1.5546300797249841,0.31930485980132467,0.46781010748380286,0.48340804882704075
351,0.8747294052362462,0.3297235049081322,1.554625287455866,0.3193107413328508,0.4678147058821663,0.483412512428538
352,0.8747305139854676,0.3297235049081321,1.5546206854247673,0.3193163893860642,0.4678191217162972,0.48341679883908734
353,0.8747321869347778,0.3297235049081322,1.5546242338929688,0.3193138452983241,0.46781539446354187,0.4834209146096289
354,0.8747337930116423,0.3297219670552004,1.5546352899818165,0.3193114027762293,0.46781946880810954,0.4834172167860538
355,0.874733795394568,0.32972049076153853,1.554645903440913,0.3193090580403375,0.4678233766662303,0.4834136670045895
356,0.8747333963513843,0.3297204907615386,1.5546419941054817,0.3193068074400781,0.46782712763106726,0.4834102597385037
357,0.8747333963451823,0.3297136908730832,1.5546517714077932,0.3193046474498378,0.4678307275800308,0.4834137542734501
358,0.8747338899394143,0.3297136908730832,1.554667645528062,0.3193025746651453,0.4678276907130691,0.4834235992812822
359,0.8747355544422943,0.3297124381733804,1.554670419406299,0.3193005857989557,0.467824777867359,0.4834205881409778
360,0.8747360107108261,0.3297124381733804,1.5546790566081679,0.31929867767803066,0.4678219821748748,0.4834236751881963
361,0.8747350231096989,0.3297101363147224,1.5546701441234592,0.3192968472394136,0.46782503299543854,0.48342663655734586
362,0.8747353376743456,0.32970903080293434,1.5546615954838543,0.31929509152699814,0.4678224759228856,0.4834239783471095
363,0.8747352404161293,0.3297090308029344,1.5546586704131395,0.319293407688187,0.4678200088082288,0.4834214289560334
364,0.8747359161156748,0.32971008110105954,1.5546558653897995,0.31929179299686544,0.4678176429680373,0.4834189842169788
365,0.8747356415708297,0.3297091062506629,1.5546677229065784,0.31929509376295057,0.46782022352978797,0.48341664010980984
366,0.874736085247542,0.3297091062486121,1.5546744421042042,0.31929360939366747,0.467818048695236,0.4834143927567326
367,0.8747364269341572,0.32970910624861216,1.554676426700068,0.319292186459894,0.4678204203671075,0.4834166949234087
368,0.874736169503041,0.32970824748111244,1.5546826005075758,0.31929082257949076,0.4678269651865284,0.483414629972919
369,0.8747375760199599,0.3297066014183354,1.5546844235634636,0.3192936092904416,0.46782504998019625,0.4834249324578007
370,0.8747373538944473,0.3297058127289588,1.5546822475209068,0.3192923566926537,0.46782321468939914,0.48342303596822694
371,0.8747378573174264,0.32970430134623196,1.5546876803321519,0.3192911565032124,0.46782521509105685,0.4834212188272547
372,0.8747377897324602,0.32970357735766814,1.554700087667028,0.3192900066648424,0.46782353035102037,0.48341947792007656
373,0.874737848680421,0.3297035716851538,1.554701623839223,0.3192889051949862,0.4678219165590821,0.48342470973972246
374,0.8747375985231098,0.3297029073972999,1.5546964867101805,0.3192911544373367,0.4678236750106373,0.48342311238169683
375,0.8747383847351347,0.32970290739729985,1.5546978958835247,0.31929330855634014,0.4678253590950183,0.4834247471012948
376,0.8747383857015056,0.32970229817496816,1.554696214958174,0.3192923409878301,0.46782697176727683,0.4834232821580914
377,0.8747389394966029,0.329701714853663,1.5546917039897281,0.31929141455753374,0.46782851587326674,0.48342187950003457
378,0.8747394696341705,0.32970229163597325,1.5547012744626472,0.31929330544874096,0.46782721645541503,0.48342053684458813
379,0.8747394704786504,0.32970229163597325,1.5547024585576248,0.3192951155176498,0.4678259724548709,0.48342456958490926
380,0.8747396113714971,0.32970186069811425,1.554706137058271,0.3192943028633311,0.4678273287086471,0.483425884347441
381,0.8747396553228192,0.3297033659702404,1.5547071836057447,0.3192935632249745,0.46782862497225675,0.48342714261616454
382,0.8747397450373222,0.32970336597024036,1.5547082215220458,0.31929281899560014,0.46782753452808573,0.48342834667643614
383,0.8747397874713153,0.3297033655466338,1.554713674979174,0.31929210691301146,0.4678264911888458,0.48342726854098156
384,0.8747402358794756,0.32970336541936074,1.5547124914380805,0.3192914256690718,0.4678254930338446,0.4834262370970785
385,0.874740431295596,0.3297033654193606,1.5547113592871091,0.31929077400518585,0.46782657918549075,0.4834252504391387
386,0.87474047313461,0.32970320158833033,1.554714180666457,0.3192901507112423,0.4678256661242433,0.4834262588561625
387,0.8747404392745112,0.3297028262556908,1.5547150119805022,0.3192914215436689,0.4678247927300708,0.48342909018156444
388,0.8747407453020954,0.3297028259421296,1.5547140216866435,0.3192908515350572,0.46782753213492506,0.48342822714946915
389,0.8747407746400363,0.3297035398267958,1.5547130626852284,0.3192903186884523,0.4678267335952385,0.48342740198084994
390,0.8747409931701937,0.32970353982679573,1.5547154211533385,0.3192897976597105,0.46782923384739944,0.4834282449414881
391,0.8747410532017412,0.3297038638701803,1.5547145558666795,0.31929085948246533,0.4678285041371788,0.483430610558838
392,0.8747410815388428,0.32970387410442936,1.5547152189209887,0.3192903842750911,0.46782780664568957,0.4834298898059756
393,0.8747410547753384,0.3297035876714808,1.5547172782073797,0.319291354171174,0.46782714017289895,0.4834320506619049
394,0.8747407446673722,0.3297033229883978,1.5547151614336083,0.3192909194506152,0.4678278647352153,0.4834327539778724
395,0.8747407947344498,0.3297033229883978,1.554715740687869,0.3192905040970943,0.46782725615558163,0.48343342596072986
396,0.8747408192388256,0.32970307313896907,1.5547150513077932,0.3192901072947399,0.4678291602829473,0.48343282516766156
397,0.8747408867383625,0.3297028348370631,1.5547155799133894,0.3192909153774288,0.46782861439647,0.4834334383936425
398,0.8747408225347162,0.32970260688804603,1.5547138171306794,0.3192916871856106,0.4678292177881961,0.48343289026244884
399,0.8747409472154137,0.32970260688804603,1.554715382094685,0.3192913414547763,0.4678287112200884,0.48343236679859686
400,0.8747411054114563,0.32970239901806775,1.5547137745885369,0.3192910113218141,0.4678282275071506,0.48343186695115803
401,0.874741137818096,0.32970238218242626,1.5547152013633119,0.31929168331217633,0.46782875290231013,0.4834323769030062
402,0.8747413536604315,0.3297021927124334,1.5547156210138653,0.31929138240154115,0.46782831200561736,0.483431921300962
403,0.8747416283682267,0.32970219271243334,1.5547187203732067,0.3192910951687267,0.467827891149778,0.4834314864081995
404,0.8747416939156547,0.32970184747896364,1.5547199612958407,0.3192908210244806,0.4678274894714183,0.4834319299354004
405,0.8747416225601026,0.3297014285737996,1.554721145532075,0.31929055940337636,0.46782710614239487,0.48343153382005044
406,0.8747414030655513,0.3297011277042735,1.5547230573973194,0.3192903097629224,0.4678283042614328,0.4834319377041698
407,0.8747414304180415,0.3297012892966171,1.5547218976243113,0.3192900715827004,0.4678279552769097,0.48343157707972967
408,0.8747416477297164,0.32970128929654274,1.5547222145014348,0.31928984436353364,0.4678283339918627,0.48343123305111774
409,0.8747413506109246,0.32970128929654274,1.5547218379509502,0.3192896276266833,0.46782869523482984,0.48343158370269507
410,0.8747413505787379,0.32970128917763486,1.5547234210661989,0.3192894209130725,0.4678283923560067,0.4834312707207515
411,0.874741433062288,0.3297012891774584,1.5547224611738877,0.3192892237825372,0.4678287209208388,0.4834309722483972
412,0.8747415004772654,0.3297010524647541,1.5547233120262853,0.3192890358131028,0.46782903422472444,0.4834306876467268
413,0.8747415968339499,0.3297010524647145,1.5547230006672463,0.31928885660028583,0.4678298945732095,0.48343041630331807
414,0.8747416070433433,0.32970019544455204,1.5547237740005586,0.31928868575642055,0.46782964425521995,0.48343015763786074
415,0.8747416849158377,0.3297004039084492,1.5547250211615884,0.319288522910178,0.4678299156777365,0.4834299110764636
416,0.874741824025229,0.3297004039084492,1.5547242654157625,0.31928836770526065,0.46782968826742205,0.48342967608305165
417,0.874741824023415,0.3296993825731871,1.554724008449981,0.31928821980081507,0.4678294715539502,0.48342945214589467
418,0.8747418410105563,0.32969920509793427,1.5547250877704886,0.31928807887016974,0.467829265058797,0.4834292387649416
419,0.8747418487730418,0.32969920469124825,1.5547252750212663,0.31928794460044224,0.46782948887153,0.4834290354691832
420,0.8747418867800578,0.3296991241537597,1.5547270558219215,0.3192878166919965,0.46782970206578645,0.48342924241025415
421,0.8747419741715151,0.3296992801187151,1.5547268441487694,0.3192880764386448,0.46782990513146516,0.4834290579432839
422,0.8747420574029049,0.3296992801187151,1.5547273693848083,0.31928796040410573,0.4678297351143821,0.48342924567366163
423,0.8747420575117143,0.32969942159859517,1.5547275234617615,0.3192878499273899,0.46782991928559825,0.48342942444626574
424,0.8747421329806554,0.32969942159859517,1.5547279997127221,0.3192877447146029,0.4678297651247379,0.4834295946683082
425,0.8747421389109029,0.3296994215557786,1.554728453131045,0.3192876445460075,0.4678299321320762,0.48342975672953215
426,0.874742133303148,0.3296993615093015,1.5547282874618573,0.3192875491910201,0.467829792436003,0.4834296123536405
427,0.8747421549774689,0.32969936145073175,1.554728129772717,0.3192874584291457,0.46782965944895427,0.48342975919587333
428,0.8747421653856439,0.32969941771071326,1.5547277091775518,0.31928764256892644,0.4678295329024257,0.4834298989290515
429,0.874742175293078,0.32969947117984605,1.5547278238110034,0.31928756036977923,0.467829669907841,0.48343003191911815
430,0.8747422034207651,0.32969947117984605,1.5547284228008658,0.31928772711598213,0.46782980026741355,0.48342991349889036
431,0.8747421769123649,0.32969956732233796,1.5547280604740557,0.3192876527065213,0.4678299239771347,0.48342980116121004
432,0.8747422319159995,0.32969952275316156,1.5547281591868127,0.319287803614285,0.46782982026347686,0.48342969398920044
433,0.8747422439891178,0.32969956654695454,1.5547293073876771,0.31928773628868146,0.4678299324779379,0.48342959205225583
434,0.8747422621377188,0.32969956626917746,1.5547295972196136,0.3192876722593039,0.46783003928322325,0.4834294951061713
435,0.8747422689581041,0.3296996467824755,1.554729300737185,0.31928761137207007,0.46782995167517977,0.48342959200904995
436,0.874742251824165,0.32969961033141265,1.5547299254246965,0.31928755347967186,0.46783004818269464,0.4834295043548552
437,0.8747422420625566,0.3296996807942285,1.5547298297994414,0.31928749844307786,0.46782996754230904,0.48342976577678903
438,0.8747422451891484,0.32969968078381323,1.5547299027617882,0.31928760998520417,0.46783005478330963,0.4834296865615787
439,0.874742277886153,0.32969968078381323,1.554729972110604,0.3192875602575944,0.46782998192088193,0.4834297670150825
440,0.8747422825617136,0.329699640762033,1.5547301860314673,0.31928766101287887,0.467829912751227,0.4834298434749468
441,0.8747423308798802,0.32969964076203306,1.5547305299597216,0.3192876161049316,0.4678298469517996,0.4834297754803307
442,0.8747423316204771,0.3296996182278813,1.5547305894641377,0.3192875734363355,0.46782978828979876,0.483429710876291
443,0.8747423631198935,0.32969961822788124,1.5547308999104361,0.3192876598581638,0.46782972889510577,0.4834297764589763
444,0.8747423815331574,0.3296995939825244,1.554731194805971,0.3192876213525837,0.46782967247562424,0.4834297181581199
445,0.8747423841656428,0.3296995843668533,1.5547312458051872,0.31928758478373065,0.46782961892396735,0.48342989187004204
446,0.8747423738755513,0.3296995843667388,1.5547311854614096,0.3192875500515624,0.4678295680339575,0.48342983928244027
447,0.874742348352156,0.32969958432285457,1.554731231455146,0.3192875170709742,0.4678295198113588,0.483429789346887
448,0.8747423497155173,0.3296996067228319,1.554731177050771,0.31928758383075806,0.467829473929777,0.4834297419391897
449,0.8747423697458464,0.3296996067228263,1.554731218507643,0.3192875541034028,0.46782943037246183,0.48342988313986607
450,0.8747423781794792,0.329699535651792,1.5547313462380017,0.3192875258853202,0.4678293890265047,0.4834298404151679
451,0.8747423624667376,0.3296995356517868,1.5547312158251596,0.3192874991030766,0.46782934978450186,0.4834297998644582
452,0.8747423640033135,0.3296995196481087,1.5547312512701588,0.3192874736866416,0.4678293921472024,0.48342976138170485
453,0.8747423740937497,0.3296995044633594,1.5547311338334222,0.3192875251043111,0.4678293568146219,0.48342972486580316
454,0.8747423618328475,0.32969953379371364,1.554731237340131,0.3192875022921092,0.46782939492985004,0.4834296902436385
455,0.8747423566617266,0.32969954796248224,1.554731335520166,0.3192875486509064,0.4678294310708297,0.48342965741640154
456,0.874742360127953,0.32969957915972603,1.5547312392033477,0.3192875886031221,0.4678294009010011,0.4834296262412971
457,0.8747423671319315,0.32969957915972603,1.5547313276014534,0.31928756907428524,0.4678293722867857,0.4834295966729122
458,0.8747423649543145,0.3296995791596787,1.5547312954253152,0.3192876085577186,0.4678294031544513,0.4834295686324955
459,0.8747423680623418,0.32969957905047803,1.554731319914733,0.319287590997159,0.46782943401950006,0.48342954204426114
460,0.8747423720431153,0.32969957905047576,1.5547313952777198,0.31928762649264913,0.46782951391403016,0.48342951683601115
461,0.8747423720399592,0.32969957010083106,1.5547313678534929,0.3192876107120984,0.46782949078900543,0.48342949294398424
462,0.8747423782997183,0.3296995606809048,1.5547314824277365,0.31928759575172305,0.4678294688686447,0.483429517148145
463,0.8747423723945063,0.32969955730195505,1.5547314133857164,0.31928758157290127,0.4678294925201244,0.4834294956801611
464,0.8747423740110291,0.32969953192707585,1.554731390041104,0.3192875681364081,0.467829514935112,0.48342947533612796
465,0.8747423762920862,0.3296995158943513,1.5547313280465955,0.3192875554048996,0.4678294962876092,0.4834294560595038
466,0.8747423740764219,0.32969953148163345,1.5547313069125277,0.3192875435202093,0.4678295162270076,0.4834294380907889
467,0.8747423761367006,0.3296995170920837,1.5547312870601386,0.3192875320937395,0.46782949948460734,0.4834294565775043
468,0.8747423735566386,0.3296995034650675,1.5547313699487728,0.31928752127067234,0.467829517552973,0.48342944019042694
469,0.8747423724047937,0.32969950276089544,1.554731480554567,0.3192875431240464,0.4678295025374703,0.48342942467056393
470,0.8747423741549837,0.3296995027608955,1.5547315244923177,0.3192875334173543,0.4678294883149394,0.48342944037487695
471,0.8747423769018496,0.3296995027608828,1.5547315660949095,0.3192875242265436,0.4678294748483702,0.4834294264591803
472,0.8747423769097029,0.3296994918180182,1.5547315509772206,0.31928757002975644,0.4678294893881307,0.483429413284636
473,0.874742375931882,0.32969948663856125,1.5547315366664136,0.31928756179286644,0.4678295289590125,0.48342940081326136
474,0.874742377312083,0.3296994768330342,1.5547315231210423,0.3192875539965392,0.4678295175692465,0.4834294134268233
475,0.8747423782014259,0.3296994816326047,1.5547315334107656,0.31928754661812103,0.4678295067581581,0.4834294484733679
476,0.8747423798703103,0.3296994772367295,1.5547315650156621,0.31928753963599277,0.4678294965359435,0.48342943790181114
477,0.8747423800794393,0.32969946919748033,1.5547315742285954,0.3192875330297023,0.46782948685618747,0.4834294485900662
478,0.8747423860568749,0.3296994691974782,1.5547315829446053,0.3192875267797345,0.46782949727330286,0.48342943912706443
479,0.8747423906510264,0.32969946547484813,1.5547315911894932,0.3192875208675931,0.46782948861066254,0.4834294301755616
480,0.8747423914223844,0.3296994654488043,1.554731598987791,0.3192875327893879,0.46782949793809725,0.48342942170892317
481,0.8747423923810519,0.3296994654488043,1.5547316229258825,0.3192875275010039,0.4678295067529283,0.4834294137018445
482,0.874742394179474,0.3296994718504519,1.5547316142375742,0.3192875225002698,0.46782949942570706,0.4834294374546338
483,0.8747423972883468,0.3296994718504519,1.5547316208313335,0.31928753258060416,0.4678294924978515,0.4834294302957664
484,0.8747423956940091,0.32969946903592484,1.554731655064326,0.31928752811067856,0.46782948594838497,0.48342943752759276
485,0.8747423955272039,0.32969946646343,1.5547317006569263,0.31928752388562226,0.4678294929908425,0.4834294443636198
486,0.8747423955311385,0.32969946646343,1.5547317312415423,0.3192875198920784,0.4678294871395887,0.48342945082471533
487,0.8747423953092567,0.32969945933431016,1.5547317246844607,0.31928751611801215,0.4678294934299904,0.48342944511044633
488,0.8747423944600493,0.3296994616493114,1.554731740823246,0.3192875125556626,0.4678294882050608,0.48342943974119856
489,0.8747423944633631,0.3296994616493114,1.55473172441625,0.3192875091862396,0.46782948326808277,0.4834294451925384
490,0.8747423957952449,0.3296994596450441,1.5547317288553029,0.3192875159725275,0.46782947860410845,0.483429440373042
491,0.8747423977721865,0.3296994577513965,1.5547317518823356,0.3192875129658046,0.46782947419973697,0.4834294358205985
492,0.8747423960858549,0.32969945775102166,1.554731764736705,0.3192875101260275,0.4678294789347824,0.48342943152092577
493,0.8747423940170344,0.3296994577383483,1.5547317684766293,0.3192875074442482,0.46782948346766023,0.48342942746047557
494,0.8747423938681593,0.3296994561438836,1.554731764077053,0.31928750491197977,0.46782947975730577,0.48342943155739554
495,0.8747423937270621,0.3296994561436512,1.5547317524353121,0.31928750252117355,0.4678294837471536,0.48342943542544586
496,0.8747423929220411,0.32969945619065016,1.5547317626515997,0.31928750026420594,0.4678294804401662,0.48342943200818544
497,0.8747423936881934,0.329699454849237,1.5547317522779651,0.3192874981338244,0.4678294773186682,0.4834294287825999
498,0.8747423939945265,0.3296994543754649,1.5547317550819493,0.31928749612317775,0.46782947437261063,0.4834294383328878
499,0.8747423945632186,0.32969945318265703,1.5547317636706715,0.31928749422576413,0.46782947160290456,0.48342943546003625
500,0.8747423947790135,0.32969945318265703,1.5547317773820386,0.3192874924354215,0.4678294745869475,0.48342943835660546
501,0.8747423942774895,0.3296994531826355,1.5547317691571172,0.3192874907463105,0.46782948798287216,0.4834294410893934
502,0.874742395229946,0.3296994531826355,1.5547317613981904,0.3192874891528985,0.4678294856481577,0.483429438676827
503,0.8747423956791389,0.3296994503435903,1.5547317634941633,0.3192874876499439,0.46782948815319847,0.48342943640122105
504,0.874742396272237,0.3296994503435903,1.554731761031457,0.3192874862324817,0.46782948607630004,0.4834294342550582
505,0.8747423956356458,0.3296994503435546,1.5547317670819607,0.3192874848958093,0.4678294883043691,0.48342943223121826
506,0.8747423960121778,0.3296994503435544,1.5547317688395852,0.31928748363547343,0.4678294864654633,0.4834294303229585
507,0.8747423969355057,0.32969945034355436,1.554731770496634,0.31928748244725724,0.46782948844591565,0.4834294322453561
508,0.8747423972702705,0.32969945034355436,1.5547317650424968,0.3192874813271684,0.46782948680472825,0.48342943405753147
509,0.8747423972702575,0.32969944305324994,1.5547317632082471,0.3192874802714276,0.46782948525782553,0.48342943245906617
510,0.8747423975686058,0.3296994424267586,1.5547317583633615,0.31928748239267735,0.4678294869161857,0.4834294340688135
511,0.87474239824113,0.32969944183640204,1.5547317567343972,0.3192874814550929,0.46782948847891553,0.48342943264922783
512,0.8747423982948038,0.3296994418364021,1.5547317607331563,0.3192874805716903,0.46782948995132156,0.483429434078472
513,0.8747423979673666,0.3296994414549017,1.5547317592871976,0.31928747973943855,0.46782948873229385,0.4834294328183693
514,0.8747423985297041,0.3296994409612692,1.5547317652912325,0.3192874789554701,0.4678294875836001,0.48342943163137186
515,0.8747423985304298,0.32969944191096306,1.5547317616956953,0.31928747821707265,0.4678294865016782,0.4834294305133729
516,0.8747423986121474,0.32969944105182075,1.5547317583095686,0.31928747752168074,0.4678294854828311,0.4834294294653102
517,0.8747423990818416,0.32969944105182075,1.5547317571718942,0.3192874768668685,0.46782948657423556,0.4834294284738666
518,0.8747423989432497,0.3296994418371741,1.5547317599609465,0.319287476252023,0.46782948953212383,0.4834294275463736
519,0.8747423991860724,0.3296994418371283,1.5547317607703672,0.31928747567161353,0.46782948868174534,0.48342943030323665
520,0.8747423991119556,0.32969944150053015,1.554731761532279,0.31928747512527117,0.467829489592431,0.483429429476026
521,0.8747423994500177,0.32969944085389785,1.5547317638598863,0.31928747622155995,0.4678294888412917,0.48342943030796387
522,0.8747423999417572,0.32969944054919664,1.554731761503521,0.31928747573764504,0.4678294881322452,0.4834294310908828
523,0.874742399942205,0.32969944054919664,1.5547317607123983,0.31928747528229784,0.4678294874650569,0.4834294318275824
524,0.8747424001214633,0.3296994402794418,1.5547317639934168,0.3192874748538835,0.4678294868373315,0.48342943252070786
525,0.8747424002178183,0.3296994410575908,1.5547317658176043,0.31928747445098443,0.4678294862468481,0.48342943317271553
526,0.8747424002634745,0.3296994403415371,1.5547317687209221,0.3192874740718878,0.4678294856916368,0.4834294325987298
527,0.8747424003487199,0.3296994403415275,1.5547317714515283,0.3192874737153427,0.46782948628602183,0.4834294320588891
528,0.8747424003666571,0.3296994403398008,1.5547317719191196,0.3192874733800481,0.46782948579476286,0.4834294336514915
529,0.8747424004420383,0.3296994399427724,1.5547317753210672,0.3192874730647753,0.4678294853328175,0.48342943416156675
530,0.8747424006014988,0.32969944051503,1.554731775734431,0.3192874727683656,0.46782948489850756,0.4834294337127746
531,0.874742400305422,0.32969944070772433,1.5547317769679538,0.31928747339019636,0.46782948449023054,0.4834294332908834
532,0.8747424003837,0.3296994407077243,1.5547317773332052,0.3192874731282863,0.4678294857470634,0.48342943453491927
533,0.8747424004136114,0.3296994407077243,1.55473177690554,0.3192874728821347,0.4678294869282756,0.48342943416222395
534,0.8747424004412603,0.3296994408630155,1.5547317779525582,0.31928747265085317,0.4678294873138053,0.4834294338120056
535,0.874742400203443,0.32969944061355094,1.5547317802978016,0.31928747243350963,0.46782948707208066,0.48342943416364254
536,0.8747424002156485,0.329699439584974,1.5547317818616146,0.3192874722293169,0.4678294867728935,0.48342943385447673
537,0.8747424002844398,0.329699439584974,1.5547317815283552,0.31928747203750246,0.4678294870927242,0.48342943476556843
538,0.874742400234457,0.32969943958496595,1.5547317817796074,0.3192874718573376,0.46782948682953157,0.4834294350570545
539,0.8747424001840013,0.32969943958486003,1.5547317814856343,0.31928747168813526,0.46782948764148646,0.4834294348008672
540,0.8747424001558215,0.32969943958486003,1.5547317812095818,0.3192874715292475,0.4678294879063116,0.48342943456029713
541,0.8747424002004085,0.3296994394909252,1.554731782819349,0.31928747138006364,0.46782948768772326,0.48342943433441954
542,0.8747424003259854,0.3296994394909252,1.5547317834533174,0.31928747124000784,0.46782948748250935,0.48342943412236267
543,0.8747424003261131,0.32969943940814167,1.5547317832249001,0.31928747193206086,0.4678294872898851,0.4834294339233049
544,0.8747424003262255,0.3296994395664938,1.5547317830105107,0.31928747219513853,0.46782948749582476,0.4834294345099436
545,0.8747424003073115,0.32969943949374775,1.554731783534703,0.3192874720793344,0.4678294873261454,0.4834294343346059
546,0.874742400301138,0.32969943942560637,1.5547317840265842,0.3192874719706685,0.46782948784979506,0.483429434510415
547,0.8747424001895784,0.329699439308583,1.5547317851267335,0.319287471868713,0.46782948773640237,0.4834294346753672
548,0.8747424002124454,0.32969943930858286,1.554731784660988,0.31928747177306516,0.46782948819539966,0.48342943453054793
549,0.874742400282164,0.3296994394234362,1.5547317853481069,0.3192874716833456,0.46782948806393987,0.4834294343947046
550,0.8747424003104495,0.3296994394234359,1.5547317852019067,0.319287471599197,0.46782948794068513,0.4834294342672962
551,0.8747424002865458,0.3296994394231234,1.554731785064801,0.319287471520283,0.4678294880722464,0.48342943414781336
552,0.8747424003484691,0.32969943942466395,1.5547317851679936,0.3192874714462869,0.4678294879638251,0.48342943403577676
553,0.8747424003607007,0.3296994393810822,1.5547317854820284,0.3192874713769106,0.46782948807945784,0.48342943393073495
554,0.8747424003801386,0.3296994393810822,1.5547317859801155,0.31928747131187357,0.46782948798416363,0.48342943383226317
555,0.8747424003583812,0.3296994393810772,1.5547317860651308,0.3192874712509117,0.46782948865856433,0.4834294337399616
556,0.8747424003380023,0.32969943934510165,1.5547317857869185,0.31928747119377665,0.4678294889327394,0.4834294336534541
557,0.874742400338055,0.3296994393113884,1.5547317858615866,0.3192874713079269,0.4678294890219803,0.48342943390777127
558,0.8747424003467507,0.32969943928477596,1.5547317859315506,0.31928747125775797,0.467829489105599,0.4834294338318111
559,0.874742400366416,0.3296994392847753,1.554731785702677,0.31928747121075535,0.4678294890367834,0.4834294339078559
560,0.8747424003602039,0.3296994392847752,1.554731785764081,0.31928747130462787,0.4678294889723311,0.4834294338411894
561,0.8747424003379275,0.3296994392588552,1.5547317855632585,0.31928747126338597,0.46782948891190224,0.48342943377874553
562,0.8747424003656329,0.3296994392345347,1.554731785496151,0.319287471224761,0.4678294889762808,0.48342943372026387
563,0.8747424003656685,0.3296994392345347,1.5547317855465923,0.31928747130187385,0.46782948892328385,0.483429433892065
564,0.874742400365735,0.3296994392345347,1.5547317856998903,0.3192874712680074,0.4678294889797306,0.483429433946857
565,0.8747424003753005,0.32969943921457073,1.5547317856448042,0.3192874712363014,0.46782948893378595,0.48342943389885135
566,0.8747424003788482,0.329699439234496,1.554731785779147,0.3192874712066256,0.46782948889029824,0.4834294338539135
567,0.8747424003772697,0.32969943919951256,1.5547317858178877,0.31928747117884587,0.46782948893659987,0.4834294338118526
568,0.874742400395918,0.32969943919951256,1.5547317859355692,0.3192874711528478,0.4678294888985067,0.48342943377248915
569,0.8747424003973961,0.329699439153558,1.5547317861218841,0.31928747112851996,0.46782948886286096,0.48342943373565467
570,0.8747424003974185,0.3296994391392256,1.554731786581369,0.31928747110575784,0.46782948882950925,0.48342943370119085
571,0.8747424004025098,0.3296994391327102,1.5547317865443717,0.31928747108446326,0.4678294887983088,0.483429433668949
572,0.8747424003894522,0.3296994390829555,1.5547317865097605,0.31928747106454747,0.4678294887691226,0.4834294336387928
573,0.8747424004039477,0.32969943907122473,1.5547317864190418,0.31928747110426714,0.4678294888585249,0.48342943361058466
574,0.8747424003821459,0.3296994390712247,1.554731786388771,0.3192874710868442,0.46782948883299624,0.48342943358420476
575,0.8747424003782814,0.3296994390712245,1.554731786360466,0.31928747107055244,0.4678294888091323,0.4834294335595376
576,0.8747424003873863,0.329699439052042,1.5547317863340018,0.31928747110302697,0.46782948878681463,0.48342943353647483
577,0.8747424003950423,0.3296994390430763,1.5547317864876553,0.3192874711333857,0.4678294887659523,0.48342943355951307
578,0.8747424004006101,0.3296994390179485,1.5547317865479051,0.31928747112007533,0.4678294887465248,0.48342943353936
579,0.874742400395429,0.3296994390149839,1.5547317864873293,0.3192874711076352,0.467829488767276,0.4834294335205246
580,0.8747424003912826,0.3296994390003439,1.554731786430721,0.31928747109600986,0.46782948878665254,0.4834294335029228
581,0.8747424003893559,0.3296994389935041,1.5547317864458698,0.3192874710851472,0.46782948877073627,0.48342943348647577
582,0.874742400385746,0.32969943899350407,1.554731786460023,0.31928747107499844,0.46782948875586605,0.48342943353468104
583,0.8747424003891459,0.32969943900564697,1.5547317864435488,0.31928747106552036,0.4678294887716653,0.4834294335203291
584,0.8747424003949684,0.3296994390056469,1.5547317864004282,0.3192874710566649,0.46782948875869,0.4834294335346561
585,0.8747424003964516,0.32969943900043935,1.5547317864119619,0.31928747104839444,0.46782948874657193,0.4834294335221339
586,0.8747424003992216,0.32969943900043935,1.5547317863985437,0.31928747106486005,0.46782948875944447,0.4834294335104404
587,0.8747424003957875,0.32969943900043935,1.5547317864311856,0.3192874710576488,0.4678294887488787,0.4834294335221073
588,0.8747424003889329,0.3296994389968673,1.5547317864194887,0.3192874710509164,0.4678294887600999,0.4834294335540853
589,0.8747424003908172,0.3296994389929104,1.554731786428253,0.3192874710446318,0.46782948877057595,0.4834294335839363
590,0.8747424003896689,0.32969943899211607,1.5547317864364334,0.3192874710387659,0.46782948878036174,0.48342943359342666
591,0.8747424003929404,0.32969943899222937,1.5547317864097765,0.3192874710332915,0.46782948878948616,0.4834294335851411
592,0.8747424003927388,0.3296994389891192,1.5547317864648986,0.3192874710281834,0.46782948879800057,0.48342943359340595
593,0.8747424003878858,0.3296994389865903,1.5547317864566177,0.3192874710234171,0.4678294888059448,0.48342943361604535
594,0.8747424003849708,0.3296994389837905,1.5547317864628187,0.3192874710189705,0.46782948879942954,0.483429433637166
595,0.8747424003839871,0.3296994389837905,1.5547317864686032,0.3192874710148227,0.4678294888063429,0.4834294336568675
596,0.8747424003844495,0.3296994389669002,1.554731786461882,0.31928747101095406,0.46782948881279096,0.4834294336510101
597,0.8747424003823,0.32969943896705106,1.5547317864669123,0.31928747100734695,0.4678294888188039,0.4834294336455479
598,0.8747424003816836,0.32969943896493925,1.5547317864610675,0.3192874710039828,0.46782948881388325,0.4834294336509907
599,0.8747424003826241,0.32969943896098935,1.5547317864654417,0.3192874710008462,0.4678294888191117,0.48342943364624164
600,0.874742400379312,0.3296994389609893,1.5547317864512036,0.31928747099792215,0.4678294888148273,0.48342943365097246
601,0.874742400377709,0.32969943896078496,1.5547317864720773,0.31928747099519655,0.4678294888115902,0.48342943364684565
602,0.8747424003799867,0.32969943896078496,1.5547317864756198,0.31928747099265625,0.4678294888158242,0.48342943364299945
603,0.874742400379284,0.32969943896078496,1.554731786471507,0.319287470990289,0.46782948882718417,0.48342943363941515
604,0.8747424003786869,0.32969943895942255,1.5547317864676746,0.3192874709880832,0.4678294888239886,0.4834294336360754
605,0.8747424003781265,0.3296994389561319,1.554731786476977,0.3192874709860281,0.4678294888209774,0.48342943363296376
606,0.8747424003777848,0.3296994389561319,1.5547317864736507,0.3192874709901096,0.4678294888181723,0.4834294336360611
607,0.8747424003777866,0.3296994389561319,1.5547317864649677,0.31928747098832644,0.4678294888155596,0.48342943363894614
608,0.8747424003779866,0.3296994389529951,1.5547317864776864,0.3192874709866657,0.4678294888131273,0.48342943363643165
609,0.874742400378911,0.3296994389530273,1.5547317864749994,0.31928747098511917,0.4678294888108613,0.48342943363893376
610,0.8747424003780545,0.3296994389530273,1.5547317864815176,0.3192874709836792,0.46782948881326136,0.4834294336367535
611,0.8747424003783764,0.32969943895302734,1.5547317864791883,0.3192874709823386,0.4678294888154958,0.48342943363892243
612,0.8747424003787492,0.32969943895302734,1.5547317864848371,0.31928747098109067,0.46782948881366726,0.48342943363703295
613,0.8747424003799296,0.3296994389522959,1.5547317864791812,0.3192874709835671,0.46782948881560327,0.4834294336352743
614,0.8747424003801875,0.3296994389522959,1.5547317864739174,0.31928747098587174,0.46782948882081615,0.4834294336336376
615,0.8747424003804279,0.32969943895166254,1.5547317864816212,0.3192874709848658,0.4678294888193423,0.48342943363211455
616,0.8747424003806525,0.3296994389510733,1.554731786479995,0.3192874709839299,0.46782948882383346,0.48342943363069746
617,0.8747424003807567,0.32969943894727183,1.5547317864784822,0.3192874709830592,0.46782948882528463,0.4834294336293791
618,0.8747424003802733,0.3296994389473059,1.554731786477075,0.31928747098478594,0.467829488826624,0.4834294336281634
619,0.8747424003806075,0.3296994389472909,1.554731786473407,0.31928747098639193,0.4678294888255202,0.4834294336270228
620,0.8747424003809423,0.3296994389472909,1.55473178647219,0.3192874709856914,0.467829488824494,0.48342943362596213
621,0.8747424003803375,0.32969943894689785,1.5547317864730983,0.31928747098504,0.46782948882761993,0.48342943362497587
622,0.8747424003803734,0.32969943894386,1.5547317864796335,0.3192874709844344,0.4678294888305263,0.483429433627853
623,0.8747424003805415,0.32969943894458514,1.554731786476892,0.3192874709838714,0.4678294888297035,0.48342943362876173
624,0.8747424003803318,0.3296994389439261,1.5547317864776218,0.31928747098334803,0.46782948882894,0.4834294336279693
625,0.8747424003802451,0.3296994389439261,1.5547317864783001,0.31928747098286164,0.46782948882975073,0.4834294336272329
626,0.8747424003807045,0.3296994389436415,1.5547317864803463,0.31928747098240967,0.4678294888290885,0.48342943363079555
627,0.8747424003808623,0.3296994389436413,1.5547317864796166,0.31928747098330507,0.46782948882847314,0.48342943363015967
628,0.8747424003811188,0.3296994389436413,1.554731786482605,0.31928747098413696,0.4678294888279014,0.48342943363079094
629,0.8747424003812272,0.3296994389436413,1.5547317864842456,0.31928747098377447,0.46782948882737024,0.4834294336302421
630,0.874742400381308,0.32969943894364134,1.5547317864836607,0.3192874709834378,0.4678294888268769,0.48342943362973234
631,0.8747424003813642,0.3296994389436413,1.5547317864831174,0.3192874709831251,0.4678294888273983,0.4834294336302382
632,0.874742400381157,0.32969943894346443,1.5547317864817036,0.3192874709828347,0.4678294888278822,0.48342943363070795
633,0.8747424003811733,0.32969943894295517,1.554731786480391,0.31928747098256516,0.4678294888283316,0.4834294336302998
634,0.8747424003810991,0.3296994389427976,1.55473178648074,0.31928747098231486,0.467829488827965,0.4834294336299208
635,0.8747424003810021,0.3296994389427524,1.554731786481064,0.31928747098208254,0.4678294888305353,0.483429433629569
636,0.8747424003809633,0.3296994389427524,1.55473178648204,0.31928747098186694,0.46782948883021935,0.4834294336305934
637,0.874742400381023,0.3296994389422525,1.5547317864816923,0.3192874709816668,0.4678294888299261,0.48342943363154395
638,0.8747424003809237,0.3296994389422525,1.5547317864819512,0.31928747098148114,0.4678294888302356,0.4834294336312628
639,0.8747424003809824,0.32969943894225234,1.554731786482731,0.31928747098130883,0.46782948882998315,0.4834294336315415
640,0.8747424003809523,0.32969943894215165,1.554731786482954,0.319287470981149,0.4678294888297499,0.4834294336312995
641,0.8747424003809257,0.3296994389421308,1.5547317864822319,0.31928747098100074,0.4678294888295328,0.483429433631075
642,0.8747424003810325,0.32969943894204423,1.5547317864824237,0.31928747098086324,0.46782948882933134,0.4834294336308668
643,0.8747424003808729,0.32969943894204423,1.5547317864830008,0.3192874709815345,0.46782948882954384,0.4834294336306737
644,0.8747424003808801,0.3296994389418953,1.5547317864827954,0.31928747098141624,0.4678294888293706,0.4834294336304947
645,0.8747424003808735,0.3296994389418588,1.5547317864839785,0.31928747098165,0.467829488829897,0.4834294336303287
646,0.8747424003808026,0.3296994389418588,1.554731786483802,0.31928747098186666,0.46782948883039227,0.4834294336301748
647,0.8747424003808191,0.32969943894180886,1.5547317864842283,0.31928747098177246,0.4678294888305495,0.4834294336303272
648,0.8747424003807726,0.3296994389417216,1.554731786483803,0.31928747098168514,0.4678294888304215,0.483429433630195
649,0.8747424003807595,0.32969943894167064,1.5547317864839159,0.31928747098160426,0.4678294888305564,0.48342943363007257
650,0.874742400380773,0.3296994389417666,1.5547317864840204,0.31928747098152926,0.4678294888306814,0.48342943362995905
651,0.8747424003807938,0.3296994389417229,1.5547317864838999,0.3192874709814598,0.4678294888305796,0.4834294336298539
652,0.8747424003807593,0.3296994389417229,1.5547317864835866,0.3192874709813955,0.46782948883048536,0.483429433629958
653,0.8747424003807879,0.3296994389416478,1.5547317864842296,0.3192874709813359,0.46782948883058467,0.4834294336298678
654,0.8747424003807679,0.3296994389416131,1.5547317864843067,0.3192874709814536,0.4678294888305038,0.48342943362978424
655,0.8747424003807771,0.32969943894167847,1.554731786484378,0.3192874709814025,0.4678294888304289,0.4834294336298669
656,0.8747424003807969,0.32969943894167847,1.5547317864842956,0.3192874709813552,0.46782948883065595,0.48342943362994345
657,0.87474240038081,0.32969943894166837,1.5547317864843566,0.3192874709813114,0.46782948883072917,0.4834294336298771
658,0.874742400380798,0.3296994389416683,1.5547317864846673,0.3192874709812708,0.4678294888307968,0.4834294336298157
659,0.8747424003808046,0.329699438941621,1.5547317864848371,0.3192874709812333,0.46782948883074177,0.4834294336297589
660,0.8747424003808089,0.32969943894170994,1.5547317864847767,0.31928747098119853,0.46782948883069086,0.48342943362970625
661,0.8747424003808089,0.3296994389415899,1.5547317864849222,0.3192874709811664,0.46782948883064374,0.48342943362965757
662,0.8747424003808174,0.32969943894158565,1.5547317864850567,0.3192874709812298,0.4678294888306933,0.48342943362961255
663,0.8747424003808159,0.32969943894156833,1.554731786485009,0.31928747098120225,0.467829488830653,0.4834294336295709
664,0.8747424003808342,0.32969943894156833,1.554731786484885,0.3192874709811768,0.4678294888306157,0.48342943362969176
665,0.8747424003808439,0.3296994389415535,1.554731786484918,0.3192874709811533,0.46782948883065495,0.4834294336296561
666,0.874742400380853,0.32969943894152604,1.5547317864850165,0.3192874709811315,0.46782948883069125,0.48342943362962315
667,0.8747424003808494,0.32969943894155185,1.5547317864849814,0.3192874709811744,0.4678294888307248,0.4834294336295927
668,0.874742400380845,0.32969943894154013,1.554731786484949,0.3192874709811558,0.4678294888306975,0.48342943362962276
669,0.8747424003808508,0.32969943894154013,1.5547317864849193,0.3192874709811386,0.4678294888306723,0.4834294336295967
670,0.8747424003808544,0.3296994389415147,1.5547317864848917,0.3192874709811725,0.46782948883069886,0.4834294336296225
671,0.8747424003808614,0.32969943894150544,1.5547317864848662,0.31928747098115784,0.4678294888307694,0.4834294336296463
672,0.874742400380863,0.32969943894150544,1.554731786484885,0.31928747098114424,0.46782948883074954,0.4834294336296683
673,0.8747424003808645,0.32969943894148174,1.5547317864849812,0.3192874709811317,0.46782948883073117,0.4834294336296493
674,0.8747424003808686,0.32969943894148174,1.5547317864851427,0.3192874709811201,0.4678294888307142,0.48342943362966806
675,0.8747424003808668,0.329699438941475,1.5547317864851575,0.3192874709811094,0.467829488830732,0.48342943362965185
676,0.8747424003808678,0.3296994389414699,1.5547317864851713,0.3192874709810995,0.46782948883071773,0.48342943362963686
677,0.8747424003808717,0.32969943894146997,1.554731786485184,0.31928747098109034,0.46782948883070435,0.48342943362962304
678,0.874742400380873,0.3296994389414655,1.5547317864852221,0.3192874709810819,0.4678294888307184,0.4834294336296367
679,0.874742400380875,0.3296994389414651,1.554731786485233,0.31928747098107413,0.46782948883073133,0.48342943362962487
680,0.8747424003808771,0.3296994389414743,1.5547317864852654,0.3192874709810669,0.46782948883074327,0.4834294336296365
681,0.8747424003808791,0.3296994389414702,1.5547317864852332,0.3192874709810603,0.46782948883073355,0.4834294336296264
682,0.8747424003808809,0.3296994389414509,1.5547317864852226,0.3192874709810542,0.4678294888307629,0.48342943362961716
683,0.8747424003808846,0.3296994389414508,1.5547317864852128,0.31928747098104854,0.46782948883079,0.4834294336296263
684,0.8747424003808827,0.32969943894144105,1.5547317864852201,0.3192874709810433,0.46782948883078235,0.48342943362961843
685,0.8747424003808835,0.329699438941441,1.5547317864851966,0.3192874709810385,0.46782948883079034,0.48342943362961116
686,0.8747424003808866,0.329699438941441,1.5547317864852028,0.31928747098103405,0.46782948883078385,0.48342943362963225
687,0.8747424003808887,0.329699438941441,1.5547317864852086,0.31928747098103,0.46782948883077785,0.4834294336296389
688,0.8747424003808908,0.3296994389414458,1.5547317864852022,0.3192874709810262,0.46782948883077236,0.48342943362963325
689,0.8747424003808906,0.3296994389414436,1.554731786485207,0.3192874709810227,0.4678294888307782,0.48342943362963886
690,0.8747424003808922,0.32969943894144776,1.5547317864852013,0.3192874709810195,0.4678294888307835,0.483429433629644
691,0.8747424003808917,0.32969943894144776,1.5547317864852332,0.3192874709810351,0.4678294888307792,0.4834294336296396
692,0.874742400380893,0.3296994389414477,1.5547317864852455,0.3192874709810324,0.4678294888307752,0.483429433629644
693,0.8747424003808937,0.32969943894144776,1.554731786485249,0.3192874709810299,0.4678294888307794,0.4834294336296402
694,0.8747424003808937,0.3296994389414451,1.5547317864852521,0.31928747098102755,0.4678294888307833,0.4834294336296367
695,0.8747424003808947,0.32969943894144377,1.5547317864852617,0.31928747098102545,0.46782948883078684,0.48342943362964014
696,0.8747424003808952,0.32969943894144255,1.554731786485289,0.3192874709810235,0.4678294888307902,0.48342943362964336
697,0.8747424003808955,0.32969943894144366,1.5547317864852972,0.31928747098102733,0.46782948883079317,0.4834294336296463
698,0.8747424003808963,0.32969943894144266,1.5547317864853047,0.31928747098102567,0.46782948883079073,0.4834294336296438
699,0.8747424003808961,0.3296994389414446,1.554731786485307,0.31928747098102417,0.4678294888307885,0.4834294336296415
700,0.8747424003808966,0.32969943894144454,1.5547317864853178,0.3192874709810227,0.46782948883078646,0.48342943362963936
701,0.8747424003808972,0.32969943894144627,1.5547317864853154,0.3192874709810214,0.4678294888307886,0.48342943362964147
702,0.8747424003808977,0.32969943894144627,1.5547317864853096,0.31928747098102395,0.4678294888307906,0.48342943362963964
703,0.874742400380898,0.32969943894144627,1.5547317864853112,0.3192874709810263,0.467829488830789,0.4834294336296449
704,0.8747424003808976,0.32969943894144627,1.5547317864853092,0.3192874709810252,0.4678294888307907,0.48342943362964336
705,0.8747424003808978,0.3296994389414462,1.5547317864853105,0.3192874709810243,0.4678294888307952,0.48342943362964785
706,0.8747424003808979,0.32969943894144493,1.554731786485309,0.31928747098102345,0.467829488830794,0.4834294336296466
707,0.8747424003808977,0.32969943894144593,1.5547317864853127,0.31928747098102267,0.4678294888307978,0.4834294336296454
708,0.8747424003808982,0.3296994389414455,1.554731786485316,0.31928747098102195,0.46782948883079667,0.48342943362964885
709,0.8747424003808983,0.3296994389414454,1.554731786485317,0.3192874709810213,0.46782948883079567,0.48342943362964996
710,0.874742400380898,0.3296994389414458,1.554731786485316,0.31928747098102067,0.4678294888307967,0.483429433629651
711,0.8747424003808981,0.3296994389414448,1.5547317864853205,0.3192874709810201,0.4678294888307959,0.4834294336296555
712,0.8747424003808981,0.3296994389414445,1.5547317864853212,0.31928747098101956,0.4678294888307967,0.4834294336296547
713,0.8747424003808981,0.32969943894144205,1.5547317864853263,0.31928747098101906,0.467829488830796,0.4834294336296539
714,0.8747424003808982,0.32969943894144205,1.5547317864853243,0.3192874709810186,0.4678294888307954,0.48342943362965324
715,0.8747424003808979,0.329699438941442,1.554731786485326,0.3192874709810195,0.46782948883079484,0.4834294336296526
716,0.8747424003808975,0.3296994389414422,1.5547317864853276,0.31928747098102034,0.4678294888307943,0.483429433629652
717,0.8747424003808976,0.329699438941442,1.554731786485327,0.31928747098102,0.4678294888307938,0.4834294336296536
718,0.8747424003808977,0.32969943894144194,1.5547317864853274,0.31928747098101967,0.46782948883079434,0.4834294336296531
719,0.8747424003808976,0.32969943894144144,1.5547317864853287,0.3192874709810194,0.46782948883079395,0.4834294336296527
720,0.8747424003808978,0.32969943894144116,1.55473178648533,0.3192874709810192,0.46782948883079356,0.4834294336296531
721,0.8747424003808978,0.3296994389414415,1.554731786485332,0.31928747098101895,0.46782948883079467,0.48342943362965274
722,0.8747424003808979,0.3296994389414415,1.5547317864853323,0.31928747098101873,0.46782948883079434,0.4834294336296524
723,0.8747424003808981,0.32969943894144155,1.5547317864853332,0.3192874709810185,0.467829488830794,0.48342943362965207
724,0.874742400380898,0.3296994389414415,1.554731786485334,0.31928747098101895,0.4678294888307937,0.4834294336296524
725,0.874742400380898,0.3296994389414415,1.5547317864853336,0.31928747098101934,0.46782948883079345,0.4834294336296521
726,0.874742400380898,0.3296994389414415,1.5547317864853338,0.3192874709810192,0.4678294888307932,0.4834294336296524
727,0.8747424003808979,0.32969943894144144,1.5547317864853345,0.31928747098101945,0.467829488830793,0.4834294336296522
728,0.8747424003808979,0.3296994389414413,1.5547317864853338,0.3192874709810193,0.4678294888307928,0.48342943362965196
729,0.8747424003808979,0.32969943894144127,1.554731786485334,0.3192874709810192,0.4678294888307934,0.4834294336296522
730,0.8747424003808979,0.32969943894144116,1.5547317864853347,0.31928747098101906,0.4678294888307932,0.483429433629652
731,0.8747424003808979,0.32969943894144105,1.5547317864853352,0.31928747098101895,0.46782948883079306,0.48342943362965185
732,0.8747424003808978,0.329699438941441,1.5547317864853358,0.31928747098101884,0.4678294888307929,0.48342943362965196
733,0.8747424003808979,0.32969943894144105,1.5547317864853365,0.3192874709810188,0.4678294888307928,0.48342943362965185
734,0.8747424003808981,0.32969943894144116,1.5547317864853367,0.319287470981019,0.46782948883079317,0.48342943362965174
735,0.8747424003808983,0.3296994389414411,1.5547317864853363,0.3192874709810192,0.46782948883079306,0.48342943362965163
736,0.8747424003808985,0.32969943894144116,1.5547317864853358,0.3192874709810191,0.46782948883079295,0.4834294336296515
737,0.8747424003808985,0.32969943894144105,1.5547317864853356,0.31928747098101906,0.467829488830793,0.4834294336296514
738,0.8747424003808986,0.32969943894144105,1.5547317864853356,0.319287470981019,0.4678294888307932,0.4834294336296513
739,0.8747424003808986,0.32969943894144105,1.5547317864853356,0.31928747098101895,0.46782948883079334,0.48342943362965124
740,0.8747424003808986,0.32969943894144105,1.5547317864853356,0.3192874709810189,0.4678294888307933,0.4834294336296512
741,0.8747424003808985,0.329699438941441,1.5547317864853358,0.31928747098101884,0.4678294888307932,0.48342943362965113
742,0.8747424003808983,0.32969943894144094,1.5547317864853358,0.3192874709810188,0.46782948883079317,0.4834294336296512
743,0.8747424003808983,0.3296994389414409,1.554731786485336,0.31928747098101873,0.4678294888307932,0.48342943362965124
744,0.8747424003808983,0.3296994389414407,1.5547317864853358,0.3192874709810187,0.46782948883079317,0.4834294336296512
745,0.8747424003808983,0.3296994389414407,1.5547317864853356,0.3192874709810186,0.4678294888307931,0.48342943362965113
746,0.8747424003808983,0.32969943894144066,1.5547317864853354,0.31928747098101856,0.46782948883079306,0.4834294336296511
747,0.8747424003808983,0.32969943894144066,1.5547317864853354,0.31928747098101856,0.467829488830793,0.4834294336296511
748,0.8747424003808983,0.32969943894144055,1.5547317864853354,0.31928747098101856,0.467829488830793,0.483429433629651
749,0.8747424003808983,0.3296994389414405,1.5547317864853356,0.31928747098101856,0.467829488830793,0.48342943362965096
750,0.8747424003808983,0.3296994389414405,1.5547317864853354,0.31928747098101856,0.467829488830793,0.4834294336296509
751,0.8747424003808983,0.32969943894144044,1.5547317864853354,0.3192874709810185,0.467829488830793,0.48342943362965085
752,0.8747424003808983,0.32969943894144044,1.5547317864853356,0.3192874709810185,0.46782948883079306,0.4834294336296509
753,0.8747424003808983,0.32969943894144044,1.5547317864853358,0.31928747098101856,0.46782948883079306,0.48342943362965096
754,0.8747424003808983,0.32969943894144044,1.5547317864853358,0.31928747098101856,0.46782948883079306,0.48342943362965096
755,0.8747424003808983,0.32969943894144044,1.5547317864853358,0.31928747098101856,0.46782948883079306,0.48342943362965096
756,0.8747424003808983,0.32969943894144044,1.5547317864853358,0.31928747098101856,0.4678294888307931,0.483429433629651
757,0.8747424003808983,0.32969943894144044,1.5547317864853358,0.31928747098101856,0.4678294888307931,0.483429433629651
758,0.8747424003808982,0.32969943894144044,1.5547317864853358,0.31928747098101856,0.4678294888307931,0.4834294336296511
759,0.8747424003808982,0.32969943894144044,1.5547317864853358,0.31928747098101856,0.46782948883079317,0.48342943362965113
760,0.8747424003808981,0.32969943894144044,1.5547317864853358,0.31928747098101856,0.46782948883079317,0.48342943362965113
761,0.8747424003808981,0.32969943894144044,1.554731786485336,0.31928747098101856,0.46782948883079317,0.48342943362965113
762,0.8747424003808981,0.32969943894144044,1.554731786485336,0.31928747098101856,0.46782948883079317,0.48342943362965113
763,0.8747424003808981,0.32969943894144044,1.554731786485336,0.31928747098101856,0.46782948883079317,0.48342943362965113
764,0.8747424003808981,0.32969943894144044,1.554731786485336,0.31928747098101856,0.4678294888307932,0.48342943362965113
765,0.8747424003808981,0.32969943894144044,1.554731786485336,0.31928747098101856,0.4678294888307932,0.48342943362965113
766,0.8747424003808981,0.32969943894144044,1.554731786485336,0.31928747098101856,0.4678294888307932,0.48342943362965113
767,0.8747424003808981,0.32969943894144044,1.554731786485336,0.31928747098101856,0.4678294888307932,0.48342943362965113
768,0.8747424003808981,0.32969943894144044,1.554731786485336,0.31928747098101856,0.4678294888307932,0.48342943362965113
769,0.8747424003808981,0.32969943894144044,1.554731786485336,0.31928747098101856,0.4678294888307932,0.48342943362965113
770,0.8747424003808981,0.32969943894144044,1.554731786485336,0.31928747098101856,0.4678294888307932,0.48342943362965113
771,0.8747424003808981,0.32969943894144044,1.554731786485336,0.31928747098101856,0.4678294888307932,0.48342943362965113
772,0.8747424003808981,0.32969943894144044,1.554731786485336,0.31928747098101856,0.4678294888307932,0.48342943362965113
773,0.8747424003808981,0.32969943894144044,1.554731786485336,0.31928747098101856,0.4678294888307932,0.48342943362965113
774,0.8747424003808981,0.32969943894144044,1.554731786485336,0.31928747098101856,0.4678294888307932,0.48342943362965113
775,0.8747424003808981,0.32969943894144044,1.554731786485336,0.31928747098101856,0.4678294888307932,0.48342943362965113
776,0.8747424003808981,0.32969943894144044,1.554731786485336,0.31928747098101856,0.4678294888307932,0.48342943362965113
777,0.8747424003808981,0.32969943894144044,1.554731786485336,0.31928747098101856,0.4678294888307932,0.48342943362965113
778,0.8747424003808981,0.32969943894144044,1.554731786485336,0.31928747098101856,0.4678294888307932,0.48342943362965113
779,0.8747424003808981,0.32969943894144044,1.554731786485336,0.31928747098101856,0.4678294888307932,0.48342943362965113
780,0.8747424003808981,0.32969943894144044,1.554731786485336,0.31928747098101856,0.4678294888307932,0.48342943362965113
781,0.8747424003808981,0.32969943894144044,1.554731786485336,0.31928747098101856,0.4678294888307932,0.48342943362965113
782,0.8747424003808981,0.32969943894144044,1.554731786485336,0.31928747098101856,0.4678294888307932,0.48342943362965113
783,0.8747424003808981,0.32969943894144044,1.554731786485336,0.31928747098101856,0.4678294888307932,0.48342943362965113
784,0.8747424003808981,0.32969943894144044,1.554731786485336,0.31928747098101856,0.4678294888307932,0.48342943362965113
785,0.8747424003808981,0.32969943894144044,1.554731786485336,0.31928747098101856,0.4678294888307932,0.48342943362965113
786,0.8747424003808981,0.32969943894144044,1.554731786485336,0.31928747098101856,0.4678294888307932,0.48342943362965113
787,0.8747424003808981,0.32969943894144044,1.554731786485336,0.31928747098101856,0.4678294888307932,0.48342943362965113
788,0.8747424003808981,0.32969943894144044,1.554731786485336,0.31928747098101856,0.4678294888307932,0.48342943362965113
789,0.8747424003808981,0.32969943894144044,1.554731786485336,0.31928747098101856,0.4678294888307932,0.48342943362965113
790,0.8747424003808981,0.32969943894144044,1.554731786485336,0.31928747098101856,0.4678294888307932,0.48342943362965113
791,0.8747424003808981,0.32969943894144044,1.554731786485336,0.31928747098101856,0.4678294888307932,0.48342943362965113
792,0.8747424003808981,0.32969943894144044,1.554731786485336,0.31928747098101856,0.4678294888307932,0.48342943362965113
793,0.8747424003808981,0.32969943894144044,1.554731786485336,0.31928747098101856,0.4678294888307932,0.48342943362965113
794,0.8747424003808981,0.32969943894144044,1.554731786485336,0.31928747098101856,0.4678294888307932,0.48342943362965113
795,0.8747424003808981,0.32969943894144044,1.554731786485336,0.31928747098101856,0.4678294888307932,0.48342943362965113
796,0.8747424003808981,0.32969943894144044,1.554731786485336,0.31928747098101856,0.4678294888307932,0.48342943362965113
797,0.8747424003808981,0.32969943894144044,1.554731786485336,0.31928747098101856,0.4678294888307932,0.48342943362965113
798,0.8747424003808981,0.32969943894144044,1.554731786485336,0.31928747098101856,0.4678294888307932,0.48342943362965113
799,0.8747424003808981,0.32969943894144044,1.554731786485336,0.31928747098101856,0.4678294888307932,0.48342943362965113
800,0.8747424003808981,0.32969943894144044,1.554731786485336,0.31928747098101856,0.4678294888307932,0.48342943362965113
801,0.8747424003808981,0.32969943894144044,1.554731786485336,0.31928747098101856,0.4678294888307932,0.48342943362965113
802,0.8747424003808981,0.32969943894144044,1.554731786485336,0.31928747098101856,0.4678294888307932,0.48342943362965113
803,0.8747424003808981,0.32969943894144044,1.554731786485336,0.31928747098101856,0.4678294888307932,0.48342943362965113
804,0.8747424003808981,0.32969943894144044,1.554731786485336,0.31928747098101856,0.4678294888307932,0.48342943362965113
805,0.8747424003808981,0.32969943894144044,1.554731786485336,0.31928747098101856,0.4678294888307932,0.48342943362965113
806,0.8747424003808981,0.32969943894144044,1.554731786485336,0.31928747098101856,0.4678294888307932,0.48342943362965113
807,0.8747424003808981,0.32969943894144044,1.554731786485336,0.31928747098101856,0.4678294888307932,0.48342943362965113
808,0.8747424003808981,0.32969943894144044,1.554731786485336,0.31928747098101856,0.4678294888307932,0.48342943362965113
809,0.8747424003808981,0.32969943894144044,1.554731786485336,0.31928747098101856,0.4678294888307932,0.48342943362965113
810,0.8747424003808981,0.32969943894144044,1.554731786485336,0.31928747098101856,0.4678294888307932,0.48342943362965113
811,0.8747424003808981,0.32969943894144044,1.554731786485336,0.31928747098101856,0.4678294888307932,0.48342943362965113
812,0.8747424003808981,0.32969943894144044,1.554731786485336,0.31928747098101856,0.4678294888307932,0.48342943362965113
813,0.8747424003808981,0.32969943894144044,1.554731786485336,0.31928747098101856,0.4678294888307932,0.48342943362965113
814,0.8747424003808981,0.32969943894144044,1.554731786485336,0.31928747098101856,0.4678294888307932,0.48342943362965113
815,0.8747424003808981,0.32969943894144044,1.554731786485336,0.31928747098101856,0.4678294888307932,0.48342943362965113
816,0.8747424003808981,0.32969943894144044,1.554731786485336,0.31928747098101856,0.4678294888307932,0.48342943362965113
817,0.8747424003808981,0.32969943894144044,1.554731786485336,0.31928747098101856,0.4678294888307932,0.48342943362965113
818,0.8747424003808981,0.32969943894144044,1.554731786485336,0.31928747098101856,0.4678294888307932,0.48342943362965113
819,0.8747424003808981,0.32969943894144044,1.554731786485336,0.31928747098101856,0.4678294888307932,0.48342943362965113
820,0.8747424003808981,0.32969943894144044,1.554731786485336,0.31928747098101856,0.4678294888307932,0.48342943362965113
821,0.8747424003808981,0.32969943894144044,1.554731786485336,0.31928747098101856,0.4678294888307932,0.48342943362965113
822,0.8747424003808981,0.32969943894144044,1.554731786485336,0.31928747098101856,0.4678294888307932,0.48342943362965113
823,0.8747424003808981,0.32969943894144044,1.554731786485336,0.31928747098101856,0.4678294888307932,0.48342943362965113
824,0.8747424003808981,0.32969943894144044,1.554731786485336,0.31928747098101856,0.4678294888307932,0.48342943362965113
825,0.8747424003808981,0.32969943894144044,1.554731786485336,0.31928747098101856,0.4678294888307932,0.48342943362965113
826,0.8747424003808981,0.32969943894144044,1.554731786485336,0.31928747098101856,0.4678294888307932,0.48342943362965113
827,0.8747424003808981,0.32969943894144044,1.554731786485336,0.31928747098101856,0.4678294888307932,0.48342943362965113
828,0.8747424003808981,0.32969943894144044,1.554731786485336,0.31928747098101856,0.4678294888307932,0.48342943362965113
829,0.8747424003808981,0.32969943894144044,1.554731786485336,0.31928747098101856,0.4678294888307932,0.48342943362965113
830,0.8747424003808981,0.32969943894144044,1.554731786485336,0.31928747098101856,0.4678294888307932,0.48342943362965113
831,0.8747424003808981,0.32969943894144044,1.554731786485336,0.31928747098101856,0.4678294888307932,0.48342943362965113
832,0.8747424003808981,0.32969943894144044,1.554731786485336,0.31928747098101856,0.4678294888307932,0.48342943362965113
833,0.8747424003808981,0.32969943894144044,1.554731786485336,0.31928747098101856,0.4678294888307932,0.48342943362965113
834,0.8747424003808981,0.32969943894144044,1.554731786485336,0.31928747098101856,0.4678294888307932,0.48342943362965113
835,0.8747424003808981,0.32969943894144044,1.554731786485336,0.31928747098101856,0.4678294888307932,0.48342943362965113
836,0.8747424003808981,0.32969943894144044,1.554731786485336,0.31928747098101856,0.4678294888307932,0.48342943362965113
837,0.8747424003808981,0.32969943894144044,1.554731786485336,0.31928747098101856,0.4678294888307932,0.48342943362965113
838,0.8747424003808981,0.32969943894144044,1.554731786485336,0.31928747098101856,0.4678294888307932,0.48342943362965113
839,0.8747424003808981,0.32969943894144044,1.554731786485336,0.31928747098101856,0.4678294888307932,0.48342943362965113
840,0.8747424003808981,0.32969943894144044,1.554731786485336,0.31928747098101856,0.4678294888307932,0.48342943362965113
841,0.8747424003808981,0.32969943894144044,1.554731786485336,0.31928747098101856,0.4678294888307932,0.48342943362965113
842,0.8747424003808981,0.32969943894144044,1.554731786485336,0.31928747098101856,0.4678294888307932,0.48342943362965113
843,0.8747424003808981,0.32969943894144044,1.554731786485336,0.31928747098101856,0.4678294888307932,0.48342943362965113
844,0.8747424003808981,0.32969943894144044,1.554731786485336,0.31928747098101856,0.4678294888307932,0.48342943362965113
845,0.8747424003808981,0.32969943894144044,1.554731786485336,0.31928747098101856,0.4678294888307932,0.48342943362965113
846,0.8747424003808981,0.32969943894144044,1.554731786485336,0.31928747098101856,0.4678294888307932,0.48342943362965113
847,0.8747424003808981,0.32969943894144044,1.554731786485336,0.31928747098101856,0.4678294888307932,0.48342943362965113
848,0.8747424003808981,0.32969943894144044,1.554731786485336,0.31928747098101856,0.4678294888307932,0.48342943362965113
849,0.8747424003808981,0.32969943894144044,1.554731786485336,0.31928747098101856,0.4678294888307932,0.48342943362965113
850,0.8747424003808981,0.32969943894144044,1.554731786485336,0.31928747098101856,0.4678294888307932,0.48342943362965113
851,0.8747424003808981,0.32969943894144044,1.554731786485336,0.31928747098101856,0.4678294888307932,0.48342943362965113
852,0.8747424003808981,0.32969943894144044,1.554731786485336,0.31928747098101856,0.4678294888307932,0.48342943362965113
853,0.8747424003808981,0.32969943894144044,1.554731786485336,0.31928747098101856,0.4678294888307932,0.48342943362965113
854,0.8747424003808981,0.32969943894144044,1.554731786485336,0.31928747098101856,0.4678294888307932,0.48342943362965113
855,0.8747424003808981,0.32969943894144044,1.554731786485336,0.31928747098101856,0.4678294888307932,0.48342943362965113
856,0.8747424003808981,0.32969943894144044,1.554731786485336,0.31928747098101856,0.4678294888307932,0.48342943362965113
857,0.8747424003808981,0.32969943894144044,1.554731786485336,0.31928747098101856,0.4678294888307932,0.48342943362965113
858,0.8747424003808981,0.32969943894144044,1.554731786485336,0.31928747098101856,0.4678294888307932,0.48342943362965113
859,0.8747424003808981,0.32969943894144044,1.554731786485336,0.31928747098101856,0.4678294888307932,0.48342943362965113
860,0.8747424003808981,0.32969943894144044,1.554731786485336,0.31928747098101856,0.4678294888307932,0.48342943362965113
861,0.8747424003808981,0.32969943894144044,1.554731786485336,0.31928747098101856,0.4678294888307932,0.48342943362965113
862,0.8747424003808981,0.32969943894144044,1.554731786485336,0.31928747098101856,0.4678294888307932,0.48342943362965113
863,0.8747424003808981,0.32969943894144044,1.554731786485336,0.31928747098101856,0.4678294888307932,0.48342943362965113
864,0.8747424003808981,0.32969943894144044,1.554731786485336,0.31928747098101856,0.4678294888307932,0.48342943362965113
865,0.8747424003808981,0.32969943894144044,1.554731786485336,0.31928747098101856,0.4678294888307932,0.48342943362965113
866,0.8747424003808981,0.32969943894144044,1.554731786485336,0.31928747098101856,0.4678294888307932,0.48342943362965113
867,0.8747424003808981,0.32969943894144044,1.554731786485336,0.31928747098101856,0.4678294888307932,0.48342943362965113
868,0.8747424003808981,0.32969943894144044,1.554731786485336,0.31928747098101856,0.4678294888307932,0.48342943362965113
869,0.8747424003808981,0.32969943894144044,1.554731786485336,0.31928747098101856,0.4678294888307932,0.48342943362965113
870,0.8747424003808981,0.32969943894144044,1.554731786485336,0.31928747098101856,0.4678294888307932,0.48342943362965113
871,0.8747424003808981,0.32969943894144044,1.554731786485336,0.31928747098101856,0.4678294888307932,0.48342943362965113
872,0.8747424003808981,0.32969943894144044,1.554731786485336,0.31928747098101856,0.4678294888307932,0.48342943362965113
873,0.8747424003808981,0.32969943894144044,1.554731786485336,0.31928747098101856,0.4678294888307932,0.48342943362965113
874,0.8747424003808981,0.32969943894144044,1.554731786485336,0.31928747098101856,0.4678294888307932,0.48342943362965113
875,0.8747424003808981,0.32969943894144044,1.554731786485336,0.31928747098101856,0.4678294888307932,0.48342943362965113
876,0.8747424003808981,0.32969943894144044,1.554731786485336,0.31928747098101856,0.4678294888307932,0.48342943362965113
877,0.8747424003808981,0.32969943894144044,1.554731786485336,0.31928747098101856,0.4678294888307932,0.48342943362965113
878,0.8747424003808981,0.32969943894144044,1.554731786485336,0.31928747098101856,0.4678294888307932,0.48342943362965113
879,0.8747424003808981,0.32969943894144044,1.554731786485336,0.31928747098101856,0.4678294888307932,0.48342943362965113
880,0.8747424003808981,0.32969943894144044,1.554731786485336,0.31928747098101856,0.4678294888307932,0.48342943362965113
881,0.8747424003808981,0.32969943894144044,1.554731786485336,0.31928747098101856,0.4678294888307932,0.48342943362965113
882,0.8747424003808981,0.32969943894144044,1.554731786485336,0.31928747098101856,0.4678294888307932,0.48342943362965113
883,0.8747424003808981,0.32969943894144044,1.554731786485336,0.31928747098101856,0.4678294888307932,0.48342943362965113
884,0.8747424003808981,0.32969943894144044,1.554731786485336,0.31928747098101856,0.4678294888307932,0.48342943362965113
885,0.8747424003808981,0.32969943894144044,1.554731786485336,0.31928747098101856,0.4678294888307932,0.48342943362965113
886,0.8747424003808981,0.32969943894144044,1.554731786485336,0.31928747098101856,0.4678294888307932,0.48342943362965113
887,0.8747424003808981,0.32969943894144044,1.554731786485336,0.31928747098101856,0.4678294888307932,0.48342943362965113
888,0.8747424003808981,0.32969943894144044,1.554731786485336,0.31928747098101856,0.4678294888307932,0.48342943362965113
889,0.8747424003808981,0.32969943894144044,1.554731786485336,0.31928747098101856,0.4678294888307932,0.48342943362965113
890,0.8747424003808981,0.32969943894144044,1.554731786485336,0.31928747098101856,0.4678294888307932,0.48342943362965113
891,0.8747424003808981,0.32969943894144044,1.554731786485336,0.31928747098101856,0.4678294888307932,0.48342943362965113
892,0.8747424003808981,0.32969943894144044,1.554731786485336,0.31928747098101856,0.4678294888307932,0.48342943362965113
893,0.8747424003808981,0.32969943894144044,1.554731786485336,0.31928747098101856,0.4678294888307932,0.48342943362965113
894,0.8747424003808981,0.32969943894144044,1.554731786485336,0.31928747098101856,0.4678294888307932,0.48342943362965113
895,0.8747424003808981,0.32969943894144044,1.554731786485336,0.31928747098101856,0.4678294888307932,0.48342943362965113
896,0.8747424003808981,0.32969943894144044,1.554731786485336,0.31928747098101856,0.4678294888307932,0.48342943362965113
897,0.8747424003808981,0.32969943894144044,1.554731786485336,0.31928747098101856,0.4678294888307932,0.48342943362965113
898,0.8747424003808981,0.32969943894144044,1.554731786485336,0.31928747098101856,0.4678294888307932,0.48342943362965113
899,0.8747424003808981,0.32969943894144044,1.554731786485336,0.31928747098101856,0.4678294888307932,0.48342943362965113
900,0.8747424003808981,0.32969943894144044,1.554731786485336,0.31928747098101856,0.4678294888307932,0.48342943362965113
901,0.8747424003808981,0.32969943894144044,1.554731786485336,0.31928747098101856,0.4678294888307932,0.48342943362965113
902,0.8747424003808981,0.32969943894144044,1.554731786485336,0.31928747098101856,0.4678294888307932,0.48342943362965113
903,0.8747424003808981,0.32969943894144044,1.554731786485336,0.31928747098101856,0.4678294888307932,0.48342943362965113
904,0.8747424003808981,0.32969943894144044,1.554731786485336,0.31928747098101856,0.4678294888307932,0.48342943362965113
905,0.8747424003808981,0.32969943894144044,1.554731786485336,0.31928747098101856,0.4678294888307932,0.48342943362965113
906,0.8747424003808981,0.32969943894144044,1.554731786485336,0.31928747098101856,0.4678294888307932,0.48342943362965113
907,0.8747424003808981,0.32969943894144044,1.554731786485336,0.31928747098101856,0.4678294888307932,0.48342943362965113
908,0.8747424003808981,0.32969943894144044,1.554731786485336,0.31928747098101856,0.4678294888307932,0.48342943362965113
909,0.8747424003808981,0.32969943894144044,1.554731786485336,0.31928747098101856,0.4678294888307932,0.48342943362965113
910,0.8747424003808981,0.32969943894144044,1.554731786485336,0.31928747098101856,0.4678294888307932,0.48342943362965113
911,0.8747424003808981,0.32969943894144044,1.554731786485336,0.31928747098101856,0.4678294888307932,0.48342943362965113
912,0.8747424003808981,0.32969943894144044,1.554731786485336,0.31928747098101856,0.4678294888307932,0.48342943362965113
913,0.8747424003808981,0.32969943894144044,1.554731786485336,0.31928747098101856,0.4678294888307932,0.48342943362965113
914,0.8747424003808981,0.32969943894144044,1.554731786485336,0.31928747098101856,0.4678294888307932,0.48342943362965113
915,0.8747424003808981,0.32969943894144044,1.554731786485336,0.31928747098101856,0.4678294888307932,0.48342943362965113
916,0.8747424003808981,0.32969943894144044,1.554731786485336,0.31928747098101856,0.4678294888307932,0.48342943362965113
917,0.8747424003808981,0.32969943894144044,1.554731786485336,0.31928747098101856,0.4678294888307932,0.48342943362965113
918,0.8747424003808981,0.32969943894144044,1.554731786485336,0.31928747098101856,0.4678294888307932,0.48342943362965113
919,0.8747424003808981,0.32969943894144044,1.554731786485336,0.31928747098101856,0.4678294888307932,0.48342943362965113
920,0.8747424003808981,0.32969943894144044,1.554731786485336,0.31928747098101856,0.4678294888307932,0.48342943362965113
921,0.8747424003808981,0.32969943894144044,1.554731786485336,0.31928747098101856,0.4678294888307932,0.48342943362965113
922,0.8747424003808981,0.32969943894144044,1.554731786485336,0.31928747098101856,0.4678294888307932,0.48342943362965113
923,0.8747424003808981,0.32969943894144044,1.554731786485336,0.31928747098101856,0.4678294888307932,0.48342943362965113
924,0.8747424003808981,0.32969943894144044,1.554731786485336,0.31928747098101856,0.4678294888307932,0.48342943362965113
925,0.8747424003808981,0.32969943894144044,1.554731786485336,0.31928747098101856,0.4678294888307932,0.48342943362965113
926,0.8747424003808981,0.32969943894144044,1.554731786485336,0.31928747098101856,0.4678294888307932,0.48342943362965113
927,0.8747424003808981,0.32969943894144044,1.554731786485336,0.31928747098101856,0.4678294888307932,0.48342943362965113
928,0.8747424003808981,0.32969943894144044,1.554731786485336,0.31928747098101856,0.4678294888307932,0.48342943362965113
929,0.8747424003808981,0.32969943894144044,1.554731786485336,0.31928747098101856,0.4678294888307932,0.48342943362965113
930,0.8747424003808981,0.32969943894144044,1.554731786485336,0.31928747098101856,0.4678294888307932,0.48342943362965113
931,0.8747424003808981,0.32969943894144044,1.554731786485336,0.31928747098101856,0.4678294888307932,0.48342943362965113
932,0.8747424003808981,0.32969943894144044,1.554731786485336,0.31928747098101856,0.4678294888307932,0.48342943362965113
933,0.8747424003808981,0.32969943894144044,1.554731786485336,0.31928747098101856,0.4678294888307932,0.48342943362965113
934,0.8747424003808981,0.32969943894144044,1.554731786485336,0.31928747098101856,0.4678294888307932,0.48342943362965113
935,0.8747424003808981,0.32969943894144044,1.554731786485336,0.31928747098101856,0.4678294888307932,0.48342943362965113
936,0.8747424003808981,0.32969943894144044,1.554731786485336,0.31928747098101856,0.4678294888307932,0.48342943362965113
937,0.8747424003808981,0.32969943894144044,1.554731786485336,0.31928747098101856,0.4678294888307932,0.48342943362965113
938,0.8747424003808981,0.32969943894144044,1.554731786485336,0.31928747098101856,0.4678294888307932,0.48342943362965113
939,0.8747424003808981,0.32969943894144044,1.554731786485336,0.31928747098101856,0.4678294888307932,0.48342943362965113
940,0.8747424003808981,0.32969943894144044,1.554731786485336,0.31928747098101856,0.4678294888307932,0.48342943362965113
941,0.8747424003808981,0.32969943894144044,1.554731786485336,0.31928747098101856,0.4678294888307932,0.48342943362965113
942,0.8747424003808981,0.32969943894144044,1.554731786485336,0.31928747098101856,0.4678294888307932,0.48342943362965113
943,0.8747424003808981,0.32969943894144044,1.554731786485336,0.31928747098101856,0.4678294888307932,0.48342943362965113
944,0.8747424003808981,0.32969943894144044,1.554731786485336,0.31928747098101856,0.4678294888307932,0.48342943362965113
945,0.8747424003808981,0.32969943894144044,1.554731786485336,0.31928747098101856,0.4678294888307932,0.48342943362965113
946,0.8747424003808981,0.32969943894144044,1.554731786485336,0.31928747098101856,0.4678294888307932,0.48342943362965113
947,0.8747424003808981,0.32969943894144044,1.554731786485336,0.31928747098101856,0.4678294888307932,0.48342943362965113
948,0.8747424003808981,0.32969943894144044,1.554731786485336,0.31928747098101856,0.4678294888307932,0.48342943362965113
949,0.8747424003808981,0.32969943894144044,1.554731786485336,0.31928747098101856,0.4678294888307932,0.48342943362965113
950,0.8747424003808981,0.32969943894144044,1.554731786485336,0.31928747098101856,0.4678294888307932,0.48342943362965113
951,0.8747424003808981,0.32969943894144044,1.554731786485336,0.31928747098101856,0.4678294888307932,0.48342943362965113
952,0.8747424003808981,0.32969943894144044,1.554731786485336,0.31928747098101856,0.4678294888307932,0.48342943362965113
953,0.8747424003808981,0.32969943894144044,1.554731786485336,0.31928747098101856,0.4678294888307932,0.48342943362965113
954,0.8747424003808981,0.32969943894144044,1.554731786485336,0.31928747098101856,0.4678294888307932,0.48342943362965113
955,0.8747424003808981,0.32969943894144044,1.554731786485336,0.31928747098101856,0.4678294888307932,0.48342943362965113
956,0.8747424003808981,0.32969943894144044,1.554731786485336,0.31928747098101856,0.4678294888307932,0.48342943362965113
957,0.8747424003808981,0.32969943894144044,1.554731786485336,0.31928747098101856,0.4678294888307932,0.48342943362965113
958,0.8747424003808981,0.32969943894144044,1.554731786485336,0.31928747098101856,0.4678294888307932,0.48342943362965113
959,0.8747424003808981,0.32969943894144044,1.554731786485336,0.31928747098101856,0.4678294888307932,0.48342943362965113
960,0.8747424003808981,0.32969943894144044,1.554731786485336,0.31928747098101856,0.4678294888307932,0.48342943362965113
961,0.8747424003808981,0.32969943894144044,1.554731786485336,0.31928747098101856,0.4678294888307932,0.48342943362965113
962,0.8747424003808981,0.32969943894144044,1.554731786485336,0.31928747098101856,0.4678294888307932,0.48342943362965113
963,0.8747424003808981,0.32969943894144044,1.554731786485336,0.31928747098101856,0.4678294888307932,0.48342943362965113
964,0.8747424003808981,0.32969943894144044,1.554731786485336,0.31928747098101856,0.4678294888307932,0.48342943362965113
965,0.8747424003808981,0.32969943894144044,1.554731786485336,0.31928747098101856,0.4678294888307932,0.48342943362965113
966,0.8747424003808981,0.32969943894144044,1.554731786485336,0.31928747098101856,0.4678294888307932,0.48342943362965113
967,0.8747424003808981,0.32969943894144044,1.554731786485336,0.31928747098101856,0.4678294888307932,0.48342943362965113
968,0.8747424003808981,0.32969943894144044,1.554731786485336,0.31928747098101856,0.4678294888307932,0.48342943362965113
969,0.8747424003808981,0.32969943894144044,1.554731786485336,0.31928747098101856,0.4678294888307932,0.48342943362965113
