0,0.5,0.5,0.5,0.5,0.5,0.5
1,0.4958815328324221,0.4978298734826293,0.49500056250351576,0.49500056250351576,0.4999945407814438,0.5024506543506372
2,0.4941769204378806,0.4952574608511642,0.4900522273974835,0.4900522273974835,0.5297956444561382,0.5126116078485049
3,0.4905902042300425,0.49326647639050464,0.4851550123420675,0.5051415149294494,0.534494514740476,0.5074889512352119
4,0.4864793066525784,0.49089683255301053,0.4902976723842363,0.5000957804914281,0.5291555804017766,0.5024197688328895
5,0.4864719418188773,0.49346731236578173,0.48540296435006575,0.4951032566176703,0.5289706978694715,0.502344371618972
6,0.48571262671051757,0.4923625552221461,0.4905367884149974,0.49016391022163136,0.5236934764510929,0.4973327849885842
7,0.48588431561895784,0.48918199595447,0.49561539268731963,0.5052147712881233,0.5412670000945075,0.4923751033558889
8,0.48499705957364175,0.48850324212955815,0.49203850367805174,0.5087833922231516,0.5358762148127826,0.4974308278338054
9,0.48240679867919317,0.48779090189553104,0.4969935790877697,0.5038201393741542,0.5502457317887559,0.5026288889617344
10,0.48292353607282995,0.48756627342109904,0.5019926023233091,0.5087513182799362,0.576113310662492,0.5159931288570305
11,0.4786766764110085,0.48514883148927973,0.5008395988418509,0.5097976777168804,0.5841505754304673,0.5368195854211079
12,0.4739331124868952,0.4812176925988125,0.5157001590545268,0.504744263098844,0.598185308211325,0.5314983137504239
13,0.47328104738108334,0.48231975658859966,0.5105957123635252,0.4997482588542448,0.6021626158382634,0.5361357207308342
14,0.4682752098071327,0.4797672551266431,0.5055497505710456,0.4948094970139547,0.6013777353556478,0.5359462542978457
15,0.466768397820114,0.47907843545883844,0.5005620871940565,0.48992779505671863,0.6053104712898922,0.5503903465778518
16,0.4649450958842808,0.47736251103427013,0.4956325213218048,0.4949510171468443,0.6091973977684255,0.5449700689772929
17,0.46222685152233833,0.4770488521041795,0.4907608380558609,0.4900860325383573,0.6081459161456239,0.5451108048436125
18,0.46182840687663185,0.4765460568810965,0.4865050836400625,0.5043389840578723,0.6021804194836327,0.5495729575987935
19,0.45690170742452724,0.4751130432847439,0.4817430025493588,0.4994023385426456,0.5962860679439546,0.5441935462064975
20,0.45689289350115136,0.47785472884703944,0.4770381454967075,0.4945250147368635,0.5955426599606195,0.5436267416130478
21,0.45686851356955227,0.4805704560318399,0.47714561112941584,0.4946946162167689,0.609226632694232,0.5579086379783358
22,0.45418364355507396,0.47866093999630177,0.4822272997042935,0.49960574377016315,0.6130246089535376,0.5524862526798893
23,0.4512871465351442,0.4756995950577709,0.477552599911576,0.49476257776053445,0.6257827496681401,0.5471304642944833
24,0.44927176684390807,0.47131463221321956,0.47320096070349926,0.49938186824338343,0.6782964623512199,0.5533654161853772
25,0.44549645937977844,0.468947207780555,0.46863901798901936,0.49456752578687324,0.6907958968349612,0.5579138279231521
26,0.4429562870451872,0.46876699431619934,0.4684146473391122,0.4951455698512243,0.6894877153276613,0.5570125171328694
27,0.4374745537856403,0.4674972353348831,0.46687138186432625,0.4970380449538413,0.702792876879111,0.5609728833467227
28,0.4358521055951339,0.4639451347208057,0.471064436979797,0.49318976326182895,0.6960790930629587,0.5651669115556139
29,0.4336265160205719,0.46424405993778506,0.4766142598592352,0.4975021384964753,0.694468754261816,0.5647378392584226
30,0.43121693586167753,0.46463314158692237,0.4720913381053144,0.4927809972417163,0.6878784608094196,0.5599179513525865
31,0.429354101449512,0.46302295588386294,0.4865401418271252,0.48812097005255534,0.681373477159172,0.5546230376046798
32,0.43057277944161687,0.4610005358689086,0.4819556987940391,0.5023667078444727,0.6966264854074006,0.5493970808908364
33,0.42530238163871964,0.4582715114467522,0.4868188654293099,0.49765071539638905,0.6900868696386474,0.5442395884773811
34,0.4232004425909914,0.45608608892519104,0.48226631323420177,0.5117001370994896,0.7023366987239862,0.5391500586560533
35,0.4237413055823224,0.4493749502791515,0.4777740967749079,0.5069337503230925,0.7055877067242997,0.5435920589394425
36,0.4222480678187487,0.4468653826043121,0.48261882361515246,0.5022308898727607,0.7175960616160185,0.5385491167532664
37,0.4190264858817009,0.44609535394223365,0.4781601755020879,0.4975910567376164,0.7162512722698314,0.5377969471162165
38,0.4159237204188367,0.44341962809888585,0.4737616074926109,0.5114116303728985,0.7280604031328765,0.5328497838676338
39,0.411924658656707,0.4436513324364213,0.47302690497792466,0.5122821248618561,0.7452638489276829,0.5504989250958129
40,0.406268759296826,0.44092793410170344,0.474759023763172,0.5106839487711976,0.7384690187009255,0.5545971830417921
41,0.4048348657398591,0.44145754819373284,0.47045045082785475,0.5060493469415458,0.731767202688404,0.5526510688466503
42,0.40431653463566275,0.4401190591896751,0.48426594182902116,0.5014785109051447,0.7253353434296005,0.5476593077934903
43,0.4013336851560014,0.4394590209009705,0.47991302735395847,0.4969708780519911,0.7237991238791908,0.5468021097653838
44,0.40038664223179604,0.4369625771389358,0.4756205989922624,0.49252588120818996,0.7233187001784883,0.5538064071124271
45,0.3964623263776644,0.4355227719971007,0.47510859639093683,0.4933213446839946,0.7220603644289482,0.5551314905070841
46,0.39420471508220345,0.4340431863814263,0.47669576656407064,0.49201365862401164,0.7272545365716301,0.5651890322650663
47,0.39225801628461704,0.4302617504450856,0.4813039830962828,0.4964869858147679,0.7296563328372634,0.5602119782381801
48,0.3902132062478162,0.4273962961577816,0.48584694702508696,0.4921385381803688,0.7320241195336646,0.5553053995742215
49,0.38702201685295556,0.42449550303594463,0.4818236581570982,0.4963535764790745,0.7256480894688794,0.5591787502826226
50,0.3865854933165711,0.42149511724516264,0.49497277583847177,0.49205459525481743,0.7280242861321103,0.5543356322667905
51,0.3837483100648594,0.41920915898219074,0.49071035855050527,0.487817307638575,0.7303663825893019,0.5495620166304411
52,0.3831679573361235,0.4177996998344034,0.49507039961021737,0.48364109175307424,0.7241136981489518,0.5448572027831631
53,0.3811301256163577,0.41445007553217195,0.4963567122713022,0.48253594349933077,0.7226210896215945,0.5572404132256382
54,0.3784883039164081,0.41284931687092286,0.4921584046713251,0.4784545353733376,0.7294211188922188,0.5734479868407079
55,0.3766247726726512,0.4112031578012612,0.5047628380668449,0.4829089133029512,0.7232896827116689,0.5770335375995662
56,0.37682683646077814,0.41051803331879305,0.5005465956202271,0.47887521489140467,0.7250565273849424,0.5722136239473113
57,0.37399708749282595,0.4104147465047869,0.5091047277113041,0.48708653907411154,0.7190390400165956,0.567583250788185
58,0.37033884271554,0.4085297834841235,0.5049070764301338,0.48307043133931027,0.7164996121439319,0.5677869511037211
59,0.36994903017531566,0.40748491376623547,0.5007716778679111,0.4791138839656089,0.718821598012339,0.5631365402640781
60,0.36630473144646125,0.4046205781413077,0.4967867235146509,0.48326247146677015,0.7241664547163034,0.5668682278551941
61,0.36364924191996784,0.4045846598985567,0.5013193707055376,0.48697027254434,0.7183157252708449,0.5623865580516323
62,0.3615979089401852,0.4026070824634869,0.49729734265704884,0.48306336567138786,0.7125527602558608,0.5578745949344016
63,0.36196186991144125,0.40084187604995375,0.4933358714691185,0.48718128347874423,0.731641650583395,0.5534305652870624
64,0.3601569011821184,0.39833391663262546,0.4894342640981445,0.48332835042329697,0.7416726184722363,0.5490536916443326
65,0.35813941967022334,0.39485450158777896,0.4855918294687349,0.48738461943426586,0.7364935256324165,0.5447431987488939
66,0.3562730333586416,0.3935307791885521,0.48624327764609704,0.486943750967216,0.7351898345201515,0.5516478178006271
67,0.3524821926002272,0.39147151609253333,0.49021651348348516,0.4831778783704144,0.7295041033740649,0.5473815439322093
68,0.35151336468464883,0.3901476645064736,0.48645434526767345,0.4948187346412165,0.7392545282356018,0.5431806625056127
69,0.35731241406791747,0.38840399189433295,0.4903649457993044,0.49105073781064373,0.7336255993839371,0.5466592987496331
70,0.3563257707836353,0.38722510714259806,0.49421519298840133,0.49489580390251786,0.7280831236876614,0.5500842471441858
71,0.3532481630746736,0.38508979323194825,0.5050834547230109,0.49909822766829987,0.7367817523504542,0.5542899597943072
72,0.3522050770669313,0.38667672314017953,0.5013287625337501,0.49538802849314034,0.7313046600702148,0.5501991147977748
73,0.35168275131248344,0.38541957370274527,0.5050053296671094,0.4917356675647826,0.7259129501104667,0.5461426466674953
74,0.35050151818226855,0.3844404596535692,0.5013130735777718,0.48814043023509457,0.7277137318912617,0.5496641001139357
75,0.34876136351014564,0.3813426929563726,0.5049283556892296,0.4918512087779087,0.7227962824276133,0.5534254938671471
76,0.3477090324835528,0.37968896090060544,0.5012991381448374,0.4883159843920834,0.7176011197482921,0.5566352879186682
77,0.34645601815389254,0.37784854660079514,0.4977272331318746,0.48483658819959286,0.7181180219277469,0.5612896665502555
78,0.34442726073590063,0.37620878453452716,0.494211914361908,0.48141231272215873,0.7323794643483128,0.5662430642700247
79,0.346924577133768,0.37165607370933706,0.5045342418446387,0.47826055444256116,0.7415184586819158,0.5833882669735374
80,0.3465892406533235,0.37054080158263286,0.5010343336352472,0.474942904416268,0.7515799684904341,0.5918836362333965
81,0.34633015847752074,0.3675615639619703,0.4976170405163439,0.4785253219403392,0.7605208725214877,0.5947688375093672
82,0.34357523296645653,0.36563772752220014,0.5074507644235249,0.4824745184293346,0.7681663248791701,0.5983242278299937
83,0.3429956576694279,0.36457679560481093,0.5040271977426426,0.48596605518408886,0.7629838149302104,0.5942875743566456
84,0.3403855501284776,0.36407067051328323,0.500658879862674,0.48271843648401586,0.7616163970496642,0.5937593355345309
85,0.3412937364541586,0.3669034212106289,0.5039639544799115,0.486142256587338,0.7612967340270018,0.5917271395993812
86,0.34061441917649155,0.36855984961403637,0.5070786380833173,0.48964722396340726,0.7563065868191465,0.5880873779199791
87,0.338144501288584,0.3656022410675286,0.5102779979401929,0.48646911525599057,0.7643789145529647,0.5842703326575536
88,0.3368266013014322,0.36479102172783295,0.5069987899998554,0.48976922727661204,0.7594667736882856,0.5805156265524731
89,0.3357595487540027,0.3635772274300801,0.5037732955820464,0.4866533462533146,0.7609970309474129,0.5895462968677285
90,0.33444877743364404,0.3627119474449302,0.5131957624781769,0.48988613967752304,0.7625021488264919,0.5858336372489888
91,0.3324037862676398,0.3606261365058269,0.5162300029604446,0.48683268976451816,0.7702154466725932,0.5821821486196702
92,0.3283608010009782,0.3609020898827474,0.5130456742211725,0.483829696299698,0.7792602362863329,0.5844552921089363
93,0.32772151731419463,0.3596689597175606,0.5160179729749907,0.4808764698321607,0.7806075998682354,0.5808878615627153
94,0.3265532332912133,0.3584641016451815,0.5129016016442978,0.47797232749085816,0.7918472359586884,0.5855828640517954
95,0.327121409415841,0.35685097117931874,0.5158118615226847,0.48109127880714153,0.7999568230011471,0.5935938101382622
96,0.32516162803923315,0.35604823900716226,0.5127633513715736,0.47824797147658676,0.8011391022413749,0.6019058399037706
97,0.3245318080004323,0.35769564669849974,0.5128683231087182,0.47819554383224333,0.8023015608868295,0.6043401482269037
98,0.32572195489683003,0.357671484159527,0.5099033802587558,0.48699324694247986,0.7977999257116922,0.6008463976466973
99,0.3247937007141724,0.35640846355101236,0.5089266898216909,0.48798767834568896,0.7932391647623298,0.6031282280953356
100,0.3241603531756093,0.35796199400946377,0.5089109803607567,0.4880208287839705,0.7944078430879776,0.6055549453689204
101,0.32277366831478665,0.35892520041100295,0.5081008429768882,0.48884811138527123,0.8026654423357767,0.612026438719145
102,0.32097398910608216,0.3574608315397559,0.5182338996103578,0.5008274700436792,0.8037554968069195,0.6196934525671531
103,0.3204528235262942,0.35591298014944134,0.5311425742389195,0.49873440523152823,0.8151052689323294,0.6224112393296055
104,0.31970222171349094,0.3540879908668769,0.5299520008024625,0.4997637649046751,0.8144275170285065,0.6261241066336527
105,0.3192839083667848,0.353494328841969,0.5271262237357238,0.5024310934154528,0.8100848773240515,0.6227855266513551
106,0.31892768338215227,0.35232130307770776,0.5243490541280532,0.49978403034070495,0.8110854469845682,0.6195043750811376
107,0.3174093009895293,0.3509147427900026,0.5216197924657306,0.49718263079070824,0.8120687561808768,0.6266899201954708
108,0.31526002797622693,0.34945194486121517,0.5216442889862597,0.49706145666336643,0.8078932909844873,0.6286093922030086
109,0.31329087280003654,0.3492249953522845,0.5189950302554341,0.49453704600341003,0.8088689373911575,0.6307643316989419
110,0.3122450014142646,0.34785190276007144,0.516391866846644,0.49205655839293394,0.8098276082058311,0.6276005583829612
111,0.3109872177450775,0.34660707512763567,0.5237403247303221,0.49952555146731525,0.8147818967028158,0.6353389417384135
112,0.3100147632301657,0.3474840905037683,0.5211788962118614,0.4970825488325898,0.810797086887733,0.6323545208013813
113,0.3091376670481635,0.34655852348610006,0.5234908501611333,0.494682420783104,0.811710639817466,0.6293012415700766
114,0.3082062340827499,0.3460895401032885,0.5209956516747457,0.49232453653889874,0.8108174064287872,0.6312472022846426
115,0.306636440315259,0.34664388250863354,0.5206098643959056,0.492647655663436,0.8190515960728219,0.6401548498142496
116,0.3055980321827372,0.3454958683459349,0.5228358205304412,0.49500344895030424,0.8152484871029595,0.6371824135683493
117,0.30469090310208474,0.34430922534426145,0.5288460775804227,0.49349359546356686,0.8115128997573446,0.6388448966101233
118,0.30549379487987793,0.34250802511445916,0.5266069693889679,0.49563169990326444,0.8082309777840543,0.6406297263773557
119,0.3046858594572977,0.34169953059302544,0.5242579343108266,0.4934208361726486,0.8046257028286958,0.637772070123572
120,0.3052747603608402,0.33791766859355876,0.5219509718957901,0.4912495703713164,0.8061023939105088,0.6397819336984006
121,0.3039802032107419,0.33713427207848445,0.5283664252177266,0.4934577952486632,0.8112844915388012,0.6370049682163254
122,0.3026274146475568,0.33577994550826123,0.5303854265893243,0.49134536725646055,0.8120923578375498,0.6342780336355185
123,0.3015311835549074,0.3370453764249197,0.5281463587355127,0.48927111038251553,0.8234222316813216,0.642242540452748
124,0.3009957627125025,0.3366033943786318,0.52594787067827,0.4872344463496417,0.8241572630005806,0.6395691100074086
125,0.3001451993749902,0.3356791622101965,0.5237893458923057,0.4893388700361861,0.8275834378075706,0.6369442761536129
126,0.29953377511682916,0.33539952878530604,0.5257160202945076,0.48735908090973806,0.8242351636529367,0.6343672984612645
127,0.2984626666653667,0.3347961093307694,0.5236194681450408,0.4854154959908857,0.8282141361326075,0.6365354095713749
128,0.29903981194378243,0.33392365241371863,0.5253404679624273,0.4836589840633205,0.8295224210074827,0.6382668616234626
129,0.298543906168012,0.3336380921330184,0.5233055971804459,0.48178556369094655,0.8301827543829416,0.635794578091105
130,0.297707494088944,0.33285574406424967,0.5251250144087379,0.4837634519728177,0.8308309021700969,0.6333679173160014
131,0.2969415833086795,0.3336053436526196,0.5231503124401906,0.4819442877458049,0.8299658550879844,0.6327658739024533
132,0.2963367088198744,0.3335289144037923,0.5212122745236523,0.48015889972041353,0.8353943907445313,0.6339849772954261
133,0.29570175920023895,0.3326887881409755,0.522959407799484,0.4784067629241879,0.8323459722892318,0.6316715172978703
134,0.2950207071644683,0.3333772260851276,0.5210798808072704,0.47668735906460896,0.829354503547211,0.6295618192313608
135,0.29416574266183454,0.3341491448542341,0.5227749660181435,0.47853956673508186,0.8284827723743176,0.6289622592877787
136,0.2934058352998332,0.3335805460968297,0.5244381865458583,0.47687176480927645,0.829080542720654,0.6267702055053591
137,0.29308881268285386,0.33323864940108155,0.5226386138892367,0.4752354129747202,0.8365298997569499,0.6246194877415719
138,0.2922338327509328,0.33344529710567505,0.5227268436254595,0.4751543650102491,0.8355577701068265,0.6241397879542143
139,0.29092077554811946,0.33350919127288287,0.524929435301949,0.4762840577359755,0.8327793408941713,0.6222628972961352
140,0.28992084416904146,0.33277119035085234,0.5232420011876779,0.47796752030562356,0.8332960584717019,0.6235297285326987
141,0.2892758713310821,0.33189174584313214,0.5247775715356071,0.4764280542593633,0.8370538475006977,0.6215214271207196
142,0.28867065749323756,0.3313143278728651,0.5231143625284158,0.4749180822748441,0.8375702825071156,0.6195516020141993
143,0.2878069157693407,0.33071306819372154,0.5247433292034692,0.47953190504134907,0.8409113558079917,0.6210217271685227
144,0.2884011160491544,0.3321933910662321,0.526201304658757,0.48112857849032625,0.8405250222051096,0.6199912018201265
145,0.2877159598715976,0.33140004981434595,0.5246133997398357,0.4826943641985871,0.844023941733256,0.618120269402548
146,0.28706745432014813,0.3307388009644,0.5230563131240767,0.48719782579276977,0.8444868887964199,0.6162856483294049
147,0.2863407112182638,0.3299971794039887,0.5215295456820915,0.485775726948797,0.8477290680080499,0.6175363742164431
148,0.2858042567378801,0.32948366029864284,0.5200326048579039,0.4843814099382085,0.8478298395576451,0.6247110248733706
149,0.28509962906419584,0.32886981767838175,0.5213871358394327,0.48301442202761585,0.8454371524785459,0.6229480083721287
150,0.2863212786296968,0.3277313305147105,0.5199405666154752,0.4816743164714864,0.8431546397320114,0.6267685879260744
151,0.28556485666426,0.32752516629401934,0.5239771132353964,0.4803606524454346,0.8435824020194976,0.6250592102024513
152,0.2852183283112491,0.32676086932236587,0.5227251002368242,0.48428164322663636,0.8439254144135727,0.626140560089791
153,0.28507558737540306,0.3267342129837119,0.5217008400699161,0.48528744467957585,0.8448321518357533,0.6294255685701049
154,0.285070671351488,0.3278228719248626,0.5203502944950332,0.4840311637602842,0.8441146388810816,0.6289496522665516
155,0.28463327125778337,0.3274450362935181,0.5190897490286682,0.48782411531568265,0.8419675906274414,0.6298934375824534
156,0.28382276581404603,0.32754467277045185,0.5177926125773044,0.486605107537135,0.8435059907494918,0.6303343126142655
157,0.2832301423042617,0.32688471103202127,0.5165215935077404,0.48786533157797063,0.8438901346426229,0.6287870388369411
158,0.28248081530770386,0.32724102177907394,0.517033140608624,0.4873432075478085,0.8471261660254056,0.6293145087142739
159,0.2822804950394033,0.32788679448012414,0.5183647683666265,0.48836905919584384,0.845120305189313,0.628219967889324
160,0.2820509285331279,0.32746484480089033,0.5171594781070138,0.48723351429374767,0.8431552502044705,0.6267592447568914
161,0.28256113822357154,0.3265100898214558,0.5182582114055134,0.48612475170425234,0.8436599519479298,0.6276185638580798
162,0.28194234294726367,0.3262843279741518,0.5170966030769731,0.4850351663433995,0.84176899796964,0.626211838532982
163,0.28128570904430467,0.32561860315339003,0.5159588734068943,0.4839679790973476,0.8399169154793592,0.6248340306258828
164,0.28110151582444565,0.3252801993661833,0.5148446135587232,0.4850823969141509,0.8381030389419937,0.6234846450295075
165,0.2801697521554859,0.3248358604942397,0.5158728816645276,0.48405428350683055,0.8407318491584753,0.6221631934021324
166,0.2797294486716828,0.3242717803138985,0.5147999490954928,0.48304752850106336,0.8410631012795337,0.6250288722101438
167,0.27951534049890175,0.32393410461518723,0.5145703860985368,0.4832814841999596,0.8401677255693938,0.6270138063008175
168,0.27892559921294385,0.32417795043196257,0.5168497390201173,0.48300854458091963,0.8451047767123542,0.6274522691977747
169,0.27873947796361526,0.3241099041720833,0.5158346426077995,0.48402391932521155,0.8516940881113376,0.6262199486618858
170,0.2782160365294351,0.32364076944425246,0.5148409361907494,0.4830914932434586,0.8558325952880526,0.625013595443102
171,0.2778786484317981,0.3227750284512691,0.5138682442088518,0.4821787856691977,0.8542156657768861,0.6238327536138514
172,0.2776451884463514,0.322234348257566,0.5147689044739062,0.48128544910409776,0.8553618537873076,0.6226769735881151
173,0.27836451781909705,0.32187330031044664,0.5154719286170414,0.4805895926637416,0.8541818325760848,0.6268171918284262
174,0.27787063003307877,0.32210469276838316,0.5166640479891986,0.48118549914762854,0.8554966267634763,0.62837105054845
175,0.2775133198577981,0.3217236945386764,0.5158010017547269,0.4837982089342305,0.8557294154084076,0.6290393820003102
176,0.27766564750417233,0.32108522200229206,0.5149183106125047,0.4829702842264529,0.8563639001086149,0.6279629058230409
177,0.2780650982163844,0.3201146190899496,0.514054696099829,0.4821602525417126,0.8567091982863667,0.6286216656759509
178,0.27761395824808127,0.3199636954114501,0.5132098142718153,0.4830113553441384,0.8569447058994824,0.6275884856932469
179,0.2773547068948092,0.31974628586927906,0.512383326066419,0.4822334996267241,0.8555646568972868,0.6265777987055009
180,0.2780718873096354,0.31942172882544795,0.5115748972504239,0.48305042191432496,0.8542353390447276,0.6255891959892005
181,0.2776644337719199,0.31907411861833984,0.5107841983661263,0.48230381094549124,0.8571964324907382,0.6265233287145542
182,0.2777100809019693,0.318792593274315,0.5100109046787018,0.4815736346917662,0.8585466991177857,0.6306630653910547
183,0.27730978110880133,0.3185214457390772,0.5092546961242427,0.4808595909354168,0.85875643619439,0.6297279622380533
184,0.2771777774322173,0.3179673123091851,0.5099672593144317,0.4816133838767197,0.8575952641655269,0.6303647439171244
185,0.2769277169014528,0.31775103224274037,0.510663961904001,0.4823503985042442,0.8606312298123212,0.6309002636470462
186,0.2766221851714734,0.3172243688137681,0.5100820367273622,0.48294204742631514,0.8606963261607599,0.631542936179743
187,0.27631283650856475,0.3168903036678412,0.5093869764199133,0.48364661342473875,0.8595235033401021,0.6306823678872294
188,0.27597312031991705,0.3164156304028549,0.5087075611263242,0.48300153037184496,0.8587139934445814,0.6321718361321061
189,0.27559927293185743,0.315916812077146,0.5080434960209077,0.4823710218308031,0.8575930311429463,0.6326519977555608
190,0.27545878988035905,0.3156076222420572,0.5073944906284065,0.4817548120046633,0.8564974900994284,0.6318438099501152
191,0.2766173306846522,0.3143472535502474,0.5067602587766461,0.48115262918211477,0.8579310230410755,0.6348047425944612
192,0.27633356860031383,0.3141119629931107,0.5061405185497396,0.48056420569305547,0.8581047656708338,0.6340284109299251
193,0.276164313526539,0.3138651422535166,0.5055349922418323,0.4799892778646739,0.8582745234637866,0.6332698846537068
194,0.27595874612505245,0.31364684563966116,0.5061136238819456,0.4805978035486042,0.8595458461907487,0.6349340007353736
195,0.27562517556246247,0.31382246507082506,0.5062813165766759,0.4804453198158977,0.8600559776355987,0.6350684761460367
196,0.2751964162449869,0.3136663192019438,0.5057146629271303,0.4810268296327234,0.8590933628943792,0.6343576779041564
197,0.27501460349279677,0.3134119199065342,0.5051612034948445,0.48050038882418167,0.8591757239854839,0.6348296893079324
198,0.27493410668935325,0.3132970072165392,0.5046206799707009,0.47998625242233056,0.8583724501934498,0.6361743783458564
199,0.27474939831585227,0.3130983472893201,0.5051352099791109,0.4794878238291181,0.861644065652701,0.6365695275894134
200,0.2745434301653823,0.31277573629762206,0.5046187333573637,0.4810424748939421,0.8638304324456836,0.6359186656565655
201,0.274376200862629,0.312598717247585,0.505100306703331,0.4805752303414669,0.8639530445663,0.6362959556192715
202,0.27466466502618764,0.3131841447895554,0.5046070436146157,0.48010591757461185,0.8640877616049328,0.6366530236035243
203,0.2743847550961897,0.31290389895611603,0.5041255305370965,0.47964778429876503,0.8632632198895483,0.6360455077937739
204,0.2744714435013042,0.31289191193520105,0.5036555313253995,0.4810652176553342,0.863435012857626,0.6354525188075822
205,0.2742957999484041,0.31261371009973316,0.503196813555096,0.48062707461849974,0.8635593930788431,0.634873763399508
206,0.27405166713857854,0.31252911472706585,0.5030601846558918,0.48166773657440093,0.8635252583008015,0.6353541131607691
207,0.27369742895345667,0.3124475030268614,0.5043608719263043,0.4829870116895735,0.8632637307444876,0.6352832315850612
208,0.27336308035463003,0.3121661766776214,0.5039447151084895,0.48341390431671266,0.8650413954058302,0.6356281464219462
209,0.2732168957428213,0.3123612433765642,0.5039494999234764,0.4834195936571264,0.8643246558100398,0.6351140739129063
210,0.27314544935786206,0.312286850911759,0.5036697648243914,0.48370954665856397,0.8636254514425419,0.6354092521557617
211,0.272947695435208,0.31220773708208455,0.5037128770880491,0.4836764013574,0.8633842951559432,0.6360460368039368
212,0.27305201596006834,0.3120469586865651,0.5033245790560879,0.483303548878744,0.8629187440931324,0.6355557268762742
213,0.2728319543226544,0.31188035486138205,0.5029532328142564,0.4836849557816282,0.8630145380473633,0.6358372681472322
214,0.27267086032980914,0.3116890824358854,0.5025839459328348,0.4840640533995987,0.8631151178443387,0.6353704128880825
215,0.2725326409657176,0.3114699886394187,0.5024731326107899,0.4849008863666234,0.8632131895050057,0.6363481066092289
216,0.2723431769019699,0.31133250665064016,0.5024422213026197,0.4856396434838881,0.8626097862248239,0.6366023065542531
217,0.2722187842008925,0.31119662544009585,0.5020995899779939,0.4853084703712736,0.8633854087721329,0.6361681872022028
218,0.27208922948191516,0.31099618089441194,0.5024307855621901,0.4849856507488658,0.8628110982692911,0.6357450180499657
219,0.2718980331940077,0.3109179453924804,0.5021048219052211,0.4846710050288216,0.86225132950323,0.6359813369408409
220,0.2718587512729521,0.31087116589756,0.5019163770938734,0.48550051050670995,0.8617057884209005,0.6362116492971557
221,0.27174484561496676,0.3107664206931614,0.5016067240446798,0.4852009850870894,0.8611741663478427,0.6358191439195109
222,0.2716748132768035,0.31065369675013177,0.5019065134809154,0.4849091309694723,0.862460695323676,0.6354366912021501
223,0.271556401283789,0.3105720081682341,0.501612195440331,0.4846247801960611,0.8619549482669815,0.6356504711707944
224,0.27145490557017854,0.3107074540362077,0.5015690705178012,0.4846757720899466,0.8617902575067184,0.6355406851507579
225,0.2713315693061876,0.3105030922759361,0.501846752719351,0.4849628657626178,0.8614094518706573,0.6362015341032294
226,0.27135863480480754,0.31039831289962544,0.5015742861192677,0.48469956589570623,0.8612013692536545,0.6358561225447694
227,0.2712303150961763,0.31029111174413454,0.5017134012355496,0.48456771250183944,0.8608703302187904,0.636453239789585
228,0.271156063751888,0.31017818343202386,0.5014547913078392,0.48431794037936415,0.8604265915956688,0.6366406312388583
229,0.27108885913111413,0.3100401629951218,0.5015798913708357,0.48419998460913083,0.8599945241505027,0.6368230939331442
230,0.27091253666174253,0.3100637994266932,0.5018836363575381,0.4843923380759251,0.8595738640360537,0.6365411345045778
231,0.2708567643740361,0.30993555461947875,0.5016445326520119,0.4846379800806305,0.8596407648214736,0.636237878265573
232,0.2707609602296017,0.3098692132477874,0.5014117896343562,0.48441312742379355,0.8601605318251048,0.6364159634675217
233,0.27085434644600953,0.3097784738907264,0.501185261522437,0.48419427897744133,0.8602832098814922,0.6365895361767295
234,0.27074234506053413,0.3096755274068077,0.5012875461657181,0.48409842543390375,0.8602275381538699,0.6368665184283981
235,0.270710397578935,0.30963149015899094,0.5019228831857225,0.48389757003656125,0.8602841685390453,0.6370252442123926
236,0.27077219810351316,0.30957460532352804,0.5017136630252592,0.4836958634982814,0.8604631018316832,0.6371498114974031
237,0.270732443012509,0.30961688491833994,0.5016831999442879,0.48373224603201864,0.8614578701809037,0.6384106639160397
238,0.27063209119668563,0.30952549760418907,0.5018799491507197,0.4835412552094704,0.8615125704320216,0.6381586017911244
239,0.27048754752061227,0.30946654863671386,0.5016871290823928,0.4833554807866704,0.8611815810928852,0.6379134240640425
240,0.27044158040356425,0.3093985045907403,0.5014995951298148,0.4831747993249435,0.8612334723320244,0.6384225809957859
241,0.27036413623635464,0.3093914888934284,0.5013172216339408,0.4829990897568264,0.8613752907015305,0.638190414591123
242,0.2702742104378139,0.30943352853141143,0.5011398853637926,0.4828282333542013,0.8612752812941737,0.6381299556818242
243,0.2702404957632878,0.30936524107230184,0.5009674654835599,0.4826621136965981,0.8616670656748456,0.637910403629104
244,0.2704970546413545,0.3092983668294579,0.5007998435198763,0.4828352131458934,0.8613787905905262,0.6376969610367647
245,0.27040474310324114,0.30924241695511034,0.5012876231436292,0.48300347783293973,0.8617492522815301,0.6374894800127143
246,0.2703570831933741,0.3091914846519343,0.5017617281682818,0.48285068375496887,0.8617929867399675,0.6372878155904379
247,0.2703446384011188,0.30915316494903194,0.5019149551214626,0.48270218906217655,0.861527953078171,0.63709182568801
248,0.27028612621425724,0.3090848479327759,0.5017649107816468,0.4825578882587308,0.8612704046795161,0.6372003148192319
249,0.2702507175862304,0.30899340675702736,0.5016191197722394,0.48241767797276813,0.8613107134522139,0.6370151721855083
250,0.2702048446027767,0.3089350073520232,0.501525456925027,0.482515848374787,0.861349875366609,0.637400040378845
251,0.2701262802844325,0.3088716463755438,0.5013878456279195,0.482383453038014,0.8613585247153651,0.6375289267689374
252,0.2700782857925732,0.3088241218708369,0.5012541785141473,0.4822548523859215,0.8613954857346878,0.6373589652265296
253,0.27002787894068514,0.3087746208448166,0.50112435660641,0.4821299511928024,0.8614313834952138,0.6371938929731181
254,0.2699999024090688,0.308708467487971,0.501065686472919,0.48219283423298315,0.8612146632787643,0.6372851682848267
255,0.2699400617610444,0.3086616848906738,0.5014137147328238,0.4820932494331614,0.8612673538895589,0.6373920388999297
256,0.26987912705975153,0.30863564855799364,0.5012947273101025,0.4822161507173689,0.8610629718000744,0.6372407832925473
257,0.2698288480454671,0.30857672320213075,0.5011792131217826,0.4821050328375863,0.8608645556092368,0.6370939428255802
258,0.26975734460019674,0.3085154776861202,0.5010670830484797,0.48199717027813366,0.8606719522386319,0.6369514042113689
259,0.2696949534610915,0.30848596914859416,0.5009582498727888,0.4818924791409785,0.860702214681354,0.6368130565800312
260,0.269747313807556,0.30832529481650234,0.5008526282494787,0.4817908773290097,0.860746091489365,0.6366787914415728
261,0.26971649907203527,0.3082856383957425,0.5007501346758971,0.481896922704135,0.8607745881566747,0.6365485026482673
262,0.2697378056866251,0.30824607431863027,0.5006523984842596,0.4821967016074704,0.8608058592416555,0.6366223938573812
263,0.26968759423758787,0.3082176008560633,0.5005559173960779,0.4821037771300694,0.860832683445853,0.6364997098924065
264,0.26968093785745395,0.3082933323083897,0.5006562418844249,0.4821936725507393,0.8608587046249516,0.6365681915573015
265,0.2696707876907777,0.30826224135943603,0.5005654258254038,0.4821062054917825,0.8611121208769402,0.6367687271542815
266,0.2696318185539727,0.3082427304724501,0.500829261367289,0.48219733236871765,0.8611365591281857,0.6366566834378847
267,0.2695867145701047,0.3082677456228342,0.5010052127691661,0.48236560260909533,0.8609895954450414,0.6365511716000343
268,0.26956999864321096,0.30824071787761503,0.5010424663487266,0.4823311012969453,0.8608924287346772,0.63673149946372
269,0.2695848264001129,0.3082096563031046,0.5009620535224021,0.4822536914770508,0.8607715611481698,0.6367898919019026
270,0.2695567362776537,0.30818241370871496,0.5008840999222555,0.4821786490438559,0.8607747449334943,0.6371761070590906
271,0.2695101578340068,0.30820079110554455,0.5008085387685184,0.4821059097114738,0.8606448922732781,0.6370826109015759
272,0.2694622918302821,0.3081638614136,0.5008815362533751,0.48218164210865855,0.8605190389336883,0.6369894493957139
273,0.26944544888184624,0.30817445605402094,0.5009522775828167,0.482255033821663,0.8603970753814545,0.6369713564591992
274,0.26947200040164454,0.30816101248040567,0.5008834687514487,0.4821887931700411,0.8605789901443937,0.6372763621165262
275,0.26944470075755333,0.3081329274866414,0.5008168015574982,0.4822577134325555,0.8607306461805665,0.6371915411362307
276,0.2694578786193699,0.30813123563752504,0.5007522165940564,0.48245344035263327,0.8607548737949156,0.637109369387476
277,0.2694238723720624,0.30814098015832375,0.5007439941683632,0.4824637609546934,0.8607722701784534,0.6371856036750315
278,0.2693852794197111,0.30812687184803333,0.5008044138034645,0.48240537350607793,0.8607891194272026,0.6371084918902635
279,0.2693556852089894,0.30813338707932325,0.5007457124443125,0.4823488287746288,0.8607540158190834,0.6371084676348715
280,0.26933595537265925,0.3080762227363747,0.5006888701196992,0.4822940747786969,0.8606563070260502,0.637036146044429
281,0.26931517699500507,0.3080455666469439,0.5008112981738482,0.4822834377076937,0.8607603557516527,0.6372071521169749
282,0.26936271858537864,0.30800386157625576,0.5008644253332208,0.4824449637386164,0.8607786582176318,0.6371393360670521
283,0.2693319654866123,0.30799203491530286,0.5008128199869637,0.4823952561967258,0.8606899699849258,0.6370736899672519
284,0.26931718753899664,0.3079641808886899,0.5007628715437902,0.4824468793782827,0.8607038640364356,0.6370101515797931
285,0.2692966872893748,0.307941972572756,0.5007145322847579,0.4824003081846164,0.8607152884835203,0.6370472134197062
286,0.26926950592202936,0.3079209247645042,0.5006677556744941,0.4823552424839982,0.8609108414614126,0.6370854187625522
287,0.2692450020586397,0.3078994494547915,0.5006224963379662,0.4823116385610411,0.861076789868854,0.6372360442985766
288,0.26922181221010205,0.30788195245360356,0.5005787100375311,0.4822694537961457,0.8611601333390564,0.637284043957945
289,0.269196861373187,0.30787020405801924,0.5006209684898862,0.48222864664365706,0.8610872664124831,0.6372301202707704
290,0.2691810806826329,0.3078594048062345,0.5007436914778588,0.482189176610291,0.8610167871007024,0.6371779634893681
291,0.26916241017924336,0.30783707460258325,0.5007832149692247,0.4822301689648352,0.8613384857439967,0.6372126490476729
292,0.26915698326476684,0.30786494758398514,0.5007448753273878,0.48219324973230415,0.8612725422218164,0.6371648330479349
293,0.2691462542140009,0.30785292464237707,0.5007102874766564,0.48222910069217223,0.861280329529854,0.6371941769658716
294,0.26912194362390285,0.3078547503148679,0.5007211539488146,0.4822194553835847,0.8613836713723078,0.6372759971593009
295,0.2691048290996336,0.30784115244399246,0.500755703053265,0.4821860867550842,0.8613240653331786,0.6372318989260918
296,0.2691031131089924,0.30782226752881936,0.5007890972037214,0.4821538336180377,0.8613333412829597,0.6371892748680134
297,0.26908019827699836,0.30780988134530873,0.5007567210635214,0.48212266225228245,0.8612776558673385,0.6372127306720006
298,0.26906560470593127,0.30779446034716185,0.500725434405983,0.48209253982757827,0.8612495659127961,0.6372721543238626
299,0.26905764962134643,0.3077873404974969,0.5007555771820156,0.4821238075300678,0.8613144011083668,0.6373583412406392
300,0.26905094118714346,0.3077792238746538,0.5007846989468494,0.48209568443944933,0.8613224908720419,0.6373211630592112
301,0.2690675710177821,0.30777914053723565,0.5008128310535537,0.48212486972170576,0.8613306095654468,0.6372852483207682
302,0.26906432936362523,0.3077577483334985,0.5007855696041048,0.48220749435423893,0.8613949257756454,0.637250558076221
303,0.2690478764905021,0.30775011533107666,0.5007592406473442,0.48218214214555105,0.8613496376700547,0.6372696297407238
304,0.26903284597479343,0.30774431597300766,0.5007338152129058,0.4822084337102936,0.8613566774716422,0.6372372731592065
305,0.2690213142483969,0.30773523847834333,0.5007130341154924,0.48223005111899014,0.8613144466813785,0.6372550587723369
306,0.26901147707680817,0.30772570869710597,0.5007366689403207,0.48225456087566176,0.8613210116610052,0.6372248929304181
307,0.2690385862631863,0.30771655833657896,0.5007137857419238,0.48227822135898046,0.8613276690581817,0.6371957723475792
308,0.2690305105782015,0.3077044226508701,0.5006916980041175,0.48225694686004233,0.8613255568098019,0.6372200059815841
309,0.26901837186389344,0.307699613473816,0.5006703805360044,0.4822364142705706,0.8612888849812785,0.637235451715926
310,0.2690104506948492,0.30769419139882603,0.5007319854094565,0.4822166000063225,0.8612534961034253,0.63720926880801
311,0.2690196106229224,0.30768639922583124,0.500712784257294,0.48227612507843054,0.8612633548245187,0.6372243044902849
312,0.26901766101561686,0.30768216554647604,0.5007318837279401,0.48225767634110306,0.8612304085089606,0.6371999284467676
313,0.2690147154900554,0.3076747389191465,0.5007502948971317,0.4822398929217864,0.8613508713314422,0.6372133857559535
314,0.26900371194461686,0.3076769797939091,0.5007324693997472,0.482222726349869,0.8613725196718856,0.6372193420760519
315,0.2690005787940321,0.30766871387185435,0.5007490887600116,0.4822066921985519,0.8613429456798345,0.6372317976304708
316,0.26898606280240905,0.3076617340401951,0.5007656192390013,0.4821907260632587,0.8613144261295522,0.637210698526583
317,0.26897815774553196,0.3076522141943668,0.5007496311028695,0.4821753309748708,0.861350781380925,0.6371903540560337
318,0.26897339724445263,0.3076451306006396,0.5007649994659403,0.48219127110835164,0.8613242665251247,0.6372015223810101
319,0.268964344028847,0.30763954840940855,0.5007501388029806,0.482176961637902,0.8613580577771365,0.637182612838467
320,0.26895988871437215,0.3076324654392552,0.5007358146349814,0.48216316876343507,0.8614423506966232,0.6371984806334557
321,0.2689706822725359,0.3076308469853159,0.500722140763406,0.48220488441828807,0.8614746747233505,0.6372086805311842
322,0.26896764503587606,0.3076269126597343,0.5007088368121766,0.4821920724618303,0.8614974384489978,0.6372258060810363
323,0.26896764503587606,0.3076218121622029,0.5006960176245747,0.4821797273419072,0.8614753823228222,0.6372094917750918
324,0.2689618021981432,0.3076198324756564,0.5007083339387346,0.4822171673623681,0.8615034662704073,0.6371937737504748
325,0.26895533158148177,0.3076160193442303,0.5007439619361906,0.48222947154964635,0.8615305206138186,0.6371786319747523
326,0.26895106770205257,0.3076121030909268,0.5007782797583528,0.48226421316665896,0.8615108002655638,0.6371640470189993
327,0.2689468028216309,0.3076167115781657,0.5007672395546449,0.4822535811257546,0.86150357726882,0.6371634292739702
328,0.26894101167373663,0.30761049173268484,0.5007647747290488,0.48225640643456297,0.861506517672146,0.6371923635172265
329,0.26893812247628585,0.3076076556013174,0.5007545373704263,0.48224654745080486,0.8615093489564476,0.63722022400425
330,0.2689359134684914,0.30760523432595993,0.5007643639666514,0.4822370554424493,0.8615514406442683,0.6372076816652276
331,0.26893272082592695,0.3076018666993356,0.5007738236900683,0.48222791781517155,0.8615540640248613,0.6371956075903967
332,0.2689295722205165,0.3075971183654788,0.5008011683749081,0.4822191223641302,0.8615383499686866,0.6371839856527958
333,0.26893778364670495,0.3075971039382426,0.5007923770763746,0.48221065726354545,0.8615408722939961,0.6371728002263384
334,0.26893460116115325,0.3075936898392643,0.5008008104210034,0.4822194045177378,0.8615432113479035,0.6371620361723342
335,0.2689326380900172,0.3075913855144653,0.5008087976620174,0.48221169329051544,0.861529206588268,0.6371679342612555
336,0.2689307185400797,0.30759009902525014,0.5008009651782704,0.4822041516593223,0.8615157325567823,0.6371579691657692
337,0.2689292520699992,0.30758717162312704,0.5007934303967359,0.4822119421367136,0.8615328615777551,0.6371483828302097
338,0.26892444116363085,0.30758783135943685,0.5007861828491559,0.48220496350284553,0.8615288390371093,0.6371480398557559
339,0.2689207910464931,0.30758615479577217,0.5007792124007372,0.4822121706976863,0.8615307664187305,0.6371391713851411
340,0.2689268947817648,0.3075825952022337,0.5007992785627775,0.4822191031227982,0.861532948704462,0.6371440316382532
341,0.2689239718443381,0.3075822290626009,0.500817650083232,0.4822266918660021,0.8615238656484032,0.6371735191340425
342,0.26892133109637417,0.3075793706459932,0.5008114526818841,0.4822207245197041,0.861575077496806,0.6371656343879165
343,0.2689181371650182,0.3075763145917836,0.5008173910402568,0.4822149880109394,0.8615767242028491,0.6371580546509612
344,0.2689159041998525,0.30757370276963075,0.500811664373182,0.4822094740556651,0.8615668723823111,0.6371622036183472
345,0.2689131875806676,0.3075714450372612,0.5008061605223246,0.4822151645018605,0.8615683937432185,0.6371552012939403
346,0.2689103656971881,0.3075687869770078,0.5008008714377956,0.4822311940416798,0.8615804168800539,0.6371484722079518
347,0.2689078971780513,0.30756633087898466,0.5008059372865284,0.4822364483346052,0.8615919695071974,0.6371420064559185
348,0.2689059265966211,0.3075646740598881,0.5008010545381448,0.48223174663467855,0.8616030687365733,0.6371357944606714
349,0.2689084104830753,0.3075628095211472,0.5007963639694135,0.48222722998853434,0.86159581414299,0.6371298269627838
350,0.26890671985778025,0.3075621202442547,0.5007918585446708,0.4822318881418617,0.8616330453809861,0.6371240950112496
351,0.2689083283993807,0.3075618965527321,0.5007875314635295,0.4822450023841592,0.8616446937952713,0.6371185899543899
352,0.268906732494169,0.3075600470844493,0.5007833761539073,0.4822492984821816,0.8616707344555965,0.6371133034309823
353,0.2689049718366639,0.30755916299121494,0.5007953208543968,0.4822534235545424,0.8616718365656049,0.6371082273616097
354,0.26890278346274726,0.3075566452478861,0.5007963254927994,0.48225254858109773,0.8616652453935332,0.6371110032236205
355,0.26890084994632363,0.30755773080961374,0.500792648094784,0.4822490073519097,0.8616682240968148,0.6371124090224375
356,0.26889982705522225,0.30755671707847776,0.5007891183356515,0.48224560829474644,0.8616762474513847,0.6371079184346609
357,0.2688974775502666,0.3075569830080304,0.5007881257647767,0.4822467156293032,0.8616791576250247,0.6371085951615983
358,0.26889583359046015,0.30755605231190297,0.5007858894897739,0.48225555359278877,0.8616860397908648,0.6371179497605534
359,0.2688945793320278,0.3075544466659822,0.5007828570119159,0.48226492048399183,0.8616930432922139,0.6371202968821745
360,0.2688937568435523,0.3075561432979915,0.5007798643639507,0.4822620384980916,0.8616915192303027,0.6371191927499417
361,0.26889294191865576,0.30755532339910086,0.5007770910071843,0.4822649090702806,0.861692214652945,0.6371213704874198
362,0.2688912275967413,0.3075545313551634,0.5007743373922843,0.48226225724801636,0.8617034788493152,0.6371293582082249
363,0.26889100824732587,0.30755431120098026,0.5007769701153312,0.482259713983408,0.8616989345584698,0.6371259982344278
364,0.26889039754029387,0.3075535942614136,0.5007794550966133,0.48225731478831246,0.8616945768099041,0.63712783334597
365,0.26889160048145944,0.3075532868008994,0.5007770268082152,0.482254976314099,0.861696099093679,0.6371293563614893
366,0.26889114106240974,0.3075548347628748,0.5007746987485275,0.48225273436147453,0.8617013909487005,0.6371357712872281
367,0.2688900729432595,0.3075538861745138,0.5007769235489019,0.4822505851994403,0.8616975507715853,0.6371329318880651
368,0.26889054580635335,0.3075522056144934,0.5007747844429,0.48224852523007533,0.8616940604090401,0.6371387534764572
369,0.2688901008982966,0.3075516958752178,0.500777371099117,0.48225828957816397,0.8616984489902448,0.6371446042606357
370,0.2688896271472386,0.30755113971605935,0.5007792987905401,0.48225642843832006,0.8616950685230522,0.637146027752534
371,0.2688904772834207,0.30755370318075803,0.5007793736378393,0.4822564173581002,0.8616957440050911,0.6371472367910972
372,0.26888973184136145,0.30755304362255914,0.5007775702200904,0.4822546806456309,0.8616954960011736,0.6371492895727491
373,0.2688891422012323,0.3075521083368001,0.5007758426639917,0.48225646673617734,0.8617063223588379,0.6371470915686721
374,0.26888793204219236,0.30755187852478677,0.5007774922274051,0.4822581774923125,0.8617060810965007,0.6371471790507455
375,0.26888770489896235,0.30755073249388204,0.5007759075053619,0.48225665137507234,0.8617065187308296,0.6371451627836507
376,0.2688868223540699,0.3075497909731657,0.5007743899821765,0.4822551899716006,0.8617069378076284,0.637143232014733
377,0.2688863112558198,0.3075504925156781,0.5007741773939702,0.4822554517996703,0.8617060986522104,0.6371426749086716
378,0.2688864833263804,0.3075495038749839,0.5007753638496011,0.4822543124848061,0.8617050085162975,0.6371438831715178
379,0.2688860149281513,0.3075501468068975,0.5007751690241566,0.4822545524360815,0.8617042394692587,0.6371433726120243
380,0.26888518332575295,0.30754949268931786,0.5007747248563883,0.4822550397957731,0.861705421833578,0.6371485560584889
381,0.2688848509247576,0.3075491481160228,0.5007735050717442,0.48225873671158015,0.8617057586908402,0.6371470040951287
382,0.2688844176890033,0.3075485777121146,0.5007765857764691,0.48225802641880716,0.8617037501732516,0.6371478498555486
383,0.26888594030712565,0.3075497547487775,0.5007757223426725,0.48225892768858547,0.8617097357885893,0.6371474426513293
384,0.2688853898521696,0.3075493031695245,0.500776787491188,0.4822578987374629,0.8617078972384888,0.6371460832289553
385,0.26888612680154045,0.3075485151764498,0.5007778063902641,0.48225895543301595,0.8617083226855564,0.637150905740434
386,0.26888699348977385,0.307547752572522,0.5007768288108038,0.48225801400461515,0.8617086854539676,0.6371496619440223
387,0.2688866184616049,0.3075474286003395,0.5007814946663818,0.4822571136663538,0.8617108105554554,0.6371484724350828
388,0.2688860578645726,0.30754744224782987,0.500781215290011,0.48225742332270916,0.8617104427997027,0.6371483246234043
389,0.26888553254180453,0.30754707677860504,0.5007804274246256,0.482258240139619,0.8617106119243019,0.6371490109019938
390,0.2688852493185402,0.30754690142724206,0.5007796102341855,0.4822574531743106,0.8617092057557785,0.6371479711806867
391,0.26888488558418244,0.3075466314515592,0.500778829080644,0.48225982066280526,0.8617078615972222,0.6371469773095625
392,0.2688846786400853,0.30754621729849774,0.5007780824630946,0.48225910165548197,0.8617080677787369,0.6371460273790001
393,0.2688843163005231,0.30754628309677123,0.5007773689390171,0.4822584145178203,0.8617074628667586,0.6371459267079231
394,0.26888400300877696,0.3075460695342443,0.5007766871221913,0.48225775791486286,0.861706289637528,0.637146420739858
395,0.2688835802907262,0.3075460765096959,0.5007760356806766,0.4822571305639251,0.8617081728785658,0.6371479661285864
396,0.2688831145569595,0.30754587719453935,0.5007754133348584,0.48225653123271295,0.8617094385484838,0.6371485660243861
397,0.2688828448357037,0.3075456436243881,0.5007760059731478,0.4822559587375007,0.8617107898332345,0.6371478096541144
398,0.2688831141368882,0.3075451885632716,0.5007765700713054,0.48225541387820564,0.8617110223746429,0.6371482249403814
399,0.26888293677451597,0.30754496793676556,0.5007763754372109,0.4822556268853632,0.8617100893091023,0.6371486178383238
400,0.26888253165489673,0.307544813554967,0.5007758843765008,0.4822561354902238,0.8617102055750252,0.6371490197300769
401,0.2688829410085634,0.30754444693536237,0.5007763772064764,0.4822566466027445,0.861709447829402,0.6371503651254502
402,0.26888274385890526,0.3075442827311681,0.5007765811416913,0.48225645865774736,0.8617099874926107,0.637151240184487
403,0.2688825258660149,0.3075440943675918,0.5007761306457659,0.48225602482242474,0.8617092123029295,0.63715066700665
404,0.2688824013599569,0.30754382693289667,0.5007765592808058,0.48225646935888034,0.861708472436939,0.6371501199472678
405,0.26888218996784097,0.3075436535126321,0.5007769683354331,0.48225607420668143,0.8617077663686552,0.6371495978780226
406,0.26888198776823924,0.30754347993942793,0.5007765767980511,0.4822556971500421,0.8617092522796117,0.6371500675099555
407,0.26888182895547846,0.3075433757108263,0.5007762032349563,0.48225682933809777,0.8617093554400271,0.6371495922166569
408,0.2688816526210513,0.3075430591375232,0.5007760081248952,0.48225703652250934,0.8617092925913418,0.6371500116967018
409,0.2688815296978598,0.30754296969582795,0.5007760880733131,0.4822576469005104,0.8617087076552365,0.6371502580025741
410,0.2688813979227459,0.30754280456132094,0.5007757638622383,0.4822573346785937,0.8617087971874039,0.63714984550051
411,0.2688813296890986,0.3075426229798575,0.5007760003137787,0.4822571087024846,0.8617082651650276,0.6371500695256123
412,0.26888117977843984,0.30754251151200984,0.5007757055008801,0.48225682479188187,0.8617086298301945,0.6371511773128469
413,0.26888107089742813,0.3075423566507924,0.5007759857090367,0.4822565541073472,0.8617092687384567,0.6371508196881103
414,0.2688809352925228,0.3075422683523363,0.5007766427502814,0.4822569762973694,0.8617088076583429,0.6371510138400678
415,0.26888085270911916,0.30754216296295855,0.5007764739895574,0.48225715371143574,0.8617088781908282,0.6371517089322453
416,0.26888077226701146,0.3075420342940741,0.5007762305640482,0.4822569192880966,0.8617089454136082,0.637152371407534
417,0.2688806741002896,0.30754191723208113,0.5007759985886985,0.4822566958914762,0.8617099199299805,0.6371525554975119
418,0.26888075888786395,0.3075419124669914,0.5007762189412086,0.48225648302816604,0.8617095642449393,0.6371522742647096
419,0.2688806590022799,0.30754182211825076,0.5007760083505511,0.4822562802255848,0.8617094425855927,0.6371526066669209
420,0.26888047850747665,0.3075416841781813,0.5007758077370236,0.48225608703115863,0.8617090973802152,0.637152752025513
421,0.26888030979047145,0.30754166804800187,0.5007756166506279,0.48225590301153143,0.861709150149358,0.6371529080683501
422,0.2688802469196911,0.30754161302282396,0.5007757980769808,0.48225609116825296,0.8617099244346156,0.6371530427377632
423,0.26888008259798996,0.3075415562952534,0.5007756247706279,0.4822559242711212,0.8617098432847855,0.6371530109375487
424,0.268880027970095,0.30754147582933894,0.5007754597533899,0.482255765356556,0.8617102183779181,0.6371528009807839
425,0.26887994120083414,0.30754149301121214,0.5007753026474678,0.48225561406073025,0.8617103397616598,0.6371528595812679
426,0.2688798635147801,0.30754144887375945,0.5007751530913435,0.48225547003549535,0.8617103810617509,0.6371526692961005
427,0.26887980216094587,0.30754140295039467,0.5007755732171532,0.482255338997209,0.861710417347746,0.6371527754651711
428,0.26887972101880836,0.30754135961945867,0.5007754377377839,0.4822552085282871,0.8617103961663136,0.6371530148518788
429,0.2688796838535241,0.3075413112025979,0.5007753088149088,0.48225508437337994,0.8617106892149683,0.6371528508190762
430,0.26887961612389993,0.30754125501118934,0.5007752923563791,0.4822551049887568,0.8617106168795226,0.6371530459120875
431,0.26887961612389993,0.3075411939237576,0.5007751756515504,0.48225522564832246,0.8617106491076277,0.6371528974246558
432,0.26887959104492626,0.3075411203418935,0.5007752863251737,0.48225534042765084,0.8617109837144659,0.6371529783002985
433,0.2688795102455972,0.3075410421660298,0.5007751807306938,0.4822552387383239,0.8617109697843741,0.6371530979009389
434,0.26887946606358,0.30754098767120763,0.5007750803061567,0.4822553425659096,0.8617109975166029,0.6371529701274241
435,0.2688794303449849,0.3075409602530806,0.5007750729517366,0.4822553531563788,0.8617109213327494,0.6371531418764667
436,0.2688793995187422,0.3075409288013096,0.5007749835657196,0.4822554456192748,0.8617107650895691,0.6371532076669141
437,0.2688793609025636,0.3075408878030222,0.5007750696213945,0.48225587962438227,0.8617106165491334,0.6371530978353802
438,0.2688794015261626,0.3075408567474897,0.500775149627036,0.4822558023993038,0.8617106562367296,0.6371531608873364
439,0.2688793598622093,0.30754082480795114,0.5007753831245658,0.48225588303563477,0.8617105220291691,0.6371530616535962
440,0.2688793454361211,0.30754079600832346,0.5007753090025677,0.48225595966925083,0.861710690512472,0.6371529673457296
441,0.2688794073542527,0.3075407417587433,0.5007752385683045,0.48225589183974205,0.8617105761512361,0.6371530185997109
442,0.26887938368955083,0.30754070512870246,0.5007751716462715,0.48225596102944157,0.8617105946318012,0.6371529334525788
443,0.2688794205220373,0.30754078354626313,0.5007752049353124,0.4822560568526446,0.8617104855272205,0.6371528528936923
444,0.268879393313704,0.3075407548660213,0.5007753720052224,0.48225601242753474,0.8617107228002127,0.6371529172537734
445,0.26887937506120135,0.3075407396873859,0.5007753146445105,0.4822559571881006,0.8617107386403914,0.6371528442718599
446,0.26887935555867976,0.3075407258730482,0.5007752601700701,0.4822559047281997,0.8617106449033224,0.6371528837424472
447,0.26887935542316826,0.3075407714682718,0.5007752687266417,0.4822558979244123,0.8617106161773213,0.6371528620304568
448,0.26887934086299603,0.3075407543362789,0.5007753062988332,0.4822558620164118,0.8617109992564638,0.6371532146132359
449,0.2688793180655283,0.30754073724843906,0.5007752596740154,0.4822558171158518,0.861711130177101,0.6371535027720406
450,0.268879299226155,0.3075407554255973,0.5007752154163628,0.4822557744949156,0.8617111423988325,0.6371535382254435
451,0.26887927318938215,0.3075407273212468,0.5007752572919725,0.482255734042688,0.8617111539986777,0.6371534847801946
452,0.26887925611881114,0.30754070762744334,0.5007752174284582,0.48225585486059835,0.861711085403366,0.6371534340604823
453,0.2688792416578239,0.307540689155811,0.5007754062075814,0.48225581843336773,0.8617111713841008,0.6371533859330519
454,0.26887923736158714,0.30754067368508775,0.5007753703190432,0.48225585553798916,0.861711109628763,0.637153340270858
455,0.26887922111976803,0.30754065803624825,0.5007753362728883,0.4822558227509183,0.8617111190305932,0.6371532969527904
456,0.26887924154326726,0.30754064889470484,0.5007753039783883,0.4822557916507232,0.8617111414159696,0.6371533210373038
457,0.2688792320754041,0.30754062880552635,0.5007752733490761,0.4822557621541344,0.8617111416448381,0.6371533514597809
458,0.26887921973543694,0.30754061659077364,0.5007752990013224,0.48225573748614076,0.8617111463616841,0.6371533758103495
459,0.2688792070895608,0.30754060388805143,0.5007752714590871,0.4822557659616554,0.8617111539674589,0.6371533407674304
460,0.26887919496780627,0.3075405897227021,0.5007752453463507,0.4822557408146116,0.8617111611784782,0.637153411832552
461,0.2688791847994008,0.30754057395687584,0.5007752205918743,0.4822557169755971,0.8617112668790313,0.6371533803365881
462,0.26887917304069686,0.3075405568180547,0.5007752306757094,0.4822557076868556,0.8617112600510335,0.6371534106455251
463,0.2688791639366016,0.30754055081985754,0.5007752528451238,0.48225573067867916,0.8617112217844345,0.6371534267587008
464,0.2688791533618702,0.30754054474329195,0.5007752317711338,0.4822557524667717,0.8617111855212735,0.6371533999455449
465,0.26887914464908097,0.30754053807954396,0.5007752516775911,0.48225577311168843,0.8617112550386467,0.6371534700350324
466,0.26887913704200206,0.30754052834131224,0.5007752332858094,0.4822558299226087,0.8617112975144661,0.6371534842692262
467,0.2688791438606577,0.3075405539174298,0.500775236660782,0.4822558271549101,0.861711366370741,0.6371535407632086
468,0.2688791357724453,0.30754054843394746,0.5007752196857251,0.4822558108076159,0.8617113371608313,0.637153553062817
469,0.2688791286383953,0.3075405414612315,0.5007752036089989,0.4822557953254307,0.8617113558670922,0.6371536146521917
470,0.2688791180849586,0.30754053815127114,0.5007751883848824,0.48225578066432473,0.861711360071219,0.637153656084219
471,0.2688791146216595,0.30754053601074605,0.500775173969882,0.48225576678241233,0.861711364051909,0.6371536377435135
472,0.2688791084298203,0.3075405306487887,0.5007751875748866,0.48225575363985296,0.8617113950728464,0.6371536203796372
473,0.26887910577051805,0.30754053984734214,0.5007751746560306,0.4822557411987561,0.8617113881462302,0.6371536149046247
474,0.2688791123875854,0.30754053648508334,0.5007751867810281,0.48225572948810785,0.8617113701852138,0.6371536238295837
475,0.26887910752298033,0.3075405319520413,0.5007751960834554,0.4822557205778206,0.8617113502718445,0.6371536322146348
476,0.2688791038327474,0.3075405347456099,0.5007751980479044,0.48225571898444886,0.86171135725872,0.6371536389206107
477,0.26887910193286507,0.3075405330181254,0.5007752062875839,0.4822557110958729,0.8617113394292419,0.6371536464281841
478,0.26887909670295845,0.30754052809164206,0.5007751964850435,0.48225574080531025,0.8617113617109372,0.6371536339560724
479,0.26887909503056623,0.3075405232267726,0.5007752406371498,0.4822557340007523,0.8617113991797081,0.6371536427999903
480,0.26887909943866695,0.30754052289870604,0.5007752318890581,0.48225576055973524,0.861711420887362,0.6371536491882771
481,0.26887909611512373,0.3075405183799423,0.5007752401577564,0.48225575257209596,0.861711456304,0.6371536386350523
482,0.2688790925985302,0.3075405149071248,0.5007752323145261,0.48225574501892116,0.8617115367807829,0.6371536286558394
483,0.2688790892484869,0.3075405123736345,0.5007752312103103,0.48225574637442287,0.8617115410141,0.6371536466520855
484,0.26887909094637363,0.307540508304961,0.5007752381993009,0.48225575362268047,0.861711562704885,0.6371536377321337
485,0.268879085766233,0.30754050429522334,0.5007752452403142,0.48225577327314706,0.8617115641003774,0.6371536429683888
486,0.2688790853213005,0.3075405093731434,0.5007752519501562,0.48225577928322044,0.8617115658300439,0.6371536475414208
487,0.2688790842518265,0.3075405058524824,0.500775246030855,0.48225577358282457,0.8617115556443764,0.6371536400100896
488,0.26887908663114024,0.30754051165831436,0.5007752516068544,0.4822557793656738,0.861711553995573,0.6371536360880148
489,0.26887908316038084,0.30754051189209025,0.5007752463222016,0.48225577427645594,0.8617115508885569,0.6371536347538335
490,0.2688790822033899,0.30754051012476685,0.5007752413297781,0.48225576946866033,0.8617115422978189,0.6371536284018008
491,0.2688790785606067,0.3075405070319234,0.5007752370357059,0.48225577392252916,0.8617115431783617,0.6371536322404325
492,0.2688790805126028,0.30754051070290445,0.5007752400351692,0.4822557710739899,0.8617115747609223,0.6371536423967885
493,0.26887907774818975,0.30754050894863416,0.5007752358290269,0.48225576702339756,0.8617115675231815,0.63715364544443
494,0.26887907631200003,0.30754050790363013,0.5007752367631206,0.4822557741548826,0.8617115606889492,0.6371536483221635
495,0.2688790781966732,0.307540507763366,0.5007752330228946,0.4822557855101131,0.8617115699700046,0.6371536510534604
496,0.26887907524254384,0.3075405085998729,0.5007752313918542,0.48225578726110363,0.861711579358612,0.6371536526933431
497,0.2688790815266022,0.3075405085931927,0.5007752280505525,0.48225580406022456,0.8617115803009295,0.6371536551143825
498,0.26887908257352733,0.3075405077628893,0.5007752248970246,0.4822558010233189,0.86171158181698,0.63715365707908
499,0.2688790853327893,0.30754050774520314,0.5007752219210931,0.48225580410009106,0.8617115767619993,0.6371536532926992
500,0.26887908482634754,0.3075405062720002,0.5007752352914444,0.4822558020395018,0.86171158810847,0.6371536559708563
501,0.26887908342228894,0.3075405050839598,0.5007752326422177,0.48225579948824754,0.8617115941303015,0.6371536526001534
502,0.2688790836105886,0.30754050338106514,0.5007752351336111,0.4822558020720626,0.8617116006153028,0.6371536494204225
503,0.2688790836983725,0.3075405036263932,0.500775236283001,0.48225580100254917,0.8617115981116964,0.6371536496936027
504,0.2688790819704575,0.30754050229829843,0.5007752365442902,0.4822558008165929,0.8617115987256214,0.6371536557438967
505,0.2688790812006143,0.30754050095452223,0.5007752383371687,0.48225579909475375,0.8617116028968029,0.6371536578570997
506,0.26887908001670197,0.30754050032230024,0.5007752363604392,0.4822557971911267,0.8617116025877469,0.6371536613499024
507,0.26887908000908595,0.30754050196010774,0.5007752344968233,0.48225579539643015,0.8617116014983969,0.637153660637419
508,0.2688790795184145,0.307540501448201,0.5007752362481481,0.482255793704634,0.861711598475436,0.6371536584022274
509,0.2688790801576317,0.30754050112663767,0.5007752345923085,0.48225579211002995,0.8617116028515924,0.6371536657431655
510,0.26887907949886175,0.3075405005725483,0.5007752368451958,0.4822557961424609,0.8617116014374475,0.6371536687189563
511,0.2688790791029299,0.3075404986636964,0.5007752353746743,0.4822557947263216,0.8617115996535504,0.6371536697894928
512,0.2688790785141876,0.30754049825395546,0.5007752339891325,0.4822557933920193,0.8617115972693722,0.6371536707934138
513,0.26887907831506574,0.30754049912596193,0.5007752352904071,0.4822557947415665,0.8617115990960612,0.6371536728872851
514,0.26887907769170827,0.30754049942132483,0.5007752363643098,0.48225579616469744,0.861711603194602,0.6371536775582528
515,0.2688790771840199,0.30754049845505893,0.5007752352061962,0.4822557950494127,0.861711601201772,0.6371536760847447
516,0.26887907657095195,0.307540497967471,0.5007752341155332,0.4822557939990841,0.8617116014593877,0.6371536769185749
517,0.2688790762980465,0.30754049734344807,0.5007752346601533,0.4822557934892649,0.8617116012637798,0.6371536781419375
518,0.2688790762223802,0.3075404971639291,0.5007752336931839,0.4822557944890004,0.8617115995998622,0.6371536769116288
519,0.2688790760794914,0.30754049777199194,0.5007752335934688,0.48225579461956214,0.8617115990406388,0.6371536765743101
520,0.268879075606374,0.3075404973794733,0.500775233478499,0.48225579476356806,0.8617115985353464,0.6371536779371091
521,0.2688790754782981,0.30754049705542086,0.5007752342819036,0.48225579398749197,0.8617116037917882,0.6371536785244623
522,0.268879075238388,0.30754049680311496,0.5007752341105224,0.48225579418459147,0.8617116051765757,0.6371536824460254
523,0.26887907501861324,0.30754049657133586,0.500775233396349,0.48225579349682934,0.8617116039476582,0.6371536829634935
524,0.268879075404788,0.3075404963006478,0.5007752340430519,0.4822557928728951,0.8617116027964873,0.6371536834735027
525,0.268879075279148,0.3075404961704703,0.5007752346732068,0.4822557922641595,0.8617116029710442,0.6371536826692445
526,0.2688790751239458,0.3075404959705393,0.500775234078626,0.48225579169156724,0.8617116019479162,0.6371536819127388
527,0.2688790753891858,0.3075404959754807,0.5007752335475518,0.48225579335828034,0.8617116021599517,0.6371536856411878
528,0.26887907526460936,0.30754049605423145,0.5007752340718047,0.4822557939019812,0.8617116012550391,0.637153685507588
529,0.2688790755210504,0.3075404953115816,0.5007752335786239,0.48225579539934366,0.8617116014729044,0.6371536858671697
530,0.2688790753229782,0.30754049506520786,0.5007752338259893,0.4822557951677313,0.8617116016012846,0.6371536871323693
531,0.2688790755001962,0.30754049495111546,0.5007752333889604,0.48225579474686436,0.8617116019535798,0.6371536890241903
532,0.26887907563563945,0.30754049486677587,0.5007752329781767,0.4822557951715675,0.8617116029762578,0.6371536885015361
533,0.26887907546626716,0.3075404946753317,0.5007752341339897,0.48225579479977704,0.86171160308287,0.6371536880103286
534,0.26887907541131123,0.3075404946087611,0.5007752337913038,0.48225579515475636,0.8617116024585878,0.637153688273199
535,0.26887907529517435,0.307540494216178,0.500775233450419,0.4822557955071922,0.8617116025527227,0.6371536878394793
536,0.26887907519579357,0.30754049418131596,0.5007752333215245,0.48225579564693866,0.8617116024497973,0.6371536882628935
537,0.268879075068903,0.3075404940590826,0.5007752338754112,0.4822557963047619,0.8617116031522188,0.6371536895895811
538,0.26887907499156943,0.3075404939960358,0.5007752335994908,0.4822557965902573,0.8617116032235982,0.6371536898009779
539,0.26887907492156526,0.3075404939313595,0.5007752333341113,0.48225579633469196,0.8617116043255063,0.6371536900245146
540,0.2688790748220073,0.30754049378158366,0.5007752335942491,0.4822557965806307,0.8617116046255779,0.637153690969088
541,0.2688790746661713,0.3075404936516973,0.5007752338275069,0.48225579682254155,0.8617116043745306,0.6371536919215255
542,0.26887907457688887,0.3075404935398125,0.5007752336078413,0.4822557966109995,0.861711604435191,0.6371536916420373
543,0.2688790744590921,0.307540493404285,0.5007752336619176,0.48225579656391027,0.8617116040803712,0.6371536917914435
544,0.2688790744917794,0.30754049332673494,0.500775233469733,0.4822557967626529,0.8617116045601521,0.6371536919357302
545,0.2688790744565396,0.3075404932187686,0.500775233288104,0.48225579658774087,0.8617116043360344,0.637153692131734
546,0.2688790744791099,0.30754049321148474,0.5007752334580097,0.4822557967639494,0.8617116057838131,0.6371536919148858
547,0.2688790745003867,0.3075404931896177,0.500775233617423,0.48225579692927645,0.8617116064881246,0.6371536917114287
548,0.2688790744331134,0.3075404931153236,0.5007752334674076,0.48225579708437527,0.8617116065295511,0.6371536915205588
549,0.2688790745640008,0.30754049311468307,0.50077523332669,0.4822557969488617,0.8617116068520161,0.637153691341519
550,0.26887907453565696,0.3075404931832883,0.5007752335202126,0.4822557972869138,0.8617116074313109,0.6371536914314491
551,0.2688790744955459,0.3075404931415156,0.5007752336435993,0.4822557974148777,0.8617116074133906,0.637153691573228
552,0.26887907444381814,0.3075404931983479,0.5007752338259635,0.48225579769995375,0.8617116077756133,0.6371536918255021
553,0.26887907438660696,0.3075404932304744,0.5007752337171527,0.48225579759516696,0.8617116078637413,0.6371536918670957
554,0.2688790743454362,0.3075404931939257,0.5007752338188419,0.4822557974969342,0.8617116080956042,0.6371536917373112
555,0.26887907439925407,0.30754049315562426,0.5007752337239253,0.4822557975950908,0.8617116079370578,0.6371536919975206
556,0.2688790743521289,0.30754049310853404,0.5007752336343138,0.48225579750879327,0.8617116077828584,0.6371536920624503
557,0.26887907429774166,0.30754049306792086,0.5007752337046213,0.48225579744133124,0.8617116077926397,0.6371536921367055
558,0.2688790742409805,0.3075404930361909,0.5007752336259356,0.48225579736555546,0.8617116077857159,0.6371536922223713
559,0.26887907421324,0.3075404929994503,0.5007752335723468,0.48225579742164226,0.8617116077859427,0.637153692295917
560,0.2688790741810176,0.3075404929701457,0.5007752336411915,0.4822557973551376,0.8617116078050131,0.6371536922080514
561,0.26887907421639073,0.307540492944354,0.5007752335765071,0.48225579729284535,0.8617116078284276,0.6371536921257511
562,0.26887907418467044,0.30754049292978203,0.5007752335159271,0.4822557973554781,0.8617116078451567,0.6371536920486731
563,0.26887907416057,0.30754049290592606,0.500775233566027,0.4822557973073004,0.8617116078543688,0.6371536920962307
564,0.26887907413739354,0.3075404928882002,0.5007752336189792,0.4822557973622169,0.8617116080392885,0.6371536922826723
565,0.268879074122751,0.30754049287388874,0.5007752338671583,0.48225579731432777,0.8617116082516256,0.6371536922194014
566,0.2688790741023289,0.3075404928508053,0.5007752340065207,0.4822557972694991,0.8617116082644805,0.637153692160174
567,0.26887907409132866,0.3075404928324346,0.5007752339635374,0.4822557973139587,0.8617116083623438,0.6371536921929173
568,0.2688790741133497,0.3075404928845435,0.5007752339694248,0.482255797309453,0.8617116083269409,0.6371536921877107
569,0.2688790741009845,0.30754049285326207,0.5007752340836569,0.48225579727270795,0.8617116083374777,0.6371536921391633
570,0.2688790740899959,0.30754049282993545,0.5007752340675067,0.4822557972900678,0.8617116083277861,0.637153692184581
571,0.26887907407861716,0.3075404927914715,0.500775234034108,0.4822557973245982,0.8617116083370091,0.6371536921420866
572,0.2688790740679826,0.3075404927760435,0.5007752341276394,0.482255797294512,0.861711608408023,0.6371536921023369
573,0.2688790740806913,0.30754049275456774,0.5007752341004187,0.48225579732272283,0.8617116083635519,0.6371536921255085
574,0.2688790740655545,0.3075404927351631,0.5007752341276605,0.48225579735097523,0.8617116083678786,0.6371536921485279
575,0.2688790740506089,0.3075404927290273,0.5007752341021082,0.482255797326368,0.8617116083239096,0.6371536921670422
576,0.2688790740564503,0.3075404927289991,0.5007752341259245,0.4822557973510678,0.8617116082830918,0.6371536921366457
577,0.26887907406148454,0.30754049271960615,0.5007752341035907,0.48225579732956,0.8617116083347389,0.6371536921532533
578,0.26887907405327266,0.3075404927044993,0.5007752341244022,0.48225579735114354,0.8617116083405039,0.6371536921266919
579,0.26887907404365896,0.30754049269482076,0.5007752341331303,0.4822557973430765,0.8617116083458919,0.6371536921797912
580,0.26887907403563144,0.3075404926840151,0.5007752341231173,0.4822557973537074,0.861711608379117,0.6371536922376334
581,0.2688790740277019,0.30754049268509376,0.5007752341741234,0.4822557974053435,0.8617116083979786,0.6371536922480147
582,0.26887907401505495,0.30754049267579836,0.5007752341611941,0.4822557974188122,0.8617116083705885,0.637153692259548
583,0.2688790740095048,0.30754049267134953,0.5007752341463245,0.4822557974044925,0.861711608404388,0.6371536922406289
584,0.2688790740046912,0.3075404926633558,0.5007752341324355,0.4822557973911171,0.8617116083804884,0.6371536922229574
585,0.268879073998746,0.3075404926540234,0.500775234119464,0.48225579737862534,0.8617116083581676,0.6371536922323561
586,0.2688790739909355,0.3075404926466017,0.5007752341078108,0.4822557973906891,0.8617116083610528,0.6371536922415927
587,0.26887907398802924,0.307540492644967,0.5007752340982536,0.48225579742321484,0.8617116083632995,0.6371536922506642
588,0.26887907398219746,0.3075404926461219,0.5007752340876944,0.48225579741304614,0.8617116083714578,0.6371536922546028
589,0.26887907397728206,0.3075404926413496,0.5007752340953037,0.48225579740577085,0.8617116083544964,0.6371536922617448
590,0.2688790739738642,0.30754049263702893,0.5007752340869083,0.4822557974144781,0.8617116083386653,0.6371536922684109
591,0.26887907397193667,0.3075404926321582,0.5007752340954678,0.48225579740620955,0.8617116083491021,0.6371536922574865
592,0.26887907396842436,0.3075404926254734,0.5007752340874556,0.4822557973984937,0.8617116083353152,0.6371536922472925
593,0.26887907396674193,0.30754049262332095,0.50077523407998,0.48225579739129465,0.8617116083224516,0.637153692252709
594,0.268879073968888,0.3075404926220258,0.5007752340869326,0.48225579738457847,0.8617116083419208,0.6371536922438356
595,0.2688790739657961,0.30754049261847693,0.500775234093418,0.4822557973783136,0.8617116083437173,0.6371536922355584
596,0.26887907395928384,0.30754049261471017,0.5007752340873504,0.4822557973724704,0.8617116083484108,0.6371536922413694
597,0.2688790739555844,0.30754049261156474,0.5007752340816918,0.48225579736702107,0.8617116083386738,0.6371536922454695
598,0.26887907395606997,0.30754049260953376,0.5007752340868236,0.482255797362068,0.861711608335622,0.6371536922494209
599,0.26887907395396043,0.30754049260695493,0.5007752340917278,0.4822557973671541,0.8617116083347438,0.637153692255222
600,0.26887907395212823,0.3075404926041986,0.5007752340965151,0.48225579737168023,0.8617116083402662,0.6371536922726052
601,0.2688790739503968,0.3075404926018324,0.5007752340922402,0.48225579736756347,0.8617116083557397,0.6371536922870189
602,0.2688790739492264,0.3075404926034217,0.5007752340977337,0.48225579737016105,0.8617116083536227,0.6371536922856971
603,0.26887907394745725,0.3075404926022223,0.5007752340940208,0.48225579736658547,0.8617116083472337,0.6371536922883874
604,0.26887907394621946,0.30754049260039357,0.5007752340905612,0.4822557973632538,0.8617116083412806,0.6371536922839856
605,0.2688790739511715,0.30754049260038874,0.5007752340937746,0.4822557973665862,0.8617116083421843,0.637153692286321
606,0.26887907395104826,0.30754049260147154,0.500775234090772,0.4822557973636946,0.8617116083370185,0.6371536922825018
607,0.2688790739497498,0.30754049260029354,0.5007752340879752,0.48225579736100127,0.8617116083427949,0.6371536922906941
608,0.26887907394864974,0.3075404925993296,0.5007752340905719,0.4822557973636943,0.8617116083435142,0.63715369228738
609,0.2688790739475843,0.3075404925996536,0.5007752340881463,0.4822557973613584,0.8617116083487687,0.6371536922954291
610,0.2688790739480837,0.3075404925978793,0.5007752340858879,0.48225579735918345,0.8617116083450835,0.6371536923015755
611,0.2688790739492192,0.3075404926005664,0.5007752340861914,0.4822557973589511,0.861711608343258,0.6371536923013069
612,0.26887907394808497,0.3075404925994243,0.5007752340842341,0.48225579736488317,0.861711608347707,0.6371536922988166
613,0.26887907394729127,0.3075404925984602,0.5007752340824123,0.4822557973631288,0.8617116083591239,0.6371536922964987
614,0.2688790739461209,0.30754049259783917,0.5007752340807169,0.48225579736149604,0.8617116083654319,0.6371536922986586
615,0.26887907394566346,0.3075404925973753,0.5007752340791393,0.4822557973599767,0.8617116083658399,0.6371536922998292
616,0.2688790739452386,0.307540492596816,0.5007752340892517,0.482255797361639,0.861711608366197,0.637153692300941
617,0.26887907394455285,0.3075404925963139,0.500775234087886,0.48225579736577784,0.8617116083665741,0.6371536922992035
618,0.2688790739456774,0.3075404925956563,0.5007752340866157,0.48225579736455454,0.8617116083694655,0.6371536923001294
619,0.26887907394526545,0.3075404925962343,0.5007752340854342,0.4822557973634167,0.8617116083674324,0.6371536922986513
620,0.26887907394419336,0.307540492595652,0.5007752340875766,0.4822557973635057,0.8617116083655418,0.6371536922982403
621,0.2688790739451449,0.3075404925956493,0.500775234086555,0.48225579736252183,0.8617116083699227,0.6371536922989807
622,0.2688790739442442,0.3075404925953384,0.5007752340856051,0.48225579736160706,0.8617116083694779,0.6371536922988064
623,0.2688790739449655,0.307540492594974,0.5007752340847806,0.48225579736246144,0.8617116083680524,0.6371536922995048
624,0.26887907394459976,0.30754049259469896,0.5007752340870331,0.48225579736351504,0.8617116083697132,0.637153692301729
625,0.26887907394443067,0.30754049259455823,0.5007752340862702,0.4822557973627804,0.8617116083684998,0.6371536923037058
626,0.26887907394414645,0.3075404925946634,0.5007752340855613,0.4822557973620977,0.8617116083690628,0.6371536923039343
627,0.26887907394377397,0.30754049259437033,0.500775234086218,0.48225579736146335,0.8617116083679293,0.6371536923030962
628,0.2688790739434768,0.30754049259406707,0.5007752340868281,0.48225579736209606,0.8617116083705424,0.6371536923023174
629,0.268879073943285,0.3075404925939039,0.5007752340862596,0.48225579736154855,0.8617116083706994,0.637153692301594
630,0.26887907394310195,0.3075404925937678,0.5007752340857315,0.4822557973620945,0.8617116083697907,0.6371536923009221
631,0.2688790739430446,0.3075404925935758,0.5007752340852412,0.4822557973616222,0.8617116083697537,0.6371536923022568
632,0.2688790739431583,0.307540492593173,0.5007752340847857,0.4822557973611837,0.8617116083692679,0.6371536923034962
633,0.2688790739430434,0.30754049259343313,0.5007752340857033,0.4822557973619692,0.8617116083698807,0.6371536923041751
634,0.26887907394315275,0.30754049259327054,0.5007752340853108,0.4822557973615912,0.8617116083694095,0.6371536923036756
635,0.2688790739429942,0.3075404925929572,0.5007752340849464,0.4822557973612403,0.8617116083696978,0.6371536923040237
636,0.26887907394267,0.3075404925928625,0.5007752340846082,0.4822557973609146,0.8617116083691159,0.6371536923042688
637,0.2688790739424007,0.3075404925926568,0.5007752340842944,0.4822557973612391,0.8617116083692026,0.6371536923038694
638,0.2688790739422154,0.3075404925924978,0.500775234084003,0.4822557973609586,0.8617116083687013,0.6371536923034988
639,0.26887907394215477,0.3075404925924534,0.5007752340837328,0.48225579736069835,0.8617116083693155,0.637153692303155
640,0.26887907394205035,0.3075404925923461,0.5007752340839827,0.48225579736045693,0.8617116083693848,0.637153692302836
641,0.2688790739421766,0.30754049259229516,0.5007752340842145,0.4822557973606973,0.8617116083699499,0.6371536923034349
642,0.26887907394206834,0.307540492592233,0.5007752340839988,0.48225579736092034,0.8617116083695787,0.6371536923031604
643,0.26887907394199584,0.3075404925921378,0.5007752340841982,0.4822557973611271,0.8617116083692345,0.637153692302906
644,0.26887907394194727,0.3075404925920089,0.5007752340840127,0.48225579736131885,0.8617116083689154,0.6371536923026699
645,0.26887907394199234,0.30754049259190197,0.5007752340838407,0.48225579736115326,0.8617116083690576,0.6371536923028076
646,0.26887907394205157,0.30754049259189375,0.5007752340836813,0.4822557973616364,0.8617116083694867,0.6371536923026048
647,0.2688790739419367,0.30754049259184474,0.5007752340835335,0.4822557973620841,0.8617116083698225,0.6371536923024167
648,0.2688790739418709,0.3075404925918035,0.5007752340833966,0.48225579736195223,0.8617116083698596,0.6371536923025167
649,0.26887907394185223,0.3075404925917741,0.5007752340835026,0.48225579736185065,0.8617116083698741,0.6371536923026293
650,0.26887907394181865,0.3075404925917411,0.5007752340836311,0.4822557973621957,0.8617116083701301,0.6371536923029605
651,0.2688790739417706,0.30754049259171695,0.5007752340839573,0.4822557973623084,0.8617116083701601,0.6371536923028219
652,0.2688790739417463,0.30754049259168525,0.5007752340840579,0.4822557973624127,0.8617116083699865,0.6371536923028951
653,0.2688790739417192,0.3075404925916497,0.5007752340847017,0.48225579736251856,0.8617116083700092,0.6371536923029659
654,0.2688790739416831,0.3075404925916036,0.5007752340846156,0.48225579736260754,0.8617116083703773,0.6371536923030301
655,0.26887907394167104,0.30754049259157323,0.5007752340848555,0.48225579736269036,0.8617116083702393,0.6371536923029281
656,0.2688790739416283,0.30754049259153554,0.5007752340849106,0.48225579736263763,0.8617116083701116,0.6371536923029818
657,0.2688790739415874,0.3075404925915458,0.5007752340848419,0.48225579736257146,0.8617116083701698,0.6371536923029961
658,0.2688790739416366,0.3075404925915346,0.5007752340847783,0.48225579736251023,0.8617116083701896,0.6371536923030425
659,0.26887907394159805,0.3075404925915388,0.5007752340847195,0.48225579736245355,0.8617116083702058,0.6371536923030992
660,0.2688790739416254,0.30754049259149796,0.500775234084665,0.4822557973624011,0.8617116083702283,0.6371536923032499
661,0.2688790739415998,0.3075404925914702,0.5007752340846146,0.48225579736245316,0.8617116083703428,0.6371536923031857
662,0.268879073941626,0.3075404925914697,0.5007752340845679,0.48225579736240826,0.8617116083703582,0.6371536923032198
663,0.26887907394166327,0.30754049259145194,0.5007752340846109,0.48225579736236673,0.8617116083703745,0.637153692303165
664,0.268879073941647,0.30754049259143507,0.5007752340845727,0.4822557973624858,0.8617116083703846,0.6371536923031949
665,0.26887907394163135,0.30754049259142413,0.5007752340845357,0.4822557973624503,0.8617116083703211,0.6371536923032216
666,0.2688790739416229,0.3075404925914115,0.500775234084615,0.4822557973625085,0.8617116083703528,0.6371536923032922
667,0.26887907394163996,0.30754049259145183,0.5007752340846195,0.482255797362505,0.8617116083703253,0.6371536923032881
668,0.2688790739416363,0.3075404925914456,0.5007752340846495,0.48225579736259255,0.8617116083703334,0.6371536923033675
669,0.2688790739416265,0.3075404925914385,0.5007752340846559,0.48225579736264096,0.861711608370287,0.637153692303387
670,0.26887907394161725,0.30754049259142746,0.500775234084631,0.482255797362617,0.8617116083703387,0.6371536923034601
671,0.2688790739416147,0.30754049259141536,0.500775234084608,0.48225579736259483,0.8617116083703346,0.6371536923034873
672,0.2688790739416044,0.30754049259140775,0.5007752340845867,0.48225579736257435,0.8617116083703314,0.6371536923035116
673,0.2688790739416151,0.3075404925913999,0.500775234084567,0.4822557973625554,0.8617116083703386,0.6371536923034865
674,0.2688790739416066,0.3075404925913958,0.5007752340845851,0.48225579736253793,0.8617116083703436,0.6371536923034634
675,0.26887907394162164,0.3075404925913863,0.5007752340845684,0.4822557973625553,0.8617116083703829,0.6371536923034756
676,0.2688790739416162,0.30754049259137906,0.5007752340845838,0.48225579736257135,0.8617116083703562,0.6371536923034868
677,0.2688790739416162,0.30754049259137334,0.5007752340845981,0.4822557973626147,0.8617116083703316,0.6371536923034686
678,0.2688790739416084,0.3075404925913639,0.5007752340845849,0.48225579736260193,0.8617116083703088,0.6371536923034518
679,0.26887907394160365,0.3075404925913624,0.5007752340845727,0.48225579736259017,0.8617116083703121,0.637153692303485
680,0.26887907394160176,0.30754049259135613,0.5007752340845839,0.48225579736260177,0.8617116083702927,0.6371536923034932
681,0.26887907394159494,0.30754049259135685,0.5007752340845735,0.4822557973625918,0.8617116083702956,0.6371536923035032
682,0.26887907394159616,0.3075404925913607,0.5007752340845918,0.48225579736259283,0.8617116083702906,0.6371536923035184
683,0.2688790739415913,0.30754049259135624,0.5007752340845942,0.4822557973625907,0.8617116083702754,0.6371536923035248
684,0.2688790739415881,0.30754049259135285,0.500775234084586,0.48225579736258284,0.8617116083702613,0.6371536923035307
685,0.2688790739416022,0.3075404925913499,0.5007752340845785,0.48225579736257557,0.8617116083702635,0.637153692303521
686,0.2688790739415982,0.30754049259134714,0.5007752340845917,0.4822557973625764,0.8617116083702515,0.637153692303526
687,0.268879073941594,0.30754049259134436,0.5007752340845852,0.48225579736257024,0.8617116083702662,0.6371536923035179
688,0.26887907394159566,0.3075404925913421,0.5007752340845804,0.4822557973625872,0.8617116083702929,0.6371536923035227
689,0.2688790739415944,0.30754049259134547,0.5007752340845789,0.48225579736258883,0.8617116083702974,0.6371536923035244
690,0.2688790739415971,0.30754049259133776,0.5007752340845839,0.48225579736258395,0.8617116083702993,0.6371536923035179
691,0.26887907394159555,0.30754049259133237,0.5007752340845792,0.4822557973625888,0.8617116083703005,0.637153692303512
692,0.2688790739415937,0.3075404925913303,0.5007752340845916,0.4822557973625851,0.8617116083703181,0.6371536923035158
693,0.26887907394159094,0.30754049259132904,0.5007752340845876,0.4822557973625892,0.8617116083703192,0.6371536923035108
694,0.26887907394158855,0.30754049259132715,0.5007752340845862,0.4822557973625906,0.8617116083703227,0.6371536923035257
695,0.268879073941587,0.3075404925913252,0.5007752340845829,0.4822557973625874,0.8617116083703292,0.6371536923035215
696,0.26887907394158633,0.3075404925913244,0.5007752340845798,0.48225579736258445,0.8617116083703362,0.6371536923035238
697,0.2688790739415844,0.3075404925913231,0.5007752340845769,0.48225579736258173,0.8617116083703483,0.6371536923035203
698,0.2688790739415834,0.3075404925913214,0.5007752340845743,0.48225579736257923,0.8617116083703594,0.6371536923035169
699,0.2688790739415821,0.30754049259132016,0.5007752340845718,0.48225579736257695,0.8617116083703553,0.6371536923035139
700,0.26887907394158095,0.30754049259131955,0.500775234084574,0.4822557973625748,0.861711608370356,0.6371536923035112
701,0.26887907394157895,0.30754049259131894,0.5007752340845779,0.482255797362579,0.8617116083703587,0.637153692303515
702,0.26887907394157806,0.3075404925913178,0.500775234084576,0.4822557973625772,0.8617116083703624,0.6371536923035126
703,0.2688790739415764,0.3075404925913173,0.5007752340845743,0.4822557973625755,0.8617116083703616,0.6371536923035123
704,0.26887907394157573,0.30754049259131644,0.5007752340845726,0.4822557973625771,0.8617116083703652,0.6371536923035103
705,0.2688790739415763,0.3075404925913164,0.500775234084574,0.48225579736257573,0.8617116083703629,0.6371536923035084
706,0.26887907394157595,0.30754049259131616,0.500775234084573,0.4822557973625768,0.8617116083703605,0.6371536923035094
707,0.2688790739415754,0.3075404925913169,0.5007752340845735,0.48225579736257645,0.8617116083703618,0.6371536923035096
708,0.2688790739415752,0.30754049259131766,0.5007752340845746,0.4822557973625776,0.8617116083703633,0.6371536923035115
709,0.26887907394157484,0.3075404925913174,0.5007752340845741,0.48225579736257806,0.8617116083703622,0.6371536923035137
710,0.2688790739415767,0.307540492591317,0.5007752340845731,0.4822557973625772,0.8617116083703625,0.6371536923035125
711,0.26887907394157634,0.3075404925913163,0.500775234084574,0.48225579736257634,0.8617116083703628,0.6371536923035114
712,0.26887907394157684,0.307540492591316,0.5007752340845731,0.48225579736257557,0.861711608370363,0.6371536923035103
713,0.26887907394157673,0.307540492591316,0.5007752340845724,0.4822557973625748,0.8617116083703618,0.6371536923035123
714,0.2688790739415763,0.30754049259131566,0.500775234084573,0.4822557973625741,0.861711608370362,0.6371536923035114
715,0.26887907394157623,0.30754049259131555,0.5007752340845726,0.48225579736257457,0.861711608370361,0.6371536923035118
716,0.2688790739415762,0.30754049259131533,0.500775234084573,0.48225579736257396,0.8617116083703611,0.6371536923035123
717,0.2688790739415762,0.3075404925913158,0.5007752340845736,0.48225579736257446,0.8617116083703612,0.6371536923035127
718,0.26887907394157606,0.30754049259131555,0.500775234084573,0.4822557973625759,0.8617116083703613,0.637153692303512
719,0.2688790739415759,0.30754049259131544,0.5007752340845726,0.48225579736257723,0.8617116083703623,0.6371536923035124
720,0.26887907394157595,0.30754049259131566,0.5007752340845725,0.48225579736257734,0.8617116083703616,0.6371536923035119
721,0.2688790739415759,0.30754049259131555,0.500775234084572,0.48225579736257773,0.8617116083703618,0.6371536923035115
722,0.26887907394157584,0.3075404925913155,0.5007752340845717,0.4822557973625781,0.8617116083703619,0.637153692303511
723,0.26887907394157584,0.30754049259131544,0.5007752340845718,0.48225579736257795,0.8617116083703615,0.637153692303511
724,0.26887907394157573,0.30754049259131533,0.500775234084572,0.4822557973625783,0.8617116083703611,0.6371536923035107
725,0.26887907394157556,0.3075404925913151,0.5007752340845717,0.48225579736257856,0.8617116083703612,0.6371536923035109
726,0.2688790739415754,0.30754049259131505,0.5007752340845715,0.48225579736257884,0.8617116083703613,0.6371536923035106
727,0.26887907394157523,0.3075404925913149,0.5007752340845713,0.4822557973625786,0.861711608370361,0.6371536923035103
728,0.2688790739415751,0.3075404925913148,0.5007752340845715,0.48225579736257884,0.8617116083703606,0.6371536923035104
729,0.26887907394157506,0.30754049259131466,0.5007752340845713,0.48225579736257945,0.8617116083703606,0.6371536923035106
730,0.268879073941575,0.30754049259131455,0.500775234084571,0.4822557973625793,0.8617116083703613,0.6371536923035108
731,0.26887907394157495,0.30754049259131444,0.5007752340845711,0.4822557973625791,0.8617116083703616,0.6371536923035113
732,0.2688790739415749,0.3075404925913144,0.5007752340845713,0.48225579736257923,0.8617116083703618,0.6371536923035115
733,0.26887907394157484,0.30754049259131433,0.5007752340845713,0.48225579736257956,0.8617116083703618,0.6371536923035119
734,0.2688790739415748,0.30754049259131433,0.5007752340845716,0.4822557973625795,0.8617116083703618,0.6371536923035124
735,0.26887907394157484,0.30754049259131433,0.5007752340845717,0.4822557973625796,0.8617116083703628,0.6371536923035123
736,0.2688790739415748,0.3075404925913144,0.5007752340845716,0.4822557973625795,0.8617116083703625,0.6371536923035122
737,0.2688790739415748,0.3075404925913144,0.5007752340845717,0.4822557973625798,0.8617116083703625,0.6371536923035123
738,0.26887907394157495,0.30754049259131433,0.5007752340845716,0.4822557973625797,0.8617116083703626,0.6371536923035124
739,0.2688790739415749,0.3075404925913143,0.5007752340845715,0.48225579736257995,0.8617116083703626,0.6371536923035123
740,0.26887907394157484,0.3075404925913143,0.5007752340845714,0.48225579736258006,0.8617116083703625,0.6371536923035122
741,0.26887907394157484,0.3075404925913143,0.5007752340845714,0.48225579736258006,0.8617116083703624,0.6371536923035122
742,0.26887907394157484,0.3075404925913143,0.5007752340845713,0.48225579736258006,0.8617116083703626,0.6371536923035123
743,0.26887907394157484,0.3075404925913143,0.5007752340845713,0.48225579736258,0.8617116083703626,0.6371536923035122
744,0.26887907394157495,0.3075404925913143,0.5007752340845713,0.48225579736257995,0.8617116083703625,0.6371536923035122
745,0.26887907394157495,0.3075404925913142,0.5007752340845713,0.48225579736258,0.8617116083703626,0.6371536923035122
746,0.26887907394157495,0.3075404925913142,0.5007752340845713,0.48225579736257995,0.8617116083703625,0.6371536923035122
747,0.26887907394157495,0.3075404925913142,0.5007752340845713,0.4822557973625799,0.8617116083703626,0.637153692303512
748,0.26887907394157495,0.3075404925913142,0.5007752340845711,0.4822557973625799,0.8617116083703625,0.6371536923035119
749,0.2688790739415749,0.3075404925913142,0.500775234084571,0.48225579736257984,0.8617116083703625,0.6371536923035118
750,0.2688790739415749,0.3075404925913142,0.500775234084571,0.4822557973625798,0.8617116083703625,0.6371536923035118
751,0.2688790739415749,0.3075404925913142,0.500775234084571,0.48225579736257984,0.8617116083703625,0.6371536923035117
752,0.2688790739415749,0.3075404925913142,0.500775234084571,0.48225579736257984,0.8617116083703625,0.6371536923035117
753,0.2688790739415749,0.3075404925913142,0.500775234084571,0.48225579736257984,0.8617116083703626,0.6371536923035118
754,0.2688790739415749,0.3075404925913142,0.500775234084571,0.48225579736257984,0.8617116083703626,0.6371536923035119
755,0.2688790739415749,0.3075404925913143,0.500775234084571,0.4822557973625799,0.8617116083703626,0.6371536923035119
756,0.2688790739415749,0.3075404925913143,0.500775234084571,0.4822557973625799,0.8617116083703628,0.637153692303512
757,0.2688790739415749,0.3075404925913143,0.5007752340845711,0.4822557973625799,0.8617116083703628,0.637153692303512
758,0.2688790739415749,0.3075404925913143,0.5007752340845711,0.4822557973625799,0.8617116083703628,0.637153692303512
759,0.2688790739415749,0.3075404925913143,0.5007752340845711,0.4822557973625799,0.8617116083703628,0.637153692303512
760,0.2688790739415749,0.3075404925913143,0.5007752340845711,0.4822557973625799,0.8617116083703629,0.637153692303512
761,0.2688790739415749,0.3075404925913143,0.5007752340845711,0.4822557973625799,0.8617116083703629,0.637153692303512
762,0.2688790739415749,0.3075404925913143,0.5007752340845711,0.4822557973625799,0.8617116083703629,0.637153692303512
763,0.2688790739415749,0.3075404925913143,0.5007752340845711,0.48225579736257995,0.8617116083703629,0.637153692303512
764,0.2688790739415749,0.3075404925913143,0.5007752340845711,0.48225579736257995,0.8617116083703629,0.637153692303512
765,0.2688790739415749,0.3075404925913143,0.5007752340845711,0.48225579736257995,0.8617116083703629,0.637153692303512
766,0.2688790739415749,0.3075404925913143,0.5007752340845711,0.48225579736257995,0.8617116083703629,0.637153692303512
767,0.2688790739415749,0.3075404925913143,0.5007752340845711,0.48225579736257995,0.8617116083703629,0.637153692303512
768,0.2688790739415749,0.3075404925913143,0.5007752340845711,0.48225579736257995,0.8617116083703629,0.637153692303512
769,0.2688790739415749,0.3075404925913143,0.5007752340845711,0.48225579736257995,0.8617116083703629,0.637153692303512
770,0.2688790739415749,0.3075404925913143,0.5007752340845711,0.48225579736257995,0.8617116083703629,0.637153692303512
771,0.2688790739415749,0.3075404925913143,0.5007752340845711,0.48225579736257995,0.8617116083703629,0.637153692303512
772,0.2688790739415749,0.3075404925913143,0.5007752340845711,0.48225579736257995,0.8617116083703629,0.637153692303512
773,0.2688790739415749,0.3075404925913143,0.5007752340845711,0.48225579736257995,0.8617116083703629,0.637153692303512
774,0.2688790739415749,0.3075404925913143,0.5007752340845711,0.48225579736257995,0.8617116083703629,0.637153692303512
775,0.2688790739415749,0.3075404925913143,0.5007752340845711,0.48225579736257995,0.8617116083703629,0.637153692303512
776,0.2688790739415749,0.3075404925913143,0.5007752340845711,0.48225579736257995,0.8617116083703629,0.637153692303512
777,0.2688790739415749,0.3075404925913143,0.5007752340845711,0.48225579736257995,0.8617116083703629,0.637153692303512
778,0.2688790739415749,0.3075404925913143,0.5007752340845711,0.48225579736257995,0.8617116083703629,0.637153692303512
779,0.2688790739415749,0.3075404925913143,0.5007752340845711,0.48225579736257995,0.8617116083703629,0.637153692303512
780,0.2688790739415749,0.3075404925913143,0.5007752340845711,0.48225579736257995,0.8617116083703629,0.637153692303512
781,0.2688790739415749,0.3075404925913143,0.5007752340845711,0.48225579736257995,0.8617116083703629,0.637153692303512
782,0.2688790739415749,0.3075404925913143,0.5007752340845711,0.48225579736257995,0.8617116083703629,0.637153692303512
783,0.2688790739415749,0.3075404925913143,0.5007752340845711,0.48225579736257995,0.8617116083703629,0.637153692303512
784,0.2688790739415749,0.3075404925913143,0.5007752340845711,0.48225579736257995,0.8617116083703629,0.637153692303512
785,0.2688790739415749,0.3075404925913143,0.5007752340845711,0.48225579736257995,0.8617116083703629,0.637153692303512
786,0.2688790739415749,0.3075404925913143,0.5007752340845711,0.48225579736257995,0.8617116083703629,0.637153692303512
787,0.2688790739415749,0.3075404925913143,0.5007752340845711,0.48225579736257995,0.8617116083703629,0.637153692303512
788,0.2688790739415749,0.3075404925913143,0.5007752340845711,0.48225579736257995,0.8617116083703629,0.637153692303512
789,0.2688790739415749,0.3075404925913143,0.5007752340845711,0.48225579736257995,0.8617116083703629,0.637153692303512
790,0.2688790739415749,0.3075404925913143,0.5007752340845711,0.48225579736257995,0.8617116083703629,0.637153692303512
791,0.2688790739415749,0.3075404925913143,0.5007752340845711,0.48225579736257995,0.8617116083703629,0.637153692303512
792,0.2688790739415749,0.3075404925913143,0.5007752340845711,0.48225579736257995,0.8617116083703629,0.637153692303512
793,0.2688790739415749,0.3075404925913143,0.5007752340845711,0.48225579736257995,0.8617116083703629,0.637153692303512
794,0.2688790739415749,0.3075404925913143,0.5007752340845711,0.48225579736257995,0.8617116083703629,0.637153692303512
795,0.2688790739415749,0.3075404925913143,0.5007752340845711,0.48225579736257995,0.8617116083703629,0.637153692303512
796,0.2688790739415749,0.3075404925913143,0.5007752340845711,0.48225579736257995,0.8617116083703629,0.637153692303512
797,0.2688790739415749,0.3075404925913143,0.5007752340845711,0.48225579736257995,0.8617116083703629,0.637153692303512
798,0.2688790739415749,0.3075404925913143,0.5007752340845711,0.48225579736257995,0.8617116083703629,0.637153692303512
799,0.2688790739415749,0.3075404925913143,0.5007752340845711,0.48225579736257995,0.8617116083703629,0.637153692303512
800,0.2688790739415749,0.3075404925913143,0.5007752340845711,0.48225579736257995,0.8617116083703629,0.637153692303512
801,0.2688790739415749,0.3075404925913143,0.5007752340845711,0.48225579736257995,0.8617116083703629,0.637153692303512
802,0.2688790739415749,0.3075404925913143,0.5007752340845711,0.48225579736257995,0.8617116083703629,0.637153692303512
803,0.2688790739415749,0.3075404925913143,0.5007752340845711,0.48225579736257995,0.8617116083703629,0.637153692303512
804,0.2688790739415749,0.3075404925913143,0.5007752340845711,0.48225579736257995,0.8617116083703629,0.637153692303512
805,0.2688790739415749,0.3075404925913143,0.5007752340845711,0.48225579736257995,0.8617116083703629,0.637153692303512
806,0.2688790739415749,0.3075404925913143,0.5007752340845711,0.48225579736257995,0.8617116083703629,0.637153692303512
807,0.2688790739415749,0.3075404925913143,0.5007752340845711,0.48225579736257995,0.8617116083703629,0.637153692303512
808,0.2688790739415749,0.3075404925913143,0.5007752340845711,0.48225579736257995,0.8617116083703629,0.637153692303512
809,0.2688790739415749,0.3075404925913143,0.5007752340845711,0.48225579736257995,0.8617116083703629,0.637153692303512
810,0.2688790739415749,0.3075404925913143,0.5007752340845711,0.48225579736257995,0.8617116083703629,0.637153692303512
811,0.2688790739415749,0.3075404925913143,0.5007752340845711,0.48225579736257995,0.8617116083703629,0.637153692303512
812,0.2688790739415749,0.3075404925913143,0.5007752340845711,0.48225579736257995,0.8617116083703629,0.637153692303512
813,0.2688790739415749,0.3075404925913143,0.5007752340845711,0.48225579736257995,0.8617116083703629,0.637153692303512
814,0.2688790739415749,0.3075404925913143,0.5007752340845711,0.48225579736257995,0.8617116083703629,0.637153692303512
815,0.2688790739415749,0.3075404925913143,0.5007752340845711,0.48225579736257995,0.8617116083703629,0.637153692303512
816,0.2688790739415749,0.3075404925913143,0.5007752340845711,0.48225579736257995,0.8617116083703629,0.637153692303512
817,0.2688790739415749,0.3075404925913143,0.5007752340845711,0.48225579736257995,0.8617116083703629,0.637153692303512
818,0.2688790739415749,0.3075404925913143,0.5007752340845711,0.48225579736257995,0.8617116083703629,0.637153692303512
819,0.2688790739415749,0.3075404925913143,0.5007752340845711,0.48225579736257995,0.8617116083703629,0.637153692303512
820,0.2688790739415749,0.3075404925913143,0.5007752340845711,0.48225579736257995,0.8617116083703629,0.637153692303512
821,0.2688790739415749,0.3075404925913143,0.5007752340845711,0.48225579736257995,0.8617116083703629,0.637153692303512
822,0.2688790739415749,0.3075404925913143,0.5007752340845711,0.48225579736257995,0.8617116083703629,0.637153692303512
823,0.2688790739415749,0.3075404925913143,0.5007752340845711,0.48225579736257995,0.8617116083703629,0.637153692303512
824,0.2688790739415749,0.3075404925913143,0.5007752340845711,0.48225579736257995,0.8617116083703629,0.637153692303512
825,0.2688790739415749,0.3075404925913143,0.5007752340845711,0.48225579736257995,0.8617116083703629,0.637153692303512
826,0.2688790739415749,0.3075404925913143,0.5007752340845711,0.48225579736257995,0.8617116083703629,0.637153692303512
827,0.2688790739415749,0.3075404925913143,0.5007752340845711,0.48225579736257995,0.8617116083703629,0.637153692303512
828,0.2688790739415749,0.3075404925913143,0.5007752340845711,0.48225579736257995,0.8617116083703629,0.637153692303512
829,0.2688790739415749,0.3075404925913143,0.5007752340845711,0.48225579736257995,0.8617116083703629,0.637153692303512
830,0.2688790739415749,0.3075404925913143,0.5007752340845711,0.48225579736257995,0.8617116083703629,0.637153692303512
831,0.2688790739415749,0.3075404925913143,0.5007752340845711,0.48225579736257995,0.8617116083703629,0.637153692303512
832,0.2688790739415749,0.3075404925913143,0.5007752340845711,0.48225579736257995,0.8617116083703629,0.637153692303512
833,0.2688790739415749,0.3075404925913143,0.5007752340845711,0.48225579736257995,0.8617116083703629,0.637153692303512
834,0.2688790739415749,0.3075404925913143,0.5007752340845711,0.48225579736257995,0.8617116083703629,0.637153692303512
835,0.2688790739415749,0.3075404925913143,0.5007752340845711,0.48225579736257995,0.8617116083703629,0.637153692303512
836,0.2688790739415749,0.3075404925913143,0.5007752340845711,0.48225579736257995,0.8617116083703629,0.637153692303512
837,0.2688790739415749,0.3075404925913143,0.5007752340845711,0.48225579736257995,0.8617116083703629,0.637153692303512
838,0.2688790739415749,0.3075404925913143,0.5007752340845711,0.48225579736257995,0.8617116083703629,0.637153692303512
839,0.2688790739415749,0.3075404925913143,0.5007752340845711,0.48225579736257995,0.8617116083703629,0.637153692303512
840,0.2688790739415749,0.3075404925913143,0.5007752340845711,0.48225579736257995,0.8617116083703629,0.637153692303512
841,0.2688790739415749,0.3075404925913143,0.5007752340845711,0.48225579736257995,0.8617116083703629,0.637153692303512
842,0.2688790739415749,0.3075404925913143,0.5007752340845711,0.48225579736257995,0.8617116083703629,0.637153692303512
843,0.2688790739415749,0.3075404925913143,0.5007752340845711,0.48225579736257995,0.8617116083703629,0.637153692303512
844,0.2688790739415749,0.3075404925913143,0.5007752340845711,0.48225579736257995,0.8617116083703629,0.637153692303512
845,0.2688790739415749,0.3075404925913143,0.5007752340845711,0.48225579736257995,0.8617116083703629,0.637153692303512
846,0.2688790739415749,0.3075404925913143,0.5007752340845711,0.48225579736257995,0.8617116083703629,0.637153692303512
847,0.2688790739415749,0.3075404925913143,0.5007752340845711,0.48225579736257995,0.8617116083703629,0.637153692303512
848,0.2688790739415749,0.3075404925913143,0.5007752340845711,0.48225579736257995,0.8617116083703629,0.637153692303512
849,0.2688790739415749,0.3075404925913143,0.5007752340845711,0.48225579736257995,0.8617116083703629,0.637153692303512
850,0.2688790739415749,0.3075404925913143,0.5007752340845711,0.48225579736257995,0.8617116083703629,0.637153692303512
851,0.2688790739415749,0.3075404925913143,0.5007752340845711,0.48225579736257995,0.8617116083703629,0.637153692303512
852,0.2688790739415749,0.3075404925913143,0.5007752340845711,0.48225579736257995,0.8617116083703629,0.637153692303512
853,0.2688790739415749,0.3075404925913143,0.5007752340845711,0.48225579736257995,0.8617116083703629,0.637153692303512
854,0.2688790739415749,0.3075404925913143,0.5007752340845711,0.48225579736257995,0.8617116083703629,0.637153692303512
855,0.2688790739415749,0.3075404925913143,0.5007752340845711,0.48225579736257995,0.8617116083703629,0.637153692303512
856,0.2688790739415749,0.3075404925913143,0.5007752340845711,0.48225579736257995,0.8617116083703629,0.637153692303512
857,0.2688790739415749,0.3075404925913143,0.5007752340845711,0.48225579736257995,0.8617116083703629,0.637153692303512
858,0.2688790739415749,0.3075404925913143,0.5007752340845711,0.48225579736257995,0.8617116083703629,0.637153692303512
859,0.2688790739415749,0.3075404925913143,0.5007752340845711,0.48225579736257995,0.8617116083703629,0.637153692303512
860,0.2688790739415749,0.3075404925913143,0.5007752340845711,0.48225579736257995,0.8617116083703629,0.637153692303512
861,0.2688790739415749,0.3075404925913143,0.5007752340845711,0.48225579736257995,0.8617116083703629,0.637153692303512
862,0.2688790739415749,0.3075404925913143,0.5007752340845711,0.48225579736257995,0.8617116083703629,0.637153692303512
863,0.2688790739415749,0.3075404925913143,0.5007752340845711,0.48225579736257995,0.8617116083703629,0.637153692303512
864,0.2688790739415749,0.3075404925913143,0.5007752340845711,0.48225579736257995,0.8617116083703629,0.637153692303512
865,0.2688790739415749,0.3075404925913143,0.5007752340845711,0.48225579736257995,0.8617116083703629,0.637153692303512
866,0.2688790739415749,0.3075404925913143,0.5007752340845711,0.48225579736257995,0.8617116083703629,0.637153692303512
867,0.2688790739415749,0.3075404925913143,0.5007752340845711,0.48225579736257995,0.8617116083703629,0.637153692303512
868,0.2688790739415749,0.3075404925913143,0.5007752340845711,0.48225579736257995,0.8617116083703629,0.637153692303512
869,0.2688790739415749,0.3075404925913143,0.5007752340845711,0.48225579736257995,0.8617116083703629,0.637153692303512
870,0.2688790739415749,0.3075404925913143,0.5007752340845711,0.48225579736257995,0.8617116083703629,0.637153692303512
871,0.2688790739415749,0.3075404925913143,0.5007752340845711,0.48225579736257995,0.8617116083703629,0.637153692303512
872,0.2688790739415749,0.3075404925913143,0.5007752340845711,0.48225579736257995,0.8617116083703629,0.637153692303512
873,0.2688790739415749,0.3075404925913143,0.5007752340845711,0.48225579736257995,0.8617116083703629,0.637153692303512
874,0.2688790739415749,0.3075404925913143,0.5007752340845711,0.48225579736257995,0.8617116083703629,0.637153692303512
875,0.2688790739415749,0.3075404925913143,0.5007752340845711,0.48225579736257995,0.8617116083703629,0.637153692303512
876,0.2688790739415749,0.3075404925913143,0.5007752340845711,0.48225579736257995,0.8617116083703629,0.637153692303512
877,0.2688790739415749,0.3075404925913143,0.5007752340845711,0.48225579736257995,0.8617116083703629,0.637153692303512
878,0.2688790739415749,0.3075404925913143,0.5007752340845711,0.48225579736257995,0.8617116083703629,0.637153692303512
879,0.2688790739415749,0.3075404925913143,0.5007752340845711,0.48225579736257995,0.8617116083703629,0.637153692303512
880,0.2688790739415749,0.3075404925913143,0.5007752340845711,0.48225579736257995,0.8617116083703629,0.637153692303512
881,0.2688790739415749,0.3075404925913143,0.5007752340845711,0.48225579736257995,0.8617116083703629,0.637153692303512
882,0.2688790739415749,0.3075404925913143,0.5007752340845711,0.48225579736257995,0.8617116083703629,0.637153692303512
883,0.2688790739415749,0.3075404925913143,0.5007752340845711,0.48225579736257995,0.8617116083703629,0.637153692303512
884,0.2688790739415749,0.3075404925913143,0.5007752340845711,0.48225579736257995,0.8617116083703629,0.637153692303512
885,0.2688790739415749,0.3075404925913143,0.5007752340845711,0.48225579736257995,0.8617116083703629,0.637153692303512
886,0.2688790739415749,0.3075404925913143,0.5007752340845711,0.48225579736257995,0.8617116083703629,0.637153692303512
887,0.2688790739415749,0.3075404925913143,0.5007752340845711,0.48225579736257995,0.8617116083703629,0.637153692303512
888,0.2688790739415749,0.3075404925913143,0.5007752340845711,0.48225579736257995,0.8617116083703629,0.637153692303512
889,0.2688790739415749,0.3075404925913143,0.5007752340845711,0.48225579736257995,0.8617116083703629,0.637153692303512
890,0.2688790739415749,0.3075404925913143,0.5007752340845711,0.48225579736257995,0.8617116083703629,0.637153692303512
891,0.2688790739415749,0.3075404925913143,0.5007752340845711,0.48225579736257995,0.8617116083703629,0.637153692303512
892,0.2688790739415749,0.3075404925913143,0.5007752340845711,0.48225579736257995,0.8617116083703629,0.637153692303512
893,0.2688790739415749,0.3075404925913143,0.5007752340845711,0.48225579736257995,0.8617116083703629,0.637153692303512
894,0.2688790739415749,0.3075404925913143,0.5007752340845711,0.48225579736257995,0.8617116083703629,0.637153692303512
895,0.2688790739415749,0.3075404925913143,0.5007752340845711,0.48225579736257995,0.8617116083703629,0.637153692303512
896,0.2688790739415749,0.3075404925913143,0.5007752340845711,0.48225579736257995,0.8617116083703629,0.637153692303512
897,0.2688790739415749,0.3075404925913143,0.5007752340845711,0.48225579736257995,0.8617116083703629,0.637153692303512
898,0.2688790739415749,0.3075404925913143,0.5007752340845711,0.48225579736257995,0.8617116083703629,0.637153692303512
899,0.2688790739415749,0.3075404925913143,0.5007752340845711,0.48225579736257995,0.8617116083703629,0.637153692303512
900,0.2688790739415749,0.3075404925913143,0.5007752340845711,0.48225579736257995,0.8617116083703629,0.637153692303512
901,0.2688790739415749,0.3075404925913143,0.5007752340845711,0.48225579736257995,0.8617116083703629,0.637153692303512
902,0.2688790739415749,0.3075404925913143,0.5007752340845711,0.48225579736257995,0.8617116083703629,0.637153692303512
903,0.2688790739415749,0.3075404925913143,0.5007752340845711,0.48225579736257995,0.8617116083703629,0.637153692303512
904,0.2688790739415749,0.3075404925913143,0.5007752340845711,0.48225579736257995,0.8617116083703629,0.637153692303512
905,0.2688790739415749,0.3075404925913143,0.5007752340845711,0.48225579736257995,0.8617116083703629,0.637153692303512
906,0.2688790739415749,0.3075404925913143,0.5007752340845711,0.48225579736257995,0.8617116083703629,0.637153692303512
907,0.2688790739415749,0.3075404925913143,0.5007752340845711,0.48225579736257995,0.8617116083703629,0.637153692303512
908,0.2688790739415749,0.3075404925913143,0.5007752340845711,0.48225579736257995,0.8617116083703629,0.637153692303512
909,0.2688790739415749,0.3075404925913143,0.5007752340845711,0.48225579736257995,0.8617116083703629,0.637153692303512
910,0.2688790739415749,0.3075404925913143,0.5007752340845711,0.48225579736257995,0.8617116083703629,0.637153692303512
911,0.2688790739415749,0.3075404925913143,0.5007752340845711,0.48225579736257995,0.8617116083703629,0.637153692303512
912,0.2688790739415749,0.3075404925913143,0.5007752340845711,0.48225579736257995,0.8617116083703629,0.637153692303512
913,0.2688790739415749,0.3075404925913143,0.5007752340845711,0.48225579736257995,0.8617116083703629,0.637153692303512
914,0.2688790739415749,0.3075404925913143,0.5007752340845711,0.48225579736257995,0.8617116083703629,0.637153692303512
915,0.2688790739415749,0.3075404925913143,0.5007752340845711,0.48225579736257995,0.8617116083703629,0.637153692303512
916,0.2688790739415749,0.3075404925913143,0.5007752340845711,0.48225579736257995,0.8617116083703629,0.637153692303512
917,0.2688790739415749,0.3075404925913143,0.5007752340845711,0.48225579736257995,0.8617116083703629,0.637153692303512
918,0.2688790739415749,0.3075404925913143,0.5007752340845711,0.48225579736257995,0.8617116083703629,0.637153692303512
919,0.2688790739415749,0.3075404925913143,0.5007752340845711,0.48225579736257995,0.8617116083703629,0.637153692303512
920,0.2688790739415749,0.3075404925913143,0.5007752340845711,0.48225579736257995,0.8617116083703629,0.637153692303512
921,0.2688790739415749,0.3075404925913143,0.5007752340845711,0.48225579736257995,0.8617116083703629,0.637153692303512
922,0.2688790739415749,0.3075404925913143,0.5007752340845711,0.48225579736257995,0.8617116083703629,0.637153692303512
923,0.2688790739415749,0.3075404925913143,0.5007752340845711,0.48225579736257995,0.8617116083703629,0.637153692303512
924,0.2688790739415749,0.3075404925913143,0.5007752340845711,0.48225579736257995,0.8617116083703629,0.637153692303512
925,0.2688790739415749,0.3075404925913143,0.5007752340845711,0.48225579736257995,0.8617116083703629,0.637153692303512
926,0.2688790739415749,0.3075404925913143,0.5007752340845711,0.48225579736257995,0.8617116083703629,0.637153692303512
927,0.2688790739415749,0.3075404925913143,0.5007752340845711,0.48225579736257995,0.8617116083703629,0.637153692303512
928,0.2688790739415749,0.3075404925913143,0.5007752340845711,0.48225579736257995,0.8617116083703629,0.637153692303512
929,0.2688790739415749,0.3075404925913143,0.5007752340845711,0.48225579736257995,0.8617116083703629,0.637153692303512
930,0.2688790739415749,0.3075404925913143,0.5007752340845711,0.48225579736257995,0.8617116083703629,0.637153692303512
931,0.2688790739415749,0.3075404925913143,0.5007752340845711,0.48225579736257995,0.8617116083703629,0.637153692303512
932,0.2688790739415749,0.3075404925913143,0.5007752340845711,0.48225579736257995,0.8617116083703629,0.637153692303512
933,0.2688790739415749,0.3075404925913143,0.5007752340845711,0.48225579736257995,0.8617116083703629,0.637153692303512
934,0.2688790739415749,0.3075404925913143,0.5007752340845711,0.48225579736257995,0.8617116083703629,0.637153692303512
935,0.2688790739415749,0.3075404925913143,0.5007752340845711,0.48225579736257995,0.8617116083703629,0.637153692303512
936,0.2688790739415749,0.3075404925913143,0.5007752340845711,0.48225579736257995,0.8617116083703629,0.637153692303512
937,0.2688790739415749,0.3075404925913143,0.5007752340845711,0.48225579736257995,0.8617116083703629,0.637153692303512
938,0.2688790739415749,0.3075404925913143,0.5007752340845711,0.48225579736257995,0.8617116083703629,0.637153692303512
939,0.2688790739415749,0.3075404925913143,0.5007752340845711,0.48225579736257995,0.8617116083703629,0.637153692303512
940,0.2688790739415749,0.3075404925913143,0.5007752340845711,0.48225579736257995,0.8617116083703629,0.637153692303512
941,0.2688790739415749,0.3075404925913143,0.5007752340845711,0.48225579736257995,0.8617116083703629,0.637153692303512
942,0.2688790739415749,0.3075404925913143,0.5007752340845711,0.48225579736257995,0.8617116083703629,0.637153692303512
943,0.2688790739415749,0.3075404925913143,0.5007752340845711,0.48225579736257995,0.8617116083703629,0.637153692303512
944,0.2688790739415749,0.3075404925913143,0.5007752340845711,0.48225579736257995,0.8617116083703629,0.637153692303512
945,0.2688790739415749,0.3075404925913143,0.5007752340845711,0.48225579736257995,0.8617116083703629,0.637153692303512
946,0.2688790739415749,0.3075404925913143,0.5007752340845711,0.48225579736257995,0.8617116083703629,0.637153692303512
947,0.2688790739415749,0.3075404925913143,0.5007752340845711,0.48225579736257995,0.8617116083703629,0.637153692303512
948,0.2688790739415749,0.3075404925913143,0.5007752340845711,0.48225579736257995,0.8617116083703629,0.637153692303512
949,0.2688790739415749,0.3075404925913143,0.5007752340845711,0.48225579736257995,0.8617116083703629,0.637153692303512
950,0.2688790739415749,0.3075404925913143,0.5007752340845711,0.48225579736257995,0.8617116083703629,0.637153692303512
951,0.2688790739415749,0.3075404925913143,0.5007752340845711,0.48225579736257995,0.8617116083703629,0.637153692303512
952,0.2688790739415749,0.3075404925913143,0.5007752340845711,0.48225579736257995,0.8617116083703629,0.637153692303512
953,0.2688790739415749,0.3075404925913143,0.5007752340845711,0.48225579736257995,0.8617116083703629,0.637153692303512
954,0.2688790739415749,0.3075404925913143,0.5007752340845711,0.48225579736257995,0.8617116083703629,0.637153692303512
955,0.2688790739415749,0.3075404925913143,0.5007752340845711,0.48225579736257995,0.8617116083703629,0.637153692303512
956,0.2688790739415749,0.3075404925913143,0.5007752340845711,0.48225579736257995,0.8617116083703629,0.637153692303512
957,0.2688790739415749,0.3075404925913143,0.5007752340845711,0.48225579736257995,0.8617116083703629,0.637153692303512
958,0.2688790739415749,0.3075404925913143,0.5007752340845711,0.48225579736257995,0.8617116083703629,0.637153692303512
959,0.2688790739415749,0.3075404925913143,0.5007752340845711,0.48225579736257995,0.8617116083703629,0.637153692303512
960,0.2688790739415749,0.3075404925913143,0.5007752340845711,0.48225579736257995,0.8617116083703629,0.637153692303512
961,0.2688790739415749,0.3075404925913143,0.5007752340845711,0.48225579736257995,0.8617116083703629,0.637153692303512
962,0.2688790739415749,0.3075404925913143,0.5007752340845711,0.48225579736257995,0.8617116083703629,0.637153692303512
963,0.2688790739415749,0.3075404925913143,0.5007752340845711,0.48225579736257995,0.8617116083703629,0.637153692303512
964,0.2688790739415749,0.3075404925913143,0.5007752340845711,0.48225579736257995,0.8617116083703629,0.637153692303512
965,0.2688790739415749,0.3075404925913143,0.5007752340845711,0.48225579736257995,0.8617116083703629,0.637153692303512
966,0.2688790739415749,0.3075404925913143,0.5007752340845711,0.48225579736257995,0.8617116083703629,0.637153692303512
967,0.2688790739415749,0.3075404925913143,0.5007752340845711,0.48225579736257995,0.8617116083703629,0.637153692303512
968,0.2688790739415749,0.3075404925913143,0.5007752340845711,0.48225579736257995,0.8617116083703629,0.637153692303512
969,0.2688790739415749,0.3075404925913143,0.5007752340845711,0.48225579736257995,0.8617116083703629,0.637153692303512
970,0.2688790739415749,0.3075404925913143,0.5007752340845711,0.48225579736257995,0.8617116083703629,0.637153692303512
971,0.2688790739415749,0.3075404925913143,0.5007752340845711,0.48225579736257995,0.8617116083703629,0.637153692303512
972,0.2688790739415749,0.3075404925913143,0.5007752340845711,0.48225579736257995,0.8617116083703629,0.637153692303512
