0,0.5,0.5,0.5,0.5,0.5,0.5
1,0.5256807960833313,0.5044396136676594,0.5229974124838274,0.4970003375021094,0.5229974124838274,0.4970003375021094
2,0.5327617584762949,0.5142910539282844,0.5364932437386171,0.503297846671449,0.5302520344222905,0.49954268632403875
3,0.5555396140127712,0.5161552437028222,0.5497307951532322,0.499655904184807,0.5342529926346524,0.4952444901056049
4,0.5577714581447043,0.5211571100600216,0.5686593985100153,0.5102002518811821,0.5562373938589168,0.5030182946652354
5,0.573847428063857,0.5378914719686494,0.562982394756238,0.5051068537017154,0.5536805790179056,0.504983554987136
6,0.582846538895114,0.5505803927753503,0.5754306909687519,0.5119320651475584,0.554179157342381,0.5039008884099089
7,0.5938796257708624,0.559985941578905,0.6008997118421383,0.5154977843970012,0.5486548004715882,0.49887773286893383
8,0.6052135977752282,0.5748957183752824,0.6076705978116399,0.5175271973028007,0.5758651599430262,0.5209918111163229
9,0.6288086964467435,0.5810736361715294,0.6110643909212338,0.5128877508617204,0.5984550117449858,0.5173372586564392
10,0.6386129408552869,0.5864457652413064,0.6411813801922644,0.5113537567017188,0.6205408125357403,0.5239157524500869
11,0.644151818493957,0.5957095043595718,0.6348170204602966,0.5062780646144548,0.6237144636713066,0.5292342165801308
12,0.6606424869095983,0.6128862056397238,0.6362867502078708,0.5034097173434681,0.6252942485825134,0.5261383145066758
13,0.6708821537359199,0.6164165432402537,0.6398868167616191,0.508325012754152,0.6280194645829913,0.5219144700880994
14,0.6792728425073201,0.6283212489752859,0.6424654943840485,0.5141641311677564,0.6307154215182369,0.5276192909744519
15,0.6836174493318687,0.634822156416415,0.645992865839887,0.5189573009150763,0.6368198219091259,0.5396846245831105
16,0.6957839177453108,0.6410088906026998,0.657689211101726,0.5154845771877192,0.6486065038653782,0.536007776911909
17,0.7004833123411109,0.6425920226023273,0.6512246362683974,0.5104177636101109,0.661168537305889,0.5314603526683331
18,0.709195251092717,0.6568931322448527,0.664481320609241,0.5250034314737795,0.6546829248949622,0.5262470890827728
19,0.7140894957564653,0.6632164844851037,0.6677654942231116,0.5296528632129169,0.6549863596611205,0.533961101297652
20,0.7142730892505835,0.6646393967881925,0.668390254873011,0.5271000514104518,0.6726486283538158,0.5437525412049258
21,0.7210934645043998,0.6734444653336666,0.6755924437023595,0.5472228891845408,0.6729520872013179,0.5510838781789579
22,0.7274046701706604,0.6774226522527759,0.6690262744676478,0.5419043600432105,0.6741328054287797,0.54772572691367
23,0.732652844607854,0.6809362636141068,0.6631874194270211,0.545698458608975,0.6947396973188352,0.544356095451173
24,0.737283243532342,0.6842142262758114,0.6750338358719055,0.5415003738285022,0.7154100619932552,0.5407097972576339
25,0.7426060146422537,0.6905852806530547,0.6845136866841727,0.5395736058518824,0.7165068695307768,0.5371438397754379
26,0.7487733340797498,0.6960376932568634,0.6945224956488508,0.5370231801086028,0.7109422273258772,0.5402756830369301
27,0.753784820828856,0.7018139141606957,0.6954858807466691,0.5338408471186008,0.7193673902983088,0.539026246970874
28,0.7549007554220148,0.7057203540016328,0.7229800524041965,0.5328149308835078,0.7380988847756601,0.5369323290720958
29,0.7628763453620347,0.7088476176393321,0.7539101042783293,0.5470584049648418,0.7779970350490891,0.5325027079970326
30,0.7677614513472456,0.7191117958703578,0.7693262099612281,0.5572552724390342,0.7818993236457286,0.535143563351713
31,0.7728876776803998,0.7224576073148583,0.7805217163147693,0.5618845966583225,0.7835193425775338,0.5305254002508547
32,0.774810812568245,0.7266915664341298,0.7731672206896107,0.5565902176274883,0.7812927033566464,0.529792953022802
33,0.7766486096424923,0.7325638917324365,0.7734921378131836,0.553169686155832,0.7967074680356101,0.530232955962541
34,0.775746603288458,0.7335151196753963,0.7737079195850104,0.5498990823354457,0.8135090332259352,0.5384313977371192
35,0.7799422983219118,0.7352716848127208,0.7670917119908712,0.5535009539486602,0.8326943100547538,0.5439122800912781
36,0.7801075177157692,0.7369579724701092,0.759975347630045,0.5483660862388517,0.8323283060174711,0.5407844780456783
37,0.7840595811968347,0.7392546275679188,0.7705031553871028,0.5442281290426676,0.8246388856118887,0.5357884696556574
38,0.7872947842032475,0.7425042567222662,0.7802897307735109,0.5499442438413963,0.8262520851563991,0.5400587726377681
39,0.7917557082238551,0.7479448472841981,0.7811895574679762,0.5460199453858244,0.8347771289776463,0.5373374166961717
40,0.7907355064888238,0.7491901616490096,0.774067180036751,0.5410416912619215,0.8387187166763811,0.5391205306632042
41,0.7907355064888238,0.7498002185181724,0.7814592559161954,0.5489404807535795,0.8311071061916091,0.5342278587791031
42,0.7930717167478984,0.755222883660161,0.8041733420102429,0.568404054384253,0.8339702912951185,0.5370972170148713
43,0.7957047359732737,0.7576155721895665,0.8231639082782332,0.5640418788338157,0.8439533585297266,0.5327674393316244
44,0.7977498739346063,0.7629950052228883,0.846065240609446,0.5645098474872245,0.8364048880244448,0.5280022716108167
45,0.8040914674936213,0.7672576565075806,0.8649154254969614,0.5687026623857634,0.8639224891121124,0.5239385134893892
46,0.8078276634650828,0.7740641207830239,0.8572584831637446,0.5636680389274841,0.8662231165258725,0.5270570436774262
47,0.8102126628517875,0.7739016701467937,0.8758751664544804,0.558956675031356,0.8847608591732351,0.5226680780756606
48,0.8109921238000585,0.7782689800932853,0.8906084028132999,0.5579318579680768,0.8994162707942733,0.5219610922307136
49,0.8124810436488992,0.781916565537263,0.8889570342288987,0.5556763796171194,0.89768818454605,0.5200189242388089
50,0.8132561625131226,0.783511575783841,0.8937910454386433,0.5556524687866079,0.8961832175767874,0.5179104331933351
51,0.8158023983965226,0.7848987835242084,0.9193937941625362,0.552013627149292,0.8970772272560362,0.5220619077880096
52,0.8164978660727712,0.7869315719939382,0.9177117768004608,0.549659914063517,0.9079641333122591,0.5247087902338605
53,0.8190364120998677,0.7892737717527786,0.9099020841164207,0.5449823288803585,0.9158607865139528,0.5216400691023938
54,0.8212262959962182,0.7913431135550492,0.9177608060758932,0.5501925759735561,0.9165724897930971,0.5256861812469223
55,0.8240456981678903,0.7923859743684067,0.9184520999746102,0.5539736092375014,0.9412881639844451,0.522470639487404
56,0.823927380171212,0.7925212578223576,0.9263157222395484,0.5505167716064778,0.9411933535549091,0.5186917147482555
57,0.8266720264017441,0.7934095531735822,0.9348693592905283,0.5463050772053566,0.9415027951536308,0.5145655326818817
58,0.8293326438679169,0.7966505912318492,0.9504592431395911,0.5432381571503615,0.9497512158910282,0.519047971302172
59,0.8304126875635653,0.8008426578493877,0.9659284377406953,0.5564870364413451,0.9639088144888188,0.5256219581596718
60,0.833672097583288,0.8059187706339498,0.9741096863998991,0.5521909899787724,0.9961652657509698,0.5219235568677406
61,0.8346781520816267,0.8071526819252688,0.9662396004711621,0.5477296951154922,1.0007625476854958,0.5212197676211792
62,0.8352830431694793,0.8089385285419448,0.9584875705242918,0.5433353223354332,1.011072224938406,0.5227682597399566
63,0.8365717674063687,0.8105448752841063,0.9659896723195552,0.5398016999329577,1.0336901458636678,0.5277617693917471
64,0.8362828731450249,0.8108729438022386,0.9741282188087053,0.5434802860160487,1.0491238471309425,0.5237050544632159
65,0.8375074504753922,0.811557692709784,0.9741799610515334,0.5393649197294884,1.056286309190512,0.5198966424212101
66,0.8387287882849263,0.8130810747232411,0.9815288712349852,0.5358066874520352,1.0782579412290114,0.5246049385547703
67,0.8376447810035962,0.8140480526323691,0.9807541236581445,0.5325805215764684,1.0835513905341918,0.5223830970676606
68,0.8375766162369609,0.8156012435485082,0.9824218688417042,0.5346476912296704,1.0752356718883673,0.5183740663022552
69,0.8350750662962452,0.8151258389057351,0.9897591407261083,0.5309878883445694,1.0744673366395474,0.5146325913745478
70,0.836343422839474,0.8188353780982618,0.996430689876672,0.5279370524651543,1.0875734683624205,0.5121856833284689
71,0.8370941139937288,0.8199728593434188,1.0097253661267656,0.5257015593102069,1.1082533401113852,0.524483600109634
72,0.8367549448599965,0.8210937089450664,1.0222169595283621,0.531531122910276,1.1062967452238168,0.5217365516249658
73,0.8379597738901039,0.8239917111848252,1.020357108376121,0.5293083403610048,1.1038169967737443,0.5195859818253256
74,0.8387898136463704,0.8242581363746919,1.0348169976436719,0.5254523126051871,1.117666684003742,0.5158010373539749
75,0.8406087915902051,0.8271224071592019,1.0273149854953803,0.5216429920765449,1.1215174153279062,0.514607519443754
76,0.8426670769208243,0.8271852230138153,1.0342693611871765,0.5179305211076862,1.1421347234598254,0.5109825030979607
77,0.8421917170211844,0.8273785160008271,1.0275777320363984,0.520687562349485,1.146891612164886,0.508697296453209
78,0.8417861121948909,0.8284571950481093,1.0264675022347136,0.5179255361201935,1.1458541898339407,0.5121673517589965
79,0.8423979676896579,0.8292039486002026,1.03993720635395,0.5146449937587834,1.1517216580210952,0.5156971513089308
80,0.8438535742430955,0.8309425954774723,1.0392292065773139,0.5115059071853227,1.156744169997112,0.5129817251908326
81,0.845864796790405,0.8302534649397573,1.0595414680479487,0.5149027351952364,1.162514372092861,0.5094817166167135
82,0.846646797825413,0.8298077335399119,1.0659239088079229,0.5114184240082249,1.1885927750310568,0.5060677699186849
83,0.8477937361727381,0.8300456401601131,1.0924432627931415,0.5079903678807376,1.1873159595031577,0.5026579894988663
84,0.8469945991276846,0.8306840949835096,1.0851426722865232,0.5045955648886613,1.1920915659575397,0.4999542281898822
85,0.849104713644847,0.8306512765455756,1.0779602525785905,0.501255711777775,1.1963256297404288,0.4977584736669134
86,0.8509564771475662,0.832027363842351,1.076723903502018,0.4986954165262036,1.1884839554837217,0.4944957668319369
87,0.8518907969984881,0.8304198121808504,1.0885775486038336,0.49608816769063985,1.1807699707599872,0.4912861881282708
88,0.8523171398632404,0.831893386787586,1.0824623621730514,0.4984461071559343,1.2009117649243162,0.4925308154508866
89,0.8523481704804888,0.832324508030094,1.0882684487455052,0.4953062545457562,1.2250032499155215,0.4894754408203941
90,0.8522444268386209,0.8329513264509334,1.1191880434217316,0.49219903685397864,1.2424707757060225,0.48640095374081466
91,0.8530995711527111,0.834890948449308,1.1211317535916743,0.4926775427661358,1.2347264823601038,0.48336922775393937
92,0.8532839311403708,0.8358787315608731,1.1324957882847493,0.4898641286693183,1.2455402381647425,0.49279966979224094
93,0.8543157676510398,0.8348894612577036,1.1377515119828903,0.4930173207262603,1.256131017213628,0.4899098814129396
94,0.8541182475496684,0.8352778883373331,1.1489875300267156,0.49005045797994473,1.2666521095854135,0.48696178532843637
95,0.8553118381614909,0.837007761100655,1.1637753725847177,0.4893686216028175,1.259645776509448,0.4894655121762428
96,0.855790837423564,0.8373858018640502,1.168600433556933,0.4865935213499458,1.2639042318617522,0.48668983928842674
97,0.8565356524411872,0.8391670683465309,1.167111877562904,0.48425208418837973,1.2730467556143963,0.4906964140347626
98,0.8556014080793771,0.8404567189961093,1.1652809920388907,0.4823173697833284,1.2804360703612976,0.4904540793647339
99,0.855848366017405,0.8410228084395388,1.1586194621587216,0.479560119306845,1.2731162373070921,0.4876503140302608
100,0.8563127762889209,0.8415407513014049,1.1633643212872244,0.47686038482891685,1.2885078159075367,0.4849157438080975
101,0.8579800670138222,0.8406055040851587,1.167983339033722,0.47425181099915975,1.2924275249973363,0.4822621561940919
102,0.8587374638052232,0.8407752797152208,1.1891439914111859,0.4716390836839683,1.2908107898523,0.47959959043650663
103,0.8591556376385509,0.8410625834905203,1.1990195963431565,0.46907539013451977,1.305587357579536,0.4769962274141891
104,0.8592263387557659,0.8410405441078753,1.1925497836366776,0.46654429729112945,1.3088758850922986,0.4748813433032094
105,0.8581909583681246,0.8414946629823499,1.1914096377527859,0.4641700627483244,1.3123341662427856,0.4725760983973687
106,0.8578745516563011,0.8414266504248864,1.188491395269154,0.46363437723965395,1.3087788398367033,0.4719961334255457
107,0.8564583826120001,0.8416404842570356,1.1823052412643522,0.4612211383462622,1.3164190936842841,0.47070200359024833
108,0.8566006213296942,0.8417831301717859,1.1915719044596698,0.4589291412104957,1.319705699609054,0.4683324653127531
109,0.8576004420812393,0.8409712939749037,1.185520305049982,0.4565983919626799,1.3283009744111511,0.4659539596933969
110,0.8583515673542537,0.8415983354099011,1.1894135823576102,0.45450016751358935,1.321638512747991,0.46361683847383967
111,0.8594669801284042,0.8421954522664241,1.1934284767114642,0.45224900359067227,1.3596701052493165,0.4613205901030107
112,0.8590807951591227,0.8423358464098166,1.1875918405185841,0.4500372138151971,1.3577960004478349,0.4591795398124249
113,0.8583373062666793,0.8424803142036705,1.1866786772707887,0.44787163011830966,1.3657045355152229,0.45698459183164825
114,0.8590411577681514,0.8429132417549159,1.1857875393490493,0.4457382090319082,1.3830205546417655,0.4548130996555868
115,0.8594744011831625,0.8433443549716956,1.1802087055297021,0.44364112223296315,1.3812185625133429,0.45737807160602484
116,0.8590249196441706,0.8428202217891999,1.1793719409745345,0.4462244679570221,1.3931885887987863,0.45544410789799245
117,0.8587693411074178,0.8439025763806796,1.1874851949468608,0.44440893148283866,1.3958927107461816,0.4580157186870272
118,0.859010753023393,0.8439986979068745,1.1909722020742555,0.44258623135766656,1.4030109682146612,0.4606533163636029
119,0.8581786210026836,0.8443764270098235,1.190048902831775,0.4406834172543426,1.4055310969358406,0.45874134020504687
120,0.8586423997079904,0.8449379925695858,1.1933113481768753,0.44344634390068005,1.3993461533991542,0.45672267935585265
121,0.8598373473694959,0.8451966451245411,1.2011509396845008,0.44152388858182035,1.4062914534113933,0.4547425982689842
122,0.8602270339798003,0.8465726940844184,1.1961320449384965,0.4437915768210359,1.416902480454445,0.45328820343900234
123,0.860113856245328,0.8462714335866645,1.1993466715879488,0.44209704367909125,1.410945713947463,0.45137477715770075
124,0.8602528371670652,0.846641299293141,1.2023198862164743,0.4406163731092281,1.405073890940738,0.4494958862114378
125,0.8607555634401856,0.8463974303920196,1.209691443623417,0.44291836091463055,1.415711158081462,0.4476636063542842
126,0.8614310101835229,0.846829284718995,1.2085182818675257,0.44145116468150225,1.4099835624376074,0.44585243072627534
127,0.8611422389697855,0.8477765548614022,1.2144397268494984,0.44091363297099123,1.4043605569536155,0.4440743740726681
128,0.8611219729269884,0.8478352712847785,1.2132497247455845,0.43952775537358435,1.4024240679968574,0.44267607612020365
129,0.8614339135835591,0.8481766299519223,1.2123547889299777,0.43789420175721955,1.4007963781536092,0.44103032769629913
130,0.862150863245881,0.848762855522343,1.2115442865217174,0.4400396118299972,1.3964313743173071,0.4421823003164002
131,0.8620775335757412,0.8491734680974928,1.2069883449422243,0.43838486855196485,1.391180175647483,0.44051949958380526
132,0.8631457598597415,0.8488036155599251,1.20251699297761,0.436760848691731,1.3933914182911968,0.4389317343671562
133,0.863456831531537,0.849834977865643,1.1991232559588434,0.43782181164330275,1.3936162995539592,0.4393187188310805
134,0.8643280306230176,0.849577470104285,1.1982630758401964,0.4363927979368439,1.3920571177063452,0.43788432676086425
135,0.8643635075086057,0.8505459454638982,1.207775146538498,0.438791993500388,1.3871300862327653,0.436334485181908
136,0.8648124822595694,0.850673358891883,1.2209903673840283,0.4372641276212623,1.3962355927851529,0.43829981221038644
137,0.8657907809675738,0.850769368968882,1.230526049813206,0.43576397976539805,1.401738594523183,0.4367960371899643
138,0.8658772628472982,0.8510240724667131,1.2263691970880468,0.43429192097632247,1.3985795507525047,0.4363577337112164
139,0.8659106370456868,0.8498043652974416,1.2288037035830846,0.43298579733677445,1.4036978155712294,0.43511631892814095
140,0.8664573000000012,0.8499879898659992,1.234596795940312,0.4348452477177003,1.4121894742492882,0.43697065389479245
141,0.8669121633928659,0.84947650271712,1.2338411927108694,0.4334446724363276,1.4108618700224844,0.4355632329795532
142,0.8668839402395646,0.8489721970365642,1.2394387856640472,0.43207093025979815,1.4127290743166347,0.43418277632212954
143,0.8665245951451545,0.8490934882911599,1.2449261575802577,0.43384455242037423,1.4207917638765206,0.43283411969496893
144,0.8668257478403757,0.8496143827206211,1.242148582763753,0.43453981867445374,1.4184593088242807,0.4325478518655002
145,0.8671714201542566,0.8497000729470171,1.2414146085794302,0.4332317666765769,1.4232221410762846,0.4312523075319536
146,0.8672652984076885,0.8493943298101646,1.2466330843124744,0.4319470265119721,1.4279010002590578,0.4299734425305491
147,0.867893475066745,0.8498077842620759,1.2546560751425717,0.43070010972407735,1.4295674429819603,0.4316407902077531
148,0.8676986795572906,0.8495421555446865,1.2567484366844797,0.4295108670483024,1.4311577582502566,0.4304488475073116
149,0.867179290317962,0.8496307446071986,1.2532017276565195,0.4282987310111285,1.4353687945536875,0.42945050676877955
150,0.8677633298567433,0.8497870351572943,1.260822164098235,0.4271108853483387,1.4397094665717836,0.42825935223626965
151,0.8677222964478261,0.8501217446393382,1.2642751371467489,0.4272362952315533,1.436643141739989,0.4316857639717629
152,0.8679358310943616,0.8494494727295455,1.268901261718697,0.426117712469901,1.4381354997991815,0.4305463641881913
153,0.8678034134177265,0.8502602878212796,1.273451282025205,0.4250055619263703,1.4422396858303632,0.4294225467104049
154,0.8672979362874245,0.850274030840651,1.2727433889368296,0.42649407053950295,1.4385083819129734,0.4283109375307864
155,0.8665274371551467,0.8505220836925536,1.2719942745539377,0.4254646390980521,1.4398258086608489,0.4273322625823776
156,0.8672118755777106,0.850664650845313,1.2737998182444188,0.42441510546531447,1.4412187866439348,0.4287701063640817
157,0.867133006285874,0.8505222718012376,1.270673037714011,0.42337329899810294,1.4391613408595685,0.4286920012622213
158,0.867520411157775,0.8507243870545376,1.2748369239953943,0.4223580827458906,1.4405098350448333,0.42766211426250456
159,0.8674060990943664,0.8517044673085913,1.2765426409346554,0.4237372020657955,1.446524884796557,0.42669489631137614
160,0.867329500559846,0.8525467787494674,1.2805368326592055,0.4227650908163326,1.4501238375786933,0.42571590789686914
161,0.8676342306148978,0.8523051397179434,1.2776133410266741,0.4217999095157985,1.4489969284931072,0.4248432590024137
162,0.8677886338616666,0.8525710924051827,1.2769911068546849,0.4230958697647401,1.4499420812389563,0.4241808770580108
163,0.8682227383534532,0.8524658263476392,1.278575668898417,0.4221711843148839,1.4511461119587226,0.423253804353902
164,0.8683595648435374,0.8524126702724616,1.2801306148132965,0.42126250263362713,1.4566445221467204,0.4223458199518971
165,0.8684728577768752,0.8526572521889775,1.2815408126166021,0.42048519058627526,1.4577383743193775,0.4236279044579481
166,0.8684666454717263,0.8534987029654034,1.285107532086854,0.4196180481328081,1.4609386312186168,0.42275422566542264
167,0.8685674969871655,0.8545275336392165,1.2843906275815402,0.4188968029498251,1.4636741920903802,0.42229673843675725
168,0.8685605708297508,0.8544812871486562,1.2878195552085323,0.4180640397738193,1.4647440331295465,0.42145519642354
169,0.8687634977241316,0.8547653484205278,1.2872542756391918,0.41920696596846974,1.4618672658592327,0.42062745554346775
170,0.8686072069236744,0.8552999259305901,1.288443666399787,0.4205094546954935,1.460793876322756,0.4200008028665258
171,0.8683926784596158,0.8553037826583796,1.2897791431521155,0.4197238545080737,1.4655779070967812,0.4211099059389907
172,0.8688704456049029,0.8554501217112939,1.2892421490119268,0.41894634666332287,1.472125569905035,0.42033030198742577
173,0.8690127343585923,0.8555459538896347,1.2941593014064914,0.41819252314613303,1.4712660919253553,0.41956853524658216
174,0.8690680727742148,0.8557347418154749,1.2918543889623475,0.4174477175031184,1.470426796541253,0.42060229359588985
175,0.8694208422474458,0.8559211724002194,1.2913336110807305,0.4167301184129085,1.471328929900707,0.41989041356333323
176,0.869407056141925,0.8559270400238692,1.291343796438575,0.4172195240973319,1.4688111083064732,0.41917188966316016
177,0.869507827836477,0.8562351865354004,1.29042774362629,0.41694718342243126,1.4675974095513804,0.41889627450529426
178,0.8693539550832747,0.856387675191054,1.289843162592694,0.41636914844261397,1.4668288851380453,0.41985135572236454
179,0.8694197039312282,0.8563935820730347,1.2892656859276472,0.415809319995122,1.4674661132258908,0.41939663938255944
180,0.8694549823216053,0.8566366416032377,1.2933795432108415,0.4153163523884177,1.465191544812813,0.4202719323536649
181,0.8696504681442319,0.8566366416032377,1.29756294194073,0.41467443235240914,1.466018153880424,0.4211679699402386
182,0.8693817863464193,0.8568653292838382,1.298585032780305,0.41408799520503464,1.4652919567033427,0.4205510256667511
183,0.8691790637336009,0.8570145400422062,1.3010521429171333,0.41352964360590233,1.4646020582719619,0.4214101934750171
184,0.8692030684124562,0.8570522955148907,1.3035172428278077,0.4129309735839878,1.463926863689641,0.4207988969646233
185,0.8690870815867344,0.8569781500257896,1.3044708109925258,0.412380544323063,1.4646706970146475,0.4216407014692697
186,0.8693010637765446,0.8573781339186003,1.3033616198243512,0.4124919055860109,1.4626319309413867,0.42105379360048334
187,0.8693603118162999,0.8568129625760595,1.302947925972302,0.4119301458136736,1.4674505064749217,0.42048164670596055
188,0.8693296425235157,0.8570782185535948,1.3037671348011677,0.41149122978288377,1.466771769474051,0.41997606861346626
189,0.8694169911639706,0.8571345731601812,1.303370598225326,0.4122594671129276,1.4661822759836627,0.4207343027840081
190,0.8696762702019277,0.8570751917257635,1.301705594041037,0.4117328220139124,1.4668331257524185,0.4202279125954989
191,0.8698764243810853,0.8572571972634714,1.3013284687447844,0.41246814292991585,1.4653470667841237,0.4206051649645057
192,0.8697743498025147,0.8571354976469823,1.2999402384788243,0.4129834387728959,1.4645747490364107,0.4202940114416129
193,0.8699002328736647,0.8571713504423503,1.3007245022917795,0.4125426216104863,1.4639923204882177,0.41981781833459864
194,0.8698937937753511,0.8573226768884087,1.3027009581900362,0.41207192313247626,1.4634453264739045,0.41933056219594617
195,0.8698000066405236,0.857469734741496,1.3023491722024012,0.4116056412989914,1.4663333581631603,0.4200111693173884
196,0.870038014081505,0.8570968040747221,1.302004411998066,0.41115130999543364,1.4669179489113673,0.4195537870720143
197,0.8700818170915425,0.8572103048327979,1.3038625542145108,0.4107015036564249,1.469689964528577,0.4190948389632227
198,0.8700184993134241,0.8573642693404085,1.3043009230291158,0.41056855188550695,1.4681175717314803,0.41864641546632025
199,0.8701354562240825,0.857499512982579,1.3071169817375383,0.41014277926588727,1.4676304632084636,0.41820942731896016
200,0.8701776025134252,0.8576047891429217,1.3063547787967733,0.41017161836473454,1.4661298811689687,0.41778182815751297
201,0.8702697970335017,0.8579386055827498,1.3070387436107331,0.4097709294910844,1.4676488866338113,0.4173781327492098
202,0.8704676226957626,0.8580146596071279,1.3057647948360305,0.41034486730027614,1.4701120550613682,0.4169803721052618
203,0.8705438632202342,0.85815006806116,1.3047859231568262,0.41064040296263354,1.470083425785639,0.4171167417319759
204,0.8706217653330794,0.8579967277682391,1.3035694635288766,0.4102575604879075,1.4704878908797565,0.416817441722984
205,0.8707197509480242,0.8578555700920647,1.3023822027116032,0.40988390742208713,1.470059381426696,0.41643781406956065
206,0.8707031356389389,0.8577412014339288,1.3029948404254958,0.40952724989208567,1.4687515547019285,0.4160673334554269
207,0.8707329568789756,0.8578668700618933,1.3041711429729221,0.4094696336878887,1.467475360141134,0.41570581358762093
208,0.8708135098193694,0.8578889084497068,1.30391166062631,0.4091235642776507,1.4679244650900145,0.41535583392389136
209,0.8708568772156268,0.8578416060895657,1.3043802920789673,0.4088927006566841,1.4667082000740277,0.4150116862722475
210,0.8708505130000102,0.8575206076865821,1.304067225574076,0.40862875759880685,1.4655885262306643,0.4154180836971603
211,0.8709583188277329,0.8577035804206794,1.3061886584400526,0.40831368207355717,1.465218928111547,0.41509192264068706
212,0.8707947354195288,0.8577974912806291,1.3059416530800643,0.4080098977569801,1.4663691279883606,0.4148048595112288
213,0.8708199310911251,0.8576031464164254,1.3087085227314321,0.4077153685145707,1.4660182435572715,0.4152451456528787
214,0.8709108592670797,0.8574622741557627,1.3077476204893985,0.40741600879855117,1.4655901060174,0.41502622700884967
215,0.8705692309234179,0.8574580048997958,1.306810680055546,0.40712411415002614,1.4651844144867048,0.414800998467295
216,0.8705145384100267,0.857493633183031,1.3072900661777482,0.40684469332680323,1.4655556958671738,0.4152126478078161
217,0.8706087621300593,0.8574433862121593,1.3077466738985242,0.40658302620190623,1.4652303320339088,0.41493738770579486
218,0.8706240685809135,0.8573812178541129,1.307079574075562,0.4074401494511567,1.4653832596163445,0.41486417069319853
219,0.8706466504099353,0.8573336842262359,1.3065481052429948,0.40815683025238864,1.4659040837576214,0.41506981207315424
220,0.8707157701724859,0.8573503478876142,1.3063541541531003,0.40853128576477327,1.4662360181295464,0.41481318478122453
221,0.8707344988977884,0.8574292511770748,1.307396127327593,0.408899094624856,1.4677933927846614,0.41456375214601615
222,0.8708256316997177,0.8574755626028528,1.3078125561943292,0.4086533175296653,1.4693161838674755,0.41431474823352804
223,0.8707992174943843,0.857430641841461,1.3070456547522233,0.4084136831745351,1.468888482114759,0.4142242887402491
224,0.8709635966028108,0.8573571269835758,1.308013311110986,0.40818027274361346,1.469763628800259,0.4139875569559434
225,0.8710329331224751,0.8570851159592291,1.308955466861427,0.4085104545549837,1.4706154356320618,0.4137576265163992
226,0.8711004421426354,0.8571410834359687,1.3087868663496427,0.40828952280572467,1.4714432012581986,0.4135355658735125
227,0.8710590165394383,0.8572082402089342,1.3096769885070314,0.4091362083818967,1.4717136308682495,0.41332599239091783
228,0.8710267643329381,0.8572706277530809,1.3105095864499336,0.40947945615647696,1.4714511419440597,0.41313228454557954
229,0.8710267643329381,0.8572835279205255,1.3107362689449702,0.4098955374597091,1.4707122455154784,0.4129248281368135
230,0.8710784637043771,0.8573589137230226,1.3110734130329875,0.4101841870897062,1.4739059651654212,0.4127228832674319
231,0.8710743471729726,0.8573475101404597,1.310448801093957,0.4099887701604093,1.474131725359717,0.41255117816136616
232,0.8711789885684755,0.8574309764466993,1.3112314196314483,0.4097998174591042,1.4743748634223215,0.4123606147034485
233,0.8711551823566905,0.857395564198662,1.3106390307329048,0.4096146778576171,1.4737087694832156,0.41217431818348366
234,0.871196549186978,0.8574571345549585,1.3100625201017386,0.40943450069904846,1.4730605296059343,0.41199301533628696
235,0.8712223175616454,0.8575011155405057,1.3107776125584636,0.4092677497758059,1.472855094425801,0.41181944983327684
236,0.8712394426912615,0.8575249065018329,1.3105935227531733,0.4091516978436,1.4722436543719621,0.4116479297306937
237,0.8712702978990258,0.8575162416981706,1.310476913438085,0.40978771509341055,1.473240980374543,0.4119148297734709
238,0.8713356614748549,0.8575871377388502,1.3115365400645924,0.4096281908217922,1.4730535647341423,0.4117527622494628
239,0.87139899363962,0.8576171296683431,1.3114148284859484,0.4094728340837607,1.4732519740148924,0.4115986098710646
240,0.871407073057294,0.8576413082434143,1.310924612987087,0.4093197704419058,1.472915140451833,0.4116046804589195
241,0.8714283484083887,0.8576141012575862,1.3108069469467913,0.409175515062194,1.4734612819106152,0.41182784746357265
242,0.871386670154131,0.8576837886248406,1.310989591537202,0.4090919240522716,1.4729400587875487,0.41168216722110984
243,0.8714044827745665,0.8577103090672956,1.3115677047502234,0.40929822908952984,1.4731198972648905,0.41188608110807545
244,0.8714327788969394,0.8577369468808772,1.3112336519853478,0.40939108263148555,1.4731913963098329,0.41218765518442363
245,0.8713484735458779,0.8578965511562553,1.3111247560391464,0.4092655161809223,1.4736652596331707,0.41207644482944267
246,0.871356525412964,0.8579213629524147,1.3113304515711726,0.4094646143977856,1.4731990780528774,0.4119460879203709
247,0.8714254115402293,0.857977019954556,1.3115359296853981,0.40934500227132803,1.47305039479182,0.41182255584878014
248,0.8714801926974678,0.8580076470432987,1.3123376778595148,0.4092245825024257,1.4726100355800824,0.4116994440688201
249,0.8714805719144909,0.857986076937175,1.3119563697396617,0.4091056796782637,1.472747932089253,0.4115951622497558
250,0.8715078189211056,0.8580221475284262,1.3124314026158006,0.40899178254508056,1.4726139009970447,0.4114794807543068
251,0.8715012880700378,0.8580225321900108,1.3120994926194918,0.40912574450325356,1.4727022038624427,0.41142298098057706
252,0.8715691446967712,0.8580566608618749,1.3120158782144309,0.40901708441130286,1.4731081412340183,0.41131452941200547
253,0.8715823947679147,0.8580498468746548,1.3124520747277826,0.4091711270643151,1.4732436277038372,0.411208982875301
254,0.8715329047802604,0.8580482933448014,1.3121218860404835,0.40906818717041143,1.4736137127414644,0.411119820789275
255,0.8715373567495127,0.8580732113057563,1.3125341044616399,0.40896844932516363,1.4739864784390917,0.4110195898520204
256,0.8715594269235466,0.8580914062094738,1.3126965291480388,0.4088721131648374,1.4741105898501057,0.41092276694808094
257,0.8715671604675074,0.8581029386423629,1.3126232801104445,0.4087790899248813,1.4744601038465004,0.4108316610800728
258,0.8715592584321167,0.8580969903192714,1.3129993451963542,0.40868908867047005,1.474353466409706,0.4107402299926408
259,0.8715702674257082,0.8581135986906951,1.3131466828780636,0.408602201041455,1.474249536702465,0.4106519565162175
260,0.8715388223586834,0.8581183009068719,1.3130806592902933,0.4087268908645368,1.4741458803830694,0.41056904093624425
261,0.8715331848248454,0.8580654023704877,1.3134230641268425,0.408646053013006,1.474251621938735,0.4104868916850551
262,0.8715202697642038,0.8580803323672627,1.313360607748621,0.40856510900739956,1.4749509765046132,0.41060481355808115
263,0.8715350936294023,0.8580902955597194,1.3134871078217092,0.4084921968318705,1.4748565370041422,0.41052859695757377
264,0.8715413668442545,0.8580996475606935,1.31342752966784,0.40841678098530115,1.4751400187581845,0.4104547282656821
265,0.87156757674902,0.8581104637647531,1.3131961509765098,0.4085172214199271,1.475402880851481,0.410575406737755
266,0.8715915943884947,0.8581771037194501,1.3132603537685588,0.4085019850212494,1.4751432738467654,0.4105031632489179
267,0.8716145614075489,0.8581771037194501,1.3135482169051171,0.4086029315272738,1.4752328471865692,0.4104331057694462
268,0.8716449788783636,0.8581962979136213,1.3134742453249344,0.40855738112748796,1.474988683965188,0.41036517570030334
269,0.8716324321551177,0.8582192619317301,1.3134181854570344,0.4084975613890108,1.4750614437671572,0.41031081589489116
270,0.8716550165435757,0.8582220162811276,1.3133604130589607,0.4084429980700903,1.474831912709524,0.41024696833387686
271,0.8716522595695023,0.8582192385023583,1.3134120409269505,0.40858419327029705,1.4746613816760419,0.4102839803203492
272,0.871671771898868,0.8582200679472044,1.3133625392780413,0.4085281163721647,1.4745883003042735,0.4102276548599134
273,0.8716849995838979,0.8582184026402793,1.3133181256082698,0.4086119471867194,1.4743806019505783,0.41016963359088077
274,0.8716739384951238,0.8582387811298569,1.3132725673975223,0.4085583439266816,1.474585110886344,0.41025569450103405
275,0.8716751754063797,0.8582523216183557,1.3136300971671075,0.40850403666285295,1.4746550074284868,0.41020112555670885
276,0.8716839394053636,0.8582689171898634,1.3134606924036536,0.4084513562851347,1.4745937962706213,0.41027718558230253
277,0.8716918080833851,0.8583004603569913,1.3135457280180263,0.4084010631769459,1.474783266399378,0.4102270324452607
278,0.8716943592382512,0.8583066059677338,1.3138708376326513,0.40835164207084074,1.4750889020517637,0.41017739036162254
279,0.8716929337740263,0.858288546941343,1.3138340475320465,0.40842099162486467,1.4750332149721888,0.41012931177117085
280,0.8717011957305737,0.8582965737786463,1.3137289242174124,0.40844412790622214,1.4748657760611061,0.4100827557989602
281,0.8717038615027628,0.8583062898104871,1.3136360426162141,0.40845762791289014,1.4747036581356623,0.4100376793135542
282,0.8716890037522688,0.8583168822838457,1.3139208567466427,0.40841524453491873,1.4746528649601356,0.40999431211692167
283,0.871704579908563,0.8583326387036152,1.3138885126756918,0.4084761970294505,1.474806041099995,0.40995605363883797
284,0.871713445532541,0.8583606155722591,1.3138413086270209,0.40845135621182954,1.4747427879812856,0.4099310652280828
285,0.8717073651025017,0.8583811200105353,1.3139902177058727,0.4084257858015404,1.4746923411736665,0.4098961133769744
286,0.8717157727589852,0.8584000211592172,1.314048657303996,0.40839327802201286,1.4746451719281095,0.4098606446188142
287,0.8717373560856672,0.8584044675410047,1.3143818589260117,0.40835636091554106,1.474963855955137,0.40982359486555714
288,0.8717582258755847,0.8584178003879577,1.3145292411194653,0.40849562019337554,1.475271975805545,0.4098754067688168
289,0.8717557295456544,0.8584095489763486,1.3144180124385465,0.40846105540198563,1.475267889996407,0.40988921082408347
290,0.8717577646363465,0.8584360798936309,1.3144700762859565,0.40843167368371686,1.475226964450339,0.4098576869880312
291,0.8717623627906591,0.8584359887011198,1.3145217993156444,0.408401887062454,1.4752659612042998,0.4098277874774437
292,0.8717617792495189,0.8584379242433051,1.3145737666391086,0.40837113252389984,1.4752293189232029,0.40979666754884153
293,0.8717741451307591,0.8584435638416686,1.3146244677755965,0.4083409420775019,1.4753421367848796,0.40976639242462265
294,0.8717820854144765,0.8584534743406825,1.3146019476020956,0.40838329181823235,1.4753706220024774,0.40981770885973773
295,0.8717933080984633,0.8584518116966923,1.3146481300280346,0.4083562782635028,1.4753371044206882,0.409789973167243
296,0.8717974863389634,0.8584552278513765,1.3145601940060911,0.4083289635578976,1.4754384122925945,0.409763238473939
297,0.8718074887542842,0.858468398399299,1.3144752073612538,0.40830256498842854,1.4755357367171738,0.4097379860422333
298,0.8718095323887365,0.8584731896882708,1.3144539970607194,0.4082786170320916,1.4755044635639092,0.4097139484025983
299,0.8718048500784249,0.8584762523006005,1.3146161274226842,0.40825397246553874,1.4755964987814927,0.4096892160561181
300,0.8718027347829655,0.8584819869154863,1.3145960232931089,0.40823191036932943,1.475567004397484,0.4096670702404689
301,0.8718061196111189,0.8584922199272784,1.3146870454579582,0.40821286023893927,1.4755388866969168,0.4096453032261775
302,0.8718055847972938,0.8585043549880204,1.3147224240615176,0.4081925654146775,1.4756199438408313,0.40967936483735745
303,0.8718120030319968,0.8585056099343428,1.3148633968770032,0.40817131105040383,1.4756474618201798,0.40971045274964535
304,0.8718105978282371,0.858492450267311,1.314948271475804,0.408151272793458,1.4756736278905564,0.4096901076317462
305,0.8718102109050804,0.8585048038432146,1.3150784361901886,0.40813274047029124,1.4756012782297165,0.40967002125236235
306,0.8718127465769111,0.8585047271324101,1.3151581241896393,0.40811349202212915,1.4756733913327076,0.4096980133910683
307,0.8718149251463918,0.8585139945063331,1.3153265103041965,0.40814054840293096,1.4757887429827492,0.4096792982941914
308,0.8718170861350308,0.8585151136743924,1.3153125850141936,0.40812255975095874,1.4759000305253724,0.40966128811169994
309,0.8718150911288579,0.8585240547308782,1.3152965950379918,0.40810774872588174,1.4759597902296702,0.40969155282686226
310,0.8718136487808925,0.8585219189341937,1.3153240767340109,0.40809163186930725,1.4759399080669031,0.4096750451003058
311,0.8718132553400243,0.8585189106234506,1.3152719269390132,0.408075451906271,1.4759594845794148,0.4096600040783951
312,0.8718140842219299,0.8585256606970575,1.3152971830927764,0.40806077867642454,1.4759408089385617,0.40964480169695233
313,0.8718051469533591,0.8585249404543579,1.3152559400963753,0.40807532701519583,1.4759159484461535,0.4096369807150042
314,0.8718094004662819,0.8585348482016775,1.3152796561084201,0.40806145973978647,1.4759339453545752,0.4096230578485097
315,0.8718144100462126,0.8585404728742526,1.3152344978647956,0.40804744953387545,1.4759492509290082,0.40964601508034676
316,0.8718163469030109,0.8585415808312332,1.3151931011726306,0.4080648979532062,1.4759313405227672,0.40963460293316417
317,0.871816159198618,0.8585440075681,1.3152147177166713,0.4080521170572477,1.4759160215117022,0.40962164814630087
318,0.8718210333436839,0.8585402025294635,1.3152044238683154,0.4080401466710506,1.4759309730602688,0.4096102200776574
319,0.8718232439493644,0.8585447144100452,1.3152536899718692,0.40802876946176747,1.4759166060192341,0.4095983084375135
320,0.871827504667941,0.8585489640512937,1.3153590463513216,0.40801714496354635,1.4759315787103673,0.4095866106403278
321,0.8718288198743994,0.8585551994483259,1.3154329488200753,0.40800600970316825,1.4759459705485534,0.40957537516132886
322,0.8718326499424317,0.8585546288478961,1.3154016725934459,0.40801806449771366,1.4759296506859598,0.40956816714756367
323,0.871835776375287,0.8585506915460538,1.3153935976546518,0.40800761838666233,1.4759174658970589,0.40955768135066056
324,0.8718333645180707,0.8585529037829057,1.3153842577212516,0.40799911420714774,1.4759057264853497,0.40957224577121015
325,0.8718344961552654,0.8585547106831907,1.3154005003974694,0.4079894448326726,1.475941904875368,0.4095625520131478
326,0.8718355871273421,0.8585576103478322,1.3153703910103476,0.4079801059947047,1.4759994326135928,0.40955342486891083
327,0.8718401836928853,0.8585570138623948,1.315363435412481,0.40797111454142715,1.476077108485059,0.4095444103837549
328,0.8718486252844782,0.8585571355107144,1.315356739963775,0.4079836838458871,1.4760877838692903,0.4095361633590056
329,0.8718510349720127,0.858558848874175,1.3153502929846663,0.4079957867006499,1.4760771328704665,0.4095287091548306
330,0.8718508570242852,0.858561341788581,1.3154227878683862,0.40798778585333967,1.476087443447948,0.40954033727812883
331,0.8718513059624391,0.8585637420850241,1.315454679006949,0.4079800840594825,1.4760973514748494,0.40953259642337636
332,0.8718503048715646,0.8585652464181969,1.3154649556018847,0.4079930909921646,1.476070431129874,0.4095251269740581
333,0.8718498338598623,0.8585665481437822,1.3154594037352665,0.40798594293700596,1.476132221890857,0.40951800821286705
334,0.871850918248776,0.8585683327945464,1.3154699642137695,0.4079969478850607,1.4761072849170005,0.40951109003650826
335,0.8718505294294268,0.858569568118438,1.3155135949287267,0.40800657864060097,1.4761320489698164,0.40950444074405157
336,0.8718518136147825,0.8585721375615328,1.3155010671875276,0.40800779076588745,1.4761165559664688,0.40950608268598865
337,0.8718506790392623,0.858571926755692,1.3155075190136765,0.40802054433780066,1.4761093925732574,0.40951498046842544
338,0.8718490687941356,0.8585704044405076,1.3154884808179712,0.40801463941147936,1.476101417657503,0.4095101385132071
339,0.8718513892289119,0.8585742842844137,1.3155257659001216,0.40800904091458073,1.4761086896418205,0.40951837771396626
340,0.8718506200024561,0.8585753568871439,1.3155188786084293,0.40800624336041963,1.4760996530859307,0.40951556007631246
341,0.8718505635289455,0.8585738255098982,1.3155140073453373,0.4080018022417037,1.4760927150121121,0.40951109953141057
342,0.8718514529360473,0.8585732595942163,1.3155221022257608,0.4079971287332987,1.4760993035213124,0.40951859597200685
343,0.8718518328441254,0.8585701742400543,1.315565744440505,0.40799246360869906,1.476093639833112,0.4095256203522904
344,0.8718532980030088,0.8585694562031551,1.3155730872663534,0.4079997164365033,1.4760767612389112,0.4095209375739705
345,0.8718570606151732,0.8585711288455101,1.3156025743978752,0.4080062367862689,1.4760825095170753,0.4095164465613006
346,0.8718587897658407,0.8585735379240584,1.3156097713898596,0.40800195880063045,1.4760985572860275,0.4095121681390242
347,0.8718585082825361,0.8585717571769247,1.3156062799918895,0.40799810702158634,1.4760934372555816,0.40950830103444835
348,0.8718587411692,0.8585725151287633,1.3156125776757142,0.40800425391589507,1.4760790456673274,0.40950430841805535
349,0.8718605537121089,0.8585729903641888,1.3156189831690337,0.408000437063785,1.4760933123473043,0.4095004798010111
350,0.8718608670991376,0.8585735403485307,1.315626733939299,0.40801316579801666,1.4760874354416371,0.40950738596446984
351,0.8718611759115102,0.8585750364094927,1.3156153662951726,0.4080096403691484,1.4760910337192927,0.4095047762022672
352,0.8718627748023307,0.8585758894069158,1.3156126992115202,0.4080063031380682,1.4760952843816193,0.4095014748145669
353,0.8718608454166931,0.8585757334479317,1.3156037926917439,0.40800944437208525,1.4760899158360794,0.40949978754984245
354,0.8718600128395024,0.8585760913301632,1.3156090278322883,0.408021621959008,1.4761012657874941,0.4094969620386052
355,0.8718611061657789,0.8585781374596766,1.3156284703304653,0.4080188950709598,1.4760904266267634,0.4094939550610399
356,0.8718630307159915,0.858578789950037,1.3156327510054049,0.4080165622246064,1.47608029413989,0.4094978456454112
357,0.8718627948163514,0.8585783355323008,1.3156325764693848,0.408018606168896,1.4760703090128742,0.4094950755467806
358,0.8718621752608311,0.8585776665951187,1.3156369731599526,0.40801600341275085,1.4760671956273506,0.4094924402458678
359,0.8718610933846042,0.8585791057989905,1.3156347354831321,0.4080137336128007,1.4760758729475751,0.40949070456895503
360,0.8718607730168363,0.8585790943712478,1.3156387760889743,0.4080113444669379,1.4760789547669155,0.4094883065968034
361,0.8718613931973481,0.8585795317581222,1.3156426732925366,0.4080090314900777,1.4760819322175673,0.40948598515298523
362,0.8718622262057596,0.8585798134896284,1.3156409251137287,0.40800680053694766,1.4760847879584034,0.40948375863809366
363,0.8718617858637673,0.8585798134896283,1.3156392605455776,0.4080099224801019,1.4760822772809443,0.4094815991791366
364,0.8718616648212236,0.8585801977561215,1.3156477762970646,0.4080078614377004,1.4760899816465773,0.40947953069423193
365,0.8718601781149229,0.85857861227683,1.3156462457154376,0.40801073201800714,1.4760913128821447,0.4094787543341146
366,0.871860398998097,0.8585790723917589,1.3156540506557852,0.4080088606620267,1.4760937315172888,0.4094768676726603
367,0.8718608769010421,0.8585796674569495,1.3156526439417258,0.40801149887388244,1.4760913609224253,0.40947529173651864
368,0.8718612554558669,0.8585808628420313,1.3156506176444949,0.40801043398572023,1.4760886492992413,0.40947422059565597
369,0.8718621716654755,0.8585805613438349,1.315649291905813,0.4080087971755721,1.4760866668592594,0.40947257779331964
370,0.8718621467178977,0.8585809141787549,1.3156509898239892,0.4080081833544658,1.4760808761298523,0.4094709714209094
371,0.8718624483068381,0.8585812002084767,1.3156460444177076,0.40800664969071415,1.4760903507821759,0.4094694447794631
372,0.871863879646164,0.8585812207201126,1.315644907706196,0.4080087815902519,1.4760921615366394,0.409468046149881
373,0.8718639967722835,0.8585805097370676,1.3156507128404547,0.4080073795283036,1.4760974131685045,0.40946663905892894
374,0.871864091424732,0.8585808236569319,1.3156521492728737,0.4080068561997353,1.47609542760601,0.4094656984928757
375,0.8718641665382032,0.8585805236268399,1.3156541605723862,0.4080088839110409,1.4760937673410992,0.40946456380020274
376,0.8718632374408265,0.8585795328131459,1.3156532040317457,0.40801067784767153,1.4760945993151575,0.4094640786237505
377,0.871863268940471,0.8585793413898059,1.315649386649268,0.4080094940001291,1.4760929922827617,0.40946311622237447
378,0.8718637624482525,0.8585799090194968,1.315648472558064,0.4080083978916242,1.4760943730630112,0.4094620533475409
379,0.8718637781338362,0.8585801783026177,1.3156476283960863,0.40800731777577065,1.4760984108242683,0.4094609790069057
380,0.8718639376907497,0.858580432346428,1.3156493579616877,0.40800629155009055,1.4761022771695103,0.40946249423429715
381,0.8718640156762321,0.8585803026621741,1.3156509924523214,0.40800533017768453,1.4761083924200307,0.4094664009052082
382,0.871864126536382,0.8585804798013074,1.3156525868695477,0.40800437987955684,1.4761142757591734,0.4094654479077878
383,0.8718643003291432,0.8585807901873715,1.3156502617329344,0.4080050911260493,1.4761142260938704,0.40946575275196717
384,0.8718644908856233,0.8585808442469993,1.3156538552097454,0.40800422086737326,1.476117477203611,0.409464879376813
385,0.8718645629528247,0.858581147705373,1.3156569086684393,0.40800377238291635,1.4761145925735026,0.4094659565608285
386,0.871864946121891,0.8585818427121344,1.315658011300285,0.408003209199183,1.4761117110174742,0.409465157233255
387,0.8718646903503625,0.858581882699086,1.3156630082245169,0.4080024620226783,1.4761108185204326,0.409464396427055
388,0.8718647432445141,0.8585818142953621,1.3156637670456834,0.4080039817521532,1.4761081833231782,0.40946366543894724
389,0.8718651237074253,0.8585812410290267,1.3156649321417866,0.40800328833044736,1.4761124868735944,0.4094646779383759
390,0.8718650893958957,0.8585813236954354,1.315666048179868,0.40800262321991027,1.4761149725802387,0.40946401078460853
391,0.8718649075329539,0.8585815023413662,1.3156684562369032,0.4080022060800712,1.4761127431232888,0.4094648588491357
392,0.8718650937680957,0.8585814241675749,1.3156709670201188,0.40800159819255927,1.4761150146980688,0.40946424878093607
393,0.8718652650660348,0.8585812815791994,1.3156705049910231,0.40800102911063474,1.476114324063339,0.4094636776149818
394,0.8718652778164631,0.8585813905102642,1.3156687136834615,0.4080004736103588,1.4761131824198104,0.4094636135291391
395,0.8718652483109182,0.8585810931697238,1.3156695897892892,0.4080012578351718,1.4761125489518707,0.4094630949930021
396,0.8718655897535993,0.8585812677340624,1.3156681645392305,0.40800178373403606,1.476111957256916,0.4094638288902878
397,0.8718656597459252,0.8585813566823546,1.3156701136687339,0.40800134975839075,1.476111375265967,0.4094633595988044
398,0.8718657305599782,0.8585815003534109,1.3156697526614496,0.40800089024547204,1.4761130938230593,0.40946290461047985
399,0.8718656401726359,0.8585815257423485,1.3156715747434486,0.4080004501800776,1.476114742312301,0.4094624629620288
400,0.87186573592226,0.8585815273030918,1.3156712483531634,0.4080010622811264,1.4761140119236007,0.4094622777036265
401,0.8718658442642695,0.8585816279776598,1.3156719151083596,0.4080006683143716,1.476113537503448,0.4094618778900885
402,0.871865853032179,0.8585817233836118,1.3156725452457483,0.4080012410285251,1.4761130740037518,0.40946150679535354
403,0.8718658795840384,0.8585817901290194,1.3156731220264268,0.40800091282942563,1.4761144060573557,0.40946207702478227
404,0.8718659697736608,0.8585820041054163,1.3156728109668656,0.40800060254039405,1.476114775823588,0.40946180550290834
405,0.8718660941223443,0.8585819818757978,1.3156733714799211,0.4080002684443285,1.4761168436297716,0.40946147042179054
406,0.8718658959177585,0.8585819985671124,1.3156746711818894,0.4080007485104404,1.4761156895373195,0.4094611502803517
407,0.8718659401691425,0.8585819947337073,1.315675922986505,0.40800044880259245,1.4761168216581357,0.4094608494830914
408,0.8718660485750411,0.858582147486414,1.3156755453465527,0.4080003114464429,1.4761159241890547,0.4094611167408427
409,0.8718660358209459,0.858582154131502,1.3156746522540264,0.40800003449212063,1.476114922193249,0.40946083879539164
410,0.8718661616023725,0.8585822912201705,1.3156739895318104,0.40800022869486513,1.4761146139482382,0.4094612211206279
411,0.8718661838687337,0.8585824528922099,1.315675524410675,0.4080007166323319,1.4761148965856243,0.40946162653307655
412,0.871866207000081,0.8585824516003342,1.3156753019955876,0.4080005130104484,1.4761151318579293,0.40946145862952105
413,0.871866236847133,0.8585825139078515,1.3156749368355802,0.4080004719805563,1.4761148646206486,0.4094617900911866
414,0.8718663021962644,0.858582409965112,1.3156742328492457,0.40800025366921755,1.4761145485723182,0.4094616322885462
415,0.8718663326381487,0.858582487348296,1.3156750766415786,0.4080000608396029,1.476114301051364,0.40946142854016904
416,0.8718662641164194,0.8585824817356971,1.3156756925245439,0.40800006537322187,1.4761140696140418,0.409461715598687
417,0.8718662781572505,0.8585825388511924,1.3156764306426356,0.40799991848878764,1.4761138351403376,0.40946154111156685
418,0.8718662405754148,0.8585825903495609,1.3156762310756593,0.4079997986322194,1.4761131835990917,0.4094613603793248
419,0.871866282193159,0.8585826029189673,1.315675677796346,0.4079996270566881,1.4761133458999542,0.40946166672609513
420,0.8718662908270352,0.8585826735581558,1.3156759421416873,0.40799947340848686,1.4761135508724266,0.4094619081981993
421,0.8718663089789899,0.8585827025564073,1.3156762031509015,0.40799931783940774,1.4761145137188314,0.409461752186739
422,0.8718662880943047,0.8585827316748996,1.3156760161173175,0.4079992418774032,1.4761142683850814,0.4094616756965099
423,0.8718663336934886,0.8585827701220646,1.3156755607937718,0.4079991006787652,1.4761140843321365,0.40946155327310774
424,0.8718663821864762,0.8585828462016301,1.3156751272480152,0.40799896623355386,1.4761142190437204,0.40946145626701785
425,0.871866378454031,0.8585828847499258,1.3156756541288286,0.40799883976844475,1.4761146955907347,0.40946132934308865
426,0.8718663748609284,0.8585828539812715,1.315676753316947,0.4079987190521922,1.4761142547503185,0.40946120705780586
427,0.8718664148236838,0.8585828795903745,1.3156766437988887,0.4079986228555507,1.4761138351550862,0.40946109066291414
428,0.871866435771088,0.8585829412339363,1.3156776377705937,0.4079985152577668,1.4761137063476812,0.40946125042677495
429,0.8718664671524197,0.8585829673761792,1.315677556110031,0.4079984106104493,1.476114097495452,0.4094611461838118
430,0.8718664963182117,0.8585830231853987,1.3156774593808573,0.40799833006914493,1.476113961468965,0.4094610652842787
431,0.8718665212824435,0.8585830704161139,1.315678083695215,0.407998236248266,1.4761138501958082,0.4094609701756843
432,0.8718665320352399,0.8585830708695946,1.3156780080267079,0.4079981514842856,1.4761137389601526,0.40946088508742906
433,0.8718665099319298,0.8585830510535798,1.3156778512263918,0.4079981556887972,1.4761134277038532,0.40946079874768676
434,0.871866521875867,0.8585831018447719,1.3156785899410792,0.40799807400212007,1.4761137332217589,0.4094607167146837
435,0.8718665237532878,0.8585831128325794,1.315678436990584,0.40799808894957246,1.4761136424282502,0.4094608293288139
436,0.8718665320718676,0.8585831379466619,1.3156783572542734,0.4079982187881358,1.4761134766910258,0.4094608344959813
437,0.8718665484455663,0.8585831289540887,1.3156783026535437,0.40799814864256057,1.4761137388226786,0.40946076446740653
438,0.8718665605743703,0.858583107712777,1.3156785775532625,0.40799808288229816,1.4761138239373564,0.4094606981034186
439,0.8718665618710472,0.8585831040300421,1.3156785283877432,0.4079981750839351,1.476113594039265,0.4094606343317558
440,0.8718665599357996,0.8585831000904117,1.3156784816627562,0.40799826270876577,1.4761138124850914,0.40946058083708897
441,0.8718665078004199,0.8585831139587373,1.315678576674917,0.4079982065615901,1.4761138849319537,0.4094605244842376
442,0.8718665157179909,0.8585831162643139,1.315678516567947,0.4079981699586634,1.476113803384995,0.4094604876859424
443,0.8718665088972422,0.8585831162643138,1.3156789843217094,0.4079981181600677,1.4761137429389417,0.4094604357016939
444,0.871866508101596,0.8585831186533651,1.315678917562433,0.40799809764504513,1.4761135649219899,0.4094603863214225
445,0.871866505358633,0.8585831300512438,1.315679339550134,0.4079980509398148,1.4761137394566741,0.40946033943732796
446,0.8718665328417293,0.858583110447788,1.3156791964302685,0.407998006557704,1.4761140135248725,0.4094602953768102
447,0.8718665307337449,0.8585830986614998,1.3156790800311986,0.40799815149934754,1.4761140481362067,0.4094602725849993
448,0.8718665415180159,0.8585831086141,1.31567904896255,0.4079981115945133,1.4761142953367852,0.4094603308280242
449,0.8718665313837674,0.858583112968873,1.3156791126764338,0.40799825981827165,1.476114433484694,0.40946029643898546
450,0.8718665312078908,0.8585831029496526,1.3156791730227964,0.4079982238928257,1.4761144796520604,0.40946026038432726
451,0.8718665386649784,0.8585830795665176,1.315679311569357,0.4079981924058281,1.476114355833701,0.40946022603828
452,0.8718665318871516,0.8585830888540639,1.3156792755778042,0.4079981707900449,1.4761142383298118,0.40946019344377305
453,0.8718665354235262,0.8585830967396922,1.3156791761978757,0.4079981399718738,1.4761142023665053,0.4094602380502494
454,0.8718665329035179,0.8585830930115168,1.3156792241058117,0.4079981118668616,1.476114167678057,0.40946020927317633
455,0.8718665441366649,0.8585830947783423,1.3156792695281934,0.4079980852307956,1.4761142027441936,0.4094602499733604
456,0.8718665585299371,0.8585830914077522,1.3156793780647489,0.40799805900300956,1.4761143009623379,0.4094602881124121
457,0.8718665581869143,0.8585830682154334,1.3156793654729857,0.40799814965948966,1.4761143195724058,0.4094602765010354
458,0.8718665559342903,0.8585830784995008,1.3156794631672535,0.40799812599588653,1.4761145819687025,0.40946025275417997
459,0.8718665586881461,0.8585830630071671,1.315679610592528,0.40799815876568846,1.4761145558272344,0.4094602852334059
460,0.8718665529620918,0.858583061558938,1.315679541986914,0.40799813749077934,1.4761146340347353,0.4094602651371817
461,0.8718665606755771,0.8585830819631634,1.3156795554599003,0.407998137677043,1.4761145610669815,0.4094602448966156
462,0.8718665631671536,0.8585830871644325,1.3156795249767335,0.40799813425194187,1.4761145387584036,0.40946027256664125
463,0.8718665614408866,0.8585830814633998,1.3156795553147977,0.407998116184712,1.476114561971921,0.4094602544345078
464,0.871866569069876,0.8585830792752959,1.3156795840155562,0.4079980991123518,1.4761145839211363,0.4094602373006169
465,0.8718665767843924,0.858583080289833,1.3156795315531762,0.4079980828435341,1.4761146845051796,0.40946022102872565
466,0.8718665788189179,0.8585830873538803,1.315679507266802,0.40799807979075525,1.4761146919363806,0.40946025569888866
467,0.8718665773242656,0.8585830837927116,1.3156795317334586,0.40799806521295834,1.47611478221288,0.40946024109215634
468,0.871866576132315,0.8585830820293077,1.3156795543936128,0.4079980519194585,1.4761147658054332,0.4094602274807735
469,0.8718665795429419,0.8585830828619793,1.315679544259138,0.40799807092489826,1.4761147823321465,0.4094602146275235
470,0.871866581038735,0.8585830836434126,1.315679534524903,0.4079980586585388,1.4761147979843776,0.40946020245394343
471,0.8718665814765928,0.8585830821866434,1.315679580454008,0.40799804946885004,1.476114755493863,0.40946019066747885
472,0.8718665851198301,0.8585830849616677,1.3156796532412953,0.4079980387164911,1.47611474251866,0.40946020676102346
473,0.871866589419586,0.8585830882288802,1.315679748286495,0.4079980281929232,1.476114807628025,0.40946022199671095
474,0.8718665874125672,0.8585830925106165,1.3156797888609897,0.40799801878351893,1.4761147958182186,0.40946021219408685
475,0.8718665890730545,0.8585830914536701,1.3156798039744158,0.4079980100556485,1.4761148081217292,0.4094602261944487
476,0.8718665893304066,0.8585830945427017,1.3156797752033433,0.40799800113361423,1.4761147925845768,0.4094602223660386
477,0.8718665942437697,0.8585830924339113,1.3156798099599858,0.4079980134758485,1.4761147826867653,0.4094602139406145
478,0.8718665970744758,0.8585831000130514,1.3156797842059065,0.40799800548939685,1.4761147882853642,0.4094602105818544
479,0.8718666009150995,0.8585831023898802,1.3156797782351093,0.40799799806009224,1.4761147977350546,0.4094602032509339
480,0.8718666017266492,0.8585831028787846,1.315679789764873,0.40799800888345417,1.4761147893965276,0.4094602135934713
481,0.8718666005606042,0.8585831043903962,1.3156797679731675,0.40799800212575177,1.4761148463996674,0.4094602081747921
482,0.8718665997200118,0.8585831059476801,1.3156797943237575,0.4079979957651459,1.4761148702374953,0.4094602017912935
483,0.8718665982233641,0.8585831067556927,1.3156797748405062,0.4079979897233054,1.4761148483784405,0.4094601957277999
484,0.8718666006649577,0.8585831067960946,1.3156797838742786,0.4079979845579577,1.4761148414397334,0.4094601902687335
485,0.8718666010432763,0.8585831050695248,1.3156797927276036,0.4079979793613321,1.476114861302108,0.4094601851540577
486,0.8718666023448255,0.8585831057063419,1.3156798012447255,0.40799797430035833,1.4761148678125917,0.4094601800747951
487,0.8718666030351729,0.8585831061016127,1.3156797864610075,0.40799798053000624,1.476114861416806,0.4094601760028419
488,0.8718666014699494,0.8585831046668997,1.3156798276120538,0.4079979759732406,1.4761148784373859,0.4094601714296273
489,0.8718666031330097,0.858583105469216,1.3156798242791383,0.40799797166922536,1.4761149050655455,0.4094601671148744
490,0.871866602275154,0.8585831074959959,1.3156798204421871,0.4079979682915508,1.476114918188301,0.409460165102255
491,0.8718666024428805,0.8585831082115231,1.315679826839777,0.40799796449608056,1.476114923076598,0.40946016129301666
492,0.8718666028891043,0.8585831088971912,1.3156798326545642,0.4079979611389323,1.476114909947875,0.4094601576512345
493,0.8718666015872297,0.8585831084562565,1.315679846795231,0.4079979577184293,1.4761149227410062,0.4094601542184505
494,0.871866602039164,0.8585831080380598,1.3156798441463433,0.40799795462783023,1.47611493439124,0.4094601514067181
495,0.8718666013025466,0.8585831087830402,1.3156798792178868,0.40799795157713836,1.476114938312603,0.40946014834216204
496,0.8718666025642727,0.8585831089627087,1.315679876984478,0.4079979486950214,1.4761149561476106,0.40946015252236667
497,0.8718666033531804,0.8585831086049028,1.3156798948879826,0.4079979459798179,1.4761149663118873,0.4094601564661652
498,0.8718666043358176,0.8585831112042417,1.3156798966043373,0.4079979460035446,1.47611495701636,0.409460153887675
499,0.8718666027280734,0.8585831107363103,1.3156799124769536,0.4079979436583125,1.4761149482443268,0.4094601514543969
500,0.8718666028040689,0.8585831104617706,1.315679927449949,0.40799794144935164,1.4761149459642804,0.40946015151327814
501,0.8718666032014185,0.8585831110245886,1.3156799208513612,0.4079979442195021,1.4761149480125006,0.409460150070513
502,0.8718666036605246,0.8585831107648132,1.3156799192678714,0.40799794219145963,1.4761149555932422,0.4094601480513359
503,0.8718666037016385,0.8585831108841641,1.3156799271911577,0.40799794027609504,1.476114953350346,0.4094601461256423
504,0.8718666040444976,0.8585831109968896,1.3156799213502568,0.40799793846480686,1.4761149645475966,0.4094601443152844
505,0.8718666038940875,0.8585831099214137,1.315679940960246,0.40799793675730955,1.4761149625542858,0.40946014260120356
506,0.8718666037576458,0.8585831098982483,1.315679945854555,0.40799794084841523,1.4761149606748987,0.40946014493226446
507,0.8718666037579178,0.8585831101805685,1.3156799595199338,0.4079979393757443,1.4761149588939195,0.40946014341762405
508,0.871866604439468,0.8585831109233881,1.315679955928907,0.4079979404280447,1.4761149572236658,0.4094601454892903
509,0.8718666040769516,0.8585831107409273,1.3156799548276181,0.40799793913645466,1.4761149621475185,0.4094601475568943
510,0.8718666040461719,0.8585831114345577,1.3156799568503421,0.40799793797481104,1.4761149667865117,0.4094601495069139
511,0.8718666035472431,0.8585831111317245,1.3156799706048643,0.4079979367776656,1.4761149653882488,0.40946014830469435
512,0.871866603798208,0.8585831118260228,1.3156799669646493,0.4079979356488195,1.476114969347705,0.409460147428622
513,0.871866604068191,0.8585831116918796,1.3156799739206535,0.4079979346262551,1.4761149681066685,0.4094601489679449
514,0.871866604587079,0.8585831122516446,1.3156799829660153,0.40799793362547154,1.4761149693925986,0.40946014796297003
515,0.8718666048883665,0.8585831125742535,1.3156799841527331,0.4079979330777878,1.4761149661768083,0.40946014913074247
516,0.8718666049326539,0.858583112406364,1.3156799834564255,0.4079979321979619,1.4761149673003202,0.4094601482565048
517,0.8718666052284058,0.8585831123097069,1.3156799867787665,0.4079979314931722,1.4761149663238777,0.40946014946761644
518,0.8718666052051739,0.8585831121107693,1.3156799938856645,0.4079979307126712,1.476114963473581,0.40946014867697145
519,0.8718666050263241,0.8585831121107693,1.3156799914939856,0.4079979299710015,1.4761149698793947,0.4094601479326437
520,0.8718666050565873,0.8585831117983996,1.3156799943726978,0.4079979292762425,1.4761149724835818,0.40946014723538265
521,0.8718666054625107,0.8585831118420343,1.3156799954615956,0.4079979286323619,1.4761149717167978,0.40946014818644816
522,0.871866605612037,0.8585831120866728,1.3156799934675394,0.4079979280139966,1.4761149694798346,0.40946014756586835
523,0.8718666057046887,0.8585831121966354,1.3156799915912014,0.40799792743213625,1.4761149701943266,0.40946014701456174
524,0.8718666055155462,0.8585831121811411,1.315679993291246,0.40799792744463853,1.4761149695554838,0.4094601478069379
525,0.87186660554194,0.8585831123067124,1.3156799941133754,0.40799792697130133,1.476114968933667,0.40946014731092245
526,0.8718666056514436,0.8585831124270296,1.3156799972996105,0.40799792648779076,1.4761149695552307,0.40946014682521886
527,0.871866605673902,0.8585831120079788,1.3156799990817343,0.407997926130923,1.4761149689906472,0.4094601464008938
528,0.8718666057425053,0.8585831120612943,1.315680002946931,0.4079979267564376,1.4761149674405287,0.4094601459709058
529,0.8718666057395192,0.8585831120194637,1.3156800016477943,0.4079979263535698,1.4761149669704003,0.40946014655402074
530,0.8718666057825372,0.858583112045379,1.3156800022589537,0.40799792692728515,1.4761149665283988,0.40946014710224893
531,0.8718666058591512,0.8585831117740603,1.3156800046015729,0.40799792744392827,1.476114966985596,0.4094601467449111
532,0.8718666058364366,0.8585831115613124,1.315680005972181,0.4079979271202812,1.476114967407984,0.4094601464163874
533,0.8718666057927686,0.858583111244702,1.3156800080416193,0.40799792757669207,1.4761149708958279,0.40946014610074316
534,0.8718666057779841,0.8585831111620374,1.315680007225239,0.40799792859325873,1.4761149711385781,0.4094601459408899
535,0.8718666058390547,0.8585831112965912,1.315680006329637,0.4079979283155287,1.4761149713122308,0.4094601458451281
536,0.8718666056661419,0.8585831113120286,1.3156800061257854,0.4079979280565692,1.4761149716433377,0.40946014558719934
537,0.8718666056149905,0.8585831113821205,1.3156800058541616,0.4079979278934378,1.4761149707565508,0.40946014534121294
538,0.8718666057405995,0.8585831114256764,1.3156800056739721,0.4079979276652763,1.476114971048044,0.40946014511428663
539,0.8718666058537771,0.8585831113782588,1.3156800054906337,0.40799792746511093,1.4761149707796861,0.40946014491334654
540,0.8718666057669675,0.8585831114273141,1.3156800063283711,0.40799792726251255,1.4761149720351057,0.40946014471018194
541,0.8718666058441672,0.8585831114394565,1.3156800066405363,0.4079979270794562,1.4761149722760973,0.4094601449898941
542,0.8718666058365276,0.8585831114849248,1.3156800072386872,0.40799792747981634,1.476114971628598,0.4094601448102839
543,0.8718666057163507,0.8585831114320279,1.3156800079322175,0.40799792731182644,1.4761149730795866,0.40946014464169994
544,0.8718666057186282,0.8585831114711635,1.3156800078095148,0.40799792715484634,1.476114973666427,0.4094601444855558
545,0.8718666057499436,0.8585831115648719,1.315680007941707,0.4079979271228748,1.4761149731310466,0.4094601443370464
546,0.8718666057620382,0.8585831115821874,1.3156800081725473,0.4079979269860778,1.476114972967976,0.40946014419872145
547,0.8718666058095605,0.85858311164692,1.3156800077524218,0.4079979268557951,1.476114974410732,0.4094601443891128
548,0.8718666058638677,0.8585831116313439,1.3156800079567283,0.4079979267342653,1.4761149745669777,0.409460144267145
549,0.8718666059293964,0.8585831116638063,1.3156800081377058,0.40799792691193365,1.4761149741521904,0.409460144152087
550,0.8718666059675731,0.8585831116777582,1.3156800080478026,0.4079979268111107,1.47611497427685,0.4094601440575841
551,0.8718666059439083,0.8585831116893803,1.3156800079640134,0.40799792671603796,1.4761149741534147,0.4094601439621523
552,0.8718666059783943,0.8585831116655075,1.3156800081224707,0.4079979266216193,1.4761149745063769,0.409460143867463
553,0.8718666059233117,0.8585831116701459,1.3156800084836662,0.40799792675503366,1.4761149741856465,0.4094601437784936
554,0.8718666059148397,0.8585831117006797,1.3156800086224394,0.4079979266725457,1.4761149746985098,0.4094601436963267
555,0.871866605943259,0.8585831117200329,1.3156800093256418,0.40799792659489426,1.4761149746075553,0.4094601436181977
556,0.871866605935714,0.8585831117426395,1.3156800092687901,0.407997926522247,1.476114975057747,0.40946014354637517
557,0.8718666059398015,0.8585831116874306,1.315680009361156,0.40799792647621796,1.4761149748102138,0.40946014347771187
558,0.8718666059392223,0.858583111622639,1.315680009464868,0.4079979264159239,1.4761149750439377,0.4094601434190951
559,0.871866605933071,0.8585831116375491,1.3156800101544364,0.4079979263558767,1.4761149752685239,0.40946014335882536
560,0.8718666059369735,0.8585831116479253,1.3156800102178792,0.4079979264684429,1.4761149752159612,0.4094601434420367
561,0.8718666059561156,0.8585831116543469,1.3156800103050745,0.4079979264169396,1.4761149752824334,0.40946014339034453
562,0.8718666059559452,0.8585831116449315,1.3156800103837794,0.4079979263716618,1.4761149754606633,0.4094601433469293
563,0.8718666059499187,0.8585831116704563,1.3156800104605593,0.4079979263261845,1.4761149756321803,0.40946014330165725
564,0.8718666059549635,0.8585831116758328,1.3156800106390856,0.40799792628303616,1.476114975687663,0.4094601432583113
565,0.8718666059655746,0.8585831116631223,1.3156800106076105,0.40799792624264825,1.4761149757394316,0.40946014321790547
566,0.8718666059688311,0.8585831116748945,1.315680010857056,0.40799792620480113,1.4761149757880907,0.409460143179883
567,0.8718666059706327,0.8585831116659236,1.3156800110035825,0.4079979261693216,1.4761149759206584,0.40946014314427626
568,0.8718666059777724,0.8585831116802337,1.3156800110481504,0.4079979262286787,1.4761149758707375,0.4094601431220889
569,0.8718666059726079,0.858583111657454,1.3156800110240974,0.4079979262737857,1.4761149758921668,0.4094601431093779
570,0.8718666059749386,0.858583111664676,1.315680011215266,0.40799792631618714,1.476114975929386,0.40946014308031925
571,0.8718666059665137,0.8585831116498501,1.3156800111925753,0.40799792629061277,1.4761149758959955,0.40946014305464734
572,0.8718666059596385,0.8585831116687977,1.3156800112976186,0.4079979263899677,1.4761149761780474,0.4094601430916665
573,0.8718666059709084,0.8585831116672515,1.3156800112208484,0.40799792636616095,1.4761149763249275,0.40946014306816325
574,0.8718666059626712,0.8585831116600966,1.315680011149054,0.4079979263438972,1.4761149763502557,0.4094601430490792
575,0.8718666059635526,0.8585831116628979,1.3156800111329465,0.4079979263741043,1.4761149762749364,0.40946014302818634
576,0.8718666059703739,0.8585831116728649,1.3156800111556664,0.40799792636456694,1.4761149762522225,0.409460143056359
577,0.8718666059654119,0.858583111668174,1.315680011096989,0.4079979263463709,1.4761149762276464,0.40946014304143974
578,0.8718666059678831,0.8585831116575959,1.3156800111250109,0.40799792637155585,1.4761149762484744,0.4094601430253818
579,0.8718666059770688,0.8585831116655703,1.31568001111206,0.40799792635631077,1.4761149762675831,0.40946014301073114
580,0.8718666059739321,0.8585831116704413,1.3156800110979876,0.4079979263440337,1.4761149762476693,0.4094601429984009
581,0.8718666059723931,0.8585831116677726,1.315680011053226,0.40799792633015297,1.4761149762227337,0.4094601429932077
582,0.8718666059751375,0.8585831116759848,1.315680011064811,0.40799792632735105,1.4761149761758143,0.40946014298019273
583,0.8718666059817402,0.8585831116767848,1.3156800110553113,0.4079979263153626,1.4761149761615509,0.40946014296816086
584,0.8718666059857937,0.8585831116725873,1.315680011046284,0.4079979263043185,1.4761149761755372,0.40946014295734795
585,0.8718666059840918,0.8585831116725874,1.315680011038107,0.4079979262937502,1.4761149761632044,0.40946014294674177
586,0.871866605986627,0.8585831116829783,1.3156800110303633,0.4079979262839891,1.4761149762238226,0.4094601429372689
587,0.8718666059877648,0.8585831116806537,1.3156800110683506,0.40799792627482806,1.4761149762130514,0.409460142928039
588,0.8718666059866741,0.8585831116785319,1.3156800110411484,0.4079979262867712,1.4761149762230186,0.40946014292048466
589,0.8718666059881187,0.8585831116702952,1.3156800110152516,0.40799792627874043,1.476114976250822,0.40946014291461647
590,0.8718666059900965,0.8585831116744815,1.315680011009452,0.4079979262896166,1.4761149762588175,0.4094601429087255
591,0.8718666059877473,0.8585831116748487,1.315680011055343,0.40799792628275466,1.476114976250621,0.40946014290173843
592,0.8718666059876063,0.8585831116685482,1.3156800110489688,0.40799792627755055,1.4761149762283277,0.4094601429098631
593,0.8718666059859612,0.8585831116730821,1.3156800110741038,0.4079979263013245,1.476114976295818,0.4094601429187212
594,0.8718666059832261,0.8585831116729882,1.315680011055781,0.4079979262956424,1.4761149763162806,0.4094601429137936
595,0.871866605984311,0.8585831116740048,1.3156800110427658,0.40799792629925635,1.4761149763190096,0.4094601429255419
596,0.8718666059852296,0.8585831116761248,1.3156800110378204,0.40799792629543347,1.4761149763121202,0.4094601429217013
597,0.8718666059839517,0.8585831116775319,1.3156800110568125,0.407997926290863,1.4761149763292996,0.4094601429171143
598,0.8718666059859868,0.8585831116772527,1.3156800110429498,0.40799792628656417,1.4761149763558221,0.40946014291287025
599,0.8718666059855763,0.8585831116782475,1.3156800110889664,0.4079979262825571,1.4761149763708092,0.40946014290884836
600,0.87186660598683,0.8585831116770712,1.3156800111043907,0.4079979262788214,1.4761149763847643,0.4094601429050993
601,0.8718666059871641,0.8585831116738353,1.3156800111351312,0.4079979262760491,1.4761149763723056,0.40946014290999855
602,0.8718666059876788,0.8585831116719874,1.3156800111405325,0.40799792627284626,1.4761149763764303,0.4094601429067841
603,0.8718666059869616,0.8585831116719559,1.3156800111525002,0.4079979262703414,1.476114976365486,0.4094601429037495
604,0.8718666059876685,0.8585831116728914,1.3156800111558666,0.407997926268884,1.476114976355972,0.40946014290714877
605,0.8718666059878618,0.8585831116732641,1.3156800111547917,0.407997926278174,1.4761149763519508,0.40946014290547017
606,0.8718666059878193,0.858583111673981,1.3156800111640696,0.4079979262825449,1.4761149763431,0.4094601429030151
607,0.8718666059883181,0.8585831116741225,1.3156800111734759,0.40799792628026693,1.4761149763516104,0.40946014290072896
608,0.8718666059881384,0.858583111674092,1.3156800111799252,0.40799792628565784,1.476114976349134,0.4094601429038006
609,0.8718666059881692,0.8585831116753102,1.3156800111773392,0.4079979262847385,1.4761149763457708,0.4094601429028742
610,0.8718666059885848,0.8585831116755394,1.3156800111849267,0.4079979262874172,1.476114976348125,0.40946014290103633
611,0.8718666059885615,0.8585831116761751,1.3156800111877696,0.4079979262899332,1.476114976350264,0.40946014289937777
612,0.8718666059885147,0.8585831116755739,1.3156800111982614,0.40799792629224707,1.4761149763562207,0.4094601429016859
613,0.8718666059886119,0.858583111675389,1.3156800112041203,0.4079979262910316,1.4761149763543993,0.40946014290028726
614,0.871866605988822,0.8585831116756452,1.315680011199667,0.4079979262930347,1.4761149763697083,0.40946014289890814
615,0.871866605989127,0.8585831116749524,1.315680011204805,0.407997926295068,1.4761149763650612,0.40946014289762456
616,0.8718666059892214,0.858583111674941,1.3156800112126708,0.4079979262938746,1.476114976369526,0.40946014289642624
617,0.8718666059894651,0.8585831116754876,1.3156800112144564,0.4079979262928422,1.4761149763708743,0.40946014289538984
618,0.8718666059900311,0.8585831116758693,1.3156800112136529,0.40799792629181025,1.4761149763772647,0.40946014289436305
619,0.8718666059900644,0.8585831116754101,1.3156800112126907,0.4079979262910648,1.4761149763737822,0.409460142893397
620,0.8718666059897308,0.858583111675688,1.3156800112229676,0.40799792629017073,1.4761149763727375,0.40946014289249877
621,0.8718666059898099,0.8585831116757936,1.3156800112223237,0.40799792629137854,1.476114976371766,0.40946014289370364
622,0.8718666059900639,0.8585831116758899,1.3156800112236213,0.40799792629250214,1.4761149763765513,0.4094601428929294
623,0.8718666059901934,0.8585831116751521,1.3156800112213014,0.4079979262917827,1.476114976379042,0.4094601428924037
624,0.8718666059900331,0.8585831116754828,1.3156800112256875,0.40799792629276677,1.4761149763815304,0.40946014289338073
625,0.8718666059902547,0.8585831116756846,1.3156800112266132,0.40799792629226206,1.4761149763808052,0.4094601428942804
626,0.8718666059902798,0.8585831116753903,1.315680011233244,0.407997926291685,1.4761149763815467,0.4094601428937009
627,0.8718666059901004,0.8585831116754836,1.3156800112315135,0.40799792629114834,1.4761149763821777,0.40946014289322025
628,0.8718666059901586,0.8585831116756074,1.3156800112347935,0.40799792629187204,1.4761149763852617,0.40946014289272015
629,0.871866605990219,0.8585831116756057,1.3156800112355667,0.4079979262914125,1.4761149763858528,0.40946014289225896
630,0.87186660599025,0.8585831116756272,1.315680011237326,0.40799792629099907,1.4761149763864005,0.4094601428928868
631,0.8718666059904571,0.8585831116758503,1.3156800112409335,0.4079979262905999,1.4761149763869135,0.40946014289248595
632,0.8718666059905364,0.8585831116759075,1.3156800112406466,0.40799792629113824,1.4761149763855712,0.4094601428921136
633,0.8718666059906273,0.8585831116760998,1.3156800112403801,0.4079979262916381,1.4761149763859387,0.40946014289184285
634,0.8718666059906479,0.8585831116761392,1.3156800112416978,0.4079979262913209,1.476114976386348,0.40946014289152366
635,0.8718666059907345,0.8585831116761392,1.315680011244379,0.40799792629102405,1.4761149763860015,0.40946014289122573
636,0.8718666059907637,0.8585831116761399,1.3156800112448273,0.40799792629076226,1.476114976387026,0.4094601428916384
637,0.8718666059907442,0.8585831116762109,1.3156800112451466,0.4079979262906162,1.4761149763861008,0.40946014289138194
638,0.8718666059907706,0.8585831116761226,1.3156800112455307,0.40799792629039294,1.4761149763858168,0.4094601428911508
639,0.8718666059907111,0.8585831116762863,1.3156800112464393,0.4079979262912523,1.4761149763882564,0.409460142891471
640,0.8718666059906409,0.8585831116762221,1.3156800112482838,0.4079979262910481,1.4761149763890193,0.409460142891266
641,0.8718666059906712,0.8585831116762693,1.3156800112490636,0.40799792629086096,1.4761149763887975,0.4094601428910766
642,0.8718666059906423,0.8585831116763558,1.315680011249779,0.4079979262906953,1.4761149763890198,0.40946014289133426
643,0.8718666059906527,0.8585831116762008,1.315680011249653,0.40799792629093173,1.4761149763895678,0.4094601428912312
644,0.8718666059907559,0.8585831116761838,1.3156800112495315,0.4079979262907851,1.476114976389387,0.409460142891084
645,0.8718666059908224,0.8585831116761748,1.3156800112490796,0.40799792629064496,1.4761149763902512,0.4094601428909457
646,0.8718666059907735,0.8585831116761822,1.3156800112489764,0.40799792629051795,1.4761149763904151,0.40946014289113647
647,0.8718666059906971,0.8585831116763258,1.3156800112488765,0.40799792629040416,1.4761149763908448,0.40946014289103544
648,0.8718666059906782,0.8585831116763355,1.3156800112490288,0.40799792629032733,1.4761149763909531,0.4094601428909582
649,0.8718666059906353,0.8585831116763357,1.3156800112486955,0.40799792629022397,1.4761149763908326,0.4094601428908545
650,0.8718666059906472,0.8585831116763629,1.3156800112485003,0.40799792629024934,1.4761149763907282,0.4094601428909856
651,0.8718666059906635,0.8585831116763685,1.3156800112484308,0.40799792629016135,1.4761149763908417,0.40946014289089816
652,0.871866605990663,0.8585831116763728,1.3156800112487652,0.4079979262900842,1.4761149763907397,0.4094601428908173
653,0.8718666059906635,0.8585831116763767,1.315680011249266,0.40799792629000825,1.476114976391024,0.409460142890741
654,0.8718666059906621,0.8585831116764424,1.3156800112495566,0.40799792628993814,1.4761149763912869,0.4094601428906707
655,0.8718666059906488,0.8585831116764869,1.315680011250146,0.4079979262898728,1.476114976392011,0.4094601428906051
656,0.8718666059906544,0.8585831116765346,1.3156800112500942,0.40799792628981746,1.4761149763920784,0.4094601428905547
657,0.8718666059906773,0.8585831116765485,1.3156800112500506,0.4079979262897616,1.476114976392287,0.40946014289049903
658,0.8718666059906758,0.8585831116765581,1.3156800112502631,0.4079979262897112,1.476114976392226,0.40946014289044746
659,0.8718666059906819,0.8585831116765814,1.3156800112502258,0.40799792628978077,1.4761149763922745,0.40946014289041244
660,0.8718666059906826,0.8585831116765759,1.3156800112504083,0.407997926289737,1.4761149763923314,0.4094601428904769
661,0.8718666059906788,0.8585831116765885,1.3156800112503753,0.40799792628969705,1.476114976392382,0.4094601428904378
662,0.8718666059906859,0.8585831116766003,1.315680011250435,0.407997926289663,1.4761149763923356,0.40946014289040167
663,0.8718666059906917,0.8585831116766143,1.3156800112503737,0.40799792628966214,1.4761149763922083,0.4094601428903664
664,0.871866605990699,0.8585831116766223,1.315680011250269,0.4079979262896296,1.4761149763924089,0.4094601428903343
665,0.8718666059906911,0.8585831116766033,1.3156800112504667,0.4079979262895995,1.4761149763925212,0.4094601428903041
666,0.8718666059906914,0.8585831116765982,1.3156800112505045,0.40799792628958065,1.476114976392548,0.4094601428902851
667,0.8718666059907064,0.8585831116766013,1.3156800112507365,0.40799792628955506,1.476114976392518,0.4094601428902593
668,0.8718666059906994,0.858583111676596,1.3156800112508265,0.407997926289656,1.4761149763924322,0.4094601428902354
669,0.8718666059907082,0.8585831116765975,1.3156800112508622,0.407997926289689,1.4761149763924066,0.4094601428902672
670,0.8718666059907092,0.8585831116766162,1.315680011251041,0.40799792628972303,1.4761149763923818,0.409460142890248
671,0.8718666059907181,0.8585831116766174,1.3156800112509806,0.40799792628970427,1.4761149763924977,0.40946014289022925
672,0.8718666059907049,0.858583111676613,1.315680011251052,0.40799792628968706,1.4761149763925199,0.4094601428902544
673,0.8718666059906953,0.8585831116766129,1.3156800112510394,0.4079979262896712,1.4761149763925794,0.4094601428902388
674,0.8718666059907013,0.8585831116766128,1.3156800112510278,0.40799792628969267,1.4761149763926706,0.40946014289022425
675,0.8718666059907061,0.8585831116766206,1.3156800112509837,0.407997926289679,1.4761149763926844,0.4094601428902144
676,0.8718666059907095,0.8585831116766234,1.315680011250971,0.407997926289669,1.4761149763926387,0.4094601428902017
677,0.8718666059907068,0.8585831116766307,1.3156800112509606,0.40799792628965864,1.476114976392651,0.40946014289019267
678,0.8718666059907082,0.8585831116766391,1.3156800112509488,0.40799792628965115,1.4761149763926351,0.4094601428901851
679,0.8718666059907135,0.8585831116766348,1.3156800112509652,0.4079979262896412,1.4761149763926478,0.4094601428901752
680,0.8718666059907132,0.858583111676637,1.3156800112510028,0.40799792628963216,1.476114976392637,0.409460142890166
681,0.8718666059907152,0.858583111676636,1.3156800112509959,0.4079979262896239,1.4761149763926473,0.40946014289015803
682,0.8718666059907136,0.858583111676636,1.315680011251047,0.40799792628961634,1.476114976392619,0.40946014289015015
683,0.8718666059907132,0.8585831116766337,1.315680011251112,0.40799792628962683,1.4761149763926282,0.40946014289014293
684,0.8718666059907137,0.8585831116766363,1.3156800112511557,0.4079979262896365,1.4761149763926695,0.40946014289013627
685,0.8718666059907139,0.8585831116766375,1.3156800112511595,0.4079979262896369,1.476114976392659,0.4094601428901334
686,0.8718666059907137,0.8585831116766429,1.3156800112511677,0.4079979262896465,1.4761149763926638,0.40946014289013044
687,0.8718666059907132,0.8585831116766419,1.3156800112511762,0.40799792628964165,1.4761149763926449,0.4094601428901252
688,0.8718666059907126,0.8585831116766388,1.3156800112511629,0.4079979262896584,1.4761149763926718,0.4094601428901354
689,0.8718666059907124,0.8585831116766408,1.3156800112511813,0.40799792628966497,1.4761149763926775,0.40946014289013105
690,0.8718666059907126,0.8585831116766414,1.3156800112511982,0.40799792628966086,1.4761149763926928,0.4094601428901269
691,0.8718666059907136,0.8585831116766426,1.315680011251204,0.4079979262896577,1.4761149763926793,0.4094601428901231
692,0.871866605990714,0.8585831116766437,1.3156800112511926,0.4079979262896542,1.4761149763927006,0.4094601428901197
693,0.8718666059907145,0.8585831116766417,1.3156800112512057,0.40799792628965115,1.4761149763926968,0.40946014289011656
694,0.8718666059907139,0.8585831116766418,1.3156800112512252,0.4079979262896482,1.476114976392708,0.4094601428901136
695,0.8718666059907151,0.8585831116766418,1.3156800112512232,0.40799792628965215,1.4761149763927248,0.40946014289011096
696,0.8718666059907156,0.8585831116766427,1.3156800112512153,0.40799792628964965,1.4761149763927268,0.40946014289011584
697,0.8718666059907159,0.8585831116766429,1.315680011251219,0.4079979262896473,1.4761149763927353,0.40946014289011357
698,0.8718666059907157,0.858583111676644,1.3156800112512277,0.4079979262896505,1.476114976392738,0.4094601428901115
699,0.8718666059907163,0.8585831116766435,1.315680011251236,0.40799792628964854,1.4761149763927404,0.40946014289010957
700,0.8718666059907173,0.8585831116766434,1.3156800112512301,0.4079979262896467,1.4761149763927515,0.4094601428901078
701,0.8718666059907172,0.8585831116766441,1.3156800112512326,0.4079979262896454,1.4761149763927495,0.4094601428901063
702,0.8718666059907177,0.8585831116766445,1.3156800112512466,0.4079979262896438,1.4761149763927515,0.4094601428901085
703,0.8718666059907186,0.8585831116766445,1.3156800112512526,0.4079979262896459,1.4761149763927601,0.4094601428901071
704,0.8718666059907189,0.8585831116766448,1.3156800112512486,0.4079979262896476,1.4761149763927615,0.40946014289010607
705,0.8718666059907194,0.8585831116766448,1.3156800112512477,0.4079979262896465,1.4761149763927601,0.40946014289010496
706,0.8718666059907194,0.8585831116766456,1.3156800112512521,0.40799792628964543,1.4761149763927615,0.4094601428901039
707,0.8718666059907199,0.8585831116766449,1.315680011251254,0.40799792628964693,1.4761149763927628,0.40946014289010296
708,0.87186660599072,0.8585831116766451,1.3156800112512528,0.4079979262896462,1.4761149763927615,0.40946014289010224
709,0.8718666059907201,0.8585831116766457,1.3156800112512521,0.4079979262896454,1.4761149763927626,0.4094601428901014
710,0.8718666059907203,0.858583111676646,1.3156800112512517,0.40799792628964465,1.4761149763927635,0.4094601428901007
711,0.8718666059907205,0.8585831116766459,1.3156800112512492,0.40799792628964393,1.4761149763927641,0.40946014289010196
712,0.8718666059907204,0.8585831116766459,1.3156800112512486,0.40799792628964326,1.4761149763927666,0.4094601428901013
713,0.8718666059907206,0.8585831116766461,1.3156800112512481,0.4079979262896427,1.476114976392766,0.40946014289010074
714,0.8718666059907206,0.8585831116766461,1.315680011251249,0.40799792628964215,1.4761149763927681,0.4094601428901016
715,0.8718666059907207,0.8585831116766462,1.31568001125125,0.40799792628964165,1.4761149763927701,0.4094601428901011
716,0.8718666059907211,0.8585831116766462,1.315680011251252,0.40799792628964116,1.4761149763927741,0.4094601428901006
717,0.8718666059907211,0.8585831116766464,1.3156800112512514,0.4079979262896407,1.4761149763927737,0.4094601428901012
718,0.8718666059907213,0.8585831116766465,1.3156800112512501,0.4079979262896403,1.4761149763927723,0.40946014289010146
719,0.8718666059907209,0.8585831116766467,1.3156800112512508,0.40799792628963993,1.4761149763927728,0.4094601428901011
720,0.8718666059907207,0.8585831116766467,1.3156800112512521,0.4079979262896396,1.4761149763927726,0.40946014289010074
721,0.8718666059907209,0.8585831116766469,1.3156800112512526,0.40799792628963927,1.476114976392773,0.4094601428901012
722,0.8718666059907209,0.8585831116766469,1.315680011251253,0.407997926289639,1.4761149763927728,0.4094601428901009
723,0.8718666059907207,0.8585831116766468,1.3156800112512528,0.40799792628964,1.4761149763927757,0.40946014289010063
724,0.8718666059907209,0.8585831116766469,1.315680011251253,0.4079979262896401,1.4761149763927754,0.4094601428901014
725,0.871866605990721,0.858583111676647,1.3156800112512557,0.4079979262896399,1.4761149763927757,0.4094601428901012
726,0.8718666059907207,0.858583111676647,1.3156800112512574,0.4079979262896402,1.476114976392776,0.409460142890101
727,0.8718666059907207,0.8585831116766472,1.3156800112512572,0.40799792628964004,1.4761149763927761,0.4094601428901009
728,0.8718666059907209,0.8585831116766474,1.3156800112512583,0.4079979262896399,1.4761149763927763,0.40946014289010074
729,0.8718666059907209,0.8585831116766474,1.3156800112512583,0.40799792628963977,1.4761149763927766,0.40946014289010063
730,0.871866605990721,0.8585831116766472,1.3156800112512586,0.40799792628963966,1.4761149763927766,0.4094601428901005
731,0.8718666059907211,0.8585831116766472,1.3156800112512583,0.40799792628963955,1.4761149763927763,0.4094601428901004
732,0.8718666059907213,0.8585831116766472,1.315680011251258,0.40799792628963943,1.4761149763927768,0.4094601428901006
733,0.8718666059907214,0.8585831116766472,1.3156800112512583,0.4079979262896393,1.476114976392777,0.40946014289010074
734,0.8718666059907214,0.8585831116766472,1.315680011251258,0.4079979262896392,1.4761149763927768,0.40946014289010063
735,0.8718666059907214,0.8585831116766472,1.3156800112512579,0.4079979262896391,1.4761149763927774,0.40946014289010074
736,0.8718666059907214,0.8585831116766472,1.3156800112512577,0.407997926289639,1.4761149763927779,0.40946014289010063
737,0.8718666059907214,0.8585831116766472,1.315680011251258,0.4079979262896389,1.4761149763927783,0.4094601428901007
738,0.8718666059907214,0.8585831116766471,1.3156800112512583,0.40799792628963877,1.4761149763927786,0.4094601428901006
739,0.8718666059907215,0.858583111676647,1.3156800112512588,0.4079979262896387,1.4761149763927786,0.4094601428901005
740,0.8718666059907216,0.858583111676647,1.3156800112512588,0.40799792628963866,1.476114976392779,0.40946014289010046
741,0.8718666059907217,0.858583111676647,1.3156800112512586,0.4079979262896386,1.476114976392779,0.4094601428901006
742,0.8718666059907219,0.858583111676647,1.3156800112512586,0.40799792628963855,1.476114976392779,0.4094601428901005
743,0.8718666059907219,0.8585831116766469,1.3156800112512586,0.4079979262896385,1.476114976392779,0.40946014289010046
744,0.871866605990722,0.8585831116766469,1.3156800112512588,0.40799792628963844,1.476114976392779,0.4094601428901004
745,0.8718666059907221,0.8585831116766468,1.315680011251259,0.4079979262896385,1.476114976392779,0.40946014289010046
746,0.8718666059907221,0.8585831116766468,1.3156800112512588,0.40799792628963844,1.476114976392779,0.4094601428901004
747,0.8718666059907223,0.8585831116766468,1.3156800112512586,0.4079979262896384,1.4761149763927788,0.4094601428901004
748,0.8718666059907223,0.8585831116766468,1.3156800112512586,0.40799792628963844,1.4761149763927786,0.40946014289010035
749,0.8718666059907224,0.8585831116766468,1.3156800112512583,0.4079979262896384,1.4761149763927786,0.40946014289010035
750,0.8718666059907225,0.8585831116766468,1.3156800112512583,0.4079979262896383,1.4761149763927786,0.4094601428901003
751,0.8718666059907225,0.8585831116766468,1.3156800112512583,0.40799792628963827,1.4761149763927786,0.40946014289010024
752,0.8718666059907225,0.8585831116766468,1.3156800112512583,0.40799792628963827,1.4761149763927788,0.4094601428901003
753,0.8718666059907225,0.8585831116766468,1.3156800112512583,0.40799792628963827,1.4761149763927788,0.4094601428901003
754,0.8718666059907226,0.8585831116766468,1.3156800112512586,0.40799792628963827,1.4761149763927788,0.4094601428901003
755,0.8718666059907227,0.8585831116766468,1.3156800112512586,0.40799792628963827,1.4761149763927788,0.4094601428901003
756,0.8718666059907229,0.8585831116766468,1.3156800112512586,0.40799792628963827,1.4761149763927788,0.4094601428901003
757,0.871866605990723,0.8585831116766468,1.3156800112512588,0.40799792628963827,1.4761149763927788,0.4094601428901003
758,0.871866605990723,0.8585831116766468,1.315680011251259,0.40799792628963827,1.4761149763927788,0.4094601428901003
759,0.871866605990723,0.8585831116766468,1.315680011251259,0.4079979262896383,1.4761149763927788,0.4094601428901003
760,0.871866605990723,0.8585831116766469,1.315680011251259,0.4079979262896383,1.4761149763927788,0.4094601428901003
761,0.871866605990723,0.8585831116766469,1.315680011251259,0.4079979262896383,1.4761149763927788,0.4094601428901003
762,0.871866605990723,0.8585831116766469,1.315680011251259,0.4079979262896383,1.4761149763927788,0.4094601428901003
763,0.871866605990723,0.8585831116766469,1.315680011251259,0.4079979262896383,1.4761149763927788,0.4094601428901003
764,0.871866605990723,0.8585831116766469,1.315680011251259,0.4079979262896383,1.4761149763927788,0.4094601428901003
765,0.871866605990723,0.8585831116766469,1.315680011251259,0.4079979262896383,1.4761149763927788,0.4094601428901003
766,0.871866605990723,0.8585831116766469,1.315680011251259,0.4079979262896384,1.4761149763927788,0.4094601428901003
767,0.871866605990723,0.8585831116766469,1.315680011251259,0.4079979262896384,1.4761149763927788,0.4094601428901003
768,0.871866605990723,0.8585831116766469,1.315680011251259,0.4079979262896384,1.4761149763927788,0.4094601428901003
769,0.871866605990723,0.8585831116766469,1.315680011251259,0.4079979262896384,1.4761149763927788,0.4094601428901003
770,0.871866605990723,0.8585831116766469,1.315680011251259,0.4079979262896384,1.4761149763927788,0.4094601428901003
771,0.871866605990723,0.8585831116766469,1.315680011251259,0.4079979262896384,1.4761149763927788,0.4094601428901003
772,0.871866605990723,0.8585831116766469,1.315680011251259,0.4079979262896384,1.4761149763927788,0.4094601428901003
773,0.871866605990723,0.8585831116766469,1.315680011251259,0.4079979262896384,1.4761149763927788,0.4094601428901003
774,0.871866605990723,0.8585831116766469,1.315680011251259,0.4079979262896384,1.4761149763927788,0.4094601428901003
775,0.871866605990723,0.8585831116766469,1.315680011251259,0.4079979262896384,1.4761149763927788,0.4094601428901003
776,0.871866605990723,0.8585831116766469,1.315680011251259,0.4079979262896384,1.4761149763927788,0.4094601428901003
777,0.871866605990723,0.8585831116766469,1.315680011251259,0.4079979262896384,1.4761149763927788,0.4094601428901003
778,0.871866605990723,0.8585831116766469,1.315680011251259,0.4079979262896384,1.4761149763927788,0.4094601428901003
779,0.871866605990723,0.8585831116766469,1.315680011251259,0.4079979262896384,1.4761149763927788,0.4094601428901003
780,0.871866605990723,0.8585831116766469,1.315680011251259,0.4079979262896384,1.4761149763927788,0.4094601428901003
781,0.871866605990723,0.8585831116766469,1.315680011251259,0.4079979262896384,1.4761149763927788,0.4094601428901003
782,0.871866605990723,0.8585831116766469,1.315680011251259,0.4079979262896384,1.4761149763927788,0.4094601428901003
783,0.871866605990723,0.8585831116766469,1.315680011251259,0.4079979262896384,1.4761149763927788,0.4094601428901003
784,0.871866605990723,0.8585831116766469,1.315680011251259,0.4079979262896384,1.4761149763927788,0.4094601428901003
785,0.871866605990723,0.8585831116766469,1.315680011251259,0.4079979262896384,1.4761149763927788,0.4094601428901003
786,0.871866605990723,0.8585831116766469,1.315680011251259,0.4079979262896384,1.4761149763927788,0.4094601428901003
787,0.871866605990723,0.8585831116766469,1.315680011251259,0.4079979262896384,1.4761149763927788,0.4094601428901003
788,0.871866605990723,0.8585831116766469,1.315680011251259,0.4079979262896384,1.4761149763927788,0.4094601428901003
789,0.871866605990723,0.8585831116766469,1.315680011251259,0.4079979262896384,1.4761149763927788,0.4094601428901003
790,0.871866605990723,0.8585831116766469,1.315680011251259,0.4079979262896384,1.4761149763927788,0.4094601428901003
791,0.871866605990723,0.8585831116766469,1.315680011251259,0.4079979262896384,1.4761149763927788,0.4094601428901003
792,0.871866605990723,0.8585831116766469,1.315680011251259,0.4079979262896384,1.4761149763927788,0.4094601428901003
793,0.871866605990723,0.8585831116766469,1.315680011251259,0.4079979262896384,1.4761149763927788,0.4094601428901003
794,0.871866605990723,0.8585831116766469,1.315680011251259,0.4079979262896384,1.4761149763927788,0.4094601428901003
795,0.871866605990723,0.8585831116766469,1.315680011251259,0.4079979262896384,1.4761149763927788,0.4094601428901003
796,0.871866605990723,0.8585831116766469,1.315680011251259,0.4079979262896384,1.4761149763927788,0.4094601428901003
797,0.871866605990723,0.8585831116766469,1.315680011251259,0.4079979262896384,1.4761149763927788,0.4094601428901003
798,0.871866605990723,0.8585831116766469,1.315680011251259,0.4079979262896384,1.4761149763927788,0.4094601428901003
799,0.871866605990723,0.8585831116766469,1.315680011251259,0.4079979262896384,1.4761149763927788,0.4094601428901003
800,0.871866605990723,0.8585831116766469,1.315680011251259,0.4079979262896384,1.4761149763927788,0.4094601428901003
801,0.871866605990723,0.8585831116766469,1.315680011251259,0.4079979262896384,1.4761149763927788,0.4094601428901003
802,0.871866605990723,0.8585831116766469,1.315680011251259,0.4079979262896384,1.4761149763927788,0.4094601428901003
803,0.871866605990723,0.8585831116766469,1.315680011251259,0.4079979262896384,1.4761149763927788,0.4094601428901003
804,0.871866605990723,0.8585831116766469,1.315680011251259,0.4079979262896384,1.4761149763927788,0.4094601428901003
805,0.871866605990723,0.8585831116766469,1.315680011251259,0.4079979262896384,1.4761149763927788,0.4094601428901003
806,0.871866605990723,0.8585831116766469,1.315680011251259,0.4079979262896384,1.4761149763927788,0.4094601428901003
807,0.871866605990723,0.8585831116766469,1.315680011251259,0.4079979262896384,1.4761149763927788,0.4094601428901003
808,0.871866605990723,0.8585831116766469,1.315680011251259,0.4079979262896384,1.4761149763927788,0.4094601428901003
809,0.871866605990723,0.8585831116766469,1.315680011251259,0.4079979262896384,1.4761149763927788,0.4094601428901003
810,0.871866605990723,0.8585831116766469,1.315680011251259,0.4079979262896384,1.4761149763927788,0.4094601428901003
811,0.871866605990723,0.8585831116766469,1.315680011251259,0.4079979262896384,1.4761149763927788,0.4094601428901003
812,0.871866605990723,0.8585831116766469,1.315680011251259,0.4079979262896384,1.4761149763927788,0.4094601428901003
813,0.871866605990723,0.8585831116766469,1.315680011251259,0.4079979262896384,1.4761149763927788,0.4094601428901003
814,0.871866605990723,0.8585831116766469,1.315680011251259,0.4079979262896384,1.4761149763927788,0.4094601428901003
815,0.871866605990723,0.8585831116766469,1.315680011251259,0.4079979262896384,1.4761149763927788,0.4094601428901003
816,0.871866605990723,0.8585831116766469,1.315680011251259,0.4079979262896384,1.4761149763927788,0.4094601428901003
817,0.871866605990723,0.8585831116766469,1.315680011251259,0.4079979262896384,1.4761149763927788,0.4094601428901003
818,0.871866605990723,0.8585831116766469,1.315680011251259,0.4079979262896384,1.4761149763927788,0.4094601428901003
819,0.871866605990723,0.8585831116766469,1.315680011251259,0.4079979262896384,1.4761149763927788,0.4094601428901003
820,0.871866605990723,0.8585831116766469,1.315680011251259,0.4079979262896384,1.4761149763927788,0.4094601428901003
821,0.871866605990723,0.8585831116766469,1.315680011251259,0.4079979262896384,1.4761149763927788,0.4094601428901003
822,0.871866605990723,0.8585831116766469,1.315680011251259,0.4079979262896384,1.4761149763927788,0.4094601428901003
823,0.871866605990723,0.8585831116766469,1.315680011251259,0.4079979262896384,1.4761149763927788,0.4094601428901003
824,0.871866605990723,0.8585831116766469,1.315680011251259,0.4079979262896384,1.4761149763927788,0.4094601428901003
825,0.871866605990723,0.8585831116766469,1.315680011251259,0.4079979262896384,1.4761149763927788,0.4094601428901003
826,0.871866605990723,0.8585831116766469,1.315680011251259,0.4079979262896384,1.4761149763927788,0.4094601428901003
827,0.871866605990723,0.8585831116766469,1.315680011251259,0.4079979262896384,1.4761149763927788,0.4094601428901003
828,0.871866605990723,0.8585831116766469,1.315680011251259,0.4079979262896384,1.4761149763927788,0.4094601428901003
829,0.871866605990723,0.8585831116766469,1.315680011251259,0.4079979262896384,1.4761149763927788,0.4094601428901003
830,0.871866605990723,0.8585831116766469,1.315680011251259,0.4079979262896384,1.4761149763927788,0.4094601428901003
831,0.871866605990723,0.8585831116766469,1.315680011251259,0.4079979262896384,1.4761149763927788,0.4094601428901003
832,0.871866605990723,0.8585831116766469,1.315680011251259,0.4079979262896384,1.4761149763927788,0.4094601428901003
833,0.871866605990723,0.8585831116766469,1.315680011251259,0.4079979262896384,1.4761149763927788,0.4094601428901003
834,0.871866605990723,0.8585831116766469,1.315680011251259,0.4079979262896384,1.4761149763927788,0.4094601428901003
835,0.871866605990723,0.8585831116766469,1.315680011251259,0.4079979262896384,1.4761149763927788,0.4094601428901003
836,0.871866605990723,0.8585831116766469,1.315680011251259,0.4079979262896384,1.4761149763927788,0.4094601428901003
837,0.871866605990723,0.8585831116766469,1.315680011251259,0.4079979262896384,1.4761149763927788,0.4094601428901003
838,0.871866605990723,0.8585831116766469,1.315680011251259,0.4079979262896384,1.4761149763927788,0.4094601428901003
839,0.871866605990723,0.8585831116766469,1.315680011251259,0.4079979262896384,1.4761149763927788,0.4094601428901003
840,0.871866605990723,0.8585831116766469,1.315680011251259,0.4079979262896384,1.4761149763927788,0.4094601428901003
841,0.871866605990723,0.8585831116766469,1.315680011251259,0.4079979262896384,1.4761149763927788,0.4094601428901003
842,0.871866605990723,0.8585831116766469,1.315680011251259,0.4079979262896384,1.4761149763927788,0.4094601428901003
843,0.871866605990723,0.8585831116766469,1.315680011251259,0.4079979262896384,1.4761149763927788,0.4094601428901003
844,0.871866605990723,0.8585831116766469,1.315680011251259,0.4079979262896384,1.4761149763927788,0.4094601428901003
845,0.871866605990723,0.8585831116766469,1.315680011251259,0.4079979262896384,1.4761149763927788,0.4094601428901003
846,0.871866605990723,0.8585831116766469,1.315680011251259,0.4079979262896384,1.4761149763927788,0.4094601428901003
847,0.871866605990723,0.8585831116766469,1.315680011251259,0.4079979262896384,1.4761149763927788,0.4094601428901003
848,0.871866605990723,0.8585831116766469,1.315680011251259,0.4079979262896384,1.4761149763927788,0.4094601428901003
849,0.871866605990723,0.8585831116766469,1.315680011251259,0.4079979262896384,1.4761149763927788,0.4094601428901003
850,0.871866605990723,0.8585831116766469,1.315680011251259,0.4079979262896384,1.4761149763927788,0.4094601428901003
851,0.871866605990723,0.8585831116766469,1.315680011251259,0.4079979262896384,1.4761149763927788,0.4094601428901003
852,0.871866605990723,0.8585831116766469,1.315680011251259,0.4079979262896384,1.4761149763927788,0.4094601428901003
853,0.871866605990723,0.8585831116766469,1.315680011251259,0.4079979262896384,1.4761149763927788,0.4094601428901003
854,0.871866605990723,0.8585831116766469,1.315680011251259,0.4079979262896384,1.4761149763927788,0.4094601428901003
855,0.871866605990723,0.8585831116766469,1.315680011251259,0.4079979262896384,1.4761149763927788,0.4094601428901003
856,0.871866605990723,0.8585831116766469,1.315680011251259,0.4079979262896384,1.4761149763927788,0.4094601428901003
857,0.871866605990723,0.8585831116766469,1.315680011251259,0.4079979262896384,1.4761149763927788,0.4094601428901003
858,0.871866605990723,0.8585831116766469,1.315680011251259,0.4079979262896384,1.4761149763927788,0.4094601428901003
859,0.871866605990723,0.8585831116766469,1.315680011251259,0.4079979262896384,1.4761149763927788,0.4094601428901003
860,0.871866605990723,0.8585831116766469,1.315680011251259,0.4079979262896384,1.4761149763927788,0.4094601428901003
861,0.871866605990723,0.8585831116766469,1.315680011251259,0.4079979262896384,1.4761149763927788,0.4094601428901003
862,0.871866605990723,0.8585831116766469,1.315680011251259,0.4079979262896384,1.4761149763927788,0.4094601428901003
863,0.871866605990723,0.8585831116766469,1.315680011251259,0.4079979262896384,1.4761149763927788,0.4094601428901003
864,0.871866605990723,0.8585831116766469,1.315680011251259,0.4079979262896384,1.4761149763927788,0.4094601428901003
865,0.871866605990723,0.8585831116766469,1.315680011251259,0.4079979262896384,1.4761149763927788,0.4094601428901003
866,0.871866605990723,0.8585831116766469,1.315680011251259,0.4079979262896384,1.4761149763927788,0.4094601428901003
867,0.871866605990723,0.8585831116766469,1.315680011251259,0.4079979262896384,1.4761149763927788,0.4094601428901003
868,0.871866605990723,0.8585831116766469,1.315680011251259,0.4079979262896384,1.4761149763927788,0.4094601428901003
869,0.871866605990723,0.8585831116766469,1.315680011251259,0.4079979262896384,1.4761149763927788,0.4094601428901003
870,0.871866605990723,0.8585831116766469,1.315680011251259,0.4079979262896384,1.4761149763927788,0.4094601428901003
871,0.871866605990723,0.8585831116766469,1.315680011251259,0.4079979262896384,1.4761149763927788,0.4094601428901003
872,0.871866605990723,0.8585831116766469,1.315680011251259,0.4079979262896384,1.4761149763927788,0.4094601428901003
873,0.871866605990723,0.8585831116766469,1.315680011251259,0.4079979262896384,1.4761149763927788,0.4094601428901003
874,0.871866605990723,0.8585831116766469,1.315680011251259,0.4079979262896384,1.4761149763927788,0.4094601428901003
875,0.871866605990723,0.8585831116766469,1.315680011251259,0.4079979262896384,1.4761149763927788,0.4094601428901003
876,0.871866605990723,0.8585831116766469,1.315680011251259,0.4079979262896384,1.4761149763927788,0.4094601428901003
877,0.871866605990723,0.8585831116766469,1.315680011251259,0.4079979262896384,1.4761149763927788,0.4094601428901003
878,0.871866605990723,0.8585831116766469,1.315680011251259,0.4079979262896384,1.4761149763927788,0.4094601428901003
879,0.871866605990723,0.8585831116766469,1.315680011251259,0.4079979262896384,1.4761149763927788,0.4094601428901003
880,0.871866605990723,0.8585831116766469,1.315680011251259,0.4079979262896384,1.4761149763927788,0.4094601428901003
881,0.871866605990723,0.8585831116766469,1.315680011251259,0.4079979262896384,1.4761149763927788,0.4094601428901003
882,0.871866605990723,0.8585831116766469,1.315680011251259,0.4079979262896384,1.4761149763927788,0.4094601428901003
883,0.871866605990723,0.8585831116766469,1.315680011251259,0.4079979262896384,1.4761149763927788,0.4094601428901003
884,0.871866605990723,0.8585831116766469,1.315680011251259,0.4079979262896384,1.4761149763927788,0.4094601428901003
885,0.871866605990723,0.8585831116766469,1.315680011251259,0.4079979262896384,1.4761149763927788,0.4094601428901003
886,0.871866605990723,0.8585831116766469,1.315680011251259,0.4079979262896384,1.4761149763927788,0.4094601428901003
887,0.871866605990723,0.8585831116766469,1.315680011251259,0.4079979262896384,1.4761149763927788,0.4094601428901003
888,0.871866605990723,0.8585831116766469,1.315680011251259,0.4079979262896384,1.4761149763927788,0.4094601428901003
889,0.871866605990723,0.8585831116766469,1.315680011251259,0.4079979262896384,1.4761149763927788,0.4094601428901003
890,0.871866605990723,0.8585831116766469,1.315680011251259,0.4079979262896384,1.4761149763927788,0.4094601428901003
891,0.871866605990723,0.8585831116766469,1.315680011251259,0.4079979262896384,1.4761149763927788,0.4094601428901003
892,0.871866605990723,0.8585831116766469,1.315680011251259,0.4079979262896384,1.4761149763927788,0.4094601428901003
893,0.871866605990723,0.8585831116766469,1.315680011251259,0.4079979262896384,1.4761149763927788,0.4094601428901003
894,0.871866605990723,0.8585831116766469,1.315680011251259,0.4079979262896384,1.4761149763927788,0.4094601428901003
895,0.871866605990723,0.8585831116766469,1.315680011251259,0.4079979262896384,1.4761149763927788,0.4094601428901003
896,0.871866605990723,0.8585831116766469,1.315680011251259,0.4079979262896384,1.4761149763927788,0.4094601428901003
897,0.871866605990723,0.8585831116766469,1.315680011251259,0.4079979262896384,1.4761149763927788,0.4094601428901003
898,0.871866605990723,0.8585831116766469,1.315680011251259,0.4079979262896384,1.4761149763927788,0.4094601428901003
899,0.871866605990723,0.8585831116766469,1.315680011251259,0.4079979262896384,1.4761149763927788,0.4094601428901003
900,0.871866605990723,0.8585831116766469,1.315680011251259,0.4079979262896384,1.4761149763927788,0.4094601428901003
901,0.871866605990723,0.8585831116766469,1.315680011251259,0.4079979262896384,1.4761149763927788,0.4094601428901003
902,0.871866605990723,0.8585831116766469,1.315680011251259,0.4079979262896384,1.4761149763927788,0.4094601428901003
903,0.871866605990723,0.8585831116766469,1.315680011251259,0.4079979262896384,1.4761149763927788,0.4094601428901003
904,0.871866605990723,0.8585831116766469,1.315680011251259,0.4079979262896384,1.4761149763927788,0.4094601428901003
905,0.871866605990723,0.8585831116766469,1.315680011251259,0.4079979262896384,1.4761149763927788,0.4094601428901003
906,0.871866605990723,0.8585831116766469,1.315680011251259,0.4079979262896384,1.4761149763927788,0.4094601428901003
907,0.871866605990723,0.8585831116766469,1.315680011251259,0.4079979262896384,1.4761149763927788,0.4094601428901003
908,0.871866605990723,0.8585831116766469,1.315680011251259,0.4079979262896384,1.4761149763927788,0.4094601428901003
909,0.871866605990723,0.8585831116766469,1.315680011251259,0.4079979262896384,1.4761149763927788,0.4094601428901003
910,0.871866605990723,0.8585831116766469,1.315680011251259,0.4079979262896384,1.4761149763927788,0.4094601428901003
911,0.871866605990723,0.8585831116766469,1.315680011251259,0.4079979262896384,1.4761149763927788,0.4094601428901003
912,0.871866605990723,0.8585831116766469,1.315680011251259,0.4079979262896384,1.4761149763927788,0.4094601428901003
913,0.871866605990723,0.8585831116766469,1.315680011251259,0.4079979262896384,1.4761149763927788,0.4094601428901003
914,0.871866605990723,0.8585831116766469,1.315680011251259,0.4079979262896384,1.4761149763927788,0.4094601428901003
915,0.871866605990723,0.8585831116766469,1.315680011251259,0.4079979262896384,1.4761149763927788,0.4094601428901003
916,0.871866605990723,0.8585831116766469,1.315680011251259,0.4079979262896384,1.4761149763927788,0.4094601428901003
917,0.871866605990723,0.8585831116766469,1.315680011251259,0.4079979262896384,1.4761149763927788,0.4094601428901003
918,0.871866605990723,0.8585831116766469,1.315680011251259,0.4079979262896384,1.4761149763927788,0.4094601428901003
919,0.871866605990723,0.8585831116766469,1.315680011251259,0.4079979262896384,1.4761149763927788,0.4094601428901003
920,0.871866605990723,0.8585831116766469,1.315680011251259,0.4079979262896384,1.4761149763927788,0.4094601428901003
921,0.871866605990723,0.8585831116766469,1.315680011251259,0.4079979262896384,1.4761149763927788,0.4094601428901003
922,0.871866605990723,0.8585831116766469,1.315680011251259,0.4079979262896384,1.4761149763927788,0.4094601428901003
923,0.871866605990723,0.8585831116766469,1.315680011251259,0.4079979262896384,1.4761149763927788,0.4094601428901003
924,0.871866605990723,0.8585831116766469,1.315680011251259,0.4079979262896384,1.4761149763927788,0.4094601428901003
925,0.871866605990723,0.8585831116766469,1.315680011251259,0.4079979262896384,1.4761149763927788,0.4094601428901003
926,0.871866605990723,0.8585831116766469,1.315680011251259,0.4079979262896384,1.4761149763927788,0.4094601428901003
927,0.871866605990723,0.8585831116766469,1.315680011251259,0.4079979262896384,1.4761149763927788,0.4094601428901003
928,0.871866605990723,0.8585831116766469,1.315680011251259,0.4079979262896384,1.4761149763927788,0.4094601428901003
929,0.871866605990723,0.8585831116766469,1.315680011251259,0.4079979262896384,1.4761149763927788,0.4094601428901003
930,0.871866605990723,0.8585831116766469,1.315680011251259,0.4079979262896384,1.4761149763927788,0.4094601428901003
931,0.871866605990723,0.8585831116766469,1.315680011251259,0.4079979262896384,1.4761149763927788,0.4094601428901003
932,0.871866605990723,0.8585831116766469,1.315680011251259,0.4079979262896384,1.4761149763927788,0.4094601428901003
933,0.871866605990723,0.8585831116766469,1.315680011251259,0.4079979262896384,1.4761149763927788,0.4094601428901003
934,0.871866605990723,0.8585831116766469,1.315680011251259,0.4079979262896384,1.4761149763927788,0.4094601428901003
935,0.871866605990723,0.8585831116766469,1.315680011251259,0.4079979262896384,1.4761149763927788,0.4094601428901003
936,0.871866605990723,0.8585831116766469,1.315680011251259,0.4079979262896384,1.4761149763927788,0.4094601428901003
937,0.871866605990723,0.8585831116766469,1.315680011251259,0.4079979262896384,1.4761149763927788,0.4094601428901003
938,0.871866605990723,0.8585831116766469,1.315680011251259,0.4079979262896384,1.4761149763927788,0.4094601428901003
939,0.871866605990723,0.8585831116766469,1.315680011251259,0.4079979262896384,1.4761149763927788,0.4094601428901003
940,0.871866605990723,0.8585831116766469,1.315680011251259,0.4079979262896384,1.4761149763927788,0.4094601428901003
941,0.871866605990723,0.8585831116766469,1.315680011251259,0.4079979262896384,1.4761149763927788,0.4094601428901003
942,0.871866605990723,0.8585831116766469,1.315680011251259,0.4079979262896384,1.4761149763927788,0.4094601428901003
943,0.871866605990723,0.8585831116766469,1.315680011251259,0.4079979262896384,1.4761149763927788,0.4094601428901003
944,0.871866605990723,0.8585831116766469,1.315680011251259,0.4079979262896384,1.4761149763927788,0.4094601428901003
945,0.871866605990723,0.8585831116766469,1.315680011251259,0.4079979262896384,1.4761149763927788,0.4094601428901003
946,0.871866605990723,0.8585831116766469,1.315680011251259,0.4079979262896384,1.4761149763927788,0.4094601428901003
947,0.871866605990723,0.8585831116766469,1.315680011251259,0.4079979262896384,1.4761149763927788,0.4094601428901003
948,0.871866605990723,0.8585831116766469,1.315680011251259,0.4079979262896384,1.4761149763927788,0.4094601428901003
949,0.871866605990723,0.8585831116766469,1.315680011251259,0.4079979262896384,1.4761149763927788,0.4094601428901003
950,0.871866605990723,0.8585831116766469,1.315680011251259,0.4079979262896384,1.4761149763927788,0.4094601428901003
951,0.871866605990723,0.8585831116766469,1.315680011251259,0.4079979262896384,1.4761149763927788,0.4094601428901003
952,0.871866605990723,0.8585831116766469,1.315680011251259,0.4079979262896384,1.4761149763927788,0.4094601428901003
953,0.871866605990723,0.8585831116766469,1.315680011251259,0.4079979262896384,1.4761149763927788,0.4094601428901003
954,0.871866605990723,0.8585831116766469,1.315680011251259,0.4079979262896384,1.4761149763927788,0.4094601428901003
955,0.871866605990723,0.8585831116766469,1.315680011251259,0.4079979262896384,1.4761149763927788,0.4094601428901003
956,0.871866605990723,0.8585831116766469,1.315680011251259,0.4079979262896384,1.4761149763927788,0.4094601428901003
957,0.871866605990723,0.8585831116766469,1.315680011251259,0.4079979262896384,1.4761149763927788,0.4094601428901003
958,0.871866605990723,0.8585831116766469,1.315680011251259,0.4079979262896384,1.4761149763927788,0.4094601428901003
959,0.871866605990723,0.8585831116766469,1.315680011251259,0.4079979262896384,1.4761149763927788,0.4094601428901003
960,0.871866605990723,0.8585831116766469,1.315680011251259,0.4079979262896384,1.4761149763927788,0.4094601428901003
961,0.871866605990723,0.8585831116766469,1.315680011251259,0.4079979262896384,1.4761149763927788,0.4094601428901003
962,0.871866605990723,0.8585831116766469,1.315680011251259,0.4079979262896384,1.4761149763927788,0.4094601428901003
963,0.871866605990723,0.8585831116766469,1.315680011251259,0.4079979262896384,1.4761149763927788,0.4094601428901003
964,0.871866605990723,0.8585831116766469,1.315680011251259,0.4079979262896384,1.4761149763927788,0.4094601428901003
965,0.871866605990723,0.8585831116766469,1.315680011251259,0.4079979262896384,1.4761149763927788,0.4094601428901003
966,0.871866605990723,0.8585831116766469,1.315680011251259,0.4079979262896384,1.4761149763927788,0.4094601428901003
967,0.871866605990723,0.8585831116766469,1.315680011251259,0.4079979262896384,1.4761149763927788,0.4094601428901003
968,0.871866605990723,0.8585831116766469,1.315680011251259,0.4079979262896384,1.4761149763927788,0.4094601428901003
