0,0.5,0.5,0.5,0.5,0.5,0.5
1,0.49963393013711993,0.4994776886719671,0.4950049975008331,0.4950049975008331,0.4950049975008331,0.4950049975008331
2,0.5000692087068168,0.499364345571279,0.4900648377322716,0.4900648377322716,0.4959734730294448,0.4998152930540437
3,0.4995430737840552,0.4990934989119909,0.48517886926919956,0.48517886926919956,0.491028595206837,0.49483211211308153
4,0.4995430737840552,0.5016708465106599,0.48034644896866946,0.48034644896866946,0.4861379111686133,0.4899035447425956
5,0.5018345708411938,0.5011508291734889,0.4755669418580723,0.4755669418580723,0.4822920023294363,0.4850289433363995
6,0.5034537502463694,0.5010205321155294,0.4708397210249011,0.4708397210249011,0.48007564187766577,0.4802076685087747
7,0.5084758016164895,0.5008108507444392,0.4661641675080852,0.4661641675080852,0.4755049811511203,0.4754390889836428
8,0.5079478617707843,0.5005056613569289,0.4615396701908705,0.4615396701908705,0.4707878199814612,0.47072258148531443
9,0.5100227136430937,0.5004205419996132,0.45696562569522375,0.45696562569522375,0.4667282772321109,0.46605753063079286
10,0.5106739545872471,0.5003135596677035,0.4524414382777373,0.4524414382777373,0.4677201685195275,0.46144332882360717
11,0.5102941905687024,0.5001060104613894,0.44796651972701224,0.44796651972701224,0.46309413411687966,0.4568793761491541
12,0.5097059308536493,0.49990626436788516,0.4435402892624976,0.4435402892624976,0.4585184319737479,0.4523650802715243
13,0.5092784459803703,0.499687119998252,0.4391621734347644,0.4391621734347644,0.4539924692755913,0.44789985633179225
14,0.508948581393377,0.5011832391935116,0.43821482193366856,0.4413093655633455,0.45289887659140216,0.4536179626141001
15,0.5105196934544011,0.5008566551902482,0.43389791540168965,0.4369619743125944,0.4517305815717239,0.4491493179042044
16,0.5099179076952373,0.5006513062087674,0.42962780747507123,0.4326617121451312,0.44728497750543195,0.44472911675886717
17,0.5110652299883519,0.5004132101709983,0.4254039488184446,0.4284080258463431,0.4471246519494583,0.44035679053371973
18,0.5132010478152498,0.5000423607855817,0.4212257970030364,0.43402197948056787,0.4434121970181974,0.4360317777337539
19,0.5117125298346624,0.499674224673702,0.4170928164143999,0.43957523901273493,0.43906152805138743,0.4317535239178099
20,0.5112474835312874,0.49943856622846544,0.41300447816144814,0.4352665283517471,0.4347578527784274,0.4275214816044124
21,0.5108539085821634,0.49923186990386925,0.4089602599867701,0.4310043159597037,0.43050062143406603,0.42333511017893366
22,0.5102135170418215,0.4979105343620907,0.4049596461782095,0.4267880583261786,0.42628929114305253,0.41919387580206496
23,0.5154701619874167,0.49790869196283927,0.40100212748168884,0.43238984358466526,0.4221990439292448,0.41509725131957625
24,0.5172304633578504,0.4976239005205054,0.3970872010152599,0.4281684833313036,0.41865661765932405,0.4207011614591308
25,0.52195479302534,0.4969608170610552,0.3932143701843622,0.423992513673192,0.4147838430842423,0.41659802133140156
26,0.5214494302106818,0.49670913118024324,0.38938314459827195,0.41986140583515996,0.4107424585550449,0.412538960626954
27,0.5223918236683045,0.4986621303598264,0.3855930399877237,0.4157746376426413,0.4134541315432868,0.4116102224073368
28,0.5217045914190326,0.49832065059797886,0.3818435781236878,0.4117316934340942,0.40943375166610074,0.4076077724880831
29,0.5210841612059056,0.4980958343144807,0.3781342867372859,0.4077320639746483,0.4054564447913329,0.4036482034756883
30,0.526127835167571,0.498043344276887,0.3744646994408284,0.4037752463709611,0.4031466246641258,0.3997310175138097
31,0.5259222888837898,0.4978561757499526,0.38052911138071727,0.3998607439872671,0.3992382166143266,0.395855722941005
32,0.5273083081981804,0.49749704578307125,0.3768436618902675,0.3959880663625996,0.3956061580597786,0.40171094050517353
33,0.5266677628103041,0.49714985531716366,0.37319755415211187,0.39215672912917043,0.39177851593644153,0.3978242322576982
34,0.529173098412526,0.4971095974427699,0.36959033293767346,0.3883662539318894,0.3985747635283019,0.39397897659015235
35,0.5285431584879527,0.4968709796104185,0.3660215486648629,0.38461616834900647,0.39472610402383684,0.3901746942532817
36,0.5313769128508814,0.4968693299688749,0.36249075732361075,0.3809060058138611,0.39093121240405043,0.38641091193754
37,0.533343953315492,0.4967816883268343,0.35899752040243704,0.3772353055377216,0.3881987931844747,0.3826871621948133
38,0.5333827713123371,0.4959979397011617,0.35554140481604424,0.3736036124336995,0.3849307887349892,0.37900298336123456
39,0.532208871204094,0.4952183325884089,0.352121982833917,0.37001047704172196,0.38122871414460774,0.375357919481072
40,0.5329896069103924,0.49502830461739944,0.34873883200991496,0.366455455454548,0.38371159527860754,0.371751520231676
41,0.5377841031256393,0.4941564888023042,0.3453915351128441,0.36293810924481235,0.38028528166704834,0.36818334084946863
42,0.5375471657986902,0.49637212563748023,0.3420796800579916,0.35945800539308265,0.38056768477386604,0.3732668131422659
43,0.5429212802019235,0.4963482746772445,0.3388028598396112,0.35601471621691455,0.37774251802454456,0.3696912478238359
44,0.5418950461388777,0.49538209198562116,0.3451302120390747,0.35260781930089036,0.37412769604925034,0.36615347279735416
45,0.5408614398742912,0.49440925386063445,0.3513907507212669,0.3492368974276272,0.3705510446961793,0.362653054817767
46,0.5402607322473489,0.4940272271598491,0.3575668581443457,0.34591992158792373,0.36701212672799466,0.368739985588998
47,0.5377900763956396,0.4930805188589695,0.35415535781283064,0.34261954321029886,0.36351051027925446,0.3652218838566168
48,0.5400921451206898,0.4927879981897964,0.3507797834387713,0.33935392058283087,0.3611823126968611,0.36174083068377844
49,0.5400287789203047,0.4924977369513306,0.34743972453407007,0.3361226565881491,0.3577432028715529,0.3582964027555929
50,0.5457002818743442,0.48897869711978637,0.34413477564189776,0.3329253589762692,0.35470746632958017,0.3548881819456541
51,0.5480232298292171,0.48887274655345253,0.34086453627108815,0.32976164030112415,0.35175785861572295,0.3515157552483842
52,0.5552727975243817,0.49409840892964507,0.3376286108314365,0.32663111785797094,0.3484192809687739,0.34849616469480116
53,0.5552727975243817,0.489577174787383,0.33442660856988954,0.32353341362165844,0.3451149421484315,0.34519109672456827
54,0.5537436508226857,0.49061054254378966,0.3312581435076133,0.3204681541857456,0.3418452123821822,0.34521859407203637
55,0.5553724736102785,0.49011017206349533,0.32812283437792733,0.31743497070245685,0.34184467399558455,0.3419511513511707
56,0.5571460753331507,0.489747963545969,0.32502030456509123,0.31443349882346294,0.341161098616104,0.3387178693895176
57,0.5595771492008083,0.4894069545129917,0.3219501820439324,0.31146337864147483,0.3382830546028627,0.3355183604833796
58,0.559111403785686,0.4883159213716101,0.3189120993203021,0.30852425463263966,0.33509084673591516,0.3323522416510374
59,0.5586746226769046,0.4880300728865641,0.31590569337234864,0.31504284329129734,0.33193192264090987,0.3292191345715477
60,0.5609369257399427,0.48762115685217966,0.31293060559259445,0.3120758815275845,0.32898314845554727,0.32611866552437985
61,0.560388689757043,0.48717395939638747,0.3099864817308075,0.3091397991084371,0.32588799853993067,0.3324586977276392
62,0.5598596448009858,0.48688074470206016,0.30707297183765386,0.3062342470403565,0.32282503301154786,0.3293339753220486
63,0.562229722347735,0.48676153542471795,0.30418973020912093,0.30335888056357,0.32015722098150107,0.32624171545412123
64,0.5616720616315037,0.4863177864381943,0.30133641533170036,0.30051335909736326,0.31715413024233596,0.3231815518526068
65,0.560990992909092,0.4858497706350009,0.2985126898283192,0.2976973461861594,0.3235528567128515,0.3201531226825578
66,0.5602329420936782,0.4855715838038955,0.29571822040500917,0.2949105094463337,0.3205239785588653,0.317156070488133
67,0.5626525847767148,0.48549820122786524,0.292952677798303,0.29215252051375373,0.3189930654456267,0.3235472429023281
68,0.5621384727641416,0.4851714574234971,0.2902157367233474,0.28942305499203413,0.3160128393217159,0.3205244688985428
69,0.5613631175408774,0.4848808617957466,0.28750707582272284,0.2867217924014961,0.31306340717985365,0.3175329285141337
70,0.5606280895000696,0.48458300685299205,0.28482637761595947,0.2933723543278805,0.31014442331892167,0.3145722711125016
71,0.5598484204001273,0.4842914776000177,0.28217332844973936,0.2906397026452788,0.307255546205147,0.3116421502838883
72,0.5659365917131494,0.4802654736311075,0.2795476184487757,0.28793521041667064,0.30444746496512287,0.3087422237911263
73,0.5654597209110739,0.47994360175695894,0.27694894146735854,0.2852585623107008,0.3016173188038146,0.3058721535161239
74,0.5649913922818719,0.4756329915910499,0.2743769950415581,0.2826094467882627,0.29881628414036054,0.3030316054070769
75,0.5709325712860139,0.4753289756494277,0.271831480342076,0.28926499091722097,0.29614775309010627,0.3002202494263959
76,0.5701873449386208,0.47501965972636306,0.2693121021277353,0.28658403610149763,0.29340300771910566,0.29743775949933904
77,0.5694560135365595,0.4747089567448339,0.26681856869960024,0.2839305835891779,0.29068641904045817,0.29468381346334016
78,0.5690460107108817,0.47442605326017445,0.2643505918557163,0.2905539709603359,0.2879976730715406,0.29195809301802234
79,0.5683168388806673,0.47412080012305363,0.2619078868464626,0.29710953551105274,0.28533645959088677,0.2892602836758873
80,0.5709400900903199,0.47368773502457134,0.2594901723305071,0.2943668688220768,0.2829004726386513,0.2865900747136708
81,0.5701910914128671,0.47336680100478706,0.25709717033135643,0.2916522361280966,0.2802915823269107,0.283947159124355
82,0.5698568876911855,0.4715051407258787,0.25472860619449184,0.2889653258597376,0.2777093345763466,0.2813312335698274
83,0.5790446244481199,0.47149819463915765,0.252384208545083,0.28630583016811917,0.2754032042149934,0.278741998334179
84,0.5790446244481199,0.4710010587160987,0.2500637092462712,0.2836734448775308,0.2728710610751533,0.2761791572776304
85,0.5787115861044091,0.4737005517643885,0.2540679823496396,0.2839518532911351,0.2703647068586014,0.2774012684136041
86,0.5780676934373681,0.47321971685847797,0.25173666920022186,0.28134632746589294,0.26788385590521163,0.2748558503773093
87,0.5772902664451244,0.47288904700317336,0.2494290568123536,0.27876729012260804,0.26542822595522964,0.2723363097508928
88,0.5765240489482715,0.47255278728529604,0.24714488309488608,0.27621444834256337,0.26299753810615084,0.26984236037308207
89,0.5787779436239184,0.47818907423016344,0.2471884756254791,0.2805313818701705,0.26070671139041546,0.2681605915630923
90,0.5834562230829597,0.4781380621848889,0.24492934306034128,0.2779675180867867,0.26020607242728944,0.2657097882901894
91,0.5829584804949973,0.47794467581512856,0.24269309477901113,0.2754296254161072,0.2578303449011929,0.2718407350762122
92,0.5823521616269041,0.4794664599949847,0.24047947856394142,0.27291741761931415,0.2554786610482592,0.2748724952573903
93,0.5816417659245554,0.4789044226072342,0.23828824518572073,0.27043061184879086,0.25315075609414384,0.27236787494650316
94,0.5797869655166531,0.48042245413951457,0.23611914836534909,0.2679689286053091,0.2508463683989367,0.2726231380968149
95,0.5922920464536819,0.4804223882679415,0.2339719447370177,0.2655320916957879,0.2487741995355792,0.27014397706586446
96,0.5919290790935829,0.48157741806752613,0.23184639381138575,0.2631198281916171,0.24651417545153548,0.27418568949379346
97,0.5911616808118607,0.4812272581972522,0.22974225793934713,0.26073186838753654,0.24427692124625516,0.2716973008008346
98,0.5938110741946055,0.48074945914500006,0.22765930227628053,0.26743443479860307,0.24226061663685877,0.26923396020159485
99,0.601909309357075,0.48731855090517456,0.22559729474677584,0.26501216690667073,0.24006672315087912,0.2670426249426333
100,0.6077893323458149,0.48731724935046145,0.22355600600983014,0.26261423765815123,0.23804209964340117,0.26462632335004693
101,0.6090422441019573,0.48693860352738694,0.22153520942450697,0.2602403808148978,0.2385067432470366,0.2622342785995745
102,0.6104098474303659,0.4855295343289042,0.22856497653274094,0.25789033327076366,0.2400184490229482,0.2598662255692146
103,0.6126078635249314,0.4850282155660007,0.22650303022750737,0.2555638350123267,0.23795130479012055,0.2575219022533864
104,0.6074426891828674,0.48475342398177906,0.22446172761967148,0.26227288205434796,0.24042821787440044,0.2552010497238786
105,0.604043823025663,0.48377005354098324,0.22244084364209077,0.2599115749811189,0.23826358366966008,0.2601941278941329
106,0.6063449025476119,0.4833576509288427,0.22044015586698576,0.2665681126932956,0.23700061678958373,0.25785387777500685
107,0.6063449025476119,0.4827957105924708,0.21845944447294102,0.2641729297647406,0.23487110540258394,0.2555369944843973
108,0.605125306886405,0.47765265094128,0.21649849221234327,0.2707779166091779,0.23276283754444912,0.25324322390281645
109,0.6046225503020547,0.4772604101408446,0.21455708437925014,0.2683497686670754,0.23067558237955604,0.2509723148838267
110,0.6038524367311889,0.4767046225475169,0.22159335013064912,0.27490414119033174,0.2286091117708059,0.24872401921695347
111,0.6063864693141013,0.4762290405502785,0.21961022537527997,0.2724439175084089,0.22705750872358724,0.24649809159108726
112,0.6088708950069541,0.4761511713422193,0.21764681276642867,0.2789485908840196,0.22577890364949832,0.24429428955836918
113,0.6111269752740154,0.4756485473962836,0.21570289882148383,0.27645715970315465,0.22384427028149745,0.24211237349855289
114,0.6066931376749027,0.47494144318571274,0.21377827254568016,0.2739904487010967,0.22184700197112386,0.2399521065838363
115,0.6061191387711592,0.4745251918392071,0.22078638684024743,0.27154819060383667,0.21986953290428093,0.23781325474415674
116,0.6058557925216248,0.4742125456035585,0.2277250910019961,0.26913012124719693,0.21791164919018843,0.2356955866329427
117,0.6011409655898038,0.4737998125801834,0.22569928231132444,0.26673597953823913,0.21597313942481433,0.2335988735933164
118,0.603732498980627,0.4727866108448657,0.22369350169864416,0.26436550741717985,0.21424081114978144,0.23152288962474038
119,0.6029892465167673,0.47217279364077347,0.22170753334076604,0.2620184498198062,0.212338764515978,0.23834548935772198
120,0.60218792767399,0.47158680520553375,0.21974116391782525,0.2685637590075564,0.21045548861841304,0.23623155450261482
121,0.6052797623296583,0.4715616411359059,0.21779418258230865,0.2661841928995903,0.20871555953994722,0.2341384627064475
122,0.604633689608736,0.47085912136306,0.2158663809284877,0.26382806785892765,0.20699024317595044,0.24964683128773463
123,0.6100726857974147,0.4701219642106297,0.21395755296225194,0.26149513212321485,0.20590627508253834,0.24743929507392265
124,0.6098298434925741,0.47343577213156474,0.21206749507133735,0.25918513684114863,0.2040873405573466,0.2486498814469273
125,0.6066978035428806,0.4707144036243102,0.21019600599594407,0.25689783603656585,0.20228627609836072,0.2464555539448779
126,0.6064568560845716,0.4684838222688474,0.20834288679973806,0.25463298657300215,0.20931903872310645,0.24428276519057754
127,0.6092139360794944,0.4679092690809244,0.20650794084123178,0.2523903481187139,0.2076952121809235,0.24213128462119268
128,0.6074275474945195,0.46703716684729096,0.20469097374553819,0.2501696831121565,0.20795070322387316,0.24000088433148678
129,0.6066315584994678,0.466386584814226,0.20289179337649316,0.24797075672791274,0.20612287068136637,0.23789133904113385
130,0.6058292539611031,0.46596779448981,0.20111020980914138,0.24579333684306579,0.20431291517183098,0.2358024260624579
131,0.6058292539611031,0.4651462805229647,0.19934603530258047,0.24363719400400954,0.20252064596456718,0.2337339252685927
132,0.6051172994966907,0.4647057149930884,0.19759908427315856,0.24150210139369135,0.20074587452048012,0.23168561906205584
133,0.6076198706125694,0.46406532933579403,0.19586917326802045,0.23938783479928044,0.19908355442944536,0.22965729234373145
134,0.6048213287112011,0.46322945141201544,0.19415612093899765,0.23729417258025687,0.19734238944214624,0.22764873248225612
135,0.607584324405159,0.46255959937132124,0.19245974801683735,0.2352208956369147,0.19594682337802924,0.2256597292838025
136,0.6098710094009988,0.4623508757667701,0.19077987728576604,0.2331677873792739,0.19606844154056985,0.22369007496225485
137,0.6090018379835673,0.46191564962744075,0.19783052197053322,0.2311401475455663,0.19435878310749483,0.2304592663710925
138,0.608356803368396,0.4614535116617552,0.196107222881774,0.22912668874419756,0.1926657262905524,0.22845173871672697
139,0.606539542874783,0.4598284106329785,0.19440064286242573,0.22713276407806726,0.19098909513913934,0.2264636876549138
140,0.605787738242276,0.45859876412831596,0.192710604864033,0.22515816668826563,0.19802229806582167,0.22449490693609794
141,0.6053362115458816,0.4581842668735933,0.19103693385828094,0.2232026920761636,0.1963024955723419,0.2225451926640523
142,0.6045636790196409,0.45770419794308376,0.18937945681238755,0.221266138074662,0.2032755459586031,0.22061434326721144
143,0.605419295311938,0.4590846077509061,0.187738002664814,0.21934830481981196,0.20497701420171638,0.22622755226411606
144,0.6048381673825346,0.45859355840998206,0.18611240230128828,0.21744899472280163,0.20320214334940612,0.22426867560632682
145,0.6071331637614115,0.4583696806358761,0.18450248853113818,0.2155680124423042,0.20214776773653,0.2223287015658679
146,0.6056446842087068,0.4573782065383118,0.19154967309577545,0.213705164857182,0.200400892229819,0.22040743096489607
147,0.6030591388844043,0.4566500429864746,0.18989603630417895,0.2118602610395423,0.1986708433965104,0.21850466688759806
148,0.6043762978304024,0.45578087920946764,0.18825831380105004,0.21003311222813983,0.201996603188456,0.21662021465275894
149,0.6039678709335159,0.4547752265809882,0.18663633831311063,0.2082235318021211,0.20887195399122888,0.21475388178668292
150,0.6141031176788899,0.4546380706120409,0.19363702422659265,0.2064313352551063,0.2071118439802253,0.2129054779964625
151,0.6132324549041306,0.4539172739318757,0.1919720407300281,0.20465634016960377,0.20533099755611067,0.2196732921301826
152,0.6127450553606303,0.4592381474757999,0.1903230233978576,0.2028983661917532,0.20356722835037483,0.2192246984943819
153,0.6160566740165726,0.4592265255086693,0.18868980496663051,0.20115723500639204,0.20207307404342875,0.21734346619905018
154,0.6158886372785609,0.4581568441399402,0.1870722200621505,0.19943277031244197,0.20034075811765667,0.21548024147382921
155,0.6187749947411773,0.45786936520533716,0.1854701051766827,0.19772479779861019,0.1995105016194724,0.213634835981369
156,0.6180380112230043,0.457161154930206,0.18388329864645278,0.19603314511940165,0.19780357118711167,0.21180706350829634
157,0.6194192745326057,0.45656883368996665,0.1823116406294337,0.19435764187143814,0.1977524356355596,0.20999673993962836
158,0.6227161863355417,0.45589681453863473,0.18075497308341612,0.1926981195700798,0.1960698156820415,0.20820368323351293
159,0.6243945204544381,0.45186570279783417,0.17921313974435893,0.191054411626345,0.19811747486203873,0.20642771339629143
160,0.6274101803965769,0.45118557423558564,0.177685986105016,0.18942635332412516,0.19695713162042944,0.20466865245787993
161,0.6293997092042541,0.4504932678113905,0.17617335939383544,0.196326702508761,0.20406740206706894,0.20292632444746414
162,0.6284768856925359,0.45000959447523253,0.1746751085541275,0.19465705933511135,0.2023319287948558,0.20120055536950388
163,0.6276544729684812,0.4494862109831225,0.173191084223498,0.19300327011137328,0.20061293455646542,0.19949117318004336
164,0.6267881808696616,0.4489811365247332,0.17172113871354322,0.19136517025433508,0.19891024827955767,0.19779800776332251
165,0.6356858172505583,0.45858020186121856,0.170265125989803,0.18974259702393145,0.19722401943875095,0.1961211773223187
166,0.6382964262740606,0.4578644659998006,0.16882290165196853,0.18813538950118705,0.1956823669033958,0.19445994027536206
167,0.6429141287296607,0.45768124568796625,0.17585631902771331,0.1865433885664403,0.19407102725994962,0.19281442101654542
168,0.6426047665920238,0.45375242268623805,0.17436971089127726,0.18496643687784317,0.19243044038899573,0.19118445691465702
169,0.6442557589255058,0.44951306890266757,0.17289714315799193,0.18340437885013386,0.19415364020502537,0.18956988715412249
170,0.6465935906243255,0.4492092416446332,0.17143847079226765,0.18185706063367812,0.19281628981350565,0.18797055271334168
171,0.6457649904428487,0.44870764532108953,0.16999355037520059,0.18032433009377613,0.19119119252578987,0.18638629634329978
172,0.6481279560715395,0.44801643618980463,0.16856224008531168,0.1788060367902309,0.18970770006608853,0.1931987429851496
173,0.6499403332532748,0.4470803927518711,0.16714439967952943,0.17730203195717537,0.18833630117893507,0.19157367568649453
174,0.6493648550624601,0.44648374204359764,0.1741428594509969,0.17581216848315387,0.18675371708296384,0.18996388803297068
175,0.648550480486336,0.445947493163181,0.17268100499116723,0.17433630089145544,0.18518599989336343,0.18836922283795174
176,0.6545999961946245,0.44594651047767425,0.1712328710295041,0.17287428532069507,0.18371832012773115,0.18678952466016038
177,0.6537779469426572,0.44541978918051767,0.1697983166515606,0.17142597950563968,0.18217916518123578,0.18522463978295095
178,0.6545751856089966,0.44517887291347397,0.17674662674002162,0.16999124275827582,0.1841928889767722,0.18367441619385316
179,0.6524251511865347,0.44424343057455506,0.17526883776686303,0.1685699359491155,0.18265284136576754,0.18213870356437328
180,0.6581056388304548,0.44417840232501243,0.18215757148922243,0.16716192148873749,0.18188262618553386,0.18061735323004938
181,0.6578652350003523,0.4412793563454569,0.1806375843041748,0.16576706330956015,0.18036493324131728,0.17911021817075737
182,0.6597134647765627,0.4401939826032238,0.17913178698012058,0.16438522684784385,0.18101163120290872,0.17761715299126438
183,0.6592237669646807,0.4397474405883465,0.17764003450134733,0.1630162790259188,0.18783190553744158,0.1761380139020263
184,0.6606812119374181,0.43939678302450513,0.17616218345240056,0.16166008823463618,0.18969866288281712,0.17467265870022614
185,0.6585101964083008,0.43864636835085274,0.1746980919992002,0.160316524316039,0.1881220691691878,0.17322094675105013
186,0.6608055866796205,0.43834482793543295,0.17324761987039358,0.15898545854625012,0.1873419866482759,0.17178273896919843
187,0.6625377673397298,0.43827715452150645,0.1718106283389418,0.15766676361857465,0.1862456740999197,0.17035789780062713
188,0.6619081129056578,0.4373635202929296,0.17038698020393644,0.15636031362681335,0.18470241505274312,0.1689462872045187
189,0.6619081129056578,0.43488277706188455,0.16897653977264362,0.15506598404878502,0.1831734733833972,0.16754777263547796
190,0.6643787803318995,0.43408453295140526,0.1675791728427723,0.1620532430694881,0.19003917607378532,0.1661622210259502
191,0.6695949650532914,0.4339093177640096,0.16619474668496392,0.16071446841833517,0.19026780566222642,0.164789500768859
192,0.6690964279032581,0.4328497465175035,0.17307619871041743,0.15938808087181874,0.18869751239356766,0.16342948170046045
193,0.6682467499744265,0.4322766127333423,0.17164921665052485,0.15807395487610432,0.18714173541823378,0.16208203508341118
194,0.6670187674328054,0.4246216600355538,0.1702354143099677,0.15677196625217732,0.1856003277222761,0.1607470335900473
195,0.6727887294925988,0.42402362618966544,0.16883465832074002,0.15548199217973852,0.1841547814114658,0.15942435128587143
196,0.6710311460963067,0.417918001900984,0.1674468167729664,0.15420391118129967,0.19086112892430057,0.15811386361324523
197,0.670162194835665,0.4173580312170838,0.17428366553097321,0.16114950943960368,0.18929379521093942,0.1568154473752845
198,0.6694113625200252,0.4167695185963951,0.17285389488001354,0.16803118597706002,0.1877408859811684,0.15552898071995444
199,0.6689718470904411,0.41516877106107136,0.17143727096890257,0.16665408657161898,0.18620225575036745,0.16244984205769156
200,0.6700130612798659,0.41480247627401884,0.17003366130924252,0.16528963831359592,0.18913505662719307,0.16111981524243862
201,0.6692174336328779,0.4141827216669854,0.16864293485556803,0.1639377138137586,0.18758809748661281,0.1598019962438741
202,0.6673467792084582,0.4131569342870113,0.16726496198853025,0.1625981870692019,0.18605532465662636,0.15849626223781493
203,0.6666895809522555,0.4125375261098825,0.16589961449828905,0.16127093344720347,0.18453659552444052,0.15720249173569475
204,0.6658852544865831,0.41669091454128543,0.17024219884793673,0.16241502010132597,0.1830317690268686,0.15956694692320997
205,0.6713827197818351,0.4165192832356566,0.16885532534362221,0.16109191049862145,0.18307250689625676,0.1582670390722204
206,0.6742160174853297,0.4164777864808225,0.16748112485491068,0.1597808912477676,0.1818803949632151,0.15697900955939706
207,0.676817028381884,0.4157031676844255,0.16611947039982003,0.15848184120499795,0.18054113530785332,0.15570273936532328
208,0.6764316445428473,0.4152790933006871,0.16477023637188407,0.15719464053882032,0.1790747675027233,0.15443811075984487
209,0.6785900538730322,0.41445545884185714,0.16343329852420418,0.1640331230712357,0.1776682585257273,0.15318500728712178
210,0.6717390200489258,0.41445545884185714,0.16210853395369756,0.16270349641744736,0.17622810761202815,0.1519433137508641
211,0.674086125450683,0.4141679746483463,0.16079582108553908,0.16138596569754976,0.17507269448479643,0.15071291619974952
212,0.6733666075585102,0.41351492191232114,0.15949503965779488,0.1600804102082298,0.17365641819133595,0.14949370191302055
213,0.6725429570291892,0.41286357214253394,0.1582060707062445,0.15878671054865065,0.17225300319005232,0.14828555938625834
214,0.6749658886974933,0.4126162192451164,0.1569287965493898,0.15750474860540548,0.17101955050247836,0.14708837831733151
215,0.6773695982557979,0.4117734784904816,0.1556631007736474,0.15623440753765575,0.1703001404270301,0.14590204959251743
216,0.6766072039634076,0.4111095850880782,0.1544088682187232,0.15497557176245197,0.1689279720764694,0.14472646527279356
217,0.6818879539580847,0.4232902730578902,0.15316598496316605,0.15372812694023422,0.16759237313479813,0.14374722569913273
218,0.6779665713091061,0.4205076651767434,0.15193433831009803,0.15249195996051032,0.16624472022412845,0.14259131768559613
219,0.6770563821108961,0.419907007566214,0.15071381677312,0.15126695892770942,0.1729424574628206,0.1414458506624263
220,0.6764293611208078,0.41921898573220906,0.14950431006238898,0.15005301314720837,0.17155456173202321,0.1403107211219224
221,0.6761711726665566,0.4279376381811036,0.14830570907086604,0.14885001311152915,0.17017918019481884,0.13993620168490992
222,0.6783617510078884,0.4392618113519137,0.147117905860732,0.14765785048670474,0.17084134577334686,0.14557221494862307
223,0.6805168317672308,0.4384690037605459,0.1459407936499691,0.14647641809881146,0.1695225633711959,0.14440747004037213
224,0.681879491601056,0.4372036583242749,0.14477426679910613,0.1453056099206655,0.17225734803901505,0.14325319927717953
225,0.6843287932542242,0.4362980963898248,0.14361822079812528,0.14414532105868175,0.17098280132258792,0.14210929924705956
226,0.6865808977761257,0.4480796769581008,0.14247255225352845,0.14299544773989253,0.1696248398322616,0.14114759959243864
227,0.6916680097785347,0.4461003515417288,0.1413371588755609,0.1418558872991245,0.16893690274618078,0.14002276503758282
228,0.691015532524874,0.44513473661721586,0.14021193946559035,0.1407265381663313,0.1675919550796038,0.1389080098358262
229,0.6954282764072938,0.4424843357552668,0.1390967939036396,0.13960729985408052,0.16634098286249263,0.1378032347982778
230,0.6940254793497389,0.4431676830861893,0.13909360769953383,0.14534142440676215,0.17176895737735307,0.14394145210410486
231,0.6991100052761914,0.4413943240665009,0.13798956684049038,0.1441877921607479,0.17067612534792573,0.14279893199077034
232,0.7010122180490593,0.44066102677195074,0.13689538391966102,0.14304446065252774,0.17015795109917178,0.14166661339542616
233,0.7058100261338098,0.45217301575772767,0.13667663697785157,0.14896718984708332,0.1688223765713576,0.14073510253732377
234,0.7051609963967901,0.4514627304097651,0.1435086484205145,0.14778832038842082,0.16748638074648442,0.1396213786742819
235,0.7004817268803052,0.45052424227982835,0.1423741108794057,0.15452565750456146,0.1661622822432045,0.13851757275463328
236,0.6996929806673616,0.4499034915257412,0.1412496676669965,0.15330524372532284,0.164849964650682,0.13742358773501637
237,0.7016312705022343,0.4490437186567272,0.14013522009475007,0.15209567870825585,0.16359592248028698,0.13633932760010584
238,0.7069141480797196,0.44903443340322463,0.13903067051879306,0.15089685647564005,0.16252310267513764,0.13526469735094265
239,0.7066235889400279,0.45288315097307547,0.13793592232806554,0.1497086721707183,0.16124337157737975,0.13866306695263603
240,0.7066235889400277,0.4516702803336437,0.13685087993261386,0.14853102204499063,0.159974986292429,0.13757230463497722
241,0.7062442321829059,0.4487470702595321,0.13577544875202463,0.14736380344566105,0.15871783625833405,0.13649120419877378
242,0.7078289347764443,0.4475785046736841,0.13470953520399814,0.14620691480323555,0.1576353687735761,0.1354196715683964
243,0.7177192201470852,0.44757850417614964,0.14149576183077472,0.14506025561926952,0.15643133239995202,0.13435761366024246
244,0.7248178631798771,0.4475783940002921,0.14038716003382457,0.14392372645426244,0.1552088294325718,0.13330493837152377
245,0.7266187602249798,0.44658756289510343,0.13928834336113094,0.1427972289156981,0.15405517111619124,0.1322615545691893
246,0.7286744462868326,0.4459835485943699,0.13819921684765973,0.14949988789548338,0.15311347825317448,0.1312273720789809
247,0.730599557473686,0.44505508693340096,0.137119686526721,0.1561434903696618,0.15198532400729767,0.13020230167462013
248,0.7341608945880518,0.43983657755213673,0.13604965941871805,0.15492500911678075,0.1541393235202616,0.12918625506712536
249,0.7363237693169349,0.43893327191262194,0.13498904352003163,0.1537172447719419,0.15325259179106718,0.12817914489425636
250,0.7359019430021164,0.43824883148595467,0.13393774779203702,0.1525200936659422,0.1520590594061211,0.12718088471008565
251,0.7426042218307132,0.43824882962897804,0.13289568215025274,0.1513334532160985,0.1508793244177595,0.12619138897469456
252,0.7467346771183678,0.4381903729970961,0.13963520483430858,0.15015722191403835,0.15021049872916412,0.12521057304399263
253,0.7472574892578785,0.4372248899808542,0.13855098231705137,0.14899129931363705,0.14909391748102652,0.12423835315965857
254,0.7468796675360917,0.44551414016453267,0.13747625370556313,0.14783558601909863,0.14793740818577625,0.12422241277846843
255,0.7465897036285051,0.4449015003855757,0.13641092753481987,0.14668998367317918,0.14679101680308862,0.12325979280768276
256,0.7458767155596882,0.44425520692032006,0.13535491329475405,0.14555439494555059,0.14565464593559901,0.12230558702091211
257,0.7451629470336674,0.44361608840738437,0.13430812141956264,0.14442872352130307,0.14452819920206048,0.12135971448723312
258,0.7464583343217128,0.44757068871847494,0.1332704632771427,0.14331287408958457,0.1503496938927187,0.12121960226204356
259,0.7459638116837717,0.45431778315728993,0.13224185115865272,0.1422067523323755,0.15396920687714147,0.12507772357669292
260,0.7480087939206888,0.4521559339039453,0.13122219826819792,0.14111026491339695,0.15317399496557962,0.12411330980556781
261,0.7473739969513439,0.4514487491715373,0.13021141871263853,0.14002331946715077,0.1519941249085476,0.12315728866143276
262,0.7494989752539055,0.4509588152872517,0.12920942749151873,0.13894582458808977,0.15096308422881005,0.12220957974868367
263,0.7494989752539054,0.4466115224496723,0.12821614048711555,0.13787768981991663,0.14980256775087006,0.12127010350662763
264,0.7490646039208532,0.44543182455610664,0.12723147445460542,0.13681882564500972,0.14865212366881705,0.12033878120018243
265,0.7507181410913634,0.4447588118511404,0.12625534701234767,0.14344120297373272,0.14835607858320796,0.1194155349106862
266,0.7523041566741135,0.4575436668155259,0.12528767663228282,0.14234181346918387,0.14927716440454591,0.12417452553547476
267,0.7518717697327163,0.4563662252922472,0.12432838263044481,0.14125194053401485,0.1481341893548532,0.12322375463182973
268,0.7536457023675749,0.45603034404016785,0.1310264629686139,0.14017149344991137,0.14722661316031582,0.12228120654448375
269,0.7548077291089645,0.4558117255045473,0.13002523308872482,0.1391003824363725,0.14873427828956728,0.12134680295174882
270,0.7564534252324365,0.4674800116587851,0.13066553777620896,0.14403942292933056,0.14763834902820125,0.12071880471947886
271,0.755846160088696,0.466790950495356,0.1296690608300112,0.1429409545287448,0.1465124346234921,0.1197981832004251
272,0.7573021202054467,0.4658700238378786,0.12868117156476258,0.14185195277582507,0.14543385780279688,0.11888549563700444
273,0.7573021202054467,0.4491539235236342,0.12770178844894675,0.14077232779413745,0.14432697120028928,0.11798066670417429
274,0.7570275330662855,0.4545669050865161,0.12673083079068762,0.13970199063282723,0.14322960694500095,0.12029118419299385
275,0.7565744666639714,0.4538615052311766,0.12576821872847013,0.13864085325638992,0.14214167477844203,0.11937748589116667
276,0.7560777557666977,0.4531417292496597,0.12481387322197042,0.13758882853456272,0.1410630853702226,0.11847163409180682
277,0.7555375852948648,0.4524339604233998,0.12386771604299346,0.1365458302323348,0.13999375030781078,0.11757355454177357
278,0.7552410272657651,0.4519969532019906,0.12292966976651747,0.13551177300007497,0.138933582086411,0.11668317375028729
279,0.7548435369208171,0.45060501738661907,0.13588312898594862,0.13573389920397091,0.13788249409896125,0.12336581801267914
280,0.7565727216086751,0.450307892423445,0.1348561463896915,0.1347080444621434,0.13695996009733394,0.12243343921762545
281,0.755878535571489,0.44964927730571186,0.1413882276271148,0.13369096055628293,0.13592587359033667,0.12150903205942944
282,0.7554131812799302,0.4489267239313849,0.14032177343309574,0.1326825648222074,0.13490062049537305,0.12059252140627429
283,0.7590501116880798,0.44706844298737747,0.13926442110360168,0.13168277544123225,0.13391354387479978,0.11968383289479903
284,0.760381333824943,0.44614893148100654,0.1382160849935906,0.1382191778779493,0.14057416067682293,0.11878289292166107
285,0.7598044062592584,0.44537965696986653,0.13717668033267658,0.14469989250129794,0.1395170229506434,0.11788962863519724
286,0.7616527059731993,0.4444856586758883,0.1361461232155402,0.14361281630362036,0.13855574653474223,0.11700396792718239
287,0.7611466767490758,0.4439622051963956,0.1351243305924506,0.14253498527314845,0.137717169536974,0.11612583942468412
288,0.7592522276620156,0.4400520063527906,0.13411122025989827,0.1414663126980668,0.14312238133336402,0.1163925848158126
289,0.7586241286414276,0.43936430042307867,0.13310671085133716,0.14040671274942518,0.14205037722851416,0.11552079014935851
290,0.7598099564480253,0.43913839059937537,0.13211072182803446,0.13935610047148653,0.14362989668977091,0.11465639016369197
291,0.7554524387865773,0.4368718543785541,0.13112317347002703,0.1457895485523685,0.14348958745842957,0.11379931567136878
292,0.7574054385762896,0.43588319755364796,0.1301439868671831,0.1447008380750418,0.1500673022236724,0.112949498187782
293,0.7574054385762896,0.43410611318685055,0.13663330531734008,0.14362133778522754,0.14894776692313677,0.11210686992349472
294,0.7571928528146813,0.4427620503439838,0.13561500941332802,0.14255096171801787,0.14783769423172888,0.11223183664494403
295,0.7612491590565884,0.44265999829406993,0.1346053128309009,0.1414896247797908,0.1476135701619149,0.11139623516992928
296,0.7605318604469499,0.44200468005073407,0.13360413543661742,0.1404372427387258,0.14651563898499884,0.11056768397744754
297,0.7597992410894507,0.44137643616027655,0.13261139790798768,0.13939373221542947,0.14542696330234695,0.10974611742204583
298,0.7588562378311143,0.44197091965130747,0.13771154440953637,0.1396975013862697,0.1443474570053991,0.11446846298865918
299,0.7591806124907081,0.4408486346544521,0.13669033149408916,0.13866156141999422,0.14331486495944812,0.12103541351913301
300,0.7577292496372984,0.4408486344107371,0.1356777046124707,0.1376343313079131,0.14225319172692188,0.1201387611223058
301,0.7613032137606456,0.440799637566675,0.13467358407806085,0.13661573021423468,0.14160630592122278,0.11924964085478634
302,0.7674531062121251,0.44079960248633554,0.13367789100762073,0.13560567811813404,0.14058496201550819,0.11836798286770284
303,0.7668434689692247,0.440077858659067,0.14007653827629624,0.14199008676863134,0.13954660275642886,0.11749371801585001
304,0.7707017117106792,0.4377063332572383,0.13904296831727675,0.14832100614863233,0.138976662817785,0.11662677785007323
305,0.7739023805583901,0.43763027024947443,0.13801805009736215,0.14722769734317792,0.1460204059964696,0.11576709460974054
306,0.77390238055839,0.4293144274669466,0.13700170364401096,0.14614353227980942,0.1449451312650361,0.11491460121530131
307,0.7739023805583901,0.42691383350311257,0.1359938497879006,0.14506842650640592,0.14387884153589905,0.11406923126093077
308,0.7754217131133608,0.4399487884935712,0.13499441015425906,0.1440022964184156,0.1428218250753572,0.11323129019253846
309,0.7769101952718858,0.43979156528665975,0.1340033071542961,0.14294505924971537,0.1422132743390868,0.1123999678342922
310,0.7783986384480686,0.43966615326478126,0.133020463976733,0.14189663306357533,0.1424369190128609,0.11157557369141449
311,0.7799003463267287,0.438908732244312,0.13204580457942972,0.14085693674372712,0.14174729341964393,0.11075804398089668
312,0.7812385368973378,0.43788446387991936,0.13107925368110782,0.1398258899855348,0.14807625785892875,0.10994731555792953
313,0.7823221339568581,0.4366401688662423,0.13012073675316876,0.13880341328726692,0.14712373307776103,0.10914332590904033
314,0.7812249055009082,0.4356658369602881,0.12917018001160563,0.145094618223063,0.15305309385079374,0.10834601314530873
315,0.7806165034779091,0.43499564413204495,0.1282275104090076,0.1440357338421079,0.15193612940014606,0.10755531599566016
316,0.7800103251593704,0.4343268280819735,0.12729265562665604,0.14298562771291373,0.15082842469053537,0.10677117380023614
317,0.781072928827881,0.4339884430034903,0.12636554406671086,0.14194421941087104,0.15206972369444588,0.1059935265038403
318,0.7806296869581065,0.43318646547423145,0.12544610484448618,0.1409114293124442,0.1509632601445107,0.10522231464945937
319,0.7840752674394854,0.4330524553610551,0.13179814535595444,0.13989205650451736,0.1508793967737823,0.111722206007341
320,0.7855631420445777,0.43212816707962765,0.1308410943925712,0.1388762316832672,0.15023206328413793,0.11091093628422119
321,0.7850649012564608,0.43132137075010435,0.137146175181899,0.13786879120853784,0.14914224496663256,0.11010636256452459
322,0.7844668179470764,0.4306231660348979,0.1361522793322491,0.14411664047691894,0.14806141381634197,0.1093084237475814
323,0.7863275048268933,0.4288765304865466,0.13516657242775765,0.14307327368007264,0.1469926827617159,0.10851705933902722
324,0.7856803923419933,0.4281954960202085,0.13418897986505735,0.14203849588140072,0.14592955782736114,0.10773220944433423
325,0.7850580284515246,0.4274872009538662,0.13321942777995904,0.14101222889595583,0.14487517685500953,0.10695381476241594
326,0.7844168019353576,0.4267814093493708,0.13947589491389367,0.13999439531287172,0.14382946031316918,0.10618181657930471
327,0.7838552009005131,0.42578934476097624,0.1384701569102287,0.1389849184871222,0.142792329457168,0.10541615676190101
328,0.785009959767958,0.42559713941983335,0.1374726691065195,0.1379837225313734,0.14364098480268295,0.1046567777517937
329,0.7886184212113995,0.424758226267731,0.13648335664335862,0.1369907323079287,0.14267880010006512,0.10390362255915041
330,0.7881462015073984,0.4236511253895403,0.13550214540026498,0.13600587342076478,0.14165304834356984,0.10315663475667713
331,0.7880022173259403,0.4327144144342049,0.13890184342082545,0.13783824246507762,0.14063568882826277,0.10398987403644581
332,0.7869081834103504,0.43178270972005905,0.1379052403030699,0.13684927054934531,0.13962664558951096,0.103243759873182
333,0.7880333770487277,0.4304895104768145,0.1369167766443987,0.1358683757671281,0.13874184578008972,0.10250373937508535
334,0.7875740191244968,0.43731416927776995,0.1359363788867329,0.1348954851235969,0.13774837954584954,0.10403116130962173
335,0.78730983360279,0.4350380413581848,0.13496397419534759,0.13393052634173774,0.13676301292362458,0.10328698679109913
336,0.7867502716111096,0.4344863024646701,0.13399949045122,0.13297342785475863,0.13595426787918294,0.10254887411818875
337,0.7881741643957814,0.43401933026445777,0.13304285624346415,0.13202411879858184,0.1355998700837619,0.10181676864063828
338,0.788953163254362,0.43388097873769055,0.13209400086185047,0.1310825290044211,0.14228150277618615,0.10109061624440294
339,0.7901830180175203,0.4328770901457653,0.13115285428941004,0.13727341348233435,0.14129788855290573,0.10037036334598545
340,0.7901700425246562,0.43004411099091006,0.13021934719512193,0.1362963420641239,0.15452757857074828,0.09965595688683972
341,0.7917847748158711,0.4300152247266089,0.12929341092668278,0.13532719478231744,0.15359166629773685,0.0989473443278375
342,0.7911946497421202,0.42925383421704427,0.12837497750335783,0.13436590048369795,0.15250063065360794,0.09824447364379729
343,0.790608286326644,0.4284799063383354,0.12746397960891218,0.13341238871055866,0.15141842790561963,0.0975472933180747
344,0.7900177125120128,0.4277221901981292,0.12656035058462148,0.13246658969338765,0.1503449788677989,0.09685575233721355
345,0.7894170822775601,0.42699135644417324,0.125664024422361,0.1315284343436344,0.1492802051270403,0.09616980018565703
346,0.7888768452925734,0.4260400317529088,0.12477493575777221,0.1305978542465575,0.15529915390605337,0.09548938684051812
347,0.7926017425903532,0.42601316214237794,0.1238930198635061,0.12967478165415255,0.1543797330012468,0.09481446276640869
348,0.7940665894908117,0.44069256367396187,0.12301821264254181,0.1287591494781591,0.15328974034832235,0.0941450598172265
349,0.7947612645576952,0.44016215473316267,0.12215045062158043,0.12785089128314614,0.15345281440711706,0.09348096703278724
350,0.7941726385817108,0.43942017563867114,0.12128967094451241,0.12694994127967457,0.15237145070065192,0.09282221779195331
351,0.792745398787678,0.43041629874965087,0.1204358113659581,0.13309607185609268,0.15833861798076146,0.09216876445872947
352,0.7941683877197276,0.4300656858485544,0.11958881024488038,0.1321600336395974,0.15757133132070975,0.09152055985962003
353,0.7931684432231239,0.4312248649595784,0.11874860653826866,0.13123150738448588,0.15646427108354954,0.0956951430265771
354,0.7925655276566878,0.4304794412188474,0.1179151397948932,0.13031042628487102,0.15536608753195902,0.0950234827726986
355,0.7961117210308442,0.42793832162862083,0.11708835014912913,0.1293967241820296,0.161950338173368,0.09435720334668456
356,0.7936090295830289,0.4260963278772123,0.1162681783148493,0.12849033555765316,0.16081592039608517,0.09369625697202133
357,0.7969909744175937,0.4259612824117044,0.11545456557938494,0.12759119552717377,0.16055866801154117,0.09304059633432436
358,0.7966349537436246,0.4227037065031749,0.1146474537975537,0.12669923983316436,0.15943624559388336,0.0923901745765256
359,0.7959977363813681,0.4219775027845399,0.11384678538575393,0.12581440483881212,0.15832278374789777,0.09174494529411419
360,0.7951374920634513,0.41417337625845735,0.1174227660705664,0.12754312802773315,0.15721820316691204,0.0980816257911407
361,0.7969864944268833,0.41274392721949954,0.11660435405163566,0.12665417921139213,0.15612589434131233,0.09739801745802157
362,0.7985051179994342,0.411678905866703,0.11579245849423832,0.12577230849340848,0.1551994694992254,0.0967198522358339
363,0.7969709005176141,0.4102971555247203,0.11498702186193731,0.12489745337842968,0.15411992304452618,0.09604708206518106
364,0.7967274640163324,0.4048814286182757,0.11418798717192159,0.12402955197244483,0.15304895726994522,0.09537965934910261
365,0.7982480904225849,0.4039802349564584,0.11339529798926913,0.12316854297655315,0.1521859140273649,0.0947175369482823
366,0.7997161000971096,0.4160486486130849,0.11260889842127339,0.12231436568080149,0.15115120827731118,0.09530168332834157
367,0.7982499423990693,0.4148911916542815,0.11182873311183256,0.12146695995809002,0.15010401812776483,0.09464142407435315
368,0.7976806937378879,0.41286068552125527,0.11105474723590072,0.12062626625814511,0.15598629424478477,0.09398639451733966
369,0.7989057591058335,0.4118352518326044,0.11028688649400033,0.126706479706062,0.15493736835755062,0.09333654870328069
370,0.8001791317380396,0.40507585648354366,0.11643244041316882,0.1327386178579638,0.1555081618144781,0.09269184111835506
371,0.8016394024546547,0.4188846542501896,0.11685018541858447,0.13750192247641818,0.15447172352274038,0.09228892511909147
372,0.8009940246941505,0.4181989239297718,0.11604467370800403,0.1365540471402746,0.15340686614313606,0.091652727498403
373,0.8005969605436841,0.4174376871727139,0.11524551438560979,0.1356136468935782,0.1523504063912128,0.09102154702916829
374,0.8021853912179282,0.4173264960508162,0.11445265185471823,0.13468065631366108,0.1519867339433444,0.09039533980081804
375,0.8001801292953574,0.4147692148887807,0.11366603104922879,0.13375501060221195,0.1509421454157672,0.09270567183184901
376,0.7999640126821962,0.4126943870802041,0.11288559742816819,0.13970266890927927,0.14990577312379844,0.09206915252618898
377,0.8053825860995899,0.41004581294992376,0.11211129697029482,0.13874442584756877,0.1488775938068753,0.091437635409912
378,0.8068487506157752,0.40904360933127326,0.11134307616876225,0.1377937067236875,0.14793108026449392,0.09081107684299562
379,0.806178069774184,0.4075750368300135,0.1105808820258413,0.13685044594978024,0.14691842454477347,0.09018943360065189
380,0.8095397420741726,0.4067929845782491,0.10982466204769993,0.13591457856159467,0.14595902194260302,0.08957266286906983
381,0.8109663309920772,0.406069491179597,0.10907436423924026,0.13498604021209176,0.14519829545386953,0.08896072224120456
382,0.812016954623297,0.40489770578275264,0.1083299370989922,0.1340647671651264,0.14433640714915924,0.08835356971261255
383,0.8133465013394736,0.4043588231070116,0.10759132961406287,0.13315069628919682,0.1438916930243795,0.08775116367733231
384,0.8146868262784908,0.4042596055403935,0.10685849125514114,0.13905507932305824,0.14386775626489012,0.08715346292381022
385,0.8141629572956275,0.4032110751936761,0.1061313719715569,0.13810887815112968,0.1428888072020924,0.08656042663087082
386,0.815530852629321,0.40226204168829954,0.10540992218639411,0.13717005470411056,0.1420026304733433,0.08597201436373102
387,0.8151665692288403,0.4015312640989435,0.1046940927916572,0.13623854507770894,0.14103830325523725,0.08538818607005787
388,0.816426118246433,0.40090082217238243,0.10398383514349022,0.14209840940425944,0.1404139910377268,0.08480890207606927
389,0.8162059409370717,0.4002242506922675,0.10327910105744795,0.141135359786582,0.13946235730056977,0.08423412308267715
390,0.8175990694628619,0.39945341930241013,0.10257984280381859,0.14017979313079923,0.13870499327376495,0.08366381016167264
391,0.8174774839205697,0.3988142647945253,0.10188601310299726,0.13923164482728556,0.13776682022382558,0.0830979247519527
392,0.8170695670075093,0.397620826017796,0.10119756512090984,0.13829085087525253,0.13683592415190043,0.08253642865578785
393,0.8180619038746703,0.3966303751692777,0.1005144524644865,0.1441076353524245,0.14278317381594613,0.08197928403513036
394,0.8180619038746703,0.39400280825041367,0.09983662917718435,0.14313583966807322,0.14182030969168943,0.08142645340796258
395,0.8174702857477478,0.3932990977785963,0.09916404973455874,0.14217156208721812,0.14086489457369558,0.08087789964468484
396,0.8185279095536357,0.3923559401950802,0.09849666903988247,0.14121473795465236,0.1410121957774976,0.08033358596454258
397,0.8183260253345885,0.3898348942863709,0.09783444241981254,0.14026530322217523,0.14006412280499372,0.07979347593209209
398,0.818514475469341,0.39748573780552626,0.0971773256201038,0.1393231944424469,0.14332428213550086,0.08371857400887436
399,0.8179860971351095,0.3963433876919147,0.09652527480136892,0.13838834876290948,0.14236258952959005,0.0831568301619691
400,0.817501754761143,0.3955522494423906,0.09587824653488436,0.13746070391977397,0.14140830455391776,0.08259941325974561
401,0.8186922172834388,0.3945865226681021,0.0952361977984414,0.13654019823207203,0.15493111017569605,0.08204628623843474
402,0.8200598083253566,0.39441170676112175,0.09459908597224226,0.13562677059577202,0.15436822180125168,0.08149741238094561
403,0.8194698781445359,0.3936768827544679,0.09396686883484026,0.13472036047795866,0.15333656029744328,0.08095275531336814
404,0.8180480706977736,0.3922829532129181,0.09333950455912396,0.13382090791107523,0.1523128177668614,0.08041227900151321
405,0.816870414082492,0.39108769394995613,0.09271695170834442,0.1329283534872281,0.1512969265923913,0.0798759477474903
406,0.8179898652373302,0.3900707428753578,0.09209916923218528,0.13204263835255217,0.15031983540743363,0.07934372618632177
407,0.8175016592914337,0.3886481933091403,0.09148611646287527,0.13116370420163756,0.14931924015617323,0.07881557928259376
408,0.817085877438643,0.3877472886204495,0.09087775311134227,0.13029149327201556,0.1483262987471166,0.07829147232714298
409,0.8168569453924868,0.3858591831790712,0.09027403926340898,0.1294259483387044,0.1473409460342627,0.07777137093377916
410,0.8162406302774479,0.3851209188203309,0.08967493537602919,0.1285670127088133,0.1463631174773531,0.07725524103604268
411,0.8159581314178935,0.39490725306808694,0.08908040227356472,0.1277146302162044,0.14938995491106052,0.0803562390844551
412,0.8152935302742044,0.3945070708356658,0.088490401144102,0.13349198797673356,0.14860337635845544,0.07982402020567628
413,0.8167456193835948,0.39371169136357953,0.08790489353580841,0.13260872184169442,0.14849315272115815,0.07929585477133842
414,0.8166247482954233,0.3841528207587452,0.08732384135332742,0.13173217692885925,0.14751161156910653,0.08538171792964463
415,0.8166179721415936,0.39699365431058276,0.08674720685421249,0.13086229630194843,0.15074933608783705,0.08729145457493924
416,0.8174311105967658,0.39666263519171013,0.08617495264539896,0.12999902355174164,0.1526354571285963,0.08671561007128951
417,0.8189631278323255,0.39656420804541564,0.08560704167971382,0.12914230279081257,0.15220360457689222,0.08614413606006253
418,0.8183574106688737,0.3958284834879216,0.08504343725242268,0.12829207864831982,0.15120155353405687,0.08557699560624019
419,0.8177961093140999,0.39473957976210056,0.08448410299781353,0.12744829626485352,0.15020709457315326,0.08501415211595378
420,0.8207198987556868,0.39038944414351423,0.09049947108396776,0.12661090128733682,0.14934578643471486,0.08445556933308317
421,0.8256475460718897,0.39028880962094437,0.08990544151394493,0.1257798398639818,0.148527577539954,0.08390121133589204
422,0.8220435234339213,0.387971603679982,0.08931590093067102,0.12495505863929911,0.14910833083277172,0.08335104253369915
423,0.8219202042737892,0.3873288974773089,0.08873081154770288,0.12413650474916071,0.14813155401729655,0.08280502766358495
424,0.8213630645214468,0.3862290776725044,0.08815013592632316,0.12332412581591527,0.14716214575116462,0.08226313178713321
425,0.8224654993635817,0.3851100666604896,0.08757383697208597,0.12251786994355529,0.1463392267681117,0.08172532028720737
426,0.8214694110500602,0.385110066647413,0.08700187793139914,0.12171768571293576,0.14538361880707185,0.08119155886476115
427,0.8213962887594941,0.3954559256146303,0.08643422238814294,0.12092352217704354,0.14443504368344573,0.0819282478482541
428,0.8229781923655182,0.3853105475694477,0.08587083426032449,0.12013532885631688,0.14350250954620103,0.08139423017683457
429,0.822559046015638,0.3845179656859429,0.08531167779676779,0.11935305573401467,0.14256807870666696,0.08086422356525765
430,0.822291474909403,0.3816966831529796,0.08475671757383875,0.1185766532516347,0.14164066038850778,0.08033819443658824
431,0.8216391552732082,0.3811529994098773,0.08420591849220496,0.11780607230438046,0.14087922781622553,0.07981610952128652
432,0.8211474904655661,0.38037533264741924,0.08365924577362971,0.11704126423667593,0.13996462665944095,0.07929793585416904
433,0.8206314720337585,0.37958943653145255,0.08311666495779992,0.11628218083772777,0.13905687138842548,0.07878364077140204
434,0.8201074801696707,0.3785394220088579,0.0826365794683372,0.1219494593228385,0.13815590487660537,0.08475231446238014
435,0.821436295549428,0.37830788630692525,0.08210170208735679,0.12116012356094906,0.13743883305255572,0.08420374267633428
436,0.8211579768983396,0.3773533251108615,0.08157081792836522,0.12037668072523867,0.13655012919571907,0.08365926635028803
437,0.8206361518581172,0.3765586781287304,0.08104389374818,0.11959908175767324,0.13566805437156043,0.08311885138993744
438,0.8204909041349863,0.3659833389967368,0.08052089660639151,0.1188272780470304,0.13479255343759988,0.08258246401150333
439,0.8214998967562838,0.3648162049563818,0.08000179386238451,0.13095483701710012,0.14043863084426614,0.08205007073867647
440,0.8246205174776118,0.36403264176504796,0.0794865531723909,0.13011144017153992,0.1395741750187679,0.0815216383995949
441,0.8238666958381926,0.35518284742073913,0.07897514248657349,0.12927431265505918,0.13867616495643775,0.08099713412385312
442,0.8245648145819093,0.3549750789764936,0.07846753004614054,0.13487089883628653,0.13950797236960763,0.08047652533954262
443,0.8257291204204427,0.3548372402627002,0.07796368438049049,0.13400488307459463,0.139882553137858,0.07995977977032358
444,0.82518547141973,0.3541513325858275,0.07746357430438669,0.13314528808745102,0.13898525492970823,0.07944686543252727
445,0.8245980729730498,0.35348605179675413,0.07696716891516184,0.13870030351931673,0.13809460367601326,0.0789377506322889
446,0.8257359174491938,0.3685509067637498,0.08130129987449608,0.13938734212045809,0.13722127982496382,0.07920078718096303
447,0.8210752240853813,0.36728492326606865,0.08078134236380051,0.13849589886502053,0.14273912857173462,0.07869426337124148
448,0.8205454023902996,0.3665499765187238,0.08026522658361432,0.1376110420799798,0.14182716159334346,0.0781914820364982
449,0.8188307836271821,0.36198352915632953,0.07975292085329136,0.13673271745032406,0.14092192690215352,0.077692412314593
450,0.8204830462879751,0.3619824155647983,0.07924439377819013,0.13586087115138332,0.14002537518237276,0.07719702362200109
451,0.8214245546909351,0.3617665040339139,0.0851095226686635,0.13499544984404577,0.14112582141390564,0.07670528565109497
452,0.8223607821909872,0.3605815156378205,0.08456792467232833,0.13413640067002403,0.1405230719997957,0.07621716836745468
453,0.8218318749898658,0.3598586547642098,0.08403031103995481,0.1332836712471709,0.1396297413491641,0.0757326420072062
454,0.8229814319958181,0.359067878682493,0.08984747637630658,0.13243720966484382,0.13937222699962232,0.07525167707438747
455,0.8227155232559297,0.35853682824950006,0.08927744088818433,0.13159696447931787,0.138487982737539,0.07477424433834205
456,0.8240156126484609,0.3581644523137267,0.08871158811442753,0.13076288470924627,0.1379967839261191,0.07430031483113975
457,0.8238188270085182,0.35525668589835196,0.08814988377912952,0.12993491983116837,0.13712301542038002,0.07382985984502423
458,0.8233309281345328,0.3540897702337933,0.08759229391400492,0.12911301977506423,0.13625564724703898,0.07336285092988709
459,0.826320609448868,0.3539824626705771,0.08703878485540513,0.12829713491995548,0.13605035931029236,0.07289925989076823
460,0.8260257311498572,0.36225042861183854,0.08648932324136499,0.12748721608955185,0.13519149564231306,0.07447551636132782
461,0.8268330713028215,0.3612372811535949,0.08594387600867986,0.12668321454794285,0.14115200673629136,0.07400583452338907
462,0.8264227321333423,0.36046005026992156,0.0854024103900132,0.13218530539475348,0.1402627175605764,0.07353958123303128
463,0.829468848156832,0.3597372294149799,0.08486489391103406,0.13135334082134048,0.13941543729752684,0.07307672852677322
464,0.8283923488570554,0.3543561956736684,0.08433129438758431,0.13052743888668092,0.14482647938317011,0.072617248691
465,0.8303479967457152,0.34594874206165466,0.08380157992287507,0.1359889012730252,0.14392008327233344,0.07216111425954896
466,0.8298681260334027,0.34522397718586806,0.08327571890471228,0.13513556101204102,0.14301697426659254,0.07170829801132056
467,0.8296429942585842,0.356514455724923,0.08275368000275085,0.13428842308498945,0.14212042932900507,0.0718624319121584
468,0.8306277422841896,0.35556154047989874,0.08849796740235297,0.13970997234013116,0.14125551056660052,0.07141239090012248
469,0.8300725984113019,0.3548945302824443,0.08794429970775115,0.13883590821675124,0.1403717771297676,0.07096561528485991
470,0.8295025498069114,0.35423716582245296,0.09364466852257947,0.13796818064120564,0.1394944503386778,0.07052207857962876
471,0.8305551613875344,0.35248641986464185,0.09305997220894678,0.1371067382559398,0.13924964234513673,0.07008175453314788
472,0.8301701770037564,0.3610332593824543,0.09247950736317319,0.13625153015962144,0.13838106780928353,0.0713602834817502
473,0.8297670290783081,0.36028501984221034,0.09190323974311629,0.14163380661453379,0.1375187737629471,0.07091561609649778
474,0.8296298388828696,0.35876955491002466,0.09133113541037072,0.14697719842194756,0.1366627094226306,0.07047416124309402
475,0.8293478996416648,0.369377326947208,0.0940040021529192,0.14904117832763536,0.13905366588053644,0.07365685274184322
476,0.828816335353122,0.3686924961896826,0.09341998961569198,0.15432787473564913,0.13818977623369427,0.07319924961358536
477,0.8284966575996525,0.36798914084029033,0.10525303601514438,0.15337005031048498,0.1373321117112525,0.07274494393935978
478,0.8283589953929595,0.3656435326044875,0.10460044382885302,0.1524191219550375,0.14268084410487866,0.07229390913975363
479,0.8299565180402779,0.3656371163897962,0.10395254608077739,0.15147503412650104,0.141818057937133,0.07184611887026043
480,0.8302272794908798,0.3653206279585396,0.1033093049902699,0.15053773177259355,0.1440487347401292,0.07140154701903395
481,0.8315223119762096,0.364350719147264,0.10267068311009732,0.14960716032686963,0.14328066243933318,0.07714186386335724
482,0.8311445422855156,0.3635616190369374,0.10203664332325718,0.14868326570408147,0.1423958369183621,0.07666547654967856
483,0.8322764265205103,0.3624753797940685,0.1014071488398267,0.14776599429558723,0.14155693601460262,0.07619250436061213
484,0.831768648484118,0.36122072543011374,0.10078216319384399,0.14685529296480657,0.14068450192972207,0.07572291989737008
485,0.8362510761763724,0.3611951120362428,0.106318622207864,0.15210808101036521,0.14623388944814042,0.0752566960022539
486,0.8373498188566559,0.360044340397331,0.10566467570487703,0.15117249187661672,0.14668085729987193,0.07479380575635879
487,0.8380621354328709,0.3585258632632453,0.1050154011072027,0.15024358675115398,0.14617188099840045,0.07433422247730131
488,0.839165786543792,0.35724796345514664,0.10437076105036869,0.14932131217731942,0.14538090209707683,0.07387791971697034
489,0.838738426609494,0.3564756727528894,0.10373071849772496,0.14840561516746473,0.144489369231479,0.07342487125930088
490,0.8399336219665775,0.35551117944890387,0.10309523673733074,0.14749644319849708,0.14374043246934806,0.07297505111807047
491,0.8413062983429949,0.35328234387922053,0.10246427937887327,0.14659374420747087,0.14297456871947686,0.07252843353471819
492,0.840817562320493,0.352590304073054,0.1018378103506177,0.14569746658722407,0.1421004188237873,0.07208499297618573
493,0.84153439769064,0.3522473367468706,0.10121579389638825,0.14480755918205912,0.141730908225756,0.07164470413278043
494,0.8410478787426785,0.3515546812373565,0.10059819457257982,0.1439239712834675,0.14086609346006254,0.07120754191606002
495,0.842316733878377,0.3510476323791351,0.10608068631816321,0.143046652625898,0.14009931355105118,0.07077348145673888
496,0.8417976022490458,0.35035965041823924,0.10543469562989873,0.14217555338256746,0.13924616247211882,0.0703424981026155
497,0.8425492023992882,0.3500898204381615,0.11087681035117383,0.14131062416131454,0.14060000789151186,0.06991456741652091
498,0.8421313956144758,0.3576941681908209,0.11020296215228312,0.14045181600049506,0.14467164612963518,0.07274737561619549
499,0.8399768019915412,0.36915926578827823,0.10953387864984583,0.13959908036491903,0.1438688268436689,0.07393344943738422
500,0.8398706059583816,0.37548977922939186,0.10886952209306207,0.1387523691418289,0.14299621829909315,0.07643970280159194
501,0.8394074499724884,0.3744998467849796,0.10820985505946211,0.13791163463691836,0.1421297692752723,0.07597653596640289
502,0.839357861825695,0.37371423537212506,0.10755484045181415,0.13707682957039138,0.14126943104632098,0.07551663570252085
503,0.8374035273599187,0.37247110737109496,0.10690444149506344,0.1362479070730611,0.14041515530952178,0.08110711413330665
504,0.8380928905194358,0.3712057456351006,0.10625862173330208,0.1414659145110467,0.13997415622671577,0.08061713844666372
505,0.8375783703645675,0.37051550278153184,0.10561734502676966,0.14061215982964367,0.13912940438973057,0.08013060952138837
506,0.8387620849145857,0.3703445854168981,0.10498057554888385,0.13976440578340796,0.13872268459476247,0.07964750017628343
507,0.8401941953706337,0.37033031264470684,0.10434827778330111,0.13892260508815746,0.13796458922264457,0.07916778346552616
508,0.8413427782152665,0.37020960454453805,0.10372041652100683,0.13808671086886812,0.13807460062132224,0.07869143267646063
509,0.8399416059934673,0.37017379108620785,0.10309695685743488,0.13725667665583904,0.14370084036272138,0.07821842132741226
510,0.8440110720956501,0.37015070263949673,0.10247786418961598,0.13643245638089607,0.1428703812292059,0.07774872316552439
511,0.8416953528374407,0.36789850102076455,0.10186310421335482,0.1356140043736335,0.14201330840799276,0.07728231216461658
512,0.8425841033703115,0.37246179005382385,0.10125264292043547,0.13480127535769365,0.14117532613900094,0.0784388218765399
513,0.8434402006249638,0.3713415078472755,0.10064644659585481,0.13399422444708353,0.140399271235528,0.07796921116659172
514,0.843249778341075,0.3704751611791705,0.10004448181508376,0.13319280714252865,0.13955954544899246,0.07750287856674093
515,0.8441148704937318,0.3693591781480471,0.09944671544135589,0.13239697932786332,0.13879993950155348,0.07703979840645839
516,0.8467103921760725,0.3693529315903227,0.09885311462298321,0.13160669726645693,0.13800166477374814,0.07657994523606075
517,0.8477574740480659,0.3684962782029443,0.09826364679069882,0.13082191759767622,0.13732466043593394,0.07612329382465177
518,0.847321406561915,0.367805567649296,0.09767827965502608,0.13599970512238607,0.1365066026316288,0.07566981915808435
519,0.8469875835635976,0.36702385569985946,0.09709698120367416,0.13519034997965457,0.13569423086393056,0.07521949643694283
520,0.846579055891006,0.36625422943898384,0.09651971969895955,0.1343866155701527,0.13488750077903439,0.0747723010745455
521,0.8461264444275733,0.36555579262832893,0.09594646367525327,0.1335884580835648,0.134086368403335,0.07432820869496698
522,0.8454562774727298,0.35789651808772405,0.09537718193645361,0.13279583408484424,0.13329079013989484,0.07388719513108044
523,0.8445272509045594,0.3612149199639608,0.09481184355348403,0.1320087005107296,0.1339916591407794,0.07821456365838483
524,0.8443238890851277,0.3595598955419081,0.09425041786181595,0.1312270146662957,0.13911970341810592,0.07775141829748217
525,0.8431838392223556,0.35788569860072045,0.09369287445901624,0.13045073422153877,0.1382967333496449,0.07729147561167213
526,0.8427714569266475,0.3571465122160487,0.09313918320231909,0.12967981720799593,0.1374794492976013,0.07683471073482843
527,0.8440351415593689,0.3570883689418762,0.09258931420622203,0.12891422201539782,0.1369628685297934,0.07638109901305293
528,0.8399504731217571,0.35596415822530203,0.09204323784010586,0.12815390738835492,0.1361550843250955,0.07593061600271214
529,0.8426589404884939,0.35596407528674195,0.09150092472587809,0.12739883242307642,0.14124686796886798,0.07548323746849328
530,0.8409269704546606,0.3525067004698962,0.09096234573563991,0.12664895656412198,0.14041548188448819,0.07503893938147961
531,0.8420485529717776,0.3514647011259552,0.09042747198937623,0.12590423960118532,0.13970316594574408,0.07459769791724481
532,0.8433784434970448,0.3514536489036971,0.08989627485266856,0.12516464166591004,0.1388898911561841,0.0741594894539663
533,0.8443703462882967,0.3503384917157186,0.08936872593443063,0.12443012322873669,0.1439799355131284,0.07372429057055722
534,0.8454434429939666,0.36344762196588015,0.08884479708466635,0.1237006450957812,0.14314259063280807,0.07427316116655185
535,0.8448131288613698,0.3629458597315866,0.08832446039224999,0.12297616840574419,0.14305303940310476,0.07383816607077959
536,0.8443302216203751,0.362269345647171,0.08780768818272826,0.12225665462685073,0.1422160590816532,0.07340615083900832
537,0.8441568920692659,0.3601558390460021,0.08729445301614407,0.12154206555382034,0.14138480746480359,0.07297709253177033
538,0.8421588824900277,0.35895635091125744,0.0867847276848819,0.12083236330486699,0.14055924048625676,0.07255096840383259
539,0.840015776997668,0.3503871762261794,0.08627848521153425,0.12012751031872859,0.13973931445256565,0.07212775590241316
540,0.8398294213238733,0.3484907568123744,0.08577569884678928,0.11942746935172581,0.13892498603971393,0.07753491518915526
541,0.8395193996531266,0.34728711378161997,0.08527634206733911,0.11873220347484986,0.14393787024371488,0.07708353343343265
542,0.8394637909807581,0.34638146029383526,0.08478038857380887,0.11804167607087895,0.14310075073473896,0.07663522799756184
543,0.8398616463038937,0.34901339629154104,0.08428781228870597,0.1173558508315231,0.14449397292133692,0.08073858480708496
544,0.8391762218737328,0.3445685591389704,0.08379858735438962,0.12247891090600456,0.16106795569066648,0.08026996036689013
545,0.8404737075656726,0.3445365187648467,0.08331268813106033,0.12176872700479195,0.1603125264643915,0.07980452159721256
546,0.8401320142530436,0.34374302063679396,0.08283008919476902,0.12106336675962001,0.15938389654641094,0.07934224414466577
547,0.8404235268385892,0.34349623572175464,0.08813759792228593,0.12036279332378287,0.1604510359254098,0.0788831038607364
548,0.8413492390468642,0.3424622627848608,0.08762807018109345,0.11966697016032475,0.16533847182622377,0.07842707679991437
549,0.8408900516808726,0.3417677529393173,0.08712199437348953,0.11897586103921497,0.16438359742941766,0.07797413921784155
550,0.8408142415621666,0.3415530279176652,0.08661934419215196,0.11828943003455065,0.16525912870333204,0.07752426756947839
551,0.844829012447987,0.3415513365918561,0.09188382503992164,0.11760764152178683,0.16430798916410663,0.07707743850728863
552,0.8435421570159367,0.3369928102441419,0.09711273131205625,0.11693046017499356,0.16336190858676222,0.07663362887944168
553,0.8443539832606662,0.33578192675203816,0.0965541179492602,0.11625785096413992,0.16251040005004527,0.0761928157280326
554,0.8439821511808747,0.33455345188774466,0.0959992729734248,0.11558977915240455,0.16157653952805126,0.0757549762873195
555,0.8465803228165067,0.3345530723609785,0.09544816777633411,0.11492621029351237,0.16065654299943197,0.07532008798197806
556,0.8462123368949395,0.3337689284153234,0.09490077398888554,0.11426711022909734,0.1597351801739356,0.07488812842537317
557,0.8455118544647228,0.33238451413121606,0.10008631611945616,0.11361244508609096,0.1588200169711377,0.07445907541784735
558,0.8450771834123942,0.3316659868840747,0.1052369957132903,0.1186857075257025,0.15791100643472916,0.07403290694502594
559,0.8448292603890807,0.3310011110290954,0.11035307661745822,0.11800708572421892,0.15700810200002616,0.07360960117613866
560,0.8444053820964543,0.33029882883214945,0.12114691111855976,0.11733301855457834,0.156111257490425,0.07318913646235758
561,0.844909894226484,0.3290490234255566,0.12045560063792878,0.11666347159954729,0.15673736712184275,0.0727714913351513
562,0.8475034463076888,0.3290397464865625,0.11976892206059922,0.12169908860210159,0.15587586403227927,0.07235664450465501
563,0.8470560835359049,0.32837769015779217,0.11908684043941754,0.12100601472098196,0.15498815409707223,0.07194457485805646
564,0.8478557349046063,0.32819448396803935,0.11840932111765214,0.12031757666417583,0.15559850492327085,0.07153526145799755
565,0.850318806651203,0.32815482876026997,0.11773632972637323,0.1196337395088722,0.1549434561565313,0.07112868354099147
566,0.8494468394630483,0.32664502034976306,0.11706783218185819,0.11895446862206352,0.15406369949841192,0.07072482051585516
567,0.8491542105281961,0.3254825566662539,0.11640379468302199,0.11827972965793479,0.15318981235307336,0.0703236519621569
568,0.8499303913451491,0.32424269138547573,0.11574418370887252,0.1176094885552778,0.15240277088178925,0.06992515762867901
569,0.8494789233032288,0.3235637794814,0.11508896601599049,0.1169437115349305,0.1515400321356492,0.06952931743189543
570,0.8494789233032288,0.3135422537012488,0.11443810863603379,0.11628236509724105,0.15068303470410865,0.06913611145446391
571,0.8491863640385267,0.31287800670437554,0.11379157887326584,0.1156254160195564,0.14983173553601206,0.06874551994373285
572,0.848745082051086,0.3122187859196182,0.11879329948330154,0.11497283135373516,0.14898609193592635,0.06835752331026257
573,0.8483976026409585,0.31150361193361636,0.11812350555412947,0.11432457842368433,0.148146061560949,0.06797210212636079
574,0.849524448890576,0.3109265614365467,0.11745928081115126,0.11931217638098864,0.14743950126988298,0.0732230426690039
575,0.8506147217983268,0.31005466156319944,0.11679833171916126,0.11864080095541327,0.1466724437682898,0.07281101304281681
576,0.8501767222419141,0.3094027753264964,0.11614175872128606,0.12359529510788972,0.1458479357064608,0.07240171143372534
577,0.850007637843048,0.31803937695783474,0.1154895291547057,0.12290120792816102,0.14502888201776348,0.07418564895390242
578,0.8511015946206435,0.3171642704744722,0.11484161062532927,0.12221170845160906,0.14428267494786373,0.07376945315742757
579,0.8507851052507518,0.3164026217293314,0.11419797100539328,0.1215267624886327,0.14347403036720066,0.0733560059536258
580,0.851843346101218,0.3157432002000783,0.11355857843108323,0.12084633613051901,0.14285259775732995,0.07294528687451382
581,0.8517358445046919,0.31395100867658765,0.11292340130017806,0.12017039574693654,0.14205356782547043,0.07253727562014498
582,0.8527196385028908,0.3135685563212711,0.11229240826971698,0.1194989079834525,0.14143380213980808,0.07213195205711062
583,0.8502820831819967,0.30266538367077217,0.11166556825368892,0.11883183975907384,0.14064428868857565,0.07172929621705587
584,0.8501812361716478,0.3138231325363878,0.11434178619668631,0.12044685495106748,0.13985996718251154,0.07248788613304025
585,0.8501514858007447,0.312086085356076,0.11370478140328381,0.12534689707988853,0.13908079910700918,0.07208405187028934
586,0.8510156243854631,0.3105144934753122,0.1130719585403053,0.12464928013452692,0.13884410427858127,0.0716828687756413
587,0.843750313504284,0.3105144934753121,0.11244328663320807,0.12395623915715201,0.13807214110616564,0.07128431721253807
588,0.8434495247566128,0.3097944728795643,0.11181873496047352,0.12326774028070046,0.13730523728053137,0.07088837770482821
589,0.8429711558930958,0.3091603595988195,0.1111982730513611,0.12258374991456393,0.13654335538583523,0.07049503093534305
590,0.8426684722363955,0.30847105579891076,0.11058187068368382,0.12190423474213678,0.13578645831143954,0.0701042577444864
591,0.8422702667892406,0.3077172207563462,0.10996949788160489,0.1212291617183871,0.13503450924920668,0.06971603912883778
592,0.8417571066525158,0.30711228425844783,0.10936112491345541,0.12055849806745099,0.13428747169081942,0.06933035623976887
593,0.8414007124157293,0.3061104104567561,0.10875672228957284,0.11989221128024966,0.13354530942512657,0.06894719038207317
594,0.8411639760197712,0.30464642219319993,0.10815626076016001,0.11923026911212929,0.13280798653551418,0.06856652301260882
595,0.8422021845059043,0.30433183502449535,0.10755971131316457,0.1185726395805233,0.13216243888432194,0.06818833573895411
596,0.8433384684794047,0.30408205614890527,0.10696704517217849,0.11791929096263686,0.13162200772131502,0.06781261031807598
597,0.8460306083256214,0.3040815413489797,0.10637823379435768,0.11727019179315337,0.13641053829092062,0.06743932865501105
598,0.8499154813717121,0.3040684683346706,0.1057932488683612,0.11662531086196283,0.1356784144621597,0.06706847280155923
599,0.8494804302116212,0.3034268294951787,0.10521206231231009,0.11598461721191156,0.13493305054456364,0.06670002495498967
600,0.8492609454372168,0.3170829635332813,0.10463464627176562,0.11534808013657345,0.13419252226223843,0.06655884999325003
601,0.8445620968587078,0.3166009284352111,0.1040609731177266,0.1147156691780423,0.13521556564514636,0.06619393237976981
602,0.8445620968587079,0.3038708977792438,0.10349101544464565,0.11408735412474492,0.134474969561423,0.06583137821041211
603,0.8441490850573042,0.3016972382254139,0.10839642275216757,0.11346310500927517,0.13373916600593205,0.06547117019320216
604,0.8437670288310748,0.3007546776033465,0.10780390538692042,0.11284289210624823,0.133008119941309,0.06511329117581781
605,0.8450937772617808,0.29883279434703724,0.10721521582868357,0.11222668593017536,0.1322841576944376,0.0647577241443632
606,0.8418144871759248,0.2978896269033723,0.10663032613581176,0.11161445723335862,0.13163283900521477,0.064404452222154
607,0.8413748478536804,0.2970168077131986,0.10604920859183982,0.11100617700380555,0.1309154619242206,0.06405345866851404
608,0.840916580256483,0.2964144698684492,0.11091622228590135,0.11040181646316337,0.1302027075398927,0.06370472687758337
609,0.8404881177752463,0.29575227683532235,0.11031295506247596,0.10980134706467289,0.12949454218552645,0.06335824037713755
610,0.8401881613597838,0.2924460576047327,0.10971356866244222,0.10920474049114147,0.12879093246515733,0.06301398282741806
611,0.839382474487363,0.2954541487376223,0.10911803486528553,0.10861196865293524,0.12809184525119285,0.06613475068611968
612,0.8390453974185377,0.29475541788741383,0.10852632567711204,0.10802300368599009,0.12739724768206692,0.06577612491278302
613,0.8416783163808741,0.29407714772059673,0.1079384133286693,0.10743781794984143,0.12675179980402113,0.06541980034519386
614,0.8413649135728486,0.29346321846528567,0.10735427027338541,0.10685638402567252,0.12606584212392444,0.06506576028780167
615,0.8358305495774538,0.29313206177711026,0.10677386918542658,0.1116850836674742,0.12644337683251863,0.06471398817884187
616,0.8337246885554703,0.29581842289979343,0.10619718295777299,0.11108187194463666,0.12576045549086812,0.06472334574862289
617,0.8332106937103745,0.29525699466774313,0.10562418470031262,0.11048251782537512,0.12508190150434342,0.06437412401506983
618,0.8327210644581967,0.29442934912542723,0.10505484773795302,0.11527720743840236,0.12440768328386011,0.06402713370858568
619,0.8322002163841812,0.29386244104642445,0.10448914560875075,0.11465645967568072,0.12373776949274834,0.06368235870157207
620,0.8331202136410626,0.2929404366781369,0.10392705206205827,0.1140396716285124,0.12312694333903113,0.06333978299520787
621,0.8358576638856227,0.2923822664763829,0.10336854105668827,0.11342681472177295,0.12249081064647424,0.06299939071833037
622,0.8354056569677002,0.29175315154465004,0.10281358675909513,0.11281786060818409,0.1218331946920549,0.06266116612632695
623,0.8360817601975734,0.29173308480601867,0.1022621635415733,0.11221278116633697,0.1212493262558554,0.062325093600037115
624,0.8346528623822427,0.2905639058518685,0.10171424598047263,0.11696951807540834,0.12059967605458423,0.061991157644664716
625,0.8351730441384861,0.29047262050669126,0.10116980885443022,0.11634342536202613,0.12564521793502384,0.06165934288870042
626,0.8378480428125148,0.29046356654024663,0.1006288271426189,0.11572130631165903,0.1251665812816144,0.06132963408285415
627,0.838227842086061,0.2898110321812036,0.10009127602301195,0.11510313237943136,0.12451599661236601,0.06100201609899751
628,0.8380640965014402,0.2873657075146077,0.09955713087066397,0.1144888752471074,0.12385150697228006,0.06067647392911607
629,0.8393962119900389,0.2873572750560574,0.09902636725600782,0.11387850682113282,0.12853600795477266,0.060352992684271384
630,0.840503580472464,0.3002363658075687,0.09849896094316733,0.11327199923069436,0.12786637978139692,0.060973226776075785
631,0.8403063940307033,0.2996960969054688,0.0979748878882858,0.11266932482579764,0.12718605459190235,0.06064881294554858
632,0.8429142699121063,0.29969609468117514,0.09745412423786991,0.11207045617536267,0.1265100564109001,0.06032644771601214
633,0.842752471794717,0.31084687698686997,0.09693664632714909,0.11147536606533714,0.12583829254058002,0.06063217327611615
634,0.8415834152630949,0.3078566109012588,0.09642243067845008,0.11088402749682724,0.13047542046382232,0.06031054040047501
635,0.8426391443214473,0.3024079824161199,0.09591145399958656,0.11029641368424573,0.1355404761263708,0.059990933443696784
636,0.8424687829346902,0.30189902221677933,0.09540369318226374,0.10971249805347727,0.1348229169604077,0.0596733379519481
637,0.8426316161289161,0.309477125752921,0.0948991253004977,0.10913225424006066,0.13759978609022575,0.0626897347567175
638,0.8464218756234142,0.30940373151444506,0.09439772760904934,0.10855565608738797,0.13699710790457126,0.06235851475669119
639,0.8463721148252227,0.30739159324632725,0.09389947754187286,0.10798267764492023,0.1362740097967531,0.06202937405644865
640,0.8459847416300986,0.3062233637891761,0.09340435271057855,0.10741329316641973,0.13555544726715513,0.06170229786636767
641,0.8455549268850013,0.3056202351170726,0.09291233090290982,0.10684747710819863,0.13484138807967386,0.06137727151317838
642,0.8465208970902424,0.30466710320633106,0.0924233900812342,0.10628520412738363,0.13519374383676708,0.0610542804389665
643,0.848997461771266,0.30466380831009404,0.0919375083810484,0.10572644908019678,0.1344863062644721,0.060733310200185686
644,0.8523816624264354,0.3046636169823551,0.09145466410949706,0.10517118702025215,0.13378438028552384,0.06041434646667912
645,0.8521182741733285,0.3042063533485337,0.09097483574390511,0.104619393196868,0.13832908917604225,0.06009737502070995
646,0.8517980161233412,0.30228019123445976,0.0904980019303238,0.10407104305339476,0.13760405365845452,0.06502376317408426
647,0.8541312784464106,0.30226845439021593,0.09002414148208997,0.10352611222555823,0.1368960906117205,0.0646832894740434
648,0.8539843134892547,0.3018168508629994,0.09478414250942373,0.10298457653981803,0.13617999960133803,0.06434493706450889
649,0.850999392182886,0.2998945516862628,0.09428883083231032,0.1024464120117412,0.13667548345339417,0.06400869095996657
650,0.8509121090592671,0.2984905910187434,0.0937965999729929,0.1019115948443907,0.135961974864158,0.06367453629205005
651,0.850853819520624,0.29700861001480877,0.09330742820052836,0.10138010142672872,0.13525290054535297,0.0633424583085431
652,0.8504469652056653,0.2964078748382443,0.09803132123964743,0.10085190833203463,0.1345482292429965,0.06301244237239115
653,0.8514965573314324,0.2959032869369841,0.09752108587167369,0.10553181217923034,0.134316154975914,0.06268447396072194
654,0.8513251703059562,0.2949122394623344,0.09701401351285745,0.10498308710655949,0.1336177623265501,0.06235853866387501
655,0.8524739203910853,0.2943082398865343,0.09651008192006777,0.1044377607935256,0.13303235774953936,0.062034622184440225
656,0.8533802746293897,0.2895393137116562,0.1011984978249139,0.10908503815883183,0.13324375750847986,0.06171271033630501
657,0.8530867612296719,0.28886364473796644,0.10067388054499928,0.10851953672127808,0.13255301625112798,0.06139278904371028
658,0.8528165003263307,0.2882881390036952,0.10015250453996498,0.1079575291556849,0.13186654264254022,0.061074844340315085
659,0.8535222796136142,0.288132372799396,0.09963434708526099,0.10739899096654637,0.13267605418515963,0.060758862368269724
660,0.8531459160515086,0.28751525773459097,0.09911938563273871,0.10684389784850515,0.13199031622855267,0.060444829377297345
661,0.8527070565173873,0.28695886272680293,0.09860759780915873,0.106292225684744,0.13130880437045322,0.060132731723783917
662,0.852698857769548,0.3002077828616865,0.09809896141471207,0.10574395054539185,0.13063148904893665,0.0599201772924322
663,0.8524289055793112,0.2996021982562882,0.09759345442155505,0.10519904868594435,0.1299583409310724,0.0596114067589249
664,0.8523472821957722,0.31030452312866735,0.10004749467958547,0.10684893742303925,0.1292893309109906,0.060227968174777595
665,0.8547165640561432,0.3103042511393722,0.09953297689931465,0.10629944162323672,0.12862519167791622,0.05991823167817913
666,0.8537664565945332,0.30949673569718233,0.09902161676368405,0.10575331813151295,0.1279643675218331,0.05961039606397166
667,0.8560905876907138,0.30948580524379193,0.09851339226807948,0.105210543447333,0.12731875895611722,0.05930444808551458
668,0.8564212061235806,0.3091130657779988,0.09800828157774277,0.1046710942515651,0.1272248754618628,0.05900037459841958
669,0.8562519899575243,0.3085867637408257,0.0975062630263425,0.10413494740495427,0.12657320351482657,0.0586981625596902
670,0.856081936009105,0.3080596836827318,0.09700731511455758,0.10360207994660961,0.12592551757526196,0.058397799026869174
671,0.8582962432917007,0.3075075993687532,0.09651141650867381,0.10307246909250535,0.1253051883652805,0.05809927115719351
672,0.858214084985181,0.3141730795446388,0.09601854603919302,0.10254609223399554,0.12466527208125804,0.06022280297779177
673,0.8575829147481677,0.3137152319830489,0.09552868269945482,0.10202292693634207,0.12415413315758263,0.05991556083955886
674,0.8571837546997264,0.3131271438562305,0.09504180564427095,0.10150295093725621,0.12352136196224597,0.059610191698093444
675,0.8581318028283358,0.31295151171779795,0.09455789418857179,0.10098614214545303,0.12300517862441007,0.05930668257972613
676,0.8588960780221654,0.31205463222263163,0.09407692780606525,0.1004724786392192,0.12749154836286525,0.05900502061037273
677,0.8585416103729326,0.3099438871649896,0.0986802773819142,0.0999619386649935,0.12684371392405444,0.05870519301470071
678,0.8581716402832846,0.30903423069467795,0.09817934546594824,0.09945450063596031,0.12619981560586974,0.05840718711530307
679,0.8578612753537221,0.30837026310437965,0.09768145457679776,0.0989501431306556,0.12555982622618472,0.058110990331879796
680,0.8576913830534653,0.3079818142746151,0.09718658372952181,0.09844884489158562,0.12492371881093814,0.05781659018042656
681,0.8582290824887838,0.3079745021561079,0.09669471209969607,0.09795058482385802,0.12430187232522859,0.05752397427243087
682,0.8588233444576284,0.30770393129777934,0.09620581902207359,0.09745534199382525,0.12556577203755975,0.05723313031407533
683,0.8584235086922409,0.3062591355822878,0.10077087817812672,0.09696309562774019,0.1299825342415462,0.05694404610544815
684,0.8615471504802586,0.3062589588882073,0.10026239379675012,0.09647382511042386,0.1293305599141087,0.056656709539760715
685,0.8611771986059698,0.3056312589452625,0.09975698086568285,0.0959875099839451,0.12867861719772725,0.05637110860257218
686,0.8609516439732621,0.30501283935841234,0.1093263461117928,0.0955041299463121,0.12803060919299827,0.05608723137102109
687,0.8613890183693109,0.3038348931591515,0.10877634378807786,0.09502366485017569,0.12772801143787502,0.05580506601306378
688,0.861049257874399,0.30319368688851,0.1082296553946933,0.09454609470154425,0.12708607571057,0.05552460078671973
689,0.8618957677862837,0.30239626048852325,0.10768625821803224,0.09407139965851016,0.12650763382642652,0.06023656740972171
690,0.861177021900771,0.2962776852755909,0.1071461297171379,0.09359956002998758,0.12587310180961142,0.0599344352027677
691,0.86196081927472,0.2953688280189815,0.10660924752227172,0.09313055627446162,0.12526972018142588,0.059634118885186514
692,0.8615869758681916,0.2947711348093516,0.10607558943349422,0.09266436899874869,0.12464265263327771,0.05933560603897634
693,0.8612263156664313,0.29416528985865525,0.11054586937621644,0.09220097895676783,0.12401934763848388,0.05903888434032935
694,0.8611324115705763,0.292820376145485,0.10999361120672428,0.09174036704832321,0.1233997795054101,0.05874394155885203
695,0.8611324115705763,0.29180112611227843,0.1094446611987754,0.09128251431789725,0.1227839227370286,0.05845076555679247
696,0.8607499370275148,0.2912188877564612,0.10889899679737297,0.09082740195345473,0.12217175202930938,0.05815934428827455
697,0.8603580814877857,0.29064025946770466,0.10835659561812952,0.0903750112852575,0.12156324226962596,0.057869665798538944
698,0.8603580814877858,0.29856867328434766,0.10781743544585846,0.08992532378468966,0.12095836853517511,0.0596814533314568
699,0.8625601044745095,0.2985659986854549,0.11225231560788462,0.08947832106309332,0.1204011638679919,0.05938478748756325
700,0.863448748016968,0.2978644999741753,0.11169488710541031,0.0890339848706147,0.11990768253444738,0.05908989136021224
701,0.8644271712606236,0.2978081061912855,0.1111407810941151,0.08859229709506043,0.11964454020121151,0.05879675292874067
702,0.8642271850453025,0.29724514591839446,0.11058997502317154,0.0881532397607641,0.11905159008470771,0.05850536026309533
703,0.864022436720188,0.2959736693695235,0.11004244651161856,0.08771679502746281,0.11846216830480914,0.058215701523087374
704,0.8650711088909331,0.2948743384502199,0.10949817334696464,0.09222897448885443,0.11796761628825335,0.0579277649576533
705,0.8647067522592755,0.29423856505192775,0.10895713348380343,0.0917732632179565,0.1173847281813275,0.05764153890412258
706,0.8644513083768396,0.29363431924535405,0.10841930504244147,0.09132025688843011,0.11680529989261573,0.05735701178749174
707,0.8641277804630718,0.2929489930272968,0.10788466630753833,0.09580115065637222,0.11622930802714376,0.05707417211970485
708,0.8638298932685566,0.29204618423250744,0.10735319572675851,0.0953292069138428,0.11565672936555034,0.056793008498940444
709,0.8602374294274567,0.2880569254491052,0.10682487190943553,0.09486005748463266,0.11508754086264797,0.05651350960890472
710,0.8613049564340307,0.2878130411619327,0.10629967362524767,0.09439368351630133,0.11958978170917878,0.05623566421813099
711,0.8609968360146849,0.2868778858459009,0.10577757980290547,0.09393006629762833,0.11900241314899174,0.055959461179285325
712,0.8615826989825927,0.2853773136799436,0.10525856952885085,0.09837580617445052,0.11843371200772482,0.05568488942847834
713,0.861190725782595,0.2848114938133666,0.10474262204596765,0.09789359603422625,0.1178531837346121,0.05541193798458305
714,0.8622824810322434,0.2841400544155428,0.10422971675230365,0.09741422915719958,0.11732250113326385,0.055140595948558774
715,0.8630813075814951,0.2838884576416526,0.10371983319980371,0.09693768643239534,0.11683201038942179,0.05487085250278093
716,0.863877035119229,0.28329778825178503,0.10321295109305426,0.09646394889149883,0.1167885613777047,0.05460269691037683
717,0.864771759611595,0.28257306567721036,0.10270905028803866,0.09599299770769258,0.12175052818316032,0.054336118514567225
718,0.8658188253680833,0.2825620090371438,0.1022081107909037,0.0955248141945035,0.12117475938637734,0.05897995432060302
719,0.8654940086431796,0.2817304842957755,0.10171011275673678,0.09505937980465998,0.12058434839552634,0.05869258083253411
720,0.8656974898089511,0.28642236675190924,0.10121503648835392,0.09459667612895924,0.12182496118325362,0.06228657070404595
721,0.866748870928149,0.2864142634785799,0.10072286243509847,0.09413668489514448,0.12123775216154657,0.06198369244573183
722,0.8676139627896442,0.28631078848929703,0.10023357119165026,0.09367938796679202,0.12090774519315428,0.06168258823545558
723,0.8673743404911265,0.2852443487056082,0.09974714349684526,0.09322476734220805,0.1203209869336294,0.06138324622011813
724,0.8669731832954926,0.28468142758953446,0.09926356023250558,0.09277280515333518,0.11973765979672972,0.06108565463461243
725,0.8680081891049066,0.27909696113120863,0.09878280242227974,0.09232348366466847,0.11919353803895386,0.06078980180110977
726,0.8686898497389224,0.27830252011208056,0.09830485123049305,0.09187678527218113,0.11869251632319852,0.06049567612835235
727,0.8684229369937355,0.2776243301656408,0.09782968796100813,0.0914326925022594,0.1181188078702221,0.06020326611095198
728,0.8689719122478732,0.27670847274930493,0.09735729405609526,0.09099118801064685,0.11758486667675774,0.059912560328695005
729,0.86860969039956,0.2761578465717921,0.10171156249646418,0.09055225458139798,0.11701764769779287,0.05962354744585324
730,0.8681619650269392,0.2749853426941915,0.10604049523373463,0.09011587512584085,0.12127281903444724,0.059336216210500975
731,0.8679481540957367,0.27384671845511777,0.10552998731732256,0.0896820326815488,0.12068897854948694,0.05905055545383787
732,0.8676275975746389,0.2732174801980216,0.10502244492175232,0.08925071041132115,0.12010852957143729,0.05876655408951784
733,0.8675061808985001,0.27051054319835216,0.10451784838064201,0.08882189160217284,0.11953144960891358,0.05848420111298377
734,0.8671063551850565,0.2699637072987139,0.1040161781725972,0.08839555966433274,0.11895771633634548,0.05820348560080796
735,0.8668577627857906,0.2694897106339578,0.10351741492004253,0.08797169813025084,0.11838730759264082,0.05792439671003841
736,0.8668067729198615,0.26817335175102214,0.10302153938806363,0.08755029065361399,0.11782020137986113,0.05764692367755076
737,0.8689132585078163,0.2654421605340118,0.10252853248325898,0.08713132100837019,0.11727013133200148,0.057371055819405825
738,0.8697708784480684,0.26472515858698253,0.10203837525260177,0.08671477308776146,0.1167519107074027,0.057096782530212775
739,0.8706146263901214,0.26402875675699966,0.10155104888231173,0.08630063090336494,0.11625366794335928,0.056824093282497816
740,0.8703023526290924,0.26340598814735666,0.10106653469673664,0.08588887858414253,0.11569900551629789,0.05655297762607836
741,0.8709913436623304,0.26207086673936225,0.10058481415724367,0.0854795003754986,0.11552311694802121,0.05628342518744263
742,0.8716891399049169,0.2612711868987907,0.10010586886112023,0.08507248063834598,0.11507052944504423,0.05601542566913463
743,0.8721842744956264,0.2611836922642812,0.09962968054048438,0.08466780384817994,0.12018390777880693,0.05574896884914446
744,0.8726166320237626,0.2611506280776821,0.0991562310612047,0.08426545459416035,0.11974908388659351,0.0554840445803039
745,0.8734031980193642,0.2595099199115047,0.09868550242182948,0.08386541757820157,0.11922374587585864,0.05522064278968723
746,0.8741309981184968,0.25863687852983536,0.09821747675252518,0.08346767761407041,0.11868320769904134,0.05495875347801727
747,0.8691146309606216,0.2542212359226715,0.09775213631402406,0.0830722196264918,0.11877483980473563,0.05469836671907645
748,0.8710104649465024,0.2536213067874818,0.09728946349658095,0.08267902865026219,0.11824779346138073,0.05443947265912309
749,0.8707901323506689,0.2530504135700493,0.09682944081893896,0.08228808982937057,0.11768867159331457,0.05418206151631267
750,0.8703292623251395,0.25244955964605814,0.09637205092730414,0.08189938841612714,0.11713274967234254,0.053926123580124045
751,0.8709371699775866,0.2516655368493629,0.09591727659432896,0.08151290977029947,0.11659468432574659,0.05367164921079069
752,0.8706054130060997,0.25091157096890926,0.09546510071810466,0.08112863935825614,0.11604503044252523,0.053418628838736805
753,0.8715315844523224,0.2508704931038665,0.0950155063211621,0.08074656275211761,0.11569888132592633,0.053167052964018274
754,0.8701616784942532,0.24983227740786648,0.09456847654948138,0.08036666562891465,0.11515454023355745,0.05762172076005786
755,0.8701616784942532,0.24896950894369596,0.09412399467150985,0.07998893376975375,0.11461330167111558,0.05735089255609519
756,0.8699163264412341,0.2481197515496111,0.09368204407718862,0.07961335305898984,0.11407514541279436,0.057081606693988755
757,0.8705913045764785,0.2473311041853515,0.0932426082769875,0.07923990948340617,0.11825225856549586,0.056813853126467626
758,0.87025240586696,0.24677550336183596,0.09280567090094803,0.07886858913140107,0.11769812529398913,0.0565476218791174
759,0.8702042824945878,0.24446403249620915,0.09237121569773499,0.07849937819218185,0.11714713996684278,0.05628290304980225
760,0.8710897207127816,0.24437975818456653,0.09193922653369577,0.07813226295496548,0.11699851506175579,0.05601968680809178
761,0.873029205374281,0.23794862939693345,0.09618167733531001,0.07776722980818619,0.1164532214737365,0.055757963394692966
762,0.8737522455230476,0.23771767222711124,0.09573276664128604,0.07740426523870994,0.11596701027661256,0.05549772312088683
763,0.8737034221070988,0.24879668902137597,0.09528639774940283,0.0770433558310554,0.11542629608137633,0.05624647626437827
764,0.8736270913000197,0.24826680610033597,0.09484255418735747,0.07668448826662176,0.11954663595057184,0.055984480460493063
765,0.8725278998473747,0.2467761781771501,0.09440121960172099,0.07632764932292314,0.11899034489015549,0.0557239656768307
766,0.8721884720362577,0.24625294732866543,0.0939623777569994,0.07597282587282946,0.11843719586648861,0.05546492232976385
767,0.8711477246103558,0.24518929631277828,0.09352601253470295,0.0756200048838138,0.11788716856262339,0.05520734090473143
768,0.8698533534809398,0.24477287769042427,0.09309210793242327,0.07526917341720632,0.12115165924924662,0.05495121195569388
769,0.8695121723668743,0.2442221512862925,0.09266064806291828,0.07492031862745432,0.12059015000586439,0.054696526104592996
770,0.8695121723668743,0.2583649860816647,0.09223161715320509,0.0745734277613888,0.1200318018522411,0.05444327404081646
771,0.8692587546030797,0.2577499801947647,0.09180499954366043,0.07422848815749712,0.11947659440867561,0.05419144652066687
772,0.8689966300987823,0.25715182705888506,0.09138077968712889,0.07388548724520203,0.11892450744183433,0.053941034366835304
773,0.8686683650492688,0.2560690334146965,0.09095894214803868,0.07354441254414662,0.11837552086360047,0.053692028467879384
774,0.869463166353298,0.2555587253765549,0.09053947160152485,0.0778168988155722,0.11798579659966046,0.053444419777705726
775,0.8713401318488307,0.2543836994624834,0.09012235283256013,0.08206543123046248,0.11753388010538895,0.05319819931505687
776,0.8732414589954607,0.25385028021580314,0.08970757073509296,0.08168773057545892,0.1170057055185529,0.05295335816300248
777,0.8760534255727329,0.2538414682826938,0.08929511031119293,0.08131214403683687,0.11648071812906553,0.05270988746843491
778,0.8766207307735376,0.25309669579056804,0.08888495667020349,0.08093865805516172,0.11595936310999823,0.05246777844156905
779,0.8764206507784158,0.25222640839193455,0.09306574149386143,0.08056725916791738,0.1154272665882686,0.05222702235544639
780,0.8761656698016005,0.25145494588017087,0.09263912254038778,0.08019793400874778,0.11489814105954266,0.0519876105454433
781,0.8757913948888466,0.25039169794986404,0.09221488368488788,0.0798306693067047,0.11437196751077101,0.05174953440878345
782,0.8755982870393851,0.2489695704222898,0.0917930097070247,0.07946545188550201,0.11842362821936239,0.05151278540405441
783,0.8774324258651736,0.24650610203336373,0.09137348549495414,0.07910226866277624,0.11789530687206715,0.051277355050728265
784,0.8797047997711577,0.24610901630725637,0.09095629604447814,0.07874110664935331,0.11735759813616647,0.05104323492868632
785,0.8794304874405712,0.24527943089242865,0.09054142645820479,0.07838195294852156,0.11682230700952499,0.05081041667774785
786,0.8791182235986279,0.24478661726183543,0.09012886194471567,0.08258143285598797,0.11628999003439638,0.05057889199720274
787,0.8796678265404622,0.24407454592106,0.08971858781774014,0.08220551525824707,0.11577389940303497,0.050348652645348164
788,0.8795598097275895,0.24214162274580842,0.0893105894953366,0.081831682888239,0.11524741366709682,0.0501196904390291
789,0.879248931010372,0.2416213458072292,0.08890485249908064,0.08145992247996875,0.11472384597247313,0.04989199725318274
790,0.8797809298801977,0.24092153237508354,0.0885013624532601,0.08109022086155236,0.11874790107076699,0.04966556502038675
791,0.8806004120525062,0.24088696093336784,0.08810010508407676,0.08072256495448554,0.11840174716803545,0.049440385730411304
792,0.8804591648128988,0.24054313151817638,0.08770106621885487,0.08035694177291842,0.11786546064731981,0.049216451429774905
793,0.8811401432843402,0.23984232869795172,0.0873042317852563,0.08451819143450968,0.11735687506308995,0.04899375422130394
794,0.881812016114573,0.2396176644815906,0.08690958781050222,0.0841361412827051,0.11686303920950479,0.0487722862636959
795,0.8812586910927795,0.23865007382046285,0.0865171204206014,0.08375619825688442,0.12085112000310046,0.04855203977108632
796,0.8818455034176091,0.23792967228324,0.08612681583958495,0.08337834902069555,0.12040123661405401,0.04833300701261929
797,0.8818382948748203,0.2513966641947536,0.08573866038874742,0.08300258033194596,0.12300292194772763,0.049696867574754465
798,0.8815039779873325,0.2509121576103062,0.08535264048589433,0.08262887904187427,0.12244912771108314,0.04947311810273884
799,0.881407560948626,0.24934576118202106,0.08496874264459602,0.08225723209442784,0.1218983778393798,0.049250598645416636
800,0.8820319990823188,0.24898248749068894,0.08458695347344761,0.08188762652554644,0.12169327425172229,0.049029301440701646
801,0.8818920981370532,0.24863822805160252,0.08420725967533535,0.08152004946245192,0.12114701765294483,0.04880921878116179
802,0.881700787367032,0.24589819023943738,0.0883139600891901,0.08115448812294378,0.12508806866525424,0.048590343013597326
803,0.8821833391590208,0.2450728837117036,0.08791832856384998,0.08079092981470067,0.12533458981767567,0.048372666538622655
804,0.8820083140911279,0.2445787066199626,0.08752486306277432,0.08042936193458766,0.12477367336270793,0.04815618181025157
805,0.8845323828583058,0.24457870599402215,0.08713354996728304,0.08006977196796938,0.12421712893534637,0.04794088133548596
806,0.8850374570926789,0.24393347807315646,0.08674437575426175,0.08417855810905153,0.12372938687427291,0.04772675767390796
807,0.8848465400881467,0.24342556478100807,0.0908192734382895,0.08380295789113153,0.12317731297663166,0.047513803437275494
808,0.8842967548531461,0.24304333275392082,0.09041444773241435,0.08342940731867783,0.12273721496666207,0.0473020112891212
809,0.8840814757542049,0.24242912467082786,0.09001182935150696,0.08305789354253754,0.12219066228613021,0.04709137394435466
810,0.8846776920521636,0.24219115854764864,0.08961140446808194,0.08268840380347868,0.12173189695948766,0.04688188416886799
811,0.8852680745642305,0.24192825339641272,0.08921315935135568,0.08232092543150032,0.1212534029592375,0.046673534779144626
812,0.8845806420433697,0.24158521841024921,0.08881708036650487,0.08195544584514834,0.12088777148179486,0.04646631864187147
813,0.8842907946447056,0.2408716839525182,0.08842315397393125,0.08159195255083693,0.12035160339870114,0.04626022867355416
814,0.8841037557854456,0.24033479993656426,0.08803136672853228,0.0812304331421757,0.11981834688097019,0.046055257840135554
815,0.8847324413631995,0.23960501103918377,0.08764170527897809,0.08087087529930247,0.11931694310473093,0.045851399156617435
816,0.8853962912414718,0.23904084542106668,0.08725415636699424,0.08051326678822134,0.11887936688518347,0.04564864568668528
817,0.8851052135666603,0.23855001599006165,0.0868687068266505,0.08015759546014657,0.11835421141717896,0.04544699054233616
818,0.8858159148170522,0.2544161031066833,0.08648534358365552,0.07980384925085161,0.11783249184707639,0.045246435167540865
819,0.885566834805222,0.25318238316062625,0.08610405365465724,0.07945201618002369,0.11731300102252296,0.045046956165231425
820,0.8855637375943343,0.266581697132368,0.08572482414654929,0.07910208435062363,0.1167963174311688,0.04493255808589334
821,0.8862638135161852,0.281475065778238,0.08534764225578287,0.07875404194825103,0.11628416567608946,0.04474706723165291
822,0.8862638135161851,0.27936372487735694,0.08497249526768447,0.07840787724051466,0.11577303668220136,0.04455038074970087
823,0.8859480702822333,0.27886524289243947,0.08459937055577921,0.07806357857640804,0.11526466299231077,0.044354754530532704
824,0.8865327445915558,0.27863798710476945,0.08422825558111968,0.07772113438569016,0.11483054433909472,0.044160182000081365
825,0.8865327445915556,0.2709240022628949,0.0838591378916204,0.07738053317827134,0.11432731671176281,0.0439666566298208
826,0.8869731494266094,0.2700418609737528,0.08349200512139769,0.07704176354360416,0.1139957803312984,0.043774171936419845
827,0.8867038837508318,0.26950490429669594,0.08312684499011505,0.0767048141500793,0.11349720907227881,0.04358272148139902
828,0.8871976983608875,0.2688360794869451,0.08276364530233382,0.07636967374442649,0.11301520900426675,0.04339229887079011
829,0.8870974705791533,0.2625496478342197,0.08240239394686932,0.07603633115112028,0.11252191394347338,0.043202897754798526
830,0.8868160591679892,0.2620510876404895,0.08204307889615213,0.07570477527179073,0.11203126294076753,0.0430145118274685
831,0.8867896367797894,0.26155618962194926,0.08168568820559471,0.07973112963451108,0.11154323968560544,0.042827134826350984
832,0.8862128368048761,0.2568924638259345,0.08133021001296323,0.07938415725193645,0.11105782797989878,0.04264076053217428
833,0.8862072598052309,0.26888093190637324,0.08097663253775444,0.07903904010680375,0.11366093969042897,0.043887786990744755
834,0.8855112188525611,0.2685519045848406,0.08062494408057781,0.07869576677966306,0.11332589998973874,0.043697178569377326
835,0.8851922157618769,0.26808743601971285,0.08027513302254255,0.07835432592963806,0.11283420782882898,0.04350758766245859
836,0.8860099954130544,0.2680869262158071,0.07992718782464985,0.07801470629383277,0.11234599668291383,0.047653439900535756
837,0.8838443556813301,0.2646364782419707,0.07958109702718986,0.07767689668674295,0.1118595299793845,0.04744709688427613
838,0.8835509373245848,0.2641308264273383,0.07923684924914387,0.07734088599967258,0.1113756538318175,0.04724185269580303
839,0.8832555058723102,0.2636360716054091,0.0788944331875911,0.0770066632001549,0.1108943523527791,0.047037700596194804
840,0.8830213413664824,0.2629132977747262,0.07855383761712054,0.07667421733137823,0.11041560976378362,0.046834633892741964
841,0.8829776521969922,0.26160502303849753,0.07821505138924749,0.07634353751161659,0.10993941039447334,0.0466326459385993
842,0.8836462411512854,0.2615329478153537,0.07787806343183491,0.07601461293366475,0.11012202263185715,0.04643173013244089
843,0.8833694472990977,0.26103168920828046,0.07754286274851946,0.07568743286427812,0.10964803835942351,0.04623187991811788
844,0.8842081131424385,0.2610311962782939,0.07720943841814217,0.07536198664361701,0.10917739954154425,0.050332985550681435
845,0.8823565526134035,0.25905803691738355,0.07687777959418383,0.07503826368469556,0.10870841998831039,0.05011677650764133
846,0.8821327370633383,0.25850798085112203,0.076547875504205,0.07471625347283502,0.10824192170286831,0.04990171137915162
847,0.8818246594494802,0.25804916499705033,0.07621971544929039,0.0743959455651216,0.10777788955650097,0.04968778319056831
848,0.8815337880328112,0.257346629459687,0.07589328880349798,0.07407732958986865,0.10731630852367856,0.05375769118694547
849,0.8812909315333247,0.25682867525978065,0.07556858501331246,0.07376039524608324,0.1068571636812857,0.05352769290441987
850,0.8809937819982924,0.25616049775479843,0.07524559359710319,0.07344513230293707,0.10640044020785498,0.053298907552218715
851,0.8806827582890114,0.25568931297972125,0.07919418145111687,0.07313153059924164,0.10594612338280662,0.05307132775639863
852,0.8804772861585384,0.2551729345829755,0.07885636999334932,0.07281958004292771,0.10549419858569437,0.052844946193175896
853,0.88014373512759,0.2547108221531548,0.08278168179570504,0.07250927061052896,0.10504465129545745,0.0526197555885517
854,0.881890119686866,0.2547098802851786,0.08242927298506773,0.07220059234666985,0.10886019190775836,0.052395748717940505
855,0.8835611282231457,0.25099224721509217,0.08207871514253091,0.07189353536355762,0.10839722783422855,0.05217291840580139
856,0.8832635357926678,0.2500797262205565,0.08172999705607706,0.07158808984047837,0.10793669340941921,0.05195125752527236
857,0.883897302066476,0.24989817022445404,0.08138310758969995,0.07128424602329726,0.10751797994522339,0.05173075899780764
858,0.8837634000002973,0.2469422880716274,0.0810380356828387,0.07098199422396269,0.107062093761218,0.05151141579281785
859,0.8834542743897345,0.24648836926735096,0.08493062491033286,0.07491717938053118,0.10660859430310109,0.0555290754878298
860,0.8833073946892095,0.245829933859937,0.08457123070943681,0.07460015828425079,0.1061574671555184,0.0552940974957037
861,0.8833073946892095,0.24506638354515603,0.08421371502302885,0.07428479422283882,0.10570869800058164,0.05506034770804359
862,0.8849758355878891,0.24357823661161718,0.08385806652171433,0.0739710772026529,0.109487255727098,0.0548278187175001
863,0.8846880794584326,0.2424516043879493,0.08350427395259681,0.07365899729752963,0.10902533501873911,0.05459650316673968
864,0.8853935941766068,0.2420741324517215,0.0831523261387106,0.07756327279604329,0.10864954739552822,0.054366393748073595
865,0.8861355599824967,0.2506469543717915,0.08280221197845782,0.07723669143166698,0.11236209822577532,0.05418081079322305
866,0.8861355599824967,0.24821311016280417,0.08245392044504998,0.07691181018693548,0.11188946873251784,0.05395290966327062
867,0.8877430366951756,0.24676819082458346,0.08210744058595411,0.08079072175612692,0.11142067839058026,0.05372619398453706
868,0.887041013221257,0.2509159794727171,0.08176276152234323,0.0804515701503209,0.11127991654338443,0.05752066823889516
869,0.8867530984461961,0.2504968206608302,0.08141987244855133,0.08011417982909978,0.11081324116690788,0.05727944340390794
870,0.8865665024300076,0.24971029835687727,0.08107876263153266,0.07977854023153873,0.1103489873762676,0.05703947028836684
871,0.8872366248079508,0.24964566462064747,0.08073942141032542,0.07944464086764079,0.11008670433807569,0.05680074139221147
872,0.8870371880629518,0.2580385374048508,0.08040183819551965,0.07911247131781345,0.10962641588283706,0.05745722882141365
873,0.8868244731239182,0.2575191353483706,0.08006600246872947,0.07878202123234929,0.10916851009511258,0.057217231942814126
874,0.8867640047083549,0.26658079037630006,0.07973190378206949,0.0784532803309108,0.10871297272940422,0.05746141803377422
875,0.888359954976848,0.26658076322868157,0.07939953175763542,0.07812623840201931,0.10826059968022966,0.057221883206022714
876,0.888359954976848,0.2625684764753187,0.07906887608698886,0.07780088530254806,0.10780975342963546,0.056983585325061634
877,0.8890026702228153,0.2619805206127854,0.07873992653064615,0.07747721095721923,0.10743029341846595,0.05674651701147041
878,0.8888372205775432,0.26152173769644527,0.07841267291757135,0.07715520535810502,0.10698379882259919,0.05651067093515757
879,0.8895205248048864,0.2613813893214861,0.07808710514467324,0.07683485856413282,0.10662953463560731,0.05627603981499822
880,0.8901938713120171,0.27381171968506496,0.0777632131763063,0.07651616070059408,0.10618728776732672,0.05604265063866799
881,0.8897682778828614,0.2697744458377409,0.07744098704377576,0.07619910195865735,0.10574728126986375,0.05581042763971455
882,0.8904184504037185,0.2692268421715974,0.07712041684484652,0.07588367259488506,0.10534823425188622,0.05557939804448643
883,0.8909986407936888,0.268880357175096,0.07680149274325594,0.07970526720679941,0.10505457803187623,0.055349554764153236
884,0.8909296460985761,0.2659471548772224,0.07648420496823063,0.07937598315272008,0.1046205691066671,0.059252161695863836
885,0.8914879939184062,0.2657751604952913,0.07616854381400694,0.08317552895285982,0.1042491159500661,0.05900761962657078
886,0.8914374969673203,0.2645191435868783,0.07585449963935535,0.08283259486178683,0.10381929510884536,0.05876433022814101
887,0.8919956814605491,0.26422201834697845,0.07554206286710864,0.08249141604314746,0.10365912562661868,0.0585222860811621
888,0.8917950966036492,0.2637416396106576,0.07523122398369375,0.08215198210818499,0.10323259124772272,0.05828147981548788
889,0.8923902210337126,0.263696107355888,0.07903263967768182,0.08181428273707995,0.10294194204179483,0.0580419041098787
890,0.892211536515609,0.2632319514710499,0.07870808759629337,0.08147830767844706,0.1025192050348052,0.05780355169164448
891,0.892211536515609,0.26233283551910086,0.07838519136443164,0.08114404674883606,0.1020986248122366,0.05756641533629063
892,0.8919784504428866,0.26152303497273177,0.07806394121002533,0.08081148983223656,0.10168018864572764,0.05733048786716675
893,0.8916044697212706,0.26921735555405285,0.07774432742567555,0.08048062687958682,0.10407103487224077,0.059310361152146954
894,0.8912733938120468,0.26874808835242286,0.08151650447429924,0.08015144790828636,0.10364536726092018,0.05906777204184177
895,0.8935279465233168,0.2672935237926952,0.08118342184287083,0.07982394300171243,0.10322187681210897,0.05882641663693094
896,0.893460733634928,0.264397363427353,0.08085203176820914,0.07949810230874033,0.10280052594161115,0.06266827963038747
897,0.8939039289408048,0.2643017841648609,0.08052232429754481,0.07917391604326747,0.10335219153819791,0.06241272390079177
898,0.8953494393964002,0.2642936245334243,0.08019428954375783,0.07885137448374127,0.10295778449190002,0.06215846469135418
899,0.8950943247737859,0.26386591951094307,0.07986791768490106,0.07853046797269067,0.10253877057333341,0.0619054943890993
900,0.8948708237482297,0.2633850188298243,0.07954319896372765,0.08227688351366749,0.10212187904271121,0.061653805431200796
901,0.8970031503725558,0.2633805062339486,0.07922012368722203,0.08194270501396546,0.10171094925943326,0.061403390304617916
902,0.8974756519426157,0.26283323089118993,0.0788986822261347,0.08161021647949747,0.10134890562858347,0.06115424154573488
903,0.8973646063394543,0.2618700247581785,0.07857886501452063,0.08127940801556285,0.10499160382209774,0.0609063517400031
904,0.8970731800389138,0.26148162272860725,0.08231012884254645,0.08095026979246728,0.1045664438613443,0.0606597135215862
905,0.8976100224758913,0.26141018929171383,0.08197714989569607,0.08062279204505285,0.10432964225031126,0.0643918304041848
906,0.8973653421448473,0.26036873953851003,0.08164584945430113,0.08029696507223173,0.10390800699497386,0.06413159884133737
907,0.8971280265586247,0.25993020624178925,0.08131621771898415,0.07997277923652356,0.10348849544738131,0.0638726780222631
908,0.8975934561921184,0.2592974645207557,0.08098824495457693,0.07965022496359643,0.10308616718588141,0.06361506030013234
909,0.8973229893148055,0.25889762488360285,0.08066192148965749,0.07932929274181151,0.10267080523699329,0.06335873807818715
910,0.8978948297345852,0.2583924335669486,0.08033723771609061,0.0830352153621076,0.10229732670430171,0.06310370380938041
911,0.8976581723549067,0.2579557168577475,0.08001418408857203,0.08270131257559019,0.10188596674948143,0.06284994999601777
912,0.8983181458296358,0.25793165210798596,0.07969275112417616,0.08236908487917108,0.10161960717693656,0.06259746918940243
913,0.8980471326246489,0.257530706378174,0.07937292940190735,0.08203852253546788,0.10121178893343073,0.06234625398948256
914,0.8979555090130628,0.2673664345603773,0.07905470956225462,0.08170961587064776,0.10328146115907741,0.06393598679087338
915,0.8978784117516269,0.26607358953298665,0.07873808230674997,0.08138235527397086,0.10286780173546577,0.0636799125337207
916,0.8975649961433296,0.26551005681365947,0.07842303839753005,0.08105673119733725,0.10245621088333724,0.06742628191426155
917,0.8978384712151509,0.26550242206567704,0.07810956865690126,0.08073273415483746,0.10608912905521493,0.06715676801203185
918,0.8974112757587487,0.26760678955456435,0.07779766396690825,0.08041035472230647,0.1056654972585148,0.06959296721632259
919,0.9001409153515315,0.26760507395428373,0.0774873152689058,0.08008958353688118,0.10524868789039529,0.06931534851076737
920,0.9021005187739354,0.2665829216401568,0.07717851356313402,0.07977041129656141,0.10483096793798352,0.06903911364855787
921,0.9026168583621348,0.2674432001973638,0.07687124990829682,0.07945282875977418,0.104911699556487,0.07250319560296047
922,0.9025576631845545,0.2755307502845187,0.0765655154211437,0.07913682674494144,0.1044944418079981,0.07314551057783569
923,0.9030998199084593,0.274976083625651,0.07626130127605485,0.07882239613005121,0.10410870383861262,0.07285488497641279
924,0.9028589791139369,0.2745612086873559,0.07595859870462927,0.07850952785223199,0.10369546708769939,0.07256570343014668
925,0.9032779993422974,0.2739044708661372,0.07565739899527632,0.07819821290733045,0.10329943780874211,0.07227795761657335
926,0.9035978107248945,0.27362150445869055,0.0753576934928103,0.07788844234949248,0.10289552786025033,0.07199163926711429
927,0.9042200577410177,0.2736198017685183,0.07505947359804821,0.07758020729074741,0.10249456459296333,0.07170674016669214
928,0.9039778556033435,0.2732047005701038,0.07476273076741063,0.07727349890059551,0.10208935888388582,0.07142325215334946
929,0.9044787569955864,0.27240691194497174,0.07446745651252572,0.07696830840559864,0.10564917023940376,0.07114116711787039
930,0.9042645557506725,0.271762240076532,0.07417364239983618,0.07666462708897408,0.10523232751824738,0.07086047700340516
931,0.9040172217851814,0.271358647132409,0.0738812800502094,0.07636244629019154,0.10481754445603662,0.07058117380509767
932,0.9039406071394425,0.26955908404126977,0.07359036113855048,0.07606175740457317,0.10440480924171458,0.0703032495697158
933,0.9043879368846736,0.2689550909441602,0.07330087739341837,0.07969627011247722,0.10431794605298293,0.07002669639528468
934,0.9049263747288111,0.2689153482596438,0.07301282059664484,0.07938308078787769,0.10427779168629961,0.06975150643072268
935,0.9045896082015775,0.27634050492075735,0.07272618258295652,0.079071434033081,0.10648175369092525,0.07174939272970747
936,0.9048572697141759,0.27564217134730756,0.07244095523959976,0.07876132102750781,0.1063294076832557,0.07146799629242834
937,0.9053746677165324,0.28491541364907114,0.07215713050596842,0.07845273300727607,0.10592175521458376,0.07200914301238147
938,0.9065729148718663,0.2826118508104227,0.07187470037323454,0.07814566126479944,0.10947701825350636,0.07172729211730801
939,0.9058860427017632,0.28909224916199666,0.07159365688398181,0.07784009714838887,0.10904894268528587,0.0714857447724409
940,0.9056566884221742,0.28868046137844416,0.0752202704854272,0.07753603206185714,0.10862296716099296,0.07120650155504639
941,0.9068450430630548,0.28470247345281874,0.0749267328555268,0.07723345746412648,0.10825301220701547,0.07092862715277318
942,0.9066228064787312,0.28429176146825474,0.07463466704179095,0.08083080439651577,0.10783099069634813,0.07455058737626297
943,0.9071280892920971,0.2837502959274239,0.07434399657821536,0.08051600259841883,0.10744067880217469,0.07426024436742558
944,0.9069681290194342,0.2832599606784215,0.0740547475468689,0.08020274023923184,0.1070226610239935,0.0739713211895032
945,0.9052094177950137,0.27520409398628803,0.07376691187187134,0.07989100857261854,0.1066066858043578,0.0775706054847311
946,0.9057238412980623,0.2750403630268891,0.07348048152894612,0.07958079890813043,0.10629660204122515,0.07726940573858339
947,0.9056307086907245,0.2804797832509971,0.07319544854505684,0.07927210261081315,0.1058842743451258,0.0786381984825785
948,0.9054548564264296,0.27975194917387636,0.07291180499804664,0.07896491110081581,0.1054739566034514,0.07833346344793546
949,0.9059705854619796,0.29057067294438643,0.07262954301628023,0.07865921585300345,0.10507036707349929,0.07808108441150309
950,0.9064900962325602,0.2905333385713839,0.07234865477828874,0.08222241863111737,0.1050307479350366,0.07777911282652566
951,0.9069758241508037,0.2900772224788095,0.07206913251241721,0.08190474863667674,0.10469267111933782,0.07747860974293175
952,0.9075120127860717,0.2897300505263268,0.07179096849647489,0.08544830540271381,0.10454377426956717,0.07717956685890635
953,0.9086664043476014,0.28972431435515866,0.07151415505738805,0.08511883165722688,0.10414697086209483,0.07688197592543823
954,0.9084820658576306,0.2892790851907793,0.07123868457085557,0.08479095634427833,0.10374579969938945,0.07658582874594959
955,0.9095625566015043,0.2887309792017214,0.07096454946100712,0.08446467044678292,0.10337458398296942,0.07629111717592861
956,0.909337114208613,0.2883512614227671,0.07069174220006391,0.08413996500489579,0.10297718362854268,0.07599783312256478
957,0.9085967917853536,0.2870718432198879,0.07042025530800204,0.08381683111561172,0.10570936063593236,0.08025918036119098
958,0.9085009135261649,0.2867936125115678,0.07015008135221848,0.08349525993236759,0.10530379669695704,0.07995125844083881
959,0.9096011806508879,0.28638851917384306,0.06988121294719946,0.08317524266464771,0.10491485533414788,0.07964482447922555
960,0.9093985844089078,0.28581945110443047,0.0696136427541915,0.08285677057759222,0.10451314381674233,0.07933987011224722
961,0.9093088219774932,0.29099850935721483,0.0693473634808749,0.0825398349916085,0.10411337039753163,0.08073917814136064
962,0.9091467413885067,0.29055927731987563,0.06908236788103969,0.08222442728198544,0.10371552419755363,0.08043065124332403
963,0.9089508335926372,0.28999965817120876,0.06881864875426405,0.08191053887851073,0.10331959440658937,0.08012361050684536
964,0.9094460084784088,0.2899619838085403,0.06855619894559518,0.08159816126509098,0.10327809872980498,0.079818047601615
965,0.9093310409238611,0.2895834933859898,0.06829501134523258,0.08509711797676824,0.1028846265246342,0.07951395424989288
966,0.909216029984304,0.2881687976774869,0.06803507888821375,0.0847732362974885,0.10249304515968169,0.08301734629581985
967,0.9091650292320425,0.29614521437998714,0.06777639455410223,0.0844509098073829,0.1040899799295293,0.08502006748218194
968,0.9096067018911798,0.29601456362519796,0.06751895136667802,0.08413012981392468,0.10385461534923476,0.08844485738523054
969,0.9095078655852104,0.2957490919797157,0.06726274239363039,0.08381088767929895,0.10806737121089308,0.08810924248566035
970,0.9099848202929436,0.29522870624055597,0.06700776074625295,0.08728400520105692,0.10769259903647903,0.08777523529239581
971,0.9097848348559712,0.2947873101998537,0.066753999579141,0.0869534570558368,0.10728476270056109,0.08744282683846055
972,0.9101208102736652,0.294182788643482,0.06650145208989122,0.08662448984189475,0.10688927262366861,0.08711200821320687
973,0.910675160391489,0.29417372109396034,0.0662501115188037,0.08629709475407625,0.10650544404154856,0.08678277056192532
974,0.9105901558888267,0.2930455695352178,0.06599997114858598,0.08597126304246666,0.10610331171917212,0.08645510508545715
975,0.9104804472051609,0.2919973028394046,0.06575102430405962,0.08564698601200879,0.1057030981404901,0.08612900303980979
976,0.9103159907734631,0.2915435129776492,0.06550326435186872,0.08909240851955268,0.1053047926415429,0.08580445573577523
977,0.9110661643663703,0.2891338087098074,0.06525668470019079,0.08875703019486508,0.1049358211896793,0.08548145453855112
978,0.9106440763053512,0.28894134447653474,0.06501127879844978,0.09218387303460761,0.10462554993513384,0.08515999086736488
979,0.9122700996880586,0.285071954851491,0.06476704013703119,0.09183755057840495,0.10423252552435774,0.08484005619510057
980,0.9138422413671065,0.2850719490344161,0.06452396224699937,0.09149287405817093,0.1038414678551949,0.08452164204792859
981,0.9142601344101587,0.28460621930242197,0.06428203869981698,0.09114983435844923,0.10355248243209492,0.08420474000493809
982,0.9140914853893573,0.28395463433798085,0.0640412631070665,0.09080842242067216,0.10316461498354053,0.08388934169777228
983,0.9139047666175296,0.2835682180578315,0.06380162912017383,0.09046862924276873,0.10277858655756425,0.08357543881026629
984,0.9137601081382263,0.2829739368505013,0.06730125895958877,0.09013044587877567,0.10239438699093638,0.08326302307808793
985,0.9111611073191915,0.2824614515914463,0.06704992965841144,0.0897938634384514,0.1039784629111296,0.08295208628838102
986,0.9115655853396005,0.2818785467133213,0.06679978918501882,0.08945887308689286,0.1036111783211996,0.08264262027941141
987,0.911374990149354,0.2814623442386135,0.06655083098334282,0.08912546604415524,0.1032250266140897,0.08233461694021571
988,0.9118058467106277,0.28140726297205404,0.06630304853807137,0.0887936335848745,0.10334599751933556,0.08202806821025257
989,0.9115377899598418,0.28288820434167894,0.06605643537436864,0.08846336703789284,0.10296160367974276,0.08393716037257275
990,0.9098712185482438,0.28234804488437765,0.06581098505759744,0.09185042469610731,0.10257902235976633,0.08362526944952246
991,0.9102647854795833,0.2821323252633632,0.06556669119304362,0.09150947105151007,0.10224313240402404,0.0833148480171385
992,0.910081146113031,0.2813979151875578,0.06532354742564254,0.0911701225631315,0.10186397981981923,0.0830058880001126
993,0.9106160103121966,0.28139027237412034,0.06508154743970768,0.09083237041635668,0.10149225247261857,0.08269838137317376
994,0.9116696352101312,0.28139017002329203,0.06484068495866106,0.09049620585115337,0.10112793529802722,0.08239232016074585
995,0.9116696352101312,0.277629777104347,0.06460095374476593,0.09016162016169879,0.10075404161224705,0.08208769643660777
996,0.9116291108052249,0.276708825661477,0.06436234759886122,0.08982860469600916,0.10038190262420046,0.08547804138255255
997,0.9126683053027695,0.2754109438365883,0.0641248603600981,0.0894971508555719,0.10370276866240392,0.08516264045669847
998,0.9130462578927814,0.2750694070538876,0.06388848590567846,0.08916725009498075,0.10344914583699012,0.08484871739219829
999,0.9129518769850277,0.2736579478390298,0.06365321815059534,0.08883889392157335,0.10306819693890125,0.08453626410770482
1000,0.9127456404448786,0.2732870669067772,0.06341905104737529,0.08851207389507176,0.10636782464369147,0.08422527257171818
1001,0.9118940535639545,0.2702347568209173,0.0631859785858226,0.08818678162722551,0.10597691039457743,0.08391573480224616
1002,0.9117025445486804,0.2698674350533354,0.06295399479276553,0.08786300878145734,0.10558782208416359,0.08360764286646717
1003,0.9115380818126815,0.2694275345137194,0.06272309373180429,0.08754074707251147,0.1052005497557899,0.08330098888039551
1004,0.9119146869775494,0.269228582755066,0.062493269503061,0.08721998826610473,0.10485823095925247,0.08299576500854935
1005,0.9118159575024625,0.26772422392730455,0.062264516242931424,0.08690072417857996,0.1044744030306757,0.082691963463621
1006,0.9123169551308463,0.26770860407196034,0.0620368281238386,0.09023973440786763,0.10419707972995522,0.08238957650614967
1007,0.91210586346865,0.2673535114647241,0.06181019935398826,0.09356320944818226,0.10381643396331384,0.0820885964441967
1008,0.9120470838719915,0.27555610749417037,0.06158462417712605,0.09322175224953778,0.10343755781184957,0.08220021065388661
1009,0.9135292208502033,0.27555608519287067,0.06865176448672283,0.09288188123361876,0.10306123831715468,0.08190052234692462
1010,0.9138331757389326,0.27489065653837513,0.06840172173065144,0.09254358779358283,0.10272335133399488,0.0816022251001689
1011,0.913650197036944,0.2744934974193682,0.07179138119929505,0.09220687028769448,0.1023495873429199,0.08494386079724475
1012,0.9141487908037012,0.27370640940597274,0.07153042579633552,0.09187170636425962,0.10200199131174557,0.08827003454227551
1013,0.9139472118863046,0.273349378137499,0.07127067882037594,0.09153809451113984,0.10163159356155578,0.0879495013665681
1014,0.9142662996273535,0.27269244434964585,0.07101213373271457,0.09120602633020691,0.10128852904705302,0.0876304513460414
1015,0.9146828998291204,0.2694972117422612,0.07437880833291632,0.09449951777295758,0.10137352653875427,0.08731287646109016
1016,0.9145664178107578,0.26883880032755464,0.07410952714011566,0.09415739152173976,0.10100651361186547,0.0869967687410651
1017,0.9149752431458267,0.26948942413458243,0.07384148902568516,0.09381684462234495,0.10103541942616875,0.09012868196519233
1018,0.9153103821905293,0.2689322852985658,0.07357468728227118,0.09709103707021187,0.10069755182890441,0.08980303184901504
1019,0.9153103821905293,0.2679904428318604,0.07330911524338601,0.09674058142269702,0.10033407826023877,0.08947888267288992
1020,0.9160797085869097,0.2678505271553666,0.07304476628313271,0.09639173978099275,0.10009076002722353,0.08915622634944807
1021,0.9162822626315739,0.26784833978215916,0.07278163381593178,0.09604450345460011,0.09973410927080577,0.0888350548405309
1022,0.9161059485284045,0.26748181350708944,0.07251971129625003,0.099297608515887,0.09937519167265882,0.08851536015685914
1023,0.9163470216003825,0.2672330096000663,0.07225899221833133,0.09894061894065227,0.09902239175773908,0.08819713435770417
1024,0.9161514979445295,0.266877043035015,0.0719994701159294,0.09858526832404192,0.09866674744960663,0.08788036955056186
1025,0.9160043478430676,0.2656043328564843,0.07174113856204242,0.09823154786588427,0.09831273464722641,0.08756505789082875
1026,0.9158882455786029,0.26524140197390644,0.07148399116864979,0.09787944881938264,0.09796034459657264,0.08725119158148059
1027,0.9156903487483958,0.2648897940113441,0.07480881748234984,0.09752896249075732,0.09760956859668037,0.08693876287275332
1028,0.9160956598912777,0.2644987467801818,0.07454121011694567,0.09718008023889026,0.09734400626035207,0.08662776406182618
1029,0.9158640789893349,0.26396081252067977,0.07427482655792407,0.09683279347497233,0.09699613368360732,0.08631818749250741
1030,0.915693604606079,0.2633919504188856,0.0740096602571616,0.09648709366215312,0.09664985073487388,0.08601002555492203
1031,0.9156558115223234,0.2624026108509665,0.07374570470612277,0.09614297231519335,0.09630514891459933,0.08570327068520193
1032,0.916097677804106,0.25917373513962183,0.07704589003745693,0.09936335760198148,0.09624445933906525,0.08539791536517836
1033,0.9159829241971916,0.2587816251970233,0.07677165478823203,0.0990096861066875,0.09590188917366729,0.08509395212207647
1034,0.9174231480565482,0.258781619982636,0.07649866876777865,0.09865762569752794,0.09556779387767751,0.08479137352821221
1035,0.9172353594488538,0.25843468886422,0.0762269253152591,0.10185943159350573,0.09522831186215601,0.08449017220069137
1036,0.9176128162090473,0.25816601639192094,0.07595641780997546,0.10149796167174237,0.0949917414892279,0.08419034080111085
1037,0.9178977334521915,0.25803436869396906,0.07568713967110208,0.10113813451024056,0.0957479522818358,0.08389187203526205
1038,0.9177241919743868,0.25767734106253903,0.07541908435741991,0.10077994136819317,0.09540884913307283,0.0835947586528365
1039,0.9185636974458025,0.2566532131863504,0.07515224536705283,0.10042337355736562,0.09512063069005225,0.08329899344713351
1040,0.918484716060265,0.2565888917351814,0.07488661623720583,0.10360296926133407,0.09479521483934755,0.08300456925477008
1041,0.918484716060265,0.25619486050354967,0.07462219054390515,0.1032371457223433,0.09446049160487688,0.08271147895539276
1042,0.9193937997805283,0.2528701479756667,0.07435896190174027,0.10287297826101044,0.09769914065175148,0.08241971547139174
1043,0.9188902908933052,0.2488239253629809,0.07409692396360779,0.10251045809634375,0.0973548528790479,0.08212927176761696
1044,0.9188489407081295,0.2480277450294066,0.07383607042045713,0.10214957649999623,0.09701212126539976,0.08184014085109621
1045,0.9186803850633889,0.24766287063175355,0.07357639500103814,0.10179032479591639,0.09667093757110422,0.08155231577075542
1046,0.9185663696046985,0.24739434558252302,0.07331789147165044,0.10143269436000153,0.09984469663925455,0.08126578961714076
1047,0.9199304629654141,0.246190496860477,0.07306055363589462,0.10107667661975354,0.09949426203931014,0.08098055552214296
1048,0.9202815332698197,0.2456662667049705,0.07280437533442527,0.1007222630539372,0.10266371499276063,0.08420532847677477
1049,0.9205737831763546,0.24513980777177524,0.07254935044470577,0.10036944519224086,0.10581879540252706,0.08391036743205814
1050,0.9214475856782725,0.24199647060345242,0.07579485037187646,0.10001821461493977,0.10544892323623001,0.08361673338099548
1051,0.9216862093003098,0.24141041866752733,0.07552988068076306,0.09966856295256157,0.10520083202965562,0.08332441932658191
1052,0.9216452718892393,0.24059878356211203,0.07526610120326828,0.09932048188555442,0.10483343014506788,0.08303341831354681
1053,0.9219791767529626,0.24054429024501445,0.07500350567232911,0.09897396314395739,0.10467062255469901,0.08274372342807833
1054,0.9219567640069843,0.2396231842572267,0.07474208785821511,0.09862899850707324,0.10430580273587958,0.0824553277975498
1055,0.9226919881309418,0.23962242909318912,0.07448184156828225,0.09828557980314366,0.10394667754821439,0.08216822459024822
1056,0.9230307804240129,0.23694857775607456,0.07422276064672849,0.09794369890902667,0.1041711268450591,0.0818824070151046
1057,0.9229719153034935,0.24082260605643394,0.07396483897435113,0.0976033477498765,0.10380913557694672,0.08360554262358189
1058,0.9228581234273276,0.2404393014863896,0.07717956462155116,0.09726451829882564,0.10344876276973791,0.08331530647118522
1059,0.9231235732751115,0.23986264154653386,0.0769119040087052,0.0969272025766693,0.10348639617027675,0.08302636695592785
1060,0.9234584448589279,0.23938300012691027,0.07664543824843156,0.09659139265155203,0.10661275567124665,0.08273871728350307
1061,0.9229777819927465,0.2386762967823784,0.07638016108411405,0.09625708063865664,0.10624375876613569,0.08245235069989644
1062,0.9231967975089042,0.23794093062751756,0.07611606629621634,0.09592425869989529,0.10589492946077401,0.0821672604911212
1063,0.9230412400756445,0.23761191782982755,0.07930732770596206,0.09559291904360294,0.10552914931291373,0.08188343998295561
1064,0.923850944085742,0.23655164409368595,0.0790336597252958,0.09526305392423277,0.10878516187878362,0.08160088254068212
1065,0.923698376410657,0.23622334753805,0.08220848723325307,0.09493465564205401,0.10841014912393383,0.0813195815688285
1066,0.9235449138686336,0.23589699191457966,0.08192537493268119,0.09460771654285176,0.10803680267569264,0.08103953051091072
1067,0.9233913183721456,0.23555919562391536,0.08164351961987798,0.09428222901762902,0.10766511384500449,0.08076072284917774
1068,0.923281394776213,0.23459476839290522,0.08136291474474691,0.09395818550231089,0.10729507399411234,0.08048315210435807
1069,0.9240885836043387,0.23429867489873946,0.08108355379583732,0.09363557847745078,0.10693861642881415,0.0802068118354082
1070,0.9243914545147962,0.23423592558653786,0.08080543030009181,0.09331440046793883,0.1072006074343255,0.07993169563926275
1071,0.9245622797744655,0.23398608293526002,0.08052853782259554,0.09299464404271233,0.10683870559779778,0.07965779715058645
1072,0.9244380604944827,0.23287052722102933,0.08025286996632729,0.09267630181446823,0.10647297193697429,0.07938511004152791
1073,0.9246850932548486,0.23245686744018287,0.07997842037191219,0.09577917677800175,0.10957100627167592,0.07911362802147509
1074,0.9245373638023241,0.23212114914322093,0.07970518271737642,0.09545195754193168,0.10919666873638106,0.0788433448368125
1075,0.9246298315276926,0.23204588118563055,0.07943315071790345,0.0951261821534502,0.1096226284425268,0.07857425427068022
1076,0.9244974828267253,0.23113369807248552,0.07916231812559214,0.09480184313030365,0.11265842910629036,0.07830635014273456
1077,0.9244974828267252,0.23001956229221707,0.0788926787292165,0.09447893303415919,0.11227469664948364,0.07803962630891038
1078,0.9248320600842682,0.23651460165638355,0.07862422635398718,0.09415744447031911,0.1118947203785253,0.0779585391479801
1079,0.9251559330009742,0.23646585998211517,0.07835695486131462,0.09383737008743726,0.11200398334704592,0.0776935305610486
1080,0.9251233213813339,0.2361813702627662,0.07809085814857396,0.09351870257723742,0.11162362283105523,0.07742968680754768
1081,0.9250032930814395,0.2356099107098846,0.07782593014887153,0.09320143467423375,0.1113163419257392,0.08388071482513625
1082,0.924853341659797,0.23527500604677476,0.07756216483081302,0.09288555915545313,0.1109390719043339,0.08359642881168924
1083,0.9247021328512924,0.234933045060456,0.0772995561982733,0.09257106884015949,0.1105634563186734,0.08331338947281407
1084,0.9255043933029041,0.23320923614501649,0.07703809829016793,0.09225795658958014,0.11361948549424501,0.08303159038365944
1085,0.9253530860113278,0.2328871492270669,0.07677778518022613,0.09194621530663397,0.11323556322363557,0.08275102515689627
1086,0.9252027062933886,0.23257054496361426,0.0765186109767655,0.09501147846569583,0.11285332066697662,0.08247168744247477
1087,0.9253587788762389,0.23255316363991457,0.0762605698224683,0.09469107443245722,0.11255951650704371,0.08219357092738336
1088,0.9252122890167297,0.2322171282009335,0.07937255188991583,0.09437207005096783,0.11218031520259883,0.08191666933540916
1089,0.925437976913975,0.23208697268986975,0.07910542128189876,0.0940544581328389,0.11295868345670816,0.0816409764269003
1090,0.9239274142830132,0.23156055218092977,0.07883945580813281,0.0937382315315298,0.11257889773185271,0.08136648599852983
1091,0.923441066090075,0.23036582576919493,0.07857464949291976,0.09342338314207792,0.11220076722887624,0.08109319188306127
1092,0.9232881768629677,0.23003605040068403,0.07831099639530543,0.09310990590083057,0.111824283464386,0.08082108794911591
1093,0.9236627428433695,0.22998954153026258,0.07804849060885588,0.09279779278517869,0.11170677721973013,0.08055016810094165
1094,0.9235537399578394,0.22927968143738459,0.07778712626143489,0.09248703681329248,0.11468144305476824,0.08028042627818352
1095,0.923965682065663,0.22869101787821539,0.07752689751498326,0.09217763104385887,0.1176439456744251,0.08001185645565581
1096,0.9247777130626715,0.22868988472511906,0.07726779856529953,0.09186956857582083,0.11725478287875639,0.07974445264311579
1097,0.9250836824855534,0.2286227079700419,0.08034853560550331,0.09156284254811853,0.11746460191202039,0.07947820888503902
1098,0.9254720886135303,0.227651205555864,0.08008054311494445,0.09125744613943228,0.11711388996274522,0.07921311926039624
1099,0.9254408773338912,0.22680399792376424,0.0798137114449478,0.09095337256792736,0.11672366165480642,0.07894917788243185
1100,0.9252954743077332,0.22647399190049025,0.07954803467872133,0.09065061509100054,0.11633512233732397,0.07868637889844386
1101,0.9255469906034962,0.22598424064877914,0.07928350693367875,0.09367455079497311,0.11597551999747754,0.07842471648956553
1102,0.9253975275876581,0.22551772140000015,0.07902012236122018,0.0933633583103619,0.11559024235359447,0.07816418487054838
1103,0.9265759552917214,0.22270984653221815,0.0787578751465144,0.09305350962953417,0.11520667001185493,0.07790477828954682
1104,0.9264790056340938,0.22239485055081457,0.07849675950828267,0.09274499792182979,0.11482471121582677,0.0776464910279043
1105,0.9274514509387037,0.22214340604809585,0.07823676969858391,0.09243781639597758,0.11444464864169031,0.07738931739994083
1106,0.9277438034161307,0.2220397404914789,0.07797790000260159,0.0921319582998434,0.11409115766038032,0.08044200971970568
1107,0.9280828664218568,0.2220063423885793,0.0777201447384319,0.09182741692018001,0.11395411185283284,0.08017610936248971
1108,0.9284464432970225,0.2216839674446706,0.07746349825687361,0.09152418558237864,0.11363113303903226,0.07991135282553051
1109,0.9291794250901511,0.22168396474487925,0.07720795494121918,0.09122225765022232,0.11325631495219449,0.07964773431463198
1110,0.9294083094528612,0.2212136328665304,0.08024909881779949,0.0909216265256409,0.11289549097259921,0.07938524806890475
1111,0.9294083094528613,0.22000028224354448,0.07998489505736969,0.09062228564846783,0.1125238056366897,0.07912388836055367
1112,0.9292774512354474,0.21966392246780275,0.07972182433613638,0.0903242284961986,0.11215371427527042,0.078863649494667
1113,0.9286996131894175,0.2161168776500693,0.07945988093024664,0.09002744858375081,0.11467329949430896,0.08228787046515539
1114,0.9290372459150171,0.21348236524429806,0.07919905914866679,0.08973193946322601,0.1143698539058929,0.08201776599575686
1115,0.9278165259265972,0.21301530697133964,0.07893935333297358,0.08943769472367315,0.11399481768048032,0.08174881720964465
1116,0.9278165259265972,0.2104333441460347,0.0786807578571469,0.08914470799085367,0.11362138487573568,0.08148101828056771
1117,0.9280483242473634,0.21001096288433074,0.07842326712736383,0.08885297292700821,0.1132611469255499,0.0812143634156181
1118,0.9284008934270691,0.20999806258157147,0.07816687558179425,0.09183181330269642,0.11299096770106304,0.08094884685501928
1119,0.9286280027436342,0.20950186278580435,0.07791157769039773,0.09153188487233764,0.1130219250471484,0.08068446287191584
1120,0.9284830325472634,0.20921388336375998,0.07765736795472193,0.09123323482636157,0.11265315734222554,0.08042120577216465
1121,0.9292075122394001,0.20920950520184364,0.07740424090770234,0.09093585674196517,0.11229216362711704,0.08015906989412752
1122,0.9293550263451852,0.20874355419527074,0.07715219111346346,0.09063974423298675,0.11215293711339713,0.0798980496084653
1123,0.929646113759313,0.2087224925746441,0.0769012131671213,0.09359791516998504,0.11189189647244879,0.07963813931793336
1124,0.9303187901107051,0.20640194960774938,0.0766513016945873,0.09329374320906408,0.11152827324601766,0.07937933345717844
1125,0.9309960931367627,0.21621879264266017,0.07640245135237352,0.09299086276984489,0.11116629464911275,0.07912172465385577
1126,0.930881790440849,0.21589303805984472,0.0793979365990307,0.0959325471573083,0.11404903102602146,0.07886511076478933
1127,0.9318954814323112,0.2158930367133065,0.07914068425835952,0.09562172204824536,0.11367954405308055,0.07860958480012865
1128,0.931771284186852,0.2156010157172768,0.07888452171574335,0.09531221368754872,0.11331158613963849,0.07835514132007655
1129,0.9320477375513757,0.21520337577252716,0.07862944352573845,0.09500401549576164,0.11296824305472665,0.07810177491573268
1130,0.9319917502648809,0.21456107488993797,0.07837544427381055,0.09469712093077376,0.11260331806046395,0.0778494802088988
1131,0.9322135117193527,0.21411337280821544,0.07812251857614012,0.09439152348758581,0.11225295054815602,0.07759825185188526
1132,0.9328059789901985,0.21410408727048708,0.07787066107942893,0.09731109505353018,0.11195777983355765,0.07734808452731888
1133,0.9331301553266779,0.21410281350117516,0.07761986646070788,0.09699768948276734,0.11160263925516359,0.0770989729479521
1134,0.9330596418201655,0.2132799707398077,0.07737012942714629,0.0966856055236173,0.11446100183182013,0.07685091185647348
1135,0.932965923635184,0.21294750624128192,0.07712144471586238,0.09637483659931827,0.11409309885163169,0.07660389602531957
1136,0.9328439227893984,0.21265866664048533,0.07687380709373513,0.096065376170299,0.11372674493016612,0.07635792025648791
1137,0.9331341269875987,0.21244561444386792,0.0766272113572174,0.09575721773394522,0.11353601542721392,0.07611297938135145
1138,0.9337731156155965,0.2109106785765937,0.07638165233215029,0.09545035482436771,0.11642201368346476,0.0758690682604742
1139,0.9340457567577395,0.2183130192858344,0.07613712487357888,0.09514478101217201,0.11605822181444718,0.07651213063056551
1140,0.9339283585334783,0.2180072737928225,0.07589362386556914,0.09484048990422961,0.11568704554470281,0.07626743028281202
1141,0.9341716795851615,0.21759851099550293,0.0756511442210261,0.09453747514345077,0.1153416332693319,0.07921032025936493
1142,0.932304533437591,0.21590308531731506,0.07540968088151338,0.09742753063840406,0.11497348581775214,0.078957496740955
1143,0.9322447731965136,0.22040034628673727,0.07516922881707377,0.09711687223750105,0.11460688020826634,0.08029494795625385
1144,0.9321201739853824,0.22010580348812403,0.0749297830260512,0.0968075139181396,0.11424180881509191,0.08003917458154904
1145,0.9317839971476154,0.21857126109084918,0.07469133853491383,0.09649944925463379,0.11706050323323017,0.0797844707844285
1146,0.9298570760374019,0.216913727106919,0.0744538903980784,0.09937173038672231,0.11668836104198058,0.07953083128207432
1147,0.9297911502834377,0.22295120590181802,0.07421743369773576,0.09905613759030897,0.11631777268624989,0.08023088446584098
1148,0.9296642077188758,0.22266045730026693,0.07398196354367759,0.09874186151234875,0.11594873050182618,0.079976335395843
1149,0.9297851917461772,0.22403292255012583,0.07374747507312429,0.09842889566261233,0.1163867656819113,0.08256681723823404
1150,0.9296615484184532,0.22361473544528923,0.07351396345055412,0.09811723358725075,0.11601824238707131,0.08230538033555178
1151,0.9295333704628985,0.2233308219348282,0.07328142386753336,0.09780686886856875,0.11565125314528411,0.08204503171706834
1152,0.9298069920102224,0.22297528307265357,0.0762098928294665,0.09749779512479982,0.11848016491423619,0.08178576602945585
1153,0.9296793728070261,0.2226785345836432,0.07596930712768847,0.09719000600988269,0.11810613691650035,0.0815275779493377
1154,0.930692122632397,0.22267846708371922,0.0788834481533243,0.09688349521323934,0.11773638901146706,0.0812704621831023
1155,0.9307439058417494,0.22261187206387356,0.07863491990454795,0.09657825645955456,0.11779476367020804,0.08101441346671819
1156,0.9306353085535705,0.22227570007558434,0.07838742228416115,0.09627428350855696,0.1174240133249697,0.08075942656555031
1157,0.9305221051119027,0.22186412546492887,0.07814095023963252,0.09597157015480151,0.11705479928784975,0.08050549627417762
1158,0.9304154888265987,0.2215214663309401,0.07789549874661075,0.09567011022745356,0.11668711403239206,0.0802526174162119
1159,0.9310817764947701,0.221521465543654,0.07765106280874992,0.09536989759007423,0.11632096256223703,0.08000078484411771
1160,0.9280108679644995,0.2215214655417399,0.07740763745753601,0.09507092614040745,0.1159563493158885,0.07974999343903377
1161,0.9279340739701728,0.22084644731546715,0.07716521775211461,0.0947731898101682,0.11559320551036519,0.07950023811059535
1162,0.9281906866215436,0.22073781064430728,0.07692379877911974,0.09447668256483238,0.1152577288639064,0.07925151379675796
1163,0.9281823499509377,0.21901070637069617,0.0766833756525039,0.09418139840342801,0.11489749413837404,0.07900381546362223
1164,0.9280562424056534,0.21870772196993174,0.07956629092044935,0.09388733135832789,0.11453874424547107,0.07875713810525994
1165,0.9279220765323596,0.21841975817502896,0.07931810562772963,0.09359447549504357,0.11418147194536182,0.07851147674354128
1166,0.9270357065840563,0.22386639116606993,0.08218705072146376,0.09641893386482069,0.1144533940079448,0.08128188922196145
1167,0.9264033689078509,0.2232922169856483,0.08193120289270173,0.09611878226351225,0.11409710123317887,0.0810288591558797
1168,0.9257740224388705,0.21754202508310064,0.08167640644069095,0.09581986410013056,0.11374227260193076,0.0807768688872828
1169,0.9256423194793487,0.21726310097084559,0.08452943088735018,0.09552217337687073,0.11338890099454982,0.08052591335997594
1170,0.9253299830737176,0.2168189715326013,0.08426707947823599,0.09522570412913062,0.11303697933079847,0.08027598754575448
1171,0.9263448975072791,0.2168189617999191,0.0840058037275977,0.0949304504253064,0.11268694939111183,0.08002708644423162
1172,0.9262165789588733,0.21653482920628658,0.08374559841546486,0.09463640636658963,0.11233790514013732,0.0797792050826673
1173,0.9261302987503267,0.21623109669990237,0.08348645835070986,0.09434356608676556,0.11199028983183139,0.07953233851579819
1174,0.9263858056589049,0.21611525725318909,0.08322837837087067,0.09405192375201292,0.11167428628832671,0.07928648182566891
1175,0.925910914818015,0.21547919219432676,0.08297135334197486,0.0968496633575853,0.1113294148968372,0.07904163012146435
1176,0.9258471653488781,0.2148560056433242,0.0827153781583647,0.09655087215602008,0.11098595216817742,0.07879777853934303
1177,0.9257031413072234,0.21459217173708534,0.08246044774252353,0.09625330047664704,0.11064389128943017,0.0785549222422717
1178,0.9256984174826475,0.21263984643027248,0.08220655704490326,0.0959569424252989,0.11030322548520595,0.07831305641986104
1179,0.9256776202393339,0.21173568739991042,0.08195370104375298,0.09566179214025514,0.10996394801741305,0.07807217628820236
1180,0.925829770782686,0.21025022348614802,0.08170187474494878,0.09536784379204331,0.11092869452074695,0.07783227708970551
1181,0.9272118553491999,0.21025022330747464,0.08452078931633182,0.09507509158324172,0.110594510083268,0.07759335409293781
1182,0.927848814291242,0.20950740644614219,0.08732824176353185,0.09478352974828338,0.11030287105897524,0.0773554025924641
1183,0.9281055883396974,0.2091340951893334,0.0870607044608291,0.09449315255326134,0.10998108681503177,0.07711841790868777
1184,0.9283879543312422,0.20880180360020803,0.08679425336518094,0.09420395429573526,0.11306043054200862,0.07688239538769304
1185,0.9283074309314909,0.20914162618174412,0.08652888325149247,0.09391592930453933,0.11271475259510162,0.0787343452930816
1186,0.9281441663180455,0.21608467094069414,0.08626458892330753,0.09362907193959144,0.11237047599410735,0.07892098366204264
1187,0.9277576867590228,0.21549180717322236,0.08600136521263416,0.09334337659170362,0.1120275940070663,0.07868016788318366
1188,0.9277350145897254,0.2146243314560267,0.08573920697977103,0.0930588376823938,0.11473440309330321,0.0784403268792341
1189,0.9276052086005895,0.21435912668602625,0.08852336548805649,0.09277544966369873,0.11438500742086054,0.0782014559737542
1190,0.927809892545974,0.21399688683649515,0.08825405858657433,0.09249320701798824,0.11404647515570734,0.07796355051587227
1191,0.9283981392192097,0.21360602483484772,0.08798583932736562,0.09221210425778073,0.11370037839516607,0.07772660588012915
1192,0.9283061525685653,0.21274633978219182,0.08771870250304285,0.09193213592555977,0.11335516877687997,0.08052675176208055
1193,0.9281704491728368,0.21249395486323375,0.08745264293463662,0.09165329659359212,0.1130113512508473,0.08028250609715827
1194,0.9280069199658425,0.21216995014733372,0.08718765547142304,0.09137558086374677,0.11266891916100545,0.08306931273220326
1195,0.9286471078669336,0.21187313024665716,0.08692373499075233,0.0910989833673153,0.11234179349167034,0.08281785863785095
1196,0.9286471078669335,0.21107915614097278,0.0866608763978785,0.09384751278012851,0.11200207033364815,0.08256741627261337
1197,0.9296211219934618,0.2105285767081674,0.08639907462579019,0.09356400024052396,0.11166599970739056,0.08231798080882138
1198,0.9295702786052158,0.21029431724709502,0.08613832463504259,0.09328162670466501,0.11132899484343069,0.08206954744507036
1199,0.9297612081101319,0.20992647692074368,0.088893576981305,0.09601534231258076,0.11100182452901719,0.08182211140606103
1200,0.9295282346105,0.2152781910964605,0.08862583467267558,0.09572614965898757,0.11272219779910016,0.08348810536583706
1201,0.9294346319416102,0.2148643374854435,0.08835916559084343,0.09543811621443757,0.11238302440682454,0.08624582704296442
1202,0.9293275908174916,0.21448386586222185,0.09109865746914131,0.09515206788355751,0.11204520954793744,0.08899250287433885
1203,0.9293103721167627,0.21368966520700233,0.09082509550387112,0.09486633385176275,0.1117087467659977,0.08872526552247269
1204,0.9295904146239851,0.21358045432226408,0.09055262762740782,0.0945817425899639,0.11145534925248311,0.08845909696463704
1205,0.9297106138792405,0.2147630945458634,0.09028124864705944,0.09429828867442155,0.11183373512506553,0.09092666612526902
1206,0.9296434074208482,0.21422018130261597,0.09001095339824502,0.09401596671075811,0.11149891335737325,0.09065443854520669
1207,0.9298308024598887,0.21412785762881228,0.08974173674432516,0.09373477133378075,0.11216515958929824,0.09038329727087596
1208,0.9298165937608189,0.21384017986581072,0.08947359357643365,0.09345469720730563,0.11183001651863292,0.09011323715688753
1209,0.9307693214730197,0.21294616840650848,0.08920651881331032,0.0931757390239833,0.11149621894148921,0.08984425308565547
1210,0.9306473542306317,0.21268409082563802,0.0889405074011349,0.09289789150512508,0.11116374024993848,0.08957633996722993
1211,0.9309054210792297,0.21230681967935003,0.08867555431336206,0.09262114940053084,0.11087345638942216,0.08930949273913097
1212,0.9307880741714746,0.21205192179766952,0.08841165455055741,0.09234550748831771,0.11054349534131748,0.08904370636618343
1213,0.9307880741714745,0.2116733194263128,0.08814880314023472,0.09207096057475002,0.11021484507682267,0.08877897584035296
1214,0.9306782723450834,0.21127690026103596,0.08788699513669412,0.0917975034940703,0.10988749941219471,0.09148536490771127
1215,0.9305832248296279,0.21059251101840545,0.08762622562086142,0.09152513110833146,0.10956145219698141,0.09121391866841663
1216,0.9311892236415656,0.21033999392454933,0.08736648970012842,0.09421797283308331,0.1092512822056235,0.0909435483428532
1217,0.9311643932783717,0.20973864656772506,0.09006895438109513,0.09690014909490906,0.10892777038167786,0.09067424886547855
1218,0.9310400426422443,0.20948181045661862,0.09276072348422464,0.09957171007462455,0.10860553892447249,0.09040601519797074
1219,0.9313208767786441,0.2188261297304115,0.09248659185082897,0.0992774502360044,0.10828496424282302,0.09013885127352513
1220,0.9312354000819143,0.2185020379283201,0.09221354353132542,0.09898435325395473,0.10796527436213532,0.0898727341924469
1221,0.931829854652747,0.21820327265921646,0.0919415734389541,0.09869241366821861,0.10766538461312188,0.08960766796807303
1222,0.9320374655540371,0.21814578011472377,0.09167067651422238,0.09840162604780855,0.10802231360228075,0.08934364766934441
1223,0.931993776832737,0.21782192951727314,0.09140084772474219,0.0981119849908317,0.1077043544552068,0.0890806683916184
1224,0.9324895626086445,0.21781903820519458,0.09113208206506813,0.0978234851243162,0.10748419763607217,0.09175947512098613
1225,0.9324895626086445,0.21470206127302968,0.09086437455653683,0.09753612110403867,0.10716845452888524,0.09148992459704178
1226,0.9323741967839808,0.2144399814592066,0.09059772024710722,0.09724988761435281,0.11272323538868351,0.09122143452288173
1227,0.9322680201361033,0.2138095963949836,0.09033211421120196,0.09696477936801916,0.11239276380921835,0.09095399993901881
1228,0.932177489119785,0.21339442753343688,0.09006755154954986,0.0966807911060359,0.11206359041387104,0.09068761591245313
1229,0.9320607262671661,0.2131403822095152,0.08980402738902928,0.09639791759747086,0.11173570913942014,0.09042227753651433
1230,0.9329683977234586,0.2131403463296596,0.08954153688251264,0.09611615363929453,0.11141835674581917,0.0901579799307051
1231,0.9329448305662946,0.21245562313942262,0.0892800752087119,0.0958354940562142,0.11109301466368456,0.08989471824054553
1232,0.9332357962064061,0.21244716938311034,0.089019637572025,0.09555593370050913,0.11080588658405953,0.08963248763741856
1233,0.9331253014209057,0.21217558387718097,0.09167438934188436,0.09527746745186697,0.11048297937809533,0.0893712833184164
1234,0.9330502110937905,0.21170111321864019,0.09140750159514237,0.09500009021722096,0.11016133498393856,0.08911110050618799
1235,0.9332391366911008,0.2113139006282003,0.09405000442877035,0.09472379693058845,0.10985156434157853,0.08885193444878743
1236,0.933346886773808,0.21130953624877818,0.09377674771527038,0.0944485825529103,0.10956576785149219,0.08859378041952336
1237,0.9332742965351706,0.21085955249367092,0.09350455725955181,0.09417444207189143,0.11215028592597055,0.0883366337168094
1238,0.9329161028811419,0.21033435360182667,0.09323342811138952,0.09680100615713648,0.11182509095814817,0.08808048966401548
1239,0.9326011515857524,0.20859923338988792,0.09586009281579193,0.09652059905556676,0.11150116302719833,0.08782534360932019
1240,0.9334964031963575,0.20639969816728118,0.0984765310152719,0.09624128367483971,0.11117849628427096,0.08757119092556406
1241,0.9337585350964565,0.20621800464385837,0.09819184030923869,0.09596305495662172,0.11101055890226343,0.08731802701010383
1242,0.9339942776281509,0.20588203739888888,0.09790825635553345,0.09857396814822313,0.11070791120508465,0.08706584728466756
1243,0.934803380191957,0.20588200833756884,0.09762577403299143,0.09828956513155027,0.11038988902674778,0.08681464719521083
1244,0.9353661172580217,0.20506751811735346,0.09734438824753167,0.09800626610769113,0.11008279968382166,0.08944671303776547
1245,0.9361950507747645,0.20506751660221448,0.09706409393199737,0.09772406597503558,0.10977507804336947,0.08918915935995139
1246,0.9357035802308991,0.20224750874738034,0.09678488604599715,0.09744295965892087,0.11198346049146043,0.09216151231580613
1247,0.935703580230899,0.19943459739755054,0.09650675957574743,0.097162942111473,0.11166165854628857,0.09189667183130022
1248,0.935674308861934,0.20521312202133007,0.09622970953391577,0.09688400831144894,0.11134110206602503,0.09246112690795841
1249,0.9356185722002468,0.20515553830685812,0.09595373095946531,0.09660615326408006,0.11169796894210693,0.09219595630607534
1250,0.9355128670931572,0.20491391567718462,0.09567881891750012,0.09632937200091636,0.11137794890309238,0.09193181046874731
1251,0.9356837779523532,0.20457656054044487,0.09540496849911154,0.09605365957967184,0.11393008424512886,0.09166868467931011
1252,0.9358105446130932,0.20320902886561057,0.09513217482122566,0.09577901108407089,0.11472808354740813,0.09140657424592254
1253,0.9357545313351436,0.20672556106377477,0.09486043302645157,0.09550542162369553,0.11440036671140862,0.09271691084214018
1254,0.9356506237108776,0.20648788290732115,0.09458973828293075,0.0952328863338338,0.11407391260470011,0.09530594354296994
1255,0.9359267679530194,0.20648750448555567,0.0943200857841874,0.09496140037532899,0.11374922607100206,0.09503424931600649
1256,0.9354115319117609,0.20599873581920336,0.09405147074897958,0.0946909589344299,0.11342527860942071,0.09476360040794277
1257,0.9353216446298938,0.205716673128806,0.09378388842115161,0.09442155722264207,0.1131025765842089,0.09449399202661087
1258,0.9358593024829149,0.20548461957242675,0.0935173340694871,0.09415319047657998,0.11279208781991344,0.09422541940497105
1259,0.9364017650133512,0.2054808157168376,0.09325180298756312,0.0938858539578201,0.11249646053283746,0.09395787780096476
1260,0.9363059010332118,0.20514548634279495,0.09298729049360525,0.09361954295275504,0.11217735979286633,0.09369136249736858
1261,0.9362503456308486,0.20862810234350837,0.09272379193034357,0.09335425277244848,0.1118594822315458,0.09499509047348116
1262,0.9361879819556178,0.20836887652350058,0.09246130266486952,0.09592085160625932,0.11154282225985997,0.09472617145061854
1263,0.9360838598321859,0.20812487250499978,0.09219981808849374,0.09564958327534713,0.11122737431801025,0.0944582817270307
1264,0.9360274510049242,0.20751160805820842,0.09193933361660486,0.09537935246901348,0.1109131328752451,0.09419141660580475
1265,0.9362718452571904,0.21596775213827227,0.09422388890936823,0.09538850319650771,0.11060098178876056,0.09404951927760137
1266,0.936134815583165,0.2156836418127267,0.09395821787243093,0.09511954844575986,0.11028913435964026,0.09378433988839183
1267,0.9363030829646856,0.21533004673428602,0.09369356070364655,0.09766837391115797,0.10998775355706732,0.09352017249108259
1268,0.9361978771828764,0.2150861581854242,0.09342991278873523,0.0973935411164486,0.10967825478603842,0.09325701247993295
1269,0.936657375163217,0.21508350872724213,0.09316726953745107,0.09711975560676132,0.1094080769349895,0.09299485527319167
1270,0.9371001335791174,0.21508191111605668,0.09290562638344241,0.09684701262202365,0.10910555275372828,0.0927336963129575
1271,0.9373241005129302,0.21475027048500137,0.092644978784113,0.0965753074269263,0.10882092164754043,0.09247353106504069
1272,0.9372266287293752,0.2144790128276102,0.0923853222204841,0.0963046353107794,0.10851592868476179,0.09221435501882526
1273,0.9372255544552393,0.21373440001644992,0.09212665219705739,0.09883489548129525,0.10821209451348437,0.09195616368713222
1274,0.9373313708143562,0.2137328107567928,0.09186896424167884,0.09855844386247216,0.10791280394186749,0.09169895260608363
1275,0.9373294187465654,0.2124272028449486,0.09161225390540333,0.0982830410485233,0.11040557183119203,0.09144271733496755
1276,0.9372561708016122,0.21212291140188658,0.09135651676236024,0.0980086822913063,0.1100973728260098,0.09118745345610384
1277,0.937169950513059,0.21183171851397153,0.09110174840961986,0.09773536286729013,0.10979034134856316,0.09093315657471078
1278,0.9379260958638442,0.21183170814006166,0.09084794446706061,0.09746307807741274,0.10948500421566021,0.0906798223187726
1279,0.938433075600032,0.21933431747005955,0.09059510057723716,0.09719182324693945,0.10918119354140884,0.09047353698168537
1280,0.9383365409266139,0.2190819074499188,0.09034321240524934,0.09692159372532241,0.10887762909828372,0.09022198680183696
1281,0.9382406753171123,0.21882044569964862,0.09286986965986266,0.09665238488606086,0.10857521124665237,0.08997138675071081
1282,0.9381354579669265,0.21858294508477313,0.0926121726910014,0.0963841921265623,0.10827393481615658,0.08972173254386397
1283,0.9383323574117,0.21823315745967556,0.09235544763773894,0.09888905525269918,0.11076125430159575,0.08947301991898067
1284,0.9388440235373249,0.21605004349269272,0.09486896384902505,0.09861520439021175,0.11045487308890257,0.08922524463574477
1285,0.9387481555321252,0.2158125879218586,0.09460650830685109,0.09834238485171636,0.11014929903785216,0.08897840247571291
1286,0.9389374455020685,0.21579634541272041,0.09434504044810262,0.09807059199886106,0.1100351896476316,0.08873248924218857
1287,0.9391062403941649,0.2157746615159613,0.09408455583362078,0.09779982121719098,0.10998191138493656,0.08848750076009683
1288,0.9395943022230256,0.215000514946306,0.09382505004710376,0.09753006791601078,0.11257467997958012,0.08824343287585998
1289,0.9397456711520119,0.21464790421099472,0.0935665186949752,0.09726132752824805,0.11227381194099464,0.08800028145727391
1290,0.9396520100624465,0.21440775000981835,0.09330895740625371,0.09699359551031754,0.11196475493965993,0.08775804239338528
1291,0.9395737623497341,0.21405471501853723,0.09305236183242302,0.09672686734198625,0.11165685673415894,0.08751671159436941
1292,0.9394967299018651,0.21323458123240352,0.09279672764730301,0.09646113852623939,0.11135011213335343,0.08727628499140903
1293,0.9394967299018648,0.21004881310022294,0.09254205054692162,0.0961964045891471,0.11104451597275336,0.08703675853657376
1294,0.9394967299018651,0.20728911896892863,0.0922883262493874,0.098674380071636,0.1107400631143641,0.08679812820270029
1295,0.9397448406017691,0.2052769729088572,0.09203555049476309,0.09840411305197748,0.11045449333773769,0.08656038998327342
1296,0.9397318036460764,0.2045909490606515,0.09178371904493976,0.09813485567995939,0.11015226322070996,0.08632353989230776
1297,0.9396504406017865,0.20431985316134343,0.09153282768351195,0.09786660344741463,0.1098511613306213,0.08608757396423021
1298,0.9395487232731511,0.2041046476923794,0.09128287221565344,0.1003301258897209,0.10955118263314091,0.0858524882537632
1299,0.939741347991378,0.2040247118298949,0.09103384846799388,0.10005642083042798,0.10927250806182462,0.08561827883580862
1300,0.9396660103053697,0.20802793687511253,0.09078575228849618,0.09978373527269314,0.10897470573631048,0.08657436423363347
1301,0.9395763642659625,0.2077820730917632,0.09053857954633465,0.09951206467627516,0.10867801185908739,0.08633865739121488
1302,0.939739649073351,0.2072566461472166,0.09029232613177395,0.09924140452411342,0.10856679291085762,0.08610382723044023
1303,0.9395537522172344,0.204721840110829,0.09004698795604871,0.09897175032219573,0.1109889544186802,0.08586986985221468
1304,0.9397647391649369,0.2044900751569962,0.08980256095124405,0.09870309759942685,0.11074170135152177,0.08563678137732657
1305,0.9368808272013026,0.20423369733295052,0.08955904107017668,0.10114716725795404,0.11260305018036197,0.08540455794633421
1306,0.9367830603942159,0.20401325923123903,0.08931642428627688,0.10358217304713192,0.11229800683057152,0.08517319571945321
1307,0.9373020660980195,0.20401315106851445,0.08907470659347114,0.10330184785403522,0.11199713643055319,0.08494269087644461
1308,0.9372048999851463,0.20379263721870752,0.08883388400606555,0.10302256073387074,0.11169434070762908,0.0847130396165037
1309,0.9370277147106627,0.203360903853847,0.08859395255862998,0.10274430708784409,0.11409356556404397,0.08448423815814951
1310,0.9372071867441549,0.20335952997355816,0.08835490830588286,0.10246708234052761,0.11378836002955783,0.08425628273911501
1311,0.9374253334829635,0.2030649122920706,0.08811674732257678,0.10219088193972768,0.11350493547515003,0.08402916961623798
1312,0.9373524954702733,0.20280662794894636,0.0878794657033848,0.10191570135635289,0.11319928830030333,0.08380289506535257
1313,0.9376062479502074,0.2026671025443766,0.08764305956278741,0.10433165417620809,0.11291918282009185,0.08357745538118155
1314,0.9375698518338055,0.20131992476019223,0.08740752503496024,0.10673869954837724,0.1126157204975664,0.08335284687722921
1315,0.937763097862646,0.2011875855366022,0.08717285827366246,0.10645213354713036,0.11237804693557002,0.08312906588567492
1316,0.9374787501767443,0.2007473876244673,0.08693905545212585,0.10616662255581037,0.11207664228998841,0.0829061087572674
1317,0.9377179841017658,0.20035134423957363,0.08670611276294465,0.10856154103679641,0.11458589544531515,0.08268397186121955
1318,0.9382056063078469,0.1996577537339259,0.08647402641796594,0.11094765531549632,0.11444781582642599,0.08246265158510409
1319,0.9384562383533179,0.19965709987890362,0.08624279264818083,0.11065097843285158,0.11414269513298893,0.08224214433474969
1320,0.9383633687019681,0.19944050060775761,0.08868376072327493,0.11035539060748681,0.11383777969967344,0.08202244653413786
1321,0.9383245854980911,0.20206527457839799,0.08844709187849079,0.11006088705240784,0.11353398275201826,0.08350082963844513
1322,0.9382305211022335,0.20183875340047341,0.08821129054710117,0.10976746300476889,0.1132312993768806,0.08327821511961014
1323,0.9384642201433099,0.20000897836817044,0.08797635292088615,0.10947511372573625,0.11309824990874355,0.08305641600461842
1324,0.938620182382939,0.1999482382204522,0.08774227521081368,0.10918383450035295,0.11323946797779336,0.08283542871633347
1325,0.938807963319965,0.1998639684852137,0.08750905364693139,0.10889362063740425,0.11296107053885907,0.08261524969563144
1326,0.9387294456154281,0.19943358431816252,0.0872766844782591,0.10860446746928386,0.11266111677453944,0.08239587540129979
1327,0.9388815838858035,0.19910825817340422,0.0870451639726822,0.10831637035186112,0.11237185535089456,0.08217730230993639
1328,0.9390605843343475,0.19901405440979253,0.08681448841684532,0.10802932466434895,0.11210091492606987,0.08195952691584937
1329,0.9390203387729136,0.19850519676133985,0.08658465411604704,0.10774332580917256,0.11445155557510008,0.08174254573095759
1330,0.9389274442014408,0.19828819672710757,0.08900043000713334,0.10745836921183911,0.1141488572354,0.08152635528469158
1331,0.939127092872838,0.19825897164493864,0.0887652793755515,0.10717445032080798,0.11420653503185446,0.08131095212389534
1332,0.9390972415912434,0.19802828166362477,0.08853098445441854,0.10953105296115502,0.11390508821271082,0.0810963328127285
1333,0.9390421033716646,0.19750652016095963,0.08829754151170437,0.10924223598391924,0.1136047375598139,0.08351934411731278
1334,0.9389712220723343,0.19724077060420708,0.08806494683407058,0.10895446848521367,0.11330547829553536,0.08593355088981258
1335,0.9389607275223495,0.19673331498105937,0.08783319672676572,0.10866774589387017,0.1130073056661611,0.08570740972518637
1336,0.9396732252410606,0.1967333086242186,0.0876022875135212,0.10838206366158767,0.11271056977259838,0.08548208910284315
1337,0.9398803980158005,0.2023247299421758,0.08737221553644789,0.10809741726280432,0.11242209119898756,0.08609246946142789
1338,0.9398057270139022,0.2015846199724855,0.08714297715593326,0.10781380219457017,0.11212712948876546,0.08586658874920525
1339,0.9402847044105226,0.20158017437744527,0.08691456875053925,0.10753121397642078,0.11185103816508392,0.08564152585540791
1340,0.9404676513695464,0.20127282814638991,0.08668698671690069,0.10724964815025166,0.11157195558816277,0.0854172772294494
1341,0.9406941804039994,0.20086432935366125,0.08646022746962438,0.10696910028019334,0.1113732775395835,0.0878097534966025
1342,0.9403043932791708,0.1974313787637154,0.0862342874411888,0.10668956595248727,0.11108223410573297,0.08758028685300716
1343,0.9404159096085497,0.19716594286709166,0.0860091630818444,0.1064110407753625,0.11356117104362322,0.08735164860998314
1344,0.9403976044384421,0.1966618636001845,0.08578485085951455,0.1061335203789131,0.1132650030804152,0.08973183895913425
1345,0.9406031711671256,0.19664302895235874,0.08556134725969705,0.10585700041497637,0.11321316728370627,0.08949805188805274
1346,0.9407464251889288,0.1963343834863084,0.08533864878536626,0.10558147655701167,0.11292685715142411,0.08926510698653603
1347,0.9411998935943942,0.19610762609051038,0.08511675195687586,0.10530694449998017,0.11263911072422494,0.08903300061483817
1348,0.9413010943132526,0.1960570344875428,0.08489565331186213,0.1050333999602252,0.11250616084215527,0.08880172915129102
1349,0.9417592855927593,0.19424010090297789,0.08467534940514795,0.10476083867535342,0.11221786597113245,0.08857128899220373
1350,0.9418458598109317,0.19520338693096306,0.08445583680864722,0.1044892564041166,0.11253044673722061,0.09072310772688237
1351,0.9420328559528465,0.194934210277866,0.08423711211127,0.1068084604259162,0.11225733782930189,0.09048815197920985
1352,0.9419990467174006,0.20036381416266863,0.08401917191882816,0.10653212312236653,0.11196690306490482,0.09085492521606538
1353,0.9419160860533891,0.20012963771240574,0.08380201285394166,0.1062567762496316,0.11167750925855664,0.09062009820992308
1354,0.942366764990094,0.19944004995557,0.08358563155594534,0.1059824155465555,0.11138925455051518,0.09038611224935442
1355,0.9422754819577251,0.19923330065332195,0.0833700246807963,0.10570903677305847,0.11110192898209206,0.090152963718247
1356,0.9421904143445289,0.1990212474755496,0.08315518890098188,0.10543663571002025,0.1108156310033744,0.08992064901836361
1357,0.9425982846762315,0.19902068147534427,0.08294112090542814,0.10516520815916411,0.11053215028018208,0.08968916456924314
1358,0.9425064872642737,0.1988170268007061,0.08272781739940899,0.10489474994294151,0.11024788965137429,0.08945850680810241
1359,0.9426385062206296,0.19875007567860858,0.08251527510445571,0.10462525690441754,0.11080072198797113,0.08922867218973832
1360,0.9425641519016589,0.1985200380232174,0.08230349075826723,0.104356724907157,0.11051633999404664,0.08899965718643078
1361,0.9426420978825734,0.19814890342723798,0.0820924611146208,0.10408914983511118,0.11071802253969477,0.08877145828784616
1362,0.942557947451834,0.19794320490397066,0.08188218294328324,0.10382252759250539,0.11043442057432976,0.08854407200094128
1363,0.9427023109607279,0.1976098646138678,0.08167265302992274,0.10355685410372709,0.1101613582820411,0.08831749484986809
1364,0.9426525564683949,0.1971998619747167,0.08146386817602126,0.10329212531321476,0.109879745989049,0.08809172337587888
1365,0.9428060404530739,0.19687606588310474,0.0812558251987873,0.1030283371853474,0.1096101377313457,0.087866754137232
1366,0.9427143922782002,0.19667595721571968,0.08104852093106935,0.1053167399339336,0.10933049440385169,0.08764258370909825
1367,0.9431533996714676,0.196674427350111,0.08084195222126982,0.10504831871120768,0.10906454888516948,0.08741920868346782
1368,0.9435764448284281,0.19666235485657058,0.08063611593325945,0.10478084921806553,0.10888383916481702,0.08719662566905771
1369,0.9435034308231358,0.19631618550658522,0.0804310089462923,0.10451432739932165,0.10860688093187094,0.08697483129121981
1370,0.9439214625918737,0.19630352973886883,0.08022662815492124,0.10424874921967016,0.11097238694905333,0.0867538221918495
1371,0.9440080148706886,0.19592656570741962,0.08002297046891382,0.10398411066357571,0.1106997466587492,0.08906997970642705
1372,0.9439689961646271,0.19560661356216613,0.07982003281316895,0.10372040773516493,0.11041901292758627,0.08884409890279095
1373,0.9438825666434644,0.19539954502309173,0.08215126993776217,0.10345763645811856,0.1101392710168982,0.08861901612654184
1374,0.9437935767414569,0.19520045892874563,0.0819433511840741,0.10319579287556431,0.10986051671426483,0.08839472798832983
1375,0.9437033770921663,0.195001338293747,0.08173616594615142,0.10546326900801778,0.10958274582785547,0.08817123111537142
1376,0.9436277846287379,0.19477045749524866,0.0815297111126422,0.10519688262455648,0.10930595418631607,0.08794852215135886
1377,0.9442676598699479,0.1947692868669688,0.08132398358738421,0.10493143467887071,0.10903144865508325,0.09024994201750595
1378,0.9446861905918214,0.19476772030848744,0.08111898028932178,0.1046669211955085,0.10876301922586137,0.09002243796584262
1379,0.9448365647468084,0.19443082986275462,0.0809146981524232,0.1044033382184031,0.11101850134625613,0.08979573422855584
1380,0.9449560149611388,0.19381366313739956,0.08071113412559866,0.10414068181076715,0.11326492249708237,0.08956982741967426
1381,0.9448862350965724,0.1933738780081373,0.08050828517261863,0.10387894805498733,0.11298025705176544,0.08934471416971783
1382,0.9450521371117645,0.19313198560592268,0.08030614827203274,0.10361813305251975,0.11274198426558656,0.08912039112560782
1383,0.9454406152027826,0.19285184569721692,0.08010472041708921,0.10335823292378589,0.11247826767501283,0.08889685495057736
1384,0.9453649306598534,0.19263091498442322,0.07990399861565466,0.10309924380806919,0.11219642610072839,0.08867410232408246
1385,0.9455224717016777,0.1993666510954802,0.07970397989013443,0.10284116186341231,0.11200334498490819,0.08891897865703406
1386,0.9456855477934634,0.1993356742077246,0.07950466127739352,0.10258398326651495,0.11207562128819064,0.08869661576503432
1387,0.9456191224587004,0.19908062355663333,0.0793060398286777,0.10232770421263228,0.11179562987751955,0.0884750306398808
1388,0.9455627002802717,0.1988254513250623,0.07910811260953549,0.102072320915474,0.11151661710394378,0.08825422000785449
1389,0.9454863847725279,0.19861466923255258,0.07891087669974022,0.10181782960710405,0.11123857885089695,0.0880341806111059
1390,0.9456134584358361,0.1982668478315246,0.0787143291932128,0.1015642265378408,0.1109875083995198,0.08781490920756879
1391,0.9454431374323232,0.19771357276822404,0.08100673073617691,0.10131150797615796,0.11071134222917006,0.08759640257087445
1392,0.945887950677147,0.19771357276523144,0.0808053661070797,0.10105967020858603,0.11043613866655907,0.0873786574902665
1393,0.9460319726663152,0.19759776519124897,0.08060470278913218,0.10080870953961432,0.11019306682987215,0.08716167077051622
1394,0.946152458705628,0.19729179509277298,0.08040473784175686,0.1005586222915936,0.10992786021130231,0.08694543923183828
1395,0.946088154274227,0.1956226055835824,0.08020546833858051,0.10030940480463928,0.10969933371800351,0.08920831283741637
1396,0.9464742099922786,0.1956201651388321,0.08000689136735727,0.10006105343653524,0.10949542586436863,0.08898744614418282
1397,0.9468617944238512,0.19562016348406114,0.07980900402989209,0.09981356456263811,0.10922462786904327,0.08876734649421088
1398,0.9472214188324256,0.19514778870038926,0.07961180344196485,0.1020378410897062,0.1089961289621917,0.08854801067953459
1399,0.9473792046007894,0.19486430441133606,0.0818837235757062,0.10178596712343617,0.10876015815399348,0.08832943550764745
1400,0.9473010367537164,0.19466105871221032,0.08414777043882234,0.10153496601879117,0.10849195890600763,0.08811161780141882
1401,0.9473745977723856,0.1946585919760952,0.08394047199382441,0.10128483413224386,0.10822927870006158,0.08789455439901098
1402,0.9475545174814075,0.19464482754095058,0.08373389091396684,0.10103556783779445,0.1080527148419672,0.08767824215379648
1403,0.9475069356422203,0.19441463842629436,0.0835280242086261,0.10078716352687608,0.10778705829400512,0.08746267793427616
1404,0.948250339943934,0.19441380443212597,0.08332286890154848,0.10053961760826088,0.10752522437536056,0.0872478586239975
1405,0.9483989016708682,0.19413022634172727,0.08311842203077262,0.10029292650796645,0.10729402227931949,0.08703378112147359
1406,0.9483290086497133,0.19391852751236252,0.08291468064855245,0.10249830478955432,0.10703102122769875,0.08682044234010246
1407,0.9483016781625032,0.19939942727315527,0.0827116418212808,0.1022473102076658,0.10676892707426563,0.08716048582424309
1408,0.9484098861293141,0.19910355104442154,0.0825093026294132,0.10199718050811567,0.10651473994605143,0.08694726333371906
1409,0.9483849910990253,0.20396318872239194,0.08230766016739234,0.10174791209908285,0.106254431184254,0.0875351047090904
1410,0.9483337935750279,0.2036953980226762,0.0821067115435729,0.10149950140594408,0.10599501812746474,0.08732139363054182
1411,0.9453294245443465,0.2035420712740327,0.08190645388014672,0.10125194487118153,0.10595748457296027,0.08710841739599504
1412,0.9454513983141113,0.20347350735420405,0.08170688431306869,0.10100523895429103,0.10638441914749472,0.08689617295950643
1413,0.9454042845962338,0.20323811422999505,0.08150799999198273,0.10075938013169074,0.10612546675744637,0.0866846572896909
1414,0.9455525487371833,0.2032102300986186,0.08130979808014849,0.1005143648966304,0.10600706975533018,0.08647386736964376
1415,0.9454992168262261,0.2029530918011035,0.08111227575436834,0.10027018975910115,0.105749551430828,0.0862638001968632
1416,0.9456909857237413,0.20246546836918322,0.08091543020491485,0.10002685124574581,0.10549379666580123,0.08605445278317306
1417,0.9460705830779055,0.2024654128011569,0.0807192586354586,0.09978434589976976,0.10524544293011205,0.08584582215464619
1418,0.946189017868677,0.20239597340935273,0.08294573754980983,0.10196464956766553,0.10568058860271132,0.08563790535152818
1419,0.9462582554573695,0.2023853234032561,0.08274504548398007,0.10171794013125773,0.10548259777424145,0.08543069942816157
1420,0.9461859841322469,0.20217494204300213,0.08254503911075746,0.10147207361226154,0.10522763155003398,0.08522420145291053
1421,0.9465369741634105,0.20181857675215947,0.08234571560417517,0.10122704653673452,0.10499585792739477,0.08501840850808587
1422,0.9453886747421256,0.20051245563042766,0.08214707215170254,0.10339516616694286,0.1047425752937933,0.08481331768987069
1423,0.9459527722393379,0.2001384374737554,0.08194910595417333,0.10555589381055801,0.1044913896149267,0.08460892610824629
1424,0.9461365418029524,0.2000068863648061,0.0817518142257145,0.1077092598743515,0.10425978105978537,0.08440523088691859
1425,0.9463212543686663,0.19962086568464493,0.08155519419367528,0.1074502099886946,0.10641460968885783,0.084202229163245
1426,0.9465048145925943,0.1996184382993915,0.08135924309855681,0.10719204143761504,0.10616156053712367,0.08399991808816165
1427,0.9464737380158085,0.19947882719878482,0.08116395819394208,0.10933502987245,0.10590674314411855,0.08379829482611113
1428,0.9464017648280911,0.1992656512591619,0.08096933674642627,0.1090728575702181,0.10565279146271901,0.0835973565549706
1429,0.946326220452534,0.1990589756554335,0.08077537603554763,0.10881157533867238,0.10539970194313213,0.08339710046598031
1430,0.9463131616474875,0.19775958457594844,0.08058207335371861,0.10855117953045294,0.10514747105236388,0.08319752376367262
1431,0.946250771587674,0.19746135752920294,0.08278012333551858,0.1082916665154505,0.10489609527412994,0.08299862366580135
1432,0.9464353229840308,0.19745892872165471,0.08258241891903782,0.10803303268071471,0.10464776855983096,0.08280039740327158
1433,0.9465957334832432,0.197443550229499,0.0823853838152166,0.1077752744303632,0.10455995328425964,0.08260284222006985
1434,0.9471408604889876,0.1974435500713328,0.08218901528827469,0.10751838818549093,0.10431127321675779,0.08240595537319478
1435,0.9470961370684384,0.19723200808600222,0.08199331061534092,0.10726237038408032,0.10406289204882933,0.08220973413258811
1436,0.9474369978288795,0.1969505496116054,0.08179826708638473,0.10700721748091163,0.10383200148781944,0.08201417578106608
1437,0.947783737624512,0.19673447043346493,0.08160388200414821,0.10675292594747413,0.10359054250334866,0.0818192776142513
1438,0.9477302113034128,0.2005883456320803,0.0814101526840785,0.10649949227187759,0.10334461639209079,0.0826547180352473
1439,0.947680908584535,0.200342828507915,0.08121707645426055,0.10624691295876444,0.10309951933420416,0.08245869013444183
1440,0.9478405335553156,0.20827402721054852,0.0810246506553503,0.10599518452922228,0.10285554228675171,0.08226332814935419
1441,0.9477931858998488,0.20764830961657077,0.08083287264050838,0.10574430352069707,0.10261209252725632,0.08206861829699234
1442,0.9477370605090998,0.2072272503467828,0.0806417397753339,0.10549426648690664,0.1023694617434475,0.08187456345712817
1443,0.9480830935630061,0.20721985395912956,0.0804512494377989,0.10524506999775494,0.10218374908170619,0.08168116096764902
1444,0.9482233303868229,0.20703725211411206,0.08026139901818306,0.10499671063924654,0.10210043681589173,0.08148840817893806
1445,0.9487252006649325,0.207037248304965,0.08007218591900885,0.10474918501340179,0.10185995605984347,0.08129630245380837
1446,0.9486649355106438,0.20674850395162508,0.07988360755497691,0.10450248973817244,0.10162006522067543,0.08110484116743745
1447,0.9455082262644838,0.2065296876567137,0.07969566135290203,0.1042566214473577,0.1013809785557463,0.0809140217073021
1448,0.9454593953053686,0.206278389206221,0.07950834475164932,0.10401157679052084,0.10114269280703228,0.08072384147311364
1449,0.9454328777146757,0.21170628678246853,0.07932165520207085,0.10376735243290627,0.10090520473175818,0.08101135354267713
1450,0.9455999628210999,0.21168627152913633,0.07913559016694258,0.10352394505535709,0.10081348058476226,0.08082132497728338
1451,0.9455341144345639,0.21145774439941475,0.08129350547141946,0.10328135135423308,0.10057723847318921,0.08063193165049796
1452,0.9456068459872281,0.2130563573566524,0.08110319606112687,0.10303956804132924,0.10095396840730224,0.08255808592699657
1453,0.9459672937419307,0.2130563199202892,0.08091352193723242,0.10279859184379478,0.10071877211368824,0.08236500928662836
1454,0.945908779822954,0.21279788237830502,0.08072448053567331,0.10255841950405249,0.1004834589374993,0.08217257671884258
1455,0.9460193842623275,0.2124623813824275,0.08053606930434573,0.10231904777971876,0.10025684036525662,0.08198078562575384
1456,0.9459609333580036,0.21220744474945852,0.0803482857030421,0.10208047344352383,0.10002307441787762,0.08178963342158643
1457,0.9461394866821845,0.21220661140339386,0.08016112720338883,0.10184269328323271,0.09979354558551232,0.0815991175326109
1458,0.9461054024578367,0.21558860714561795,0.07997459128878433,0.10160570410156647,0.0995613247953756,0.08258776149005354
1459,0.9460376536870105,0.21537187624882087,0.07978867545433739,0.10136950271612392,0.09932987595044014,0.08239577085471432
1460,0.9459695378042698,0.21515261483810208,0.079603377206806,0.10113408595930391,0.09909919594683914,0.08220441798594645
1461,0.9459174826328431,0.21478854198382297,0.07941869406453646,0.10089945067822785,0.1035093647858218,0.08201370032100816
1462,0.945873411321028,0.21455277024004693,0.07923462355740278,0.10066559373466291,0.10326945878518008,0.0818236153090621
1463,0.9462307963665608,0.21455139054464248,0.07905116322674656,0.10043251200494552,0.10535440197417492,0.08163416041111318
1464,0.9461629869036565,0.21433839624295642,0.07886831062531713,0.10020020237990532,0.10511070756555801,0.08144533309994682
1465,0.9460942543512367,0.21412203609489244,0.07868606331721203,0.09996866176478961,0.10486781985368791,0.08125713086006744
1466,0.94602633467681,0.21381159561242122,0.07850441887781792,0.09973788707918817,0.1046257356071929,0.08106955118763742
1467,0.9459733407725555,0.21347885693972837,0.07832337489375171,0.09950787525695858,0.10438445160966832,0.08088259159041637
1468,0.9459098886844798,0.2132373949707246,0.07814292896280212,0.09927862324615189,0.10414396465959855,0.08069624958770075
1469,0.9432768484762662,0.21254712145419108,0.07796307869387151,0.0990501280089388,0.10646735581064011,0.08051052271026378
1470,0.9432292020110888,0.2123106170216949,0.07778382170691811,0.09882238652153616,0.10622256022622702,0.08032540850029583
1471,0.9435934631653691,0.21207211577498286,0.07760515563289853,0.09859539577413402,0.1059835724519665,0.080140904511345
1472,0.9435153330352635,0.21186662566370723,0.07742707811371063,0.09836915277082299,0.1057403760882327,0.07995700830825815
1473,0.9434996570051368,0.21137328139559375,0.0772495868021367,0.09814365452952209,0.10549798029472673,0.07977371746712221
1474,0.9434389738713735,0.2111219687522823,0.07707267936178697,0.09791889808190693,0.10525638188069494,0.07959102957520585
1475,0.9433672739034865,0.21080121366275684,0.07689635346704342,0.09769488047333842,0.10501557767009442,0.0794089422309015
1476,0.9432959837508649,0.21058917921391263,0.07672060680300398,0.09747159876279178,0.10477556450151676,0.08151295367036195
1477,0.9434199945560148,0.21029805390059483,0.07654543706542699,0.0995322662912231,0.10458130338568089,0.08132684196845341
1478,0.9433413483396106,0.21009157883621565,0.07637084196067599,0.09930523974169321,0.10434276031479853,0.08114134079376663
1479,0.9435189279712713,0.20995574154527016,0.07619681920566482,0.09907895742028325,0.10419640217740525,0.08095644772060262
1480,0.9434533351600292,0.2097257667546347,0.07602336652780305,0.09885341637193693,0.1039592118961095,0.08077216033441378
1481,0.940643435325974,0.2095861154184957,0.07585048166494171,0.09862861365517502,0.10391231438993624,0.0805884762317462
1482,0.9404393726821425,0.2095237084166485,0.07794999104511002,0.0984045463420252,0.10384574098481494,0.08040539302018229
1483,0.9406010130984633,0.20949800293940846,0.07777307902037456,0.09818121151795231,0.10389219677298567,0.08022290831828388
1484,0.9405275405028668,0.2092798031651406,0.07759674493002455,0.09795860628178898,0.10365664307955881,0.08004101975553544
1485,0.9404943083335511,0.21530558587080226,0.07742098648646929,0.09773672774566668,0.10342185835671694,0.0801203786949422
1486,0.9406545125567326,0.21529115548264105,0.07724580141259824,0.09977833255043941,0.10325372758146081,0.07993908554566537
1487,0.9408164680889074,0.21515351383142528,0.07707118744172702,0.0995527838405428,0.10311192016148533,0.07975838341170231
1488,0.9407682803415861,0.21490504351507936,0.07689714231754374,0.09932796990940389,0.10287906885161223,0.07957826995807164
1489,0.9407018537006238,0.21436241575503912,0.07672366379405561,0.0991038878558758,0.10490295699407719,0.07939874286047081
1490,0.9406271859941832,0.21414951621232797,0.07655074963553579,0.09888053479207218,0.10466653441416023,0.07921979980522123
1491,0.9408224932449715,0.21375058293669985,0.07637839761647064,0.09865790784329903,0.10443203892373003,0.07904143848921356
1492,0.9407526088656369,0.2135179404241067,0.07620660552150721,0.09843600414798696,0.10419714791648349,0.07886365661985346
1493,0.9408536271142318,0.21311439766221066,0.07603537114540106,0.09821482085762369,0.10404420460608213,0.07868645191500752
1494,0.9407854109496273,0.21288189068050467,0.07586469229296436,0.09799435513668706,0.10381065349457513,0.07850982210294956
1495,0.9407306277757532,0.21261630355621647,0.07569456677901426,0.09777460416257834,0.10357785955255189,0.07833376492230726
1496,0.9406659526834215,0.21236878769886675,0.07552499242832163,0.097555565125556,0.10334581980350313,0.07815827812200904
1497,0.9406185631854961,0.21182697839786044,0.07535596707555997,0.09733723522866977,0.10535253684166453,0.07798335946123124
1498,0.9405466832394962,0.21159017911018885,0.07518748856525476,0.09711961168769509,0.10511699294046077,0.07780900670934564
1499,0.9406961160746315,0.211279561280342,0.07501955475173291,0.096902691731068,0.10489341784139106,0.07763521764586725
1500,0.9406262419861823,0.21098428688592838,0.07485216349907273,0.09668647259982031,0.10465936899017639,0.07746199006040244
1501,0.9407962703645957,0.21881083784592206,0.07468531268105391,0.09647095154751521,0.10471903698572455,0.0792527031746636
1502,0.9408906409670595,0.21866870866018281,0.07451900018110806,0.09625612584018317,0.10448859955512589,0.07907621981107733
1503,0.9410460128819736,0.21834572345468653,0.07657784161977313,0.09604199275625826,0.1042687543701036,0.07890030545066162
1504,0.9411749551271142,0.21800394395200584,0.07640765546704598,0.0958285495865148,0.1040553543025778,0.07872495786773656
1505,0.9415583077715782,0.21800385414661372,0.07623801725809759,0.0956157936340044,0.10382655840029256,0.07855017484670826
1506,0.941712245437436,0.2179792276549026,0.07606892485229022,0.0954037222139933,0.10370361823237774,0.07837595418201738
1507,0.9414325782462878,0.21791847346715887,0.07590037611867563,0.09519233265390013,0.10363035202758447,0.07820229367808802
1508,0.9416200700238622,0.21776161114280274,0.07573236893594577,0.09498162229323395,0.10342200081139535,0.07802919114927677
1509,0.9415849485319864,0.21760081576328807,0.07556490119238365,0.0947715884835327,0.1031933027084057,0.07785664441982217
1510,0.9415191405717726,0.2173090614153008,0.07539797078581453,0.09456222858830197,0.102965338406137,0.07768465132379442
1511,0.9392113335165838,0.21664853605880563,0.07523157562355734,0.09656043176695017,0.10319675036389482,0.07751320970504533
1512,0.9391400899215985,0.216338158070862,0.07506571362237646,0.0963475463353344,0.10296923393360809,0.07734231741715862
1513,0.9393156059449096,0.2160509661631171,0.0749003827084337,0.09613534255916174,0.10283654812186077,0.07717197232340042
1514,0.939270478666385,0.21582022541710613,0.07473558081724055,0.09812409881837544,0.10261027881586496,0.07700217229667013
1515,0.9392113154492563,0.21557303093467095,0.07457130589361073,0.09790841401786454,0.10238473302453258,0.07683291521945146
1516,0.9394078718016836,0.21557281142497564,0.074407555891613,0.09769341841333681,0.10216037958568955,0.07666419898376389
1517,0.9395582774935183,0.21543528770918452,0.07424432877452422,0.09747910933067609,0.10206031828230064,0.07649602149111423
1518,0.9394864451515309,0.2151260320896119,0.07408162251478265,0.09726548410779474,0.10183665335152622,0.07632838065244857
1519,0.9390772416839213,0.21366904417547772,0.07391943509394158,0.09705254009457268,0.10175524035212141,0.07616127438810447
1520,0.9392648140839972,0.21365561257758614,0.0737577645026232,0.09684027465279677,0.10160831749954696,0.07599470062776338
1521,0.9391913130378987,0.21344451066161046,0.07359660874047264,0.09662868515610064,0.1013863101494341,0.0758286573104034
1522,0.939372969559162,0.21342763565801448,0.07343596581611236,0.0964177689899047,0.10127830816561653,0.07566314238425224
1523,0.9393088777928964,0.2131715078140201,0.07327583374709684,0.09620752355135657,0.1010574639940622,0.07549815380674044
1524,0.9396965946579885,0.21317026412258805,0.07311621055986735,0.09599794624927188,0.10084445222960359,0.0753336895444549
1525,0.9397871142148375,0.21261874360968852,0.07295709428970715,0.09796524507272772,0.10063001627184698,0.07516974757309267
1526,0.9403594329889452,0.21261874345802545,0.07279848298069683,0.09775226515748053,0.10041172255294586,0.07500632587741494
1527,0.9401583688166985,0.21256856762672255,0.07264037468566993,0.09753996067878468,0.10031926379114861,0.07484342245120132
1528,0.9400914329048738,0.2122462480980496,0.0768221509063857,0.09732832903372021,0.10010160191513359,0.07468103529720438
1529,0.9400459660196716,0.21201916685584915,0.07882316023158817,0.09711736763100236,0.09988462937934697,0.07451916242710444
1530,0.9399358087428388,0.21377737763695062,0.07865247997558113,0.09690707389092282,0.09966834353057427,0.07563631003708471
1531,0.9399680667775113,0.21369883964590602,0.07848233952875082,0.09669744524529159,0.10032090955874085,0.07547269414613886
1532,0.9399121485677705,0.21345846481908332,0.07831273681598423,0.09864950942502045,0.10010411303470067,0.07530959536819914
1533,0.9396996716170801,0.21314401833555466,0.07814366977142306,0.09843653792531296,0.09988800123440741,0.07514701171662894
1534,0.9396273171024037,0.2129327925694672,0.07797513633841727,0.09822423860896033,0.09967257152892565,0.07498494121364672
1535,0.9397697507508891,0.21260172064771887,0.07780713446947878,0.10016716580846668,0.09946652084794394,0.07482338189028163
1536,0.9397077045545342,0.2123521699081462,0.0776396621262355,0.09995156565703635,0.09925242876713104,0.0746623317863292
1537,0.9400886928782421,0.21049412496395778,0.0796229693835023,0.09973664459267255,0.09903922562233493,0.07450178895030739
1538,0.9400183902548782,0.2102760480788306,0.08160003397671095,0.10167050294129608,0.09882647917190954,0.07434175143941286
1539,0.9406736458522958,0.2102754851661481,0.08142492390255858,0.10145232252590262,0.0986181719736918,0.07418221731947748
1540,0.9410341779835549,0.21026593476207595,0.08339417526813006,0.10123482791944834,0.09847763077335031,0.07402318466492502
1541,0.9409676110659493,0.20996629891605628,0.08321557260865488,0.10101801650018802,0.09826672435574517,0.0738646515587282
1542,0.9411229953586495,0.20984933572524628,0.08303753058790073,0.10080188565800957,0.09812780975057175,0.07370661609236587
1543,0.9410761206001083,0.21632445442592782,0.08286004706527163,0.1005864327943758,0.09791807242795263,0.07355383723219897
1544,0.9410245767083898,0.2160638367388952,0.08268311990965899,0.10037165532226658,0.09770899258004832,0.07339678118810045
1545,0.9411621945427797,0.21557673123762042,0.0825067469993942,0.10015755066612123,0.09751164835340398,0.07324021714073072
1546,0.9413097541048332,0.21533062962471214,0.08233092622220152,0.0999441162617814,0.09733730991486704,0.07308414321504876
1547,0.9412412445691573,0.21510387196875397,0.08215565547515118,0.09973134955643412,0.09713009272677656,0.07292855754430987
1548,0.9411801210907053,0.2148688333004143,0.08198093266461277,0.09951924800855519,0.09692352334709203,0.07277345827002428
1549,0.9411228495840387,0.21454386874291065,0.0818067557062089,0.09930780908785293,0.09671759931151847,0.07261884354191599
1550,0.9410313991184691,0.21428479068665998,0.08163312252476908,0.09909703027521223,0.09651231816664589,0.07458719125614938
1551,0.9410156897057858,0.2138305314956417,0.08146003105428382,0.10100726738205429,0.09630767746989517,0.07442903968464756
1552,0.9411743830040735,0.21372545500857487,0.08128747923785912,0.10079330984688893,0.09616430626161002,0.0742713811884978
1553,0.9411131269379576,0.2134978804095344,0.08111546502767107,0.10058001892252875,0.09596081087283719,0.07411421389662827
1554,0.9411819773469379,0.21348833164147693,0.08094398638492077,0.10036739208094249,0.09580391031374673,0.07395753594621322
1555,0.9412770789589409,0.21309691706497497,0.08077304127978946,0.10015542680523389,0.09567191892655036,0.07380134548263192
1556,0.941393174446798,0.21277008961747698,0.08060262769139392,0.09994412058958645,0.09758646792699172,0.07364564065942798
1557,0.9413554323688345,0.21200268108049783,0.08043274360774215,0.0997334709392084,0.09738078744044401,0.07349041963826876
1558,0.9387245359089593,0.21187934233109557,0.0802633870256892,0.099523475370278,0.09733671848319586,0.07333568058890509
1559,0.9387245359089594,0.21005875566672774,0.08219801907464379,0.09931413140988914,0.09713197428527959,0.07318142168913119
1560,0.9386553733111414,0.2098356327290656,0.08202529138675548,0.09910543659599723,0.09692786497063675,0.07302764112474479
1561,0.938585294261966,0.20961154903966517,0.08185309894061542,0.0988973884773654,0.09672438814188974,0.07287433708950745
1562,0.9385655802676031,0.21203424325233794,0.08168143971634152,0.09868998461351101,0.09652154141217888,0.07402934539748571
1563,0.9387436326410521,0.21023593043822575,0.08151031170290839,0.09848322257465242,0.09635724108173728,0.07387424902727453
1564,0.9389105794397965,0.21021854234978019,0.08133971289810359,0.09827709994165602,0.09633169875553371,0.07371963228828032
1565,0.9388341617052343,0.21001901944763762,0.08116964130848407,0.09807161430598368,0.09613028072054967,0.0735654933738101
1566,0.9390027697923227,0.2098735685810138,0.08308888524602574,0.09786676326964035,0.09594881902512764,0.07341183048507947
1567,0.9391639026276546,0.2096656997140119,0.08291550345726938,0.09766254444512196,0.09575856532117061,0.07325864183117355
1568,0.9391639026276546,0.20614893056812994,0.08274265639824517,0.09745895545536373,0.09555894539845408,0.07310592562900815
1569,0.9391071565388399,0.20593361166318425,0.08257034205964424,0.09725599393368863,0.09535994071102316,0.07295368010329116
1570,0.939031468012674,0.20573852767312323,0.08447901026450373,0.09705365752375614,0.09516154894847535,0.0728019034864841
1571,0.9389606425980378,0.20554396734668898,0.08430343142020852,0.09685194387951136,0.09496376781049325,0.07265059401876393
1572,0.9389606425980377,0.2046096416496251,0.08412839262048766,0.09872714574318861,0.09476659500679482,0.07249974994798505
1573,0.9390720044724967,0.20430219584094633,0.08395389184102406,0.09852236394063926,0.09462777472763029,0.07234936952964151
1574,0.9391952035457406,0.20399266385140724,0.08377992706632206,0.09831821115545931,0.09444593068343068,0.07219945102682941
1575,0.9391231397036888,0.20379670590215354,0.083606496289664,0.0981146850327065,0.09425042047371597,0.07204999271020954
1576,0.9390535293974087,0.2035934830249822,0.08343359751306711,0.09791178322768922,0.09405550999287021,0.07190099285797019
1577,0.9394098693058291,0.20333101500619452,0.08326122874724058,0.09770950340591612,0.09387437787123444,0.07175244975579016
1578,0.9393822807070284,0.20615846744325425,0.08308938801154292,0.09750784324304612,0.0936806329265673,0.07274863895822535
1579,0.9393201254905034,0.20593851220116516,0.0829180733339395,0.0973068004248385,0.09348748109561061,0.07259864495866086
1580,0.9392450083190496,0.20574392581739842,0.08274728275096031,0.0971063726471034,0.09329492016461464,0.07244910982841184
1581,0.9391990194230424,0.20554242965650232,0.08463470656825722,0.09690655761565259,0.0931029479294387,0.07230003185583062
1582,0.939126911361213,0.2053519142281284,0.08446072845270725,0.09876298864309228,0.09291156219550403,0.07215140933669496
1583,0.9392039656663174,0.20686133177316857,0.08428728150646331,0.09856017084722564,0.09324546876153637,0.07385197126275464
1584,0.9392039656663174,0.20653100365366497,0.08411436375181307,0.09835797185425493,0.09305417303101365,0.07370046184378887
1585,0.9391397303066923,0.20625483073558554,0.08394197321960949,0.09815638936158519,0.0928634605569835,0.07354941437372313
1586,0.9391090144612692,0.211111283823777,0.08377010794922886,0.09795542107658813,0.09267332917044399,0.07388116192032149
1587,0.9392596864626142,0.21081851832370413,0.08564414906005956,0.09775506471655344,0.09249407548763947,0.07373004664242466
1588,0.9391886945779239,0.21062419759642176,0.08546914905493079,0.09959865671944994,0.09230507876267503,0.0735793911839704
1589,0.9393393814122661,0.21636736732490452,0.08529468118921564,0.0993953463406983,0.09260226134899163,0.07748009141388723
1590,0.9395210752682036,0.21576555412689624,0.08512074348882377,0.09919265377263768,0.09245965398935027,0.07732208966349922
1591,0.9396868213932646,0.21406251323327052,0.08494733398818577,0.09899057672475652,0.09440172852412541,0.0771645677198781
1592,0.940055778743397,0.21341812819676542,0.08477445073021155,0.09878911291642435,0.09624552308726467,0.07700752380523988
1593,0.9401763403747991,0.21312255023742296,0.08460209176624905,0.10062140759331671,0.09605714853848456,0.07685095614946552
1594,0.9402171769906964,0.21307448759038886,0.08646137054123472,0.1004170339042743,0.09632438091115629,0.07669486299006366
1595,0.9401547986729839,0.21279832609967478,0.08628593304654636,0.10021327917841322,0.09612893052726026,0.07653924257213347
1596,0.9408768730224663,0.21279832602004098,0.08813808373744743,0.10001014112792153,0.09593764161882391,0.07638409314832774
1597,0.9408514974434511,0.21162181496108476,0.0879596013706219,0.10183264864475117,0.095743364904177,0.07622941297881615
1598,0.9404858654172606,0.20963371912483958,0.08778165846805618,0.10162664046834467,0.09554967539232173,0.07607520033124879
1599,0.9406465656562758,0.21654502631008601,0.08760425303941571,0.10142125453661113,0.09536156848819348,0.07592658780819696
1600,0.940602546534659,0.21622660197374632,0.0874273831029139,0.10121648855519522,0.09516903680191073,0.07577329467118005
1601,0.9405580333324166,0.2160339838782534,0.0872510466852705,0.1010123402395896,0.09497708587733066,0.07562046393484628
1602,0.9404899139894176,0.215840423096732,0.0870752418216705,0.10080880731508732,0.09478571357565477,0.07546809389629086
1603,0.9404405654400319,0.21560413670478,0.08689996655572298,0.10060588751673419,0.09459491776725469,0.07531618285991022
1604,0.9406196328556677,0.2138986529526073,0.08672521893942042,0.10040357858928163,0.09441579406376603,0.07516472913736665
1605,0.9406196328556676,0.2118755199898311,0.08655099703309808,0.10020187828713967,0.09422612259530636,0.0750137310475531
1606,0.9407658836227607,0.21154074050960558,0.08637729890539364,0.10000078437433023,0.09413319201471915,0.07486318691655827
1607,0.9408719724672239,0.2112899670146416,0.08620412263320705,0.09980029462444062,0.09394942359363498,0.07471309507763173
1608,0.9408223321677524,0.2110629306184983,0.0860314663016606,0.09960040682057736,0.09376125437001676,0.07456345387114938
1609,0.9410903216347841,0.2110000636299564,0.08585932800405921,0.09940111875532014,0.09371542719883402,0.074414261644579
1610,0.941051680156359,0.2085623913958442,0.08568770584185094,0.09920242823067611,0.09352810166738593,0.074265516752446
1611,0.9409927060335727,0.20835825417505816,0.08551659792458768,0.09900433305803445,0.09334133743411972,0.07411721755629942
1612,0.9409304712427653,0.20816023109730486,0.08534600236988607,0.09880683105812102,0.0931551324444146,0.07396936242467798
1613,0.940891524217199,0.20769016251496236,0.08517591730338862,0.09860992006095343,0.09296948465241003,0.07382194973307646
1614,0.9408279373729084,0.20743791256436725,0.08500634085872509,0.09841359790579625,0.0927843920209635,0.07367497786391214
1615,0.9408166386600018,0.2069393257390069,0.08483727117747396,0.09821786244111647,0.09259985252160856,0.07352844520649147
1616,0.940787456523846,0.21145934223758267,0.0846687064091242,0.09802271152453924,0.09241586413451307,0.0738489482092606
1617,0.9407165183046637,0.211057596868324,0.08642758988054736,0.0978861307194561,0.09223242484843769,0.07568729587099086
1618,0.9408631900844043,0.21103487369969873,0.08625620838406606,0.09769202752173127,0.09218884618584983,0.07553721182897465
1619,0.9408051933396228,0.21081606288734414,0.08608533768450244,0.09749850284220792,0.09200622312676984,0.07538757510751302
1620,0.9407368609669177,0.2106324935560608,0.08591497592112307,0.09730555457345717,0.091824144008126,0.07523838407710456
1621,0.940697656679904,0.21016186102309786,0.08574512124109285,0.09711318061699571,0.09164260684964656,0.07508963711516466
1622,0.9408637074028263,0.21000463916990855,0.08557577179943715,0.098896411855434,0.09157218833159857,0.07494133260599233
1623,0.9408475364251083,0.20985130636182464,0.08540692575900415,0.09870128340723308,0.09139151100800033,0.07479346894073728
1624,0.9407578834390814,0.21096185085477723,0.08720966814410801,0.10047782145874838,0.09121137040211444,0.07599555643395442
1625,0.940134012297088,0.2106707781347683,0.08703794212562542,0.10027996889730527,0.09300088131672096,0.07584591231069956
1626,0.9404944030042891,0.21067076001487925,0.08686672555792711,0.1000827032949234,0.09282244407388787,0.07569671212900131
1627,0.9404692306681665,0.21504783587316886,0.08669601659301145,0.09988602252244459,0.0926400310354428,0.07600603976367498
1628,0.9403970988769421,0.2148647671457351,0.08848903164464761,0.10165314271367029,0.09245815843546688,0.07585682331899996
1629,0.9403332650118827,0.2145869126925593,0.08831548199889737,0.10145377487587767,0.09227682431591598,0.0757080486678362
1630,0.9396974685341247,0.2143326493143567,0.08814244585112879,0.10321429266809687,0.09209602672701596,0.0755597142105015
1631,0.9396262253853093,0.21406519071588706,0.08796992134314663,0.10301226747027825,0.09191576372722325,0.07541181835406638
1632,0.9395845392354236,0.2135950721756707,0.08779790662459522,0.10281083923292514,0.09173603338318552,0.07526435951232177
1633,0.9395845392354236,0.2111722584400695,0.08762639985292116,0.10261000579841817,0.09155683376970263,0.07511733610574708
1634,0.939514842947927,0.2109044953127292,0.08745539919333603,0.10240976501823075,0.09137816296968775,0.07497074656147823
1635,0.9394459563194327,0.2107114435578011,0.08728490281877944,0.10221011475288577,0.0912000190741287,0.07482458931327592
1636,0.9395689777114196,0.21065964419370098,0.08711490890988223,0.1020110528719125,0.09151551728755941,0.07467886280149413
1637,0.9396979310954743,0.21062190086471805,0.0869454156549298,0.10181257725380366,0.09175411369544817,0.07453356547304872
1638,0.9396516845324382,0.21040625271191726,0.08677642124982576,0.10161468578597282,0.09157577270135422,0.07633237968732955
1639,0.939514917211642,0.20840025158173173,0.08660792389805565,0.101417376364712,0.09333969744472384,0.07618416196128854
1640,0.93963476978659,0.20835601239473536,0.08643992181065092,0.10122064689514941,0.09343202494256969,0.07603637989169706
1641,0.9397963310805082,0.21474588638513648,0.08627241320615313,0.10102449529120752,0.09325145121275061,0.07590460584167243
1642,0.939873272618021,0.21474793893212898,0.0861053963105782,0.1008289194755613,0.09339392618081845,0.07757248511607283
1643,0.9397828753663374,0.21452755247627225,0.08593886935738101,0.10063391737959664,0.0932133032856178,0.079356450467615
1644,0.9401286064832437,0.21450947206682444,0.08577283058742009,0.1004394869433691,0.0931622447984822,0.079203129304297
1645,0.9400564447795682,0.21433141487537205,0.08560727824892256,0.10217575174350049,0.09298242996224045,0.07905025731461392
1646,0.9405929143533993,0.2140137001267148,0.08544221059744914,0.10390693328702137,0.092804026899464,0.07889783288774041
1647,0.940519373638039,0.21384440982353445,0.08527762589585948,0.1037067805581938,0.09262526135762277,0.078745854419591
1648,0.940660403161533,0.21371381433081219,0.08511352241427762,0.1035072130447404,0.09249927722376723,0.07859432031278821
1649,0.9405862958891631,0.21354336808364957,0.0849498984300576,0.10523064919760167,0.09232145471275473,0.07844322897663072
1650,0.9405573842631337,0.21312997128241826,0.08478675222774924,0.10502855383197664,0.09406465052954915,0.07829257882706193
1651,0.9407011626913313,0.21292314213311325,0.0846240820990642,0.10482704819673826,0.09392945833674449,0.07814236828663845
1652,0.9406701880283658,0.21246776400200357,0.08446188634284212,0.10654279211106893,0.09374942732017612,0.07799259578449895
1653,0.9404939061146256,0.21218022817425097,0.08430016326501694,0.10825353592489248,0.09548466718090685,0.077843259756333
1654,0.9404525485032146,0.21061244289646797,0.08413891117858348,0.10804646505034612,0.0953020210126317,0.07769435864435023
1655,0.940981907863674,0.2106124427590808,0.08397812840356411,0.10783999683916431,0.09511991014971416,0.07754589089724956
1656,0.9409339904935556,0.21392855955993836,0.08494383873616305,0.10841711426544813,0.09493832523376255,0.07811327911579696
1657,0.9410739375126019,0.21366755136599266,0.08668894466119184,0.10821035171196962,0.09476708599447574,0.0779643090831597
1658,0.9410220505052765,0.2133423400505933,0.08652378519712296,0.1080041897409674,0.09458653608473364,0.07781577176326267
1659,0.9411811970286861,0.21331874918252583,0.08635910515667605,0.1077986262153489,0.0945426104696918,0.0795709578891201
1660,0.9411153048996799,0.2131340363930326,0.08809629263592164,0.10759365900689957,0.09436284811438336,0.07941966248133271
1661,0.9410651454783122,0.21291969234963803,0.08792895466526399,0.10738928599624117,0.0960830962498529,0.07926880567734816
1662,0.9410024149689902,0.21267291317569342,0.08776210148793312,0.10718550507279019,0.0959007698482926,0.07911838591925095
1663,0.9409622686498965,0.21248289374307106,0.08759573138297785,0.1069823141347166,0.09571897131709921,0.07896840165558691
1664,0.9409135972487522,0.21226368979266674,0.08742984263658059,0.10677971108890272,0.09553769878352328,0.07881885134133283
1665,0.9410700093658901,0.21852391142839975,0.08915634012184373,0.10846960043072226,0.09536147618835594,0.07867523656714005
1666,0.9410035944209116,0.2183473898802038,0.08898783324649144,0.10826459119173473,0.09518124150892067,0.07852653914120923
1667,0.941125256061583,0.2179195706648448,0.08881981295609401,0.10806017394290243,0.09552529927808599,0.07837827109793791
1668,0.9412038766860394,0.2176231797916299,0.08865227752849071,0.10974258595415892,0.09542522677107827,0.07823043091762036
1669,0.9415384784214487,0.2174227632714653,0.08848522524863986,0.10953579206581827,0.09525263669501922,0.07808301708683295
1670,0.9410909184862616,0.2165708682580979,0.08831865440858545,0.1093295941514302,0.09507332640149731,0.07793602809840477
1671,0.9410588855973308,0.21617335071703545,0.08815256330742406,0.10912399010544767,0.09489453253763194,0.0777894624513884
1672,0.9412283989719584,0.21594178506202397,0.08798695025127183,0.10891897783101315,0.0947469906154111,0.07764331865103077
1673,0.9413704031826804,0.21568886686235872,0.08782181355323172,0.10871455523991808,0.09459090898635099,0.07749759520874426
1674,0.9412988659016583,0.21552273777471911,0.08765715153336082,0.10851072025256245,0.09441355521164584,0.07735229064207787
1675,0.9412273291099084,0.2153570371261488,0.08749296251863793,0.1083074707979146,0.0942367109001947,0.07720740347468859
1676,0.9413949518519132,0.21535003094553895,0.08732924484293127,0.10810480481347128,0.09410106342130489,0.07706293223631293
1677,0.9415224267170348,0.21507765936474277,0.08716599684696631,0.10977205962011527,0.093932272261253,0.07691887546273854
1678,0.9413329568421768,0.2148059681778315,0.08700321687829389,0.10956706348547068,0.09375685646967018,0.076775231695776
1679,0.941326110558425,0.21463630690762311,0.08870650772359348,0.10936265468619424,0.09358194326267855,0.07663199948323081
1680,0.9412621947074784,0.21445467765811393,0.0904049216385375,0.11102257091874751,0.09340753087416494,0.07648917737887541
1681,0.9412004688997493,0.2142080288821788,0.09209847575076702,0.11081586055278067,0.09323361754526907,0.07634676394242147
1682,0.9411361034950245,0.2140386042049836,0.09192717111175444,0.11060974127844833,0.09306020152434978,0.07620475773949226
1683,0.9410034225561105,0.21400966661934548,0.09175635600265743,0.11226236794188227,0.09295683399725366,0.07606315734159512
1684,0.9409612663567257,0.21382070060265543,0.09158602870732473,0.1139102750343254,0.09278427825499004,0.07592196132609419
1685,0.9381537658272697,0.21382070060265546,0.09141618751663738,0.11369903477184849,0.09261221497723561,0.07578116827618317
1686,0.9385951794405377,0.21365468758980546,0.09124683072847613,0.11348839698581645,0.0924407594124329,0.07564077678085827
1687,0.9385289289871613,0.2134695333754458,0.09107795664768889,0.11327835956788106,0.09226967568110307,0.0755007854348913
1688,0.938460321663346,0.21329503221136606,0.09090956358605848,0.1130689204183194,0.09209907926287546,0.07536119283880285
1689,0.9384442036542893,0.21327151006236486,0.09257657903184453,0.11287218963449494,0.09199317581826578,0.07706896613146846
1690,0.9385716417500998,0.21317986392800797,0.09240575716888597,0.1126639184074609,0.09184195719477552,0.07692675884201636
1691,0.9387395464229448,0.21305389632005575,0.09223542092705417,0.11245623926452072,0.09174609447262516,0.07678495582671828
1692,0.9388920432003979,0.21166025646061976,0.0939070771493496,0.11409065867721487,0.09176958348791546,0.07664355567502092
1693,0.9390543148094422,0.2116397973113549,0.09373431930930629,0.11388076974913283,0.09171655798176731,0.07650255698212584
1694,0.9389922890234157,0.21145263598959962,0.09356205164015599,0.11367147634507035,0.09154799861330516,0.0763619583489629
1695,0.9393320903785405,0.21126311657701818,0.09339027243468213,0.11346277639087636,0.09138337908424832,0.07622175838216372
1696,0.939655684129916,0.21095136938151546,0.09321897999262199,0.11325466782084825,0.0912312496783833,0.07608195569403546
1697,0.9396484221216785,0.2107747107493974,0.0930481726206346,0.11304714857769288,0.09106408447230697,0.07594254890253455
1698,0.9395832251824305,0.2106065400564986,0.0928778486322688,0.11284021661248776,0.09089739234254919,0.07580353663124062
1699,0.9393972902186797,0.2103517909048908,0.09270800634793151,0.11446253287413259,0.0907311716453312,0.0756649175093306
1700,0.9393822136552045,0.21017573301565054,0.09253864409485607,0.1142534286853581,0.09239225598408261,0.07552669017155296
1701,0.9393466262469138,0.21003504299782597,0.09236976020707084,0.11404491511334815,0.09222363925596365,0.07538885325820195
1702,0.9392757285546042,0.20987149874029512,0.09220135302536792,0.11383699010955109,0.09205549847981931,0.07525140541509218
1703,0.9392574651562712,0.21185013629722438,0.092033420897272,0.11362965163372772,0.09188783200578834,0.0762632617746744
1704,0.9392209095934275,0.21087528379619422,0.0918659621770094,0.11342289765391306,0.09235823441603759,0.07612449752908482
1705,0.9397390669595375,0.2108731117648479,0.09169897522547729,0.11321672614637829,0.09219421008744301,0.0759861242134622
1706,0.9393689828352784,0.21072386676650484,0.091532458410213,0.11301113509559296,0.09361502369182781,0.07584814047507046
1707,0.9396981460360334,0.2105310021368415,0.09136641010536359,0.11280612249418732,0.09345499295565286,0.0757105449666507
1708,0.939817943610504,0.21049495531954124,0.09120082869165545,0.11260168634291487,0.09367392541520558,0.07557333634639589
1709,0.9397492476794383,0.21032682036589925,0.09284618004509214,0.11239782465061508,0.09350433181869983,0.07543651327792604
1710,0.9397013699966567,0.21006118995196238,0.09267825306563884,0.11219453543417633,0.09333521446782458,0.0753000744302632
1711,0.9396367189687853,0.2098928853454288,0.09251079734812126,0.11199181671849903,0.09316657171948428,0.07516401847780672
1712,0.940134144279422,0.20987934199387095,0.09234381126759712,0.11178966653645891,0.09300123165292648,0.0750283441003087
1713,0.9402888687262196,0.2098588744398298,0.09217729320568203,0.1115880829288705,0.09294833728190384,0.07489304998284936
1714,0.940224667839249,0.2096878542902061,0.09201124155051944,0.11138706394445085,0.0927808966388397,0.07475813481581275
1715,0.9402107984943718,0.20953935986705047,0.0918456546967508,0.11118660763978332,0.09261392468513746,0.0746235972948625
1716,0.9402999259562317,0.20849796671207405,0.09347836951492863,0.11098671207928167,0.09305692526769385,0.07448943612091759
1717,0.9402412064370195,0.20831059138174948,0.09331047848116118,0.1107873753351543,0.09288979116529684,0.07435565000012845
1718,0.9401591408379936,0.20806298737525272,0.09314305649239049,0.1105885954873686,0.09272312399322219,0.07422223764385302
1719,0.9404931509609379,0.20806260754126032,0.09476855497420097,0.11039037062361558,0.09256467978688777,0.074089197768633
1720,0.9405668649597944,0.2076616168612089,0.09459885657337729,0.11019269883927464,0.09419223382015919,0.07395652909617018
1721,0.9405031343360375,0.20749650361813077,0.09442963135480241,0.10999557823737849,0.09402373599752527,0.0738242303533029
1722,0.9404944284838019,0.2069891925193786,0.09426087769649738,0.10979900692857827,0.09385570770821137,0.07369230027198273
1723,0.9404313863497664,0.20682262113940184,0.09587789152759615,0.1096029830311089,0.09368814734369298,0.07356073758925105
1724,0.9404034824421863,0.21162284596115366,0.09570689204827786,0.10940750467075448,0.09352105330189861,0.0736220235337499
1725,0.9407355829941688,0.21106938524654598,0.09553636815795843,0.10921256998081401,0.09513679422657398,0.07349084892764285
1726,0.9408629726160829,0.2109748445112049,0.09536631823023943,0.10901817710206717,0.09500149730025213,0.07336003891477433
1727,0.9388512492970216,0.2104521957463246,0.09519674064523655,0.10882432418274031,0.0948325684291077,0.07322959224905687
1728,0.9387861169543281,0.21028609315867555,0.09502763378955005,0.10863100937847267,0.09466410848651907,0.0730995076893912
1729,0.9387036877102988,0.21098749169467973,0.09485899605623535,0.10843823085228267,0.09449611587168898,0.07437902380487911
1730,0.9386356284612786,0.21081961621889675,0.09469082584477369,0.10824598677453441,0.09432858899022138,0.07424716139138526
1731,0.9385720123478021,0.21065358562540026,0.094523121561043,0.10805427532290442,0.0941615262540925,0.07411566431224276
1732,0.9385062791386924,0.2104755441380955,0.09435588161728889,0.10786309468234839,0.09576422803644688,0.07398453132249194
1733,0.9386772724422815,0.2100924953972164,0.09418910443209577,0.10767244304506832,0.09559554152917459,0.07385376118214346
1734,0.9388388762835789,0.20998703226613485,0.09402278843035819,0.10748231861047956,0.09549227970694009,0.07372335265615569
1735,0.9388016538972019,0.2096874489880096,0.09562093404611571,0.10729271958517826,0.09532383113427904,0.07359330451441241
1736,0.9388581005106554,0.20927869909746932,0.09545242711815222,0.10710364418290884,0.09516106510416701,0.07346361553170047
1737,0.9389870246939686,0.20926433743497422,0.09528438526555069,0.10691509062453161,0.09505832369536853,0.0733342844876876
1738,0.9394893412116022,0.20926356302005514,0.09511680690902749,0.1067270571379907,0.09665307499565658,0.0767226857992913
1739,0.9396044542578817,0.20922672120441949,0.09494969047558359,0.106539541958282,0.09687075876796877,0.07658788710249234
1740,0.939541686568398,0.209062398265671,0.09478303439847624,0.10810774733359137,0.09670073082409851,0.07645345973622594
1741,0.9396869074342759,0.20901402663358223,0.09461683711719071,0.10791818583868068,0.0965587049787712,0.07631940244175682
1742,0.9396245428622446,0.20884978619807318,0.09445109707741221,0.10772914586483784,0.0963895633746789,0.07793741107157728
1743,0.9395624662334175,0.20867570155930068,0.09428581273099793,0.10929057193095731,0.09622088681636973,0.07780102478863522
1744,0.9394904689971907,0.2072636572020506,0.09512840281509956,0.10984028739161594,0.09605267373019785,0.07941321046699938
1745,0.9394552967810916,0.20695240331451503,0.09496226582649882,0.10964845683381973,0.09588492254875941,0.0792745192743411
1746,0.9399492621726068,0.20695240033943907,0.09479658475176637,0.10945715269829949,0.09573028769840276,0.07913620867867495
1747,0.9399221286049764,0.20679079528328387,0.09637431853132256,0.10926637320684254,0.09556343359016127,0.07899827739437448
1748,0.9400407857783941,0.20667931780642715,0.09620650979545929,0.10907611658827827,0.09543922024478019,0.0788607241409046
1749,0.9401449208050762,0.2063957220929041,0.09603916068406695,0.10888638107844652,0.09545429456220288,0.07872354764279865
1750,0.9401068518913647,0.20495414078561458,0.09587226964728954,0.10869716492016601,0.09528841987034933,0.07858674662963566
1751,0.9400598021287034,0.20470236531249145,0.09570583514139887,0.10850846636320309,0.09512299892916823,0.07845031983601768
1752,0.9399932276108762,0.20454717418725907,0.09553985562876717,0.1083202836642405,0.09495803021039573,0.07831426600154724
1753,0.9399298842422518,0.20438716315822758,0.09537432957783963,0.10813261508684635,0.094793512191804,0.07817858387080492
1754,0.939868471112494,0.20422044940419037,0.09520925546310718,0.10794545890144326,0.09462944335717413,0.078043272193327
1755,0.9398154935879789,0.2040342797238984,0.09504463176507945,0.10948788580819489,0.09446582219626924,0.0779083297235833
1756,0.9397395301210018,0.20518206929313756,0.09488045697025771,0.10929876254205972,0.09430264720480763,0.07886016336053737
1757,0.9397035396535571,0.2048859740468368,0.09471672957110816,0.10911015465912251,0.09413991688443617,0.07872408086414323
1758,0.9398403026386659,0.20486373321163273,0.09455344806603515,0.10892206042960083,0.09418335597591022,0.07858836897388696
1759,0.9398403026386659,0.20443715022781686,0.09439061095935466,0.10873447813052227,0.09402115623070513,0.07845302644662652
1760,0.9399763565689094,0.2042107922023933,0.09422821676126789,0.10854740604569389,0.09387978249043565,0.07831805204411135
1761,0.9402863952179741,0.20419376775327083,0.09578467636120579,0.10836115914183114,0.09384988842655285,0.07990209801883358
1762,0.9405907202812245,0.2039462232141827,0.0956202130010632,0.10817510182015469,0.09370192996854416,0.07976490522326506
1763,0.9404964678907177,0.2048654984412814,0.09545619612526018,0.1079895496060008,0.09354120351408644,0.08091517499824391
1764,0.9408160109940691,0.20347482981656329,0.0952926242404865,0.10780450080998827,0.09338259781657374,0.08077652032501675
1765,0.9409105166276956,0.20324785514733412,0.09512949585929203,0.10761995374936552,0.09322650086916134,0.080638241595638
1766,0.9408452678421478,0.20309592167459845,0.09496680950006071,0.10743590674798097,0.09306706892985292,0.08050033755418892
1767,0.9411606750224123,0.2030955629417854,0.09651301123755868,0.10725235813625367,0.09291551082087535,0.08036280694967407
1768,0.9414584573505356,0.2028825357256028,0.09634828862491275,0.10706930625114405,0.0927676606244903,0.08022564853599938
1769,0.9414130377761923,0.2026410463812517,0.09618401151021228,0.1068867494361248,0.09431452267261421,0.08008886107195033
1770,0.9413528580769113,0.2024858708636691,0.09602017840863475,0.1084080159294061,0.09415387392724953,0.07995244332117024
1771,0.9416047030767698,0.20247731051229528,0.0958567878411658,0.10822354587806432,0.09405573635610678,0.07981639405213868
1772,0.9415650095658421,0.20235666391166482,0.09569383833457348,0.10803957379012284,0.09559577513776857,0.07968071203815001
1773,0.9415412200521243,0.20493035761365833,0.09553132842138247,0.10785609800878318,0.09711585118466075,0.0795789676211281
1774,0.9413743934747141,0.20489441993517332,0.09536925663984858,0.10767311688371736,0.09704635991238839,0.07944395950108925
1775,0.9414920506983416,0.20483659776342814,0.09520762153393335,0.10749062877103924,0.09689362551085083,0.07930931513810784
1776,0.9414377099827491,0.20459503554053313,0.09504642165327869,0.10730863203327587,0.09672957098856683,0.07917503332401474
1777,0.9418991881993072,0.20459503546687274,0.09488565555318175,0.10712712503933916,0.09656622152489629,0.07904111285535174
1778,0.9418417190316184,0.20428399566905553,0.09472532179456983,0.10694610616449753,0.09640304801714346,0.07890755253335065
1779,0.9419941835403541,0.20381179378912465,0.09456541894397542,0.10676557379034776,0.0962415190446836,0.07877435116391246
1780,0.941949944838055,0.203391222112688,0.09440594557351151,0.10658552630478701,0.09607921913006348,0.07864150755758677
1781,0.9420762347972834,0.20337134424977685,0.09424690026084677,0.10640596210198497,0.09612598917265917,0.0785090205295512
1782,0.941678350442091,0.20328096991968397,0.09577129366943729,0.10622687958235603,0.09597706868670587,0.07837688889959088
1783,0.9416593700446341,0.20305007365004274,0.09561027052892877,0.10604827715253182,0.09581569957050622,0.07824511149207815
1784,0.94195415549191,0.20255948102846952,0.09544967879350058,0.10754980264521061,0.09573910462455265,0.07811368713595226
1785,0.9425068102875173,0.2025593774263025,0.09528951703775096,0.10736933723726043,0.09558000585776771,0.07798261466469925
1786,0.9426257477854452,0.20248561137475307,0.09680607731990716,0.10718935471750195,0.09544546595027109,0.07785189291633181
1787,0.9425701180999289,0.20232409148520009,0.09664396411814097,0.10700985349227327,0.09528563125282609,0.0777215207333694
1788,0.9425098739520402,0.20217232316850536,0.09815522839638881,0.1068308319740902,0.09512622370472451,0.07759149696281831
1789,0.9429512228892186,0.20180105735305615,0.09799118429841787,0.10665228858161901,0.09496783649144845,0.07746182045615196
1790,0.9430969172817665,0.20145049528498402,0.09782757805085447,0.10647422173964935,0.0948098247663058,0.07733249006929119
1791,0.943039324754935,0.20129827208328846,0.09766440821201056,0.10629662987906728,0.09465168833753829,0.07720350466258466
1792,0.9429914288463629,0.20087196339633615,0.09750167334577475,0.10611951143682848,0.09616023929374098,0.07707486310078943
1793,0.9429619864213684,0.20072528012374075,0.09733937202158786,0.10594286485593152,0.09600017092121003,0.0769465642530515
1794,0.9429602623919826,0.2054107072665857,0.09717750281441845,0.10576668858539134,0.09584052872060392,0.0769870164247593
1795,0.9430006512916582,0.20539802479672098,0.09701606430473857,0.10559098108021281,0.09742079640566853,0.076859119855735
1796,0.9429512394612323,0.2052255341283764,0.09851466915780503,0.10707535488066983,0.09891872955964194,0.07673156337829941
1797,0.9430532794468804,0.20507824361954272,0.09835133624046365,0.10689782872910747,0.09882107673004395,0.0766043458765214
1798,0.9429983604163662,0.20492446098103942,0.09984473527057539,0.10672077405120282,0.09865739956168006,0.07647746623877277
1799,0.9429983604163661,0.20472203982117287,0.10133417060630752,0.10654418930170816,0.09849415681590466,0.07635092335770932
1800,0.9432797408916558,0.20456164929234552,0.10116666634890671,0.10636807294132772,0.09833733050125243,0.0762247161302521
1801,0.9432433823674924,0.20430392794240881,0.10099960611797001,0.10619242343669164,0.09817494245649291,0.07609884345756873
1802,0.943196440502947,0.20412225174134782,0.1008329884607209,0.10601723926032999,0.09801298460792902,0.0759733042450548
1803,0.9431381794230532,0.20396934933640873,0.10066681192996972,0.10584251889064698,0.09785145554884477,0.07584809740231538
1804,0.9434011539861377,0.20359427040343162,0.10050107508408927,0.10566826081189526,0.09770998603362181,0.07572322184314662
1805,0.943681116989541,0.2034357680663512,0.1003357764869905,0.10549446351415034,0.09755273745786179,0.07559867648551738
1806,0.94186954307115,0.2029737576423062,0.10017091470809832,0.1069642261365893,0.097727596901551,0.07547446025155109
1807,0.9421238018579088,0.2028477590452833,0.10000648832232745,0.10843010717689264,0.09756741063648182,0.07535057206750753
1808,0.9424126807507112,0.20284723286549816,0.09984249591005857,0.10825230156510873,0.09740810159475742,0.0752270108637648
1809,0.9426735241323361,0.2024747357798219,0.0996789360571144,0.10807496494743436,0.09726798550333847,0.07510377557480137
1810,0.9426284846061093,0.20225414275460818,0.099515807354736,0.10789809579644981,0.09710880242127759,0.07498086513917818
1811,0.9427474242666525,0.20205403760914598,0.09935310839955915,0.10772169259058444,0.09696323732871769,0.07485827849952087
1812,0.9428209866950659,0.20171515707384152,0.0991908377935908,0.10754575381409129,0.09681268847812152,0.07473601460250204
1813,0.94276799692192,0.20156512345611274,0.0990289941441858,0.10737027795702167,0.09665472511012765,0.07461407239882367
1814,0.942714371745498,0.20140613207148128,0.09886757606402352,0.10719526351519994,0.09649717710814379,0.07449245084319957
1815,0.942988833059243,0.20124882526580443,0.09870658217108477,0.10702070899019842,0.0963458204422823,0.07437114889433791
1816,0.9432691710715243,0.20124880619985464,0.09854601108862869,0.10684661288931237,0.09618916088913242,0.07425016551492387
1817,0.9433677664346036,0.20121831907350246,0.09838586144516984,0.10667297372553515,0.09636892302089774,0.0741294996716024
1818,0.9433677664346036,0.19945925067569434,0.09822613187445536,0.10812329128456748,0.0962124679522706,0.07400915033496096
1819,0.9434905556774593,0.19944683312697303,0.09806682101544234,0.1095698070119787,0.09619295780400978,0.07388911647951243
1820,0.9434371490332563,0.19929804791638916,0.09790792751227508,0.10939227570937073,0.09603710044178232,0.07376939708367809
1821,0.9435364773762789,0.19907166353368613,0.09774945001426268,0.10921520920825283,0.09590554942615309,0.07364999112977065
1822,0.9435208892841472,0.20351755462165502,0.09931843195244867,0.11054560169400701,0.0957504682123051,0.07373559890345037
1823,0.9437298181216873,0.20296367052685105,0.09915799255814467,0.11036702588456158,0.09560075297127842,0.07361648612051419
1824,0.9438224520914072,0.20275485785955283,0.09899797243843973,0.11018891674542013,0.09545534875876203,0.07510844769011403
1825,0.943945603785453,0.20274658986300517,0.09883837023953823,0.11162344921104889,0.09538035223740382,0.07498735962020557
1826,0.9440588396745032,0.20272572853157678,0.09867918461278788,0.11144367238268117,0.09542027795473979,0.07486658759805903
1827,0.9439105629857276,0.20269230967549298,0.09852041421465751,0.1112643644941661,0.0953558124057294,0.07474613060435516
1828,0.9438500567764805,0.20241967013017073,0.098362057706715,0.11108552403394076,0.09520254251151547,0.07623333478316183
1829,0.9439154989710041,0.20232259576812694,0.09820411375560512,0.11090714949617594,0.0950514706319698,0.07611092382122531
1830,0.9440081492353449,0.20214878250561652,0.099646593292506,0.11073336279902493,0.09493191952953949,0.07759294470974701
1831,0.9439564960513044,0.20200136099461746,0.09948690640379783,0.1105559090035935,0.0947797880580273,0.07746859950619316
1832,0.9443603311778118,0.2007083379989474,0.10092856538231998,0.11037891666447358,0.09462805220222016,0.07734457765373387
1833,0.944309728122384,0.20049839418709747,0.10076714725118781,0.11020238429846915,0.0944767106738699,0.07722087811306587
1834,0.9424101795106802,0.2004976847623137,0.10060614836041018,0.11002631042799553,0.09440120881876814,0.07869523208182354
1835,0.942386270990623,0.20027374664831457,0.10044556736401809,0.10985069358105513,0.09425053174366106,0.07856962386617318
1836,0.9423195732309083,0.2015198795976423,0.10028540292112932,0.10967553229121352,0.0941278650556938,0.0797332927854752
1837,0.9422675500434997,0.20137382698449674,0.10012565369592659,0.1095008250975754,0.09397792445542061,0.07960628196062605
1838,0.9422151799842521,0.20122856697139976,0.09996631835763574,0.10932657054476085,0.0938283723293446,0.07947960020227475
1839,0.9424896788632441,0.20122855210577065,0.09980739558050405,0.10915276718288151,0.09368287707639615,0.07935324645636332
1840,0.9424672915065333,0.20088452840673857,0.09964888404377874,0.10897941356751717,0.0935340923423205,0.07922721967280905
1841,0.9424402576594229,0.2041841510417579,0.09949078243168538,0.10880650825969211,0.09338569237851847,0.07960148146189476
1842,0.9423882355927505,0.20403587024620404,0.09933308943340666,0.10863404982585186,0.0932376759546089,0.07947531302726843
1843,0.9421438859557925,0.20285872761700305,0.09917580374306098,0.10846203683783984,0.09309004184484351,0.07934947047524238
1844,0.9422396630103468,0.2028237938423952,0.09901892405968143,0.10829046787287432,0.09329241960708749,0.07922395276492726
1845,0.9423485061325982,0.20267498190536773,0.09886244908719465,0.10969959472242186,0.09323231399266635,0.07909875885934901
1846,0.9424409584114881,0.20246958437446375,0.09870637753439981,0.10952641485233598,0.09309340592185643,0.08054987503948875
1847,0.9424388109762285,0.2009892550430237,0.09855070811494793,0.10935368119681542,0.09294658869670192,0.08199993602584886
1848,0.9425520072295047,0.19987284603074254,0.09839543954732093,0.10918139233386412,0.09302562155149616,0.0818707435232705
1849,0.9425069623889105,0.19966789900871915,0.09824057055481104,0.10900954684682364,0.09287920435621184,0.08174188349049037
1850,0.9424559404093031,0.19919503319906626,0.09965847152863666,0.10883814332435035,0.09273316372718748,0.08161335486919853
1851,0.9424179654395758,0.19627932527935904,0.0995019279938462,0.1086671803603927,0.09258749846642754,0.08148515660505336
1852,0.9423798623274183,0.19344513418420428,0.09934578657716572,0.10849665655416862,0.09244220738042623,0.0813572876476646
1853,0.9423674253504164,0.19333175762097035,0.09919004600076296,0.10832657051014305,0.09229728928014838,0.08122974695057655
1854,0.9423162489271618,0.19318832317589596,0.10060079973029147,0.10815692083800549,0.09215274298101028,0.08110253347125117
1855,0.9424179805617607,0.19297757881098732,0.10044340681875888,0.10955223557939743,0.09201438499321683,0.08097564617105145
1856,0.9423669446790148,0.19283561589317824,0.10028641722118649,0.1093810091950933,0.09187056966746807,0.08084908401522478
1857,0.9423137950256545,0.19269944018834437,0.10012982965884934,0.10921022130506368,0.09172712263891358,0.08072284597288637
1858,0.9422689255574652,0.19253824678700504,0.09997364285779976,0.10903987051983145,0.09158404274051302,0.08059693101700281
1859,0.9422122226526872,0.19240642741249964,0.09981785554884705,0.10886995545510786,0.09144132880958375,0.08047133812437565
1860,0.9420750120039868,0.1921885162619589,0.09966246646753722,0.11025720103545048,0.09285570599146248,0.0803460662756251
1861,0.9424855709830667,0.19218851616253443,0.09950747435413287,0.11008573230492193,0.092711302416936,0.08022111445517381
1862,0.9425984105411535,0.1911578681824711,0.09935287795359314,0.10991470135397492,0.09278752348364439,0.08009648165123066
1863,0.9425696584753477,0.1909054595166891,0.09919867601555374,0.10974410679932375,0.09264351139016745,0.07997216685577475
1864,0.9425696584753476,0.18863771890543649,0.09904486729430712,0.10957394726283447,0.09249986652925736,0.07984816906453931
1865,0.9425488733078614,0.19084169246766208,0.09931855569970773,0.11052607831942717,0.09235658774185494,0.08052959985889888
1866,0.9426642696359243,0.190733058136052,0.09916486878500022,0.11190246263928362,0.09223823339943157,0.0804049872358321
1867,0.9427784233102448,0.19055722430396982,0.09901157305996093,0.11172947628479993,0.09210558529097689,0.08028069179767834
1868,0.9428577393390535,0.19037139678322426,0.10040298946792896,0.11310125215278667,0.09196689153734267,0.08015671254503723
1869,0.9428384399411948,0.1895759980734246,0.100248089881827,0.11446954058407649,0.09182500698281186,0.08003304848222079
1870,0.9427391924685093,0.18846628057310846,0.1000935838548014,0.11429311593646534,0.09168348291958794,0.0799096986172377
1871,0.9427391924685092,0.18628011036302683,0.0999394701489108,0.1141171392656699,0.09154231821374435,0.07978666196177768
1872,0.9426875804209465,0.18615590465302198,0.09978574753080517,0.11394160916337392,0.09140151173556002,0.07966393753119587
1873,0.942799319661916,0.18597827984432938,0.09963241477170631,0.1137665242264816,0.09127870110009695,0.07954152434449738
1874,0.9427556734502225,0.18582854543449212,0.09947947064738862,0.11359188305709554,0.09113858062785304,0.07941942142432185
1875,0.9427046264977981,0.18570427740688777,0.0993269139381598,0.1134176842624948,0.09099881508774826,0.07929762779692814
1876,0.9428319626498982,0.18561323518278863,0.09917474342884178,0.113243926455113,0.09091962948947309,0.079176142492179
1877,0.9427769134935998,0.1854892266568828,0.09902295790875162,0.11307060825251665,0.09078047830267556,0.07905496454352587
1878,0.9427228155452014,0.18536426727009164,0.10040051208520435,0.11289772827738347,0.09064167895354236,0.0789340929879938
1879,0.9428319726334191,0.18441893305874224,0.10024715755975934,0.1127252851574808,0.09074945930978019,0.08034118000349337
1880,0.9429520949434183,0.18338937144680142,0.10009419031602063,0.11255327752564424,0.09220334999160137,0.0802185873119597
1881,0.943067659983046,0.18335265287057328,0.0999416091426503,0.11238170401975627,0.09226606634223325,0.08009630402918849
1882,0.9433268250179533,0.18334628075609524,0.09978941283277977,0.11221056328272495,0.0936999585639376,0.07997432918795784
1883,0.9431919614728712,0.18299226164411694,0.09974751084325638,0.11345127351728711,0.09366732064518073,0.0827854115935264
1884,0.9415064166100056,0.18262199581302974,0.09959591361428316,0.11479865882192597,0.09382242342729494,0.08265959352658028
1885,0.9414987650201704,0.18235072833390117,0.09944469807541244,0.11462436109799902,0.09367997372427136,0.08253409224320067
1886,0.9413742186729545,0.18303584168708245,0.099293863036154,0.1144505019547687,0.09375866460724788,0.08378550025038257
1887,0.9413150603638393,0.1835993301220004,0.10039396305853475,0.1145417813246007,0.09361659612992222,0.08489261983814565
1888,0.9414216040734248,0.18777661567191772,0.10024199244509151,0.11436839455668686,0.09351988175487577,0.08504602225567989
1889,0.9414216040734247,0.18749408049847105,0.10009040354075593,0.11419544328947254,0.09337845822504541,0.08491741314668898
1890,0.9415288710996378,0.1873108248074377,0.09993919515765529,0.11402292616768642,0.09324491254173001,0.08478912687463121
1891,0.9417950621830748,0.1920123209146684,0.09978836611227913,0.11385084184103422,0.09310423195997547,0.08466120688632167
1892,0.9418754158476432,0.19183788854092823,0.09963791522546116,0.11367918896417799,0.09296760940286558,0.08453356321250106
1893,0.9416743202348287,0.1918128046542182,0.0994878413223609,0.1135079661967152,0.09283441875041044,0.08440623937452668
1894,0.9416038643265267,0.1928442841626438,0.0993381432324457,0.11333717220315824,0.09269473198084537,0.08524285733186752
1895,0.9415525662044625,0.19265981068013321,0.09918881978947268,0.11316680565291377,0.09255539480305602,0.08511472168798027
1896,0.9415292314441637,0.19643351692231975,0.09903986983147077,0.11299686522026231,0.09241640613278022,0.08518337374535384
1897,0.9414811679488357,0.19629881403501953,0.10189165217697617,0.11282734958433784,0.09227776488972525,0.08505558335273995
1898,0.9414646067804879,0.19576895790133722,0.10173894913883823,0.11265825742910754,0.09213946999755131,0.08492811220362168
1899,0.94186535045908,0.19576894644433365,0.10158662735174806,0.11248958744335166,0.09200526604768022,0.08480095930952802
1900,0.9418467738158144,0.19537158598912596,0.1014346856359032,0.1123213383206434,0.09186765504164059,0.0846741236856012
1901,0.9417956541957813,0.19524727850665685,0.10128312281581152,0.11215350875932889,0.09322457844861413,0.08454760435058156
1902,0.941894407025638,0.19519621675027743,0.10113193772027328,0.11198609746250737,0.09309683627677624,0.08442140032679256
1903,0.9419779561440124,0.19501685453108844,0.10098112918236327,0.11181910313801137,0.09297193040371445,0.08578211764826035
1904,0.9419273032375264,0.19482808368143495,0.10083069603941294,0.11165252449838693,0.09283342868750238,0.0856543267068117
1905,0.9418771290205724,0.19470159331455192,0.10068063713299279,0.11148636026087409,0.0926952715256929,0.0855268536742864
1906,0.942008152150361,0.1946118013803194,0.10053095130889461,0.11132060914738728,0.092570138929309,0.08539969757020009
1907,0.9419838000968591,0.1970413543920393,0.10038163741711405,0.11115526988449594,0.09243264885758241,0.0859071646794023
1908,0.9422348175492707,0.197041349276013,0.10023269431183308,0.11099034120340512,0.09229565924365332,0.08577969833991568
1909,0.9421909146688942,0.19690498436472953,0.10008412085140261,0.11082582183993628,0.09215885073450679,0.08565254834455195
1910,0.9422439774974777,0.19681108925883112,0.09993591589832518,0.11066171053450809,0.09202432695829015,0.08552571371983446
1911,0.9423458938278042,0.1968984340037908,0.09978807831923774,0.11049800603211736,0.09205378766039972,0.0868754015125991
1912,0.9423096962579839,0.1967468681707618,0.0996406069848945,0.11033470708232004,0.09191774641052017,0.0867470131159243
1913,0.9421794756297182,0.1965435189882768,0.09949350077014987,0.11164818055052798,0.0932584100921713,0.08661894259200807
1914,0.9421252408265735,0.19642181722401628,0.09934675855394144,0.11148351148850077,0.09312086396432306,0.08649118896485461
1915,0.9422356125747029,0.19625296304434783,0.0992003792192731,0.11131924963964221,0.0929943390961234,0.08636375126200822
1916,0.9424876130174343,0.1961224831418031,0.0990543616531982,0.11115539375504185,0.09286249273778076,0.08623662851453866
1917,0.9421583237660986,0.19426024046462104,0.09890870474680274,0.11099194259031463,0.09272594081632463,0.0861098197570265
1918,0.9422452093260306,0.19410382232142454,0.09876340739518881,0.1108288949055821,0.09262106194694783,0.08598332402754873
1919,0.9425028622244551,0.19410306092296417,0.09861846849745787,0.11066624946545388,0.09249132674002723,0.08585714036766416
1920,0.9425862684517128,0.1939126660045344,0.09993995657799784,0.11050400503900898,0.092365104263144,0.08573126782239913
1921,0.9425371198880191,0.1937912877628816,0.09979358408940368,0.11034216039977744,0.09222982593570442,0.08560570544023316
1922,0.9416109926759346,0.1935299577368363,0.09964757206363956,0.11018071432572195,0.09209488075016344,0.08548045227308469
1923,0.9417095976865154,0.19334985302684574,0.09950191939948577,0.11001966559921952,0.09196716430781901,0.08535550737629691
1924,0.9416918319394861,0.196253463828258,0.09935662499969848,0.1098590130070433,0.0918328722859275,0.08571377431253988
1925,0.9418214189813345,0.1962531569167077,0.10067044533955571,0.10969875534034448,0.09170031105970254,0.08558873869553141
1926,0.9417724870935652,0.19612849179238967,0.10052373834585775,0.10953889139463421,0.0915666762385655,0.08546401026599014
1927,0.9420306597074033,0.19554530415588123,0.1003773915681697,0.10937941996976568,0.09143345487208142,0.08533958808754216
1928,0.9421237783807571,0.19546194822676796,0.10023140390908625,0.10922033986991622,0.09133417873698119,0.08521547122718735
1929,0.9422308912234282,0.19544742341509744,0.10008577427515397,0.10906164990356954,0.09137203971205886,0.08509165875528546
1930,0.9421963338410059,0.19530125098777706,0.09994050157685519,0.10890334888349798,0.09123941484249905,0.08496814974554232
1931,0.9422989345301495,0.1952425373532838,0.10124561595694234,0.10874543562674495,0.09112835857303853,0.0848449432749961
1932,0.9422873237978363,0.19790322595001839,0.10109895338799586,0.10858790895460732,0.09148803178006276,0.0861807325712568
1933,0.942264651221851,0.19758826992233516,0.10095264964871092,0.10987790175664194,0.09135563633282333,0.0860560174974904
1934,0.9425113621383557,0.19746482190738554,0.10080670364954729,0.1097190526307034,0.09122819266971637,0.08593160737550332
1935,0.9424587658721783,0.1973451375788144,0.1006611143048763,0.10956059169118139,0.09109643701949219,0.08580750127986292
1936,0.9425549339129634,0.19732502168213503,0.10051588053296485,0.10940251776070643,0.09110051430478883,0.08568369828845726
1937,0.9425407449112383,0.19865424334761603,0.1003710012559594,0.10924482966613167,0.09096920593264583,0.08653230774996444
1938,0.9425139363725326,0.1984204453751338,0.10022647539987008,0.10908752623851549,0.09083821787632812,0.08640770845633923
1939,0.9427654479011492,0.1984199267077386,0.10008230189455489,0.10893060631310435,0.09071102162708865,0.08628341293297875
1940,0.9427654479011494,0.19668292073105653,0.09993847967370396,0.10877406872931561,0.09058066630612681,0.08615942026059105
1941,0.9427285516229642,0.19649733813349102,0.09979500767482385,0.10861791233072049,0.09045062841384284,0.08603572952317441
1942,0.9428486919714913,0.1964953345136932,0.09965188483922197,0.10846213596502707,0.09033470663420855,0.08591233980800392
1943,0.9428331401493392,0.1963133293441707,0.099509110111991,0.10830673848406343,0.09020528095279773,0.08578925020561806
1944,0.9429238498581679,0.19623107338972126,0.09936668244199352,0.10815171874376074,0.09010887260147418,0.0856664598098054
1945,0.9429174191579518,0.19607976446384087,0.09922460078184653,0.10799707560413661,0.08998002842656007,0.08554396771759132
1946,0.9428651825815438,0.19596384317973756,0.09908286408790618,0.10784280792927833,0.08985149707798977,0.08542177302922478
1947,0.9427993795649285,0.19464118434713126,0.09894147132025248,0.1076889145873263,0.08972327761273073,0.08529987484816522
1948,0.942873068056642,0.19447154438778716,0.10022601048735048,0.10896098349513383,0.08959855959123605,0.08517827228106942
1949,0.9428617209898144,0.1943715462863683,0.10008327219449391,0.10880580516670947,0.08947095653314491,0.0850569644377785
1950,0.9428342437508542,0.1940670629560123,0.09994087964816578,0.1086510027175763,0.08934366256039779,0.08493595043130497
1951,0.9428147038273275,0.19554103567517458,0.09979883180839833,0.10849657501713048,0.08921667674329976,0.08571708230971382
1952,0.9427738710776618,0.19529714088335692,0.09965712763892505,0.10834252093879201,0.08908999815546471,0.08559537278928887
1953,0.9428800263429191,0.1983122198384542,0.09951576610716575,0.10818883935998852,0.08896444972903189,0.0855675256391606
1954,0.9428437783958222,0.1979874357265948,0.0993747461842115,0.1080355291621388,0.08883838166627944,0.08544627122546271
1955,0.9427961430780796,0.1978709676482703,0.09923406684480968,0.10788258923063666,0.08871261807617002,0.08532530965874772
1956,0.9427518237722092,0.1999034525666139,0.09998341549415274,0.10825455985779234,0.08858715804541051,0.0858434030970674
1957,0.9428762047659419,0.1999012595406939,0.09984215729433199,0.10810161605033866,0.08846838050181692,0.08572212213733975
1958,0.9428762047659419,0.19886301230162648,0.09970123965452155,0.10794904097577772,0.0883435158583035,0.0856011335744071
1959,0.9427442217459976,0.19805143692906366,0.10097065505281812,0.10779683352989229,0.08821895207535754,0.08548043653265032
1960,0.9426805363026998,0.19856306758302728,0.10082842938251707,0.10764499261237918,0.0880946882525111,0.08649623224041282
1961,0.9426365811597859,0.198435593514316,0.10068654600339383,0.10749351712683335,0.08797072349248636,0.08637451678985135
1962,0.9426260937170594,0.19816677644990693,0.10054500389210912,0.10734240598073207,0.08784705690118277,0.08625309409781441
1963,0.9426260937170595,0.19787456951172805,0.10040380202894544,0.10719165808541928,0.08772368758766419,0.08613196328953167
1964,0.9428727246610051,0.1978734613586277,0.10026293939779247,0.10704127235608994,0.08763147074459708,0.08601112349332717
1965,0.9429771300793903,0.19786279991603067,0.10012241498613242,0.10689124771177441,0.08755876375548317,0.08589057384060686
1966,0.943053542266579,0.19766323375252573,0.09998222778502551,0.10674158307532297,0.08744774644475346,0.08577031346584614
1967,0.9432945369955342,0.19755663519032385,0.09984237678909556,0.10659227737339043,0.08732810853778959,0.08704910006251358
1968,0.9433837035905871,0.19736814977072026,0.0997028609965156,0.1064433295364207,0.08721104625185286,0.08692746108937245
1969,0.9433407772996466,0.19720985398575508,0.09956367940899347,0.10629473849863155,0.08708930278586323,0.08680611349801186
1970,0.9432774373866235,0.19775271580455112,0.09942483103175764,0.10614650319799934,0.08696785078209845,0.08779923972332536
1971,0.9432315629622291,0.197587998550858,0.099286314873543,0.10599862257624391,0.08684668937348945,0.08767692004468536
1972,0.9431902940944604,0.19742058166554952,0.10053991215888161,0.10585109557881348,0.08672581769602186,0.08755489286693748
1973,0.943274962206611,0.1972569313913528,0.10040012235723204,0.1057039211548696,0.0866204061424067,0.08743315732087914
1974,0.9433785720928889,0.19708214073061295,0.10026066644374684,0.10555709825727222,0.08655235257998839,0.08731171254036688
1975,0.9433332888295719,0.1969549817988492,0.10012154342732596,0.10541062584256483,0.08643225139977125,0.08719055766230406
1976,0.9434422779061052,0.19694598749840977,0.09998275232035396,0.10526450287095962,0.08641751715271444,0.08706969182662863
1977,0.9438049596743319,0.1969459870664026,0.09984429213868601,0.1065035689758845,0.08629964290222465,0.0869491141763009
1978,0.9431198241578937,0.19685091963136442,0.09970616190163394,0.10635622591886633,0.08699788593921573,0.0868288238572914
1979,0.9434809720260893,0.19685091919204348,0.09956836063195237,0.10620923377023044,0.0868811296380006,0.08670882001856882
1980,0.9434479748949479,0.1965512183440652,0.10081157972893387,0.10606259149121013,0.08676117352494232,0.0865891018120879
1981,0.9434129213976806,0.1963736362450124,0.10067252906988862,0.10591629804668168,0.08664150276498973,0.08646966839277752
1982,0.9433180533376364,0.19614960237841786,0.10053380899459602,0.10577035240514973,0.08652211651436043,0.08635051891852874
1983,0.9435574879475747,0.1961496017991693,0.10039541852606351,0.10562475353873273,0.08640302290944835,0.08623165255018292
1984,0.9436400764008196,0.196148955917031,0.10025735669071968,0.10547950042314846,0.08628696461479118,0.0861130684515199
1985,0.943595185346032,0.19603193357803805,0.10011962251840054,0.10533459203769964,0.0861684230529005,0.08599476578924624
1986,0.9438316484215008,0.19603177369543012,0.09998221504233588,0.10519002736525952,0.08605039702800804,0.0858767437329835
1987,0.9439100467167107,0.19585047484200532,0.09984513329913573,0.10504580539225766,0.08730754355288062,0.08575900145525654
1988,0.9438774812493388,0.19597213980387698,0.0997083763287768,0.10490192510866568,0.08718795920508872,0.08690885433168809
1989,0.9438707543220606,0.1946307987633622,0.099571943174589,0.10475838550798304,0.08706865801175342,0.08678993504366135
1990,0.9438707543220607,0.19364621962249803,0.09943583288324212,0.10461518558722303,0.08694963913925455,0.08667129717270952
1991,0.9437886875411403,0.19352940636123828,0.0993000445047324,0.10583791233034893,0.08818473870798661,0.08655293989078043
1992,0.9437713539373589,0.19318654255818699,0.09916457709236932,0.10569352580781702,0.08806443505231085,0.08643486237270981
1993,0.9437553146337609,0.19589304865944862,0.09991773119285755,0.10602403842493187,0.08794441559714343,0.08676012185581575
1994,0.9438401727853438,0.19580472402453122,0.09978169346577064,0.10724118433518352,0.08792510142630172,0.08664199817908547
1995,0.9441838759107886,0.19579756020224864,0.10100611327996684,0.10709532168159742,0.0878071713471662,0.08652415323131891
1996,0.9435691759769727,0.19557509730661665,0.10086886848780027,0.10694980301258913,0.08768786097484377,0.08640658619461189
1997,0.9430542265050124,0.1945466975353264,0.10073194717051312,0.10680462731931906,0.0875688318074231,0.08628929625390552
1998,0.9430213358650524,0.19440569403466398,0.10059534837993453,0.10665979359645535,0.08745008302063527,0.08617228259697493
1999,0.9430099220738947,0.1940400418624596,0.10045907117118884,0.10651530084216,0.08733161379307595,0.08605554441441794
2000,0.9430128990880854,0.19401177975111505,0.10032311460268244,0.10637114805807493,0.08861382428360443,0.08593908089964387
2001,0.9431158458110782,0.1969091429611193,0.10018747773609073,0.10622733424930814,0.0884961779400239,0.0862668246310595
2002,0.9432206582572605,0.2011771504834963,0.10005215963634517,0.10608385842441995,0.08837805868928572,0.08617797819349406
2003,0.943175994542445,0.20106402863689724,0.09991715937162028,0.1059407195954093,0.08825881027563538,0.0860616983459439
2004,0.943175994542445,0.2000723922940599,0.09978247601332084,0.10579791677770006,0.08813984179172138,0.08594569145956842
2005,0.9431331331288529,0.19995173767031243,0.099648108636069,0.10565544899012752,0.0880211524201391,0.0858299567373114
2006,0.9430858699661243,0.19983815106365582,0.09951405631769157,0.10551331525492476,0.08790274134631464,0.08571449338487697
2007,0.9432035233236439,0.19983776539382475,0.0993803181392073,0.10537151459770924,0.0877863762692539,0.0855993006107185
2008,0.9431916383733921,0.20326426821400026,0.10088531905118002,0.10761932778633079,0.08766851698414223,0.08562494940336407
2009,0.9432613072800626,0.2031115568897162,0.10075000890673602,0.10747498580550852,0.08755401444963172,0.08551010688335478
2010,0.943378372700994,0.20285082580951613,0.10061501530507318,0.10733098149642721,0.08743710570406447,0.08539553302443388
2011,0.9434686428361823,0.20268520831344333,0.10048033732488972,0.10718731387628902,0.08732621787931065,0.08528122704465989
2012,0.9433020465051487,0.20429138011842105,0.10034597404806478,0.1070439819656893,0.08720944441796115,0.08574699233057123
2013,0.9432682417157628,0.20416206105137955,0.10154779766955935,0.10690098478860328,0.0870929436662327,0.08563244522926086
2014,0.9432255077506427,0.2040011910321869,0.10142949874715596,0.10807563881418324,0.0869767148316941,0.08685270338976339
2015,0.9432255077506428,0.20382025124767467,0.10129427253029417,0.10793155193657583,0.08686075712464603,0.08673691101526992
2016,0.9431803620195882,0.20370964274530498,0.10115936157600243,0.10911967247503764,0.08674506975811024,0.0866213885958371
2017,0.9431529203882465,0.20360674158348321,0.10102476496969226,0.1089744843543536,0.08662965194781881,0.08650613534831522
2018,0.9432418805523365,0.2053552857213403,0.10089048179992345,0.10882963433478252,0.08651618215383418,0.08689608261135887
2019,0.9433582182092908,0.2053541784525627,0.10075651115839164,0.10868512143654484,0.08640468153536783,0.0867806948787764
2020,0.9433192524917465,0.2052267238766171,0.10062285213991595,0.10854094468323028,0.08629006100322607,0.0866655755443852
2021,0.9434149165289326,0.2050768757118993,0.10048950384242672,0.10839710310178459,0.08618799095480793,0.08655072383124057
2022,0.9434143719516672,0.20471115242445434,0.10168036955979434,0.1082535957224963,0.08607388631221032,0.08643613896506695
2023,0.9434943672643767,0.20456498488183078,0.10154588903998697,0.10811042157898361,0.08597332269563612,0.08632182017424737
2024,0.9434504870259978,0.20445370412407593,0.10141172061708278,0.1092888387386808,0.08585972966664246,0.08620776668981299
2025,0.943529673505525,0.20443185150887866,0.10127786338959738,0.10914458420025425,0.08600626840015749,0.0860939777454327
2026,0.9434884225020053,0.20427491979538812,0.10114431645913712,0.10900066406106021,0.08589285888735014,0.08598045257740276
2027,0.9434269395868744,0.20369882633919476,0.10101107893038692,0.10885707735624034,0.08577971212185628,0.08586719042463649
2028,0.943516564152334,0.20363604909715116,0.1008781499110983,0.10871382312424105,0.08568950875955024,0.08575419052865395
2029,0.9435885297982877,0.2034729021786542,0.10074552851207717,0.10857090040680048,0.085606709217203,0.0856414521335718
2030,0.943382780375915,0.20258051235257832,0.10061321384717202,0.1084283082489356,0.0854942771995145,0.08552897448609303
2031,0.9433349342962326,0.20247208176083856,0.1004812050332619,0.10828604569892934,0.0853821050732334,0.08541675683549688
2032,0.9434357067181526,0.2024219033290083,0.10034950119024458,0.1081441118083179,0.08529973804177889,0.08530479843362872
2033,0.9433896977273739,0.20220714089814756,0.10021810144102472,0.10800250563187784,0.0851880447692238,0.08519309853489002
2034,0.9439615095286079,0.20220714074352614,0.10008700491150212,0.10786122622761356,0.08507664624076229,0.08508165639622833
2035,0.9439187895275067,0.20208816979606192,0.09995621073055994,0.10772027265674455,0.08496546766895662,0.08497047127712733
2036,0.9439187895275066,0.20190273107522946,0.0998257180300531,0.1075796439836929,0.08485454536362999,0.08485954243959687
2037,0.943886149442288,0.20176709104219565,0.09969552594479668,0.10743933927607072,0.08474387858935194,0.08605306297542155
2038,0.9439295832075336,0.2015050376549852,0.09956563361255426,0.10729935760466772,0.084635158534064,0.08594094527564965
2039,0.9438866129009227,0.201395890074478,0.0994360401740265,0.1071596980434388,0.0845249984234233,0.08582908556859514
2040,0.9438437255802241,0.201286646991046,0.09930674477283966,0.1070203596694917,0.0844150916576033,0.08571748311507155
2041,0.9438208794792039,0.2006464837306314,0.09917774655553412,0.10688134156307465,0.08473245837512429,0.08560613717840777
2042,0.9438934351480524,0.2004592646466934,0.0990490446715531,0.10674264280756417,0.0846321311735476,0.0854950470244383
2043,0.9439739971994672,0.20040156285037358,0.09892063827323129,0.10660426248945286,0.0845343370324024,0.08538421192149344
2044,0.944042272921634,0.20021523308106423,0.09879252651578363,0.10646619969833729,0.08443613702295688,0.08656872850550064
2045,0.9441897778700038,0.20021399848558732,0.09866470855729406,0.10632845352690588,0.08433038243863784,0.08645672572009921
2046,0.9439546373524754,0.1994672267583513,0.09853718355870435,0.10619102307092687,0.08429131944484866,0.08634497964608001
2047,0.94402426603617,0.19930915904137506,0.09840995068380301,0.10605390742923636,0.08421131671688542,0.08623348955069766
2048,0.9443567414419037,0.19908046395879944,0.09828300909921422,0.10591710570372634,0.0841034014781045,0.08612225470369161
2049,0.9443295129578356,0.19896569157526858,0.09815635797438678,0.10578061699933286,0.08399502272071152,0.08601127437727643
