0,0.5,0.5,0.5,0.5,0.5,0.5
1,0.4989632014189827,0.5014818771353746,0.5050123474200129,0.5049865275729555,0.49500056250351576,0.4950134724270444
2,0.5250747236492824,0.5257143259278981,0.509960553470378,0.5099349917346548,0.5094043386872635,0.5007035636285542
3,0.5550990593080062,0.5298474377931404,0.5048643895096788,0.5048390832188042,0.5232068707146523,0.4967932720871843
4,0.5700600814883764,0.5401323962415205,0.511807558449365,0.537754005547627,0.5227751399738312,0.5070139805353988
5,0.577291786233894,0.548118138060611,0.509414696244002,0.5396520879505436,0.5229900917112048,0.5164858603815364
6,0.5899883994940975,0.5605612878062138,0.5097745766053381,0.5487790943942958,0.5277489316903177,0.5213095891513162
7,0.6087978794179297,0.563457719969671,0.5246299479645958,0.5632456476678147,0.5416468771319103,0.5168911416380745
8,0.6320472885576897,0.5633868338765731,0.5292178186055795,0.5577825740909874,0.5558786966818426,0.512036360410059
9,0.6531689454025369,0.5763655409121772,0.5248179241611028,0.5613168596091723,0.5529446387524798,0.5341936645926669
10,0.6577564502555178,0.5810667469106292,0.5368465737724345,0.5583704667248991,0.5660098577926758,0.5401390614148156
11,0.6733573119062806,0.5844671735060654,0.5607261151369096,0.5533977812675029,0.570127741479102,0.5349675446946471
12,0.6815287176505426,0.5999205407453269,0.5615900637543794,0.551402569422354,0.5773206915242645,0.5366454168628405
13,0.6987630563132754,0.6034531557999029,0.5560313946473425,0.5459447370531378,0.5911996373280671,0.5315370099145559
14,0.7082764711366084,0.6052219431792433,0.5701834238449925,0.5406674281448505,0.6148276209357421,0.5264610801590132
15,0.708438445258791,0.6062202852248276,0.5722498539155456,0.5375073634040137,0.6164536002300439,0.5234411733048178
16,0.7117971116467307,0.6131174148428209,0.5889713826157033,0.5394010605672548,0.6402022862436627,0.5278960401881488
17,0.7218780373704233,0.6164260555087393,0.5929013467904072,0.5342092948433005,0.6436286937656389,0.522817359927716
18,0.7215162107780754,0.6173042884802626,0.597860235391136,0.5378128555090645,0.6373151352556098,0.5176911524601345
19,0.7352865732296371,0.6204463608317445,0.61154993900381,0.5423718325767398,0.650583712146394,0.5126936681320942
20,0.7391347360916286,0.624052573256877,0.6145750311256424,0.5378434909448055,0.6532275878899749,0.5084551729962982
21,0.7448156051272895,0.6288220915758098,0.6280735667935261,0.55208964085038,0.6756960323969238,0.5136411503136323
22,0.7484572272665978,0.6261464433553172,0.6608457503989212,0.5467238111281165,0.6788479840823114,0.5086490063808368
23,0.7500943011857154,0.6261448646810591,0.6738274793405754,0.5511178595518837,0.6722672527227103,0.5037181752019455
24,0.75308928928171,0.6261448646495522,0.686648647615326,0.5457897633151878,0.6851035097339812,0.49884832954709574
25,0.7564482915234199,0.6288447626031233,0.726546575239252,0.5422134021501667,0.6971057525390414,0.49471328328348346
26,0.7592007783156395,0.6404919708745509,0.7716649217617798,0.5425736266854377,0.699088593744605,0.49088660095255365
27,0.764898537442823,0.642459750866898,0.7653150402907675,0.5650784927287649,0.6927374717931856,0.49541715737307557
28,0.7690850556993417,0.6438756791875777,0.7675064731067849,0.5597308088636499,0.7241297119807605,0.49088648986970074
29,0.7729174715532819,0.646747280620471,0.7789481500742634,0.554695065871984,0.7266095426469237,0.48635931092475915
30,0.7770758996109475,0.661340254707102,0.7875049958327195,0.5619514300468949,0.7250305172377413,0.48591732785423014
31,0.7789287777420509,0.6664545697149297,0.7892213356965813,0.5569304245097598,0.7365011032225517,0.48190848352796706
32,0.7790839919248177,0.6698712622537384,0.804366935141596,0.5667908112678582,0.7446294485136634,0.4905672418200129
33,0.7789836948230764,0.66999870622359,0.8327702839719756,0.5630658498018226,0.7466278112028786,0.48636097160764336
34,0.7811555016187434,0.6688381603023552,0.8623484271039947,0.5578408958486047,0.7676700506180674,0.4818431756083903
35,0.7841759403227074,0.6688381603023552,0.8729454291762154,0.5526447169216694,0.7884637678361273,0.47735490059338775
36,0.7866837579822138,0.6711430066726515,0.8926592412989935,0.5568138880824947,0.8367639990901314,0.482251077315942
37,0.7886280106809589,0.6723000137827099,0.921311600708777,0.5517244343501572,0.8382583857521929,0.47780948698328496
38,0.7918669577611055,0.6763888847169061,0.9128365081743928,0.5466491529459057,0.8397462375807074,0.4826130875417171
39,0.7936289544858364,0.6790469089971931,0.9220138392961791,0.5515807339097237,0.8320553610589462,0.47819304178194827
40,0.7943615793915385,0.682739629662421,0.9399703107705244,0.5475410326466135,0.8508320153567476,0.47482244302271753
41,0.7976345437616995,0.6858473566165849,0.9857684019972461,0.5426950571744678,0.8521652380266015,0.4705338136827064
42,0.8021876946191052,0.6889016305880039,1.021992659925392,0.5378270778748843,0.8534937685092217,0.46629053889441935
43,0.8058316764336287,0.6909188672008651,1.039745008815424,0.5330200570959961,0.8637811276966207,0.46211742495682256
44,0.8123895636283529,0.6929112105989571,1.0483295986834351,0.5282567332567494,0.873939570139781,0.4579882670013217
45,0.8135790358808743,0.6917308980054675,1.0390006320054939,0.5235558362600994,0.8926129757461974,0.4541588474960674
46,0.8173678080147645,0.6936448109805238,1.0298025443209429,0.5189208896187452,0.8935102791158298,0.4501916348906607
47,0.8190696374652647,0.7000629252974616,1.0293893817646493,0.514501994189781,0.9289184163912714,0.44698085473565213
48,0.8199041416606625,0.7056600748423926,1.029114079292737,0.5187720931496724,0.9295409796264092,0.451824435459235
49,0.8190750139728094,0.7096795533552558,1.0218068265277018,0.521307182519602,0.9426055462058708,0.4528583971958756
50,0.8236684542038146,0.7131202483501268,1.0389164472107815,0.5168158360220676,0.9517479328770783,0.4489519739450502
51,0.8237553914573783,0.7156481678067398,1.0471403411707703,0.512417716910455,0.9864799727649897,0.44521700127580727
52,0.8271553974050473,0.7173215642872606,1.0552848310359044,0.5080438612677639,0.995143777525659,0.4414184526010238
53,0.827867538873213,0.7147697784626202,1.0632139181047184,0.5123407929607489,1.0034742604356488,0.43788280512878947
54,0.8305663335237904,0.7196677884314159,1.0795469645435538,0.5080560564055859,1.0203126010579813,0.43422785262184194
55,0.8324866237158887,0.7204824158651288,1.0872551795138536,0.5038144064861337,1.0201273480210287,0.4305922871446748
56,0.8374415992183539,0.7220726538099144,1.086526244937856,0.49960618545269264,1.0533704005460858,0.4269960814171742
57,0.8378752836005118,0.7267240397739451,1.109355669509589,0.49681025766413583,1.0446896029887343,0.4234531210329366
58,0.8375332835002021,0.7297676304861875,1.1107278415123125,0.4986853116453464,1.036075967302959,0.4199616811792736
59,0.8385188130170805,0.7312508307755528,1.13438772288348,0.4946053289739512,1.052157977642393,0.4165253634590026
60,0.8405075199757281,0.7328173870476226,1.1251593550563823,0.49058166068758075,1.051636263417802,0.4132342884277363
61,0.8395908965751728,0.7295885624233432,1.1321520289602434,0.48669351522359283,1.059260645359297,0.4180126172631444
62,0.8396983088918824,0.7311072986678309,1.1230689025507792,0.4827888287430127,1.0665226707805893,0.4149443687561456
63,0.8408273867474679,0.7311072986678308,1.1300545366540786,0.4869089335118476,1.0739587526479162,0.41163892145043773
64,0.8417865118473357,0.7362752645932984,1.1273706204758724,0.4847135182608334,1.0654667224369236,0.40838353925746607
65,0.84139889304862,0.7390739508031794,1.1289048142664213,0.4862247617188634,1.0571019908864694,0.40517741502704424
66,0.840789839513536,0.7431493015776832,1.1251453124694102,0.48519089615084937,1.058939443281436,0.4075301242627701
67,0.8417936506480432,0.7456884010074144,1.1473710500580452,0.4814460803722812,1.073945380622584,0.404384037716453
68,0.8413697038639009,0.7456878699125066,1.1615890569171696,0.47775122087370425,1.081057016754714,0.4012805911130988
69,0.8424509533128605,0.7485739931219497,1.159098843010269,0.475372919861708,1.0728351750360525,0.3982258592856557
70,0.8428049124078114,0.7503798693618737,1.1578449706388834,0.47183341489096703,1.1022450821443115,0.39547677297914846
71,0.843288753253791,0.7515465331583492,1.1636762373465468,0.46877753786271814,1.1084947957764846,0.3929932035600237
72,0.8432413013884369,0.7563339655631842,1.169430178562351,0.46575586381288303,1.1218611871460824,0.3907664590217615
73,0.843276255029824,0.7552842707272606,1.167650265557955,0.4628527232310506,1.127273967901722,0.3889469882132754
74,0.8450178563945661,0.7594229036043073,1.1883483709885205,0.46679009217429,1.1482639064866487,0.3861167555969945
75,0.8473895824898424,0.7594229036043073,1.1942325228674417,0.4634060494400022,1.1399394493164219,0.38331756250513055
76,0.8483336433827117,0.7634832497932403,1.1856488702061487,0.46007527717131186,1.144787056976663,0.38908431464184523
77,0.8495159814241143,0.766135182916988,1.1913418638155975,0.45690660406765365,1.1507712031224326,0.3864214731976743
78,0.849667779945183,0.7689356843903724,1.1888681385091056,0.454801918037452,1.160464846462653,0.38705925980437467
79,0.8497952540069249,0.7693891359260576,1.1944423327670293,0.4517220120927008,1.1663834120608942,0.3844573287683233
80,0.8529527833891842,0.7702936535824739,1.1930934370396775,0.44858852445015035,1.1929765274988486,0.3817907178281296
81,0.8530238949476544,0.7713869770076637,1.1946551503838982,0.44948976907457644,1.18477641341777,0.37916641830871395
82,0.8519274483524271,0.7682980554443627,1.1932971907447987,0.4464609586248104,1.1902637202013593,0.376648840343106
83,0.8516601414328911,0.7673126039779483,1.1984943589263377,0.4436941976538679,1.188980087253237,0.3808543404828947
84,0.8536719908667683,0.7682122267620302,1.1971407356309247,0.44075619699103386,1.1876900460254882,0.3783362866313272
85,0.8529864471586771,0.7685613560331778,1.1923667995061178,0.4413079754056111,1.1867670526831544,0.382131696621853
86,0.854145270793804,0.7684270199030179,1.2042119114805248,0.43841885089607946,1.1920952575754638,0.3796292738540498
87,0.854839454448861,0.7684269136386084,1.2288488880327166,0.4355732455309552,1.190848442356516,0.3771652486502308
88,0.8528624168208436,0.7688293429680855,1.246560162279228,0.4328711339679429,1.189597792566132,0.37476572043108203
89,0.8531497592427852,0.7696576740704464,1.264014884233607,0.4301797241707765,1.182029646226053,0.3723814844860322
90,0.8536470137612854,0.7705571028763706,1.262847683390452,0.43957021633654203,1.1861899856485099,0.37102727609132896
91,0.8557142124046054,0.7700121357418385,1.2736625889616926,0.4368431124610252,1.1850294674190378,0.37494764973236655
92,0.856469565456188,0.7704229573339557,1.2842549330388957,0.4342049239550582,1.1838899139467114,0.3788032425683599
93,0.8575705254097133,0.7734491138910831,1.2823625199634543,0.43171196200750134,1.1885566076625111,0.37680580657035895
94,0.8575678669532758,0.7737329212384816,1.2866449620658944,0.4291563010130176,1.1873920855957731,0.374555961751485
95,0.85779129517664,0.7737293243337829,1.2909070342733846,0.42659222696019533,1.2042116512982894,0.37231810756971045
96,0.858737535385408,0.7744892002456114,1.3010058621257328,0.42998325304704715,1.2148218011160983,0.3701208385213544
97,0.85947545338399,0.7780444185633736,1.303974731834337,0.4344324966572006,1.218207873659074,0.380852193484061
98,0.8601619250855164,0.7784039454506481,1.3137746960048111,0.43192592593472706,1.222724207260521,0.37865373356212456
99,0.8613967873746524,0.7787598653993336,1.3234137911946906,0.42945724959035503,1.2328838084796314,0.37648959709648333
100,0.8620569937670649,0.7801833777772501,1.3208045169837688,0.42781105604616765,1.225923963368007,0.3743621044343504
101,0.8616797664122566,0.7815526239556565,1.335763209516006,0.4254332221843076,1.230243143578588,0.37227654742437394
102,0.8618685047126895,0.7822325220772592,1.333908490342079,0.4286070660996435,1.2399381027661398,0.3703011163173946
103,0.8619233846316664,0.7832320596395946,1.3429866818463396,0.431745183743531,1.249529357778535,0.3737575751732571
104,0.8625911763093708,0.7808628971725963,1.3519277916107604,0.42941552167273234,1.2535788366291662,0.3771367286164847
105,0.8615154991233963,0.7824633393191505,1.35513155908599,0.42737766177003184,1.2521007979384982,0.37525170503508504
106,0.8630697350170974,0.7853240899485484,1.3690658825451723,0.430394719597619,1.2718463219632308,0.37327500696583
107,0.8640292800897144,0.7863546987704131,1.3723426834609282,0.4281617357461793,1.2808305881820583,0.37134502647618467
108,0.8643679825661653,0.787401742629594,1.3745951601067474,0.4269350181239579,1.2742448954021595,0.3694356785224573
109,0.865388712859439,0.7866002173255248,1.377770929260662,0.42476721152082597,1.283008751902616,0.36756011957875434
110,0.863940788494506,0.7871870637636025,1.3858724167570502,0.42267192584453106,1.2816148358873765,0.36572828923111583
111,0.8643310631002634,0.7879189702824962,1.3798260826629416,0.42966655875390286,1.2843553178667682,0.3647348414261892
112,0.8653374269838481,0.7889428853524612,1.3730778417661413,0.42756521172169226,1.2798785452111243,0.370927789886815
113,0.8659883867847163,0.7892253274596595,1.3761026385709085,0.4255029958812084,1.283353348250026,0.3691390438454937
114,0.8674986011228548,0.7895040784734447,1.3886093007733957,0.42347489369884334,1.2915356481601767,0.3673795879515194
115,0.8686401252324919,0.7900558192856547,1.3914829677750995,0.4214853235663339,1.294866022425245,0.36565393220369113
116,0.8687618361678221,0.7937788743462093,1.3967832136933236,0.42169683168211214,1.3013377563327844,0.3700451328716103
117,0.8682185665179454,0.7937910849341611,1.390382949503712,0.41976455536018303,1.295374952233027,0.36834957146667296
118,0.8676138217433105,0.795056218682699,1.402173003260445,0.41787542170054137,1.2985563904631006,0.36668853081606
119,0.8677582462797294,0.7955888673415893,1.4002078894520886,0.41618254648105935,1.3013430367864496,0.3653951260762504
120,0.8676704235441846,0.7943116003149194,1.4072284674327922,0.41437036421489926,1.295616577760608,0.36378722898458343
121,0.8693133971336341,0.7947965657586488,1.4098005776612823,0.41257260202654905,1.2986731380003969,0.3622090222621054
122,0.8697012559445221,0.7952744958043665,1.412325710115058,0.41080786665436037,1.305954144179041,0.3606606036254093
123,0.8699614917846872,0.795584761957038,1.4183484666650357,0.4097533532807286,1.3006675285792695,0.3631330475693074
124,0.8705419659981766,0.7969733251794314,1.42072315352368,0.4080942182566474,1.2993926928720323,0.36164471428956774
125,0.870638286024333,0.7994072730479598,1.4204702083913445,0.4090497081972014,1.2968487977247778,0.36147566829226346
126,0.8713612628333913,0.7998530359824952,1.4187455480025686,0.4074182597387225,1.2956242999105663,0.36003669707940983
127,0.8714466296030066,0.8013208605683365,1.4208069915867085,0.4060500737850633,1.2943170544452982,0.3587291707576735
128,0.870713738387047,0.8012877239163847,1.422838829333063,0.4046987778625245,1.293037892168603,0.3574415360267972
129,0.8710519404668163,0.8024998415725759,1.4211678935009202,0.40316430272679643,1.2957100656590963,0.3561232068389917
130,0.8713194091869881,0.8024998097459731,1.434827354894248,0.401625530561915,1.29458141807092,0.3547639781715581
131,0.8716296021389282,0.8024998097416566,1.4369526536407113,0.40011524119451086,1.293477208251624,0.3534299089369134
132,0.8722387599440361,0.8040350114336902,1.4464468386283353,0.402338304962132,1.3035026525755262,0.35212162126872215
133,0.8724272928576206,0.8044132399204972,1.444807856273582,0.40088000497339343,1.3060442621910195,0.35085644665781107
134,0.8728458702393365,0.8045985047786983,1.4503967039072285,0.39943977918279827,1.3085379900257317,0.3495958248139472
135,0.8726234633133924,0.8047573224802441,1.4594205947539993,0.39802615617070675,1.3216033952012785,0.3483586570972049
136,0.8728578709865856,0.805118011677029,1.461289115232162,0.396654461033361,1.3204747947762827,0.3471523116186395
137,0.8733082005913334,0.8054728283696387,1.4631294536317363,0.39530157923479015,1.322802432594328,0.34939661743335615
138,0.8730859725681979,0.8058827125203282,1.4613352145949339,0.39419594355632426,1.3280087176579762,0.35205390074223225
139,0.8725263137377652,0.8058344929920134,1.45977200054025,0.3929143121111686,1.3301849207276073,0.35094156590417014
140,0.8723424497112549,0.8064945849450995,1.4647637440886176,0.3916775200652241,1.3258314645441203,0.349792997230506
141,0.8719980112627712,0.8076215810493569,1.4697022215276034,0.39042228420845654,1.3312174234687815,0.3486728095132242
142,0.871823546552545,0.8079375842433687,1.4745471266144667,0.38919005483787555,1.3301659589680488,0.3475694596732035
143,0.8726217047988774,0.8089842200722593,1.4793031481512264,0.38797727230519047,1.3353722081953638,0.34648646376537345
144,0.8735441347030617,0.8092873410240966,1.4808991379076102,0.389856199254196,1.3374083586883965,0.3454262958857283
145,0.8738324435832242,0.8092873410240963,1.4824656159931546,0.38867973965406416,1.3394078461155208,0.344383911327755
146,0.8738334963657609,0.8095189307322151,1.4865371402891756,0.38795872920067603,1.3355095172851585,0.34446197484641183
147,0.8735611661347564,0.8079437730143425,1.4909516800458786,0.3868294629779435,1.3403648968751518,0.3434596734714265
148,0.8734765509518723,0.8085070002950414,1.4923279536783172,0.3858039928579962,1.3393455945930222,0.342516266067828
149,0.8732728506797895,0.8086485750074296,1.4909316614159052,0.38472208151847087,1.338381045112241,0.34155651838142914
150,0.8733257675955038,0.8090600627810547,1.4951170501692745,0.3836561496537426,1.3402157073265883,0.34060986120452474
151,0.8734671968704109,0.8093295421817216,1.4937657486077733,0.3826107846291517,1.3474658014419487,0.3396848217902167
152,0.8735242040427706,0.8095954110469225,1.492434647801462,0.38159266557374294,1.349199999216377,0.3387893092065831
153,0.8734400034181687,0.8097377879935233,1.4937639671008731,0.3832296326621963,1.3535254391768583,0.33792026041837303
154,0.8734864291038106,0.8103559157619078,1.4923620538641065,0.3823612412830036,1.354951646781692,0.33729302115638166
155,0.8736062726630188,0.8108545025331926,1.4936135039939278,0.38397198933424803,1.3565128545809029,0.33651460460117505
156,0.8739585507172947,0.8110644835356499,1.4923771143771052,0.38301540917134713,1.36061096658591,0.3356824439977116
157,0.8735068956863077,0.8117795490937231,1.493615901321672,0.38208249464545335,1.364624251469563,0.33486935142274477
158,0.8731792008184703,0.8121214297075149,1.4923932315681745,0.38119384500724074,1.3660910397187442,0.33412711021624
159,0.873402388144765,0.8122373162697859,1.4959520783229643,0.380302165976672,1.3652250529105057,0.33570379208541673
160,0.8732303858352498,0.8123413628829156,1.4994404374674708,0.37942671553330026,1.36437997709461,0.33492614949458765
161,0.8730543976533017,0.8123413621031262,1.5028662454671273,0.37856047662495357,1.3658311167455466,0.3341615062835603
162,0.8734468645949663,0.8124505756076689,1.5039804175244609,0.3777120711375052,1.3694937607812938,0.33341265958477695
163,0.8731813651300536,0.8120933938896436,1.502871058457888,0.3768815069899878,1.373079790142227,0.33268054013057924
164,0.8737200816373727,0.811749425242826,1.5039379372492596,0.37823390384377714,1.37011450016095,0.33196208641800395
165,0.8737609911633174,0.811749425242826,1.5007503988704194,0.37743225169123834,1.375688440983757,0.33549742835945934
166,0.8743084856563483,0.8119538082012221,1.5080279168852377,0.37664761133648006,1.372827230430464,0.3347996477035876
167,0.8749010044687743,0.8121585212768383,1.506977859175782,0.3758922913629528,1.3700256703495695,0.3341164143678023
168,0.8752683193115098,0.8124534052294412,1.5079647512930718,0.3771420188872041,1.3752904001385402,0.33344825042118653
169,0.8753603266979204,0.8125429708099039,1.5108950684875904,0.3764013595995525,1.3804453519294462,0.33279342273939855
170,0.8745950271407895,0.8128265170397108,1.5118371424555803,0.3756763983521587,1.3874177294752965,0.33215267833942796
171,0.874712297117681,0.8129192340580197,1.512759365785399,0.3749666963454073,1.3904642921553263,0.33152523875189793
172,0.8744088518291128,0.8130871408048043,1.5136109898277306,0.37432308314259666,1.3915812464889583,0.33278931754773633
173,0.8743818980730371,0.8136965994833814,1.5126779587029406,0.3754596944088128,1.3962416808682068,0.3322628155303946
174,0.8744125608374602,0.8143745845384686,1.513470958855259,0.37486592236936567,1.3972420559969374,0.3317460060611373
175,0.8745467065971467,0.8143424609306117,1.5143184365208928,0.3742133983541346,1.4000383678139943,0.3329146745558003
176,0.8744991642276454,0.813734578571059,1.5134382019109927,0.3735730869054611,1.4079098065690898,0.33234544184470105
177,0.8746267029344161,0.8138154980523079,1.5142539491610398,0.3729468429003665,1.4106145588700865,0.3317885001393791
178,0.8746774064342522,0.8138953101189441,1.5134070032150668,0.37233561750251337,1.4115799991084255,0.33124665781655355
179,0.8748985790986148,0.8138953101189441,1.5141906269133818,0.3717359972541137,1.4109171785516463,0.33071320843941954
180,0.8746584483117952,0.8135608871632196,1.5149571278440401,0.37114947915948715,1.4118466223995536,0.3301914153327134
181,0.8747300429234707,0.8137861081956868,1.5172523269170346,0.370575932708235,1.4143018987366125,0.32968117436986966
182,0.874684714662909,0.8138600512208051,1.516469240908325,0.3715288393555173,1.4151605376805265,0.3292102036982043
183,0.8747303393511985,0.8139321932671951,1.5186681689728576,0.3724614402525953,1.41602694904747,0.3287228215448841
184,0.8746565201396758,0.8140515787775732,1.5164630596691613,0.37192062547557614,1.4152345027876425,0.32843410410203383
185,0.8746998890552019,0.814189940789648,1.5199849798427028,0.3728226365301256,1.4146411333555615,0.3279701675857137
186,0.8744688423708896,0.8141389472157796,1.519252477601474,0.3723123844225971,1.4154385249705836,0.3275310512801874
187,0.8745525294675229,0.8141389374803046,1.5212702095623478,0.3731676992850146,1.4175977184105841,0.3270847430065958
188,0.8745932204722991,0.8145018360677189,1.5245754338040616,0.37267085286321416,1.4197076501548338,0.32664914133654227
189,0.8747126949206797,0.8149176100549602,1.5238905879785207,0.37218443646371346,1.4256863469564736,0.32622313578920287
190,0.8747325178726957,0.8149176100549602,1.5244987988467684,0.3717089856250317,1.426420009843098,0.3258063986870766
191,0.8747459488434044,0.8146532719002012,1.523843186989362,0.3712443576430113,1.4259196284015678,0.3253991479199294
192,0.8748392437986979,0.8146299578855483,1.5280942308719316,0.3707904527749717,1.4266216547785033,0.32500124517965395
193,0.8749487176618024,0.8147225376785581,1.5322477395847454,0.3703469946095571,1.4273075654465122,0.32461248295727446
194,0.87516177930438,0.8148375940303265,1.530454676357409,0.3699136080492552,1.4291394830699473,0.32541130799329704
195,0.8754224002122638,0.8150361262194971,1.5309907585422535,0.36949155579282517,1.4297915219699162,0.32504018925806005
196,0.8754565732780071,0.8154651160919871,1.531509872153862,0.36908382701397646,1.4326599721212605,0.3258043710605044
197,0.8755062706995622,0.8155179745767027,1.5320167672187541,0.36868572324753274,1.432183553187903,0.32545072006228387
198,0.875522922414954,0.815772673770965,1.5335563513653596,0.36832238969148057,1.4317107290379754,0.32511287516773274
199,0.8752672897282909,0.8158722848242458,1.5319522248733173,0.36793711809556534,1.4333438932157374,0.324780095021506
200,0.875297101718261,0.815950346826908,1.5313876644514777,0.367581584652196,1.4338819426490883,0.3244893522565893
201,0.8754185541244732,0.8159981121142201,1.5318559308944755,0.36721427851264016,1.4364462331171612,0.3241651274369093
202,0.8752312793572249,0.815879023696482,1.5303599745905259,0.36685567004054936,1.4359587943181031,0.323909780231906
203,0.8751148399970106,0.8158790236964716,1.5317623547206392,0.36650560397444526,1.4345885539559897,0.3236006945837929
204,0.8751977242400351,0.8163478014448409,1.530334283624024,0.3661639086336697,1.435939324003057,0.323407672039895
205,0.8753496619074497,0.816434407587851,1.5307617933525697,0.3658306659497944,1.436452806470334,0.3231133707441253
206,0.8753182383794306,0.8161953338059182,1.5297537952678166,0.36604101763038466,1.4353559877980588,0.3228574042645019
207,0.8754360903082496,0.816466714552107,1.5292851566495063,0.3657313023709404,1.435829931836526,0.3225935480069994
208,0.8755125689790668,0.8165491813060123,1.5288269444683735,0.36543005852476246,1.4354510200226032,0.3223289082112008
209,0.8756625676091746,0.8170204236080885,1.5291807451458044,0.3659924334117983,1.4358821883528428,0.3229269950320447
210,0.8757598489498664,0.8174009695731522,1.5311792140749285,0.36569668590394394,1.43633837479209,0.32266592282809803
211,0.8757712015174786,0.8175122588704264,1.531547985577417,0.3654093548106484,1.4375717772368424,0.32320230658061894
212,0.8759220505827797,0.8170994868591681,1.5303673584866586,0.3651276710582824,1.4380038013097076,0.32295469501073515
213,0.8758412584187202,0.8171698813479337,1.5322246665940882,0.36485373969036355,1.437684368927818,0.3227140827006686
214,0.8759401312574341,0.8173084616586606,1.5318326503967,0.3645870877145827,1.4380947675879845,0.3224796083666801
215,0.8760262999884306,0.8173762377134672,1.5328805663762268,0.3643298357386945,1.4370644394770151,0.32224856670433594
216,0.8762160889467572,0.8175056855002371,1.5318090522090153,0.36407516189841305,1.436131345061121,0.3226508861457682
217,0.87623656128761,0.817474959911063,1.5328101368651266,0.3638270088993588,1.4378795667038846,0.32243102217115555
218,0.8761543541858964,0.8175373529972316,1.53378533826205,0.36425093165510364,1.4382527314611093,0.3222172964943118
219,0.8762712197302498,0.8175982906301659,1.5327902593532092,0.36401461539195146,1.4399142551042472,0.32200872000440883
220,0.8763358721506956,0.8176585139270499,1.5330842043918194,0.3644186550847758,1.4396342684834438,0.3218066427533723
221,0.876380724351679,0.8176899848117243,1.5327481657000162,0.36420098700433534,1.4387460983402014,0.3216081068762283
222,0.8764615374042852,0.8177475424858142,1.533627806378403,0.36398484442595036,1.4384812111808918,0.3214156320151836
223,0.8764689514626397,0.8180762090903262,1.5344836216789963,0.3643618693227741,1.4388064203348543,0.32123121938165106
224,0.8764952369295645,0.8180987757091919,1.5336065078718413,0.3641535993732818,1.4390412740028127,0.3211335286642124
225,0.8764171710985714,0.8181118252492996,1.534423137969063,0.36395104112022525,1.4393535803390611,0.32095483199149694
226,0.8764206199271415,0.8181282869575569,1.5345948153691857,0.3638345392129282,1.4388743636020218,0.3212707711432572
227,0.876340085448738,0.8180173512410869,1.5348410347211183,0.36364205509926983,1.4391712231899159,0.3211008050928607
228,0.8763873896700913,0.818068377911077,1.5345162813164073,0.3635036822523494,1.4384293973497562,0.32093529255998277
229,0.87646211030718,0.818290897590909,1.5337457164178905,0.3633211470903341,1.4391959839791844,0.3207917143568539
230,0.8764255982644484,0.8184255940899333,1.5339640207978018,0.36315319171121424,1.4394605389940855,0.3206445619529297
231,0.8765393942740191,0.8183149775518787,1.5351376696835204,0.36298138275481756,1.4387750622592552,0.32096791501397
232,0.8766430647864493,0.8185309909655843,1.5348871390663825,0.362815222020066,1.439030951959543,0.3208234949717165
233,0.8766079824777404,0.8186356714269212,1.5364513303868754,0.36265258854341026,1.4383808269251315,0.3206785531454261
234,0.8766395756334379,0.8187693593433923,1.536620492210831,0.362527807866373,1.4377481265255991,0.32053749630922657
235,0.8765618077280267,0.818827472745626,1.5363836979186474,0.3623795656801558,1.4375536717089972,0.3204072353633546
236,0.8765920221815945,0.818798191619172,1.5365769220419823,0.36264537806305774,1.438621681114705,0.3202737913955225
237,0.8765801061825552,0.8188535744676423,1.5367387668425836,0.36252441944996416,1.4380380226987886,0.32014385419077945
238,0.8765379366396876,0.81888983858607,1.5377057914149013,0.36278165122899286,1.4374702456546764,0.3200174564575681
239,0.8765127652443186,0.81892537865291,1.538651793110286,0.36264227302085367,1.4384547574059194,0.3198945080649713
240,0.8765845741323959,0.8189426723294294,1.5384504376577732,0.3625067188162146,1.439786071010808,0.3201487514369114
241,0.8765237272544847,0.8188069166147375,1.5382529883690899,0.36237652934336223,1.4403485375320666,0.32003724275675577
242,0.8765090012457817,0.8189002057572642,1.5377088457868493,0.36224834204133116,1.4401169020386428,0.31999989890470515
243,0.8764977871123689,0.818932063275021,1.5378665730449992,0.36212503505224486,1.4399648146842559,0.31989046446702896
244,0.8764942792579195,0.8188491179657056,1.5380212012750685,0.3620038692806995,1.4398176039944004,0.31978343023524336
245,0.8765710468192083,0.8189252747569867,1.5378447300018925,0.361887508480462,1.4396730842347933,0.31968080627327133
246,0.8765995888556966,0.8190906486613199,1.5379693342947467,0.36179462304859833,1.4395232000463445,0.3195904752606322
247,0.8766680872506323,0.8190976052161265,1.5378035286367995,0.3616837175473271,1.4396948478547662,0.3194929090306089
248,0.8767034889271849,0.8191117626171569,1.5376417515246492,0.3615765985673223,1.4395623997562303,0.3193984027293045
249,0.8766981594546568,0.8190659547632718,1.5371949798627718,0.36147154017015165,1.439719243136787,0.3196021518584031
250,0.8766925796949571,0.8189479926094593,1.536760919671761,0.3613694708765184,1.4398774506409575,0.31951190529053086
251,0.8767251754366324,0.8189606818261671,1.5368879295010203,0.3612704125877023,1.4400310438868147,0.3194243321094287
252,0.8767367633497073,0.8190029115080014,1.5372733101989193,0.36144537077808864,1.4404422460729327,0.31961044622401424
253,0.876739866574602,0.8190864989978426,1.5373899273366773,0.3613549849110457,1.4403265609133058,0.3195292821707579
254,0.8767658637873709,0.8190183064779896,1.5377568677509157,0.3615166814447505,1.4404668571780799,0.31970098865984714
255,0.876811678979411,0.8190158862239298,1.5373811128075294,0.3614283438908639,1.4403540042577938,0.31962809284562654
256,0.8768240860127566,0.8190429286739649,1.5370162862960512,0.3613425755405488,1.4400124269508836,0.31955224648863895
257,0.8768244717075417,0.8191054300873071,1.5366621090444796,0.36125931076227563,1.4401206336767616,0.31949944368002464
258,0.8768642717152414,0.8191363522741545,1.5372132342779203,0.36117848880382003,1.4404696267565194,0.31942796388894273
259,0.876886775268608,0.8192210245876757,1.5373119268580286,0.36110186582642056,1.4405893577818725,0.319360409256168
260,0.876899114105418,0.8192409157444349,1.5371951209511536,0.36102925091187665,1.4404930814450536,0.31929659577328967
261,0.8769199518906524,0.8192259115683722,1.537494348485821,0.36095548874375366,1.440607499124184,0.31923133429900785
262,0.8769581841627246,0.8192441984964115,1.5373875719790933,0.3608838362767853,1.4411156893984116,0.3193666286245224
263,0.8770095324135594,0.8192619262299614,1.5378621436260747,0.36081429027675543,1.4416088136716672,0.3193050834358033
264,0.8770180450625285,0.8192699207989809,1.538135527935375,0.36074682886996295,1.442274152712873,0.31943236191788543
265,0.8770502499908466,0.8192949572706786,1.5382192954451557,0.3608627975394361,1.4427380611274954,0.3193744666042063
266,0.8770761913773315,0.819293998451581,1.5383000134881097,0.36079983667718335,1.44283557979643,0.31931880589127487
267,0.8770862511365681,0.8193055604441067,1.5383780065597976,0.3607390634732302,1.4429298650745948,0.31926511216389225
268,0.8770825761767186,0.8193927973824185,1.5382809039135743,0.360687354817738,1.4430060715061201,0.3192282644291008
269,0.8770931484438759,0.8194075705040806,1.5381944574316493,0.360629524949222,1.4430953496009322,0.31917714559314475
270,0.8770951370901201,0.8194290106661808,1.5382661895444494,0.36072914440759385,1.4433372308103085,0.3191278644284899
271,0.8770851314619855,0.8194349201116802,1.5381746764441127,0.3606850390591753,1.4431194955550297,0.31907972222625947
272,0.8770530954188306,0.8194649169849275,1.5380823103590144,0.3606459635961573,1.4430410295256997,0.3190467307685278
273,0.8770635726642734,0.8194614116834179,1.5385729670278276,0.36059485805757735,1.4431199648482005,0.319001515356433
274,0.8770570124227799,0.8194740690855041,1.5383616347062214,0.36054532816842316,1.4431940312607179,0.318960123000446
275,0.8770629158331473,0.8195163189678555,1.5389554692597784,0.3604973458578973,1.4434012379112526,0.31891767265397614
276,0.877064165899575,0.8195252986289311,1.5389001356357948,0.3606946052309384,1.4435594667292315,0.31891905441160845
277,0.8770660157905732,0.8195539283099491,1.539457177521503,0.3607747749195561,1.4436289250018493,0.3190042044911107
278,0.8770729324571097,0.8195731048401772,1.539754945141306,0.36085213920031034,1.4439382979972597,0.3189656063608509
279,0.8770847813786322,0.8195971906558366,1.5398083593642193,0.3609275893735814,1.4440024102803872,0.3189292850930027
280,0.8771200132203548,0.8196023921866629,1.540087625564313,0.36088662186618875,1.4439520083630728,0.3188930825522295
281,0.8771214146583527,0.8196175062687455,1.5401380890376546,0.36095696380979264,1.4441227789535664,0.31885830059766257
282,0.877129277353508,0.8196175062685954,1.540187030764388,0.36102497524736216,1.444288366342349,0.31893079246994877
283,0.8771427623103776,0.819626955637326,1.5401313576720423,0.3609877941554833,1.4444486169352055,0.3188979809246857
284,0.877148226888399,0.8196388346344101,1.540165931707347,0.36096308197720134,1.4443045555059189,0.31886617600733214
285,0.8771582083869466,0.8196422151570065,1.5402103181266082,0.36092823969647353,1.4445512562025835,0.3188353993328738
286,0.8771692474251478,0.8196807273196828,1.540346515685638,0.3608946974631844,1.444603029013507,0.31880573087535974
287,0.8771848241064153,0.819698302813107,1.540207271525149,0.3608620733239654,1.444560906732906,0.31877884909240206
288,0.8771936785446964,0.8196841036992307,1.540422386913321,0.3608305381962312,1.444434560155058,0.3187509675118486
289,0.8771947492420202,0.8196841036992308,1.540461273999347,0.3608000065781102,1.4444815692356525,0.3187239964498525
290,0.8771972224573904,0.8197139085624389,1.5404162736249798,0.3607712394294081,1.444606595745946,0.31870023025540506
291,0.8771862099336089,0.8197211522613741,1.5405316658086452,0.3607428344406948,1.4445713467991537,0.3186750527701832
292,0.8772030007097938,0.8197281683699139,1.540566829839969,0.3607152287703292,1.4446138574909715,0.3186506677822085
293,0.8772069285412082,0.819723811406248,1.540452780003983,0.3606885246300854,1.4445787883646515,0.3186292316097624
294,0.8772068271636755,0.819727136023673,1.540413678484359,0.36066312430510516,1.444547099533947,0.3186068424006262
295,0.8772004323083343,0.8197334497062494,1.5404449840271868,0.36063866405103734,1.4445852873153877,0.31865424191260083
296,0.8772050787796113,0.8197415759312967,1.540408833987576,0.36068143054587626,1.444550252322924,0.31863822427253263
297,0.8772076638567752,0.8197176215166108,1.5403738834909164,0.36065812533189784,1.444586136426664,0.3186176500929216
298,0.8772106475318525,0.819746397341122,1.5403949635977996,0.3606432286220955,1.4445545408566367,0.31860156163895775
299,0.8772112818481506,0.8197491613895409,1.540422711362434,0.360621455493089,1.4448295673171077,0.3185823267719069
300,0.8771925359760201,0.8197561046620689,1.5404475308818004,0.36066073991133873,1.444802579641485,0.31856573759639134
301,0.8771981411413609,0.8197618086763712,1.5404689516959198,0.36064489190853427,1.444723399284097,0.31860190013377737
302,0.8771940666571861,0.8197666829870629,1.540546507290044,0.3606271535306336,1.4446447883748157,0.3185845573257523
303,0.8772017186441033,0.8197688992297201,1.5405706045389265,0.3606082521072081,1.4446213825387337,0.3185678369743503
304,0.8772122525916206,0.8197924336198463,1.540593931501317,0.3606914902065211,1.4445935781942156,0.31855689132507936
305,0.8772129158013845,0.8197978932698865,1.5406126442570438,0.3606776172514959,1.4445698750303506,0.31854317914469277
306,0.8772204986052746,0.8198000601307991,1.5406343890770873,0.3606605450697095,1.4446435027622182,0.31852810212272625
307,0.8772271119745161,0.8198046446954429,1.5405639835234919,0.36064406321943043,1.4446222087469174,0.31851452124125385
308,0.8772323167714624,0.8198116144838172,1.54067240929428,0.36062822041258996,1.4446025788226589,0.31850048729510977
309,0.8772289932977256,0.8198116144803292,1.5408196937527634,0.36065544232894703,1.4445836494090285,0.3184869268066715
310,0.8772264789409969,0.8198153734345534,1.5408385461155176,0.36068172646209556,1.4446885890753591,0.3184738989898246
311,0.8772322425787042,0.8197988604877362,1.5408963987558173,0.36066742620071734,1.4447106147854598,0.31846127217880654
312,0.8772352961382988,0.8198124226641733,1.5408758506042888,0.360691739877932,1.4446553495851722,0.31844908992873466
313,0.8772351935358487,0.8198201576273157,1.540832392164746,0.3607019270473292,1.4446389401159374,0.3184742417475049
314,0.8772382556417078,0.8198234733913755,1.540812969699385,0.3606892570749764,1.444622941904432,0.3184630749784484
315,0.8772397772365528,0.8198313217147726,1.540931006878833,0.3606776023797879,1.4446078222265144,0.3185206623302636
316,0.8772421479405615,0.8198373825725999,1.5409461973627638,0.3606656696902463,1.4446593078142926,0.3185101302553158
317,0.8772472588989019,0.8198403065578295,1.5409608454374644,0.3606541628912303,1.444677030077473,0.31849996937238767
318,0.8772438718268365,0.8198417076582702,1.5409441336597283,0.36064312036439033,1.4447247922962385,0.31852106679817443
319,0.8772411174738068,0.819844423279841,1.540957756454437,0.3606324180586343,1.4448599739534678,0.3185116147257434
320,0.877244973421101,0.8198520946752974,1.5409136767107234,0.3606221020168763,1.444838509259394,0.31853984827488974
321,0.8772473269952997,0.8198602758215984,1.5409244720258952,0.36064159169319326,1.4448243830929883,0.3185329278686318
322,0.8772465063859172,0.819863893984413,1.5408835303890966,0.3606320096161158,1.4447859947902493,0.31852446459890127
323,0.8772513575764317,0.8198669082262421,1.540869405362555,0.36062305396985195,1.4447743300610967,0.3185165869933826
324,0.8772531232306277,0.8198736782665788,1.5409053974783558,0.3606141587017741,1.4448620263430985,0.31850873050300466
325,0.8772528237189003,0.8198768818631452,1.5408687806046522,0.3606055893482456,1.4448493645096938,0.3185034279096943
326,0.8772540749213632,0.819877351174588,1.540925069805976,0.3606202250915857,1.444930741441101,0.31849613751217526
327,0.8772547255330083,0.8198833975995508,1.5409572144721804,0.3606122970581677,1.4449650024070388,0.3184891381502406
328,0.8772526676374753,0.8198863138636129,1.5409456917914142,0.36060467860923473,1.4449767109506506,0.3184824516874756
329,0.8772562849795266,0.8198881857111203,1.5409141895483236,0.36059730660624617,1.4450289303290835,0.31847595491530695
330,0.8772626706670987,0.8198849879281717,1.540923225684662,0.36059020900882827,1.4451185853432853,0.31846968639135553
331,0.8772637057199428,0.8198875898993411,1.5409508543865986,0.36058339488488833,1.4451101448892876,0.3184636580588052
332,0.8772635537210329,0.8198880054959012,1.5409573309103763,0.3605787142975501,1.4450837872375235,0.31845784984938397
333,0.8772679431035055,0.819889553517969,1.540947799503563,0.3605724197178989,1.4450934581205734,0.3184523298673111
334,0.8772676571790111,0.8198820921192504,1.5410062347304951,0.360566328539048,1.4451197257915709,0.3184469501876273
335,0.8772674935982698,0.8198906912198105,1.5409968159742116,0.3605610918411696,1.4451437521198938,0.31845927810690977
336,0.877271614110297,0.8198931596682066,1.5409866673019292,0.36055714044633497,1.4451245258726706,0.3184822015244634
337,0.8772731282199588,0.8198938479820869,1.541008616613734,0.3605517179146473,1.445132872753771,0.31847741129070356
338,0.8772741635000825,0.8198978195761714,1.5410441873333616,0.36054651608645477,1.4451264267022352,0.31847280627501234
339,0.877275159157811,0.8198990927361379,1.5410505751588024,0.3605414980211017,1.4451619872586752,0.31846837421976837
340,0.877277661080511,0.8198953712325123,1.5410433193320077,0.3605366856237155,1.4451560149446903,0.3184641249904769
341,0.8772766278514648,0.8198959599177563,1.5410749660484104,0.36053204735193245,1.4451502848740567,0.3184600266224239
342,0.8772767290602382,0.8198959599177563,1.541130143313052,0.36052758592411366,1.4451447763322252,0.31845608581762613
343,0.8772777722056483,0.8198970762973521,1.5411235823806064,0.360523420715596,1.4451393572439015,0.3184524210926357
344,0.8772768783867462,0.8198953991786585,1.5411288163943884,0.3605193113330253,1.4451685515481874,0.31846023395450485
345,0.8772776636585086,0.8198964083103922,1.5411228560868568,0.36051536265246026,1.445174622315483,0.3184567608741324
346,0.8772786810787151,0.8198952547557093,1.541106580070909,0.3605115551988437,1.4451799491274289,0.3184539305987576
347,0.8772775673311051,0.8198961828891199,1.5411010879684572,0.360507897723849,1.4452058714026834,0.3184507028592672
348,0.8772784847026185,0.8198978634940273,1.5410860625698228,0.36050438285067393,1.4452098845641421,0.3184587437758796
349,0.8772779075481089,0.8199005930251523,1.541090207247116,0.36051052602214667,1.4452147736591898,0.3184560681916305
350,0.8772801621186606,0.8199014159925389,1.5411213242135102,0.36050728386819847,1.4452017717548864,0.31845320319509235
351,0.8772809259967695,0.8199022073575067,1.5411339147359013,0.36050418379988514,1.445197920040791,0.3184504565694688
352,0.8772804613375389,0.819904507611576,1.5411288430467813,0.36050177410172785,1.4451936443855935,0.31844839581432893
353,0.8772808490237505,0.8199070287732919,1.5411233936650224,0.36050003992675284,1.445182131516552,0.31844585868385744
354,0.8772811663280555,0.8199077930549437,1.541118545381648,0.36049799143696776,1.4451710772790392,0.3184434228442453
355,0.8772815672115725,0.8199094765104862,1.5411291962752205,0.36049540608413927,1.445160465241816,0.31844108448202635
356,0.8772820602042783,0.8199108480672269,1.5411386684070834,0.3605007240250764,1.445150684499034,0.31844548309798615
357,0.8772816500989258,0.8199114439248978,1.5411349590572685,0.3604983341241312,1.4451543411072296,0.31844342644202744
358,0.8772822242510949,0.8199132248759581,1.541150920775884,0.3604959940750524,1.4451709260987549,0.3184413593948282
359,0.8772829586742789,0.8199135100754297,1.5411537767065073,0.360493750764374,1.4451743798678738,0.31843937803330924
360,0.8772829388642817,0.8199136014695962,1.541156481530055,0.3604916336892342,1.4451771605134767,0.3184375043430476
361,0.8772837838833815,0.8199105455566847,1.54115911172517,0.3604895673144559,1.4451860735073514,0.3184356791563615
362,0.8772837284596557,0.8199134536824444,1.541155924944285,0.36048779621431604,1.4451942007023426,0.3184398491156082
363,0.877282801123146,0.8199126422668822,1.5411573886108372,0.36048685124073465,1.4451865793333665,0.31843816991863305
364,0.8772829451140159,0.8199136413368455,1.5411523239115408,0.36048735618170324,1.4451792707949773,0.31843655952616007
365,0.8772829353049177,0.8199159550060913,1.5411496918194054,0.3604856162071491,1.4451916270257503,0.3184350475616155
366,0.8772830213192684,0.8199183081399802,1.5411501250870223,0.36048564022663154,1.4451849084819923,0.31843356719059673
367,0.8772832492940074,0.8199184224487305,1.5411475754028219,0.36048417176595204,1.4451827864673388,0.3184322861352182
368,0.8772841880282185,0.8199169401374673,1.5411409922759378,0.36048263193090946,1.445185131454269,0.31843095088445605
369,0.8772841993925663,0.8199176754079096,1.5411383015643298,0.36048163154430646,1.4451792151054192,0.31842964728094036
370,0.8772845458387831,0.8199175331717089,1.5411440143326212,0.36048022775183525,1.445177465459807,0.31842840153489205
371,0.8772847533050941,0.8199177136825008,1.5411382213196199,0.36047887274112456,1.4451756714535546,0.3184273268532944
372,0.8772841456430029,0.8199169640268064,1.541143475004902,0.36047757457664054,1.445177669499237,0.31842618012576684
373,0.8772841435699351,0.8199169998259123,1.541148380675425,0.3604764580359977,1.445182990921661,0.31843202404731424
374,0.8772839362065648,0.8199173017990311,1.541146556895001,0.3604753026189517,1.445181539273283,0.3184310075667517
375,0.8772843926655336,0.8199167970975424,1.5411448444241118,0.36047732640975855,1.4451832829294284,0.318433176629527
376,0.8772846079389951,0.8199167956897426,1.5411492652568426,0.3604762340395138,1.4451819338710101,0.3184322116675125
377,0.8772841903588582,0.819916472450188,1.5411461828220643,0.36047670039782753,1.4451792529436112,0.3184326769599326
378,0.8772845642386905,0.8199176000027381,1.5411446796111894,0.360478476883386,1.445180325110292,0.31843503926632377
379,0.8772843510819032,0.8199181757838621,1.5411430043420737,0.3604777546440651,1.4451839869154512,0.3184373242380193
380,0.877284371838282,0.8199181757838621,1.5411390819002408,0.36047683717370665,1.4451904893083554,0.3184416040691352
381,0.8772841869796707,0.8199182254990471,1.541142633478239,0.36047596103432133,1.4451942746267226,0.3184408303195874
382,0.8772842059920624,0.819918225499047,1.5411437030116406,0.3604751208144427,1.4451932370058704,0.3184400880778162
383,0.8772843372342347,0.8199188559599491,1.541144700252171,0.36047434298229997,1.4451944482441752,0.3184394039918149
384,0.8772850291597152,0.8199185093663851,1.5411456792689657,0.3604735738718235,1.4452041664095796,0.31843872456774475
385,0.8772851095932395,0.8199185087000694,1.5411486567453376,0.36047283815645176,1.4452073396998146,0.3184401156131458
386,0.8772852185703756,0.8199187062019847,1.5411474618350123,0.3604722729914638,1.4452045184832256,0.31843949397918336
387,0.8772853032417853,0.819918785553876,1.5411501853721936,0.36047160004494033,1.4452111550051925,0.31844076643601293
388,0.8772850883018823,0.8199200832197279,1.5411527598216,0.36047098645323,1.4452121254755337,0.31844021790134375
389,0.8772852103596349,0.8199197279005691,1.5411535430327326,0.3604703711615493,1.4452096586279062,0.31844138126283356
390,0.8772850837318469,0.8199198024570178,1.541155902840744,0.36047143555461075,1.4452089321206671,0.318442493453241
391,0.8772848860787242,0.8199192243629857,1.5411581783779338,0.36047087334136013,1.4452097974739342,0.31844199677418467
392,0.8772845267123099,0.819919340438665,1.5411587097053712,0.3604719795891916,1.4452089809392725,0.31844167477063884
393,0.8772846042594599,0.8199194726205391,1.5411579333926309,0.3604714712306807,1.4452083413400898,0.31844122629820465
394,0.8772847759190275,0.8199195971208892,1.5411599196146475,0.36047098045873743,1.4452104581990954,0.31844079275114806
395,0.8772850824134619,0.8199196575728152,1.5411592143049047,0.3604705128708309,1.44520987770639,0.31844037983872825
396,0.8772851040481249,0.8199199882010892,1.5411596720620915,0.36047017736455783,1.4452092681795934,0.3184400403294086
397,0.8772850489464713,0.8199201165576757,1.5411625908829727,0.36046974955579764,1.4452111138152268,0.31843966238743127
398,0.8772846757100696,0.8199202611637445,1.5411641937453895,0.36047052588496886,1.4452106090216408,0.31844043516078896
399,0.8772847235817535,0.8199203601968155,1.541165772499884,0.3604701364465762,1.4452112092274012,0.31844009094519976
400,0.8772848417803453,0.8199205310245617,1.5411672187482928,0.3604708598127583,1.44521178285419,0.31844182960291384
401,0.8772848352801609,0.8199205762815559,1.5411656973205832,0.3604705039588652,1.4452133166289602,0.31844151633921464
402,0.8772849999139123,0.8199207055494232,1.541167072145434,0.36047016426698414,1.4452147818824783,0.31844121625678795
403,0.8772851589788727,0.8199207468699352,1.5411665849655225,0.3604698403388755,1.4452152802664495,0.3184409304866125
404,0.8772851689890513,0.8199207464984026,1.5411661203183473,0.3604695308384412,1.4452140394004829,0.3184406570723202
405,0.8772851288266983,0.8199202148584032,1.5411681310354812,0.360469239482973,1.445212856220008,0.31844121452799584
406,0.8772851734107001,0.8199206234204907,1.5411677045141037,0.36046896105033327,1.4452140616342715,0.31844097576291747
407,0.8772852267406839,0.8199206574860648,1.5411673008205369,0.36046943811975934,1.4452159673421654,0.31844073856878946
408,0.8772852892021354,0.8199208315065759,1.5411669122784717,0.3604691850222409,1.4452170635160437,0.3184405222334885
409,0.8772852847300828,0.8199208625461823,1.5411679025037228,0.3604689403763969,1.4452174400784688,0.31844030610244395
410,0.8772852842261358,0.8199210399290966,1.5411694870449435,0.3604687143516682,1.445216513018724,0.31844009994324146
411,0.8772853388302043,0.8199212219071411,1.541169152901597,0.3604684918200686,1.4452193250206815,0.31843990347623374
412,0.8772853473982647,0.8199212070953679,1.5411694218418859,0.36046828078688997,1.4452202385957347,0.3184397192736932
413,0.8772853619871251,0.8199212310446425,1.5411685568033704,0.360468078460694,1.4452205531100306,0.3184395448438351
414,0.8772853607728026,0.8199212310188204,1.541169337389343,0.3604678855828074,1.4452224551878805,0.31843937445441617
415,0.8772853746859334,0.8199212543589137,1.5411700812186655,0.3604682119788484,1.4452227379241132,0.31843921225744726
416,0.8772853799492741,0.8199214099118292,1.5411702982838582,0.36046804272690136,1.4452234907102042,0.3184400326427783
417,0.8772854277378388,0.8199214712112692,1.5411714370456082,0.3604678759924761,1.4452237475773142,0.31843988525418104
418,0.8772854472088724,0.8199214915397884,1.5411716374015527,0.36046771905196084,1.4452235499773416,0.3184397457811927
419,0.8772854276474433,0.8199216439917253,1.5411722334426696,0.3604675849027657,1.4452233627486761,0.31844003239762575
420,0.8772854445647259,0.8199217539361046,1.5411724146716712,0.3604678436826843,1.4452235798354667,0.3184399099885337
421,0.8772855109857086,0.8199217275651981,1.541172207238665,0.3604677070671471,1.4452234090453742,0.3184397894100733
422,0.8772854719079941,0.819921843834499,1.541172737137935,0.36046757633000004,1.4452239738140236,0.31843967396010747
423,0.8772854660464553,0.8199216909906613,1.5411739341513193,0.36046745158372495,1.4452245118825973,0.3184395637575469
424,0.877285548413897,0.8199217200065135,1.5411737551617775,0.36046733346141907,1.4452246933738098,0.3184394601445289
425,0.8772855075504864,0.8199217448998755,1.5411735310372205,0.3604672747183716,1.445224867420849,0.31843998769258264
426,0.8772854937432287,0.8199218403539067,1.5411736672443836,0.3604671678860995,1.4452253305216785,0.3184398938223443
427,0.8772855439421688,0.8199218536084109,1.5411737976720752,0.36046763394584197,1.4452254872824386,0.31843980424299223
428,0.8772855592961,0.819921853606743,1.5411747334197783,0.3604675364252553,1.4452253668315393,0.3184397180925765
429,0.8772856079691804,0.8199218775060366,1.5411748504557983,0.3604674447110869,1.445224994763352,0.3184396361113911
430,0.8772856213359645,0.8199218601134756,1.5411754527543953,0.36046735642275235,1.4452251306545376,0.31843955811252983
431,0.8772856341655417,0.8199218771626845,1.5411753165793924,0.36046728247143456,1.4452250168405951,0.31843949395572
432,0.8772856168739145,0.8199218872967915,1.5411749749147796,0.360467202559102,1.4452253606875571,0.3184394241931425
433,0.8772856171388729,0.8199219039303212,1.541175238414349,0.36046738152346586,1.445225056281197,0.3184393583710417
434,0.8772856107453914,0.8199218846924646,1.541175329522145,0.36046731014007855,1.4452251666306668,0.3184392954158771
435,0.8772856247588546,0.8199219060993708,1.5411757970441862,0.360467433465807,1.445225081271285,0.31843923514665895
436,0.8772856243446677,0.8199219172263843,1.5411758799406048,0.36046736840318194,1.4452253627344378,0.31843917785267295
437,0.8772856034938401,0.8199219248357779,1.5411759552080377,0.3604673100903414,1.4452251136090133,0.3184391229609957
438,0.877285612667117,0.8199219564143833,1.541175856298003,0.3604672612563481,1.445224876793217,0.3184390707813001
439,0.8772855816655967,0.8199219749019426,1.54117590402294,0.3604673845955573,1.4452246543872729,0.31843902120069784
440,0.8772855966131137,0.8199219440905723,1.5411762679644616,0.3604673312411719,1.445224588487586,0.31843897406711796
441,0.8772856048774699,0.819921966288376,1.5411761913793605,0.3604672810097119,1.445224805762146,0.3184389306838838
442,0.877285585027807,0.8199219768260159,1.5411759895923336,0.3604673623039316,1.4452250010227,0.31843890063416624
443,0.8772855900103573,0.8199219942514631,1.541176174547773,0.36046731679355887,1.4452251983290836,0.3184391142062568
444,0.8772855729538063,0.8199219967165429,1.5411763504152136,0.36046727338615303,1.445225265191119,0.31843907584592657
445,0.8772855741415417,0.8199220176733865,1.54117640282521,0.3604672322422696,1.4452253285917167,0.3184390395161124
446,0.8772855772095357,0.8199220573042205,1.5411764500789296,0.36046719568777524,1.445225278831961,0.3184390062129878
447,0.8772855891763519,0.8199221375593951,1.5411766004463083,0.3604671587743618,1.4452253359231695,0.31843897353391476
448,0.8772855719310597,0.8199221224689467,1.541176627666765,0.36046714120003565,1.445225194185503,0.31843894230597114
449,0.8772855924782004,0.8199221287304994,1.541176763027246,0.36046710810230326,1.4452251527327864,0.3184390057628943
450,0.8772855941561585,0.8199221450126166,1.5411767132561094,0.36046707818771184,1.4452252522214148,0.3184389826007665
451,0.8772856089893896,0.8199221735796224,1.5411770032140897,0.36046704812379,1.4452251309940831,0.3184389558896997
452,0.8772856147158592,0.8199222081159476,1.5411769442219467,0.36046703534181884,1.445225015948957,0.31843893054081185
453,0.8772856242076026,0.8199222304770183,1.5411769033441074,0.36046708364898716,1.4452249330333762,0.3184389557729816
454,0.8772856198628171,0.8199222367888179,1.5411768640438241,0.3604670583321098,1.4452249717672658,0.31843893398449186
455,0.8772856249339145,0.8199222499599893,1.54117681203299,0.36046704904298693,1.445224888729829,0.31843896510386666
456,0.8772856315880861,0.8199222735451115,1.5411769698291728,0.3604670265676902,1.445224795529135,0.3184389446051336
457,0.8772856341242823,0.8199222735253584,1.541176936728742,0.36046700452016306,1.4452247682975399,0.318438925128203
458,0.8772856397973774,0.8199222791670671,1.5411769046600317,0.36046698429072704,1.4452246844700187,0.3184389066577572
459,0.8772856413993826,0.819922297577638,1.5411768198965514,0.36046696446533516,1.4452247631036714,0.3184389510207937
460,0.8772856401856304,0.8199223020522234,1.5411767619596337,0.36046697538637995,1.4452248217496735,0.31843906113231885
461,0.8772856386197498,0.819922305341015,1.5411769329287686,0.36046695757614705,1.4452248491701276,0.31843904551127095
462,0.8772856419661111,0.8199223117916954,1.5411769542330271,0.3604669408804116,1.4452248282118432,0.3184390306877146
463,0.8772856464485639,0.8199223084271572,1.541177018990882,0.3604669248980048,1.4452248528313927,0.31843901656330514
464,0.877285648834758,0.8199223122907764,1.5411770381734178,0.36046690985456065,1.4452248340321212,0.318439003225516
465,0.8772856475703741,0.8199223131089111,1.5411770563913194,0.3604669354333199,1.4452249356783047,0.31843903063522566
466,0.8772856519299449,0.8199223166161781,1.5411770360692638,0.36046699724916026,1.445224994046998,0.31843901897293836
467,0.8772856490875959,0.819922326408554,1.5411769809145506,0.36046698434898505,1.445225084870385,0.3184390439695896
468,0.8772856490784491,0.8199223200588514,1.541177030244572,0.36046700614810584,1.445225137392684,0.31843903335605545
469,0.8772856442052251,0.8199223273966155,1.5411771091729862,0.3604669945846354,1.4452251873298467,0.3184390231396265
470,0.8772856444530377,0.8199223301767621,1.541177062319509,0.36046698362604274,1.4452252953936637,0.31843901346397313
471,0.8772856460238222,0.8199223307648295,1.5411771330975574,0.360467002035325,1.4452253977190352,0.31843900429773075
472,0.8772856446339191,0.8199223511978497,1.5411771183492575,0.3604670194640443,1.4452254636145951,0.31843899934736913
473,0.8772856411254666,0.8199223540256618,1.5411771301308377,0.3604670102198207,1.4452255295621819,0.31843901701259736
474,0.877285642507296,0.8199223551420985,1.5411771413333486,0.36046700141895177,1.4452255919424348,0.31843900923893653
475,0.8772856455660716,0.8199223571559782,1.5411771749387646,0.36046699319554476,1.4452255816181216,0.3184390019156526
476,0.8772856468542174,0.8199223591560845,1.5411771849638907,0.36046698532124827,1.4452256156754222,0.31843899496458994
477,0.8772856458917541,0.8199223666569329,1.5411772142901168,0.36046697872085837,1.4452256064633833,0.31843900906666345
478,0.8772856428344915,0.819922372921308,1.5411772624190112,0.36046697166671615,1.4452256368962484,0.3184390028347319
479,0.8772856454949315,0.8199223750805602,1.5411773077735054,0.36046702071678766,1.4452256284774407,0.31843899711301465
480,0.8772856447784135,0.8199223793461266,1.5411772954264906,0.36046701727267333,1.445225603166901,0.31843899153604693
481,0.8772856472198822,0.8199223816178566,1.5411773195890306,0.3604670113022828,1.4452256620448152,0.3184389862618048
482,0.8772856459967451,0.8199223805057805,1.5411773580970498,0.36046700565908074,1.445225670732541,0.31843898127560505
483,0.877285644371381,0.8199223818597811,1.541177394503711,0.3604670151344352,1.445225693753207,0.31843899137172277
484,0.8772856462286281,0.8199223773114211,1.541177400927041,0.36046701008805276,1.4452257435188276,0.31843898691378403
485,0.8772856437473635,0.8199223785205525,1.5411773937461757,0.36046700533704223,1.4452257508269692,0.3184389827431544
486,0.8772856389348149,0.8199223769087496,1.541177374469633,0.36046700082843885,1.445225743787985,0.3184389802304724
487,0.8772856376373432,0.8199223785299334,1.5411774153519386,0.3604670083898231,1.4452257503446049,0.3184389764674004
488,0.8772856401043116,0.8199223805806871,1.5411774316161286,0.3604670155628311,1.4452257453568407,0.3184389729255853
489,0.8772856403584687,0.8199223847503178,1.5411774353229417,0.3604670128939587,1.4452257400908475,0.31843897013272865
490,0.8772856427053929,0.8199223858769439,1.5411774398628875,0.3604670093345577,1.4452257456044906,0.31843897694459344
491,0.8772856443694543,0.8199223908070966,1.541177453518997,0.3604670060216359,1.4452257413846146,0.31843897397305704
492,0.8772856456607129,0.8199223871038157,1.54117746649392,0.36046700281560407,1.4452257463208078,0.318438971140827
493,0.8772856459259364,0.8199223897372288,1.5411774697504945,0.36046700038514323,1.4452257422826422,0.31843896876477273
494,0.877285645937956,0.8199223958640525,1.5411774732874883,0.3604669976282069,1.4452257623406977,0.31843896644308717
495,0.8772856461271537,0.8199223963189538,1.5411774692351832,0.36046700241699275,1.445225751518936,0.31843896405863475
496,0.8772856465284108,0.8199223969653153,1.541177472478276,0.3604669998691543,1.4452257695776696,0.3184389618081104
497,0.8772856469614342,0.819922397576908,1.541177468865005,0.36046699746638405,1.4452257732745424,0.31843895968813696
498,0.8772856471337731,0.8199223993040454,1.5411774717319129,0.3604669952188496,1.4452257767456862,0.31843895770526565
499,0.8772856477248818,0.8199223998877749,1.5411774744585343,0.3604670049620192,1.445225773995374,0.3184389559174066
500,0.8772856485275609,0.8199223992690634,1.5411774713750286,0.3604670029897285,1.445225765891551,0.318438954131822
501,0.8772856486818603,0.81992240109362,1.541177468133791,0.3604670014610404,1.4452257680699003,0.3184389532037456
502,0.8772856489629992,0.8199224009674221,1.5411774804042746,0.36046699966245127,1.4452257758287914,0.3184389516148159
503,0.8772856495771376,0.8199224013978378,1.5411774872712587,0.3604669979656618,1.445225792561865,0.3184389501158653
504,0.8772856507355448,0.8199224018037778,1.5411774848687174,0.3604669963653937,1.4452258083430793,0.3184389487022134
505,0.8772856505266811,0.8199224018000036,1.5411774784166972,0.3604669948563265,1.445225810423892,0.3184389476108002
506,0.8772856505192933,0.8199224030279764,1.541177476178271,0.3604669935356564,1.445225812409343,0.3184389465582444
507,0.8772856499613915,0.8199224040342716,1.5411774815209902,0.3604669922804254,1.4452258107296259,0.31843894540193673
508,0.8772856500482004,0.8199224041841431,1.5411774830999725,0.36046699104648305,1.4452258091677936,0.31843894779291354
509,0.8772856502846256,0.8199224047888805,1.541177481310093,0.3604669898550279,1.4452258176134973,0.3184389467419175
510,0.8772856506450651,0.8199224029068133,1.541177482739713,0.3604669887319055,1.4452258224582575,0.3184389457512775
511,0.8772856512922238,0.8199224033161409,1.5411774782140608,0.36046698767339785,1.445225824065235,0.31843894483829605
512,0.877285651483882,0.8199224033731031,1.5411774794826074,0.3604669894437744,1.4452258283642123,0.31843894396000316
513,0.8772856508284711,0.8199224030417895,1.5411774779809095,0.36046698859525417,1.4452258271144438,0.31843894322106103
514,0.8772856504141667,0.8199224025306695,1.5411774815628565,0.3604669877101748,1.4452258284766188,0.31843894243917603
515,0.8772856504380971,0.8199224027421328,1.5411774872492008,0.3604669868765748,1.445225832072231,0.3184389417027641
516,0.8772856507912254,0.819922402941325,1.5411774860704421,0.3604669860915978,1.4452258376359923,0.31843894100962733
517,0.8772856509726049,0.8199224035457972,1.5411774849604887,0.36046698535240934,1.4452258469767107,0.3184389403570175
518,0.8772856508209346,0.819922404163608,1.5411774916377907,0.36046698465786103,1.4452258480473514,0.3184389397427269
519,0.8772856512992503,0.8199224044960854,1.541177494289569,0.36046698582052994,1.4452258526913262,0.31843894098184977
520,0.8772856513997687,0.8199224045397276,1.5411774932306666,0.36046698533660143,1.4452258502183573,0.31843894043695936
521,0.8772856517320504,0.8199224047608387,1.541177495578893,0.36046698475727856,1.445225849500917,0.31843893992451616
522,0.8772856518586477,0.8199224055459673,1.5411774944963061,0.3604669844733252,1.445225848563755,0.3184389397042609
523,0.8772856516688685,0.8199224057376953,1.5411774936546199,0.3604669840291441,1.445225846502667,0.3184389392501238
524,0.8772856516678237,0.8199224061053187,1.541177496938595,0.3604669835607061,1.4452258445813098,0.3184389388228574
525,0.8772856517394737,0.8199224066761222,1.5411774987759483,0.36046698310977066,1.4452258452788695,0.31843893842361587
526,0.8772856519319825,0.8199224066160885,1.541177498133363,0.3604669826818148,1.4452258494993564,0.3184389380456971
527,0.8772856520304,0.8199224066112796,1.5411774975271293,0.3604669822811915,1.4452258512298375,0.318438937695819
528,0.8772856518841665,0.8199224064887026,1.5411774990590206,0.36046698190272075,1.4452258528624937,0.3184389373614833
529,0.8772856520145894,0.8199224065553814,1.5411774985211621,0.36046698155027185,1.445225854390747,0.3184389380414457
530,0.877285651855906,0.8199224065978238,1.541177498947091,0.3604669812156515,1.4452258567624348,0.3184389377458617
531,0.8772856519201795,0.8199224067354167,1.5411775010905246,0.360466980903463,1.4452258563732858,0.31843893746856045
532,0.8772856519666733,0.8199224067354117,1.54117750228719,0.360466981428069,1.4452258576486599,0.31843893720734645
533,0.8772856521257352,0.8199224068412566,1.5411775034112762,0.36046698115074954,1.4452258573052243,0.31843893696204206
534,0.8772856521668599,0.8199224071724732,1.541177503743678,0.3604669808896033,1.4452258620539447,0.3184389367313455
535,0.8772856523173547,0.8199224072175418,1.5411775060978383,0.36046698064453786,1.445225861750873,0.3184389371952938
536,0.8772856523551578,0.8199224076850578,1.5411775070290272,0.3604669804157762,1.4452258627434256,0.3184389369934102
537,0.8772856523069262,0.8199224077399921,1.541177506703866,0.36046698019926743,1.4452258642780476,0.3184389368022841
538,0.8772856523401376,0.8199224077399702,1.541177507527038,0.36046697999586613,1.4452258651571008,0.31843893662259803
539,0.877285652378031,0.8199224076296562,1.541177507770185,0.3604669798048412,1.4452258643912217,0.3184389369837827
540,0.8772856524942992,0.8199224076524209,1.5411775075008616,0.3604669796254773,1.4452258651648793,0.3184389368253655
541,0.8772856524976751,0.8199224076696728,1.5411775072058558,0.3604669794991988,1.4452258649568526,0.31843893714382027
542,0.8772856525225752,0.8199224078702179,1.5411775074071183,0.36046697934107985,1.4452258678321102,0.31843893700413795
543,0.8772856525511141,0.8199224076987898,1.5411775080078054,0.36046697919265336,1.445225868060545,0.3184389372847787
544,0.8772856524688156,0.819922407635992,1.5411775081850527,0.36046697905341807,1.4452258686613746,0.3184389371618241
545,0.8772856525540931,0.8199224076862899,1.5411775079874956,0.3604669789239528,1.4452258684986188,0.3184389370476022
546,0.8772856525885437,0.8199224077039153,1.541177508471081,0.36046697915451953,1.4452258680132246,0.3184389372731096
547,0.8772856526441273,0.8199224076818469,1.5411775082974912,0.36046697904019454,1.4452258678703,0.31843893717220506
548,0.877285652695091,0.8199224077095145,1.5411775081350432,0.36046697893254,1.445225867736596,0.3184389370771407
549,0.8772856527695336,0.819922407735551,1.5411775077019734,0.360466978831249,1.4452258678915835,0.31843893698856784
550,0.8772856527921806,0.8199224077052256,1.5411775080858099,0.36046697873688555,1.4452258675137815,0.3184389369046431
551,0.877285652794738,0.8199224077165254,1.5411775081992107,0.3604669786477939,1.4452258686395234,0.3184389368259392
552,0.8772856528049864,0.8199224076123123,1.5411775092325577,0.3604669785642564,1.445225868999847,0.3184389367521408
553,0.8772856527994672,0.8199224076372734,1.5411775088976836,0.36046697848593245,1.4452258687607247,0.3184389368253304
554,0.8772856528084748,0.819922407674524,1.5411775087851618,0.3604669784147944,1.4452258688691548,0.31843893676504037
555,0.877285652833789,0.8199224077356296,1.541177509063651,0.360466978346015,1.4452258691659643,0.3184389367042854
556,0.8772856528366642,0.819922407751969,1.5411775100404828,0.3604669784604569,1.4452258694441844,0.3184389366473024
557,0.8772856528235683,0.8199224077247286,1.5411775104528027,0.36046697856770715,1.445225869704903,0.3184389365939085
558,0.8772856528139007,0.8199224077247285,1.5411775105248964,0.3604669786681955,1.4452258697920755,0.3184389365438729
559,0.8772856528391316,0.8199224077603822,1.5411775102980183,0.36046697861513083,1.445225869722341,0.31843893650118765
560,0.8772856528468518,0.8199224077381442,1.541177510085485,0.36046697856542126,1.4452258697983154,0.31843893645780663
561,0.8772856528496428,0.8199224077427588,1.5411775098864133,0.3604669785188603,1.445225869740806,0.3184389365458428
562,0.8772856528381465,0.8199224077286451,1.5411775099418865,0.3604669785962577,1.4452258699287959,0.3184389365074153
563,0.8772856528412373,0.8199224077338243,1.541177510107145,0.3604669785554239,1.4452258702182064,0.3184389364713428
564,0.8772856528345384,0.8199224077435214,1.5411775101552685,0.36046697851773296,1.4452258701707104,0.31843893643783805
565,0.877285652832001,0.819922407802683,1.5411775101708467,0.3604669785119218,1.4452258701115064,0.31843893642120835
566,0.8772856528564605,0.8199224078111829,1.5411775103064527,0.3604669784784149,1.4452258702560317,0.31843893639160825
567,0.8772856528563041,0.8199224078206172,1.5411775102577197,0.36046697844870024,1.4452258702156469,0.3184389363655502
568,0.8772856528585259,0.8199224078206173,1.541177510213654,0.36046697841934905,1.4452258704236702,0.31843893642104654
569,0.8772856528707118,0.8199224078275893,1.5411775100962253,0.3604669783918836,1.4452258706182939,0.3184389363968185
570,0.8772856528665127,0.8199224078338571,1.5411775099863543,0.3604669783661858,1.4452258706536996,0.31843893637841464
571,0.8772856528565129,0.8199224078407955,1.5411775099903922,0.36046697836870767,1.445225870570594,0.31843893641058924
572,0.8772856528673365,0.8199224078277603,1.5411775100178897,0.3604669783473461,1.4452258704804315,0.31843893639072296
573,0.8772856528723507,0.8199224078210462,1.5411775101028709,0.3604669783264541,1.4452258703967864,0.31843893637214205
574,0.8772856528654506,0.8199224078110164,1.5411775101824763,0.36046697830678404,1.4452258705425824,0.3184389363547654
575,0.8772856528691814,0.8199224078133005,1.5411775101548626,0.36046697833941643,1.4452258707239083,0.3184389363895995
576,0.8772856528703867,0.8199224078161987,1.541177510129045,0.36046697836992647,1.4452258706549614,0.3184389363744079
577,0.8772856528683823,0.8199224078202003,1.5411775101038345,0.3604669783549251,1.4452258706340306,0.3184389363612811
578,0.877285652873152,0.8199224078345632,1.5411775101181768,0.36046697834468294,1.4452258705737826,0.31843893634800613
579,0.8772856528694594,0.8199224078399047,1.5411775100584517,0.3604669784861645,1.4452258707896444,0.3184389363361631
580,0.8772856528696076,0.8199224078639626,1.5411775101081,0.360466978476508,1.445225870843942,0.3184389363632912
581,0.8772856528684432,0.8199224078652382,1.5411775101236476,0.36046697849832837,1.4452258708966508,0.31843893635264464
582,0.8772856528670411,0.8199224078666345,1.5411775101048646,0.3604669784884519,1.4452258708507133,0.31843893634252285
583,0.8772856528667938,0.8199224078673109,1.5411775101154042,0.3604669784808327,1.4452258708078,0.3184389363330679
584,0.877285652865914,0.8199224078666131,1.5411775101003542,0.3604669784708755,1.4452258708508006,0.31843893632435705
585,0.8772856528674355,0.8199224078672738,1.5411775100843246,0.36046697846354986,1.4452258708133652,0.3184389363161086
586,0.8772856528707917,0.8199224078701121,1.5411775100482425,0.36046697847782244,1.4452258708013987,0.31843893630960296
587,0.8772856528721228,0.8199224078721795,1.5411775100134344,0.3604669784696812,1.4452258708590298,0.3184389363024804
588,0.8772856528733569,0.8199224078711279,1.5411775100440328,0.36046697846224235,1.445225870849588,0.3184389362958198
589,0.8772856528742273,0.8199224078773315,1.541177510131796,0.3604669784551481,1.4452258708801904,0.31843893628955233
590,0.8772856528761223,0.819922407879388,1.5411775101218537,0.36046697846689746,1.4452258709454713,0.31843893628372866
591,0.8772856528737759,0.8199224078809502,1.5411775101125516,0.3604669784607405,1.4452258709720587,0.31843893627833925
592,0.8772856528736706,0.8199224078816818,1.5411775101358907,0.3604669784549743,1.445225870980934,0.3184389362732451
593,0.8772856528745496,0.8199224078816818,1.541177510127812,0.36046697844959324,1.4452258709892902,0.31843893628341946
594,0.8772856528731645,0.8199224078794524,1.5411775101063485,0.36046697844457315,1.4452258709830232,0.3184389362790511
595,0.8772856528725046,0.8199224078806407,1.5411775101123018,0.36046697843989767,1.4452258710162045,0.31843893630090325
596,0.8772856528718442,0.8199224078823,1.5411775100936282,0.3604669784355301,1.4452258710201908,0.3184389362997806
597,0.8772856528739299,0.8199224078902957,1.5411775100762135,0.360466978431457,1.4452258710117196,0.3184389362996226
598,0.877285652872785,0.8199224078912563,1.5411775100704173,0.36046697842775305,1.4452258710069343,0.31843893629636155
599,0.8772856528731978,0.8199224078926047,1.541177510084729,0.3604669784242313,1.445225871002554,0.3184389362932397
600,0.8772856528738727,0.8199224078934422,1.541177510098088,0.3604669784209311,1.4452258710167918,0.3184389362903244
601,0.8772856528733336,0.8199224078942225,1.541177510101961,0.3604669784178977,1.445225871012969,0.31843893628762787
602,0.87728565287188,0.8199224078952616,1.5411775101134326,0.3604669784151647,1.445225871009382,0.3184389362851393
603,0.8772856528717544,0.8199224078956007,1.5411775101168332,0.3604669784124933,1.4452258710209076,0.31843893628278014
604,0.8772856528726355,0.8199224078962869,1.541177510106186,0.360466978410003,1.4452258710125783,0.3184389362858339
605,0.8772856528730041,0.8199224078959797,1.5411775101026368,0.3604669784077487,1.4452258710160175,0.31843893628391595
606,0.8772856528731099,0.8199224078972576,1.5411775100993919,0.36046697841158337,1.4452258710133479,0.31843893628800257
607,0.8772856528733325,0.8199224078985343,1.5411775101131242,0.36046697840957026,1.4452258710276162,0.31843893628622416
608,0.8772856528731819,0.8199224078990492,1.541177510105108,0.3604669784076953,1.4452258710227943,0.3184389362870741
609,0.8772856528738241,0.8199224079005996,1.541177510112173,0.36046697840595043,1.445225871030324,0.31843893628553277
610,0.877285652874223,0.819922407902043,1.5411775101097318,0.3604669784043253,1.445225871046354,0.31843893628409936
611,0.8772856528748946,0.819922407901169,1.5411775101074594,0.3604669784028118,1.445225871052882,0.3184389362827623
612,0.8772856528749863,0.819922407901534,1.541177510108924,0.3604669784017315,1.4452258710472332,0.3184389362815177
613,0.8772856528756294,0.8199224079027729,1.5411775101214995,0.36046697840042763,1.4452258710419756,0.31843893628035924
614,0.8772856528756917,0.8199224079026721,1.5411775101164524,0.360466978402422,1.4452258710435122,0.31843893627962283
615,0.8772856528758705,0.8199224079019367,1.541177510121048,0.3604669784012865,1.4452258710484152,0.31843893627861974
616,0.8772856528756352,0.8199224079013123,1.541177510128255,0.36046697840023034,1.445225871050041,0.3184389362776866
617,0.8772856528759888,0.8199224079015865,1.541177510126779,0.36046697840197434,1.4452258710487584,0.3184389362768864
618,0.877285652876202,0.8199224079014066,1.5411775101304794,0.36046697840106023,1.4452258710501655,0.3184389362760789
619,0.8772856528766189,0.8199224079016233,1.5411775101292007,0.3604669784002117,1.4452258710514705,0.31843893627533154
620,0.8772856528765837,0.8199224079017235,1.5411775101302059,0.36046697839942243,1.4452258710527475,0.3184389362746345
621,0.8772856528770586,0.8199224079021958,1.541177510129093,0.3604669783986959,1.4452258710518302,0.3184389362739937
622,0.8772856528770874,0.8199224079028878,1.5411775101299499,0.36046697839802544,1.4452258710547594,0.31843893627340963
623,0.8772856528769235,0.8199224079028877,1.5411775101342857,0.3604669783973898,1.4452258710539745,0.3184389362728481
624,0.8772856528767436,0.8199224079030376,1.5411775101333984,0.3604669783967991,1.4452258710581611,0.3184389362723267
625,0.8772856528766683,0.8199224079033484,1.541177510133802,0.36046697839654535,1.4452258710559596,0.3184389362718416
626,0.8772856528768317,0.8199224079034797,1.5411775101330405,0.36046697839886177,1.445225871058147,0.31843893627140457
627,0.8772856528770555,0.8199224079036012,1.5411775101323273,0.36046697839838904,1.4452258710575598,0.3184389362709871
628,0.8772856528769791,0.8199224079038246,1.541177510132888,0.3604669783991706,1.4452258710631376,0.31843893627059805
629,0.8772856528769939,0.8199224079038758,1.5411775101322476,0.36046697839878733,1.4452258710626698,0.3184389362702632
630,0.877285652877196,0.8199224079039242,1.5411775101316765,0.3604669783984076,1.4452258710632542,0.31843893626992814
631,0.877285652877295,0.8199224079036955,1.5411775101350638,0.36046697839805464,1.445225871062818,0.3184389362696163
632,0.8772856528773683,0.8199224079037588,1.5411775101336622,0.36046697839772684,1.4452258710615038,0.3184389362693267
633,0.8772856528774154,0.8199224079038443,1.5411775101331455,0.3604669783974824,1.4452258710602837,0.31843893626905784
634,0.8772856528774368,0.8199224079038961,1.5411775101350729,0.3604669783972,1.4452258710607186,0.3184389362688083
635,0.8772856528774459,0.8199224079038961,1.5411775101354068,0.3604669783969377,1.4452258710611223,0.3184389362685766
636,0.8772856528775523,0.8199224079039956,1.541177510135691,0.3604669783967201,1.445225871060159,0.31843893626902403
637,0.8772856528776171,0.8199224079040213,1.541177510134725,0.36046697839649416,1.4452258710630137,0.3184389362688247
638,0.8772856528775815,0.8199224079040213,1.54117751013441,0.3604669783962845,1.4452258710633363,0.3184389362692211
639,0.8772856528774803,0.8199224079040706,1.5411775101341172,0.36046697839609076,1.4452258710636343,0.318438936269051
640,0.8772856528774107,0.8199224079041622,1.5411775101358487,0.36046697839591035,1.4452258710644128,0.31843893626939224
641,0.877285652877466,0.8199224079043166,1.5411775101355973,0.3604669783962073,1.4452258710637416,0.31843893626924435
642,0.8772856528774975,0.8199224079043358,1.5411775101353644,0.36046697839648273,1.4452258710652721,0.3184389362695384
643,0.8772856528775037,0.8199224079044469,1.541177510135113,0.3604669783963737,1.4452258710646948,0.3184389362694112
644,0.8772856528775022,0.8199224079044469,1.5411775101356533,0.3604669783962402,1.4452258710641595,0.31843893626929326
645,0.8772856528775519,0.8199224079044785,1.5411775101354672,0.36046697839611663,1.4452258710643495,0.31843893626918435
646,0.8772856528775982,0.8199224079045221,1.5411775101359315,0.36046697839600195,1.445225871064526,0.31843893626908304
647,0.8772856528776373,0.8199224079044667,1.5411775101363618,0.3604669783961907,1.4452258710649846,0.31843893626898917
648,0.877285652877578,0.8199224079045041,1.541177510136487,0.3604669783963657,1.4452258710656827,0.318438936269176
649,0.8772856528776303,0.8199224079045041,1.5411775101366034,0.3604669783962744,1.4452258710653165,0.31843893626909536
650,0.8772856528776612,0.8199224079045255,1.5411775101374154,0.36046697839618974,1.4452258710659165,0.3184389362690206
651,0.8772856528776416,0.8199224079045337,1.5411775101371994,0.3604669783964272,1.44522587106576,0.31843893626901093
652,0.87728565287762,0.8199224079045521,1.5411775101376919,0.3604669783965589,1.4452258710654686,0.31843893626894676
653,0.8772856528776607,0.8199224079045315,1.5411775101377745,0.36046697839649466,1.4452258710652004,0.31843893626907244
654,0.8772856528776862,0.8199224079045315,1.5411775101378538,0.36046697839660524,1.4452258710651233,0.31843893626901737
655,0.8772856528777428,0.8199224079045129,1.5411775101382472,0.36046697839670755,1.445225871065372,0.3184389362689664
656,0.8772856528777379,0.8199224079045341,1.54117751013831,0.36046697839680736,1.4452258710651578,0.3184389362689192
657,0.8772856528777138,0.819922407904513,1.5411775101383483,0.36046697839678277,1.4452258710649595,0.31843893626887554
658,0.8772856528777008,0.8199224079045065,1.5411775101382794,0.360466978396864,1.44522587106497,0.3184389362688949
659,0.8772856528776986,0.8199224079045228,1.5411775101384506,0.3604669783969393,1.4452258710651524,0.3184389362689752
660,0.8772856528777014,0.8199224079045523,1.541177510138447,0.3604669783969536,1.4452258710649952,0.31843893626894054
661,0.8772856528777,0.8199224079044953,1.5411775101386944,0.36046697839691744,1.4452258710649504,0.3184389362690091
662,0.877285652877693,0.8199224079044992,1.5411775101387366,0.36046697839688424,1.4452258710650947,0.31843893626898007
663,0.8772856528776867,0.8199224079045202,1.541177510138769,0.3604669783968603,1.4452258710649701,0.31843893626895264
664,0.8772856528776914,0.8199224079045528,1.5411775101388046,0.36046697839683256,1.4452258710650132,0.3184389362689283
665,0.8772856528776941,0.819922407904563,1.5411775101387641,0.36046697839680647,1.44522587106498,0.3184389362689053
666,0.8772856528776974,0.8199224079045708,1.5411775101386591,0.3604669783967819,1.4452258710648813,0.3184389362688836
667,0.8772856528776964,0.8199224079045601,1.541177510138688,0.3604669783967592,1.4452258710649164,0.3184389362688635
668,0.8772856528776963,0.8199224079045606,1.5411775101387706,0.36046697839674036,1.4452258710650063,0.3184389362689622
669,0.8772856528776962,0.8199224079045753,1.5411775101387413,0.36046697839672104,1.4452258710651436,0.3184389362689993
670,0.8772856528776942,0.8199224079045881,1.5411775101386647,0.3604669783967031,1.4452258710651107,0.31843893626899406
671,0.8772856528776922,0.8199224079045895,1.5411775101385938,0.36046697839668657,1.445225871065105,0.3184389362690108
672,0.8772856528776958,0.8199224079045823,1.5411775101386984,0.3604669783966713,1.4452258710650858,0.3184389362689973
673,0.877285652877698,0.8199224079045841,1.5411775101386378,0.36046697839665715,1.4452258710651467,0.31843893626898484
674,0.8772856528776997,0.819922407904571,1.541177510138618,0.36046697839668035,1.4452258710651649,0.31843893626897535
675,0.8772856528776993,0.8199224079045723,1.5411775101386909,0.36046697839671127,1.4452258710651835,0.31843893626903175
676,0.8772856528777019,0.8199224079045823,1.541177510138736,0.3604669783967001,1.4452258710652626,0.31843893626902187
677,0.8772856528777048,0.8199224079045829,1.541177510138749,0.3604669783966898,1.445225871065307,0.31843893626901276
678,0.8772856528777033,0.8199224079045865,1.5411775101387613,0.36046697839673303,1.4452258710653476,0.3184389362690312
679,0.8772856528777012,0.8199224079045826,1.5411775101387435,0.3604669783967285,1.4452258710653123,0.3184389362690234
680,0.8772856528776969,0.8199224079045853,1.5411775101387504,0.3604669783967463,1.44522587106528,0.31843893626901626
681,0.8772856528776934,0.8199224079045861,1.5411775101388014,0.3604669783967388,1.445225871065271,0.31843893626900965
682,0.8772856528776936,0.8199224079045905,1.5411775101388063,0.3604669783967358,1.4452258710652603,0.3184389362690055
683,0.8772856528776869,0.8199224079045884,1.541177510138779,0.3604669783967294,1.4452258710652504,0.31843893626900194
684,0.877285652877689,0.8199224079045936,1.541177510138803,0.36046697839672354,1.445225871065276,0.3184389362689967
685,0.8772856528776887,0.8199224079045953,1.5411775101388399,0.3604669783967181,1.4452258710652843,0.3184389362689919
686,0.8772856528776882,0.8199224079045959,1.5411775101388325,0.360466978396727,1.4452258710652919,0.31843893626898767
687,0.8772856528776873,0.819922407904597,1.5411775101388383,0.36046697839672237,1.445225871065299,0.3184389362689836
688,0.8772856528776879,0.8199224079045945,1.541177510138891,0.36046697839673,1.4452258710653054,0.31843893626897984
689,0.8772856528776898,0.8199224079045975,1.5411775101389067,0.36046697839672603,1.4452258710653223,0.3184389362689764
690,0.8772856528776904,0.819922407904598,1.5411775101389011,0.3604669783967324,1.4452258710653478,0.3184389362689732
691,0.8772856528776906,0.8199224079046027,1.541177510138902,0.3604669783967325,1.4452258710653345,0.31843893626897024
692,0.8772856528776916,0.8199224079046031,1.541177510138906,0.36046697839672937,1.4452258710653305,0.3184389362689675
693,0.8772856528776906,0.8199224079046046,1.5411775101389253,0.36046697839672653,1.4452258710653507,0.318438936268965
694,0.8772856528776903,0.819922407904605,1.541177510138936,0.360466978396724,1.4452258710653476,0.31843893626897
695,0.8772856528776911,0.8199224079046089,1.5411775101389258,0.3604669783967216,1.44522587106535,0.31843893626896924
696,0.8772856528776917,0.8199224079046095,1.541177510138935,0.3604669783967194,1.4452258710653412,0.3184389362689673
697,0.8772856528776912,0.8199224079046102,1.5411775101389311,0.36046697839671815,1.4452258710653378,0.31843893626896635
698,0.8772856528776914,0.8199224079046106,1.5411775101389282,0.3604669783967165,1.4452258710653354,0.3184389362689649
699,0.8772856528776907,0.8199224079046105,1.5411775101389258,0.36046697839671477,1.4452258710653507,0.3184389362689634
700,0.8772856528776907,0.8199224079046115,1.541177510138919,0.36046697839671316,1.4452258710653665,0.3184389362689621
701,0.877285652877691,0.8199224079046119,1.5411775101389165,0.36046697839671166,1.4452258710653727,0.31843893626896075
702,0.8772856528776902,0.8199224079046126,1.5411775101389182,0.3604669783967141,1.4452258710653745,0.31843893626895964
703,0.8772856528776902,0.8199224079046143,1.5411775101389162,0.36046697839671304,1.4452258710653763,0.31843893626895886
704,0.8772856528776894,0.8199224079046151,1.5411775101389142,0.36046697839671216,1.4452258710653745,0.31843893626895814
705,0.8772856528776894,0.8199224079046157,1.5411775101389127,0.3604669783967111,1.445225871065379,0.31843893626895725
706,0.8772856528776893,0.8199224079046167,1.541177510138914,0.36046697839671027,1.4452258710653805,0.31843893626895653
707,0.877285652877689,0.8199224079046169,1.5411775101389178,0.3604669783967094,1.4452258710653794,0.31843893626895575
708,0.8772856528776891,0.819922407904617,1.541177510138921,0.3604669783967088,1.445225871065376,0.31843893626895725
709,0.877285652877689,0.8199224079046172,1.5411775101389238,0.36046697839671016,1.4452258710653814,0.3184389362689587
710,0.8772856528776891,0.819922407904617,1.5411775101389211,0.36046697839671116,1.4452258710653803,0.31843893626895836
711,0.8772856528776892,0.819922407904617,1.5411775101389202,0.3604669783967105,1.4452258710653794,0.3184389362689596
712,0.8772856528776893,0.8199224079046173,1.5411775101389258,0.36046697839671155,1.445225871065377,0.318438936268959
713,0.8772856528776892,0.8199224079046178,1.5411775101389233,0.360466978396711,1.445225871065379,0.3184389362689604
714,0.8772856528776891,0.8199224079046178,1.5411775101389256,0.3604669783967105,1.4452258710653811,0.31843893626896136
715,0.877285652877689,0.8199224079046178,1.541177510138929,0.36046697839671005,1.4452258710653858,0.31843893626896097
716,0.8772856528776891,0.8199224079046178,1.5411775101389342,0.3604669783967096,1.4452258710653851,0.3184389362689606
717,0.8772856528776892,0.8199224079046179,1.5411775101389356,0.3604669783967092,1.4452258710653858,0.31843893626896025
718,0.8772856528776892,0.8199224079046175,1.541177510138934,0.3604669783967089,1.4452258710653862,0.31843893626895997
719,0.8772856528776891,0.8199224079046176,1.5411775101389336,0.36046697839670944,1.4452258710653876,0.3184389362689597
720,0.8772856528776891,0.8199224079046173,1.541177510138934,0.36046697839670916,1.445225871065388,0.31843893626895947
721,0.8772856528776893,0.8199224079046173,1.5411775101389336,0.3604669783967089,1.4452258710653876,0.31843893626895925
722,0.8772856528776892,0.8199224079046173,1.5411775101389338,0.3604669783967094,1.4452258710653874,0.318438936268959
723,0.8772856528776892,0.8199224079046173,1.541177510138934,0.36046697839670916,1.4452258710653878,0.3184389362689588
724,0.8772856528776891,0.8199224079046175,1.5411775101389342,0.360466978396709,1.445225871065387,0.31843893626895864
725,0.8772856528776892,0.8199224079046175,1.5411775101389338,0.36046697839670877,1.445225871065386,0.3184389362689585
726,0.8772856528776891,0.8199224079046173,1.5411775101389333,0.3604669783967088,1.4452258710653856,0.3184389362689586
727,0.8772856528776889,0.8199224079046173,1.5411775101389331,0.3604669783967091,1.4452258710653867,0.3184389362689584
728,0.877285652877689,0.8199224079046175,1.541177510138933,0.36046697839670894,1.445225871065387,0.3184389362689583
729,0.8772856528776892,0.8199224079046176,1.5411775101389324,0.3604669783967092,1.4452258710653871,0.3184389362689582
730,0.8772856528776893,0.8199224079046177,1.5411775101389327,0.36046697839670944,1.4452258710653874,0.3184389362689581
731,0.8772856528776893,0.8199224079046177,1.5411775101389324,0.36046697839670966,1.4452258710653876,0.31843893626895836
732,0.8772856528776894,0.8199224079046178,1.5411775101389322,0.3604669783967097,1.4452258710653874,0.31843893626895853
733,0.8772856528776893,0.8199224079046178,1.5411775101389318,0.36046697839670966,1.4452258710653876,0.3184389362689585
734,0.8772856528776893,0.8199224079046178,1.5411775101389313,0.3604669783967096,1.4452258710653876,0.3184389362689584
735,0.8772856528776892,0.8199224079046178,1.5411775101389311,0.36046697839671,1.4452258710653885,0.31843893626895836
736,0.8772856528776893,0.8199224079046178,1.5411775101389307,0.36046697839670994,1.4452258710653891,0.3184389362689583
737,0.8772856528776893,0.8199224079046178,1.5411775101389302,0.3604669783967099,1.4452258710653894,0.31843893626895825
738,0.8772856528776892,0.8199224079046178,1.5411775101389302,0.3604669783967098,1.4452258710653894,0.3184389362689582
739,0.8772856528776893,0.8199224079046178,1.541177510138931,0.36046697839670977,1.4452258710653896,0.3184389362689583
740,0.8772856528776893,0.8199224079046178,1.5411775101389311,0.3604669783967097,1.4452258710653896,0.31843893626895825
741,0.8772856528776894,0.8199224079046178,1.541177510138931,0.36046697839670966,1.4452258710653894,0.3184389362689582
742,0.8772856528776897,0.8199224079046178,1.541177510138931,0.3604669783967097,1.4452258710653894,0.31843893626895814
743,0.8772856528776897,0.8199224079046178,1.5411775101389311,0.36046697839670966,1.4452258710653894,0.3184389362689582
744,0.8772856528776898,0.8199224079046178,1.541177510138931,0.3604669783967096,1.4452258710653891,0.31843893626895814
745,0.8772856528776898,0.8199224079046178,1.541177510138931,0.36046697839670955,1.4452258710653891,0.3184389362689582
746,0.8772856528776899,0.8199224079046178,1.5411775101389307,0.3604669783967095,1.4452258710653891,0.31843893626895814
747,0.87728565287769,0.8199224079046178,1.5411775101389305,0.36046697839670944,1.4452258710653891,0.3184389362689581
748,0.87728565287769,0.8199224079046178,1.5411775101389305,0.3604669783967094,1.4452258710653891,0.31843893626895803
749,0.8772856528776901,0.8199224079046178,1.5411775101389302,0.3604669783967093,1.4452258710653894,0.318438936268958
750,0.8772856528776903,0.8199224079046178,1.5411775101389302,0.36046697839670927,1.4452258710653891,0.3184389362689579
751,0.8772856528776904,0.8199224079046177,1.54117751013893,0.3604669783967092,1.445225871065389,0.31843893626895786
752,0.8772856528776903,0.8199224079046177,1.54117751013893,0.3604669783967092,1.445225871065389,0.31843893626895786
753,0.8772856528776904,0.8199224079046177,1.54117751013893,0.3604669783967092,1.445225871065389,0.31843893626895786
754,0.8772856528776906,0.8199224079046178,1.54117751013893,0.3604669783967092,1.445225871065389,0.31843893626895786
755,0.8772856528776906,0.8199224079046178,1.5411775101389302,0.3604669783967092,1.445225871065389,0.31843893626895786
756,0.8772856528776906,0.8199224079046178,1.5411775101389302,0.3604669783967092,1.445225871065389,0.31843893626895786
757,0.8772856528776907,0.8199224079046178,1.5411775101389302,0.3604669783967092,1.445225871065389,0.31843893626895786
758,0.8772856528776907,0.8199224079046178,1.5411775101389302,0.3604669783967092,1.445225871065389,0.31843893626895786
759,0.8772856528776907,0.8199224079046178,1.5411775101389302,0.3604669783967092,1.445225871065389,0.31843893626895786
760,0.8772856528776907,0.8199224079046178,1.5411775101389302,0.3604669783967092,1.4452258710653891,0.31843893626895786
761,0.8772856528776907,0.8199224079046178,1.5411775101389302,0.3604669783967092,1.4452258710653891,0.31843893626895786
762,0.8772856528776907,0.8199224079046178,1.5411775101389302,0.3604669783967092,1.4452258710653891,0.31843893626895786
763,0.8772856528776907,0.8199224079046178,1.5411775101389302,0.3604669783967092,1.4452258710653891,0.31843893626895786
764,0.8772856528776907,0.8199224079046178,1.5411775101389302,0.3604669783967092,1.4452258710653891,0.31843893626895786
765,0.8772856528776907,0.8199224079046178,1.5411775101389302,0.3604669783967092,1.4452258710653891,0.31843893626895786
766,0.8772856528776907,0.8199224079046178,1.5411775101389302,0.3604669783967092,1.4452258710653891,0.31843893626895786
767,0.8772856528776907,0.8199224079046178,1.5411775101389302,0.3604669783967092,1.4452258710653891,0.31843893626895786
768,0.8772856528776907,0.8199224079046178,1.5411775101389302,0.3604669783967092,1.4452258710653891,0.31843893626895786
769,0.8772856528776907,0.8199224079046177,1.5411775101389302,0.3604669783967092,1.4452258710653891,0.31843893626895786
770,0.8772856528776907,0.8199224079046177,1.5411775101389302,0.3604669783967092,1.4452258710653891,0.31843893626895786
771,0.8772856528776907,0.8199224079046177,1.5411775101389302,0.3604669783967092,1.4452258710653891,0.31843893626895786
772,0.8772856528776907,0.8199224079046177,1.5411775101389302,0.3604669783967092,1.4452258710653891,0.31843893626895786
773,0.8772856528776907,0.8199224079046177,1.5411775101389302,0.3604669783967092,1.4452258710653891,0.31843893626895786
774,0.8772856528776907,0.8199224079046177,1.5411775101389302,0.3604669783967092,1.4452258710653891,0.31843893626895786
775,0.8772856528776907,0.8199224079046177,1.5411775101389302,0.3604669783967092,1.4452258710653891,0.31843893626895786
776,0.8772856528776907,0.8199224079046177,1.5411775101389302,0.3604669783967092,1.4452258710653891,0.31843893626895786
777,0.8772856528776907,0.8199224079046177,1.5411775101389302,0.3604669783967092,1.4452258710653891,0.31843893626895786
778,0.8772856528776907,0.8199224079046177,1.5411775101389302,0.3604669783967092,1.4452258710653891,0.31843893626895786
779,0.8772856528776907,0.8199224079046177,1.5411775101389302,0.3604669783967092,1.4452258710653891,0.31843893626895786
780,0.8772856528776907,0.8199224079046177,1.5411775101389302,0.3604669783967092,1.4452258710653891,0.31843893626895786
781,0.8772856528776907,0.8199224079046177,1.5411775101389302,0.3604669783967092,1.4452258710653891,0.31843893626895786
782,0.8772856528776907,0.8199224079046177,1.5411775101389302,0.3604669783967092,1.4452258710653891,0.31843893626895786
783,0.8772856528776907,0.8199224079046177,1.5411775101389302,0.3604669783967092,1.4452258710653891,0.31843893626895786
784,0.8772856528776907,0.8199224079046177,1.5411775101389302,0.3604669783967092,1.4452258710653891,0.31843893626895786
785,0.8772856528776907,0.8199224079046177,1.5411775101389302,0.3604669783967092,1.4452258710653891,0.31843893626895786
786,0.8772856528776907,0.8199224079046177,1.5411775101389302,0.3604669783967092,1.4452258710653891,0.31843893626895786
787,0.8772856528776907,0.8199224079046177,1.5411775101389302,0.3604669783967092,1.4452258710653891,0.31843893626895786
788,0.8772856528776907,0.8199224079046177,1.5411775101389302,0.3604669783967092,1.4452258710653891,0.31843893626895786
789,0.8772856528776907,0.8199224079046177,1.5411775101389302,0.3604669783967092,1.4452258710653891,0.31843893626895786
790,0.8772856528776907,0.8199224079046177,1.5411775101389302,0.3604669783967092,1.4452258710653891,0.31843893626895786
791,0.8772856528776907,0.8199224079046177,1.5411775101389302,0.3604669783967092,1.4452258710653891,0.31843893626895786
792,0.8772856528776907,0.8199224079046177,1.5411775101389302,0.3604669783967092,1.4452258710653891,0.31843893626895786
793,0.8772856528776907,0.8199224079046177,1.5411775101389302,0.3604669783967092,1.4452258710653891,0.31843893626895786
794,0.8772856528776907,0.8199224079046177,1.5411775101389302,0.3604669783967092,1.4452258710653891,0.31843893626895786
795,0.8772856528776907,0.8199224079046177,1.5411775101389302,0.3604669783967092,1.4452258710653891,0.31843893626895786
796,0.8772856528776907,0.8199224079046177,1.5411775101389302,0.3604669783967092,1.4452258710653891,0.31843893626895786
797,0.8772856528776907,0.8199224079046177,1.5411775101389302,0.3604669783967092,1.4452258710653891,0.31843893626895786
798,0.8772856528776907,0.8199224079046177,1.5411775101389302,0.3604669783967092,1.4452258710653891,0.31843893626895786
799,0.8772856528776907,0.8199224079046177,1.5411775101389302,0.3604669783967092,1.4452258710653891,0.31843893626895786
800,0.8772856528776907,0.8199224079046177,1.5411775101389302,0.3604669783967092,1.4452258710653891,0.31843893626895786
801,0.8772856528776907,0.8199224079046177,1.5411775101389302,0.3604669783967092,1.4452258710653891,0.31843893626895786
802,0.8772856528776907,0.8199224079046177,1.5411775101389302,0.3604669783967092,1.4452258710653891,0.31843893626895786
803,0.8772856528776907,0.8199224079046177,1.5411775101389302,0.3604669783967092,1.4452258710653891,0.31843893626895786
804,0.8772856528776907,0.8199224079046177,1.5411775101389302,0.3604669783967092,1.4452258710653891,0.31843893626895786
805,0.8772856528776907,0.8199224079046177,1.5411775101389302,0.3604669783967092,1.4452258710653891,0.31843893626895786
806,0.8772856528776907,0.8199224079046177,1.5411775101389302,0.3604669783967092,1.4452258710653891,0.31843893626895786
807,0.8772856528776907,0.8199224079046177,1.5411775101389302,0.3604669783967092,1.4452258710653891,0.31843893626895786
808,0.8772856528776907,0.8199224079046177,1.5411775101389302,0.3604669783967092,1.4452258710653891,0.31843893626895786
809,0.8772856528776907,0.8199224079046177,1.5411775101389302,0.3604669783967092,1.4452258710653891,0.31843893626895786
810,0.8772856528776907,0.8199224079046177,1.5411775101389302,0.3604669783967092,1.4452258710653891,0.31843893626895786
811,0.8772856528776907,0.8199224079046177,1.5411775101389302,0.3604669783967092,1.4452258710653891,0.31843893626895786
812,0.8772856528776907,0.8199224079046177,1.5411775101389302,0.3604669783967092,1.4452258710653891,0.31843893626895786
813,0.8772856528776907,0.8199224079046177,1.5411775101389302,0.3604669783967092,1.4452258710653891,0.31843893626895786
814,0.8772856528776907,0.8199224079046177,1.5411775101389302,0.3604669783967092,1.4452258710653891,0.31843893626895786
815,0.8772856528776907,0.8199224079046177,1.5411775101389302,0.3604669783967092,1.4452258710653891,0.31843893626895786
816,0.8772856528776907,0.8199224079046177,1.5411775101389302,0.3604669783967092,1.4452258710653891,0.31843893626895786
817,0.8772856528776907,0.8199224079046177,1.5411775101389302,0.3604669783967092,1.4452258710653891,0.31843893626895786
818,0.8772856528776907,0.8199224079046177,1.5411775101389302,0.3604669783967092,1.4452258710653891,0.31843893626895786
819,0.8772856528776907,0.8199224079046177,1.5411775101389302,0.3604669783967092,1.4452258710653891,0.31843893626895786
820,0.8772856528776907,0.8199224079046177,1.5411775101389302,0.3604669783967092,1.4452258710653891,0.31843893626895786
821,0.8772856528776907,0.8199224079046177,1.5411775101389302,0.3604669783967092,1.4452258710653891,0.31843893626895786
822,0.8772856528776907,0.8199224079046177,1.5411775101389302,0.3604669783967092,1.4452258710653891,0.31843893626895786
823,0.8772856528776907,0.8199224079046177,1.5411775101389302,0.3604669783967092,1.4452258710653891,0.31843893626895786
824,0.8772856528776907,0.8199224079046177,1.5411775101389302,0.3604669783967092,1.4452258710653891,0.31843893626895786
825,0.8772856528776907,0.8199224079046177,1.5411775101389302,0.3604669783967092,1.4452258710653891,0.31843893626895786
826,0.8772856528776907,0.8199224079046177,1.5411775101389302,0.3604669783967092,1.4452258710653891,0.31843893626895786
827,0.8772856528776907,0.8199224079046177,1.5411775101389302,0.3604669783967092,1.4452258710653891,0.31843893626895786
828,0.8772856528776907,0.8199224079046177,1.5411775101389302,0.3604669783967092,1.4452258710653891,0.31843893626895786
829,0.8772856528776907,0.8199224079046177,1.5411775101389302,0.3604669783967092,1.4452258710653891,0.31843893626895786
830,0.8772856528776907,0.8199224079046177,1.5411775101389302,0.3604669783967092,1.4452258710653891,0.31843893626895786
831,0.8772856528776907,0.8199224079046177,1.5411775101389302,0.3604669783967092,1.4452258710653891,0.31843893626895786
832,0.8772856528776907,0.8199224079046177,1.5411775101389302,0.3604669783967092,1.4452258710653891,0.31843893626895786
833,0.8772856528776907,0.8199224079046177,1.5411775101389302,0.3604669783967092,1.4452258710653891,0.31843893626895786
834,0.8772856528776907,0.8199224079046177,1.5411775101389302,0.3604669783967092,1.4452258710653891,0.31843893626895786
835,0.8772856528776907,0.8199224079046177,1.5411775101389302,0.3604669783967092,1.4452258710653891,0.31843893626895786
836,0.8772856528776907,0.8199224079046177,1.5411775101389302,0.3604669783967092,1.4452258710653891,0.31843893626895786
837,0.8772856528776907,0.8199224079046177,1.5411775101389302,0.3604669783967092,1.4452258710653891,0.31843893626895786
838,0.8772856528776907,0.8199224079046177,1.5411775101389302,0.3604669783967092,1.4452258710653891,0.31843893626895786
839,0.8772856528776907,0.8199224079046177,1.5411775101389302,0.3604669783967092,1.4452258710653891,0.31843893626895786
840,0.8772856528776907,0.8199224079046177,1.5411775101389302,0.3604669783967092,1.4452258710653891,0.31843893626895786
841,0.8772856528776907,0.8199224079046177,1.5411775101389302,0.3604669783967092,1.4452258710653891,0.31843893626895786
842,0.8772856528776907,0.8199224079046177,1.5411775101389302,0.3604669783967092,1.4452258710653891,0.31843893626895786
843,0.8772856528776907,0.8199224079046177,1.5411775101389302,0.3604669783967092,1.4452258710653891,0.31843893626895786
844,0.8772856528776907,0.8199224079046177,1.5411775101389302,0.3604669783967092,1.4452258710653891,0.31843893626895786
845,0.8772856528776907,0.8199224079046177,1.5411775101389302,0.3604669783967092,1.4452258710653891,0.31843893626895786
846,0.8772856528776907,0.8199224079046177,1.5411775101389302,0.3604669783967092,1.4452258710653891,0.31843893626895786
847,0.8772856528776907,0.8199224079046177,1.5411775101389302,0.3604669783967092,1.4452258710653891,0.31843893626895786
848,0.8772856528776907,0.8199224079046177,1.5411775101389302,0.3604669783967092,1.4452258710653891,0.31843893626895786
849,0.8772856528776907,0.8199224079046177,1.5411775101389302,0.3604669783967092,1.4452258710653891,0.31843893626895786
850,0.8772856528776907,0.8199224079046177,1.5411775101389302,0.3604669783967092,1.4452258710653891,0.31843893626895786
851,0.8772856528776907,0.8199224079046177,1.5411775101389302,0.3604669783967092,1.4452258710653891,0.31843893626895786
852,0.8772856528776907,0.8199224079046177,1.5411775101389302,0.3604669783967092,1.4452258710653891,0.31843893626895786
853,0.8772856528776907,0.8199224079046177,1.5411775101389302,0.3604669783967092,1.4452258710653891,0.31843893626895786
854,0.8772856528776907,0.8199224079046177,1.5411775101389302,0.3604669783967092,1.4452258710653891,0.31843893626895786
855,0.8772856528776907,0.8199224079046177,1.5411775101389302,0.3604669783967092,1.4452258710653891,0.31843893626895786
856,0.8772856528776907,0.8199224079046177,1.5411775101389302,0.3604669783967092,1.4452258710653891,0.31843893626895786
857,0.8772856528776907,0.8199224079046177,1.5411775101389302,0.3604669783967092,1.4452258710653891,0.31843893626895786
858,0.8772856528776907,0.8199224079046177,1.5411775101389302,0.3604669783967092,1.4452258710653891,0.31843893626895786
859,0.8772856528776907,0.8199224079046177,1.5411775101389302,0.3604669783967092,1.4452258710653891,0.31843893626895786
860,0.8772856528776907,0.8199224079046177,1.5411775101389302,0.3604669783967092,1.4452258710653891,0.31843893626895786
861,0.8772856528776907,0.8199224079046177,1.5411775101389302,0.3604669783967092,1.4452258710653891,0.31843893626895786
862,0.8772856528776907,0.8199224079046177,1.5411775101389302,0.3604669783967092,1.4452258710653891,0.31843893626895786
863,0.8772856528776907,0.8199224079046177,1.5411775101389302,0.3604669783967092,1.4452258710653891,0.31843893626895786
864,0.8772856528776907,0.8199224079046177,1.5411775101389302,0.3604669783967092,1.4452258710653891,0.31843893626895786
865,0.8772856528776907,0.8199224079046177,1.5411775101389302,0.3604669783967092,1.4452258710653891,0.31843893626895786
866,0.8772856528776907,0.8199224079046177,1.5411775101389302,0.3604669783967092,1.4452258710653891,0.31843893626895786
867,0.8772856528776907,0.8199224079046177,1.5411775101389302,0.3604669783967092,1.4452258710653891,0.31843893626895786
868,0.8772856528776907,0.8199224079046177,1.5411775101389302,0.3604669783967092,1.4452258710653891,0.31843893626895786
869,0.8772856528776907,0.8199224079046177,1.5411775101389302,0.3604669783967092,1.4452258710653891,0.31843893626895786
870,0.8772856528776907,0.8199224079046177,1.5411775101389302,0.3604669783967092,1.4452258710653891,0.31843893626895786
871,0.8772856528776907,0.8199224079046177,1.5411775101389302,0.3604669783967092,1.4452258710653891,0.31843893626895786
872,0.8772856528776907,0.8199224079046177,1.5411775101389302,0.3604669783967092,1.4452258710653891,0.31843893626895786
873,0.8772856528776907,0.8199224079046177,1.5411775101389302,0.3604669783967092,1.4452258710653891,0.31843893626895786
874,0.8772856528776907,0.8199224079046177,1.5411775101389302,0.3604669783967092,1.4452258710653891,0.31843893626895786
875,0.8772856528776907,0.8199224079046177,1.5411775101389302,0.3604669783967092,1.4452258710653891,0.31843893626895786
876,0.8772856528776907,0.8199224079046177,1.5411775101389302,0.3604669783967092,1.4452258710653891,0.31843893626895786
877,0.8772856528776907,0.8199224079046177,1.5411775101389302,0.3604669783967092,1.4452258710653891,0.31843893626895786
878,0.8772856528776907,0.8199224079046177,1.5411775101389302,0.3604669783967092,1.4452258710653891,0.31843893626895786
879,0.8772856528776907,0.8199224079046177,1.5411775101389302,0.3604669783967092,1.4452258710653891,0.31843893626895786
880,0.8772856528776907,0.8199224079046177,1.5411775101389302,0.3604669783967092,1.4452258710653891,0.31843893626895786
881,0.8772856528776907,0.8199224079046177,1.5411775101389302,0.3604669783967092,1.4452258710653891,0.31843893626895786
882,0.8772856528776907,0.8199224079046177,1.5411775101389302,0.3604669783967092,1.4452258710653891,0.31843893626895786
883,0.8772856528776907,0.8199224079046177,1.5411775101389302,0.3604669783967092,1.4452258710653891,0.31843893626895786
884,0.8772856528776907,0.8199224079046177,1.5411775101389302,0.3604669783967092,1.4452258710653891,0.31843893626895786
885,0.8772856528776907,0.8199224079046177,1.5411775101389302,0.3604669783967092,1.4452258710653891,0.31843893626895786
886,0.8772856528776907,0.8199224079046177,1.5411775101389302,0.3604669783967092,1.4452258710653891,0.31843893626895786
887,0.8772856528776907,0.8199224079046177,1.5411775101389302,0.3604669783967092,1.4452258710653891,0.31843893626895786
888,0.8772856528776907,0.8199224079046177,1.5411775101389302,0.3604669783967092,1.4452258710653891,0.31843893626895786
889,0.8772856528776907,0.8199224079046177,1.5411775101389302,0.3604669783967092,1.4452258710653891,0.31843893626895786
890,0.8772856528776907,0.8199224079046177,1.5411775101389302,0.3604669783967092,1.4452258710653891,0.31843893626895786
891,0.8772856528776907,0.8199224079046177,1.5411775101389302,0.3604669783967092,1.4452258710653891,0.31843893626895786
892,0.8772856528776907,0.8199224079046177,1.5411775101389302,0.3604669783967092,1.4452258710653891,0.31843893626895786
893,0.8772856528776907,0.8199224079046177,1.5411775101389302,0.3604669783967092,1.4452258710653891,0.31843893626895786
894,0.8772856528776907,0.8199224079046177,1.5411775101389302,0.3604669783967092,1.4452258710653891,0.31843893626895786
895,0.8772856528776907,0.8199224079046177,1.5411775101389302,0.3604669783967092,1.4452258710653891,0.31843893626895786
896,0.8772856528776907,0.8199224079046177,1.5411775101389302,0.3604669783967092,1.4452258710653891,0.31843893626895786
897,0.8772856528776907,0.8199224079046177,1.5411775101389302,0.3604669783967092,1.4452258710653891,0.31843893626895786
898,0.8772856528776907,0.8199224079046177,1.5411775101389302,0.3604669783967092,1.4452258710653891,0.31843893626895786
899,0.8772856528776907,0.8199224079046177,1.5411775101389302,0.3604669783967092,1.4452258710653891,0.31843893626895786
900,0.8772856528776907,0.8199224079046177,1.5411775101389302,0.3604669783967092,1.4452258710653891,0.31843893626895786
901,0.8772856528776907,0.8199224079046177,1.5411775101389302,0.3604669783967092,1.4452258710653891,0.31843893626895786
902,0.8772856528776907,0.8199224079046177,1.5411775101389302,0.3604669783967092,1.4452258710653891,0.31843893626895786
903,0.8772856528776907,0.8199224079046177,1.5411775101389302,0.3604669783967092,1.4452258710653891,0.31843893626895786
904,0.8772856528776907,0.8199224079046177,1.5411775101389302,0.3604669783967092,1.4452258710653891,0.31843893626895786
905,0.8772856528776907,0.8199224079046177,1.5411775101389302,0.3604669783967092,1.4452258710653891,0.31843893626895786
906,0.8772856528776907,0.8199224079046177,1.5411775101389302,0.3604669783967092,1.4452258710653891,0.31843893626895786
907,0.8772856528776907,0.8199224079046177,1.5411775101389302,0.3604669783967092,1.4452258710653891,0.31843893626895786
908,0.8772856528776907,0.8199224079046177,1.5411775101389302,0.3604669783967092,1.4452258710653891,0.31843893626895786
909,0.8772856528776907,0.8199224079046177,1.5411775101389302,0.3604669783967092,1.4452258710653891,0.31843893626895786
910,0.8772856528776907,0.8199224079046177,1.5411775101389302,0.3604669783967092,1.4452258710653891,0.31843893626895786
911,0.8772856528776907,0.8199224079046177,1.5411775101389302,0.3604669783967092,1.4452258710653891,0.31843893626895786
912,0.8772856528776907,0.8199224079046177,1.5411775101389302,0.3604669783967092,1.4452258710653891,0.31843893626895786
913,0.8772856528776907,0.8199224079046177,1.5411775101389302,0.3604669783967092,1.4452258710653891,0.31843893626895786
914,0.8772856528776907,0.8199224079046177,1.5411775101389302,0.3604669783967092,1.4452258710653891,0.31843893626895786
915,0.8772856528776907,0.8199224079046177,1.5411775101389302,0.3604669783967092,1.4452258710653891,0.31843893626895786
916,0.8772856528776907,0.8199224079046177,1.5411775101389302,0.3604669783967092,1.4452258710653891,0.31843893626895786
917,0.8772856528776907,0.8199224079046177,1.5411775101389302,0.3604669783967092,1.4452258710653891,0.31843893626895786
918,0.8772856528776907,0.8199224079046177,1.5411775101389302,0.3604669783967092,1.4452258710653891,0.31843893626895786
919,0.8772856528776907,0.8199224079046177,1.5411775101389302,0.3604669783967092,1.4452258710653891,0.31843893626895786
920,0.8772856528776907,0.8199224079046177,1.5411775101389302,0.3604669783967092,1.4452258710653891,0.31843893626895786
921,0.8772856528776907,0.8199224079046177,1.5411775101389302,0.3604669783967092,1.4452258710653891,0.31843893626895786
922,0.8772856528776907,0.8199224079046177,1.5411775101389302,0.3604669783967092,1.4452258710653891,0.31843893626895786
923,0.8772856528776907,0.8199224079046177,1.5411775101389302,0.3604669783967092,1.4452258710653891,0.31843893626895786
924,0.8772856528776907,0.8199224079046177,1.5411775101389302,0.3604669783967092,1.4452258710653891,0.31843893626895786
925,0.8772856528776907,0.8199224079046177,1.5411775101389302,0.3604669783967092,1.4452258710653891,0.31843893626895786
926,0.8772856528776907,0.8199224079046177,1.5411775101389302,0.3604669783967092,1.4452258710653891,0.31843893626895786
927,0.8772856528776907,0.8199224079046177,1.5411775101389302,0.3604669783967092,1.4452258710653891,0.31843893626895786
928,0.8772856528776907,0.8199224079046177,1.5411775101389302,0.3604669783967092,1.4452258710653891,0.31843893626895786
929,0.8772856528776907,0.8199224079046177,1.5411775101389302,0.3604669783967092,1.4452258710653891,0.31843893626895786
930,0.8772856528776907,0.8199224079046177,1.5411775101389302,0.3604669783967092,1.4452258710653891,0.31843893626895786
931,0.8772856528776907,0.8199224079046177,1.5411775101389302,0.3604669783967092,1.4452258710653891,0.31843893626895786
932,0.8772856528776907,0.8199224079046177,1.5411775101389302,0.3604669783967092,1.4452258710653891,0.31843893626895786
933,0.8772856528776907,0.8199224079046177,1.5411775101389302,0.3604669783967092,1.4452258710653891,0.31843893626895786
934,0.8772856528776907,0.8199224079046177,1.5411775101389302,0.3604669783967092,1.4452258710653891,0.31843893626895786
935,0.8772856528776907,0.8199224079046177,1.5411775101389302,0.3604669783967092,1.4452258710653891,0.31843893626895786
936,0.8772856528776907,0.8199224079046177,1.5411775101389302,0.3604669783967092,1.4452258710653891,0.31843893626895786
937,0.8772856528776907,0.8199224079046177,1.5411775101389302,0.3604669783967092,1.4452258710653891,0.31843893626895786
938,0.8772856528776907,0.8199224079046177,1.5411775101389302,0.3604669783967092,1.4452258710653891,0.31843893626895786
939,0.8772856528776907,0.8199224079046177,1.5411775101389302,0.3604669783967092,1.4452258710653891,0.31843893626895786
940,0.8772856528776907,0.8199224079046177,1.5411775101389302,0.3604669783967092,1.4452258710653891,0.31843893626895786
941,0.8772856528776907,0.8199224079046177,1.5411775101389302,0.3604669783967092,1.4452258710653891,0.31843893626895786
942,0.8772856528776907,0.8199224079046177,1.5411775101389302,0.3604669783967092,1.4452258710653891,0.31843893626895786
943,0.8772856528776907,0.8199224079046177,1.5411775101389302,0.3604669783967092,1.4452258710653891,0.31843893626895786
944,0.8772856528776907,0.8199224079046177,1.5411775101389302,0.3604669783967092,1.4452258710653891,0.31843893626895786
945,0.8772856528776907,0.8199224079046177,1.5411775101389302,0.3604669783967092,1.4452258710653891,0.31843893626895786
946,0.8772856528776907,0.8199224079046177,1.5411775101389302,0.3604669783967092,1.4452258710653891,0.31843893626895786
947,0.8772856528776907,0.8199224079046177,1.5411775101389302,0.3604669783967092,1.4452258710653891,0.31843893626895786
948,0.8772856528776907,0.8199224079046177,1.5411775101389302,0.3604669783967092,1.4452258710653891,0.31843893626895786
949,0.8772856528776907,0.8199224079046177,1.5411775101389302,0.3604669783967092,1.4452258710653891,0.31843893626895786
950,0.8772856528776907,0.8199224079046177,1.5411775101389302,0.3604669783967092,1.4452258710653891,0.31843893626895786
951,0.8772856528776907,0.8199224079046177,1.5411775101389302,0.3604669783967092,1.4452258710653891,0.31843893626895786
952,0.8772856528776907,0.8199224079046177,1.5411775101389302,0.3604669783967092,1.4452258710653891,0.31843893626895786
953,0.8772856528776907,0.8199224079046177,1.5411775101389302,0.3604669783967092,1.4452258710653891,0.31843893626895786
954,0.8772856528776907,0.8199224079046177,1.5411775101389302,0.3604669783967092,1.4452258710653891,0.31843893626895786
955,0.8772856528776907,0.8199224079046177,1.5411775101389302,0.3604669783967092,1.4452258710653891,0.31843893626895786
956,0.8772856528776907,0.8199224079046177,1.5411775101389302,0.3604669783967092,1.4452258710653891,0.31843893626895786
957,0.8772856528776907,0.8199224079046177,1.5411775101389302,0.3604669783967092,1.4452258710653891,0.31843893626895786
958,0.8772856528776907,0.8199224079046177,1.5411775101389302,0.3604669783967092,1.4452258710653891,0.31843893626895786
959,0.8772856528776907,0.8199224079046177,1.5411775101389302,0.3604669783967092,1.4452258710653891,0.31843893626895786
960,0.8772856528776907,0.8199224079046177,1.5411775101389302,0.3604669783967092,1.4452258710653891,0.31843893626895786
961,0.8772856528776907,0.8199224079046177,1.5411775101389302,0.3604669783967092,1.4452258710653891,0.31843893626895786
962,0.8772856528776907,0.8199224079046177,1.5411775101389302,0.3604669783967092,1.4452258710653891,0.31843893626895786
963,0.8772856528776907,0.8199224079046177,1.5411775101389302,0.3604669783967092,1.4452258710653891,0.31843893626895786
964,0.8772856528776907,0.8199224079046177,1.5411775101389302,0.3604669783967092,1.4452258710653891,0.31843893626895786
965,0.8772856528776907,0.8199224079046177,1.5411775101389302,0.3604669783967092,1.4452258710653891,0.31843893626895786
966,0.8772856528776907,0.8199224079046177,1.5411775101389302,0.3604669783967092,1.4452258710653891,0.31843893626895786
967,0.8772856528776907,0.8199224079046177,1.5411775101389302,0.3604669783967092,1.4452258710653891,0.31843893626895786
968,0.8772856528776907,0.8199224079046177,1.5411775101389302,0.3604669783967092,1.4452258710653891,0.31843893626895786
969,0.8772856528776907,0.8199224079046177,1.5411775101389302,0.3604669783967092,1.4452258710653891,0.31843893626895786
970,0.8772856528776907,0.8199224079046177,1.5411775101389302,0.3604669783967092,1.4452258710653891,0.31843893626895786
971,0.8772856528776907,0.8199224079046177,1.5411775101389302,0.3604669783967092,1.4452258710653891,0.31843893626895786
972,0.8772856528776907,0.8199224079046177,1.5411775101389302,0.3604669783967092,1.4452258710653891,0.31843893626895786
973,0.8772856528776907,0.8199224079046177,1.5411775101389302,0.3604669783967092,1.4452258710653891,0.31843893626895786
974,0.8772856528776907,0.8199224079046177,1.5411775101389302,0.3604669783967092,1.4452258710653891,0.31843893626895786
975,0.8772856528776907,0.8199224079046177,1.5411775101389302,0.3604669783967092,1.4452258710653891,0.31843893626895786
976,0.8772856528776907,0.8199224079046177,1.5411775101389302,0.3604669783967092,1.4452258710653891,0.31843893626895786
977,0.8772856528776907,0.8199224079046177,1.5411775101389302,0.3604669783967092,1.4452258710653891,0.31843893626895786
978,0.8772856528776907,0.8199224079046177,1.5411775101389302,0.3604669783967092,1.4452258710653891,0.31843893626895786
979,0.8772856528776907,0.8199224079046177,1.5411775101389302,0.3604669783967092,1.4452258710653891,0.31843893626895786
980,0.8772856528776907,0.8199224079046177,1.5411775101389302,0.3604669783967092,1.4452258710653891,0.31843893626895786
981,0.8772856528776907,0.8199224079046177,1.5411775101389302,0.3604669783967092,1.4452258710653891,0.31843893626895786
