0,0.5,0.5,0.5,0.5,0.5,0.5
1,0.5211245288340484,0.5,0.5149983124894526,0.49500056250351576,0.49500056250351576,0.49500056250351576
2,0.5319170501144158,0.49999999998340855,0.5098500673716082,0.4900522273974835,0.5000488993765126,0.4900522273974835
3,0.562332564501811,0.49999998707470283,0.5247415101136403,0.4851550123420675,0.525032759382853,0.4851550123420675
4,0.5540584518383537,0.49752025601913247,0.5254907796871748,0.5042843972744365,0.5229871570924967,0.49758324217645805
5,0.5647935408589586,0.4949487616012832,0.5501941402036458,0.499250057872328,0.5177899548337872,0.49261580131281657
6,0.5870017719596917,0.4949487616012832,0.5646579783077672,0.49426934134276945,0.5325770699393915,0.4976776672563241
7,0.6114316272680214,0.4949487616012204,0.5789662422959189,0.499310737512888,0.537236593998098,0.4927165476510362
8,0.6176860473747354,0.49232639899679476,0.5831595564712596,0.5042973860735096,0.5518137555835997,0.4878093038828483
9,0.6464413675532226,0.495034319555122,0.6072032002664293,0.5092320398537923,0.566219790912265,0.4829585225773457
10,0.6635820013369442,0.495034319555122,0.6111069284239199,0.5041711446173188,0.5904074022619638,0.48809703026217
11,0.6749450917444029,0.4923696688730441,0.6149670770203092,0.4991667470631347,0.6143512201077188,0.4832521842004173
12,0.6777209089351187,0.4923696688730442,0.6386089270410096,0.5041313010268259,0.6379991748645939,0.47846190413721024
13,0.690605800187379,0.4923696688730442,0.6520840986800198,0.4991413639361053,0.6613784720866659,0.4737260450523088
14,0.7056378158914449,0.49236966747384725,0.6950523747225634,0.4942085997344456,0.6548424184554356,0.46904444772284565
15,0.7180742774023009,0.49236966747383565,0.698060933426782,0.4893328261222457,0.648381860343786,0.464416939131565
16,0.7239510224500387,0.4923696667546471,0.7108825085211069,0.48451384669584435,0.6813929153716003,0.4598433328753025
17,0.7384999354469501,0.49236966675464705,0.7137243092192795,0.4895806757654547,0.6845245758979432,0.45532342957325517
18,0.7374850134555236,0.49236622810310227,0.7557697503656826,0.4847782232462227,0.6974405332286282,0.45085701727460675
19,0.7425398948484264,0.4923662281031023,0.7875254052297179,0.4800330452661017,0.7004020905976593,0.4464438718650864
20,0.75529225309666,0.4895321237643064,0.8091331434759012,0.4753448882060632,0.7228607031463811,0.44208375747205536
21,0.7573997823858637,0.49269344229952633,0.8012495605734287,0.47071348623760506,0.7158176938159322,0.4377764268684208
22,0.7673226884107287,0.49269279755359296,0.8031812414750036,0.4758576894557002,0.747738176656268,0.43352162187085064
23,0.7669458442421223,0.49269279755359296,0.8050891977650019,0.4712447365108427,0.7695715529519754,0.4293190737423209
24,0.7722681755970917,0.49241494479684117,0.8263091524127802,0.4666888375073015,0.771799290302335,0.43483630175960936
25,0.7748472300845879,0.4924149447968364,0.8569054466777741,0.4621896755888,0.7836398880898992,0.44028482073945935
26,0.7820958881268535,0.491463089367116,0.8678933286327385,0.45774692360348684,0.7857196280052676,0.43605262697842057
27,0.7879833159878092,0.491463089367116,0.9074921220833829,0.4533602445261908,0.8069395136632187,0.441457045914664
28,0.7930469067606929,0.491463089367116,0.9179288552249414,0.44902929187609675,0.8183368263685329,0.4372398045795642
29,0.7932268878728976,0.491463089367116,0.9282321555190824,0.4447537101295502,0.8200665927166292,0.43307648035741114
30,0.7942963423905661,0.4884804092959752,0.9289132101420193,0.44053313512771103,0.8217741628824062,0.42896671865053626
31,0.7943560689250808,0.48545268916176837,0.9390420373302174,0.4363671944787974,0.8142736674513524,0.4343667455020161
32,0.7924655137770383,0.4825091417840122,0.9584614922963852,0.4322555079546741,0.8349411388418675,0.43027390828463286
33,0.7939104637991059,0.47962701063786134,0.9682389868238275,0.42819768788155754,0.8364906729703937,0.42623469057694596
34,0.7942496200018021,0.4360812501302465,0.9685354759507677,0.4241938677906462,0.8474957620295778,0.42225131516865544
35,0.7999549439561301,0.4360812501302465,0.9874581709866408,0.4202425848116601,0.8489163092050862,0.41831812668771345
36,0.799313328788886,0.4360812501302465,0.9875745224262602,0.41634396446847644,0.8410408522372718,0.4237144307904326
37,0.8040245627445448,0.433698606447048,0.9784508681768401,0.41249759308648604,0.8517478526476996,0.4290384141081482
38,0.8057667239964328,0.4336577837832245,1.0062459252125808,0.41790199400679906,0.8531116496461459,0.4250917143622916
39,0.808314480075775,0.43365532231769766,1.015347293841245,0.4232331807309267,0.872778793589072,0.4303570535121023
40,0.8116219909761451,0.43365532231769766,1.0334420641924793,0.41937441633019135,0.8739387136630824,0.4264333382806313
41,0.8118292320133259,0.43365532231769766,1.0603644197318378,0.41556847443225264,0.8750827556281983,0.4225633346618071
42,0.8134225044804129,0.4336553223155252,1.077883968489994,0.41181489709832797,0.9033082329457421,0.4187465770088087
43,0.8156418427080298,0.43365531467394436,1.0771838939554625,0.40811322231224795,0.9221547368069991,0.4149825955287975
44,0.8188521746485691,0.4312488201743286,1.076493547337228,0.40446298430996874,0.9317951873029089,0.4291592760374434
45,0.8219064526161629,0.42883529850572494,1.0758128399002893,0.4008637139012852,0.9324021571036342,0.42534023611840394
46,0.8216891483675249,0.42523492168518334,1.066288860290702,0.4061677608140335,0.9338375980744666,0.4215747747057067
47,0.8249608833598432,0.4252349207864243,1.0833171185641413,0.40259104793719414,0.9432262330591601,0.42666838663456197
48,0.8260733556052359,0.42286313280771826,1.1001042557496115,0.399064981514406,0.9524819145190911,0.42293144047173514
49,0.8283013755290853,0.4228631328077182,1.1340728803499993,0.40429920760423393,0.9703160772967038,0.4192476498590589
50,0.830656569727211,0.4260843609159321,1.1502339066292955,0.40079752588997053,0.9705731735132944,0.42427761955736315
51,0.8333238239264726,0.4213671165934179,1.140328762087726,0.39734609100967094,0.9880494162059213,0.42062398778451443
52,0.8332692691347715,0.3911847653324594,1.1476884285527325,0.3939444014194654,0.9881517254456723,0.4170230155514631
53,0.8340561164408752,0.3943139543627374,1.1464316038555722,0.3905919511169986,0.9882525520880997,0.41347416711127805
54,0.8359739192135486,0.3953918630200371,1.1790260366068126,0.38728822798701473,1.0052684086032027,0.4099769005451677
55,0.8368718149939315,0.3933813093500572,1.194332949655814,0.3840327244214105,1.0304418785605014,0.40653067841629653
56,0.8360872755733326,0.39338130933279,1.2010626202244952,0.38082493067851736,1.0385841336003732,0.40313496111516645
57,0.8389682005276251,0.39338130933232734,1.2076932695729519,0.3776643368167192,1.0465632464246069,0.39978920882603275
58,0.839215775685074,0.3932311105927231,1.2224711300674898,0.37455043293604257,1.0709160875942638,0.4047380444180141
59,0.8395622146549925,0.3932287785100301,1.2288394142942418,0.37148270940007044,1.0785316965694354,0.40142307181197123
60,0.8435154778776898,0.39322877851003,1.251383107845371,0.36846065705007086,1.0778928326542065,0.3981574513488478
61,0.8445385241250899,0.39322877851002996,1.2735898997790205,0.36548376741143057,1.0772635161667878,0.39494063357254244
62,0.8464771858199246,0.3912183626011657,1.2794178050396579,0.3625515328924905,1.084666525768767,0.39177206998107156
63,0.8496591087035469,0.39121836260111476,1.2771919624921284,0.35966344697588415,1.0839920721301728,0.3886512132333287
64,0.8493669189549222,0.3872523263769067,1.2749997557895965,0.35681900440248643,1.0991450563164564,0.38557751734785917
65,0.850112473991455,0.3833638249710821,1.2963930992303079,0.3540177013480835,1.0983668167400706,0.3982519729568681
66,0.8518726845562354,0.38336361747447173,1.2862910189261034,0.35125903559288046,1.0976005820692063,0.3951486137871018
67,0.8516574481512723,0.38336361747447173,1.2918106237851426,0.348542506683965,1.0891120781335766,0.39209265643398
68,0.8514469382687306,0.3833636174704757,1.2895711222105437,0.34586761609085176,1.0961028077020039,0.3890835400759714
69,0.8520469672155451,0.38144768276191515,1.2949809700028398,0.3432338673542325,1.1106008022860194,0.39373561034693355
70,0.8536169017651621,0.38144768276191515,1.3003073256295417,0.3406407662280626,1.1097652231306934,0.39076097307563507
71,0.8553651237958941,0.3845211180792169,1.2980566607160238,0.33808782084806005,1.108942583382614,0.38783239986463514
72,0.8561577424664413,0.3826225473353322,1.3032747710078338,0.34300834727948165,1.1378683069830378,0.3849493292178
73,0.8574240087374824,0.3826224987479346,1.3010388087712113,0.3404794402134089,1.1515974288976294,0.3894839301966693
74,0.8585215900440474,0.3886523748789339,1.2988378172882689,0.33799008582852447,1.1578003723532995,0.3939476092879003
75,0.8585104063828395,0.37191122810883104,1.3256697728129696,0.3355397919744995,1.1639059850868267,0.3911945458169598
76,0.8576434181754419,0.37191122810882193,1.3161414032069572,0.3331280698239118,1.169915485314579,0.3883828001644276
77,0.8585897213740461,0.37191122810882193,1.3138888019615231,0.330754433541659,1.1758485377683678,0.39274075408031034
78,0.8603334318752817,0.37191122810882193,1.3046091450335275,0.32841840048764565,1.1816693064800552,0.3899669276696836
79,0.859699126609953,0.3719112280863785,1.295476958969741,0.32611949130749635,1.1873975725310082,0.38723718247683414
80,0.8593111570021421,0.37021905528766746,1.3003641713143226,0.3238572300173674,1.1999714309558391,0.3845509533143155
81,0.8602822607098397,0.37021905528766746,1.2982995687832568,0.32163114408350907,1.191723229974417,0.3819076790913534
82,0.8618864992800251,0.37021905528766746,1.289457860120067,0.31944076449672393,1.1972277744528217,0.3793068029022584
83,0.8635195860626641,0.3702190552876675,1.294251602815911,0.3172856258418656,1.202643771771615,0.37674777210894905
84,0.8642944069577417,0.3702190552876676,1.298967985097742,0.3151652663625228,1.2012895419943774,0.37423003841775865
85,0.8641579594950362,0.37021846088947413,1.303608025793143,0.3130792280210315,1.1933391566002824,0.37175305795069397
86,0.8649489560800896,0.3685685033563029,1.3147275345144507,0.3110270565539578,1.192071857421222,0.3758710904912088
87,0.8650247162645559,0.3685685033563029,1.3191753701865985,0.30900830152319264,1.1843345850248406,0.37992206724505356
88,0.8660722371024349,0.3685685033563004,1.3299768813131763,0.31344883290706393,1.189576311429794,0.3774805677787853
89,0.8672357932403973,0.36856850335630026,1.3533253375936292,0.3114546911442981,1.1883702388588109,0.38144099725753755
90,0.8669163255997158,0.36856755487659865,1.3636952484162386,0.30949330955133064,1.199839674396796,0.3790388778735741
91,0.8665971715212497,0.36856755487469134,1.355195364871089,0.30756424432048496,1.2048270567416668,0.3766763365911643
92,0.8665971715209212,0.3596979787286039,1.371509657648412,0.3056670557493447,1.2159004557341735,0.37435283490290294
93,0.8665971715178896,0.3463181014635296,1.3692420161088845,0.3038013086016937,1.226790341235361,0.37206784071011506
94,0.8666418468149191,0.3463181014635262,1.3851298711611486,0.301966570786468,1.231459962332723,0.36982082294603025
95,0.8670357763063159,0.3463181014635054,1.3888035269818593,0.3001624154073074,1.2420264353261363,0.3676112597307845
96,0.8684423056466718,0.34439161396895784,1.3983258919560388,0.29838841942425665,1.2405960663462654,0.36543863296403317
97,0.8687784928655911,0.3443915934003859,1.4193797906972963,0.2966441640086733,1.2508808396636824,0.3633024297030594
98,0.8696362202474045,0.34189381902446825,1.4285175135335817,0.29492923455518444,1.2552115721309736,0.3612021421774177
99,0.8694460780754089,0.34189381902446825,1.4432178369207807,0.2932432206907626,1.2651859562719918,0.3591372678000489
100,0.8697394840984009,0.34189381902446825,1.4520172672851162,0.29158571628103963,1.2806440006400295,0.35710730917501327
101,0.8702580970077041,0.34189381902446825,1.443903315794723,0.2899563194339763,1.2902518555105211,0.35511177410198447
102,0.8702803585544879,0.34068986490433706,1.4524990233495783,0.28835463250100174,1.2831404640024404,0.35315017557764505
103,0.8702541830320973,0.340684691716044,1.444568609729181,0.28678026207573487,1.2839078153670171,0.35122203179412076
104,0.8709511538269274,0.340684691716044,1.458357510702721,0.2852328189903977,1.287771790842713,0.3493268661345875
105,0.8716880399895217,0.340684690963358,1.4559134853190072,0.28371191831002696,1.2969024282000454,0.34746420716618265
106,0.8709563083595463,0.3406846908998837,1.4587800103835487,0.2822171793245889,1.3006067051275032,0.3456335886303477
107,0.8708494880001404,0.3406846908998837,1.4563920386995681,0.28074822553909906,1.299042032989246,0.3438345494307282
108,0.8709052905323736,0.34068469089988374,1.4643289052151471,0.28444644780026196,1.3129537697691107,0.34206663361875167
109,0.8712512576994782,0.34068469089988246,1.477206739647909,0.2830018384156723,1.3164430502277544,0.3403293903770022
110,0.8707351258297078,0.3406846748655053,1.484844731272896,0.28158236426382643,1.319871619564567,0.3386223740005077
111,0.870384449444807,0.33955776268363896,1.4923494452405994,0.28514075789967014,1.3182874152154997,0.33694514387605096
112,0.8710009598930156,0.33955776268363896,1.5046134763682422,0.2837462353957255,1.3216214301347011,0.33529726445961433
113,0.8722457676741447,0.339557762683639,1.5118338447932065,0.2823761866983639,1.3152400742156138,0.3336783052520635
114,0.8717094277628621,0.3395565432661412,1.5093942089630543,0.28103025174377055,1.318503976960906,0.33208784077317327
115,0.8717349994229894,0.3373951595770552,1.5069976366041453,0.2844128246023631,1.3217102453141467,0.3305254505340952
116,0.8724207895847179,0.3373951595770551,1.50464349033459,0.2830922082094821,1.3202164455028562,0.33363402718100765
117,0.8722161825385161,0.3373951595719999,1.4977489946426945,0.2817950384663189,1.3233313459495264,0.3366874131547207
118,0.8723065247668608,0.33733553667582333,1.4954985357486315,0.28504223888428015,1.3218744239134415,0.33516515757689286
119,0.8721539945474502,0.3363125117066213,1.4932882660232007,0.2882314501136699,1.3204832139189888,0.3336700867595954
120,0.8723377338710221,0.3363125117066213,1.4911175835880555,0.28696310665384644,1.3234733826570853,0.33220179358023083
121,0.8730203809441548,0.3353042694710602,1.4933263813523843,0.2900580343721429,1.3220693506746721,0.3307598758497269
122,0.8731320356930942,0.33530363032059946,1.495495384548296,0.28881633403409834,1.320692054291734,0.3293439362756234
123,0.8736287395926778,0.33432047616465493,1.5018467806302576,0.2918186572594178,1.3235598114129365,0.32795358242426564
124,0.8731548566260949,0.3343194232904985,1.4997577684927452,0.29060391853736833,1.3263756130000017,0.32658842668217936
125,0.8738496785907799,0.33336127343506944,1.501810795638386,0.289411260869124,1.3209320799128412,0.3252480862167005
126,0.8739095419769732,0.33241827687171893,1.5078722366515178,0.2882403478221021,1.3317712129421566,0.3239321829359285
127,0.8742188496390243,0.3314902737579123,1.5098348390456442,0.2870908471459558,1.3344361210521463,0.3226403434480709
128,0.8741907629351825,0.3302252872328018,1.5196224838252417,0.28989295106165947,1.3370521334064331,0.3213721990202424
129,0.8747429969956507,0.33022528723280176,1.5176097612681967,0.28877007031671004,1.3396200171427481,0.3201273855367813
130,0.8746467227515095,0.33022528723280176,1.5156341808720075,0.29148464799936974,1.33450703967933,0.31890554345714145
131,0.8752732382066012,0.3302252872327894,1.5174556102655512,0.290388536992634,1.3294908810317168,0.31770631777341635
132,0.8755083256195861,0.329358014732223,1.5266523268542374,0.28931277734605215,1.3356793701448166,0.3165293579675497
133,0.8759693042151273,0.329358014732223,1.5356777629557052,0.28825705274508895,1.3454016812698046,0.31537431796828375
134,0.8762835488909417,0.3293580147322229,1.5373465467362322,0.28722105090010813,1.3441603004409683,0.3142408561078947
135,0.8768613101977714,0.32935796820620117,1.5319052773242223,0.2862044635066763,1.3394028911087819,0.31666802535063177
136,0.8762356495114696,0.32935755322700394,1.5370218682520085,0.28520698620575585,1.3451924682722165,0.31556437670957144
137,0.8756074156776342,0.32930654462545045,1.5420419745498912,0.28422831854382646,1.3508708381638328,0.3144815398027652
138,0.8763283473411214,0.32930654462545045,1.5435890072733267,0.28326816393297066,1.3496855577709297,0.3134191864735205
139,0.8766521703663447,0.32930029807613015,1.5417814439527278,0.28232622961095966,1.3485227896942906,0.3123769927980391
140,0.8762761734185764,0.3285167692005751,1.5367354703770462,0.281402226601372,1.3441093169691012,0.31462745932037334
141,0.8765543493007901,0.3300904971459794,1.5350067210399403,0.2804958696767416,1.3494427075693056,0.3136140886088797
142,0.876546410747541,0.328570190860269,1.5333110921761957,0.2827762372365883,1.3515045577838618,0.3126201326830766
143,0.8765773439749089,0.32708335524267146,1.5285297268278841,0.28189444846655465,1.350408452389839,0.31164528088866744
144,0.8756448313509283,0.32562927235742584,1.5299760865076562,0.28102966273686186,1.3585368289291169,0.310689226616919
145,0.8754540295061334,0.324916682455527,1.525359114766826,0.2801816063373969,1.357454881034182,0.3097516672706517
146,0.8755993492554557,0.324916682455527,1.529735944612549,0.2823180740431493,1.359361996647622,0.3118003691165744
147,0.8755254175079901,0.3242263450131391,1.5311086148793758,0.2844129410216351,1.3583131478063692,0.3108902440688087
148,0.8756042606547373,0.3238791062196193,1.5324544689394346,0.28359659351866534,1.3566959064849107,0.3099978990386157
149,0.8754600433680221,0.322547757036611,1.5309518125470802,0.2827962467116425,1.361333526309233,0.30912304428242476
150,0.8757359398314302,0.3218956619674996,1.5267042436617697,0.2820116390391015,1.3658805304285755,0.30826539388881635
151,0.8760034117855342,0.321895661965721,1.5279950569510046,0.28124251240630227,1.3703372429747938,0.30742466573582916
152,0.876361971479832,0.32063599268452014,1.5319409216765105,0.28048861214648513,1.369344514884312,0.30660058144860874
153,0.8768140235035536,0.32001899301147946,1.5331739864650615,0.279749686982452,1.3736403511935997,0.30579286635741193
154,0.8766800845425289,0.3200189240783453,1.5317937399468335,0.27902548898848595,1.372673095087931,0.30500124945598156
155,0.8772075191407894,0.3200189056795868,1.5380717473360852,0.27831577355262055,1.3742687829568678,0.30422546336030315
156,0.8769863132454998,0.3200188313950044,1.5417249121873609,0.27762029933926885,1.375839199174969,0.30346524426775484
157,0.8770428241706422,0.31943610743999035,1.540395146800364,0.27693882825222127,1.379859610645664,0.3051750194473255
158,0.8765466908078129,0.31942620477123285,1.5415032596432714,0.27627112539802035,1.384118835477438,0.30443923879568563
159,0.8766918749459476,0.31942620468470223,1.5425889074391277,0.27561695904971933,1.3832093032395412,0.30371837480805175
160,0.8766002443307314,0.3194262046847023,1.543652469563999,0.27497610061103056,1.3823182734708386,0.30533735339611356
161,0.8766251288094202,0.3188885440978708,1.5492603609332039,0.274348324580869,1.3814605843089625,0.30464026200835626
162,0.8763995810226051,0.3183577573981075,1.5457878954734543,0.27373340851829486,1.3783642202090483,0.3039574505105936
163,0.8766427450387577,0.31835775739810646,1.546787265000838,0.2731311330078586,1.377531749732805,0.30328867526080544
164,0.8768218936955684,0.32054665593854276,1.545606428452665,0.2725412816257219,1.3788760262121742,0.30479328637445546
165,0.8769448304923546,0.3205466559385427,1.546569498079763,0.2719636409043307,1.3844313972519118,0.30626675015645294
166,0.8771473276079658,0.3205466559385417,1.5475125605484361,0.2713980003012076,1.3815520041110605,0.3056297646068442
167,0.8771473276079659,0.3158049741410204,1.546395239082617,0.27084415216443947,1.38485480813314,0.30500605892190724
168,0.8770674291865493,0.31580497413977154,1.5432991818364643,0.2703018917004301,1.3940948480434001,0.3043954024771772
169,0.8775170926842522,0.31580497413977154,1.5422321385380717,0.2697710169416888,1.3952848498940773,0.3037975678307548
170,0.8775831322055525,0.315804974139493,1.5450403897853724,0.26925132871502405,1.400302590664971,0.3032123306874884
171,0.8776537427032126,0.31537664309660113,1.5496785592876006,0.2687426306101411,1.4014356024766448,0.3026394698636106
172,0.8776498578583185,0.3153766430966002,1.548660165341916,0.2682447289486402,1.4006918675489408,0.3020787672518265
173,0.877598413340492,0.3153766430966002,1.5476634635163418,0.2695740432685092,1.3981473559739421,0.3015300077868495
174,0.8777490175616999,0.31456784811126465,1.5502500914163135,0.2708749402101503,1.4010002738523895,0.3027739907920047
175,0.8778925623589755,0.31417224412390976,1.5475434957410952,0.27040201719872314,1.4037919863358628,0.30224537493925696
176,0.8780574677748888,0.3137847834707376,1.5500290870571467,0.26993927776121074,1.4031009764436708,0.3034394436302645
177,0.8781500833231349,0.31378478347048366,1.549106585191926,0.27284091383967596,1.4057792753985774,0.3029305188128005
178,0.8781655959396987,0.31341480854189424,1.5531347855454687,0.2723924823171342,1.4051233327337374,0.3024326330966743
179,0.8783353077542839,0.3134148084097244,1.5570752893778257,0.2719538134382212,1.4060813463318336,0.30194558667388516
180,0.8785241644513021,0.31341480840972336,1.557774127691188,0.2731025110765897,1.407018420077236,0.3030469638541259
181,0.8785013943864429,0.31341480839838304,1.5553664054370797,0.2742260162301452,1.4079349425931715,0.30257856929939475
182,0.8783481534917983,0.3134148083983827,1.5560395514603753,0.2738108560745322,1.4103452244027732,0.30212048524288393
183,0.8783837160202688,0.314154957346925,1.5596632322895776,0.2734049215155044,1.4097367798958735,0.30167253534995303
184,0.8782503675228033,0.31454708686279537,1.5588506001256381,0.27445993906332716,1.409141841249055,0.3026865082643706
185,0.8784207607098793,0.31454708640130524,1.558056055949375,0.27406972646240796,1.411403650779914,0.30225616462275906
186,0.8784503437848011,0.3139103572208658,1.5558873009974348,0.27368823179527285,1.4094390304162099,0.30183543550247033
187,0.878292522337409,0.3139103571842382,1.5564924685722257,0.2733152921251028,1.412969043505894,0.30142414120960453
188,0.8782915924860061,0.31390966193435554,1.557084014515924,0.2729507469010638,1.4167112015815515,0.3010221046816311
189,0.8784167823443333,0.313909661786101,1.5615783852340999,0.27259443793228605,1.4148618322852806,0.30062915145869196
190,0.878375928661341,0.313909661786101,1.562138451437881,0.2722462093621547,1.413054402476634,0.30152256994670806
191,0.8783394017466224,0.313909661786101,1.5639357464605177,0.27190590764290534,1.4125380936475642,0.30114567342651133
192,0.8782515218640744,0.3130818708951779,1.5632460837227258,0.27279632710692553,1.4145265084131688,0.3007773886513165
193,0.8784377839027342,0.3128080336132011,1.5637685986700476,0.272469964473013,1.4164233056138458,0.30041755059256176
194,0.8784655503996435,0.31280763646070775,1.5642790843207206,0.2721511153331327,1.4194472520308659,0.30006599669634915
195,0.8786948695531673,0.31280763646070775,1.5693558305703421,0.2718396344757113,1.420111707228438,0.29972256685657217
196,0.8786649140894315,0.31255101134684815,1.5698378275990155,0.27153537888514684,1.4207608087016983,0.3005063500028045
197,0.8786639948166582,0.31127539168290735,1.5703086015930892,0.2712382077179645,1.4213947339878352,0.3001774727009122
198,0.8788810529735163,0.3112753916641789,1.5718383743225828,0.2709479822792257,1.4230844722901475,0.299856282189269
199,0.8788778574672181,0.3110371185770236,1.5712402214835295,0.2717105833109136,1.4215959300143939,0.2995426273270679
200,0.8789965027248162,0.31103711857660177,1.5706561556453749,0.27143277221917206,1.4211648701558777,0.29923635929986475
201,0.8788414177241879,0.31103711857660177,1.5710852001137414,0.2721608314263148,1.421743301671417,0.29893733159426267
202,0.8787308879326872,0.31081432681924803,1.569550933893432,0.27189504878758936,1.4203548774679071,0.29962196459212753
203,0.878878662871689,0.31081432681924803,1.5709159166870164,0.2716355973523376,1.4199537606579413,0.29933605519770123
204,0.8787650357542861,0.3108143100106278,1.57224826022433,0.272314655789842,1.419770463266322,0.2990569824242483
205,0.8787921784065805,0.3108143100106278,1.5708162929938785,0.272066637920573,1.4184773692750015,0.29878460826445236
206,0.8787921482010171,0.3104228614479781,1.5711980168344166,0.27182469204034254,1.4181050261583599,0.2985188983699422
207,0.8787688450839811,0.31042286144379305,1.5733083968172819,0.27158850424368125,1.4186106333241406,0.2982595160440081
208,0.8787663165730291,0.3104228423647165,1.5728219225037847,0.27135805091020637,1.4182559798698329,0.29800643132709653
209,0.878764392704192,0.3101145135293269,1.5740044266326474,0.2711332142213779,1.4195665513164388,0.29775951495783876
210,0.8789476701656878,0.31011438259103896,1.573540079816475,0.27172283854426965,1.4216543078171335,0.2975186393193584
211,0.8790204068266063,0.31011438259103896,1.5762460651092023,0.27229798237604774,1.422900778043496,0.29728367930784094
212,0.8790202214713941,0.3085886154701817,1.578885340329886,0.27208807555120174,1.4233456475362662,0.29705876477677584
213,0.8789212297860455,0.3085886154701817,1.577697426612727,0.271883363309618,1.4245318827141285,0.2968352652151124
214,0.8789057124585958,0.3085886154701817,1.5780074967945408,0.27168373647993205,1.4234859386737462,0.29735155479253766
215,0.8790652178559434,0.3085886154701817,1.577593381267713,0.27148908770065694,1.423898984223421,0.297138516213542
216,0.8791127308454494,0.30894168875555256,1.5771896318843215,0.27129931146007813,1.4229036503613184,0.296930810449159
217,0.8791810235622992,0.30894168875555256,1.5767960279240092,0.27111430383429647,1.4232971907103809,0.29672832388932596
218,0.8791587536940422,0.3092777891219186,1.5764123522052396,0.27093396283000226,1.423015620023144,0.2965309448385381
219,0.8791801531194279,0.3092724143956356,1.5753896180297433,0.2707581881206115,1.4221239251232716,0.29633856349177035
220,0.8792014673762473,0.30927239903178894,1.5750255725777498,0.2705868810898853,1.4237550335580709,0.2961510719157859
221,0.8791661826645037,0.30927239903178894,1.5765216399705204,0.2704199448100086,1.423493601486545,0.29596836402533677
222,0.8791926874581906,0.3092723990317879,1.5773778790002886,0.2702572840224085,1.4250434004865598,0.2957903355621223
223,0.8792600978369189,0.3094363106141192,1.5776257046634734,0.270098805118169,1.4265533553577658,0.29561688408124526
224,0.8793122127196723,0.3093066813444376,1.5772955326930655,0.26994441611856146,1.427452741259415,0.2954479088983286
225,0.8793413277540273,0.30918037202642873,1.5769739140193817,0.26979402665568897,1.4283288273106993,0.2952833111157003
226,0.8793199588391282,0.30918036075827543,1.5772035866809444,0.26964754795324175,1.4280973837578028,0.2951229935697461
227,0.8793511913280586,0.3093283994453332,1.5790143931380127,0.2695048928099427,1.428399945260888,0.29496686103110953
228,0.8793483747140408,0.30932839944532836,1.5797468451398191,0.2693659755701888,1.4302409391366782,0.29481481933076753
229,0.8794059263112605,0.3092144345318982,1.5814643420847947,0.2697328670393394,1.4310292013702937,0.295168931537848
230,0.8793299797952537,0.3092144345318982,1.5811799229986023,0.2696009291542331,1.430329223806214,0.29502455178537795
231,0.8793676969713112,0.3091062852597638,1.5823322794444301,0.26947248786524847,1.4310770354489977,0.29488399836135115
232,0.8794262659734314,0.30910628525962,1.5820621005365094,0.26934746339888105,1.4313409929721574,0.2947471839695463
233,0.8794222001194913,0.30909967292487,1.5827026973509928,0.2692257774441522,1.4325015418258702,0.2950658034997284
234,0.879451769832587,0.30909967292487,1.5828862538647948,0.2691073531341469,1.4323113741253553,0.2949360129406024
235,0.8794286127423017,0.3090996729235718,1.5822084246915151,0.2689921150276481,1.432982748914405,0.2948097143936703
236,0.8794081278783586,0.3090996729235718,1.5827994130501388,0.26929682635306745,1.4328022655708021,0.2946868267194521
237,0.8794162614733924,0.3090996729235718,1.5825629674266897,0.26918757082779726,1.43303238148879,0.2945672703010589
238,0.8793550665252848,0.30930047682771983,1.5827277830685267,0.26908128815925975,1.433256235928892,0.2944509670730453
239,0.8793550665250847,0.30872701905219885,1.5825039016181175,0.2693621039125032,1.433858171992711,0.2943378403188929
240,0.879465067798482,0.30864264702575195,1.582659964409002,0.2692614145842483,1.4336959929509625,0.29460162148113195
241,0.8795121099147494,0.30864264702555555,1.582448076432128,0.2691634959698394,1.4335382766659663,0.29449448774040426
242,0.8795204289306349,0.30882152792502376,1.582949521761775,0.2690682822868285,1.434446137946636,0.294390313584226
243,0.8794937281026862,0.30882152792502376,1.5830930102279877,0.2693197632862602,1.4339526091909498,0.2942890270091752
244,0.8795245306429103,0.3088215279238216,1.5828979093439608,0.2692296498344071,1.4344766032697012,0.2941905589289174
245,0.8795019601469838,0.3088215279238216,1.5830336176414601,0.26914205330052754,1.435311321723923,0.2940948411159718
246,0.8795198335865196,0.30882152778300603,1.5831655214410418,0.26905691248112446,1.4351741587835953,0.29400180669252224
247,0.879613801574806,0.30882152778300603,1.5829861761737223,0.26928170489186665,1.4362704764154421,0.2939113901115087
248,0.8796337856177613,0.3089729179355685,1.5834097836022467,0.269201204809146,1.4361400560822297,0.2938235271379764
249,0.8796337856177607,0.30869146803409603,1.5841119393716154,0.26912298667443996,1.4365944456078743,0.29373815482978255
250,0.8796174628721396,0.3088341198291461,1.5847941175251952,0.26904699398871745,1.4370359069321283,0.29365521153151314
251,0.879597408655767,0.3088341190817337,1.5846336585176963,0.26897317140341404,1.4366416084735403,0.2935746368089277
252,0.8795040721608277,0.30877401424366535,1.5844777985493514,0.2689014647040651,1.4362589770063834,0.2937629657447337
253,0.8795001193928299,0.3087740136192035,1.5843264222095816,0.2688318207935749,1.4366639768381426,0.29368688285052497
254,0.8795465002903797,0.3087740136192035,1.584682579519472,0.26876418767559573,1.4365541202513168,0.29361299665826496
255,0.8795295658628122,0.30877401361920337,1.5852727686967243,0.2686985144380104,1.4366917998103037,0.29378560418421124
256,0.8795242691875443,0.30877401361920337,1.5858457928510015,0.26887205512196566,1.4363508672640224,0.29371588771885065
257,0.879524086119746,0.308508072310138,1.5859412271024942,0.26881009848145604,1.436480749852602,0.2936482062721525
258,0.879525914961981,0.30850791587993065,1.5860338655027733,0.2687499569287776,1.4363837881386676,0.29358250762777044
259,0.8795353450377302,0.30850791587993065,1.5861237801081625,0.26890878648893807,1.436723409971378,0.29351874068375566
260,0.8795286063956861,0.30850752005845516,1.5862110414282535,0.2690629291560732,1.4370530099154122,0.2934568554350931
261,0.8795041118993194,0.3085075200584551,1.5862957184503566,0.26900786860617865,1.4373728485554942,0.29339680295636156
262,0.8794994028859483,0.30846268363894197,1.5865764751421765,0.2691530410692142,1.4376831812278952,0.2935371318629232
263,0.8794980516323956,0.30846268325334136,1.58665614629062,0.26910117239072917,1.4375988371111692,0.2934805641085499
264,0.8794807301310822,0.30842045698583637,1.587294365334732,0.2690508564834039,1.437703994493831,0.2934256897996263
265,0.8794307438046983,0.30847133816886574,1.5873692276693485,0.2690020522695549,1.4379873856675145,0.29337246414042395
266,0.8794590451953211,0.30847133816886574,1.5881456595664176,0.2689547195593113,1.4380862755458743,0.2933208432932167
267,0.8794436759023966,0.3084385165506789,1.5883866101006088,0.2690794815448756,1.438011510664689,0.2932707844366783
268,0.8794354613573829,0.3084384865939795,1.5886202437764354,0.2690349466681079,1.438272123944208,0.29322224569946403
269,0.8794394478378064,0.30843848659236733,1.5888467575808287,0.2689917689698195,1.4386832583356999,0.2931751861564082
270,0.8794425613696485,0.3084384865898754,1.588599520641496,0.26894991175398136,1.438614995823647,0.29312956581236443
271,0.879415699096688,0.3084384865898754,1.5885107271284344,0.2689093391631709,1.4385488283107712,0.29323620115087506
272,0.8794448651236297,0.3084384865898614,1.5884246683589485,0.26887001616400547,1.4383384672480695,0.29319332079971655
273,0.8794350829027214,0.30843848658986145,1.588341269433965,0.2689736410763418,1.4384180729657678,0.293151765764583
274,0.8794479605183846,0.30840743447124824,1.5886725253765654,0.2690740519771554,1.4384953258613218,0.2931114995928969
275,0.8794182039788232,0.3083773580992319,1.5888603719483696,0.2690382384334285,1.4387057629386748,0.29307248668388397
276,0.8794198988830307,0.30837735809923195,1.5887844329513623,0.2690035434616551,1.4387781470273635,0.29303469227327433
277,0.879431190278263,0.30837735809923195,1.5887108740405702,0.26896993590250645,1.4388482624480623,0.2929980824181533
278,0.8794425433326304,0.30837735809923195,1.5886396286358597,0.2690584046824609,1.438916172664111,0.293083643327541
279,0.8794425433326303,0.3081315016108607,1.5885706317474553,0.2690268672326885,1.439099153763896,0.2930492897800595
280,0.8794316572206622,0.3081315016108608,1.5883903045968137,0.2689963285538003,1.4390493092699435,0.2930160241874774
281,0.8794432195478608,0.30813150158566555,1.588655389845346,0.268966760353463,1.4390010488794487,0.29298381573113236
282,0.8794399881211389,0.3081315015856655,1.5885927410141576,0.26904456203304294,1.4388479003050088,0.292952634340578
283,0.8794411792614049,0.3080386685682969,1.5885320967945482,0.26901684168182594,1.4390088568482544,0.2929224506793566
284,0.8793978398596279,0.3080386685263387,1.5887726039515557,0.26908974610696623,1.439164542473891,0.2928932361309304
285,0.8793900563927682,0.3080386685263387,1.5890053627128513,0.2690637705411263,1.4391221493777118,0.2928649627847726
286,0.8793770463988918,0.3080386685263387,1.5889503379981318,0.269132054397353,1.439267973017698,0.29283760342261944
287,0.8793684774953467,0.30801829489836124,1.5888970980975319,0.26928852130369424,1.4393197951075989,0.2928111315048834
288,0.879380489626267,0.30799858342034747,1.5890205183913848,0.269264968330778,1.439368834278383,0.29278552115722906
289,0.8794102527513051,0.3079795147723105,1.58905529335431,0.2693267993582906,1.4395855016738077,0.2928453619969364
290,0.8794206327283652,0.3079795147685018,1.589088928853561,0.2693866043819236,1.4396313711573057,0.29282139283564834
291,0.8794324221525165,0.3080196032965321,1.5893589527109848,0.2693652784638518,1.4395965678580673,0.29279821170885245
292,0.8794420267343143,0.30801960328146705,1.5893903911262632,0.26934465603084895,1.4398691501955858,0.29277579526550557
293,0.8794429944272676,0.30801960328146705,1.589346757915332,0.2693247161533642,1.439984648377223,0.2927541207553292
294,0.8794405757192597,0.30801960328142236,1.5895908854725624,0.2693770163901555,1.4400963110737846,0.2928047439634381
295,0.8794470610700548,0.3080040025209292,1.5894808889406247,0.2693583760356734,1.4399966593274098,0.29285368047048393
296,0.879447934412656,0.30798892272824663,1.5895083483168135,0.2693403588160656,1.4399672282247362,0.2928340916641077
297,0.8794592930919584,0.3079597750459527,1.5894702364548725,0.26932294589460376,1.4402620354822422,0.29287981011668734
298,0.8794537324196368,0.30793161347716735,1.5894958858442487,0.2693061189316875,1.4401720500867397,0.2928615113501734
299,0.8794467415279877,0.3079316134771674,1.5895206692688935,0.26935023321974305,1.4401454755155132,0.2928438303795141
300,0.8794533719189619,0.307918465834142,1.5894862815391353,0.2693345215687135,1.4402947961249455,0.29282674830754385
301,0.8794481670389461,0.307905764634759,1.5896784730357536,0.26931934385383993,1.4403263372793083,0.2928102467433653
302,0.8794357514570514,0.307905764634759,1.5899729806794554,0.2693046836150784,1.4403568027897151,0.29279430779123644
303,0.8794454219297053,0.307905764634759,1.5899419626668747,0.269290524837748,1.440333650894134,0.292778914039624
304,0.8794507703931044,0.3079057646159756,1.5899627828592902,0.2693276257124722,1.4403112942540506,0.2927640485504236
305,0.8794569159057267,0.3079057646157823,1.5899828862568377,0.2693144210566412,1.440289706573909,0.29274969484834584
306,0.8794663381785937,0.3079057646157631,1.5900022953007784,0.2693016724779674,1.4403635388231257,0.2927358369104684
307,0.8794738284727356,0.3079057646157631,1.5899753327465749,0.26928936564289385,1.4403434146204248,0.2927681582225808
308,0.8794736735948425,0.30790576338495623,1.5899934199604728,0.2693215991171131,1.4403241229943702,0.2927552434866558
309,0.8794687854691993,0.30790575569029455,1.5900960284890884,0.26931013247082314,1.440433103848504,0.292742779128663
310,0.8794700481646947,0.3078895190332666,1.5900717824589377,0.2693401552598333,1.4404198582214096,0.29277183908879406
311,0.8794669570319158,0.30788060627221425,1.590048387370964,0.269329476496987,1.4404024110717188,0.29276023130964696
312,0.8794759140716568,0.30788060627221425,1.5900258159701772,0.26931917370879566,1.4404238182343425,0.2927490322136799
313,0.8794766492563137,0.30788060627219693,1.5900409455755153,0.269346138607954,1.4404444731890318,0.2927382286619124
314,0.8794735125834982,0.3078806062714507,1.5901267342795047,0.2693365505379354,1.4404647733844305,0.2927278078901574
315,0.8794740777589757,0.30787286492445803,1.5901064731230943,0.26932730325313964,1.4404839842252297,0.2927177575000347
316,0.8794777235099368,0.30786539945547414,1.5902193766191808,0.269318385674368,1.4404693995523075,0.29270806545014283
317,0.879472905478953,0.30786539945547414,1.5902643872262523,0.26930978704289743,1.440487263900551,0.29269872004738856
318,0.8794757157130058,0.3078653460188696,1.590246217189782,0.2693014969126469,1.4404737046356986,0.2926897099384727
319,0.8794797810225937,0.3078653460188693,1.5902583770109942,0.26929350514248634,1.440460633195912,0.2926810241015316
320,0.8794816904372619,0.3078798471342246,1.5902987032620677,0.26928580188872925,1.4404480336345242,0.2926726518379461
321,0.8794836267125098,0.3078938233225358,1.5903651394561362,0.26927837759854356,1.4404634606514009,0.2926645827648016
322,0.8794811721202247,0.3078938233224722,1.5904291623184297,0.2692712229989941,1.440504896802664,0.2926568068048056
323,0.8794833910799871,0.3078822761018094,1.5903884440240832,0.26926432909565223,1.4404680168813286,0.2926493141818807
324,0.8794825559000814,0.30788227610180935,1.590398547898246,0.26925768716170767,1.4405064858535312,0.29264209541131336
325,0.8794836673926792,0.30788227609696195,1.5903607549079286,0.26925128873209564,1.4405435444881332,0.29263514129286744
326,0.8794833197467326,0.30788227609696195,1.5904616911133334,0.2692451255967745,1.4405792402920887,0.29262844290347806
327,0.8794871902009628,0.30789345288889686,1.5904486737409451,0.26923918979413675,1.440635665515992,0.2926219915900908
328,0.8794886780901798,0.3078934462677869,1.5904573688830879,0.26923347360455174,1.440647571284271,0.2926157789626425
329,0.8794889427257221,0.307893446267787,1.5904248544506023,0.26922796954403955,1.44065900637655,0.2926097968871871
330,0.8794919300610936,0.3078934462677869,1.590432916075355,0.26922267035807346,1.440650332931416,0.29260403747915886
331,0.8794931944422887,0.30788917253133863,1.590421728308138,0.2692175690155103,1.440641983306565,0.2925984930967762
332,0.8794947746588574,0.30788917253133863,1.5904291986878136,0.2692126587026473,1.4406521855488421,0.292593156334582
333,0.8794984722718197,0.30788917253133863,1.5904539429546027,0.26920793281740363,1.440662004854595,0.2925880200171198
334,0.8794998560681069,0.30788917253006176,1.5904777550662843,0.26920338496362495,1.440671454020671,0.2925830771927442
335,0.879497760417429,0.30788914199496464,1.5905006674634583,0.26919900894551024,1.4406968030832938,0.2925783211275631
336,0.8794999018956342,0.30788561433395534,1.5904914322285704,0.2691947987621587,1.440705550488495,0.2925737452995113
337,0.8794943350057576,0.30787858084647934,1.5904675025512978,0.26919074860223496,1.4406989198701956,0.29256934339255247
338,0.8794975020404924,0.3078785808464793,1.5904589572288965,0.26918685283875216,1.4406925420181795,0.2925651092910089
339,0.8794983163900779,0.30787687590186047,1.5905203336794485,0.2691831060239698,1.4406864080138124,0.2925610370740163
340,0.8794988493367726,0.3078768759018604,1.5905392002124377,0.26919288834390587,1.4406938946832522,0.29257050646960314
341,0.879499919176681,0.3078739727869793,1.5905830828638667,0.26918942360318,1.4407397059708196,0.2925667408391097
342,0.8795023805752779,0.3078739727869781,1.5905757746541958,0.269186092500739,1.4407218774414308,0.2925631204525005
343,0.8795032156961865,0.30786860632910434,1.5905687491512772,0.26918289025682773,1.4407166346039022,0.29257153613779496
344,0.8795036118931497,0.3078660272051621,1.5905505615686397,0.2691912468881167,1.440734464452233,0.29256819068731144
345,0.8795048592648058,0.30786106966748034,1.5905550613612824,0.2691882885135811,1.4407186309807052,0.29256497540339993
346,0.8795058108185158,0.30785630562581584,1.5905488244259476,0.2691960067191895,1.4407139764890546,0.29256188558341145
347,0.8795067606454275,0.3078563056181397,1.5905529795167725,0.26919327493106826,1.4407399481025578,0.29256906463135135
348,0.879507867200071,0.30786124959714695,1.5905569715356935,0.26919065035549883,1.44075515054712,0.29256621214694367
349,0.8795091493403604,0.3078612495967212,1.5905420741693075,0.269188129080362,1.4407697546419356,0.2925634719332119
350,0.8795098545931476,0.3078612495967212,1.5905277648249692,0.26918570732384683,1.4407747859834132,0.29256083987994613
351,0.8795107340964021,0.3078612495967211,1.5905485838173132,0.2691833814306084,1.4407796179566892,0.2925583120143842
352,0.8795108700960309,0.3078575065053227,1.5905602788110258,0.26918114786802,1.4407759605657346,0.29255588449713865
353,0.879510599931833,0.30785570946809643,1.5905555736433143,0.26917900322251814,1.440780416068396,0.29256152091280957
354,0.8795102242727412,0.30785570946809643,1.5905663548831617,0.2691845934794338,1.4407770444140788,0.29255928302682555
355,0.8795097777589305,0.3078540532125646,1.5905620182947506,0.26918261682976713,1.4407664646426745,0.2925571347344519
356,0.8795087936662553,0.3078501608382907,1.5905719524940531,0.2691807195431524,1.4407873837443255,0.2925691693861457
357,0.8795093476000126,0.30785016082271627,1.5905679574973166,0.2691856632602184,1.440784401989156,0.2925671902659523
358,0.8795096818382677,0.30785016082271627,1.5905706153492367,0.2691839158258272,1.4407880321697397,0.2925652910490184
359,0.8795111173492752,0.3078487559399266,1.590573165595695,0.26918223913784706,1.4408102018278632,0.2925634687235448
360,0.8795111659295566,0.3078487559375563,1.5905875641842497,0.2691806305211204,1.4408195198182425,0.2925736722606458
361,0.8795114536186547,0.3078487559200579,1.590584178532007,0.2691790873934612,1.4408112606191283,0.29257199502805614
362,0.8795114337641244,0.30785149155680885,1.5905807484477086,0.26917778991137936,1.4408086540887401,0.292570571446357
363,0.8795117236601782,0.3078514915568065,1.5905881811796856,0.2691869175982429,1.4408116039030991,0.29256902854232786
364,0.8795110197273776,0.3078514915567552,1.5906003659584713,0.2691855562771863,1.4408194889675687,0.2925675489742173
365,0.8795110027339611,0.3078503978246633,1.5906023511445075,0.26918910000929586,1.4408270494613309,0.2925661303090193
366,0.8795116009675625,0.3078503978246633,1.5906042543910854,0.26919249747224744,1.4408250001028324,0.2925647701998739
367,0.8795118457644729,0.30785039782461737,1.5905971658542428,0.2691912978143622,1.440827492087386,0.29256346638332326
368,0.879512130484657,0.3078503978246173,1.5906031862236325,0.2691901479436439,1.4408298919268696,0.2925664882512725
369,0.8795123555914999,0.30785039782461737,1.5906089560614212,0.2691890459236359,1.4408280872420969,0.29256529053238806
370,0.8795123877276653,0.3078503978241023,1.590610562113973,0.26918798988745596,1.4408302809245996,0.2925641427905446
371,0.8795132232065712,0.3078503978241023,1.590608342065338,0.2691907369399292,1.4408248649813369,0.2925630430699038
372,0.8795133917175423,0.30785039782410223,1.5906062151535227,0.2691933687464001,1.4408304799175353,0.29256559070750937
373,0.879513581400887,0.30785214733151506,1.5906076274584724,0.26919588984482107,1.4408289591689145,0.29256458143031366
374,0.8795132490033293,0.30785140200899547,1.590602371686874,0.2691983046072174,1.4408308068124178,0.2925636147226284
375,0.8795132527421295,0.30785140200899547,1.5906005027119066,0.2691974527229097,1.4408262472697677,0.2925626888982523
376,0.8795133023946504,0.3078522552830412,1.5905987129893122,0.2691966369620681,1.4408279417585053,0.29256180233271406
377,0.87951308214033,0.3078522512451746,1.5905969993605447,0.2691958558850169,1.4408324658148253,0.2925696579949079
378,0.8795123185550245,0.3078522512451747,1.5905925809560857,0.2691951081053024,1.4408312412581756,0.2925688452867977
379,0.8795125930871361,0.30785225124517124,1.590598987817503,0.26919439228790343,1.4408274099402063,0.29257072641878673
380,0.8795126943317082,0.30785225124517124,1.5905974846538318,0.26919625229860933,1.440826288012172,0.2925699817820767
381,0.879512933703791,0.3078517018086689,1.5906009176696374,0.2691955965916846,1.4408300858399314,0.2925692691415352
382,0.8795132063697717,0.3078517018086689,1.5905995410601406,0.2691949691337791,1.4408313891880828,0.2925709180652557
383,0.8795130681075173,0.30785019263817665,1.5905982239129168,0.26919436877874736,1.4408348664251556,0.29257249576416405
384,0.8795130207111571,0.30785019263817665,1.5905948302010866,0.2691937944237027,1.4408339258567087,0.2925761387437885
385,0.8795131257318117,0.3078497322776635,1.5905977067532768,0.2691932450075266,1.4408330292689424,0.2925755416049737
386,0.879513271897155,0.30784973227766343,1.5905965538343971,0.2691927195094238,1.440830216586836,0.29257497046177117
387,0.8795134619007752,0.3078497322776635,1.590597318158838,0.2691922169475212,1.440831260538048,0.29257442424702185
388,0.8795136916193488,0.30784973227766343,1.590603404726651,0.2691953068374304,1.440830473559512,0.29257390193439414
389,0.8795136596422225,0.30784973227690343,1.590604103529963,0.2691948473451578,1.44083313839798,0.2925734025369541
390,0.8795136043014883,0.3078497322768997,1.5906064034298586,0.26919440806390055,1.4408356826992428,0.2925729251057797
391,0.8795136221269626,0.3078490176230089,1.5906086019075458,0.26919398815430173,1.4408350285878055,0.2925724687286191
392,0.8795136012197375,0.3078490176230089,1.5906121940999403,0.2691935868095482,1.4408358622539998,0.29257203252859043
393,0.879513588066359,0.3078484595494757,1.5906113525774461,0.2691932032542122,1.4408338459328396,0.29257161566292295
394,0.8795138110262224,0.30784915004967806,1.5906119099669878,0.2691941982599802,1.4408359689317607,0.29257121732180186
395,0.8795137134176526,0.3078491293397264,1.5906150442491283,0.2691938480753954,1.4408392980517795,0.2925708367269342
396,0.8795137672113721,0.3078488490117337,1.590616795780294,0.2691935135313005,1.4408412357186677,0.29257295865634747
397,0.8795138324830888,0.30784884901173365,1.59061846888389,0.26919319396694485,1.4408395252706965,0.2925737984554335
398,0.8795137582160129,0.30784859325544994,1.5906177992231247,0.2691928887477047,1.4408412930931602,0.2925746005562761
399,0.8795137578597542,0.30784840995142426,1.590616078814484,0.2691936781484975,1.4408418947108388,0.2925742881369177
400,0.8795138630903557,0.30784840995142426,1.5906185700096642,0.2691933998142778,1.4408424728553035,0.29257398562819337
401,0.8795140478573695,0.30784840995142426,1.590619961339518,0.26919313406874884,1.4408420376635018,0.2925736968015408
402,0.8795141911210721,0.30784840995142265,1.5906184622886879,0.2691928803725795,1.4408416222207199,0.29257342107078566
403,0.879514198490183,0.30784866326705274,1.5906188305661204,0.2691926382081109,1.4408439244258606,0.2925731578733103
404,0.8795141753921388,0.30784866326656896,1.59061746485625,0.26919240707854303,1.4408426873174423,0.2925729066691614
405,0.8795142808264347,0.3078486632662423,1.5906186196787215,0.26919218650717003,1.4408423261019512,0.2925726669402314
406,0.8795142567556022,0.3078484869029803,1.5906181578977636,0.26919197603662004,1.4408427632848604,0.2925724381894235
407,0.879514112785279,0.3078484869029803,1.5906169713481741,0.26919177522813115,1.440846164268384,0.2925722199398677
408,0.8795142576377445,0.30784832637936094,1.5906172626809745,0.2691915836608501,1.4408465621838846,0.29257201173415776
409,0.8795143159944275,0.3078481736199233,1.5906168617646048,0.2691914009311548,1.4408469417424854,0.2925731707518056
410,0.8795144121775533,0.30784802758276747,1.5906164793890638,0.2691912266519999,1.4408473037478282,0.29257298133488974
411,0.8795144677904961,0.3078480275827666,1.590617966951858,0.2691910604522854,1.440846414163084,0.2925728006991886
412,0.8795145022234604,0.30784776199248326,1.5906182079600208,0.26919090197624673,1.4408461546319,0.29257262845803617
413,0.8795144982872193,0.30784776199248326,1.5906195603149398,0.26919075088286604,1.4408475910519472,0.292572464240794
414,0.8795144300668714,0.3078476412960021,1.5906187092122832,0.26919060684530427,1.4408473551649206,0.29257284276842555
415,0.8795143984476278,0.30784743977621726,1.5906204480947774,0.26919046955036857,1.4408471303203052,0.29257269354797333
416,0.8795143177090567,0.30784743977621726,1.5906201609964596,0.26919033869792136,1.4408474021223547,0.29257255132951737
417,0.8795143469731493,0.3078476747084554,1.5906208138656677,0.2691902140004634,1.4408481243710305,0.29257241580068105
418,0.8795144812178237,0.3078476747084554,1.5906205531715134,0.269190536572636,1.4408496953452772,0.292572286662126
419,0.8795144994201471,0.3078476747084554,1.5906215663841674,0.2691904233703513,1.4408499304838995,0.2925721636271497
420,0.8795146212602836,0.3078476747084554,1.5906221309886506,0.26919031553123857,1.4408513562983132,0.29257204642118767
421,0.8795146748236096,0.3078476747084554,1.5906226687800793,0.2691902128134029,1.4408527144008323,0.29257193478133414
422,0.879514632069439,0.307847669569653,1.5906220907216366,0.2691901149852515,1.4408525541877042,0.2925721918723299
423,0.8795146875318733,0.307847669569653,1.5906229245488703,0.26919002182508434,1.4408541319980204,0.29257209062019324
424,0.8795147066315632,0.307847669569653,1.5906227299248534,0.26918993312069917,1.4408543162496137,0.2925719942108715
425,0.8795146981917362,0.307847669569653,1.590623172082134,0.26918984866901163,1.440853864217365,0.29257190242364023
426,0.8795147359876516,0.307847669569653,1.5906232943421805,0.26918976827568897,1.4408546285044437,0.2925718150472868
427,0.8795147815439582,0.307847669569653,1.5906236949768806,0.2691896917547974,1.440854503185456,0.292571731879727
428,0.8795148290135592,0.3078476695696461,1.590624887885546,0.2691896189284624,1.4408543839198298,0.2925716527276361
429,0.8795148892439434,0.3078476114975962,1.5906249932777288,0.2691895496265418,1.4408542704234508,0.29257157740609313
430,0.8795148342280689,0.30784761148954304,1.5906255834742793,0.2691894836863112,1.4408541624505522,0.2925715057382393
431,0.8795148064241113,0.30784761148954304,1.5906256788782895,0.26918942095216064,1.440854525806836,0.29257143755494835
432,0.8795148427297901,0.30784761148954304,1.5906255479419245,0.2691895829662487,1.4408544280733795,0.2925713726945098
433,0.8795148380449187,0.30784761148954304,1.5906254234014385,0.26918952620439407,1.4408547568379377,0.29257131100232414
434,0.8795148685404569,0.30784761148954304,1.5906257060348337,0.26918947222161976,1.440854668444228,0.29257125233060954
435,0.8795148605001598,0.3078476114894286,1.590625593404223,0.26918942088796755,1.4408543936794487,0.2925711965381196
436,0.8795148155362488,0.30784761148838174,1.5906254863135287,0.26918937207924276,1.4408546763875718,0.2925711434898721
437,0.8795147989571386,0.30784729344439954,1.5906253845023752,0.2691893256767743,1.4408546003936111,0.2925710930568882
438,0.8795147978126607,0.30784729316692144,1.590625451582846,0.2691892815671837,1.440854855889909,0.29257120897678734
439,0.8795148160229331,0.30784729316692144,1.5906256710865951,0.26918923964216335,1.440854787228933,0.29257116341013695
440,0.8795148038288872,0.3078472891856468,1.5906257316799155,0.2691893478127237,1.4408550192913792,0.29257112010537406
441,0.8795147875417353,0.3078472257327889,1.590625789258583,0.2691893099511258,1.4408549572849305,0.2925712196055512
442,0.8795147928574485,0.30784719558841084,1.590625843966069,0.26918927397751025,1.440854898370456,0.2925711805072506
443,0.8795147930069658,0.3078471955884108,1.590625895939357,0.26918923980180215,1.440854842400439,0.2925712703209364
444,0.8795147631004395,0.3078471955877145,1.5906258247108205,0.2691892073380112,1.4408550304361023,0.29257123503731003
445,0.8795147818589396,0.3078471955877145,1.590625757058297,0.26918917650405766,1.4408549799388939,0.2925713160688859
446,0.8795147887308654,0.3078471955877145,1.590625584029704,0.2691891472216044,1.4408551495430055,0.2925712842429188
447,0.8795147968229915,0.3078471955877145,1.5906255230214401,0.26918911941589635,1.4408552076206103,0.29257135731628214
448,0.8795147843189899,0.3078471955877145,1.5906258573903682,0.2691890930156056,1.4408553605312329,0.292571328622816
449,0.8795147930318868,0.3078471955877145,1.5906257092947256,0.26918906795268366,1.440855226380012,0.2925713013828848
450,0.8795148116405983,0.30784719558771445,1.5906259222310644,0.2691890441622187,1.4408550990397155,0.2925712755259385
451,0.8795148137018061,0.3078471955877145,1.590626040451154,0.26918910546357094,1.4408551459415009,0.2925712509846879
452,0.879514806902864,0.30784711472946236,1.5906259138341834,0.269189163636159,1.4408550312445656,0.29257122769528815
453,0.879514814589867,0.3078471147289859,1.5906258692212125,0.26918914330293625,1.4408551490160275,0.2925712811309712
454,0.8795148057884264,0.3078471349096136,1.5906258268934566,0.2691891240112443,1.4408551890876666,0.29257133182951256
455,0.8795148023760669,0.3078471695750147,1.590625854581954,0.26918917384037044,1.440855158973784,0.2925713120841366
456,0.8795148029042951,0.30784716957501473,1.5906258809820828,0.2691892209696288,1.4408551305434762,0.29257129321650566
457,0.87951480483623,0.30784716957501473,1.5906259060209527,0.26918920450499756,1.4408551647428922,0.29257127532173843
458,0.8795148019183823,0.30784716957498115,1.5906259877690236,0.26918918889118837,1.4408553131836865,0.29257125835169656
459,0.8795148115687911,0.3078471695749811,1.5906262302810192,0.26918922908519044,1.4408553989353818,0.29257129725970377
460,0.8795148170585105,0.3078471578127481,1.5906263037722794,0.26918921504842025,1.4408554280917647,0.29257128200368454
461,0.8795148181523672,0.3078471465702468,1.5906262745762578,0.26918920174177596,1.4408555058807058,0.292571316973519
462,0.8795148181523602,0.30784709634946644,1.590626340613032,0.26918918912889855,1.4408555320796161,0.2925713032650696
463,0.8795148183603791,0.30784709634946644,1.5906264032000483,0.2691891771748308,1.4408556901329694,0.2925713346803377
464,0.8795148196896143,0.3078470773643185,1.590626504593068,0.26918916584661523,1.4408557136632894,0.2925713223681371
465,0.8795148214155427,0.3078470773643185,1.5906266006662073,0.26918915511276753,1.4408557359590355,0.292571310701932
466,0.8795148243764673,0.3078470773643185,1.5906265783534665,0.26918914494331725,1.4408558704166838,0.2925713374272319
467,0.8795148288558796,0.3078470773643185,1.5906265214290831,0.26918920688453113,1.440855818852204,0.29257132695686555
468,0.8795148323057032,0.3078470773643185,1.5906266031009566,0.26918919775967476,1.4408558378058256,0.29257131703941247
469,0.8795148420696671,0.3078470773643185,1.5906265841396703,0.2691892212213893,1.440855952067443,0.2925713076467972
470,0.8795148449146337,0.3078470773643185,1.5906265661839731,0.2691892130377412,1.4408559082638863,0.2925713291534066
471,0.8795148489891786,0.3078470773643185,1.59062657796794,0.26918920528902934,1.4408559531444303,0.2925713495170046
472,0.8795148488021055,0.3078470676976374,1.590626561872031,0.2691891979530152,1.4408560773851276,0.2925713415437742
473,0.8795148509145108,0.3078470676976375,1.5906265466352147,0.26918919100854877,1.4408560918097697,0.2925713597938177
474,0.8795148480013237,0.3078470676976375,1.590626556631249,0.2691891844355178,1.440856129880768,0.29257135264984363
475,0.8795148462173208,0.3078470676976375,1.5906265660914984,0.26918920132389385,1.440856119692985,0.29257134588878464
476,0.879514848263722,0.30784706276491636,1.5906265969114484,0.26918919543730807,1.4408561100524153,0.29257136135871975
477,0.8795148509185667,0.3078470627649164,1.5906266053817024,0.2691892105583518,1.4408561423123147,0.2925713553051908
478,0.879514855200506,0.3078470627649164,1.5906265938203452,0.2691892052890452,1.4408561532574058,0.292571349578185
479,0.8795148532079674,0.3078470585881224,1.5906266569505838,0.26918920030455784,1.4408561450942183,0.29257134416073816
480,0.8795148535183759,0.30784705835557563,1.590626646606525,0.26918921310375965,1.4408561373957647,0.29257133903673116
481,0.8795148538365001,0.3078470582356001,1.590626719639315,0.269189208645158,1.4408561439360783,0.2925713341908496
482,0.8795148570244417,0.30784705470269214,1.5906267260509916,0.2691892044290691,1.4408561526934882,0.29257132960854565
483,0.8795148556178612,0.3078470513623465,1.5906267173046926,0.26918923005978995,1.440856161159569,0.29257132527600155
484,0.8795148564366692,0.30784704504654736,1.5906267510351648,0.26918922629122494,1.4408561549880703,0.2925713491794688
485,0.87951485906827,0.3078470450465473,1.5906267829195107,0.2691892227289199,1.4408561359205605,0.2925713453077374
486,0.8795148590244093,0.3078470422251996,1.5906267755321442,0.26918921936198914,1.4408561178988104,0.29257134164835075
487,0.8795148617897932,0.3078470395589073,1.590626780371048,0.26918921618009856,1.4408561363283194,0.2925713381900771
488,0.8795148604964,0.3078470395589073,1.5906267737741504,0.2691892131734389,1.4408561314042576,0.2925713349222551
489,0.8795148623480664,0.3078470395589073,1.590626820306016,0.26918922088564373,1.4408561478578148,0.2925713423877097
490,0.8795148618801725,0.30784703955886306,1.5906268144178273,0.26918921820199154,1.4408561733813718,0.29257133947095204
491,0.8795148646340797,0.3078470395588631,1.5906268088559088,0.2691892156670431,1.4408561692298398,0.29257133671581476
492,0.8795148650919015,0.30784703755262477,1.5906268124969174,0.2691892132728456,1.440856156414712,0.2925713430077605
493,0.8795148651900857,0.30784702997159785,1.5906267991368268,0.269189211011855,1.440856169515998,0.2925713489496387
494,0.8795148640858635,0.3078470281831995,1.5906267944525672,0.26918920887691605,1.4408561660222279,0.2925713545602536
495,0.879514863192511,0.3078470281831995,1.590626819981755,0.2691892068612429,1.4408561702090643,0.2925713523694964
496,0.8795148636638513,0.3078470317682262,1.5906268299443163,0.2691892120271903,1.4408561600239562,0.29257135030137127
497,0.8795148641867481,0.3078470302631598,1.5906268260034775,0.2691892102310795,1.4408561637547308,0.29257134834924786
498,0.8795148633101657,0.3078470302631598,1.5906268222841278,0.26918921483320846,1.4408561735735796,0.29257134650684063
499,0.8795148641721814,0.3078470319365699,1.5906268187742396,0.26918921323351136,1.4408561650110767,0.29257134476819174
500,0.8795148656152093,0.30784703067173325,1.5906268266770263,0.2691892117240851,1.4408561737536731,0.29257134312765476
501,0.8795148667909938,0.3078470306717333,1.5906268235524619,0.2691892155902576,1.4408561767116843,0.2925713415798789
502,0.8795148651097583,0.30784703207687786,1.5906268255954485,0.2691892142468624,1.4408561844926295,0.29257134012034186
503,0.8795148652198848,0.3078470243735998,1.5906268275224558,0.2691892129797311,1.440856182417425,0.2925713387431459
504,0.8795148653602124,0.3078470243735937,1.5906268293398493,0.26918921622413217,1.440856180464219,0.2925713374442888
505,0.8795148658352434,0.3078470234292647,1.5906268310536584,0.26918921509719235,1.440856186991454,0.2925713362194615
506,0.879514865073415,0.3078470234292647,1.5906268247749153,0.2691892140346113,1.4408562049879392,0.2925713350645833
507,0.8795148654573801,0.30784702342918174,1.59062682257692,0.26918921303283394,1.4408562070687716,0.29257133397579027
508,0.8795148658964775,0.30784702342918174,1.5906268205049485,0.26918921559658304,1.4408562090302983,0.2925713364575128
509,0.879514865973834,0.3078470226833245,1.5906268251651148,0.2691892147064948,1.4408562075726674,0.2925713354901104
510,0.8795148657697169,0.30784702268332453,1.5906268233245917,0.2691892169838617,1.4408562124313018,0.29257133457839385
511,0.879514866171619,0.30784702268332453,1.590626821590222,0.2691892161933903,1.440856217009712,0.2925713337192611
512,0.8795148663657525,0.3078470220593507,1.590626831023254,0.2691892154485993,1.440856221324118,0.29257133290977655
513,0.8795148657407222,0.3078470220593507,1.5906268346969128,0.2691892147469332,1.440856230601349,0.29257133214716285
514,0.8795148656373359,0.3078470220593507,1.5906268307913376,0.26918921654134303,1.440856227063516,0.29257133388416096
515,0.8795148658997504,0.3078470220593507,1.590626831738071,0.2691892159188049,1.440856223731332,0.29257133320754836
516,0.8795148658920965,0.30784702156838817,1.590626834807614,0.2691892153325245,1.4408562227725712,0.29257133257034285
517,0.8795148658122628,0.307847021568388,1.5906268315454692,0.2691892147804565,1.4408562259728974,0.29257133402117635
518,0.87951486601555,0.3078470215683876,1.5906268304050013,0.26918921426066694,1.4408562251216341,0.29257133345623726
519,0.8795148660027933,0.3078470211583508,1.590626831149171,0.2691892137713275,1.4408562225024477,0.29257133292439313
520,0.8795148661108895,0.3078470207723722,1.5906268284274017,0.2691892133107097,1.4408562217480856,0.29257133242376554
521,0.8795148659997516,0.3078470204090923,1.5906268339182033,0.26918921287718,1.440856222648588,0.2925713319525789
522,0.8795148661404771,0.30784702040763695,1.590626834538653,0.26918921246919447,1.44085622501169,0.2925713315091552
523,0.8795148663234652,0.30784702040763695,1.5906268351224746,0.26918921351142966,1.4408562272352403,0.29257133109190886
524,0.8795148661366216,0.30784702040763695,1.5906268356717643,0.26918921315023625,1.4408562293272726,0.2925713320411244
525,0.8795148662990423,0.30784702040763695,1.5906268336639684,0.26918921281044755,1.4408562300330625,0.29257133167182126
526,0.8795148662768263,0.3078470201398138,1.5906268341500256,0.2691892124908336,1.4408562306969455,0.29257133132444524
527,0.8795148661997654,0.30784701988792285,1.5906268357238582,0.2691892121902328,1.4408562324380256,0.29257133099773386
528,0.8795148664553737,0.30784701988792285,1.590626838254023,0.26918921295768206,1.4408562319750675,0.29257133174062877
529,0.8795148666055307,0.3078470198879229,1.5906268376708226,0.26918921269187757,1.440856233514607,0.2925713314517362
530,0.8795148667358383,0.3078470196785153,1.5906268380508646,0.2691892124419755,1.4408562331054038,0.29257133118012735
531,0.8795148665500435,0.3078470196785153,1.5906268375354218,0.26918921220705283,1.4408562327206682,0.2925713309247989
532,0.8795148665784501,0.3078470194934818,1.5906268395118195,0.2691892119862382,1.4408562331793313,0.292571330684804
533,0.8795148666154307,0.3078470194934817,1.5906268390564813,0.26918921177870936,1.4408562328394583,0.29257133123018936
534,0.8795148665967939,0.307847019330064,1.590626838628591,0.26918921303262583,1.4408562332445398,0.29257133101823085
535,0.879514866615908,0.30784701933006403,1.5906268375458288,0.26918921353009917,1.4408562343058713,0.2925713308190734
536,0.8795148666531213,0.30784701933006386,1.5906268371681074,0.2691892133579456,1.4408562333844066,0.29257133063196633
537,0.8795148666882586,0.30784701933006386,1.5906268374140415,0.26918921319622807,1.4408562331195587,0.2925713304562018
538,0.8795148666240316,0.30784701933006314,1.590626836516496,0.2691892136086038,1.4408562340026343,0.2925713302911121
539,0.8795148664703781,0.3078470192128655,1.590626836733438,0.2691892134659504,1.44085623376913,0.2925713301360676
540,0.8795148664919176,0.3078470192128655,1.5906268364395229,0.2691892133319932,1.4408562345450102,0.2925713299904747
541,0.8795148664394503,0.3078470192128655,1.5906268361635583,0.2691892132062172,1.4408562352735046,0.29257132985377365
542,0.8795148664141216,0.30784701921285357,1.5906268367817813,0.26918921308813704,1.4408562346414735,0.2925713297254369
543,0.8795148663728518,0.3078470192128536,1.5906268369503456,0.2691892129772952,1.4408562348767955,0.29257132960496723
544,0.8795148663758746,0.30784701912568185,1.5906268374950316,0.2691892128732606,1.44085623586586,0.292571329491896
545,0.8795148663839004,0.3078470190431932,1.5906268372808139,0.26918921277562685,1.440856236436614,0.29257132974847716
546,0.8795148663747346,0.3078470190431932,1.5906268374201395,0.2691892126840113,1.440856236287428,0.29257132964890376
547,0.879514866368297,0.3078470189705527,1.5906268372315395,0.2691892125980533,1.440856236146653,0.2925713295554793
548,0.8795148663441181,0.3078470189029797,1.5906268376537405,0.2691892128169797,1.4408562363143271,0.29257132946783476
549,0.8795148663704143,0.3078470188395948,1.5906268388927716,0.2691892127413377,1.4408562367524456,0.2925713293856224
550,0.8795148663808969,0.3078470188395948,1.5906268387371112,0.26918921293394377,1.440856236636262,0.29257132930851487
551,0.8795148664167484,0.30784701878384385,1.5906268388382905,0.2691892128674119,1.4408562367744582,0.29257132923620394
552,0.8795148664349124,0.30784701878384385,1.5906268384696567,0.2691892128050262,1.4408562371357956,0.2925713291683994
553,0.8795148664781177,0.3078470187348402,1.590626838558607,0.26918921274653557,1.4408562376918994,0.29257132910482814
554,0.8795148664647754,0.3078470187348402,1.5906268384383,0.26918921289539754,1.4408562380094883,0.29257132904523303
555,0.8795148664464632,0.3078470187348402,1.5906268388983236,0.26918921284400105,1.4408562379253151,0.29257132898937216
556,0.879514866453581,0.3078470187348402,1.5906268391505245,0.26918921279583086,1.4408562382043169,0.29257132911596334
557,0.8795148664049359,0.3078470187348402,1.5906268390514808,0.2691892127506899,1.4408562384657735,0.29257132906690136
558,0.8795148664007011,0.30784701873484016,1.5906268391158047,0.2691892128655205,1.4408562385542985,0.2925713290209303
559,0.8795148664065569,0.3078470187016339,1.590626839176069,0.2691892128258929,1.4408562389310327,0.2925713289778606
560,0.8795148664072026,0.3078470186705273,1.5906268393704264,0.26918921278877084,1.4408562392839483,0.29257132893751403
561,0.8795148664207566,0.3078470186705272,1.5906268396816414,0.26918921275400004,1.4408562392270037,0.29257132889972304
562,0.8795148664207566,0.3078470185408662,1.5906268398521362,0.2691892127214358,1.4408562392946445,0.2925713288643303
563,0.8795148664216842,0.3078470185408662,1.5906268400117938,0.26918921269094137,1.4408562391314215,0.29257132894446963
564,0.8795148664110144,0.3078470185169403,1.5906268398430778,0.2691892127684576,1.4408562391907291,0.29257132891343696
565,0.8795148664172874,0.3078470185169403,1.5906268397844272,0.26918921274172647,1.4408562392462534,0.2925713289836863
566,0.8795148664105465,0.3078470185169403,1.590626839822481,0.26918921280965996,1.4408562392982294,0.29257132895648996
567,0.8795148664122691,0.30784701851694035,1.5906268400321093,0.2691892127862391,1.440856239172948,0.2925713289310347
568,0.8795148664170312,0.3078470185582337,1.5906268400654424,0.2691892127643204,1.4408562393813507,0.29257132907006306
569,0.8795148664319158,0.3078470185410467,1.5906268400966344,0.26918921274380975,1.4408562392715658,0.29257132912396494
570,0.8795148664289139,0.3078470185410467,1.5906268399832382,0.26918921272461915,1.4408562391688466,0.29257132910310746
571,0.8795148664328141,0.3078470185410451,1.590626839943847,0.26918921270666585,1.440856239139451,0.29257132908359473
572,0.8795148664328138,0.3078470185480352,1.5906268399069998,0.2691892126898722,1.4408562392991067,0.292571329065343
573,0.8795148664369079,0.3078470185480352,1.5906268399308867,0.2691892127325151,1.4408562392151394,0.29257132904827143
574,0.8795148664458443,0.3078470185480352,1.5906268398986574,0.2691892127178259,1.4408562391365145,0.2925713290323063
575,0.8795148664552154,0.30784701854803515,1.5906268398685206,0.26918921270409046,1.4408562391140198,0.29257132901737776
576,0.8795148664641437,0.30784701853727403,1.590626839792637,0.26918921269124835,1.4408562391406972,0.29257132900342014
577,0.8795148664674826,0.3078470185372741,1.5906268399000913,0.26918921267924295,1.4408562391210356,0.2925713289903719
578,0.8795148664674827,0.3078470184690529,1.5906268399171573,0.2691892126680211,1.4408562391026571,0.2925713289781753
579,0.8795148664711289,0.307847018488813,1.5906268399720693,0.2691892126575329,1.4408562392023667,0.29257132896677607
580,0.8795148664796472,0.3078470184805999,1.5906268399505645,0.269189212684142,1.4408562394047773,0.2925713289561235
581,0.8795148664772993,0.3078470184805999,1.590626839896449,0.26918921267498375,1.4408562394238003,0.2925713289461697
582,0.8795148664825422,0.3078470184805999,1.5906268399094612,0.26918921266642737,1.4408562395051445,0.2925713289686559
583,0.8795148664833761,0.3078470184956592,1.5906268398919237,0.2691892126584343,1.4408562395217472,0.2925713289599685
584,0.8795148664825317,0.3078470184956592,1.5906268399032777,0.26918921265096835,1.4408562395373257,0.2925713290073241
585,0.8795148664797485,0.30784701848993085,1.5906268399656873,0.2691892126439956,1.4408562395518099,0.29257132899974564
586,0.8795148664787286,0.30784701848993085,1.5906268400239671,0.26918921263748424,1.4408562395895237,0.2925713289926687
587,0.8795148664755965,0.3078470184899309,1.590626840033213,0.2691892126314045,1.4408562396474824,0.29257132898606086
588,0.8795148664770763,0.3078470184899309,1.5906268400207595,0.2691892126257285,1.440856239617101,0.2925713289798918
589,0.8795148664802307,0.30784701848993085,1.5906268400288173,0.26918921262042994,1.4408562396281068,0.292571328974133
590,0.879514866479887,0.30784701848164264,1.5906268399995946,0.26918921261548445,1.440856239675123,0.292571328968758
591,0.8795148664814307,0.30784701848164214,1.5906268400066137,0.26918921261086903,1.4408562396675642,0.29257132898088734
592,0.8795148664828156,0.3078470184816421,1.5906268400131633,0.26918921260656214,1.4408562396925098,0.29257132897620636
593,0.8795148664830601,0.3078470184816421,1.5906268400342025,0.2691892126025437,1.4408562397008566,0.29257132897183885
594,0.8795148664832395,0.3078470184816421,1.5906268400120505,0.2691892125987948,1.4408562397086435,0.29257132896776433
595,0.8795148664844545,0.3078470184816421,1.5906268400173686,0.26918921260828865,1.4408562397288984,0.2925713289639636
596,0.8795148664849363,0.3078470184816421,1.5906268400223287,0.2691892126171435,1.4408562397356737,0.29257132896041865
597,0.8795148664842888,0.30784701848737284,1.590626840015655,0.2691892126141018,1.4408562397193925,0.29257132896841226
598,0.8795148664851945,0.30784701848500173,1.5906268400094319,0.2691892126112655,1.4408562397463567,0.2925713289653296
599,0.8795148664851945,0.30784701845951135,1.5906268400036296,0.26918921260862105,1.4408562397518496,0.29257132896245547
600,0.8795148664853241,0.30784701845951135,1.5906268399982206,0.2691892126061558,1.4408562397386542,0.2925713289597761
601,0.8795148664846651,0.3078470184595114,1.5906268400102515,0.26918921260385786,1.4408562397348907,0.292571328965815
602,0.879514866485875,0.3078470184635464,1.5906268400214645,0.2691892126017162,1.4408562397393394,0.2925713289634873
603,0.8795148664856235,0.30784701846354645,1.5906268400244996,0.26918921259972034,1.4408562397508993,0.2925713289613181
604,0.8795148664858629,0.3078470184619881,1.5906268400135108,0.2691892126047692,1.4408562397616709,0.2925713289592969
605,0.8795148664867739,0.3078470184619881,1.5906268400161458,0.2691892126030366,1.4408562397717062,0.2925713289638502
606,0.8795148664870124,0.3078470184619881,1.5906268400245964,0.26918921260142253,1.4408562397630669,0.2925713289620959
607,0.8795148664872084,0.30784701846072826,1.590626840021298,0.2691892125999191,1.440856239760605,0.29257132896046195
608,0.8795148664873301,0.3078470184583817,1.5906268400286288,0.26918921259851897,1.440856239758312,0.29257132896414156
609,0.8795148664873033,0.30784701845838175,1.5906268400596735,0.2691892126020588,1.4408562397561766,0.2925713289627244
610,0.8795148664880786,0.30784701845736445,1.5906268400660297,0.2691892126008448,1.4408562397586984,0.29257132896591487
611,0.8795148664881597,0.30784701845730394,1.5906268400677486,0.2691892125997145,1.4408562397526647,0.2925713289646864
612,0.8795148664883424,0.30784701845730394,1.5906268400810741,0.26918921259866235,1.4408562397470335,0.2925713289635429
613,0.8795148664884869,0.30784701845648355,1.5906268400789256,0.269189212601321,1.4408562397490676,0.29257132896247856
614,0.8795148664887917,0.3078470184557198,1.5906268400769261,0.2691892126004096,1.4408562397543465,0.292571328961488
615,0.8795148664893815,0.3078470184557198,1.5906268400750652,0.2691892125995615,1.440856239749807,0.29257132896056626
616,0.8795148664890761,0.3078470184557198,1.5906268400821275,0.26918921259877243,1.4408562397573097,0.2925713289597086
617,0.8795148664893536,0.30784701845571977,1.5906268400805168,0.26918921259803835,1.4408562397642883,0.29257132896163773
618,0.8795148664893447,0.30784701845571977,1.5906268400866286,0.2691892125973555,1.4408562397657068,0.2925713289608956
619,0.879514866489091,0.30784701845519796,1.590626840092313,0.2691892125967204,1.440856239767026,0.2925713289602053
620,0.8795148664891195,0.3078470184547031,1.590626840093211,0.2691892125961298,1.440856239772641,0.2925713289595634
621,0.8795148664890909,0.30784701845424284,1.5906268400960863,0.26918921259762085,1.4408562397758218,0.2925713289589665
622,0.8795148664889157,0.30784701845424284,1.5906268400987598,0.26918921259900713,1.4408562397749856,0.29257132895841154
623,0.8795148664885815,0.3078470184539097,1.5906268400977184,0.26918921259853246,1.4408562397759714,0.2925713289578956
624,0.8795148664889265,0.3078470184539097,1.5906268400967503,0.2691892125980912,1.440856239778527,0.29257132895905513
625,0.8795148664890405,0.3078470184535661,1.5906268401004209,0.26918921259768114,1.440856239776332,0.29257132895860943
626,0.8795148664893171,0.3078470184535661,1.590626840106663,0.26918921259730005,1.4408562397771236,0.29257132895819526
627,0.8795148664892879,0.30784701845423323,1.5906268401085168,0.26918921259826134,1.4408562397818052,0.2925713289591258
628,0.8795148664892606,0.30784701845423323,1.5906268401090171,0.26918921259915446,1.4408562397861548,0.29257132895876825
629,0.8795148664892524,0.3078470184539771,1.5906268401072112,0.26918921259884887,1.4408562397856544,0.29257132895957133
630,0.8795148664891178,0.30784701845373924,1.590626840105534,0.269189212598565,1.4408562397862439,0.2925713289592628
631,0.8795148664891029,0.30784701845373924,1.5906268401098522,0.26918921259830136,1.4408562397877707,0.29257132895897625
632,0.8795148664891285,0.3078470184537392,1.5906268401093153,0.26918921259805656,1.4408562397882791,0.2925713289587102
633,0.879514866489175,0.3078470184537392,1.5906268401088168,0.2691892125978293,1.4408562397895956,0.29257132895846316
634,0.8795148664892182,0.3078470184535624,1.5906268401075698,0.2691892125976183,1.440856239788466,0.2925713289582338
635,0.8795148664892181,0.307847018452864,1.5906268401093233,0.2691892125974224,1.4408562397896005,0.2925713289580209
636,0.8795148664893343,0.3078470184527116,1.5906268401102752,0.2691892125972406,1.4408562397899782,0.29257132895849874
637,0.87951486648942,0.3078470184527117,1.590626840109905,0.26918921259707185,1.4408562397897018,0.29257132895831534
638,0.8795148664894188,0.30784701845250384,1.5906268401107246,0.26918921259691525,1.4408562397906086,0.29257132895814514
639,0.8795148664894188,0.30784701845110357,1.5906268401104058,0.26918921259677,1.4408562397909104,0.29257132895798726
640,0.8795148664894288,0.30784701845110357,1.5906268401131138,0.2691892125966352,1.4408562397911904,0.2925713289583414
641,0.8795148664894832,0.3078470184511035,1.590626840112375,0.2691892125965102,1.4408562397905211,0.29257132895820553
642,0.8795148664895182,0.30784701845110346,1.5906268401129822,0.2691892125963943,1.4408562397916234,0.2925713289580795
643,0.8795148664895589,0.30784701845101337,1.5906268401123467,0.26918921259628675,1.4408562397914473,0.2925713289583621
644,0.879514866489529,0.3078470184511176,1.590626840112128,0.26918921259618706,1.4408562397927656,0.2925713289582537
645,0.8795148664895455,0.3078470184512143,1.590626840111925,0.26918921259609463,1.4408562397922708,0.29257132895815324
646,0.8795148664895843,0.3078470184512143,1.5906268401114187,0.2691892125963272,1.440856239793404,0.2925713289583784
647,0.8795148664895642,0.30784701845121437,1.5906268401118344,0.2691892125965428,1.4408562397938638,0.2925713289582921
648,0.8795148664896186,0.30784701845121437,1.5906268401119463,0.2691892125964692,1.4408562397940168,0.2925713289582121
649,0.8795148664896287,0.3078470184511572,1.590626840112557,0.269189212596401,1.440856239794412,0.2925713289583914
650,0.8795148664895954,0.3078470184511572,1.590626840112653,0.26918921259633777,1.4408562397945432,0.29257132895832266
651,0.8795148664896225,0.30784701845115725,1.5906268401127421,0.2691892125962792,1.4408562397953175,0.29257132895825905
652,0.8795148664896224,0.30784701845091844,1.5906268401128247,0.26918921259622497,1.4408562397952285,0.2925713289582001
653,0.879514866489608,0.30784701845091844,1.5906268401129011,0.26918921259636136,1.4408562397949596,0.29257132895814547
654,0.8795148664896321,0.3078470184508795,1.590626840112972,0.2691892125964877,1.4408562397948832,0.2925713289580949
655,0.879514866489598,0.3078470184508795,1.5906268401127173,0.2691892125964446,1.4408562397949727,0.29257132895804805
656,0.8795148664896343,0.3078470184508794,1.590626840112926,0.2691892125964047,1.4408562397952036,0.2925713289580047
657,0.8795148664896487,0.307847018450949,1.5906268401129822,0.2691892125963678,1.440856239795006,0.29257132895796456
658,0.8795148664896234,0.3078470184508917,1.59062684011278,0.2691892125963336,1.440856239795204,0.2925713289579274
659,0.8795148664896234,0.30784701845052054,1.5906268401128283,0.26918921259630196,1.440856239795152,0.292571328957893
660,0.8795148664896425,0.30784701845057577,1.5906268401127641,0.26918921259627265,1.440856239795213,0.2925713289578612
661,0.8795148664896449,0.30784701845057577,1.590626840112906,0.26918921259624556,1.4408562397952693,0.2925713289578317
662,0.8795148664896558,0.3078470184505758,1.590626840112758,0.2691892125962205,1.4408562397954146,0.29257132895780447
663,0.879514866489666,0.3078470184505564,1.5906268401128794,0.26918921259619727,1.4408562397953766,0.29257132895777926
664,0.8795148664896727,0.3078470184505564,1.5906268401129917,0.2691892125961758,1.4408562397953415,0.2925713289578356
665,0.8795148664896744,0.3078470184505398,1.590626840113022,0.26918921259615597,1.4408562397953828,0.292571328957814
666,0.8795148664896696,0.3078470184505398,1.5906268401129136,0.2691892125961376,1.440856239795421,0.2925713289577941
667,0.8795148664896755,0.3078470184505398,1.5906268401129393,0.2691892125961206,1.4408562397955822,0.29257132895777566
668,0.8795148664896758,0.3078470184505398,1.590626840112963,0.2691892125961632,1.4408562397956732,0.2925713289577586
669,0.8795148664896754,0.3078470184505398,1.5906268401130927,0.2691892125962564,1.4408562397956497,0.29257132895774285
670,0.8795148664896745,0.3078470184505398,1.5906268401131631,0.269189212596243,1.440856239795578,0.2925713289577283
671,0.8795148664896811,0.30784701845053986,1.590626840113136,0.26918921259623063,1.4408562397956037,0.2925713289577609
672,0.8795148664896777,0.30784701845052065,1.5906268401131107,0.2691892125962192,1.44085623979567,0.29257132895774846
673,0.8795148664896789,0.30784701845052065,1.5906268401130874,0.2691892125962086,1.4408562397956919,0.29257132895773696
674,0.8795148664896868,0.30784701845052065,1.5906268401130659,0.2691892125961988,1.4408562397956757,0.29257132895772636
675,0.8795148664896906,0.30784701845052065,1.5906268401130796,0.2691892125961898,1.4408562397956943,0.29257132895771654
676,0.8795148664896891,0.30784701845052065,1.5906268401131232,0.26918921259618145,1.440856239795743,0.2925713289577075
677,0.8795148664896955,0.30784701845052065,1.5906268401130776,0.26918921259617373,1.4408562397957303,0.2925713289576991
678,0.8795148664896953,0.3078470184505206,1.5906268401130885,0.2691892125961666,1.4408562397957188,0.2925713289576914
679,0.8795148664896948,0.3078470184505151,1.5906268401130985,0.2691892125961601,1.4408562397957325,0.2925713289577086
680,0.8795148664896979,0.3078470184505151,1.5906268401131078,0.269189212596154,1.4408562397957676,0.292571328957702
681,0.8795148664897051,0.30784701845051043,1.5906268401131163,0.2691892125961692,1.4408562397958207,0.2925713289577167
682,0.8795148664897089,0.30784701845051043,1.5906268401131047,0.26918921259618317,1.4408562397958313,0.2925713289577111
683,0.8795148664897081,0.3078470184505104,1.5906268401130768,0.2691892125961784,1.440856239795841,0.29257132895772364
684,0.8795148664897098,0.3078470184505103,1.5906268401130834,0.269189212596174,1.4408562397958176,0.29257132895771887
685,0.8795148664897093,0.30784701845050694,1.5906268401130745,0.26918921259616996,1.440856239795826,0.2925713289577144
686,0.8795148664897137,0.30784701845050694,1.5906268401130803,0.2691892125961801,1.4408562397958338,0.2925713289577104
687,0.8795148664897144,0.3078470184504982,1.5906268401131243,0.2691892125961767,1.4408562397958409,0.2925713289577195
688,0.8795148664897151,0.3078470184505042,1.5906268401131174,0.2691892125961735,1.440856239795824,0.29257132895771604
689,0.8795148664897152,0.30784701845050977,1.590626840113111,0.26918921259618145,1.4408562397958082,0.2925713289577129
690,0.8795148664897156,0.3078470184505058,1.5906268401131152,0.26918921259617873,1.4408562397958138,0.29257132895770993
691,0.8795148664897149,0.3078470184505037,1.5906268401131376,0.2691892125961855,1.4408562397958098,0.2925713289577165
692,0.8795148664897146,0.30784701845050183,1.5906268401131325,0.2691892125961918,1.4408562397958147,0.292571328957714
693,0.8795148664897156,0.30784701845050183,1.5906268401131436,0.26918921259618966,1.4408562397958111,0.29257132895771165
694,0.8795148664897161,0.3078470184505001,1.590626840113132,0.2691892125961877,1.4408562397958007,0.29257132895770954
695,0.8795148664897164,0.30784701845050016,1.5906268401131214,0.26918921259618594,1.4408562397958045,0.2925713289577076
696,0.8795148664897168,0.30784701845050005,1.59062684011313,0.2691892125961843,1.4408562397958036,0.2925713289577058
697,0.8795148664897177,0.30784701845050005,1.5906268401131494,0.2691892125961828,1.4408562397958067,0.2925713289577098
698,0.8795148664897169,0.3078470184504977,1.5906268401131516,0.2691892125961814,1.4408562397958045,0.2925713289577135
699,0.8795148664897168,0.3078470184504966,1.5906268401131536,0.2691892125961801,1.4408562397958071,0.2925713289577121
700,0.8795148664897157,0.3078470184504956,1.590626840113151,0.2691892125961789,1.440856239795823,0.2925713289577108
701,0.8795148664897154,0.3078470184504956,1.590626840113161,0.2691892125961778,1.4408562397958251,0.2925713289577096
702,0.8795148664897158,0.3078470184504947,1.5906268401131625,0.2691892125961768,1.4408562397958236,0.2925713289577085
703,0.8795148664897157,0.3078470184504947,1.5906268401131638,0.26918921259617584,1.440856239795829,0.29257132895771093
704,0.8795148664897161,0.3078470184504947,1.5906268401131682,0.26918921259617495,1.4408562397958309,0.29257132895771
705,0.8795148664897164,0.3078470184504947,1.5906268401131665,0.2691892125961742,1.4408562397958267,0.29257132895770915
706,0.8795148664897162,0.3078470184504947,1.5906268401131702,0.26918921259617345,1.4408562397958338,0.2925713289577084
707,0.8795148664897164,0.307847018450496,1.590626840113174,0.2691892125961728,1.4408562397958327,0.29257132895770765
708,0.8795148664897173,0.3078470184504955,1.590626840113175,0.26918921259617445,1.4408562397958384,0.29257132895770926
709,0.8795148664897173,0.30784701845049656,1.59062684011318,0.2691892125961739,1.4408562397958458,0.29257132895770865
710,0.8795148664897174,0.3078470184504966,1.5906268401131807,0.2691892125961734,1.4408562397958469,0.2925713289577081
711,0.8795148664897171,0.3078470184504963,1.5906268401131796,0.2691892125961729,1.4408562397958478,0.2925713289577076
712,0.8795148664897168,0.3078470184504963,1.5906268401131785,0.26918921259617246,1.4408562397958502,0.2925713289577071
713,0.879514866489717,0.3078470184504963,1.5906268401131791,0.2691892125961735,1.4408562397958555,0.29257132895770666
714,0.8795148664897171,0.30784701845049595,1.5906268401131782,0.2691892125961732,1.4408562397958578,0.29257132895770627
715,0.8795148664897174,0.3078470184504957,1.5906268401131813,0.2691892125961741,1.4408562397958598,0.29257132895770593
716,0.8795148664897173,0.30784701845049556,1.5906268401131818,0.2691892125961738,1.4408562397958604,0.29257132895770677
717,0.8795148664897172,0.30784701845049606,1.5906268401131811,0.2691892125961735,1.4408562397958642,0.29257132895770643
718,0.8795148664897173,0.30784701845049606,1.5906268401131816,0.26918921259617323,1.4408562397958637,0.29257132895770616
719,0.8795148664897172,0.30784701845049645,1.5906268401131802,0.269189212596173,1.4408562397958624,0.2925713289577059
720,0.8795148664897174,0.3078470184504965,1.5906268401131831,0.26918921259617445,1.4408562397958622,0.29257132895770566
721,0.8795148664897176,0.30784701845049517,1.590626840113184,0.26918921259617423,1.4408562397958626,0.29257132895770543
722,0.8795148664897177,0.30784701845049517,1.590626840113183,0.26918921259617407,1.4408562397958637,0.2925713289577052
723,0.8795148664897178,0.307847018450495,1.5906268401131818,0.26918921259617457,1.4408562397958642,0.292571328957705
724,0.8795148664897178,0.307847018450495,1.5906268401131816,0.2691892125961744,1.4408562397958644,0.29257132895770543
725,0.8795148664897178,0.30784701845049495,1.5906268401131811,0.2691892125961748,1.440856239795864,0.29257132895770527
726,0.879514866489718,0.307847018450495,1.5906268401131824,0.2691892125961752,1.4408562397958637,0.29257132895770566
727,0.8795148664897182,0.30784701845049495,1.5906268401131831,0.26918921259617506,1.4408562397958649,0.292571328957706
728,0.8795148664897183,0.30784701845049495,1.590626840113183,0.26918921259617495,1.440856239795866,0.2925713289577067
729,0.8795148664897183,0.30784701845049484,1.5906268401131831,0.26918921259617484,1.4408562397958655,0.2925713289577066
730,0.8795148664897182,0.3078470184504947,1.5906268401131838,0.26918921259617506,1.4408562397958662,0.2925713289577068
731,0.8795148664897183,0.30784701845049467,1.5906268401131836,0.26918921259617495,1.4408562397958666,0.2925713289577067
732,0.8795148664897183,0.30784701845049467,1.5906268401131833,0.26918921259617484,1.4408562397958662,0.2925713289577066
733,0.8795148664897183,0.3078470184504946,1.5906268401131831,0.26918921259617506,1.4408562397958662,0.29257132895770654
734,0.8795148664897182,0.30784701845049456,1.5906268401131833,0.2691892125961753,1.4408562397958666,0.2925713289577065
735,0.8795148664897182,0.30784701845049445,1.5906268401131836,0.26918921259617523,1.4408562397958666,0.29257132895770643
736,0.8795148664897182,0.30784701845049434,1.5906268401131831,0.2691892125961752,1.4408562397958673,0.2925713289577064
737,0.8795148664897182,0.3078470184504943,1.5906268401131831,0.2691892125961751,1.4408562397958673,0.2925713289577063
738,0.8795148664897182,0.3078470184504943,1.590626840113183,0.26918921259617506,1.4408562397958673,0.29257132895770627
739,0.8795148664897182,0.3078470184504943,1.590626840113183,0.269189212596175,1.4408562397958675,0.2925713289577062
740,0.8795148664897183,0.3078470184504943,1.5906268401131831,0.26918921259617495,1.4408562397958677,0.29257132895770616
741,0.8795148664897181,0.3078470184504942,1.5906268401131831,0.2691892125961749,1.440856239795868,0.2925713289577061
742,0.8795148664897181,0.3078470184504943,1.5906268401131831,0.26918921259617484,1.440856239795868,0.29257132895770604
743,0.8795148664897181,0.3078470184504942,1.5906268401131831,0.2691892125961748,1.440856239795868,0.292571328957706
744,0.879514866489718,0.30784701845049417,1.5906268401131831,0.26918921259617473,1.4408562397958677,0.29257132895770593
745,0.879514866489718,0.3078470184504942,1.5906268401131831,0.2691892125961747,1.4408562397958677,0.2925713289577059
746,0.879514866489718,0.3078470184504942,1.5906268401131831,0.2691892125961746,1.4408562397958677,0.29257132895770593
747,0.8795148664897179,0.3078470184504942,1.5906268401131831,0.2691892125961746,1.4408562397958677,0.2925713289577059
748,0.8795148664897179,0.3078470184504942,1.5906268401131831,0.26918921259617457,1.4408562397958677,0.2925713289577058
749,0.8795148664897179,0.3078470184504942,1.5906268401131831,0.26918921259617457,1.4408562397958677,0.29257132895770577
750,0.8795148664897179,0.3078470184504942,1.590626840113183,0.2691892125961745,1.4408562397958675,0.2925713289577057
751,0.8795148664897179,0.3078470184504943,1.590626840113183,0.26918921259617445,1.4408562397958673,0.29257132895770566
752,0.8795148664897179,0.3078470184504943,1.590626840113183,0.26918921259617445,1.4408562397958675,0.29257132895770566
753,0.8795148664897179,0.3078470184504943,1.590626840113183,0.26918921259617445,1.4408562397958675,0.2925713289577057
754,0.8795148664897179,0.3078470184504943,1.590626840113183,0.26918921259617445,1.4408562397958675,0.2925713289577057
755,0.8795148664897179,0.3078470184504943,1.5906268401131831,0.26918921259617445,1.4408562397958675,0.2925713289577057
756,0.8795148664897179,0.3078470184504943,1.5906268401131831,0.26918921259617445,1.4408562397958675,0.2925713289577057
757,0.8795148664897179,0.3078470184504943,1.5906268401131831,0.26918921259617445,1.4408562397958675,0.2925713289577057
758,0.8795148664897179,0.3078470184504943,1.5906268401131831,0.26918921259617445,1.4408562397958675,0.2925713289577057
759,0.8795148664897179,0.3078470184504943,1.5906268401131831,0.26918921259617445,1.4408562397958675,0.2925713289577057
760,0.8795148664897179,0.3078470184504943,1.5906268401131833,0.26918921259617445,1.4408562397958675,0.2925713289577057
761,0.8795148664897179,0.3078470184504943,1.5906268401131833,0.26918921259617445,1.4408562397958677,0.2925713289577057
762,0.8795148664897179,0.3078470184504943,1.5906268401131833,0.26918921259617445,1.4408562397958677,0.2925713289577057
763,0.8795148664897179,0.3078470184504943,1.5906268401131833,0.26918921259617445,1.4408562397958677,0.2925713289577057
764,0.8795148664897179,0.3078470184504943,1.5906268401131833,0.26918921259617445,1.4408562397958677,0.2925713289577057
765,0.8795148664897179,0.3078470184504943,1.5906268401131833,0.26918921259617445,1.4408562397958677,0.2925713289577057
766,0.8795148664897179,0.3078470184504943,1.5906268401131833,0.26918921259617445,1.4408562397958677,0.2925713289577057
767,0.8795148664897179,0.3078470184504943,1.5906268401131833,0.26918921259617445,1.4408562397958677,0.2925713289577057
768,0.8795148664897179,0.3078470184504943,1.5906268401131833,0.26918921259617445,1.4408562397958677,0.2925713289577057
769,0.8795148664897179,0.3078470184504943,1.5906268401131833,0.26918921259617445,1.4408562397958677,0.2925713289577057
770,0.8795148664897179,0.3078470184504943,1.5906268401131833,0.26918921259617445,1.4408562397958677,0.2925713289577057
771,0.8795148664897179,0.3078470184504943,1.5906268401131833,0.26918921259617445,1.4408562397958677,0.2925713289577057
772,0.8795148664897179,0.3078470184504943,1.5906268401131833,0.26918921259617445,1.4408562397958677,0.2925713289577057
773,0.8795148664897179,0.3078470184504943,1.5906268401131833,0.26918921259617445,1.4408562397958677,0.2925713289577057
774,0.8795148664897179,0.3078470184504943,1.5906268401131833,0.26918921259617445,1.4408562397958677,0.2925713289577057
775,0.8795148664897179,0.3078470184504943,1.5906268401131833,0.26918921259617445,1.4408562397958677,0.2925713289577057
776,0.8795148664897179,0.3078470184504943,1.5906268401131833,0.26918921259617445,1.4408562397958677,0.2925713289577057
777,0.8795148664897179,0.3078470184504943,1.5906268401131833,0.26918921259617445,1.4408562397958677,0.2925713289577057
778,0.8795148664897179,0.3078470184504943,1.5906268401131833,0.26918921259617445,1.4408562397958677,0.2925713289577057
779,0.8795148664897179,0.3078470184504943,1.5906268401131833,0.26918921259617445,1.4408562397958677,0.2925713289577057
780,0.8795148664897179,0.3078470184504943,1.5906268401131833,0.26918921259617445,1.4408562397958677,0.2925713289577057
781,0.8795148664897179,0.3078470184504943,1.5906268401131833,0.26918921259617445,1.4408562397958677,0.2925713289577057
782,0.8795148664897179,0.3078470184504943,1.5906268401131833,0.26918921259617445,1.4408562397958677,0.2925713289577057
783,0.8795148664897179,0.3078470184504943,1.5906268401131833,0.26918921259617445,1.4408562397958677,0.2925713289577057
784,0.8795148664897179,0.3078470184504943,1.5906268401131833,0.26918921259617445,1.4408562397958677,0.2925713289577057
785,0.8795148664897179,0.3078470184504943,1.5906268401131833,0.26918921259617445,1.4408562397958677,0.2925713289577057
786,0.8795148664897179,0.3078470184504943,1.5906268401131833,0.26918921259617445,1.4408562397958677,0.2925713289577057
787,0.8795148664897179,0.3078470184504943,1.5906268401131833,0.26918921259617445,1.4408562397958677,0.2925713289577057
788,0.8795148664897179,0.3078470184504943,1.5906268401131833,0.26918921259617445,1.4408562397958677,0.2925713289577057
789,0.8795148664897179,0.3078470184504943,1.5906268401131833,0.26918921259617445,1.4408562397958677,0.2925713289577057
790,0.8795148664897179,0.3078470184504943,1.5906268401131833,0.26918921259617445,1.4408562397958677,0.2925713289577057
791,0.8795148664897179,0.3078470184504943,1.5906268401131833,0.26918921259617445,1.4408562397958677,0.2925713289577057
792,0.8795148664897179,0.3078470184504943,1.5906268401131833,0.26918921259617445,1.4408562397958677,0.2925713289577057
793,0.8795148664897179,0.3078470184504943,1.5906268401131833,0.26918921259617445,1.4408562397958677,0.2925713289577057
794,0.8795148664897179,0.3078470184504943,1.5906268401131833,0.26918921259617445,1.4408562397958677,0.2925713289577057
795,0.8795148664897179,0.3078470184504943,1.5906268401131833,0.26918921259617445,1.4408562397958677,0.2925713289577057
796,0.8795148664897179,0.3078470184504943,1.5906268401131833,0.26918921259617445,1.4408562397958677,0.2925713289577057
797,0.8795148664897179,0.3078470184504943,1.5906268401131833,0.26918921259617445,1.4408562397958677,0.2925713289577057
798,0.8795148664897179,0.3078470184504943,1.5906268401131833,0.26918921259617445,1.4408562397958677,0.2925713289577057
799,0.8795148664897179,0.3078470184504943,1.5906268401131833,0.26918921259617445,1.4408562397958677,0.2925713289577057
800,0.8795148664897179,0.3078470184504943,1.5906268401131833,0.26918921259617445,1.4408562397958677,0.2925713289577057
801,0.8795148664897179,0.3078470184504943,1.5906268401131833,0.26918921259617445,1.4408562397958677,0.2925713289577057
802,0.8795148664897179,0.3078470184504943,1.5906268401131833,0.26918921259617445,1.4408562397958677,0.2925713289577057
803,0.8795148664897179,0.3078470184504943,1.5906268401131833,0.26918921259617445,1.4408562397958677,0.2925713289577057
804,0.8795148664897179,0.3078470184504943,1.5906268401131833,0.26918921259617445,1.4408562397958677,0.2925713289577057
805,0.8795148664897179,0.3078470184504943,1.5906268401131833,0.26918921259617445,1.4408562397958677,0.2925713289577057
806,0.8795148664897179,0.3078470184504943,1.5906268401131833,0.26918921259617445,1.4408562397958677,0.2925713289577057
807,0.8795148664897179,0.3078470184504943,1.5906268401131833,0.26918921259617445,1.4408562397958677,0.2925713289577057
808,0.8795148664897179,0.3078470184504943,1.5906268401131833,0.26918921259617445,1.4408562397958677,0.2925713289577057
809,0.8795148664897179,0.3078470184504943,1.5906268401131833,0.26918921259617445,1.4408562397958677,0.2925713289577057
810,0.8795148664897179,0.3078470184504943,1.5906268401131833,0.26918921259617445,1.4408562397958677,0.2925713289577057
811,0.8795148664897179,0.3078470184504943,1.5906268401131833,0.26918921259617445,1.4408562397958677,0.2925713289577057
812,0.8795148664897179,0.3078470184504943,1.5906268401131833,0.26918921259617445,1.4408562397958677,0.2925713289577057
813,0.8795148664897179,0.3078470184504943,1.5906268401131833,0.26918921259617445,1.4408562397958677,0.2925713289577057
814,0.8795148664897179,0.3078470184504943,1.5906268401131833,0.26918921259617445,1.4408562397958677,0.2925713289577057
815,0.8795148664897179,0.3078470184504943,1.5906268401131833,0.26918921259617445,1.4408562397958677,0.2925713289577057
816,0.8795148664897179,0.3078470184504943,1.5906268401131833,0.26918921259617445,1.4408562397958677,0.2925713289577057
817,0.8795148664897179,0.3078470184504943,1.5906268401131833,0.26918921259617445,1.4408562397958677,0.2925713289577057
818,0.8795148664897179,0.3078470184504943,1.5906268401131833,0.26918921259617445,1.4408562397958677,0.2925713289577057
819,0.8795148664897179,0.3078470184504943,1.5906268401131833,0.26918921259617445,1.4408562397958677,0.2925713289577057
820,0.8795148664897179,0.3078470184504943,1.5906268401131833,0.26918921259617445,1.4408562397958677,0.2925713289577057
821,0.8795148664897179,0.3078470184504943,1.5906268401131833,0.26918921259617445,1.4408562397958677,0.2925713289577057
822,0.8795148664897179,0.3078470184504943,1.5906268401131833,0.26918921259617445,1.4408562397958677,0.2925713289577057
823,0.8795148664897179,0.3078470184504943,1.5906268401131833,0.26918921259617445,1.4408562397958677,0.2925713289577057
824,0.8795148664897179,0.3078470184504943,1.5906268401131833,0.26918921259617445,1.4408562397958677,0.2925713289577057
825,0.8795148664897179,0.3078470184504943,1.5906268401131833,0.26918921259617445,1.4408562397958677,0.2925713289577057
826,0.8795148664897179,0.3078470184504943,1.5906268401131833,0.26918921259617445,1.4408562397958677,0.2925713289577057
827,0.8795148664897179,0.3078470184504943,1.5906268401131833,0.26918921259617445,1.4408562397958677,0.2925713289577057
828,0.8795148664897179,0.3078470184504943,1.5906268401131833,0.26918921259617445,1.4408562397958677,0.2925713289577057
829,0.8795148664897179,0.3078470184504943,1.5906268401131833,0.26918921259617445,1.4408562397958677,0.2925713289577057
830,0.8795148664897179,0.3078470184504943,1.5906268401131833,0.26918921259617445,1.4408562397958677,0.2925713289577057
831,0.8795148664897179,0.3078470184504943,1.5906268401131833,0.26918921259617445,1.4408562397958677,0.2925713289577057
832,0.8795148664897179,0.3078470184504943,1.5906268401131833,0.26918921259617445,1.4408562397958677,0.2925713289577057
833,0.8795148664897179,0.3078470184504943,1.5906268401131833,0.26918921259617445,1.4408562397958677,0.2925713289577057
834,0.8795148664897179,0.3078470184504943,1.5906268401131833,0.26918921259617445,1.4408562397958677,0.2925713289577057
835,0.8795148664897179,0.3078470184504943,1.5906268401131833,0.26918921259617445,1.4408562397958677,0.2925713289577057
836,0.8795148664897179,0.3078470184504943,1.5906268401131833,0.26918921259617445,1.4408562397958677,0.2925713289577057
837,0.8795148664897179,0.3078470184504943,1.5906268401131833,0.26918921259617445,1.4408562397958677,0.2925713289577057
838,0.8795148664897179,0.3078470184504943,1.5906268401131833,0.26918921259617445,1.4408562397958677,0.2925713289577057
839,0.8795148664897179,0.3078470184504943,1.5906268401131833,0.26918921259617445,1.4408562397958677,0.2925713289577057
840,0.8795148664897179,0.3078470184504943,1.5906268401131833,0.26918921259617445,1.4408562397958677,0.2925713289577057
841,0.8795148664897179,0.3078470184504943,1.5906268401131833,0.26918921259617445,1.4408562397958677,0.2925713289577057
842,0.8795148664897179,0.3078470184504943,1.5906268401131833,0.26918921259617445,1.4408562397958677,0.2925713289577057
843,0.8795148664897179,0.3078470184504943,1.5906268401131833,0.26918921259617445,1.4408562397958677,0.2925713289577057
844,0.8795148664897179,0.3078470184504943,1.5906268401131833,0.26918921259617445,1.4408562397958677,0.2925713289577057
845,0.8795148664897179,0.3078470184504943,1.5906268401131833,0.26918921259617445,1.4408562397958677,0.2925713289577057
846,0.8795148664897179,0.3078470184504943,1.5906268401131833,0.26918921259617445,1.4408562397958677,0.2925713289577057
847,0.8795148664897179,0.3078470184504943,1.5906268401131833,0.26918921259617445,1.4408562397958677,0.2925713289577057
848,0.8795148664897179,0.3078470184504943,1.5906268401131833,0.26918921259617445,1.4408562397958677,0.2925713289577057
849,0.8795148664897179,0.3078470184504943,1.5906268401131833,0.26918921259617445,1.4408562397958677,0.2925713289577057
850,0.8795148664897179,0.3078470184504943,1.5906268401131833,0.26918921259617445,1.4408562397958677,0.2925713289577057
851,0.8795148664897179,0.3078470184504943,1.5906268401131833,0.26918921259617445,1.4408562397958677,0.2925713289577057
852,0.8795148664897179,0.3078470184504943,1.5906268401131833,0.26918921259617445,1.4408562397958677,0.2925713289577057
853,0.8795148664897179,0.3078470184504943,1.5906268401131833,0.26918921259617445,1.4408562397958677,0.2925713289577057
854,0.8795148664897179,0.3078470184504943,1.5906268401131833,0.26918921259617445,1.4408562397958677,0.2925713289577057
855,0.8795148664897179,0.3078470184504943,1.5906268401131833,0.26918921259617445,1.4408562397958677,0.2925713289577057
856,0.8795148664897179,0.3078470184504943,1.5906268401131833,0.26918921259617445,1.4408562397958677,0.2925713289577057
857,0.8795148664897179,0.3078470184504943,1.5906268401131833,0.26918921259617445,1.4408562397958677,0.2925713289577057
858,0.8795148664897179,0.3078470184504943,1.5906268401131833,0.26918921259617445,1.4408562397958677,0.2925713289577057
859,0.8795148664897179,0.3078470184504943,1.5906268401131833,0.26918921259617445,1.4408562397958677,0.2925713289577057
860,0.8795148664897179,0.3078470184504943,1.5906268401131833,0.26918921259617445,1.4408562397958677,0.2925713289577057
861,0.8795148664897179,0.3078470184504943,1.5906268401131833,0.26918921259617445,1.4408562397958677,0.2925713289577057
862,0.8795148664897179,0.3078470184504943,1.5906268401131833,0.26918921259617445,1.4408562397958677,0.2925713289577057
863,0.8795148664897179,0.3078470184504943,1.5906268401131833,0.26918921259617445,1.4408562397958677,0.2925713289577057
864,0.8795148664897179,0.3078470184504943,1.5906268401131833,0.26918921259617445,1.4408562397958677,0.2925713289577057
865,0.8795148664897179,0.3078470184504943,1.5906268401131833,0.26918921259617445,1.4408562397958677,0.2925713289577057
866,0.8795148664897179,0.3078470184504943,1.5906268401131833,0.26918921259617445,1.4408562397958677,0.2925713289577057
867,0.8795148664897179,0.3078470184504943,1.5906268401131833,0.26918921259617445,1.4408562397958677,0.2925713289577057
868,0.8795148664897179,0.3078470184504943,1.5906268401131833,0.26918921259617445,1.4408562397958677,0.2925713289577057
869,0.8795148664897179,0.3078470184504943,1.5906268401131833,0.26918921259617445,1.4408562397958677,0.2925713289577057
870,0.8795148664897179,0.3078470184504943,1.5906268401131833,0.26918921259617445,1.4408562397958677,0.2925713289577057
871,0.8795148664897179,0.3078470184504943,1.5906268401131833,0.26918921259617445,1.4408562397958677,0.2925713289577057
872,0.8795148664897179,0.3078470184504943,1.5906268401131833,0.26918921259617445,1.4408562397958677,0.2925713289577057
873,0.8795148664897179,0.3078470184504943,1.5906268401131833,0.26918921259617445,1.4408562397958677,0.2925713289577057
874,0.8795148664897179,0.3078470184504943,1.5906268401131833,0.26918921259617445,1.4408562397958677,0.2925713289577057
875,0.8795148664897179,0.3078470184504943,1.5906268401131833,0.26918921259617445,1.4408562397958677,0.2925713289577057
876,0.8795148664897179,0.3078470184504943,1.5906268401131833,0.26918921259617445,1.4408562397958677,0.2925713289577057
877,0.8795148664897179,0.3078470184504943,1.5906268401131833,0.26918921259617445,1.4408562397958677,0.2925713289577057
878,0.8795148664897179,0.3078470184504943,1.5906268401131833,0.26918921259617445,1.4408562397958677,0.2925713289577057
879,0.8795148664897179,0.3078470184504943,1.5906268401131833,0.26918921259617445,1.4408562397958677,0.2925713289577057
880,0.8795148664897179,0.3078470184504943,1.5906268401131833,0.26918921259617445,1.4408562397958677,0.2925713289577057
881,0.8795148664897179,0.3078470184504943,1.5906268401131833,0.26918921259617445,1.4408562397958677,0.2925713289577057
882,0.8795148664897179,0.3078470184504943,1.5906268401131833,0.26918921259617445,1.4408562397958677,0.2925713289577057
883,0.8795148664897179,0.3078470184504943,1.5906268401131833,0.26918921259617445,1.4408562397958677,0.2925713289577057
884,0.8795148664897179,0.3078470184504943,1.5906268401131833,0.26918921259617445,1.4408562397958677,0.2925713289577057
885,0.8795148664897179,0.3078470184504943,1.5906268401131833,0.26918921259617445,1.4408562397958677,0.2925713289577057
886,0.8795148664897179,0.3078470184504943,1.5906268401131833,0.26918921259617445,1.4408562397958677,0.2925713289577057
887,0.8795148664897179,0.3078470184504943,1.5906268401131833,0.26918921259617445,1.4408562397958677,0.2925713289577057
888,0.8795148664897179,0.3078470184504943,1.5906268401131833,0.26918921259617445,1.4408562397958677,0.2925713289577057
889,0.8795148664897179,0.3078470184504943,1.5906268401131833,0.26918921259617445,1.4408562397958677,0.2925713289577057
890,0.8795148664897179,0.3078470184504943,1.5906268401131833,0.26918921259617445,1.4408562397958677,0.2925713289577057
891,0.8795148664897179,0.3078470184504943,1.5906268401131833,0.26918921259617445,1.4408562397958677,0.2925713289577057
892,0.8795148664897179,0.3078470184504943,1.5906268401131833,0.26918921259617445,1.4408562397958677,0.2925713289577057
893,0.8795148664897179,0.3078470184504943,1.5906268401131833,0.26918921259617445,1.4408562397958677,0.2925713289577057
894,0.8795148664897179,0.3078470184504943,1.5906268401131833,0.26918921259617445,1.4408562397958677,0.2925713289577057
895,0.8795148664897179,0.3078470184504943,1.5906268401131833,0.26918921259617445,1.4408562397958677,0.2925713289577057
896,0.8795148664897179,0.3078470184504943,1.5906268401131833,0.26918921259617445,1.4408562397958677,0.2925713289577057
897,0.8795148664897179,0.3078470184504943,1.5906268401131833,0.26918921259617445,1.4408562397958677,0.2925713289577057
898,0.8795148664897179,0.3078470184504943,1.5906268401131833,0.26918921259617445,1.4408562397958677,0.2925713289577057
899,0.8795148664897179,0.3078470184504943,1.5906268401131833,0.26918921259617445,1.4408562397958677,0.2925713289577057
900,0.8795148664897179,0.3078470184504943,1.5906268401131833,0.26918921259617445,1.4408562397958677,0.2925713289577057
901,0.8795148664897179,0.3078470184504943,1.5906268401131833,0.26918921259617445,1.4408562397958677,0.2925713289577057
902,0.8795148664897179,0.3078470184504943,1.5906268401131833,0.26918921259617445,1.4408562397958677,0.2925713289577057
903,0.8795148664897179,0.3078470184504943,1.5906268401131833,0.26918921259617445,1.4408562397958677,0.2925713289577057
904,0.8795148664897179,0.3078470184504943,1.5906268401131833,0.26918921259617445,1.4408562397958677,0.2925713289577057
905,0.8795148664897179,0.3078470184504943,1.5906268401131833,0.26918921259617445,1.4408562397958677,0.2925713289577057
906,0.8795148664897179,0.3078470184504943,1.5906268401131833,0.26918921259617445,1.4408562397958677,0.2925713289577057
907,0.8795148664897179,0.3078470184504943,1.5906268401131833,0.26918921259617445,1.4408562397958677,0.2925713289577057
908,0.8795148664897179,0.3078470184504943,1.5906268401131833,0.26918921259617445,1.4408562397958677,0.2925713289577057
909,0.8795148664897179,0.3078470184504943,1.5906268401131833,0.26918921259617445,1.4408562397958677,0.2925713289577057
910,0.8795148664897179,0.3078470184504943,1.5906268401131833,0.26918921259617445,1.4408562397958677,0.2925713289577057
911,0.8795148664897179,0.3078470184504943,1.5906268401131833,0.26918921259617445,1.4408562397958677,0.2925713289577057
912,0.8795148664897179,0.3078470184504943,1.5906268401131833,0.26918921259617445,1.4408562397958677,0.2925713289577057
913,0.8795148664897179,0.3078470184504943,1.5906268401131833,0.26918921259617445,1.4408562397958677,0.2925713289577057
914,0.8795148664897179,0.3078470184504943,1.5906268401131833,0.26918921259617445,1.4408562397958677,0.2925713289577057
915,0.8795148664897179,0.3078470184504943,1.5906268401131833,0.26918921259617445,1.4408562397958677,0.2925713289577057
916,0.8795148664897179,0.3078470184504943,1.5906268401131833,0.26918921259617445,1.4408562397958677,0.2925713289577057
917,0.8795148664897179,0.3078470184504943,1.5906268401131833,0.26918921259617445,1.4408562397958677,0.2925713289577057
918,0.8795148664897179,0.3078470184504943,1.5906268401131833,0.26918921259617445,1.4408562397958677,0.2925713289577057
919,0.8795148664897179,0.3078470184504943,1.5906268401131833,0.26918921259617445,1.4408562397958677,0.2925713289577057
920,0.8795148664897179,0.3078470184504943,1.5906268401131833,0.26918921259617445,1.4408562397958677,0.2925713289577057
921,0.8795148664897179,0.3078470184504943,1.5906268401131833,0.26918921259617445,1.4408562397958677,0.2925713289577057
922,0.8795148664897179,0.3078470184504943,1.5906268401131833,0.26918921259617445,1.4408562397958677,0.2925713289577057
923,0.8795148664897179,0.3078470184504943,1.5906268401131833,0.26918921259617445,1.4408562397958677,0.2925713289577057
924,0.8795148664897179,0.3078470184504943,1.5906268401131833,0.26918921259617445,1.4408562397958677,0.2925713289577057
925,0.8795148664897179,0.3078470184504943,1.5906268401131833,0.26918921259617445,1.4408562397958677,0.2925713289577057
926,0.8795148664897179,0.3078470184504943,1.5906268401131833,0.26918921259617445,1.4408562397958677,0.2925713289577057
927,0.8795148664897179,0.3078470184504943,1.5906268401131833,0.26918921259617445,1.4408562397958677,0.2925713289577057
928,0.8795148664897179,0.3078470184504943,1.5906268401131833,0.26918921259617445,1.4408562397958677,0.2925713289577057
929,0.8795148664897179,0.3078470184504943,1.5906268401131833,0.26918921259617445,1.4408562397958677,0.2925713289577057
930,0.8795148664897179,0.3078470184504943,1.5906268401131833,0.26918921259617445,1.4408562397958677,0.2925713289577057
931,0.8795148664897179,0.3078470184504943,1.5906268401131833,0.26918921259617445,1.4408562397958677,0.2925713289577057
932,0.8795148664897179,0.3078470184504943,1.5906268401131833,0.26918921259617445,1.4408562397958677,0.2925713289577057
933,0.8795148664897179,0.3078470184504943,1.5906268401131833,0.26918921259617445,1.4408562397958677,0.2925713289577057
934,0.8795148664897179,0.3078470184504943,1.5906268401131833,0.26918921259617445,1.4408562397958677,0.2925713289577057
935,0.8795148664897179,0.3078470184504943,1.5906268401131833,0.26918921259617445,1.4408562397958677,0.2925713289577057
936,0.8795148664897179,0.3078470184504943,1.5906268401131833,0.26918921259617445,1.4408562397958677,0.2925713289577057
937,0.8795148664897179,0.3078470184504943,1.5906268401131833,0.26918921259617445,1.4408562397958677,0.2925713289577057
938,0.8795148664897179,0.3078470184504943,1.5906268401131833,0.26918921259617445,1.4408562397958677,0.2925713289577057
939,0.8795148664897179,0.3078470184504943,1.5906268401131833,0.26918921259617445,1.4408562397958677,0.2925713289577057
940,0.8795148664897179,0.3078470184504943,1.5906268401131833,0.26918921259617445,1.4408562397958677,0.2925713289577057
941,0.8795148664897179,0.3078470184504943,1.5906268401131833,0.26918921259617445,1.4408562397958677,0.2925713289577057
942,0.8795148664897179,0.3078470184504943,1.5906268401131833,0.26918921259617445,1.4408562397958677,0.2925713289577057
943,0.8795148664897179,0.3078470184504943,1.5906268401131833,0.26918921259617445,1.4408562397958677,0.2925713289577057
944,0.8795148664897179,0.3078470184504943,1.5906268401131833,0.26918921259617445,1.4408562397958677,0.2925713289577057
945,0.8795148664897179,0.3078470184504943,1.5906268401131833,0.26918921259617445,1.4408562397958677,0.2925713289577057
946,0.8795148664897179,0.3078470184504943,1.5906268401131833,0.26918921259617445,1.4408562397958677,0.2925713289577057
947,0.8795148664897179,0.3078470184504943,1.5906268401131833,0.26918921259617445,1.4408562397958677,0.2925713289577057
948,0.8795148664897179,0.3078470184504943,1.5906268401131833,0.26918921259617445,1.4408562397958677,0.2925713289577057
949,0.8795148664897179,0.3078470184504943,1.5906268401131833,0.26918921259617445,1.4408562397958677,0.2925713289577057
950,0.8795148664897179,0.3078470184504943,1.5906268401131833,0.26918921259617445,1.4408562397958677,0.2925713289577057
951,0.8795148664897179,0.3078470184504943,1.5906268401131833,0.26918921259617445,1.4408562397958677,0.2925713289577057
952,0.8795148664897179,0.3078470184504943,1.5906268401131833,0.26918921259617445,1.4408562397958677,0.2925713289577057
953,0.8795148664897179,0.3078470184504943,1.5906268401131833,0.26918921259617445,1.4408562397958677,0.2925713289577057
954,0.8795148664897179,0.3078470184504943,1.5906268401131833,0.26918921259617445,1.4408562397958677,0.2925713289577057
955,0.8795148664897179,0.3078470184504943,1.5906268401131833,0.26918921259617445,1.4408562397958677,0.2925713289577057
956,0.8795148664897179,0.3078470184504943,1.5906268401131833,0.26918921259617445,1.4408562397958677,0.2925713289577057
957,0.8795148664897179,0.3078470184504943,1.5906268401131833,0.26918921259617445,1.4408562397958677,0.2925713289577057
958,0.8795148664897179,0.3078470184504943,1.5906268401131833,0.26918921259617445,1.4408562397958677,0.2925713289577057
959,0.8795148664897179,0.3078470184504943,1.5906268401131833,0.26918921259617445,1.4408562397958677,0.2925713289577057
960,0.8795148664897179,0.3078470184504943,1.5906268401131833,0.26918921259617445,1.4408562397958677,0.2925713289577057
961,0.8795148664897179,0.3078470184504943,1.5906268401131833,0.26918921259617445,1.4408562397958677,0.2925713289577057
962,0.8795148664897179,0.3078470184504943,1.5906268401131833,0.26918921259617445,1.4408562397958677,0.2925713289577057
963,0.8795148664897179,0.3078470184504943,1.5906268401131833,0.26918921259617445,1.4408562397958677,0.2925713289577057
964,0.8795148664897179,0.3078470184504943,1.5906268401131833,0.26918921259617445,1.4408562397958677,0.2925713289577057
965,0.8795148664897179,0.3078470184504943,1.5906268401131833,0.26918921259617445,1.4408562397958677,0.2925713289577057
966,0.8795148664897179,0.3078470184504943,1.5906268401131833,0.26918921259617445,1.4408562397958677,0.2925713289577057
967,0.8795148664897179,0.3078470184504943,1.5906268401131833,0.26918921259617445,1.4408562397958677,0.2925713289577057
968,0.8795148664897179,0.3078470184504943,1.5906268401131833,0.26918921259617445,1.4408562397958677,0.2925713289577057
969,0.8795148664897179,0.3078470184504943,1.5906268401131833,0.26918921259617445,1.4408562397958677,0.2925713289577057
970,0.8795148664897179,0.3078470184504943,1.5906268401131833,0.26918921259617445,1.4408562397958677,0.2925713289577057
971,0.8795148664897179,0.3078470184504943,1.5906268401131833,0.26918921259617445,1.4408562397958677,0.2925713289577057
972,0.8795148664897179,0.3078470184504943,1.5906268401131833,0.26918921259617445,1.4408562397958677,0.2925713289577057
973,0.8795148664897179,0.3078470184504943,1.5906268401131833,0.26918921259617445,1.4408562397958677,0.2925713289577057
974,0.8795148664897179,0.3078470184504943,1.5906268401131833,0.26918921259617445,1.4408562397958677,0.2925713289577057
975,0.8795148664897179,0.3078470184504943,1.5906268401131833,0.26918921259617445,1.4408562397958677,0.2925713289577057
976,0.8795148664897179,0.3078470184504943,1.5906268401131833,0.26918921259617445,1.4408562397958677,0.2925713289577057
977,0.8795148664897179,0.3078470184504943,1.5906268401131833,0.26918921259617445,1.4408562397958677,0.2925713289577057
978,0.8795148664897179,0.3078470184504943,1.5906268401131833,0.26918921259617445,1.4408562397958677,0.2925713289577057
979,0.8795148664897179,0.3078470184504943,1.5906268401131833,0.26918921259617445,1.4408562397958677,0.2925713289577057
980,0.8795148664897179,0.3078470184504943,1.5906268401131833,0.26918921259617445,1.4408562397958677,0.2925713289577057
981,0.8795148664897179,0.3078470184504943,1.5906268401131833,0.26918921259617445,1.4408562397958677,0.2925713289577057
982,0.8795148664897179,0.3078470184504943,1.5906268401131833,0.26918921259617445,1.4408562397958677,0.2925713289577057
983,0.8795148664897179,0.3078470184504943,1.5906268401131833,0.26918921259617445,1.4408562397958677,0.2925713289577057
984,0.8795148664897179,0.3078470184504943,1.5906268401131833,0.26918921259617445,1.4408562397958677,0.2925713289577057
985,0.8795148664897179,0.3078470184504943,1.5906268401131833,0.26918921259617445,1.4408562397958677,0.2925713289577057
986,0.8795148664897179,0.3078470184504943,1.5906268401131833,0.26918921259617445,1.4408562397958677,0.2925713289577057
987,0.8795148664897179,0.3078470184504943,1.5906268401131833,0.26918921259617445,1.4408562397958677,0.2925713289577057
988,0.8795148664897179,0.3078470184504943,1.5906268401131833,0.26918921259617445,1.4408562397958677,0.2925713289577057
989,0.8795148664897179,0.3078470184504943,1.5906268401131833,0.26918921259617445,1.4408562397958677,0.2925713289577057
