0,0.5,0.5,0.5,0.5,0.5,0.5
1,0.500000035595183,0.4999999879031347,0.4950049975008331,0.4950049975008331,0.5049954833423064,0.5049950025016926
2,0.5094909499318159,0.49497732711083536,0.5000448577189449,0.5000448577189449,0.5299301127907557,0.4999551422835556
3,0.5070992826213866,0.48556106017704254,0.514999477918021,0.49505938800795357,0.5355190834632462,0.4949705670394883
4,0.5046010831485308,0.48555282740114797,0.5098700899840201,0.5100486687271343,0.5600993929889044,0.5000008205681697
5,0.4998967527379695,0.48478606336867575,0.5047968189610081,0.51492374561527,0.5843799099745556,0.49502575000745064
6,0.5058090494351926,0.48834780210641604,0.49977904789856287,0.5098053110826748,0.5785847376683153,0.49010696969291245
7,0.5061509277005275,0.4880725308362688,0.49481611979227114,0.504742819732252,0.580034985675833,0.4879939455726859
8,0.49737569531535564,0.48779216161359973,0.4899073859641734,0.4997356098726595,0.5845400234715644,0.4931387635107436
9,0.4943784242943872,0.48889853888094986,0.4919024179447751,0.49784321998534586,0.6153316822817183,0.5210454733340096
10,0.49900860617090015,0.4855339350331375,0.48703233887370473,0.4929143240135494,0.6092679165743505,0.5158868634915087
11,0.49903013079031067,0.48820319560138864,0.4907909437046219,0.4893540587745833,0.6290223676643972,0.5147385190495236
12,0.49906229600799457,0.48571391561818617,0.48594157722058845,0.48451888974408996,0.6425686199645793,0.5096525333475909
13,0.5011283250760779,0.48571391253076956,0.49101576635657956,0.4994779633526554,0.6559708034737554,0.5046218340471879
14,0.5006898056474038,0.48758718532754275,0.4960348473852225,0.5044135988645293,0.6495022914896192,0.500834858642344
15,0.5047738569304704,0.48758718427564357,0.5009994682750695,0.5092956796731639,0.6726633083623642,0.49590107465216415
16,0.5041926986810532,0.48842093971082656,0.5032947423335291,0.5068990882511056,0.6732720173157043,0.49363808067782305
17,0.5052918692463967,0.4897149296059926,0.5006765121066918,0.5094170984763278,0.6666535789109529,0.4887852020945568
18,0.5009574659492149,0.4852098217250719,0.4957590625066092,0.504413802242923,0.6601059672380676,0.4839845443076503
19,0.4973114930276668,0.484846337467777,0.49854920329982355,0.5016219653364618,0.6689385549059931,0.48355115046415137
20,0.5014176115665987,0.4848463237239874,0.5230683908225,0.4967050734872185,0.6623817747182895,0.47881138850254223
21,0.49990391637413345,0.4870294334452995,0.5179464059418978,0.49184124320965295,0.670300265705431,0.4793028457069735
22,0.499806699595238,0.4845222394059204,0.5128796458029725,0.4968122566265121,0.6836666579882271,0.4746141124225225
23,0.4983986949645507,0.4859180781215115,0.513758150722518,0.49583903638055943,0.6828373724103534,0.47416912021614455
24,0.5004960045557184,0.49133145820503815,0.5087424033142975,0.4909982307249747,0.695696642917784,0.48906558905054887
25,0.49459346003921406,0.49133145663828937,0.5037805882555503,0.49596257540564537,0.7181707939673595,0.49404878316931206
26,0.5016789918152191,0.4975338716796457,0.4988720772095391,0.49113023800214095,0.7280505802011652,0.4918446180246008
27,0.5047529170006836,0.5036144825486784,0.5076915624014855,0.5018752912294605,0.7267559710497237,0.49099893496170155
28,0.5041270429487665,0.5035536935967936,0.502754828709462,0.49699511428169535,0.7199726079752499,0.4862245184370159
29,0.5072086319334943,0.506934994818112,0.5075851501721435,0.5018813865586343,0.7288059517467401,0.48510230659117054
30,0.5109249993163785,0.5043784214297917,0.5026593127533424,0.4970109010590647,0.7508527436039714,0.4803946529237157
31,0.5114296520997241,0.5035783372788224,0.49778615350040695,0.492192501777772,0.7510002886832333,0.47802578186694294
32,0.5149585763023748,0.5035783370292589,0.5123351934806606,0.497110650822346,0.7630969486525654,0.47339607070552603
33,0.5175257869496802,0.5049608709460466,0.5170535385252805,0.5019762991877061,0.7713251585621813,0.47255512135094924
34,0.5180346293497274,0.5086676707979441,0.5156596592828651,0.5031862414414092,0.7766382340678539,0.47660635493849524
35,0.521118992967833,0.5037487063166189,0.5106804216833745,0.5079835020027638,0.7984252240983382,0.47200421816098137
36,0.5262375642492327,0.5037480908778155,0.5057541925648871,0.5030832884581985,0.8003774720918975,0.46745107528566054
37,0.5273126411771588,0.5068385442238561,0.5079107139549448,0.5008416023725553,0.799696120766759,0.46555316440508504
38,0.5322616423374079,0.5043140126453886,0.5030209917835277,0.4960199354531478,0.7920272645798839,0.46107122384462884
39,0.537065518888116,0.4968319175517325,0.5078006909193582,0.5008669672978835,0.7844357144711251,0.4566368680796333
40,0.5363505767322618,0.49713778646408036,0.527517703342056,0.500282465713459,0.7949227383044825,0.46329523561383334
41,0.5351400465686714,0.4983960607752685,0.5272061014519165,0.500327233482829,0.7969865177186048,0.46835286280568
42,0.5335972372175697,0.4944020761970734,0.5242643836541442,0.5030049424523283,0.804294846075645,0.4684000184327826
43,0.5338762753831444,0.4960152050641961,0.5223855245799864,0.5142016994463879,0.8045979637670715,0.4654847261584872
44,0.5421808139455954,0.49601515725851064,0.5365256147787129,0.509281025934142,0.8160375997939714,0.47059979122481144
45,0.541102914208392,0.49694588396795136,0.5348323667842532,0.5105363635968745,0.8116736938945094,0.4722259813982381
46,0.5414619253795503,0.4976926830621252,0.5392749128759929,0.515210946714189,0.8039218967299905,0.4677160522411754
47,0.5440443185797743,0.5006788025000122,0.5352237283700854,0.5187422885002778,0.8046986853975201,0.4643476026310486
48,0.5436754978192929,0.49860037785828365,0.5301223301785342,0.5137979804807226,0.826880891834837,0.4694530986176703
49,0.5489775478700795,0.498599342511088,0.5345964166832412,0.5089056930658131,0.8380551500272256,0.464983054799848
50,0.5478277482900493,0.4956828113506348,0.5390234725104309,0.5040648323704119,0.8397914337855669,0.46055999916364954
51,0.5486274213593106,0.49586019762834016,0.5616368600122301,0.5000475593084847,0.8595466897686301,0.4569561433235457
52,0.549841124254677,0.49389692174307903,0.5568510152663806,0.5042478160553783,0.8782345973545327,0.4542746682132943
53,0.5556619999432741,0.4967005113962454,0.5515699515382895,0.4994656305545306,0.8882499469634628,0.4506051397302175
54,0.5499053119916258,0.49396347966095816,0.552060607472024,0.4984914471303085,0.8933777783561314,0.4616567220750534
55,0.5507237718214212,0.4924248034315432,0.5468354358145996,0.49377329961940175,0.8850134667441479,0.45728720976608417
56,0.553709181191005,0.49004089234149856,0.5416648927600558,0.48910447982892297,0.9239295020706585,0.45296338023432464
57,0.5596111161466202,0.49004088546825786,0.5365483583072038,0.49393036861311823,0.9341117355634919,0.4486847150082291
58,0.5653758179481261,0.49291987454459735,0.5317700643629698,0.4984210500667893,0.9344486457857513,0.4447355462878442
59,0.5676069174264334,0.49269950535484763,0.526757031969869,0.49372240108890575,0.9256398341189845,0.44054299418814086
60,0.5713269476047175,0.4926995052247538,0.5217962210646157,0.4890726986210898,0.9357577789168748,0.4363941165136868
61,0.5713278979366186,0.492699501688722,0.5168870409525668,0.4844713890130629,0.9457728928107829,0.4416966516462711
62,0.5693783253806269,0.49208363977475017,0.5120289081106127,0.5081144119400628,0.9491824626975176,0.43754522040591853
63,0.5734540946443016,0.4920836343214382,0.5072212460945064,0.5033435048302777,0.9590730178812383,0.43343691811447843
64,0.573367648749556,0.48956934805595803,0.5024634854474578,0.5080021675854638,0.959456915134785,0.42937125815275273
65,0.572977062778868,0.4854705060449259,0.49775506360997757,0.5032418445597685,0.985584772358352,0.42771725067206173
66,0.5717493601423548,0.48331035612814743,0.4932799812946301,0.5077075945100504,1.0038930401638755,0.42427537018981065
67,0.569287339293732,0.4835445701307621,0.4886668505804077,0.50295953744937,1.0003882092168543,0.423845767665799
68,0.5753920491721366,0.48354457012867835,0.4841014293479603,0.5076031900286659,1.0097271870916962,0.41988594418956754
69,0.5791422659206091,0.488938795885093,0.4799037250439548,0.5118783173332434,1.027341863321142,0.416937178429062
70,0.5759288193637038,0.48655454718136987,0.4754291323701465,0.5257534719351087,1.0249825127019532,0.4130496819444992
71,0.5752577363123991,0.48707727361030995,0.48815525809626265,0.5316455685431063,1.0233689055345239,0.41069409422610337
72,0.5743020647914839,0.48545400680023404,0.48361282260015,0.5266984422716016,1.0291480140390867,0.41021667524862193
73,0.5735259727976275,0.4864657178382492,0.49499947796434135,0.5338079499040923,1.0420498598038315,0.42111939146292404
74,0.575584940357953,0.4841319590866196,0.49968927486623727,0.5381373435122714,1.0602327886345622,0.4172085748771312
75,0.5751335698888871,0.48674300829218076,0.5037595635413246,0.533716120849079,1.0765149204817361,0.4150519312661001
76,0.5741149698150818,0.4864636255074311,0.4990906382643307,0.5287695533440296,1.084194785316063,0.4213563447726687
77,0.5782227840440114,0.4889534638417862,0.4945088751563164,0.5330933617647468,1.101815231998312,0.4175728485448169
78,0.5839927440630406,0.4898066020408713,0.4987656315214694,0.5285812945271436,1.1004546206025405,0.41412930495985917
79,0.582531325148691,0.4823107560729793,0.5126376364457021,0.5236969923325642,1.0995263798022232,0.41030258484320314
80,0.5801512036084194,0.4823873987832752,0.5122991855972763,0.5237000322833388,1.09377170747779,0.41135372649004504
81,0.5843419100294868,0.48767258305062033,0.5075747948263761,0.5188705036235285,1.1014945049637603,0.41741689703465934
82,0.5828858575090954,0.4854123553706874,0.5121113701591937,0.5140902951716985,1.1005599613096904,0.4135713522114186
83,0.5805243897480243,0.4829699452112275,0.5154859211559449,0.5104745968474836,1.0989312307869588,0.4113923737705575
84,0.5824632614766843,0.4807397682632384,0.5107463824760673,0.5149754464105936,1.107228743650698,0.40760990370091926
85,0.5827131437613334,0.480739767780343,0.5152402370549032,0.510245333673661,1.0970587946098858,0.40386595666298936
86,0.5857367394888132,0.4785040895733138,0.5196883646749639,0.5055633519268015,1.1054644569274767,0.40016010594278767
87,0.5887516672504697,0.4778085061655463,0.5240912714236496,0.5192625103884363,1.095334521563691,0.3964919299057488
88,0.5863096896921062,0.4694920924052442,0.5284494573688633,0.5145073074708076,1.0953084129685682,0.39286101193230666
89,0.5858218261683823,0.46949019576001544,0.5236149608995461,0.5098003601426938,1.0852903254495583,0.38926694035434417
90,0.5854073759642635,0.46955230049675684,0.5279687923338516,0.514280447521437,1.0753721864550005,0.3857114370676331
91,0.585044274812242,0.4649681089701746,0.5236504819686445,0.518213014844045,1.0828099257189232,0.383373222327935
92,0.5840652540478404,0.4648924357413741,0.5371163419478927,0.5134863672500396,1.0824689263229375,0.37987645542510495
93,0.5881991414560074,0.46999508999729,0.532419841492651,0.517721779108096,1.090434072347943,0.37681038333792327
94,0.5878720590607479,0.46999508582599997,0.5275733154527937,0.5130090469965088,1.0987162036219043,0.38248317099447254
95,0.5830325528294984,0.4689803669625232,0.540963165201954,0.5083438815717491,1.0978185051842322,0.379004972558553
96,0.5835682947549808,0.4696121267477902,0.545133349666595,0.51281040049047,1.0963031579740525,0.37619375299336816
97,0.5810301460181335,0.46961203001200724,0.5492615192715931,0.5081563589007426,1.0954435169428194,0.3727795839933787
98,0.575327184615892,0.4718851094089328,0.5443132493467264,0.5125840502626009,1.1307737461211298,0.36955852807967987
99,0.5758410926422521,0.47148414359596935,0.5484405988621979,0.5169987846850911,1.147722468919353,0.36621127865971903
100,0.573840170248087,0.4714785192063635,0.570623225649071,0.5123207862304692,1.1375067273720572,0.36289766198133794
101,0.5777253606992063,0.4723517831891077,0.5826637235112886,0.5085698603749303,1.1272244300988,0.3596173102150511
102,0.5751568816285005,0.4699270305543399,0.5864323934178162,0.5039773242448636,1.1296860423099704,0.35636985963089246
103,0.5761572645410235,0.4700940178203373,0.590390002457006,0.5262679139604358,1.145696895236053,0.35425817741817683
104,0.5792005289106289,0.47009399767161264,0.5850692584014178,0.5215250543876135,1.1443840013045343,0.3510655131051009
105,0.5809846122149999,0.47307398072493523,0.5888049816197789,0.5258328816573932,1.1515459620466504,0.34844614420970826
106,0.5834875338775877,0.47079866959704036,0.5835091244859917,0.5300976575928379,1.159177170202402,0.34531213370341596
107,0.5809285240964787,0.4699393417337362,0.5897143568309526,0.5408421526044467,1.1552839676431599,0.34467237058489086
108,0.5796449169883009,0.46685342808000796,0.5933971939882301,0.5449636801538451,1.1648095383986967,0.34823035689266446
109,0.5791292784096453,0.4656497471105065,0.5880760208531566,0.5490441292445701,1.1724249999211078,0.34510766935944526
110,0.5835433461243973,0.46841019426415176,0.5915650036884674,0.544326777298314,1.170679249778323,0.3422173144709235
111,0.5810905198181211,0.4684018877564333,0.5952202467346462,0.5484047735367651,1.1602536321316674,0.3391546791181789
112,0.5842849292980341,0.46737430285115444,0.5990338536069313,0.561187980568417,1.1673804245879527,0.336644389107698
113,0.5827028160274819,0.46536155972861104,0.5936835787891226,0.5561757264154784,1.1569539586196802,0.3338149365504541
114,0.5844893090288906,0.4653615583431244,0.5973089693834334,0.5601357838066736,1.1734046262288726,0.3308364462211588
115,0.5849794743712508,0.4659694074556164,0.600898420894899,0.5640565845089821,1.171442348792797,0.3284288554763466
116,0.5921677944684013,0.4638043741629336,0.5955475693396441,0.5590338003785517,1.178878470925016,0.3255042778921703
117,0.5896481658970611,0.4637962360818442,0.5991455182761882,0.5629565703972395,1.168442710732863,0.32260864003292805
118,0.5906149345747757,0.4648147501652443,0.6108313324014341,0.5676040824610393,1.1669457670116683,0.3286285903097093
119,0.5904951680896595,0.46461992670876884,0.6142864021904955,0.5625648491395069,1.1743914777308766,0.3257110000494057
120,0.5904436255864303,0.46433281421425704,0.6088381705494934,0.5575753465227015,1.18171396844216,0.3228222026253316
121,0.5907750752091244,0.4678951070409528,0.6034436575994608,0.5526350396021926,1.1874333791988452,0.330353109299694
122,0.5914823309199121,0.4656908332584441,0.6069537695944129,0.5565948832504063,1.194625917615434,0.3362804778274564
123,0.5912500040089751,0.46568721334110835,0.6015866979613463,0.5693583902013666,1.184081552714443,0.3333068717577423
124,0.5916730357857454,0.4717791479338419,0.6107321495738326,0.5763704409587266,1.1848735403031287,0.3367782321800856
125,0.5937795197744069,0.4742580896611031,0.6141641549204974,0.5712872610459565,1.21852563405781,0.333827109771508
126,0.5959349985760969,0.474258089661103,0.6175657410149306,0.5750668562026272,1.2165990797067086,0.3308840404091744
127,0.5970034253385064,0.474244216700856,0.6209339683093594,0.5788093854860764,1.2323614400090186,0.32796983324804085
128,0.5925531938905756,0.47197669274545534,0.6154706598069326,0.5737167115490708,1.2303201648444,0.3250841795876329
129,0.5981415736908786,0.4745183082731325,0.610060832941658,0.5686738910185702,1.2458591717654366,0.3222427923867749
130,0.5962192413935337,0.4725133724244419,0.613484870950967,0.5724613458739036,1.2612006026270677,0.31947479401557927
131,0.5986857234706152,0.4702604176266556,0.6168754503636956,0.5674396131963795,1.2589692457596322,0.31667230433777543
132,0.5972538922549437,0.46577427803693194,0.6114695179035781,0.5624669072436198,1.2567005445304682,0.313897175114801
133,0.5954288178883141,0.46372455868277274,0.6061163157254464,0.557542705816038,1.2715009827912171,0.31114911492155534
134,0.5930352919200318,0.462030742143799,0.6090635937259935,0.5531640822732621,1.2773747734228071,0.3176713259901838
135,0.5940935024491436,0.4620305260766292,0.6037421081953105,0.5483309996686975,1.2836951870154554,0.3236329401858943
136,0.5960475937372157,0.4598105688156746,0.5984723896846956,0.5435449329364375,1.3161425140861676,0.3208081339111751
137,0.5984492268076521,0.45761020826626847,0.6019735908963448,0.538805382955582,1.3222348902873908,0.3180107825004596
138,0.6018087978945581,0.45761020814984704,0.6141517806563076,0.5341118563136,1.3455608845800082,0.3152405947344875
139,0.600906794935653,0.4546912212794645,0.6096455018049753,0.5373279034400087,1.350417808283499,0.3220379137245887
140,0.5985259672399954,0.45467928281324144,0.6043454984282954,0.5326565990603572,1.356260792157737,0.31923825060051747
141,0.6013525174026626,0.45995665484371534,0.6076610854529844,0.5281511634621777,1.3616475673914912,0.3167490112545221
142,0.5986850295658396,0.4617238583746542,0.6041488982123038,0.5304850147623588,1.3654263104180107,0.32443759834638264
143,0.5969917627309353,0.4596692228435407,0.6157157844876413,0.526418724257155,1.3701082769996495,0.3225116787868514
144,0.5946363808914938,0.45105689320561904,0.6103843769468962,0.5305194065009148,1.3756480167016019,0.31971908967417595
145,0.5934621167550644,0.45250278832661783,0.61333622285793,0.5349989343823284,1.3724252932710985,0.32565734703655236
146,0.594953344109603,0.4503808463492555,0.6080360306416814,0.5303756998789078,1.3778576978302548,0.32284315398614927
147,0.5992911975769889,0.4482626304466206,0.6027868922086306,0.5344299381783367,1.3746043643513293,0.3200560684812859
148,0.599299295004134,0.4482611346552177,0.6062125816428516,0.5384451592533417,1.371375852594556,0.3172958053614431
149,0.5983042268088551,0.452716546609184,0.6035310893179682,0.539880325160353,1.3717090110005623,0.31964501024244035
150,0.5995422913612821,0.45526654122708826,0.6060159572218793,0.536161103772923,1.3599026025034184,0.3168938002957574
151,0.5982577241102928,0.45488527680506013,0.6008051429601994,0.5315509348610258,1.3634002694796308,0.32558040085356715
152,0.6009242325175909,0.45272536018941956,0.5956442971920813,0.5269849746243996,1.3688686930396308,0.32278370336584505
153,0.6000676508180733,0.4553557209654269,0.59330991345173,0.5454296345718809,1.3648058069169056,0.3209410779153036
154,0.60044734383805,0.45851993692530996,0.5959514732039239,0.5415986994924029,1.3608364628625782,0.3190346791121913
155,0.5963184357950297,0.4576447721160912,0.5908476543369683,0.5455245178037322,1.3952468314644642,0.3163024176988383
156,0.596830971620708,0.45618126771042056,0.5857926029291968,0.5408572326559352,1.3834255312806354,0.3135962632948502
157,0.5961375436685378,0.4588982193389551,0.5872291323727141,0.5383382219271857,1.3716106209472123,0.3109274055031534
158,0.5979231448986311,0.46119371165804024,0.5993847501171278,0.5592644388805983,1.3768074963739156,0.3084590126874407
159,0.5965826426867636,0.45981231393821076,0.5942720200224124,0.5544939335799376,1.3823315076942781,0.3143578371597694
160,0.5962515240581925,0.4584915711332592,0.5892079679142274,0.566811723744066,1.3893247150438872,0.31167905637528387
161,0.5960200219164142,0.45474865846045687,0.5842006162280836,0.5704908921657569,1.4113742550583592,0.30976069719413485
162,0.6017310881160493,0.45984159811999115,0.5962244530514473,0.5741603191058918,1.4163467640937777,0.307159773609596
163,0.6024433189527036,0.4595121026335869,0.5911589826351492,0.5692823036273951,1.4217228821970398,0.3045501712386547
164,0.6061189041893444,0.46001939476829545,0.5862343953606943,0.5728451582848946,1.4180507858674225,0.3020718649789868
165,0.6074677279035234,0.4593495395787061,0.5812637508312332,0.5849459143353829,1.40602729228693,0.299510616654009
166,0.6073803545365853,0.4593480875398521,0.5848106404610032,0.5884616143378543,1.4025901066234956,0.29697362325464377
167,0.606000257016953,0.4583600972924073,0.5798619750943637,0.5834820544444588,1.3993345386183311,0.29446063360888897
168,0.604065532815451,0.4590341751918978,0.5802425598900356,0.5817206346313522,1.392788749187034,0.29514377351506077
169,0.6104946898963222,0.4526240899024221,0.5922325378782499,0.5768079520790566,1.3894716239678329,0.2926512580699365
170,0.6104542391780018,0.4523369788302466,0.5872360803237352,0.5719416263280354,1.3946224370717535,0.2901822623702738
171,0.6104585209678128,0.44951251093283334,0.5913971834880644,0.5832953705813202,1.3835421247683939,0.28818128809775423
172,0.6126647586008063,0.4453501736985231,0.5864177423723897,0.5783841450429694,1.3971554624345668,0.2857548616710024
173,0.6143066776051718,0.44328240717992573,0.5898965383096192,0.5903418907376081,1.410637591000893,0.28335127004324034
174,0.6178241278428025,0.44390075914710464,0.5932796429532418,0.5854442481663134,1.40712411942703,0.2810333454597358
175,0.6172745516706545,0.43889726765262954,0.5883120162499687,0.5889115646177915,1.4191669618491776,0.2800419029005431
176,0.6176047891027115,0.4403085011577453,0.5917645057169342,0.5923590261643257,1.414874383761957,0.278478089270776
177,0.6145526170936955,0.4408490296031581,0.5951810469925027,0.5873999351601062,1.4365181984057682,0.2761593490740388
178,0.6143676496419298,0.44471413254514924,0.5901997243136579,0.5824837359072058,1.4392930523838383,0.2757893410729092
179,0.6170522157346585,0.44471413187278686,0.5936260885943905,0.5776135550282836,1.427260745119906,0.28184450911633924
180,0.6154608555781589,0.44575821174146574,0.5956782262827718,0.5741311036065952,1.4320456245948414,0.2961958237736611
181,0.6144738312283603,0.44290721825179186,0.5990520301255743,0.5693403506728314,1.4451495920035768,0.29372426108911337
182,0.6139250417186977,0.4409203536435356,0.5940583243726598,0.5729303352822523,1.4503451206002542,0.2912757717115483
183,0.6127849883251473,0.4401677667348996,0.589111195820779,0.568159153895464,1.4630461342775885,0.2971778167111022
184,0.6060276415274,0.437907543349999,0.5868720135677197,0.5690899478004304,1.4567140023202614,0.29737025806075734
185,0.608721010301534,0.4384601047560029,0.5819944951222291,0.5643602168652891,1.469526308475581,0.2949133571193164
186,0.6095595180989744,0.43769912562113544,0.5853563150623239,0.5597832523965501,1.4737201574843786,0.2926922461431499
187,0.6130973950169957,0.4402476878492649,0.5887126264666808,0.5552230899408889,1.469708055957827,0.29034751861615216
188,0.6124357319241687,0.44024768775036366,0.583834467060442,0.5506224297596869,1.4741022369103662,0.28794165637481356
189,0.6091533485318008,0.43884817447764557,0.5790015641206825,0.5460644515833015,1.4949866015398459,0.2855834448361052
190,0.6091865156814477,0.4363950924080166,0.5831112486631795,0.5574597048793486,1.4833110999514494,0.28366429775241464
191,0.6049851012572113,0.4363918412769618,0.5865553024943096,0.5528543485915288,1.471071885862665,0.2813208545477317
192,0.6075555537721724,0.4388546422292074,0.5817148999914123,0.5565441936686745,1.4919668841535616,0.2790010328162647
193,0.6093809856376294,0.43885429144624766,0.5851635852414929,0.5519555871137584,1.4961583979402866,0.27670071959303266
194,0.6064947198004252,0.43769136196124553,0.58034383911875,0.5474093612924439,1.4838638731072238,0.27443485341057117
195,0.605551069066382,0.4352072457242485,0.575568568874588,0.5429050873462865,1.487034102919556,0.28150623185689716
196,0.6055638362139677,0.4424462570032883,0.5708373248194767,0.5384423411056097,1.507447470889041,0.2794365802859292
197,0.6089897690368602,0.4424462570032883,0.5661496621766066,0.5422326093677877,1.5114922661224597,0.27714187326257195
198,0.6114567579228609,0.4448676117208279,0.5615073959226857,0.5459857401398124,1.5236967701393989,0.27487504957855746
199,0.6114555778751468,0.44627622837586484,0.5569154945399786,0.5660876795072378,1.5521702584653212,0.27263926033865615
200,0.6071451840041568,0.4448688843142585,0.568730471179083,0.5614529455857264,1.570956864956046,0.2704070788692992
201,0.6070669285665118,0.4453402171213239,0.5722568933547105,0.556861737060558,1.590820378439317,0.268199325731949
202,0.6087456270224554,0.4481970390490883,0.5677499725527364,0.5684845853618029,1.5940573483272016,0.2661987964573588
203,0.609117125918642,0.443006318059369,0.5712783354753447,0.572006951799892,1.6137235499926332,0.264032146079397
204,0.612043364809795,0.44769033080891535,0.566619775614798,0.5673424503473884,1.6168156707397738,0.26193688163177864
205,0.6120052446889961,0.4474290829274247,0.5620038228184957,0.5627206103007706,1.6199372715950013,0.2598030198548736
206,0.6103444417630689,0.44543415676709774,0.5574300498184244,0.5581410038470818,1.6345110705152126,0.27299866116322874
207,0.609212220063327,0.4443267609941444,0.552898033978465,0.553603207811167,1.6293530027940684,0.27077912840376867
208,0.6095358790129444,0.44493064299078644,0.5565294276077694,0.5572288739689811,1.6240118552292804,0.26881494103025333
209,0.6107263000065565,0.4497805067786009,0.5520137743472063,0.5527075454339674,1.6184700883855119,0.2671124323543141
210,0.6096379377037444,0.44771165347998004,0.5475392376567624,0.5482273851443911,1.6053510248233192,0.2649472610586222
211,0.6065238974588775,0.4500514890641836,0.5512031475730312,0.5518857226207633,1.6247195288643341,0.262826939015131
212,0.6090687791557519,0.4471564942909492,0.54674410869729,0.5474211619538515,1.6277249294869525,0.2607314920513442
213,0.6074198931006793,0.44643398075390095,0.558488685372313,0.5591602669814294,1.6212058093847528,0.2600804784928175
214,0.6078066463994171,0.44276089535438534,0.5539797359904389,0.5627193794464794,1.640411338690422,0.2660542068002556
215,0.6100460095345912,0.4408694461844347,0.573707903054811,0.5581808144593349,1.6453508599248823,0.2639083693690764
216,0.6104180584470971,0.4359699243589778,0.5690853359502602,0.553683354588951,1.6563148196119932,0.2617879571648676
217,0.6088944446332969,0.4336800072800093,0.5645045975302765,0.5572758910258613,1.6676320427015114,0.25968074744161623
218,0.6053074721091778,0.43421769812035416,0.5599652724421581,0.5527946938058482,1.7105131873684416,0.2576004889817002
219,0.6059663059793615,0.42729902972151307,0.5554669497945122,0.548353973973705,1.7129389564048427,0.25553112830764024
220,0.6045892570276555,0.4296193325438338,0.5510164788900932,0.5519712624486657,1.723248605945762,0.2535022134597137
221,0.608387714464524,0.42961933000338826,0.5546160546705856,0.5475460167672064,1.7334847963127304,0.2514698439295023
222,0.6090381113390293,0.4261198823854541,0.5501740494756622,0.551169790235462,1.73561936406404,0.2494557833128025
223,0.6105996682673995,0.4292199544724228,0.5461206478880697,0.5544123247126803,1.7293959388420905,0.2478087237958329
224,0.610084125557802,0.42917399195367517,0.5417554229105298,0.5659671257688846,1.7397676199392016,0.2538211025318301
225,0.6090250467665018,0.42716900727570556,0.5374294179925807,0.5614477864767737,1.725875293325263,0.25179429986147955
226,0.609394718352921,0.43009169758974797,0.5331422462415774,0.5569690158526472,1.7599705456057264,0.24978590867387476
227,0.6113837522451089,0.42784717375322356,0.5288935248821097,0.5525304140144006,1.7538633049717782,0.2478461943782446
228,0.6078217136320335,0.4261344450202759,0.532644117820179,0.5481315853454627,1.7800548845488045,0.24587303069772043
229,0.603114499545837,0.4247698709391743,0.5284078471691185,0.5437721384460563,1.7756961000791904,0.2518778283612654
230,0.6064362675006341,0.4271580514889724,0.5320981402965468,0.5395083510786334,1.7694763366826582,0.2499333071240945
231,0.6058863161778764,0.4259622308122344,0.5278746673589735,0.5352260603735662,1.762451230705566,0.24886767038019222
232,0.6030614767484139,0.42526710939022794,0.5236889056482325,0.5309820060769069,1.7643348644626489,0.24689428383574882
233,0.6011480748838988,0.4241226220917283,0.5229588567148793,0.5312789774293509,1.7537780924078041,0.24944317287982334
234,0.603810624283622,0.43093418771280423,0.5188203600099937,0.5270746384660945,1.7398993622489536,0.2474691748572995
235,0.6010863654178951,0.4316636585474049,0.5249408803693594,0.5364027026199141,1.7317334791831682,0.2478368745222095
236,0.6026576248945549,0.4343312127691345,0.5207949987466295,0.5321662977401688,1.7180620213020723,0.24587959271182586
237,0.6021041506647365,0.4362691529788185,0.5166859715780872,0.527967552013233,1.7281458943732606,0.24398641108273295
238,0.6012297662746509,0.4362270847932309,0.5204954657565424,0.5238060975601627,1.714889001777876,0.24206330362467574
239,0.6011229924692365,0.43457102032229095,0.5163970069971003,0.5196815703931984,1.7098360248894513,0.24782359411688926
240,0.5994348218873266,0.4345710202191437,0.5123348842663473,0.5313261675929885,1.7278512519824112,0.2537404232899349
241,0.5989116689873274,0.43897762879743024,0.5161671597431573,0.5350092016600323,1.7456298344091388,0.2518244575031973
242,0.598177065629056,0.4372618323969096,0.5121149575690997,0.5308090788719294,1.7557202527311044,0.24984749404298207
243,0.5950345612447498,0.4327267905109524,0.5080985858391219,0.5344888096115392,1.7576360692028477,0.24788801131933086
244,0.5958609118059377,0.43379402746668955,0.5119525725918366,0.5381360322243427,1.759377732733759,0.2461031095703829
245,0.5923446783777571,0.43222677135199544,0.5235995873373517,0.5417510624606268,1.7479815449466791,0.24417684936302114
246,0.5921956999245895,0.4346148197012911,0.527164361641454,0.537675296901621,1.7569490752631802,0.24323104898632772
247,0.5894529789458136,0.43368750466857653,0.5230464662908777,0.5412867032937705,1.7666590518776177,0.24133107228339226
248,0.5904226962242477,0.4363884404842808,0.5189648211832124,0.5370627186829756,1.7762200196634514,0.24731515887886582
249,0.5943215791693408,0.43470969334586607,0.5149190753683563,0.5406716850174548,1.7701710209005477,0.25318293916267015
250,0.5942541039939084,0.4304058502863495,0.5109088815772035,0.5364609297006935,1.7953278089802016,0.2512111484498681
251,0.5946875221682413,0.4320571266866253,0.5147141198958408,0.5400673673685386,1.792358889784112,0.25019719364591847
252,0.59664857547988,0.4330600835339377,0.5180566391536137,0.5362990618835674,1.778427877184557,0.24825255040208458
253,0.597342224413744,0.4306789897770137,0.5214938189216409,0.5324398275550463,1.764619434571446,0.24632495396571272
254,0.5971073020518509,0.4296274672613955,0.5174486341200866,0.5438235715028009,1.768375292847213,0.2444142314914059
255,0.5933501086185881,0.428733323674671,0.5211880042654266,0.5473585579070354,1.779009217462032,0.24252022528821418
256,0.5944870038732843,0.4315004971162135,0.5248946888760196,0.5508626452784234,1.7652745280870679,0.24064390411829828
257,0.5933225148774873,0.4320990732216209,0.5211865714175854,0.5617185617325656,1.7591805134923726,0.2389645554202372
258,0.5954336109147987,0.4287867128119987,0.5171599088164316,0.5573787509067601,1.7533153460737287,0.23711832665863491
259,0.5970792077069684,0.42504067386435246,0.5208735844742379,0.553089768712142,1.7551935143832251,0.23531419006987037
260,0.5979296226166002,0.42504067375602994,0.5168573804411174,0.5488251612795697,1.7647916835487978,0.24121031213375152
261,0.5959378132865492,0.4268145975607531,0.512938193564059,0.5522384080702354,1.767134626313468,0.23984317261287505
262,0.5964048337974092,0.4279173468677018,0.508991077619777,0.5479888726429877,1.7766144826997543,0.2380047318416185
263,0.5980524517509415,0.42791734682237764,0.5127656689256499,0.543776252586378,1.809081417354981,0.24386250872348056
264,0.5980520766131152,0.42952840540167736,0.5088295131257227,0.5626376521834136,1.8335839134769347,0.24199300876275698
265,0.5996727562474868,0.4279250217506246,0.504925742825789,0.5583210626390579,1.8348675151352818,0.24013642400100352
266,0.5986306442450279,0.42965221483155336,0.5074016806987212,0.5553603765021486,1.8271462368911005,0.239801675753697
267,0.599842639509184,0.42803884474172077,0.5035166426654483,0.5587648623643368,1.8437840944297716,0.23796557889752823
268,0.5978478696539253,0.424830675548764,0.499665205357235,0.5621399035943891,1.8373595391607966,0.24379444149127139
269,0.5970960973173474,0.42540249999490737,0.49585759728084094,0.5654752320990833,1.8385814481073701,0.2419528037234364
270,0.596330486986872,0.42863591508286564,0.49207232206208756,0.5611585101316852,1.8245464936742806,0.24010618496516808
271,0.59565373951998,0.42862150489600587,0.48831969735979863,0.5568790227624401,1.8183125497839945,0.23827509558973486
272,0.5960666156806103,0.4270192805315851,0.48459941293772196,0.552636416198409,1.8197163831371768,0.23645978662086856
273,0.5976884026843146,0.4313165410201239,0.4809111617569608,0.5484303402929118,1.8286543039621437,0.24231630805513002
274,0.5979555847581111,0.42974679719130676,0.4848579606932218,0.5594670900104202,1.8223757027040979,0.2404738994413989
275,0.6022685741714926,0.43189027900927407,0.481175114786559,0.5552175339560831,1.831319689251485,0.23864824607009558
276,0.6030162474713998,0.43452664012727704,0.4775269608135601,0.5585895358045764,1.847766721714861,0.2444346940755929
277,0.6029040726791317,0.4345262857776512,0.47390704621219776,0.5619356676791262,1.8490157516517107,0.24258174588465453
278,0.6026214482706337,0.43290893595656765,0.47031816321430026,0.5576801467288367,1.8597810156274959,0.24831765026237207
279,0.6045214517878056,0.4312696901465068,0.4667600186375159,0.5534610738865248,1.860841864546379,0.25400442718356175
280,0.6013080746551623,0.43097002707205456,0.4707900463474836,0.5492782184469157,1.858456730531152,0.2596427671791111
281,0.6017307835160767,0.4353567229675165,0.4806024341355367,0.5468645929280279,1.8511083501818593,0.2585491831870207
282,0.5991475942564498,0.43621009610325123,0.4864732746210964,0.5558720495760661,1.8427355025414351,0.2585597989569696
283,0.6017603649048233,0.44181566981682435,0.5066666948704563,0.5579651425654389,1.8363863180593718,0.2641474415177515
284,0.5998124611797212,0.44181542384108624,0.5103803434386982,0.553764967083119,1.8301093029402458,0.26215902768516103
285,0.5982725271244355,0.44437323979984217,0.506542210504795,0.5496005755952268,1.8464098955733461,0.2602052106641862
286,0.5998249797335738,0.4443732379017322,0.5027367482432814,0.5454716319337509,1.84005114415971,0.25825038619172036
287,0.6009842421587784,0.44650090669962694,0.49896364998254145,0.5413778033586091,1.8637666545677272,0.2563124751932687
288,0.6016983808721865,0.4464953050841715,0.5102178440205192,0.5448163764425092,1.8648128967435367,0.2543907426981523
289,0.6032376644416604,0.4430643583693188,0.5138863721486898,0.5407356352859223,1.8658428200879447,0.2524853249859286
290,0.6039735614287175,0.4413541935807626,0.5175237833229356,0.5516547788817346,1.8593640378448817,0.2505960692855766
291,0.6067430851788114,0.4403599712845793,0.5136552119051242,0.5624813864814195,1.8816048193273298,0.24872282437916982
292,0.6071232470547713,0.4384992565810815,0.5098193963992295,0.5582809524664696,1.8811618235272176,0.24686544058492188
293,0.605182345703769,0.4368052719016027,0.5134762522314944,0.5541160529537743,1.875571119653413,0.24502376974042858
294,0.6030393066481716,0.43428150796032555,0.509649434434469,0.5499863562757964,1.8615929290183364,0.250650430100538
295,0.6045649544618749,0.4348065078793017,0.505854933409763,0.5458915341265703,1.870036103798086,0.2562622953964499
296,0.6060640141858596,0.4303490107526031,0.5021644061700784,0.556635051926477,1.863532343800449,0.25439223516149495
297,0.6064130592208036,0.429757674947537,0.5058635437414382,0.559929448626049,1.8496934747944878,0.25250198889021375
298,0.605624283609024,0.43200957345892604,0.5024168632068562,0.5628877468968269,1.8430778387454387,0.25093601523500375
299,0.6058773275045883,0.4353622075452766,0.4986911436831575,0.5587135998451567,1.8436010305076072,0.25713124907028073
300,0.6030234650835687,0.4352360203169694,0.49499674882582656,0.554574547696077,1.8308568325226127,0.2626345561424346
301,0.5999076059831461,0.43467871194768276,0.49133338791194775,0.5504702647352676,1.8247470405181974,0.2680916345614605
302,0.6018163454418716,0.4296665806462715,0.48770077314960336,0.5464004285321815,1.8186752707134746,0.2661095310583631
303,0.6040676581015024,0.4296665805390154,0.49148461060983345,0.5497507108681832,1.8126285459353597,0.26414404846661027
304,0.6044252827837827,0.4340757991314662,0.4878720553995751,0.5530590067781,1.8213479753810393,0.2622368180779427
305,0.6062769431922894,0.43407567030137584,0.4916470701860163,0.5489822795649605,1.815295253444967,0.2603038091956293
306,0.6065582374456725,0.4340756703011537,0.49539051314077953,0.544939647515059,1.8240192607093413,0.2583869667747781
307,0.6085653273211337,0.435088000643367,0.49174616985402186,0.5409307957235325,1.8106278731498113,0.2564870959978159
308,0.6090768952943876,0.43353013816847147,0.5028305582862233,0.5516537188061135,1.804342182549663,0.2549352887641033
309,0.6090060071500404,0.4334596050912202,0.5064806807217327,0.5476035832855042,1.8131244349166211,0.25306360289798635
310,0.6096533623960223,0.43179115727156114,0.510100383147358,0.5435872014717215,1.8071698334353936,0.25120751560521953
311,0.6103890791742854,0.4317908928915344,0.5063628068591746,0.5396042626190883,1.8012566563314563,0.24936688328115345
312,0.6109542999182278,0.4366536597788847,0.5028547672827592,0.5427758317378548,1.8023154332307532,0.24793880954300532
313,0.6115170504203326,0.43665313448124815,0.5064901413623445,0.5388067839428267,1.7964496480999916,0.24612575721499774
314,0.6110843348855075,0.4366486160848393,0.5100953247855352,0.5348706978611104,1.7979403138998324,0.2443277617253407
315,0.6143039787469409,0.4388868723941489,0.5063727058570837,0.5309672710163947,1.7920898208036178,0.2425718983665831
316,0.6153199299303823,0.43888685372469494,0.502680947791963,0.5416773929531051,1.8008983991566638,0.2408034050180905
317,0.6184592798947285,0.4411345411222398,0.4990197678490368,0.5377321899066645,1.795038585765317,0.2390761837938875
318,0.6159137123039998,0.43941585810719,0.5026649139875732,0.5338196354987007,1.7892538628463164,0.23733665881416796
319,0.6173784453615978,0.4394154322737573,0.5062799211259192,0.5299394310908644,1.7907892159561698,0.23561151667170716
320,0.619631442326875,0.43874110108214637,0.5026035743537659,0.5333527713856612,1.7879359546608906,0.23390062591216082
321,0.619185171121551,0.43923010381612754,0.5134530987659461,0.5294966437911823,1.7967096405205876,0.2322240724308068
322,0.619004496878228,0.43641076972195597,0.5097321134509964,0.52565939119577,1.7906468603667718,0.2308423329088314
323,0.6167579226627126,0.4385037605598401,0.5062874377857205,0.528847841620736,1.7916712192341622,0.22969045592698314
324,0.6140061636555139,0.44072565433175265,0.509857922634344,0.5250232407786444,1.8148741776210706,0.22803100486149425
325,0.6142546718419842,0.4406809881622395,0.5133993332150204,0.5212298042510406,1.8091457135962763,0.22638341847658505
326,0.6111795437548835,0.4362555961577951,0.5169116420699518,0.5246855923598336,1.8158830684306293,0.2347867572403853
327,0.6109727782309112,0.43675687766427085,0.5131842762531734,0.5209021698513239,1.8388458302695945,0.23309646663195155
328,0.6064022381464296,0.4367411893644979,0.5238947468982094,0.5171497832508725,1.8545547111150307,0.23141732588609526
329,0.6081691046789341,0.4350066289570376,0.5201245749370516,0.5134281509495848,1.841253502986612,0.22975194726081313
330,0.6106285944939795,0.43500571003165905,0.5163852759244172,0.5169262314526069,1.8423986015721372,0.22810020598393313
331,0.6116427629510776,0.43500570838390173,0.5198586218709693,0.5132136405381876,1.8435307839913873,0.22646197851396432
332,0.6120880622274374,0.44138604046655516,0.5161287021622792,0.5095313977281664,1.8410838982121565,0.23558154832386632
333,0.6130846435728584,0.4396357346162262,0.5124292454616973,0.5058792285393859,1.8278950782303407,0.23389297000255033
334,0.6122637842980326,0.4396347763733291,0.5087599764683305,0.5022568611899279,1.8219714718890507,0.23221817054448352
335,0.609466230625541,0.43923716967171866,0.5122740034520599,0.505817407434043,1.8227644374187966,0.23107897465940053
336,0.6118888393552789,0.4340397943473617,0.5157594061164631,0.5022027193672796,1.8169788032307976,0.2294276309138016
337,0.6144519849681186,0.43926217105184956,0.5373842356382952,0.5018669218408666,1.8111468299976414,0.2349294736564566
338,0.6160862756382659,0.4375436067834382,0.5406835894707975,0.4982876306027773,1.8126299396840755,0.2332539677204545
339,0.6141470567826754,0.4358112296426947,0.5368313137907126,0.4947374186887501,1.8210926410427963,0.23159207413864208
340,0.615499360719466,0.4403864469599121,0.5397541014972557,0.49158993411314594,1.8148744629926936,0.2303175803871619
341,0.6135899498194992,0.44303243972111644,0.53591613187615,0.48809444009478836,1.815963500424672,0.22890781467663815
342,0.6106679998873745,0.44203813293292465,0.5321092612546208,0.4917307520493815,1.8424603399448845,0.22728177212464362
343,0.6106307104422684,0.44610194670040676,0.5283332106095072,0.48824124273484665,1.8337277164818242,0.22842690260395285
344,0.6133028024829006,0.44610194670040676,0.5245877036430037,0.49186924860692605,1.8349064687993957,0.22680751821194595
345,0.6105111202370094,0.44826771814087496,0.5208745448623842,0.49546585590215114,1.8502592004714482,0.22520956083220037
346,0.610038348529462,0.4460136592919441,0.5171892924153236,0.4919603731022943,1.8523529666370684,0.2236161750671548
347,0.6095605602851758,0.4442522681398109,0.5418059840696638,0.49555122425486814,1.8604651385134459,0.222035644026934
348,0.6095040210984285,0.4395342534702394,0.5379802981048857,0.4920521426293379,1.8896495861065954,0.2276203333614407
349,0.6111929371665148,0.4417230690240972,0.534185422039848,0.4885812406178844,1.9045353920705357,0.22601517630515894
350,0.6102337479141029,0.4407589655938577,0.530421363800368,0.4992317457943761,1.9220340501453146,0.22733230629437254
351,0.6105347079583269,0.4407587794713087,0.5266872835722339,0.4957172354098939,1.9225841084350723,0.22573192379079485
352,0.6135866501306316,0.4390257026480221,0.5229831966018932,0.4922309546320454,1.923128565656454,0.2241443960418194
353,0.6149174200750895,0.4373165825158958,0.519308835937373,0.48877265220605753,1.9169003873542072,0.22959538073756122
354,0.6173644829370867,0.44075620801238,0.5156639372146639,0.48534207931294415,1.903446224939485,0.2279839099645222
355,0.6146352452105741,0.44075620210230315,0.5120482386307109,0.4819389895440855,1.8901009161206583,0.2263853473330624
356,0.6158506495834555,0.44075380242559054,0.5154662071190584,0.4855678650784433,1.8768644925322417,0.2247995799587698
357,0.6143627672368416,0.43608052408634795,0.5188410874279887,0.4821857486166682,1.8779138856141149,0.22325862831442997
358,0.6158603371258551,0.43386394172750903,0.5222047398337739,0.4858056486266357,1.8731217482941014,0.2216978873562549
359,0.6161253366875479,0.43438049280999574,0.5185580395559304,0.4893964064060281,1.8879751401966318,0.2201506213120596
360,0.6170488389506252,0.43270125085152333,0.521916946137721,0.49993553005931163,1.8888421842048613,0.21861468254546704
361,0.6179731541963852,0.43100438269130603,0.5252490846183702,0.5103906643782617,1.8826472859852703,0.2170909841205601
362,0.6178173339909347,0.43100426145486165,0.5285546915333399,0.5068369041750854,1.8834655277836698,0.21557941787595444
363,0.6165235414422463,0.4273351628470313,0.5314130496324911,0.5037323669375874,1.883858547716326,0.22147170526244525
364,0.6167573801976807,0.4273268639576299,0.5277203071428801,0.5071808870220972,1.8847645439172127,0.21993271788372953
365,0.6163259612683344,0.4252076834522226,0.5241176223652608,0.5174832553874865,1.8856041266400387,0.21847871543777148
366,0.6195971613494343,0.4272877138169742,0.5204828519725238,0.5138944945155828,1.8936689605222556,0.217090011801715
367,0.6215830579049383,0.42621860300325326,0.516876896573256,0.5103341838922266,1.8943990481603825,0.21559257536420287
368,0.6146084670063329,0.4259923682551491,0.5202206745807803,0.5068020733214775,1.902718433312499,0.214100422107662
369,0.6138747613660815,0.42360637210981084,0.5235379907508159,0.5032979150058438,1.9103282817589091,0.21262007738532823
370,0.6154681456995759,0.42358928831666215,0.5199217341147709,0.5067288068278899,1.9110199606732723,0.21115143751700002
371,0.6087104900477461,0.4233743885015211,0.5232344851032524,0.5032321553962409,1.919163415483402,0.20969439981489965
372,0.6088833949061399,0.4239678852876151,0.5334131165697963,0.5066581598710448,1.926610114416711,0.20825341628688596
373,0.6090997808385878,0.42396787829367233,0.5297396858885507,0.5100556336030856,1.920228916770623,0.21370589974114798
374,0.6093114180596525,0.42514098366217534,0.526095199156842,0.5065465686064133,1.9276542129038088,0.21223893238423863
375,0.6057347555752306,0.42493603678820613,0.5293522960447128,0.5099380211362077,1.9357509983391705,0.21078023695654133
376,0.6047512976175534,0.4241631783394065,0.5257177508300568,0.5270348447772859,1.9328782800296198,0.20933301493200562
377,0.6057160459501867,0.4231092077643911,0.5221118240023052,0.5302789330723694,1.9470568512038937,0.2078976027580269
378,0.6062993991313658,0.41730385740489173,0.5253864595433172,0.5334976050910107,1.9405882480793775,0.206484211069595
379,0.60659948237384,0.42172738050292136,0.5217899495849707,0.5298455706416805,1.9478236229954236,0.20508753278036296
380,0.6079021362434927,0.4207313366893248,0.5182216294826104,0.526222161255641,1.9481698886098509,0.2037006081466059
381,0.6061457239233591,0.42131251795092234,0.5146812538907571,0.5226271277996625,1.9555686372613534,0.2092252480199383
382,0.608469901029478,0.4203395536326964,0.5111685797931772,0.5327101245698282,1.9755679012125598,0.2077972960521455
383,0.60876718797114,0.41883490827810965,0.5281377534576303,0.5290780382247087,1.983566918417569,0.20638050728329446
384,0.6098614262770504,0.41566595601016565,0.5245404413868754,0.5322856355570055,1.9768686219207319,0.21178609950094648
385,0.6082795979411048,0.41329439662859174,0.520971202616308,0.5354682009254781,1.963417006805943,0.21034499963949937
386,0.6086629024946117,0.4123520071746759,0.5174297939336401,0.531828245921196,1.9570217644428878,0.21570872514536954
387,0.608230459939614,0.41235200717170806,0.5207068852298059,0.535007558612107,1.9573215102837918,0.21424386640192755
388,0.6104522329061266,0.4136782995386574,0.5171743454481809,0.5313780012970866,1.9779641090978186,0.21279043461750655
389,0.6076314191667853,0.4121059251723631,0.5204466203734979,0.5277766704789809,1.9932776871669262,0.21134828091879201
390,0.606593890895782,0.4137204446720516,0.517082455026479,0.5308143367201739,1.9863930836083743,0.21007689262619492
391,0.6068873645348206,0.413718834047471,0.5135850119103191,0.527224013881187,1.9729762291507842,0.20865597421204737
392,0.6048533992155645,0.4137188112768563,0.510114696856156,0.5236615395296035,1.9799193601494933,0.20724607721027194
393,0.6060953855409239,0.4136362994550187,0.5134215634814835,0.5201266735988194,1.9935685241351464,0.21259284877250612
394,0.6050597849317934,0.41045307798215164,0.5099592843425329,0.5166191782778172,1.9868698704932894,0.2111592202735316
395,0.6063471587957316,0.40956563405428487,0.5199972699293205,0.5131389392861058,2.0004322517617554,0.20974468796600826
396,0.6070566531358991,0.4094229061070387,0.5164976534840046,0.5096854798652481,1.9869692087666486,0.20833309218207
397,0.6052850589965896,0.4070086719848341,0.5130250640180373,0.5062586909604049,1.9736101386972662,0.2136557381730039
398,0.604254542232475,0.4039693086993917,0.5095792694706394,0.5028583435714851,1.9670722443527935,0.21222069370977487
399,0.6029262397904284,0.4060611645369556,0.5128762559705866,0.5128977158716238,1.9741307834183373,0.21090382367531668
400,0.6041912338608884,0.40606094206262583,0.5094383436154587,0.5094596596664773,1.97430651093703,0.2295996431281842
401,0.602216081362264,0.4059301548006976,0.5062018338997821,0.5125696188916415,1.9808251809304773,0.23510857352639444
402,0.6012236013731805,0.4071491306287493,0.5028154410966611,0.5091406268329981,1.9675739137417518,0.23353574354395865
403,0.6002590970465732,0.41152350668410076,0.49945506466654493,0.5057379784213013,1.967650230504377,0.23211546616660275
404,0.6002552808973086,0.4075364853550469,0.4961250895652888,0.5090332824756664,1.9745288312961145,0.230579583351681
405,0.5990981015302073,0.40750633707220346,0.506155586482207,0.5189776847391716,1.967126805382593,0.2299522621042735
406,0.5994285825338058,0.40816122100689145,0.5094461220207359,0.5221827853333372,1.9740047568271741,0.22842499127002458
407,0.5978007730238686,0.40816043591294315,0.5127114654098037,0.5187069059600111,1.9675370931245568,0.22690449358643888
408,0.5969130063625261,0.40815817598340076,0.5159518312437518,0.5219074033806079,1.9744194329691467,0.22539562662899013
409,0.5953156340526282,0.4081244366164247,0.5191674321200946,0.5184402982204072,1.9813308556477678,0.2238982914022619
410,0.5938656606360596,0.4027149596963871,0.5223584786595665,0.5149996678844599,1.9755697403007182,0.2224123898313198
411,0.5971530885384607,0.4034107347974912,0.5188953102099452,0.5115852873885988,1.975728979232506,0.22094055545297978
412,0.5981114611331945,0.40338170619208136,0.52208178336365,0.5081969338375131,1.9759669246649025,0.21947721251857027
413,0.5990677194245585,0.40489612015443993,0.5186273651176176,0.5048343864038226,1.9762462783342902,0.22475036465583986
414,0.5984384216260568,0.4048961192199548,0.5151992333006649,0.5014974263073758,1.9698005598988282,0.2364847816323435
415,0.5973744295069525,0.40480311787677337,0.5184005680443435,0.49818583679477313,1.9700043336328312,0.24152658016855638
416,0.6002599503659053,0.4025985345772404,0.528174245059535,0.4948995452441193,1.9767987988377782,0.23993349025468538
417,0.5987794984189394,0.3997258532001488,0.5246934662908357,0.49163805370825214,1.9774849169885285,0.2383522783599549
418,0.5991031553989524,0.40466417231331,0.5212390826937638,0.488401294462074,1.9703414577362417,0.23749137140011975
419,0.6000575139150494,0.407434539595303,0.5243879133321897,0.49176610061133275,1.9704930729892227,0.2359728310390614
420,0.6016321724870932,0.4031741030836203,0.5275129074222966,0.4951054352844881,1.9575711743862252,0.23442237905709165
421,0.5996369444531877,0.4004134044612357,0.5240503649143209,0.49185561221574187,1.9512857719836065,0.23288365376547301
422,0.599905901321545,0.3992847092710279,0.5271713286819466,0.5017450283296452,1.9516052829503923,0.23791389676948416
423,0.6008475024874962,0.39788633241815874,0.5237179419478595,0.49845820385635686,1.9453715312621076,0.23635537366654355
424,0.6024010207427096,0.39787922642542234,0.5268348454809997,0.4951961743289869,1.94574733616949,0.23480860765509476
425,0.6020789784291949,0.3978784380792991,0.5233905584437093,0.491958731364105,1.9330289947840795,0.23327349992536164
426,0.6005948116349933,0.39998985930657976,0.5199722091733967,0.48874566849307644,1.9331430411699901,0.23867137096964947
427,0.6009014989225826,0.4015286102131227,0.5231042155491051,0.49208141666534555,1.9266753845524898,0.23749877006078676
428,0.6024600803815784,0.4015275627463642,0.5196945625608627,0.5019102021173922,1.9336740594947066,0.23595072596752395
429,0.6070734703104721,0.4015275627463642,0.522822119107144,0.4986419640007322,1.921082748858417,0.2409259086792221
430,0.6071249270229895,0.4015272764283418,0.5259262046203601,0.5019033436220337,1.915092305224014,0.2458637546856019
431,0.6057454853639246,0.39993157062455353,0.5225084263155352,0.49864168002002945,1.9208254502197002,0.24572762047270846
432,0.6063118878383702,0.398507026668317,0.5256083463847763,0.5018965452441305,1.9148474229627197,0.24413233371949433
433,0.6046197616594726,0.398048761974806,0.5351520110310272,0.4986600996555106,1.9091826312466895,0.24887435724421336
434,0.6030235934283578,0.39884849134509653,0.5316846955660808,0.49542921975662707,1.9096788496110515,0.2538331917729654
435,0.6060625512538849,0.39957230334373656,0.5282432883914201,0.492222481466762,1.9102602811338651,0.2521934047882547
436,0.6051504494016688,0.39750592596530965,0.5248275736526169,0.4890396836505586,1.9037073606843662,0.2570730025827829
437,0.6053343109752859,0.39739602172816957,0.5214373374626554,0.49234034132002136,1.8920563031071573,0.25541238442822856
438,0.6068233368794813,0.39455764868828036,0.5180723678825643,0.4956163999866487,1.9121233141717837,0.2537641424589026
439,0.6079703783193504,0.3945576486869251,0.5147324549022523,0.5053148719078377,1.912697341821189,0.25212817380687763
440,0.6060625267645914,0.3939006175867995,0.5178577546323778,0.5085008243024332,1.932580541005753,0.2505045857021637
441,0.6057038261304979,0.3949339528817727,0.5154556797005372,0.5107333100598508,1.9256624003748077,0.24983071890616967
442,0.6092990336959625,0.39493374520607044,0.5185700865528825,0.5074505735712911,1.9197136641507075,0.2482249328711443
443,0.609035366282992,0.3949296270054577,0.515240310653325,0.5170343410077375,1.9074108527934341,0.24663106268738982
444,0.6043953361387744,0.39492946860426764,0.5119352222263206,0.5201323987046437,1.9015916961394481,0.24504900970323126
445,0.603540521097836,0.394925930213689,0.5150628598050575,0.5167992640262351,1.9086482420469888,0.24347867616087615
446,0.6055990680615922,0.3992812280842284,0.5117751813437919,0.5198829663412987,1.9092137219609076,0.24193941799176918
447,0.605573425518656,0.40072970295228977,0.5147640093024987,0.5166916706275992,1.9095271876107456,0.24065930486056464
448,0.6051267448900738,0.4025040199719404,0.5114751579353545,0.5133905033419567,1.9046647317921275,0.2457149898594528
449,0.6074900455295608,0.4032279737302524,0.5145719343980434,0.5101350177931187,1.8988701466102458,0.24416799022436086
450,0.6082474391037523,0.4056888268365333,0.5112908788839767,0.506882253308389,1.886782319754149,0.2426114000557376
451,0.6062219533430165,0.40422322083713436,0.5144039112303743,0.5100233681959689,1.8823844391001905,0.2474364093349655
452,0.6048940633778701,0.4029766608783056,0.5174940221892818,0.5067778132258816,1.878657471139258,0.2458618374267444
453,0.6066460361391658,0.4037147249855954,0.5205217933562106,0.5035957415998547,1.8730320809575023,0.244338455974807
454,0.6071985648369677,0.4080722391900867,0.5172160493238233,0.5003974919995922,1.8708579869453443,0.25212128963636626
455,0.605666547383206,0.40806377068594724,0.5139345826089861,0.4972227302799368,1.8653332605762445,0.2568692401756786
456,0.6092002371716418,0.4122011537823838,0.523352241979515,0.494072492687455,1.8725230920689908,0.2552430106996306
457,0.6070650919977004,0.41410401755841825,0.5243900265131685,0.4929243781595821,1.8607025636053423,0.2536296145707263
458,0.6093998094450298,0.41410401733844227,0.5210730106349762,0.4898063974459228,1.867909174907575,0.25835076160691844
459,0.611141910171096,0.41410396336965105,0.517780270843717,0.49303038859896403,1.8813824030611255,0.25671820375901033
460,0.610398755951067,0.4135337978899713,0.5145116086742192,0.4899179683883595,1.8883542664958974,0.2614104238540426
461,0.6105422735866632,0.41234526760294443,0.5112668274385914,0.48682828760366414,1.8889815451382548,0.2597618320170095
462,0.6125244069710702,0.41234416015262254,0.5143459556084352,0.4963616074334428,1.8896870131457604,0.25812527444465994
463,0.6121892157720248,0.4064024610643439,0.511108700058232,0.49323754404565756,1.8840873886326388,0.25650065298466374
464,0.6132556512968378,0.4050218658905683,0.5078950348285552,0.49013624613174983,1.878550921611482,0.25488787036172605
465,0.6137163835808987,0.40565628209889343,0.5055271359196666,0.49251651125604934,1.8667521433665586,0.2532868795811326
466,0.6139431556107977,0.4042246617789486,0.5023549163327848,0.4957010070994051,1.8613864520952768,0.25797255884424863
467,0.6129237146004899,0.4049752894077005,0.49950161219460687,0.5048352991706528,1.8558386632729187,0.2565084358650776
468,0.6124562091145105,0.4030259334988172,0.5026360009840874,0.507936285557505,1.8504789434873483,0.2549020427469937
469,0.6111780774351621,0.4002029451156575,0.49949137151905715,0.5047584960501976,1.8453423127958766,0.2533073052575396
470,0.6108557335357129,0.3992237762155052,0.4963695391171867,0.5141037893661884,1.8525682431158286,0.2517241288539542
471,0.6099277104385278,0.39856369970908145,0.49328896222388185,0.5171189731447297,1.865920396658548,0.2564521406464055
472,0.6098554367041172,0.398562677121977,0.50268712525153,0.5138934253837751,1.8606150678811144,0.25485251141017073
473,0.6077001643137249,0.39848833414493146,0.5057860313219259,0.5106912009164039,1.8616446809918297,0.25326444877442245
474,0.6064740523489371,0.3971292011635836,0.5026374765944726,0.5075121111524742,1.863397598569675,0.2516878592126261
475,0.6043310049450907,0.39646877697203564,0.4995116492393386,0.5043559691734667,1.8766809476062092,0.2501270917772463
476,0.6025874316208115,0.3960009910014506,0.49640836577304254,0.5012225897164566,1.8899980103249254,0.24857314349682666
477,0.6028757465629487,0.3960007020173538,0.49332744433608444,0.4981117891582503,1.890681492838242,0.24703039285188372
478,0.6028541993578386,0.3960006995623403,0.4964689266472167,0.4950233854996849,1.8789590011378947,0.24549874958291018
479,0.6009184810402294,0.39495006513780617,0.4933937857798361,0.4919571983500894,1.8678638807312964,0.24397812422810386
480,0.6006152767350915,0.3977927549328142,0.49034074697722685,0.4889130489119042,1.862500163456615,0.24866294087045304
481,0.6024132757352969,0.39779275472753745,0.49349128167924045,0.485890759965459,1.8695317902094002,0.2471257938066635
482,0.6029962203615086,0.3978513064940939,0.4965885483434855,0.48292081889723304,1.8702815237940895,0.24566836820754043
483,0.6034135791261456,0.39755924015548516,0.4935249454892967,0.4799415363421762,1.8715202281078962,0.24415276677747294
484,0.6029632499238413,0.39853289193514496,0.4943126933680617,0.47931731803881555,1.866148933884731,0.2488136134665187
485,0.6016495700011911,0.3963137313807888,0.49126922397174444,0.4825231467156877,1.8792936016053852,0.2472816750232374
486,0.6023320680008469,0.395034169436063,0.4943983344232993,0.4795552346241627,1.8985329762977705,0.24576069042734927
487,0.6032226250704273,0.3930311403581249,0.4913608383494365,0.48275277742948747,1.9052998724484724,0.24425182826577313
488,0.6022805635198992,0.39035122323214805,0.4944831343861866,0.4797893857060054,1.9060199534001945,0.255029524453242
489,0.6017809146679752,0.3889157866783083,0.49145076934077825,0.4891119150459923,1.9064041190035212,0.25346558311384915
490,0.6004839378473805,0.38879195626651464,0.48844001221337424,0.4861154863573196,1.9017783161651853,0.25191278605152023
491,0.5992296831087653,0.38378183838277935,0.49157083133558804,0.4831403911649127,1.8962593059539619,0.250371044346676
492,0.6010425656516195,0.38378182725613413,0.4885653556430602,0.48018645938303844,1.9030081851219192,0.2488402698581811
493,0.6010336014537274,0.3853724981554832,0.48558124110711165,0.47725352241389024,1.9097441582091306,0.2473287028487953
494,0.6010258200199226,0.38615768465028055,0.4887199542441825,0.4743415844078044,1.9224978229773038,0.24582023610367398
495,0.5998201169891925,0.38768644798076063,0.4857408595849581,0.471450136108046,1.9162440230660536,0.245011238629244
496,0.6012384432531308,0.3887259118800433,0.4827828840750679,0.468579185622362,1.9045767964944025,0.24352131643867292
497,0.6030299087613595,0.3908073189650351,0.47985277571914886,0.47180518427854073,1.9112270059099241,0.24813720962995803
498,0.6009300094755992,0.3915387310494411,0.48293805524778016,0.469013701049452,1.911615965910146,0.24678217081017959
499,0.6011864730449682,0.3897153759523173,0.4800059572428379,0.4661661430196088,1.9060735524979808,0.24533243045932274
500,0.602077809470763,0.3897153759002413,0.4770945739437129,0.463338702436995,1.9187739600019855,0.24384441405036875
501,0.601274398414803,0.39396450151767864,0.4755034923406309,0.4713499576941295,1.9179664780878087,0.24366754671584015
502,0.6017904125681791,0.39288369459105793,0.47262518025621325,0.4684967877362339,1.9122692038937883,0.24233718779638505
503,0.6056524292693883,0.3928836945907338,0.4697671505954238,0.4656637230344995,1.9067525901719917,0.24087174139283352
504,0.6100087809770979,0.39288369459073375,0.47297033698966084,0.4628506047910921,1.8952337188670043,0.24545770643098982
505,0.6100574608712477,0.39042963937313047,0.47011593463581214,0.46005727558528,1.896449045382038,0.2560478174421264
506,0.6103066315335064,0.3903946168131192,0.4672815945170753,0.4572835793605003,1.8866268104691841,0.26052344247177683
507,0.6099531443352517,0.39120977997074213,0.4702407008616867,0.45477881680048854,1.8870644243676746,0.2652302711560657
508,0.6092952185784997,0.38859664493635465,0.4794452284779257,0.4520424227933539,1.8877776534238784,0.263634386524481
509,0.6092850353174666,0.3891526195952118,0.48845524923448486,0.44945519102864145,1.8883222390298138,0.2621811788947256
510,0.6069581065400232,0.3911750663258707,0.4855254825330024,0.4527578027912479,1.9010178238951005,0.2606203704704604
511,0.6048515205331964,0.3925795195457309,0.488453235916028,0.45020028513033655,1.901294709503954,0.25937432554179524
512,0.6032518255220711,0.3907367618781823,0.485525956247588,0.45349521166313733,1.9048981021829448,0.25781990613407046
513,0.6020411460881648,0.38886808626728225,0.48858485162315357,0.4508013945988489,1.9054663878499698,0.25639247123610703
514,0.6035029796428252,0.3949826862277931,0.4856626334719615,0.4481051586973406,1.899756654316909,0.25515314582457155
515,0.6024229541398106,0.3966227778029764,0.48873580229531033,0.45140273365579137,1.8926631500850044,0.255352553773154
516,0.6038933501599412,0.3966207471709581,0.48581852171019535,0.4546773293507188,1.8933108882145673,0.25979737964314514
517,0.6041868443357895,0.3966035112349553,0.48292155288965466,0.4519660575739678,1.8820895728078566,0.258248190234238
518,0.6026289173102497,0.39714511770385474,0.4837358001357132,0.451539691850777,1.8708777849213012,0.25670980237585184
519,0.604099371587861,0.39714499382291996,0.48680816771763036,0.44885250976153684,1.865696463101272,0.2551820828961992
520,0.6058683281775881,0.3991117596365035,0.4839225492349898,0.45212063873698866,1.8724230195498623,0.2596272916979337
521,0.6074114224256879,0.40373828911033366,0.48216774979496807,0.45425529452000907,1.861303117075496,0.25808550824753274
522,0.6100071993485727,0.40242819284182735,0.4911735447925566,0.4574933762895249,1.8621260510290039,0.2565542025457256
523,0.6090620825680818,0.4011348448060974,0.48836232918507205,0.46060886341393936,1.8627429763439438,0.2552340390016404
524,0.6107302479672836,0.3998493696958106,0.5032349217189515,0.46380285301046736,1.857634465368677,0.25372267774640966
525,0.6121253950344957,0.39856622487094734,0.5120891153044145,0.4669747565241436,1.846654990430347,0.2581366120879129
526,0.6099985945896245,0.3974132662708395,0.509062852448984,0.46421510333516175,1.8416515633464088,0.2566111173694322
527,0.6109694915035825,0.3960932874016606,0.5060574805957825,0.4673782350389592,1.8485803928682236,0.2550961534987617
528,0.6101683863059176,0.3960932874016606,0.5030728377952737,0.4646217159915947,1.855371274087379,0.2535916388395154
529,0.6105504319409475,0.3939710846254087,0.5001087634781348,0.46188419332670355,1.850549396531114,0.252097492451053
530,0.6110411820079149,0.39915944374137735,0.4971650984425055,0.4591655200106238,1.8510290364515238,0.2510141519378529
531,0.6124066315531146,0.39790165543099104,0.4942416848413619,0.45646555026097635,1.8577878141085842,0.24953814690822892
532,0.6128755859368414,0.39790165522199894,0.4913383661700166,0.4537841395351207,1.8644974999892272,0.24807228762652123
533,0.6118017531480728,0.39583038279055244,0.4884549872537423,0.45112114451872404,1.8578746218544657,0.2516620751442296
534,0.6125997861549233,0.39458039253798,0.48559139423551756,0.44847642311444386,1.864570440096826,0.2560492410558452
535,0.6151201538644232,0.39603865589599785,0.48817271635566556,0.4462812455403993,1.8540816476520294,0.2599749211040803
536,0.616664598116296,0.39669279988117206,0.4970181142295274,0.44367018612739745,1.8666369500339637,0.25845397040518225
537,0.6163070160428574,0.3966709613693818,0.4999580389362914,0.44107693778436313,1.8557380933140994,0.256943309217073
538,0.6176211576003989,0.3966709613457086,0.49703870937743777,0.4385014237573417,1.8507413111095532,0.2554429789110677
539,0.6172130125280141,0.39469116516073555,0.4941393270518009,0.44177682065724794,1.8521727128450671,0.2539529000816131
540,0.6173932704878534,0.39520909629058487,0.4912597387591139,0.4392023739554744,1.8704321145849638,0.25256941171122416
541,0.616121428609201,0.3950735423440704,0.49422145054748007,0.43664548796172675,1.8712198262420678,0.2510990389866018
542,0.6159981536871361,0.3957903290701006,0.49716297726488495,0.4399218672196548,1.860337940606244,0.24963979512615173
543,0.6158818450324116,0.3983357717006134,0.49431259701100766,0.44313778618008687,1.861073297691482,0.24826586019192534
544,0.615503520136147,0.39646106353632227,0.4972026371535715,0.4406107977213185,1.8617894979846823,0.24695393066913068
545,0.615391463694103,0.3959330741766207,0.49431964851548743,0.4380559522142233,1.874190225850554,0.24552198859351093
546,0.6178122380791427,0.3934825078038905,0.4972488638031508,0.44131108184453866,1.886504528199262,0.24409977244385367
547,0.6162572601496021,0.3934781619057373,0.4943713678743255,0.438757288495187,1.8813962936497521,0.24268720792623533
548,0.616039680420993,0.3937584898249574,0.4921116702121883,0.4414035726479226,1.881484860801823,0.24766826880323192
549,0.6139643563174234,0.39502856986952506,0.49490653713621297,0.4389926731796846,1.8818928510788988,0.2465148261972913
550,0.6147393665071272,0.3938192657309001,0.4920511748086449,0.4422294038879951,1.8825855355515397,0.2450925593749862
551,0.6176980084404473,0.3956789470554796,0.5007424079888982,0.43968069129526777,1.8890257440650322,0.2436801800947369
552,0.616518794873517,0.3962720610076389,0.5036171185449485,0.44290699342320106,1.8836360213684635,0.24274444575599347
553,0.6171570923787075,0.396266129538644,0.5007202043262756,0.44611151247636255,1.8843336812503093,0.24134812738133987
554,0.616656820035825,0.3950449013148164,0.5035892987994007,0.45504088015764604,1.8792518924613113,0.23996122852348703
555,0.6171543393794622,0.3968434436169449,0.5121734920379882,0.4524349021981372,1.8857220453877683,0.2386462901398887
556,0.6160612796954501,0.394946039577881,0.5149711696260681,0.4555751796884583,1.8863774277157315,0.23727765730320247
557,0.617351653282886,0.39130668518876266,0.5120207696926885,0.45296507438726585,1.8813175734998893,0.23591823365855807
558,0.6174125310927225,0.39742842470296014,0.5197043807345326,0.45692892028913934,1.8803311102659612,0.23623371236466928
559,0.6193428012646766,0.3966905600835017,0.5167328121232354,0.465751900728497,1.8973090643261634,0.23488297392447968
560,0.6202683453926572,0.3985683226426556,0.5195284666245713,0.4744804764118878,1.8921483650986546,0.23357648960964034
561,0.6181593892829433,0.398353182523993,0.5222090818329588,0.4718340484595411,1.8928783671308997,0.23628401967783966
562,0.6183632220221567,0.39835316130976156,0.5192321360746666,0.4691442745393916,1.887788417677105,0.24063771847718315
563,0.6185477742009245,0.3990386355849938,0.5219700994661407,0.4721674873028206,1.8826338491808365,0.23936602172838467
564,0.6208761258449809,0.3978162785257711,0.5303790371125141,0.4694811905249678,1.8833026831574493,0.2380041995144718
565,0.6214039940554665,0.39788364185366903,0.5273645740388101,0.46681284654150096,1.889639111444572,0.23666191271857323
566,0.6226504044653599,0.39968460351704194,0.5243702398037572,0.4641623202138473,1.9016212811730608,0.23531847057553046
567,0.6263186460427563,0.3996845824499496,0.5213958830055335,0.46152947752406376,1.8965072627968784,0.23965593203476768
568,0.6252701759702148,0.39968411574427914,0.5184413534969095,0.458914185564748,1.9084293388498177,0.23829790343079804
569,0.6254638514147305,0.4033404450779606,0.5261194615979135,0.4570251782449976,1.9029323679568293,0.2373033541252202
570,0.6253235509040339,0.4050061448413738,0.523204477054687,0.46003548413769685,1.8977657009293358,0.23602169814082813
571,0.6244517676019362,0.40375070895235204,0.5259023392328218,0.4687315134262342,1.8870440801070858,0.2403378714518693
572,0.6220540978873286,0.4033322084559424,0.5285781251817006,0.46608601377244346,1.8933958249921623,0.23898141527705147
573,0.6196768957413619,0.40291030751075324,0.5255978357135255,0.46345807445385695,1.8883888426961675,0.24327227749900954
574,0.6197348772735424,0.40291030246454834,0.5226373120577341,0.46648024264971105,1.8833848681062113,0.24753468151065453
575,0.620372745117831,0.40514607916448686,0.5253234551446531,0.46948238430036826,1.8728155162501157,0.24614252168256154
576,0.6224294475013773,0.40699923378761305,0.527967894619835,0.4668671434063376,1.867885181416176,0.24478281945689276
577,0.6246528329124897,0.40632702240826646,0.5250037047775191,0.4698603386722554,1.8686255619012755,0.2434097173549338
578,0.6246565683291627,0.40508607985218265,0.5220583327528314,0.4728345244035997,1.8693626007885424,0.24204414190182688
579,0.6234035448606048,0.40371261514492446,0.5191324122171668,0.4813936538074802,1.8641165148560104,0.2406875848259279
580,0.6245891774813731,0.4055388511099576,0.5162257983208512,0.4786983386030626,1.8760749513359793,0.23934033202628013
581,0.6225918597279272,0.40316832237946065,0.5133383474033878,0.4760207933089614,1.8717716284938737,0.23800160880953428
582,0.6237786618998051,0.40500191248090317,0.5160577138716793,0.4789486826899204,1.872478104165233,0.2366820563856271
583,0.6230822527653563,0.4068824802328084,0.518759182252914,0.4818573015460552,1.8660450525783179,0.23692979405631034
584,0.6240179040619491,0.4056772641316348,0.5158662529565803,0.47917016047562444,1.8612341211014816,0.2356085236752771
585,0.6236927023432394,0.40707265045476165,0.5182805638032899,0.47678350206064013,1.8561562991875016,0.23457884836311907
586,0.6240890356498878,0.40759353430708384,0.5161402002358749,0.4789513365218286,1.8458267254154972,0.23327334005471956
587,0.619656394980508,0.40924128806370946,0.5132704980727505,0.47628840174980364,1.8521177106681228,0.23231065785282418
588,0.6195748696128742,0.4099784529916643,0.5130466928150346,0.48212457123317715,1.8529450569119004,0.2421301301012706
589,0.6199836628450864,0.4051082959020429,0.510199889633078,0.479449349303658,1.8538235257281601,0.2407865938608599
590,0.620130696282257,0.40756089441868176,0.5080294208263892,0.48722046805044333,1.8489472768883628,0.23978514533026335
591,0.6178197895902287,0.4098664763471652,0.5052160898703604,0.4845223715052717,1.8552614890899186,0.23851728908032413
592,0.6170850407717684,0.40918708931507963,0.5024231209553172,0.4873721092774158,1.8615931552800644,0.23720584743341963
593,0.6158160186774061,0.4073046291889211,0.4996463951960954,0.48467856546202837,1.856831416004041,0.23589488947918769
594,0.6152617195115868,0.4074867103448244,0.49976678494063964,0.48464471986757135,1.8521007263356555,0.24013111622751876
595,0.6129088705630436,0.4068889957459916,0.49701025843826585,0.48197160101532677,1.8458491027784067,0.24035943145832608
596,0.6122936918831554,0.4068887689422312,0.4942716758565269,0.4793158831321971,1.8577387263688545,0.23903502388087122
597,0.6108480654988734,0.40450794274610724,0.4915509053050882,0.47667743831861753,1.8531460762132543,0.24322383679158022
598,0.6131639435219535,0.404507942742503,0.4943469195405573,0.4740561397123814,1.8429554340463248,0.24188632372061541
599,0.614084597028345,0.4061179887002948,0.5026183671955382,0.47145188046156467,1.8602989517884039,0.24055754273823618
600,0.6139847585555862,0.40570704961162785,0.5053480554721635,0.4743526140439478,1.8610989304032306,0.23923733495218685
601,0.6140637230372294,0.4033811313281546,0.5025774185636462,0.4772345446908061,1.86759078795857,0.23792568492615768
602,0.6134593434358226,0.4033811044486537,0.4998247261041639,0.48009781007789837,1.8683163637336389,0.2366225299999272
603,0.6131036156206371,0.40217347438275053,0.49708984680440144,0.4829425467683013,1.885631136073673,0.23532780801968772
604,0.6125272742158645,0.4040061890824608,0.49510038499373993,0.495973571147696,1.8805736268445403,0.23428438582813893
605,0.6132534317465952,0.4040061620108643,0.49239676840509433,0.4932651863127667,1.8812517924202838,0.23300501871152154
606,0.6155046472240822,0.4021756692227735,0.5006210732842592,0.4905743858264972,1.8873547308104544,0.23173406315448222
607,0.6146417287807828,0.4009246133384563,0.5033426053841872,0.4879008370101507,1.882518795101661,0.23047115104950136
608,0.6176892558423636,0.40448508285281803,0.511490353453283,0.4852451496081833,1.8886018447289705,0.2292173270610675
609,0.6148483505321065,0.404348571329547,0.5176853519370384,0.4899457963776507,1.8818758875773771,0.22987957296501227
610,0.6160639871575364,0.4061113606375462,0.5203054705355001,0.4872842138685006,1.8879496786204029,0.2286321470203785
611,0.6157043026648947,0.40553255330691684,0.5227769822202899,0.48477150478554537,1.8830074742695493,0.22753140483540465
612,0.6137096564470599,0.40502999217744645,0.5199421442933858,0.4929880624234058,1.884483141626913,0.22629758108660508
613,0.6167464607242518,0.4038314549553936,0.5171254967638699,0.4957346640156867,1.8851089248356792,0.22507167445507156
614,0.6147828014729827,0.40196669222597053,0.5143269076580153,0.49846365627110095,1.8965543305641974,0.2238536275010765
615,0.6132803726287703,0.399591939171675,0.5223590639658227,0.5011751668501385,1.9079772221146507,0.22264338324517227
616,0.6144736528132272,0.40201288273368146,0.5248727179122549,0.4985344043995983,1.9030071451252049,0.2215069724308841
617,0.6146771890248947,0.40082417891376176,0.522040711032451,0.5066357225885922,1.9035384107646938,0.22031180787300042
618,0.614149801857605,0.40073817962740166,0.519226799867214,0.5039048476082091,1.893290159709918,0.21912746628403182
619,0.6118883354137079,0.39956153266388944,0.5164308536300976,0.5065762339367581,1.8938647736966174,0.21794750289431006
620,0.6110283732144226,0.3995612550946318,0.5136527425789716,0.5038511352641187,1.8837249714466007,0.21677506642561362
621,0.6106350995703017,0.39955097958546715,0.5216404732477434,0.5011434051925957,1.8736451524023279,0.2156101025602264
622,0.6101716674833678,0.39829542593450784,0.5188399440009526,0.5091903109558107,1.8740618230147992,0.2144525574135393
623,0.611104680983768,0.40007805906517024,0.5267838112582918,0.5064594384109451,1.8854637840475126,0.2133104782233474
624,0.6114043952950654,0.40345268705603193,0.5293017345790596,0.5037633987698197,1.8860423583659625,0.2122027336891077
625,0.6120338921424177,0.40402408647208427,0.5318212258892198,0.5117721511249347,1.8973574580342558,0.2110669945080253
626,0.6106943430704014,0.40459032542178486,0.5289774696476054,0.5143828020559057,1.913948416411006,0.20994011852595504
627,0.6101264015995312,0.404579605700499,0.5314936342074107,0.5116350104041176,1.9091751914636814,0.20881863525949404
628,0.6095700691558772,0.4051508165999269,0.5393167158692013,0.5142549302683447,1.909632506598653,0.2077319436178205
629,0.6077570412193285,0.4045154522375416,0.5364414854657549,0.5115133104239704,1.920775466313777,0.20662619205589386
630,0.6076881076605392,0.40662467781535283,0.5388322663309179,0.508867126247709,1.9261101278597312,0.20602560678971116
631,0.6084051439473169,0.40543179100662274,0.5359653582013213,0.5061596504852459,1.9158745183536552,0.21025002278113988
632,0.6103196382599662,0.4042382666894056,0.5331165539572008,0.5087845486472035,1.9269527009474314,0.20913248570890178
633,0.6096447503520688,0.403046640332223,0.5302857241419424,0.5113928851077455,1.9220306157299618,0.20802199969699794
634,0.6083663274610099,0.403656210610181,0.5325952343602782,0.5088622841677453,1.9169575420098017,0.20710081628711616
635,0.607692369975899,0.40225992552425993,0.5403715329706665,0.5061656423372769,1.9227731608703353,0.20600331556501533
636,0.60800805393195,0.40558979784592875,0.5427895440931576,0.5035012607013083,1.9231514285816549,0.20494335553216644
637,0.6070497332316467,0.40558972846541463,0.5399188567919373,0.5008383599675469,1.9288470334749686,0.20385945792470866
638,0.6077515524992807,0.405586234819822,0.5370662059639376,0.4981921901879905,1.9345218099078145,0.20278237042511685
639,0.6077371590688475,0.4067061689660869,0.5342314632219514,0.4955626322683762,1.9347181500487551,0.20186136526987467
640,0.6094036842899968,0.4077957918136932,0.5314145011895276,0.4929495680520367,1.9508816795956276,0.20079698001552918
641,0.6100932533872686,0.40779576279542884,0.5286151934923068,0.4903528803118623,1.9511665856086136,0.19973925101024617
642,0.6105092104333378,0.40953902223640753,0.5258334147494355,0.48777245274233744,1.9514134185159173,0.19869829324921373
643,0.6106506179059714,0.40833491558299867,0.5283261697372188,0.4852081699516506,1.9516688572635204,0.19765371065531528
644,0.6108341111622693,0.4083281162023737,0.5255514669085215,0.4879117921245517,1.9520026439796636,0.1966156581387598
645,0.6117139177510854,0.40832795337653827,0.5227940952221607,0.48535190171275316,1.952256149842312,0.211323927297466
646,0.6127638060003333,0.4100849567945448,0.5357770110703963,0.48280905242371797,1.9577493416873193,0.21021737107697436
647,0.6116503009763375,0.4087481771119872,0.5329716062083678,0.4907532806623516,1.9523721603757498,0.20911664293314455
648,0.6120495964518885,0.4087481769000449,0.5301836801668753,0.4934171039764795,1.9421594817558587,0.20802277277617626
649,0.6103506960801625,0.4064623930466616,0.5274131094696144,0.49606434450831666,1.953565540944626,0.20693571215892897
650,0.610085871364115,0.40699312423491263,0.5246597960139981,0.4986950949069501,1.9695245516322077,0.20585619342941
651,0.6113183088056799,0.40624928706547897,0.5271388092210274,0.49609428034048125,1.9738412803558438,0.20478260399182205
652,0.6102854431967275,0.4062107893203259,0.5296024289274921,0.4935096156034622,1.9845285713892582,0.20371568103731966
653,0.6101369057147007,0.407265401440268,0.5287438973208608,0.5046574929074326,1.9794250335968933,0.20786072077506787
654,0.6091312313984475,0.4053840336780378,0.5311823957199513,0.5020453200503578,1.9795400064694033,0.20685453690925165
655,0.6088129069226553,0.40474679265836033,0.5284232109275242,0.49943748548476646,1.990034978089348,0.2057801955057049
656,0.6102685785118671,0.40421682195805764,0.5256811019819507,0.502035018902085,1.9873593483228231,0.20471235498839
657,0.6087416622797432,0.40302016128426454,0.5281399911496619,0.4994324481950181,1.982241327552216,0.20365111750811896
658,0.6101307080338656,0.40300886528442353,0.5254048276971974,0.5020248178245291,1.9926938844523174,0.20777529745151113
659,0.6098655731060217,0.4064702695894028,0.5226879560817036,0.5045997771096997,2.0030735902322987,0.20674620680644384
660,0.6088565531640407,0.40529312439464815,0.5199864364054679,0.501991746427866,1.998347576298245,0.20567763627755375
661,0.6077768267528024,0.4078333824759188,0.5201538870108712,0.5017108148289446,1.9908940282814087,0.20693169772706765
662,0.6070032252247779,0.40955045859063965,0.5277869182938488,0.4991231879812323,2.0012568272279134,0.20586489715871747
663,0.6085637223580798,0.40685500193983143,0.5250672159214003,0.5068572527807085,2.011557374072186,0.2048040689536222
664,0.6094409072376229,0.4056766772831491,0.5275121131795335,0.504248012169971,2.0063501693658745,0.20374976206341522
665,0.6101029115196029,0.40566452287272975,0.5247992580260052,0.5016547981293938,2.001217628124805,0.2027019309743578
666,0.6100163747045355,0.4026039022674011,0.5221030519230322,0.4990774988904624,2.016626455181199,0.20166053052453015
667,0.6108560497224312,0.40355221400989,0.519423378848713,0.49651600354802095,2.020308733922948,0.20095512677612076
668,0.60933276973459,0.4050841602133464,0.5173247954472345,0.49853286047292006,2.019640176523284,0.2056170469742857
669,0.6094841541753665,0.4068103715621917,0.514674951574522,0.4959792727514424,2.0247697049152387,0.20456505231271155
670,0.6100673138804219,0.40680682145936353,0.517158401477462,0.4934413042687299,2.024652600175035,0.20351827539287384
671,0.6092644152818754,0.4084095811168078,0.5145147025975281,0.4909188465078552,2.019487085909917,0.207590471842597
672,0.60895398247945,0.40776317799558,0.5221002533327742,0.4884124092217235,2.024493731790299,0.206531478180698
673,0.6070053104816111,0.40659160476535255,0.5245383819612466,0.4859206475379622,2.03994135781733,0.20547780465786245
674,0.6072275710020016,0.4034316400754108,0.5218649890542839,0.48344407602832834,2.0352576650751733,0.20443055449581202
675,0.606015843704026,0.40514263870289885,0.5192081683687894,0.48607386526808055,2.0452601638186523,0.20339086532854306
676,0.6064070631371702,0.4072020428292849,0.5212540956028318,0.4840010711010083,2.039943532756691,0.20744280099449866
677,0.6065382864156158,0.40863816665913677,0.523686790854327,0.4866230635453923,2.0345036685345015,0.206590018053298
678,0.6069681327166204,0.4103414134112676,0.521070748038833,0.4942630827217294,2.034286197540628,0.20558741473914674
679,0.607136328481531,0.4113644724514634,0.5184282739337134,0.49175655668447926,2.039181922627011,0.20454647218749536
680,0.606227471420913,0.4102320452972868,0.5158018282047375,0.4892652344072437,2.0293070970338714,0.20351020500210912
681,0.6058049267113093,0.41021896597219104,0.5131913003296941,0.48678901105387706,2.0241377958532647,0.20248021822431328
682,0.6067235332252536,0.4067049395609077,0.5105965806311796,0.4843277825895784,2.0189766846893433,0.20145646858076202
683,0.6066840722345973,0.40670345546255887,0.5130685544584241,0.48693243996307967,2.0138321994058597,0.20043891312865053
684,0.6054834331007193,0.40668534871423806,0.5104796383851433,0.4945672967378991,2.018887930406779,0.20447345497933234
685,0.6051190778333084,0.40578123540635425,0.5079063604040749,0.49207423131637096,2.0238267645467167,0.20344958749095773
686,0.6076251845550502,0.4091292418208919,0.5103844770055642,0.4946320763654001,2.03377843365817,0.20242511342611272
687,0.608285353475852,0.4068279263065296,0.5078168191781084,0.49214366619657646,2.043671129207486,0.2064375775443569
688,0.6077796247819789,0.4056822073418678,0.5052646322655661,0.5047476562023204,2.043464902774783,0.2054000631025974
689,0.6066850837328764,0.4106543599158428,0.5077485891906885,0.507234208749984,2.0481781321902903,0.20445870424437337
690,0.6070604024125832,0.4095016511885686,0.5102176044669482,0.5097058040354382,2.0529522431992118,0.20343318831276103
691,0.6061252629659779,0.4083751123424401,0.5076610329130458,0.5071517969842362,2.0534681643259383,0.20241383598581916
692,0.6067837446007371,0.40722603352012166,0.5101255533773837,0.5046131273567056,2.048209444874747,0.2014006051135935
693,0.6058793767810947,0.4061856218913887,0.512450435968975,0.5022145405144092,2.0433551631595157,0.20064454337688478
694,0.6067719527091364,0.40617490651726246,0.5098903679960999,0.49970560839055994,2.0431528737338436,0.19964217586311725
695,0.6085347940281761,0.4078469497422365,0.5073456354566939,0.49721170538393394,2.0429358727864293,0.19864744875707424
696,0.6083876387336746,0.41129479915624506,0.5048161337939968,0.4947327290262307,2.0356634469915647,0.19972979452925996
697,0.6067069224542511,0.41129479906921135,0.5023017592421315,0.49226857762423515,2.0305050433466008,0.19873498576821785
698,0.6073946233139322,0.41118296012106903,0.4998024088195742,0.489819150253419,2.020402281443792,0.1977461212828413
699,0.60938055924606,0.4144812879079119,0.4973179803226841,0.4873843467515987,2.025271373621413,0.19676401229977508
700,0.6084452093469132,0.41414785429141016,0.49484837231928935,0.48496406771265044,2.0292668156044398,0.2007527667394725
701,0.6077084277932433,0.41414774865677995,0.49239348414233103,0.4825582144802804,2.024166022572522,0.20471774408032237
702,0.6079940169069122,0.4139771122612598,0.5048210096543428,0.4801666891418509,2.024096727419023,0.2037031770135872
703,0.6083890236931317,0.41567889604401753,0.5023216520411523,0.47778939452226105,2.018979038275136,0.20274205609683765
704,0.6101549425670274,0.41736537871215595,0.49983715443229776,0.47542623417788205,2.0139175854595166,0.20176084098680427
705,0.6101981231993293,0.41897634191697086,0.5044007955063159,0.475925904564283,2.0039666476022013,0.2007639924520282
706,0.610459992417694,0.42383180173435714,0.5019109989689536,0.47357666427802275,2.0015991157391095,0.20705709088105506
707,0.610080884318631,0.4237550195775077,0.49943596870180984,0.4761725701097722,1.9917914420848615,0.2060360481702755
708,0.6090328789763818,0.4216360827521271,0.4969756054138722,0.4836793773777257,1.9941344415464355,0.20994734136040347
709,0.6092291912920281,0.422073321076532,0.4945299083611873,0.48622027824123826,2.0040062817663378,0.20891454184397512
710,0.6079750396964051,0.4213172489264494,0.50193146471124,0.4936626884056061,1.9944255188967437,0.20788742562134704
711,0.6072478181304234,0.4209688309033834,0.49946621427323046,0.49123805029386514,1.9993644261067491,0.20686638071163108
712,0.6103704749445256,0.4174425128411915,0.5068287617318638,0.48882773238354676,1.9944609438488297,0.20585136621474162
713,0.608936703134391,0.4190717171273197,0.5141278157603136,0.4913533984830953,1.9944480211425608,0.20488243247317556
714,0.6102645801713127,0.41907171695122664,0.5165070421962459,0.4889473315523746,1.999372025126977,0.2038791610050608
715,0.6110114917962631,0.41672379075096205,0.5139803305950944,0.49144736078739987,1.9944839625771873,0.20777372166822639
716,0.61100876128896,0.41695450569893955,0.5114684924561153,0.48904564198485895,1.9993768360386452,0.206779441846993
717,0.6094838041773014,0.41645503968910474,0.5089714280629425,0.4866580492450354,1.9993798784167427,0.2057699142043483
718,0.6095402430598288,0.4138250988910303,0.5064890383366731,0.4842844878326593,1.9897205918460223,0.2047686310620798
719,0.6104315383771811,0.41543200131069064,0.5040212249364747,0.481924863718174,1.9995152275777817,0.20377213127806845
720,0.6122094886509738,0.4131575104347758,0.506435412813179,0.47957908357199375,1.9995176154043204,0.20764778839165454
721,0.6126519867950727,0.4118627590767954,0.503972904550593,0.482109598548204,2.009256972189594,0.20663852316308215
722,0.6126880730845853,0.41711426033418,0.5107690250566226,0.485096680906329,2.008269456768811,0.20657727112812538
723,0.6102453121341926,0.4169766256902756,0.5082902926670418,0.48274253491067604,2.013404839860471,0.20557476363887478
724,0.6082109605856603,0.4164089391887505,0.5155222376073205,0.4804021549991942,2.0084917606145187,0.20457811840392137
725,0.6081981580801181,0.4173091575744043,0.5130254367521597,0.47807544933274204,2.00832007496511,0.2037179003383656
726,0.6085740720155924,0.4171918155267255,0.5153816168479535,0.4806007316176864,2.008289548776914,0.20273223065834606
727,0.6088766837377138,0.4160752598783615,0.5128904843043549,0.47827771487849347,2.01310008848652,0.20175231045762548
728,0.6079558922177587,0.4191492394259859,0.5104138706738407,0.47596823723348347,2.0128268739484674,0.20098959058401097
729,0.6059878965771175,0.418030814055377,0.5127755907849427,0.47367220862730697,2.0235673025022702,0.20002003460648002
730,0.606856113845635,0.4195871899033932,0.5199426143788701,0.4713895842072692,2.033091836817307,0.1990622961233857
731,0.6055147607137988,0.4207839467723107,0.5174394685746627,0.4691201859559543,2.0233039789499014,0.19810395729922303
732,0.6058484634580532,0.41922311846663746,0.515113670663552,0.47151062468916904,2.0135729769804835,0.19715118398564677
733,0.6068534683354572,0.4199306546208341,0.512734068938581,0.4739544920509281,2.004887499677376,0.19620477318572596
734,0.6069967066235662,0.4210304436469546,0.5105146079462867,0.4762378459809477,2.004822346256474,0.2005026463028986
735,0.6071370532317529,0.4268593805468605,0.5080666625323199,0.47395425951176456,2.003572679297665,0.20076777726879977
736,0.6062005123692338,0.42685171137393396,0.520003675935593,0.4716838944649694,1.9941294821692392,0.19980604702819935
737,0.6068156372979358,0.4246165076156214,0.5175152118310685,0.46942666342146466,1.9893721087863199,0.19884988037225787
738,0.6056536803139254,0.42612320678144827,0.5245624792878335,0.4672225138060878,1.9893829801731913,0.19793948798430988
739,0.6057040912624078,0.430448713584245,0.5220572146911673,0.46499109987767845,1.9888928333942082,0.19753562255786372
740,0.6049217277046357,0.43036182198878453,0.5291048292883913,0.4675475578843619,1.9936562254006407,0.19669094700064924
741,0.6042724927840405,0.4296205573481067,0.526582919691135,0.46531905304348165,1.9938532542749685,0.2005198159561019
742,0.6029384046589307,0.4306937377197707,0.5240755390838523,0.4631033868565025,1.9843593114420086,0.1995650208863444
743,0.6042781197278735,0.43108388538490244,0.5263127237110339,0.4609271901193884,1.979650150549582,0.19864243588550515
744,0.6056219635746946,0.43291540709064513,0.523821287181783,0.4634792637611923,1.9797276056123627,0.19771782064564192
745,0.6038747537114829,0.43109666642171085,0.5213345278611442,0.4660263117224081,1.975116409965772,0.19677918633394334
746,0.6031725791503304,0.4340262548308387,0.5188620477567142,0.46381613625484064,1.9799664084980364,0.19585655426340576
747,0.6040200293390885,0.4373401668049433,0.521482740702793,0.4707532272133029,1.9749823867512042,0.19526976928933956
748,0.6048709289450471,0.4386667994573917,0.5284807389321198,0.4685250994095618,1.9893001553841254,0.1943455455995736
749,0.60414631730058,0.438630802902826,0.5307102666244361,0.47103812084150454,1.9848020692838086,0.19342660376290027
750,0.6021000758705511,0.43862817617160954,0.5329270343603498,0.46881309430798945,1.9754383421427533,0.19251292118262142
751,0.603409979457248,0.43407216043732055,0.5304303078661918,0.47130160923202086,1.9802550659388651,0.20106047881789088
752,0.6031552195609957,0.4337875224471145,0.5326439662865304,0.47379401379762365,1.985062375690106,0.20011263395186044
753,0.6017993859844826,0.43377803586237124,0.5301354711295954,0.4715626734197683,1.985551934804334,0.19917020034727187
754,0.6015674270832722,0.4333616899421752,0.5323460938078752,0.4740488699006907,1.9950556595668032,0.20294497538658704
755,0.6011144197713211,0.43377215991142193,0.5332582223612783,0.47310668433904934,1.9903824925712472,0.20669192431759795
756,0.6008349430062897,0.43291702831268525,0.5307543572297383,0.4755806636342642,1.9820899958181506,0.20572142132192336
757,0.5998988272648627,0.4279797283462384,0.5282647396303687,0.47804056545415774,1.9833784768827794,0.2047564406974333
758,0.6001110024973194,0.4279619621306549,0.5257892768193908,0.4758004544773232,1.9741768102513337,0.2037969464964587
759,0.6012190858489971,0.4272801305942059,0.532690563272046,0.4829357557671987,1.9695989440343955,0.20286031319393497
760,0.5998931943513471,0.42666846969614436,0.5348638483359538,0.4806893916553669,1.965052291014586,0.20660043216741694
761,0.599442802043771,0.4280992111159244,0.5370367829093353,0.47844379250115887,1.9745849554036288,0.20563621076633887
762,0.5987773872242963,0.4270281576698633,0.5345302602367085,0.4808780623700922,1.965368986115681,0.20467644070774696
763,0.5980271356694316,0.4256436257757054,0.5320379298851379,0.48329854902457686,1.9705303845704023,0.20372210501644022
764,0.5989315793295537,0.4245770228407083,0.5342176948569247,0.4857053417875698,1.9613516988799953,0.20743116345117035
765,0.5991647540569955,0.4260210226235469,0.5317317986574865,0.48344519002767744,1.9662792748811107,0.2064673467774009
766,0.5990614485550964,0.4268370287801659,0.5333680894223786,0.4817383461731112,1.9612496209463517,0.20605249785466606
767,0.5997286732329326,0.4257708411572023,0.5308911056501231,0.4795011330934231,1.9614441382448193,0.20973962334611887
768,0.6006118907181893,0.42545269903079086,0.5284280893425962,0.47727653543541476,1.9662596871269744,0.20876928469553513
769,0.6007929238133208,0.4273223099773134,0.5265057780488885,0.4838071702741657,1.9617014467580651,0.20806782854904732
770,0.6001271790278487,0.4273219469351078,0.5240679874911084,0.4815670798503695,1.9711408892498716,0.20710444731191383
771,0.5989600462498931,0.4278017265614829,0.5216439095126104,0.47933958994200215,1.9744610511241656,0.21382636466569044
772,0.5983101586134116,0.4292239030102837,0.5192334557731194,0.47712461937301504,1.9838165515540618,0.2174642068469999
773,0.5989709951806428,0.4299307394862369,0.5214435872645925,0.47493129995759514,1.9838728630680833,0.21647879131957307
774,0.5972581390407276,0.42921170412040627,0.53287381488667,0.47274108438070883,1.9767033655316066,0.215480467518097
775,0.5953281057840345,0.42956146197209355,0.5350077735373,0.4705812576768547,1.9767745183194552,0.21452395957613504
776,0.5968902039039626,0.4309951609291491,0.5325583850089368,0.47300492306310093,1.9722660300750712,0.21354957635318358
777,0.5975638732715509,0.4309951609291491,0.5301097705226415,0.4708301254459686,1.963197938377877,0.21256771107621147
778,0.597574894175595,0.4309951413013302,0.5276748504945884,0.46866749090118576,1.9587825066693179,0.21159133711406664
779,0.5954759831806984,0.4309933006604814,0.5298421836226503,0.47110558794131147,1.9545310620106269,0.21520909088083212
780,0.5963413036237439,0.42991454344537394,0.5274133552024932,0.4689460116065936,1.9593260698878243,0.21422255947135904
781,0.5967905344371418,0.429196289301528,0.5250014008876617,0.4713746381222822,1.9595056878225012,0.2132481793469723
782,0.5963971684604527,0.4291953611625092,0.5225995713724495,0.48294284921048786,1.9644725167144979,0.21227259000501086
783,0.5974749814693272,0.4270509038942322,0.5202111196362205,0.48073564172337313,1.9692094147684727,0.21130243452857253
784,0.5995971788392104,0.4274341146720386,0.5178359602564842,0.47854071792126124,1.9647735600811138,0.21034835484997688
785,0.6004420710704852,0.4263669959669124,0.5154740084188234,0.47635799942575585,1.9603749329735336,0.20938891456112416
786,0.600225774738299,0.42604842322452113,0.5176818180128306,0.4787440465166872,1.9696921331228823,0.2129995028024302
787,0.6016974630657301,0.4249925772545715,0.5153252870264903,0.48111684726698783,1.960725929668762,0.21202991122906617
788,0.6033551357914396,0.42288907374697965,0.5175293617295643,0.48347648601061805,1.9654520637690287,0.211065698013221
789,0.6030694287656184,0.4224757254732608,0.5242640162411575,0.48128025061489377,1.9565261714620397,0.21464991401051825
790,0.6020499341256647,0.424518270898831,0.5253785996983086,0.48014050479118,1.951275087195488,0.214724761364814
791,0.6019899325263373,0.4228317581093598,0.5229968078887496,0.48249727346791577,1.9605249591640699,0.21398619016770545
792,0.6021368826321923,0.4217174636878584,0.525157336667979,0.4848412400335347,1.9656739450121354,0.21301696537034356
793,0.6029720870824264,0.4194117383646532,0.5273024015507006,0.48265093306091383,1.9658223336217744,0.21206015539581555
794,0.6031350750330872,0.42116395738094614,0.5249188204643084,0.48046919136584415,1.9614565764314928,0.21562190529546768
795,0.6034230981944028,0.4252659064112007,0.5225483855725145,0.4782994826580516,1.9594294445486848,0.22136519633295168
796,0.6042364345256783,0.42665233031997,0.5201948387471484,0.4806492044964916,1.9596048218045192,0.22037420343655775
797,0.6053170140630586,0.42995313279681974,0.5178504299798101,0.4784830195882567,1.955280084662247,0.2238878143582392
798,0.6054815106280245,0.4289202362637723,0.5155189196463519,0.4763287525644795,1.9554814300662844,0.22287980756227696
799,0.6064908985758921,0.42789699819609045,0.5176980114686884,0.4831818985176557,1.9647308672706165,0.22187734206730164
800,0.6060653123889079,0.42555380571463913,0.519865133997673,0.4855041119394166,1.964602583127702,0.2301537207585851
801,0.6074451023420037,0.4269543541687477,0.5175429975522302,0.48780214692122786,1.9602612430100763,0.22913204049860816
802,0.6110893071070252,0.42695431944189155,0.5197064852982861,0.4856146898794408,1.9649238316749984,0.23258885297256315
803,0.6104119937969357,0.4276302520493053,0.5173782886088832,0.4834392186369494,1.9561213510550586,0.2315468951311623
804,0.6099196329907306,0.4287503267692623,0.5169474241404155,0.4838664244724179,1.951846277491424,0.23498621103277653
805,0.6087536439772702,0.4284565016634838,0.5146362146209142,0.4861739953730307,1.9529945569453828,0.23840649532221425
806,0.6088732866676881,0.42843309273028796,0.5123376379659684,0.48400254267643156,1.9577061583652058,0.2373416740193863
807,0.609853677699642,0.42843309258625056,0.5100516148647014,0.49076684213852556,1.9534329257791607,0.2362826681812524
808,0.6116228218912535,0.4284330923650453,0.5122355532881855,0.493036742180463,1.9447268905995656,0.23968692805073902
809,0.6110432849838203,0.42815959442372686,0.5144075837183275,0.49084123405269087,1.940550324304086,0.23861959461767912
810,0.61096001154314,0.4254683672292619,0.5121192000888939,0.48865768723065917,1.9541623274524615,0.23755807610343385
811,0.6117555388218867,0.4244363004602564,0.50984327358347,0.4864860268393786,1.9499225294889582,0.23650233610796514
812,0.6119236693803413,0.42453994237956677,0.5075797262805588,0.4843261785271384,1.9504095760837323,0.23547426322774365
813,0.6108479404587921,0.42453055840568193,0.5053284808028633,0.482178068461497,1.9507770794397925,0.2344298748434997
814,0.6111891403091865,0.4234985123268094,0.5119511040747631,0.488903267086949,1.955426041208663,0.2333911578245248
815,0.610014757271338,0.42246565508970646,0.5141114004248811,0.4867391889540676,1.9568783202785724,0.23235807677340942
816,0.611125029052409,0.4214091819470766,0.5118380157019466,0.4845868433042586,1.957069092060636,0.23133059653945515
817,0.6112944382206795,0.4217922509539128,0.5095781670549171,0.4868624853130042,1.9616726339724315,0.23031234594489092
818,0.6120850499296616,0.4207642500311609,0.5073293303239703,0.4847138959293191,1.9750910019699417,0.22929594670207257
819,0.6109260123620676,0.4204533126682447,0.5050926558044866,0.4869856496607389,1.9761498728406273,0.23269376743980796
820,0.6110398794284835,0.42045324157501573,0.5028680678637385,0.4892451272517913,1.9762552972438487,0.23166891042994045
821,0.6122161487678215,0.42060538567845646,0.5050623899092391,0.49588533533278684,1.976346354608956,0.23070640409915513
822,0.6114787653888136,0.41958801764334425,0.5028423797324097,0.4937056630527403,1.9720548081176237,0.22969233024374122
823,0.6114199453737426,0.4203596485210401,0.5006343367947468,0.4915377405654433,1.976595444016904,0.22868860568749605
824,0.6114703271027293,0.4203519973189178,0.5028249213609058,0.4893814950173293,1.9767323344389873,0.2276854094988355
825,0.611965626004671,0.42035199731891776,0.5006213666046679,0.4872368540595152,1.9680696527908326,0.22668761236167448
826,0.6113875483054968,0.4190754396825856,0.49842966139787476,0.48510374584396626,1.963831475572249,0.2300731518435057
827,0.6102123132459968,0.42014722910009034,0.4962497324295074,0.4829820990196922,1.955242475721147,0.2290669067201136
828,0.6097255999121891,0.42014722909996677,0.4984507294711137,0.4808718427289749,1.9466995865283412,0.2280660624199161
829,0.6094612848775725,0.4201472289641283,0.49627506404463406,0.4787729066036269,1.9469323328182526,0.22707058700454888
830,0.6081669101262419,0.41938746961550205,0.4941110601696756,0.4766852207612809,1.9388347171374318,0.2260804473304694
831,0.6073159233482157,0.4195011669575035,0.4919586459089965,0.4746087158017092,1.9314493505046857,0.22577456729793766
832,0.6091774365226081,0.4199692229803877,0.4941342142017425,0.47257863901543207,1.9274183125209297,0.22914391556138927
833,0.6088165941314864,0.42039929851833097,0.49618378126489404,0.47067378552568084,1.9289731907629624,0.2314586340624237
834,0.608968893509949,0.41978892008775365,0.49402881256540215,0.472972694653877,1.9296200572763318,0.2304533893719178
835,0.6084689147476224,0.42119988286187127,0.4962240924310844,0.47525933164195777,1.9244701603561725,0.23057101098892308
836,0.6082359115726654,0.4211920830168211,0.5070764793513706,0.4775337719177892,1.9291635202924913,0.22957162209941062
837,0.608962979495014,0.4201834530304809,0.5048807996597877,0.47546601439453334,1.9294739911156757,0.2285775595291013
838,0.6092567603852767,0.4194533118363792,0.5113483086771009,0.48206076436287043,1.9253064549932841,0.22773886011438715
839,0.6099758201706807,0.41846306298811303,0.509138555568565,0.4799775751658437,1.9256329293678167,0.22675470382496063
840,0.6106502900469671,0.42009713054432735,0.5069405508453407,0.477905461463753,1.9173230535361163,0.22577581905088034
841,0.6092418358164378,0.4214680081202993,0.5090670128485142,0.4801571457183904,1.926302903544266,0.2248059773251134
842,0.6083403994994656,0.4233632074861934,0.5092864721742653,0.47998411388618994,1.9204261345622446,0.22573758802041322
843,0.6086806959408101,0.42336320748453027,0.5070944149253641,0.4822223523923748,1.9207686342941732,0.2247659743153465
844,0.6077842337556749,0.4222895270915699,0.5049139742021103,0.4887486009454677,1.9164833709393552,0.22379950955222908
845,0.6081578442441544,0.42204170685484677,0.5070228664296026,0.48666693159275004,1.9168099356235813,0.22287823839725696
846,0.6087097113243408,0.4247444531721004,0.5048684504122924,0.4888484264545847,1.917124234745668,0.2219645277383306
847,0.607694669991781,0.4227671471923677,0.5027040838989089,0.4910397286604198,1.9131929377022079,0.22101296780107663
848,0.6069950267290198,0.42258465369968085,0.5091165623602951,0.4975021621279798,1.908712930304152,0.22064026250572388
849,0.6071343687616189,0.42160779989092007,0.5069383450231517,0.49537363613819557,1.9133864422683655,0.21969626955677377
850,0.6076884320002346,0.4216077949862653,0.517594062799211,0.49325633524840357,1.922304963050021,0.2187572548957538
851,0.6066890770605682,0.42294942212660974,0.5238724250987101,0.4912015203870445,1.9225854648203191,0.21787472802520644
852,0.6054205075721855,0.422215683570982,0.5216377898721808,0.48910624648409984,1.9147637459611782,0.21694535950170782
853,0.6044281267501412,0.4235608190315939,0.519415291905981,0.4912829603930251,1.9236481652188717,0.2160224266853959
854,0.603039229613195,0.4233961113559103,0.5172040958868043,0.4891915261529507,1.9158559983443457,0.2151028004491585
855,0.602443499853389,0.42339567938788475,0.5150045138034086,0.4871110768200233,1.920467426935407,0.21418800439530097
856,0.602439644924008,0.42324033278579404,0.5128164753057693,0.48504154585448384,1.9246044836936904,0.21327800926557217
857,0.6020502717260392,0.42368200437412457,0.5136840517433975,0.4841830606920727,1.920683397731521,0.21661785306091016
858,0.6020440018546633,0.4248875156996595,0.5153571030902054,0.48251905298590225,1.916390641656469,0.2160883465938973
859,0.6032015413815698,0.4248875088690036,0.5131741253547861,0.4804751724547757,1.9209810496501047,0.21517302778550304
860,0.6027948853414521,0.42453922635825836,0.5110025670400189,0.47844198370999624,1.9214008783557668,0.21849366575099707
861,0.6016172635417546,0.4235376114103837,0.513069750542374,0.4764194222221524,1.917506121486155,0.21757000752548136
862,0.6014044555269779,0.4249070071702013,0.5109029717961767,0.4744074238978402,1.9133913990629072,0.2168911276502554
863,0.6025601430779667,0.4279585123400816,0.5087499374922935,0.47662243283412664,1.9179684388318037,0.21598552502138318
864,0.6018511328712753,0.4261450417666128,0.5066056948105739,0.47461359885060717,1.918693711935589,0.21928993295597565
865,0.6012150783747187,0.42559540086809466,0.5044726236668755,0.47261523092366625,1.9106246434697929,0.21836965181075488
866,0.6032900419319557,0.42706219411494195,0.5023506568804699,0.47062726611503136,1.902588043356529,0.21745112205718758
867,0.6044280127247854,0.42705919876648385,0.5044418306336709,0.47285174482090314,1.9030005712599634,0.216537370064269
868,0.6031328996041508,0.4260643173557407,0.5065221357139772,0.47506466201430947,1.900038294926769,0.21982655025079828
869,0.6035153637349358,0.4260634726692774,0.5085916373388165,0.4814597941734841,1.9004588760403565,0.21890466208549006
870,0.6033200412244797,0.4303872652660076,0.5064608847948415,0.47944271090678975,1.9049888120247795,0.21806416630189726
871,0.6036406312773647,0.43089858674540293,0.5124587220155475,0.4776891998337381,1.901201136945832,0.2213368242964289
872,0.6043807091720405,0.43089710191552594,0.5144972027118119,0.4798730569380863,1.8932540114249339,0.22041138297674004
873,0.6049356353020172,0.4308970997780603,0.5165251312821693,0.4820456093805016,1.8978809550070053,0.21949073217252812
874,0.6054889645229752,0.43089704455280714,0.5185425708156943,0.4800341338473359,1.8983085570553329,0.21857484324224813
875,0.6054864794158901,0.42789985233890454,0.5205527432642993,0.48636713496998896,1.9028916419411084,0.2176731949517975
876,0.6054572765129506,0.4253298118957555,0.5183849254872831,0.4843416815745603,1.9199283497426198,0.22098298219694898
877,0.6060096279163809,0.42532687686000126,0.5203885844859847,0.48648697038433,1.9161150929227162,0.22006362862130183
878,0.6060038966606127,0.4279819047347795,0.5182257802775043,0.4844650657955554,1.9120716804325468,0.21938493749872798
879,0.6069294856236478,0.43059153055707644,0.5160996174699609,0.4907320352871948,1.9124139153834583,0.2184995591092684
880,0.6076761620971897,0.4276920076492448,0.5139589244494415,0.48869656266267625,1.908688637572277,0.21759326027598355
881,0.6073032554729868,0.4220930285685948,0.5159729247669252,0.4866715588474309,1.9049233195845092,0.21669162270392908
882,0.6061055671574365,0.42055892900336045,0.5138387249683446,0.4929343534443989,1.9094539301477371,0.21579718803190245
883,0.6068598708985341,0.42055879296495513,0.5158491983839582,0.4908958706113553,1.9057003532554753,0.21490477941775676
884,0.6066547974720278,0.422204152618567,0.5137180855818804,0.4888678467671304,1.905986176421153,0.21412070505892336
885,0.6062475108851385,0.4234959257018375,0.5115978982319861,0.4868502198749183,1.9063380544963513,0.21327313159419273
886,0.6052588525031596,0.42348973704606757,0.5136115882313954,0.48896594496434015,1.8985255525062414,0.2123938029207917
887,0.6023554044806883,0.4234896453206998,0.5114960756701304,0.49107084093521336,1.8948255421623221,0.21151897499963637
888,0.6019577396631676,0.42348885300111655,0.5093913824303906,0.5013945296031107,1.8995508851669196,0.21064862119257113
889,0.6036418135685832,0.4215845936836421,0.5072974445231282,0.4993334640879841,1.904074464081659,0.20978271503820475
890,0.6026326575366266,0.4206659459185629,0.5052142016528773,0.5054960342780872,1.902440105680392,0.21302779104739294
891,0.602827639521308,0.4232941078153578,0.5031415841242508,0.5034222605443556,1.8984482619258736,0.21244355932223952
892,0.6026155773772509,0.4236805583100966,0.5012322707513797,0.5053046729672311,1.8946943974445278,0.21172686325393786
893,0.6022273297602766,0.4240272906285509,0.5073563309736105,0.5073423614538615,1.8951010271893232,0.21088474914800545
894,0.6016617365102532,0.4240903004466002,0.5052811603196525,0.5052672479375316,1.899585968692845,0.2101080017717828
895,0.6020295305096898,0.4253657609224272,0.5032171135113285,0.5072881931481812,1.9040806337106995,0.20925196860881679
896,0.6022078850312995,0.4266806699465674,0.5051391359436602,0.5053232881386038,1.9002843429773273,0.2085036455075617
897,0.6026608126381742,0.4251182830059695,0.5030792229989489,0.5032626242374467,1.8925561055406641,0.20765338598926447
898,0.6016435838096212,0.4250032189764607,0.5010297606853426,0.5012124147772492,1.8889202222173853,0.21088293293811738
899,0.5992842199297532,0.42425303130214376,0.5030604519658042,0.5032423626986033,1.9060323661806258,0.210024689100361
900,0.5983562149709328,0.42551886236013037,0.5090978929383185,0.50124499299136,1.906365834363028,0.2092196540176226
901,0.5978412691060755,0.4244006967979071,0.5110917571032293,0.4992091198203352,1.902869520126998,0.20836988058063804
902,0.5974685606720055,0.4240748507860998,0.5090179648203291,0.49718354220956645,1.9033454958003904,0.21158152286778178
903,0.5997219790453138,0.42313787152886884,0.5110081692320291,0.49516819987882726,1.903737286731308,0.21477739118683356
904,0.6004662685270118,0.42220301929461745,0.5089388588751408,0.49316303294392116,1.9041307692653044,0.21390765738066705
905,0.6001365854885673,0.4220372644573795,0.5109254063894331,0.49116798239684123,1.916837174441282,0.21697397008860458
906,0.5989668370558134,0.4202957534782088,0.5088605649931162,0.48918298816888656,1.9187801982295356,0.216097096811685
907,0.5982239701139197,0.4187854595201135,0.5108316741023236,0.4872197778931235,1.9191087680706915,0.21528704766282683
908,0.5991011717050131,0.4203379680625294,0.508771336312375,0.48525467398258865,1.911368461183574,0.21441873150239438
909,0.600591338444924,0.42033796771030085,0.510750628982468,0.4832994521269827,1.9117255863929568,0.21355478064820885
910,0.6009632069552246,0.422894890005795,0.5086947339764094,0.4813540547575497,1.9201290268503897,0.2126976776802527
911,0.6018874868287595,0.4225854640780077,0.5106703800518795,0.4874608627020887,1.9124102820907267,0.2118423737353721
912,0.6015129625933407,0.42300612460903503,0.5114931874156184,0.4866455625095867,1.9087480035475581,0.2150092547174829
913,0.6020654290024379,0.42021849484671314,0.5094404708282197,0.48469256402803373,1.9171412027595585,0.21414638288563545
914,0.6031574660648991,0.42282613300099103,0.5113059961044213,0.4828505604326036,1.9133630730749938,0.21338940293301983
915,0.6027607804512435,0.4231682454888922,0.5092627046444433,0.484917255855187,1.9137010194163155,0.2125439893728056
916,0.6038620506352409,0.4222397002658302,0.5152273876972904,0.48297702282617255,1.9060498787940694,0.21169356620613083
917,0.6035157088755415,0.4205792319015852,0.5171651032990778,0.48504364842326125,1.9086637459264741,0.21275094296839445
918,0.6037678346690674,0.4232356665902279,0.5175856793113702,0.4846142524925764,1.9035344667837952,0.21341926681349743
919,0.6047649279033407,0.4232356611868334,0.5155209381162191,0.4866702177690657,1.9039323831585488,0.21655707705060273
920,0.6047646866375399,0.4229831842504978,0.5214357649213819,0.48473184920132556,1.9122834021234005,0.21569717738780878
921,0.6050552969691793,0.42781024346280005,0.5193598210932915,0.48280203126722193,1.9165443061689311,0.2149081077996322
922,0.6050926505601092,0.4318810963525913,0.5172942086733125,0.48088181751237796,1.9162182297183614,0.21868859602443702
923,0.6054342737313378,0.4318808906522869,0.51523886803353,0.4789711525060936,1.9165558597235288,0.22179294371285255
924,0.6063081225144243,0.4321716739383887,0.5131937399326131,0.47706998117704114,1.9248255759212083,0.220912659008953
925,0.6066468670322598,0.43067426615461973,0.5150744624796542,0.475227866034849,1.9211094017023478,0.22008629960496684
926,0.6060821456673552,0.4285476622391613,0.5249090364548616,0.4733544096560179,1.9253742074435343,0.21922485407913303
927,0.6071787458390625,0.427648026898981,0.5228317659021718,0.471481160944574,1.9217126690631425,0.22231468699542128
928,0.6070982074128367,0.4269488878652676,0.5286493069774516,0.4735929754979774,1.9259309108773768,0.22543458541072398
929,0.6068366262455762,0.426601573819613,0.534460223847232,0.47172268738230566,1.918327074846632,0.22849379962560779
930,0.6068132941293755,0.4264367504365317,0.5362970283072985,0.47380702512029016,1.918850535727064,0.22759226886121586
931,0.6068106512231188,0.42382964248792415,0.5381280041221166,0.47981941031121406,1.9231022788858474,0.22670496691593187
932,0.6065685164478881,0.42451999565949255,0.5360090422797392,0.4779300475315532,1.9191742670311525,0.2261058645410973
933,0.6068727758649396,0.42364731378553494,0.5339005337389036,0.47605000539111414,1.9234260797830198,0.22521642777993697
934,0.6070426047725546,0.4225515570859931,0.5318024186410574,0.47417923051728844,1.9176831026914538,0.22433137530752428
935,0.6050799852200842,0.42245490200043256,0.5297146375129178,0.47231766988099144,1.9221736215811762,0.22345068203611446
936,0.605814429960221,0.422454876429913,0.5394029355405446,0.4704652707942259,1.9146352301183385,0.22257432303932925
937,0.6059986819850774,0.42486345465305947,0.5372895468642994,0.468621980907665,1.910764244655772,0.22198978358828883
938,0.6074634629260242,0.4248634543473572,0.539100641260378,0.46678774820825325,1.911113526521825,0.22112089365870355
939,0.6061615839439047,0.4239862380027263,0.540902843750293,0.46496252101682656,1.910570380278838,0.2202562697064948
940,0.6065679949351416,0.4259011958123811,0.5420176298616859,0.4638248231580079,1.9031182553886496,0.2193990160579133
941,0.6070998436571101,0.4282767668244596,0.5399241539244961,0.46589549965827554,1.903452991316835,0.21858619821075595
942,0.6071059409396438,0.428276392563212,0.5378192738621357,0.4640792183505286,1.9038445560258812,0.21773404568678253
943,0.6072645410960638,0.4273847334057607,0.535724695250568,0.4661664031378399,1.9003711069399227,0.22078064075782125
944,0.6075047389820417,0.4268675528674063,0.5375310439587057,0.4643526967626113,1.9046759196979601,0.21992165295223476
945,0.6065979681776953,0.4280273223111745,0.5354417706035832,0.4625478526933636,1.9048557803660935,0.22317883334978067
946,0.6063865488230199,0.42712868247368263,0.5333626979397192,0.4646347314707527,1.905570153080228,0.22231224983492426
947,0.6067453638047637,0.4271284558445548,0.5312937680943275,0.46671142934731,1.9098159155386916,0.2214498939737882
948,0.6070794462171096,0.4253529947745634,0.529234923563934,0.4649028512474192,1.914040545813613,0.2205917417982046
949,0.6061190597108108,0.4244681224388217,0.5271861072117787,0.463103082333106,1.918246366874341,0.21973776949285662
950,0.6058946657288945,0.42358446480631784,0.5251472622652379,0.4613120727328416,1.9224312550728826,0.21888795339420383
951,0.6060618460352648,0.42390427177383694,0.5231275815043576,0.4633840684590014,1.922720486219602,0.21806076999882554
952,0.605863561411254,0.4233008713743369,0.5211084747959984,0.46931491906837636,1.9268846493375347,0.21721912452054956
953,0.6054036479095174,0.4222819029644051,0.5190991715080415,0.4675053226876219,1.9194549185834084,0.2163815655050737
954,0.6055772422719103,0.4199071884248108,0.517099616298039,0.4657045055124216,1.9163783644513488,0.21554806988342357
955,0.605551414938027,0.42023952509239115,0.5189578076289931,0.46391248600910334,1.9243961278536204,0.214718886888226
956,0.6064517997191876,0.42023119331958975,0.52080706622213,0.46597335396963446,1.924723442146111,0.21389344838619
957,0.6060575500647418,0.4202291213958763,0.5188069416337113,0.4641838145734368,1.925020693557226,0.21307200495124934
958,0.6057237128546893,0.42022044019539756,0.5168164898369081,0.4624029295589549,1.921499988156891,0.21225453409442507
959,0.6054614035060564,0.4210225869296322,0.5148356564204464,0.4606306502436621,1.9177868539964322,0.2116311460673796
960,0.6052418820361929,0.4201414607765258,0.5128643873175491,0.45886692825325814,1.9219318625697055,0.21082082546457998
961,0.6048533940045535,0.4192592767268745,0.5147277306482486,0.4647619192089523,1.9260639463037506,0.21001441433619045
962,0.6025322396372117,0.41854325961368744,0.5165820912128823,0.4668072130623082,1.9420068639563497,0.20921189073749002
963,0.6019694313009463,0.4185432371310263,0.5222449786840001,0.4650251955319689,1.9345936468476763,0.20841323286242444
964,0.6010417054806265,0.4179711331083141,0.520253322392937,0.46325175510843825,1.9272576302502322,0.20761841904263964
965,0.6009337630247036,0.417066007672053,0.5258909086333211,0.4652966757463709,1.9328601594931192,0.20682742774652274
966,0.5999663090644738,0.41621105218034604,0.5238893589468578,0.4711377897684744,1.9312423249680386,0.20984626541774687
967,0.5999207461965438,0.41696919734507554,0.5221293480448798,0.4767189284927909,1.9275855711809053,0.20916434971439166
968,0.6011910562466609,0.4160900513693358,0.5239445013091568,0.4749081499575198,1.9392558904542923,0.20836985574285116
969,0.601318249143198,0.41625234754444507,0.5219563293974613,0.4731060525177688,1.9508289812164434,0.2076279425509899
970,0.6024047811864904,0.41625231040925964,0.5199776814864083,0.47510341810146745,1.9585971946207448,0.206840860238416
971,0.6023578148976175,0.4157320439640058,0.5180085044559173,0.4733041817662486,1.958754171558451,0.20605754532808335
972,0.6018909256247628,0.41777448586947985,0.5160487455195966,0.47151355074024137,1.9590346473089548,0.20650691640634228
973,0.6015839031374537,0.41680817907434964,0.514098352222431,0.46973147709531754,1.96372479298857,0.20572642869258626
974,0.60065464537624,0.41670006151796946,0.5121572724384863,0.4679579132040298,1.9676374694775765,0.2049496679618194
975,0.599934633568063,0.41762972250666175,0.5102548279925407,0.46993536164925204,1.9677045353625573,0.2042489455749367
976,0.6000826250604703,0.4169216705941433,0.5083321094778604,0.4681645730726877,1.9602918288514202,0.20347930419632224
977,0.6000822057320638,0.41604162777342685,0.5064185505776745,0.4664022203335007,1.9604417556105818,0.20271332930256927
978,0.6007532874425284,0.41517762767734273,0.5082747251785543,0.46840888133516934,1.9606008895831581,0.2057116252667044
979,0.6018319634262348,0.4141537644687524,0.5063652051567227,0.46664913194570473,1.9607446187778959,0.20494320717709671
980,0.6015882409994584,0.41387822885485637,0.5080032929245812,0.46511232436579947,1.953398437484919,0.2041741941081535
981,0.6030073488659957,0.4154870338529623,0.5135396024787147,0.46342617378764983,1.9497949423569165,0.20343753302791645
982,0.6038898796879656,0.4167038609670347,0.5153616945114485,0.4654359712936683,1.9499775832475292,0.20268113442819755
983,0.6038696636608853,0.41653639208754334,0.5171751473340602,0.4674362396087099,1.9503635807638184,0.2019227282701279
984,0.6039247483970368,0.4168438515880712,0.5152430133836541,0.4731640267020688,1.9555374137783088,0.20154355797967197
985,0.6042806344921998,0.41926609010342514,0.513318893857629,0.4713970466186102,1.9516201450265749,0.20113983250501175
986,0.6042503472174582,0.4188292607561754,0.5114038757246484,0.46963842463350464,1.9443741887138644,0.20039453297555024
987,0.605318308236169,0.4179659648550383,0.5169517706902295,0.46788811465406943,1.948309088924702,0.19964767638866623
988,0.6061915810351455,0.4176786012013948,0.518750258698176,0.47359248263522186,1.9410574272262202,0.19890434698590148
989,0.6070664437622411,0.4164570656447713,0.5170118316506962,0.47535939073789757,1.9338376941428754,0.1981645253432171
990,0.6068937643246777,0.41933724097907715,0.515343496309242,0.47705607283876555,1.9335784789133257,0.1979372247098195
991,0.6060473990415429,0.4177790806191568,0.5134305143299546,0.4827093210207775,1.9354986251678568,0.2009145248302555
992,0.6057218909040057,0.41777052559106176,0.5115265379773077,0.4809192693842378,1.9320570597108744,0.20016946489808665
993,0.6057504478708713,0.41691817181965,0.5133361545030117,0.4828422747086358,1.9249164189422456,0.20313255332203223
994,0.6069771406861445,0.41758927794030654,0.5114363315171021,0.4810553075448902,1.9362974658340821,0.20238078550741107
995,0.6067880542524668,0.4210984131291147,0.513242665941008,0.4829739677371138,1.9438867331637444,0.20537058202470507
996,0.6073006288019565,0.4222682336133205,0.5113583885852594,0.48856575816314324,1.94409527022687,0.20462367197499134
997,0.6086041511433161,0.4249418122082404,0.5227430413863484,0.48825092734724934,1.9406119654106622,0.20755881386488942
998,0.6076097788045558,0.42474463585886785,0.5208161272298811,0.48645115661989813,1.933527908571255,0.20679371899978108
999,0.6075714494741666,0.4244579553838424,0.5225807098838683,0.48834228742061775,1.9337958907052217,0.20603220628986657
1000,0.604866509505685,0.42294955834622056,0.5206582428886777,0.4865457765426509,1.9301083530191432,0.20577745451447316
1001,0.6034329873022155,0.4228620986271618,0.5224198801476689,0.49210789857826764,1.9379519816986412,0.20502119819931786
1002,0.603694034042444,0.4219210729684453,0.5278447330726496,0.4939725960758542,1.935294958376734,0.20426847431531908
1003,0.6043810527815314,0.42308813954976593,0.5259112977183682,0.49582601038517543,1.9355271227496862,0.20352442498642645
1004,0.6041823495642367,0.4209292694387725,0.5239843015962968,0.4940092500239138,1.9284351411248686,0.2027786893853904
1005,0.6036381964098805,0.4229698498285673,0.5281668091131224,0.4934213244248119,1.9244264697297613,0.2026466136627805
1006,0.603654882312474,0.4215869745263855,0.5294352458764006,0.49207394443967045,1.9173909912414917,0.2019056537397955
1007,0.6051624649765024,0.4241548025068709,0.5343948637219961,0.4906888834374047,1.9103865108591513,0.20116806558025288
1008,0.6070721532592824,0.4224766199677422,0.5324445995720946,0.4888981234524416,1.9143630351417966,0.20043390645365938
1009,0.6070403211981319,0.4216395683945417,0.5341492288577198,0.48711568214567563,1.9146772926776712,0.19970315774139882
1010,0.607890282268961,0.42163829508716866,0.5358459457827003,0.4853415143788318,1.9149936029228702,0.19897580093810097
1011,0.609958724074848,0.4208008624360824,0.5338962438240298,0.4872141247164845,1.9153029040336467,0.19825181765172864
1012,0.6104490447041354,0.4222668031329637,0.5355904902848438,0.48907805660470244,1.9155922821829292,0.19754967804780535
1013,0.6095708508430863,0.4239024067874984,0.5364477184012264,0.48813125009724306,1.9115466663585823,0.19766461821571119
1014,0.6086917679168536,0.4227316983655535,0.5347727061872317,0.48971709841284017,1.9079688615468766,0.19722192315368473
1015,0.6096541827995627,0.4218784343213961,0.5328346769059282,0.48794235174888684,1.908302456074757,0.1965071861120134
1016,0.6101439334166796,0.4210517763328492,0.5309056011304659,0.4861758042410431,1.9086483333246593,0.19941615317104552
1017,0.6099880985724108,0.4210494690290292,0.5289854305159839,0.4916509786034884,1.9017580090359234,0.19869490812002943
1018,0.6102701227586813,0.4202040575432444,0.5306872855296065,0.4934877292833698,1.9057611460423007,0.19797698993347357
1019,0.6103516289785424,0.4193966078972231,0.5287717394412104,0.4917064571193742,1.9061633322599387,0.19726238067299157
1020,0.6090894597177788,0.4191180125282904,0.5268650153037201,0.4935393379162283,1.902913156286518,0.19655106250941978
1021,0.6083161109585233,0.418321641942916,0.5249670656159717,0.4917614388242765,1.9029381090381097,0.19944747140606436
1022,0.6079378897778623,0.41947649567471484,0.5230778431656511,0.48999171494771543,1.9032600292921058,0.19875709382964313
1023,0.6099934065508622,0.4194760491328496,0.5247924487914359,0.48823012232930174,1.9072039349204009,0.19804253270816577
1024,0.6097786656342927,0.41899456755033787,0.5229076281559156,0.490068171692041,1.9076232326346803,0.1973312521757978
1025,0.6090907635921164,0.41899452134040177,0.5210314540687541,0.4883098244139303,1.9115429048046486,0.19662323461784972
1026,0.610260712700946,0.41899405025849806,0.5191638801359332,0.49014391566915605,1.9118620015126586,0.19591846252646894
1027,0.6102341248725723,0.42200627183765277,0.5173048602446433,0.48838881034752796,1.9119394602374724,0.19545546858768303
1028,0.6083557384181659,0.42190111303387,0.5190315654512028,0.4902189545361659,1.91621043335285,0.1947562819842465
1029,0.608066350379217,0.42111993943447545,0.5171767327293764,0.4956143706771575,1.9101188106150884,0.19406029286017157
1030,0.6073324155789052,0.4241149249215864,0.5153303757950883,0.49384499287625905,1.9061530323414313,0.1940840748822456
1031,0.6072213164267204,0.422036560289709,0.5134932228462535,0.4956494218606111,1.9097473619130723,0.19371120743038692
1032,0.6067359288567576,0.4231853463079406,0.5118040067326959,0.4973060633107048,1.909928645017335,0.19672440534880187
1033,0.6073732990495717,0.4223664189080266,0.5135416795640327,0.49909533976587733,1.9102584247111585,0.19958356477689224
1034,0.6056867137467451,0.42228194028480737,0.5117156188932315,0.5044322833475603,1.9034658937068722,0.19887388197473524
1035,0.6063707685196114,0.42654974663480155,0.5134426554902689,0.5026478851417976,1.9073386371124952,0.19818986449696152
1036,0.6077374547480595,0.42654974544331264,0.5116205946991711,0.5044128452170127,1.9005706590332885,0.19748654548473785
1037,0.6092476282686808,0.42489165840408594,0.509806814566799,0.5026246177557905,1.8938328435770884,0.19678642282290165
1038,0.608039660095328,0.4225883570713567,0.5150845170074533,0.5008445108556965,1.9012920935928155,0.1960894795042955
1039,0.6093953688534258,0.4225883529467223,0.5132621051651055,0.49907248133894616,1.898103315450735,0.19539569862405354
1040,0.6092924201911295,0.42309732590275745,0.5116247593111347,0.5006662300194182,1.891394381314271,0.19471270835292598
1041,0.6089752085537832,0.4226731933709449,0.5133492191425282,0.49889837053213976,1.905958904288211,0.19402517504607192
1042,0.6099833810000833,0.42267226946563985,0.5115383875798741,0.5006659989084982,1.9098211100209481,0.19334075419215538
1043,0.6097799076833992,0.42300411954429123,0.5166684831434382,0.502540813723883,1.9065742504455243,0.19277553718853593
1044,0.6121000615771282,0.4242055473323355,0.5149207720342808,0.5077413365871023,1.8998622785306984,0.19209688308295464
1045,0.6125196348221101,0.42560081644169456,0.5166267559965385,0.5094725700365054,1.893198374530185,0.1914216755787562
1046,0.6119420257946161,0.425600803530603,0.5148116379848536,0.5076825875634744,1.897087249023572,0.19074913408310779
1047,0.6128826660742639,0.4247708620139228,0.5200244878240842,0.5094105682088303,1.8974484851839302,0.19007962534039902
1048,0.613011435066449,0.4242701750131187,0.5182010826706391,0.511130762774853,1.898066377655024,0.18941313332603096
1049,0.6137092951170462,0.4247590965021892,0.516452546849852,0.512776552701377,1.8920662697972985,0.18875015574025283
1050,0.6136126233599388,0.42406813899658086,0.5146452844321784,0.5144815314659956,1.8938249720157132,0.1880896476938116
1051,0.6127780891391488,0.4231269642455088,0.522451692506609,0.5135650592678537,1.8928529199006026,0.19253510157678144
1052,0.6113885310989817,0.4224640737161795,0.520627089670969,0.5117714919833266,1.8919147172908748,0.19186269473546805
1053,0.6104751468612407,0.42306122340235575,0.5188106763740421,0.509985974937692,1.888206134296041,0.1918077975571856
1054,0.611087330147962,0.42530841610533676,0.5170024095238335,0.5082084657719279,1.892069141664829,0.19463678776064777
1055,0.6100180853936856,0.4264259010635411,0.5256059961435552,0.5064809453396929,1.8924169350792712,0.19398709390800242
1056,0.6093130539671305,0.42559780547091935,0.5272561491622075,0.5047191796890985,1.8965475188357521,0.1967907646197666
1057,0.6091174784378038,0.4242949151422508,0.5254239512410008,0.5029652970017389,1.893432045449839,0.19610692313129477
1058,0.6085687835136646,0.42429491092656285,0.5270714392195379,0.501219255913912,1.89380470623533,0.19542613909423356
1059,0.6093349680895007,0.4234496693499325,0.5287115670050672,0.4994810153075294,1.894173048347111,0.1947483964765786
1060,0.6094780443637817,0.4234470488007924,0.5268798150612909,0.49775053430850086,1.8910806881540099,0.19407367934146086
1061,0.6086438367284988,0.42228809156082353,0.525304096116673,0.4992410052672465,1.8877487106981197,0.19365295235501875
1062,0.6094407543486238,0.42228777432390546,0.5234877858094329,0.4975148116388946,1.8846831616453288,0.19298337095256998
1063,0.6083936874308703,0.42228086690557676,0.5216795647673919,0.49579630592487584,1.8853727224700574,0.19231677165153588
1064,0.60812811563587,0.42199670002066725,0.5198793907207506,0.4940854479526175,1.8823178055869965,0.19510464868807817
1065,0.6074445968351375,0.42342044338418994,0.518087221649742,0.49238219778717335,1.8896159056945734,0.19443441601591907
1066,0.6068193164957344,0.42256398031066283,0.5163030157829928,0.4906865157296671,1.8831083840959764,0.19376481635922635
1067,0.6066254981470447,0.4196433747302879,0.5145267315958977,0.48899836231574684,1.880044807875085,0.1931371005620987
1068,0.6060819003777024,0.4196165047112655,0.5161952800182863,0.4907546505233323,1.8771463088295788,0.19247329757762754
1069,0.6080360666184812,0.41880703508857203,0.5144229147619411,0.48906963610021215,1.881001937983897,0.1918124372431652
1070,0.6092929103604734,0.417998719680128,0.5160884855229412,0.4873920855922797,1.877980026298623,0.19115450424595273
1071,0.6094064781265373,0.41940670583512346,0.514999764004947,0.48846888038758185,1.8783981480784437,0.197352797799491
1072,0.6091884289906604,0.41859730658521027,0.5132368004052023,0.4867967381538951,1.882238764480137,0.19667721341451458
1073,0.6099916340185464,0.4174184162105399,0.511644850816266,0.4883885730473203,1.875801864893609,0.19600461464670785
1074,0.6102676248250507,0.4174167732428601,0.5098968713195187,0.48672004611741876,1.8728170140131895,0.19533498600269097
1075,0.6096002897316202,0.41771220131192166,0.5115695822963652,0.48847185907843005,1.8697057605704819,0.19488950294055352
1076,0.6096937498432277,0.4186465702374096,0.5132349181793664,0.4902159481796918,1.866629266553244,0.19436403781627107
1077,0.6096206450121096,0.41864638617864863,0.5114867587417254,0.49195235341982985,1.8671260990874743,0.19370200311245192
1078,0.6105346684091492,0.42086602810723156,0.5131490491095919,0.49368111456282815,1.8675711551297496,0.19304996408701622
1079,0.6109884170648575,0.42086541396793303,0.5114046743961094,0.49200291822930364,1.8680221977002724,0.19579307204003787
1080,0.6104751701970647,0.4222561274517897,0.5118493075399506,0.4915467130533742,1.8672557828915042,0.1997387386738323
1081,0.6111045951956139,0.42234713278674846,0.5101301782186703,0.4966468821662439,1.8676887762176306,0.1990784646445628
1082,0.6108791337070718,0.42263803312206627,0.5117903875085501,0.49496370426571595,1.8749153706111015,0.1984039257714098
1083,0.6106785948528951,0.42261276500382994,0.5100575764903976,0.4932878647398654,1.8749133359574557,0.1982148842735932
1084,0.6104983575853046,0.4245500732554009,0.5083332851629092,0.4950008404517311,1.8820976231954372,0.197574605530195
1085,0.6090523273132868,0.42415511996964417,0.5133736536319409,0.4933282237716508,1.8791169995733248,0.19690699740963402
1086,0.6093699605665631,0.4234361232181514,0.5116406887196892,0.49166292502487746,1.8828983710972824,0.19624594860921316
1087,0.609099458322725,0.42338610262902954,0.5099152999258083,0.493377173152545,1.87658915376701,0.19558415495589337
1088,0.6088354297800733,0.42310661597023547,0.511356411794581,0.4919249692844024,1.870277815726789,0.19492539799055603
1089,0.6101059109879012,0.4233891456497642,0.5096366286969964,0.4936337087995154,1.8707122275426877,0.19427177436234777
1090,0.6099170309498089,0.4224267593187502,0.5079468099380082,0.49867469708150786,1.871171702566764,0.19364740269388883
1091,0.609538129766522,0.42329235436590046,0.5062407159310778,0.49699974628852533,1.868246719012518,0.19635700405625287
1092,0.6099930705164952,0.4246097492454498,0.5078974992010092,0.4986875371453432,1.8686709823921874,0.1957159663259388
1093,0.6097798501669942,0.4238557076225586,0.506194979266382,0.4970158898651819,1.8659305889241549,0.19505990809623908
1094,0.6097778452911807,0.42391583079942097,0.5078436693855938,0.4953564473699963,1.8697135035872579,0.19442170311568593
1095,0.609250140487837,0.42380105396542317,0.5061447311701178,0.5003900759969424,1.8668735227452697,0.19377128551425993
1096,0.6098763765304508,0.42486338584831856,0.504508819939727,0.5020041475597129,1.8639207356441458,0.1931793432210291
1097,0.610015046152484,0.42493478044132116,0.5028244103068116,0.5003281003064378,1.8645686264261474,0.19254670196387041
1098,0.6102243772414193,0.424490157780534,0.5044826772997675,0.4986593185086458,1.8683778486031803,0.19190448652311184
1099,0.6104999566452533,0.4265453478966138,0.5061441542925579,0.503651454681788,1.8688046047721878,0.19128583989003875
1100,0.61110685148818,0.42788000726818226,0.5076842343471443,0.5020787678774538,1.865814331114273,0.19075301442414908
1101,0.6116935256215185,0.4288945783020007,0.5126467139196528,0.500409206365551,1.8729112410566282,0.19012265442620022
1102,0.6121406926635037,0.42889456209170046,0.5109436707421989,0.49874681692327805,1.8733492105973728,0.18949105554785317
1103,0.61271863367595,0.42813025563219775,0.5125667213823359,0.5037290854147181,1.877088271585381,0.18886218406494254
1104,0.6122709631302075,0.4288050666212796,0.5137678114444093,0.5057893904545514,1.874195983296231,0.19156642379611521
1105,0.6119208533777334,0.42983914651475447,0.5121838405588774,0.5073085857591317,1.8711828675164095,0.19104961920146354
1106,0.6123668934565144,0.42907411007309365,0.5137979258716568,0.5122476006761415,1.8716091140229727,0.19041747453303257
1107,0.6131232280326593,0.4283100333113605,0.5187105537856389,0.5105543707272949,1.878644517511202,0.18978805124195716
1108,0.6135567193126882,0.42630678608468237,0.5203087806668725,0.5154638803525937,1.8757342801681332,0.18917344121420934
1109,0.6132669864153497,0.42720931966003156,0.5218912277217708,0.517062310185422,1.8726834854595082,0.18876297592083607
1110,0.6134602926289654,0.4280948468906649,0.5201827764571658,0.5186423865751979,1.8732739423283384,0.18821169118701903
1111,0.6137172755305271,0.42809484688696037,0.5250547722922402,0.5169348624924345,1.8802757534829397,0.1875920426513842
1112,0.6129589477555433,0.4282365108802133,0.5233629690464457,0.5217775666370227,1.8806365432619698,0.18701368578015598
1113,0.6122114003867187,0.4274224371764183,0.521643346097897,0.5266345881876723,1.8774940865970293,0.18639921161064
1114,0.6120077347207024,0.42890940158242474,0.5227957309163185,0.5253237342564867,1.874196076328046,0.1862051604880142
1115,0.6095445640150886,0.427563161340515,0.521081403837209,0.5236011174681737,1.8711128511953001,0.18601966409793896
1116,0.6090893290805829,0.42776114323261366,0.5193816883210065,0.5251544586175968,1.8711555530945232,0.18561434173451746
1117,0.6085454050330198,0.42574172273367805,0.5176914242041913,0.5266989736937409,1.8715582796947898,0.18530259539265526
1118,0.6083373930944337,0.4249993681677527,0.5159989200629871,0.5282463509721862,1.881895738309727,0.18469678004510517
1119,0.6078028602853484,0.4242638877665364,0.5175796977801707,0.5265210654399535,1.8790154118191733,0.18409354884080942
1120,0.6082584215444113,0.42352327447263416,0.5158909398052429,0.5313287294814499,1.8826792045545657,0.18349288878773734
1121,0.6086486765692845,0.42312228723289924,0.5142093743129228,0.5295968439458917,1.8801259463685347,0.18615367681453282
1122,0.6084603439409346,0.4234192160555798,0.5189377357902079,0.5312383949488177,1.8772179830910067,0.18565813534653752
1123,0.6067412784308948,0.422879183107516,0.5172496187668489,0.5295102635832901,1.872499223998143,0.19156023337617945
1124,0.6052482940398194,0.42153916585877,0.5155686750135592,0.5277894755196949,1.8703655988981676,0.19093770613596592
1125,0.6061735811810998,0.42181219312890067,0.5203879002786427,0.5260760116226879,1.8772794742259304,0.1903178574844876
1126,0.6069430375869647,0.4210835612759785,0.5219434164998986,0.5308563594791144,1.8842008467844868,0.18970060342712794
1127,0.6066873068550648,0.4199274513154658,0.5267323761635493,0.5356164408678138,1.8818443532874762,0.18908596624197269
1128,0.6065878714903082,0.41985435677620375,0.530941643083867,0.5344421630099129,1.8787128991517061,0.18875815331144605
1129,0.6067312747973611,0.4198520310850642,0.529224809028587,0.5327140097976247,1.875876754436878,0.1881477916454547
1130,0.6063884130459436,0.41912380397409654,0.5275152368941874,0.5406841640770257,1.8762853031458515,0.1875400117072158
1131,0.6045639531027207,0.41909119193858235,0.5258128904442315,0.542166423977793,1.8709800162190982,0.18693480061410284
1132,0.6051892580809671,0.417638638192832,0.5273416120031639,0.5404185453784769,1.8714026619417246,0.18633214555652186
1133,0.6053148344092095,0.41897560879770923,0.5259078867830236,0.5448546945236891,1.8685799056254175,0.18586580552265508
1134,0.6057509522882533,0.4189756049571775,0.5274332483095046,0.5463190958891138,1.8657864448025967,0.18526779399508744
1135,0.6050781054391317,0.4181358696572863,0.5257379611741652,0.544563105461852,1.86890507430213,0.1852552833767091
1136,0.606017422645468,0.4184202416022863,0.5272589935322148,0.5428163357743359,1.8693252853384354,0.18466578600220698
1137,0.6061017659021359,0.4184142594510316,0.5351910501423942,0.544282889164441,1.869851646676746,0.18407341524251097
1138,0.606232039934608,0.41841021493928787,0.5334759806498487,0.5457432770274614,1.8703157015693939,0.18348353486467747
1139,0.6059515411208427,0.4174018327150101,0.5381708959919023,0.5439961399534473,1.8645617700183192,0.1828961325095274
1140,0.6044897248764122,0.4179724901330608,0.5396479111074391,0.5422563390272945,1.877790635895371,0.18231121200964895
1141,0.6037583549953178,0.41686340661189913,0.5411187330974002,0.5437188271066764,1.8749861004082777,0.18172872884923733
1142,0.6045342148412686,0.4161438885987174,0.5457751906604167,0.5419833852293462,1.8817687474486406,0.18114868705072687
1143,0.6049922673841918,0.41715456341684254,0.5440421132127115,0.5466252448271746,1.882149198797389,0.18057844155929054
1144,0.6053440624047921,0.41462125079941414,0.5454945319562966,0.5448840121951481,1.8859411430797677,0.18000322283666656
1145,0.603119452871831,0.4139326276707208,0.5469408767901437,0.5431500612172604,1.886490311782057,0.18261264979924408
1146,0.6020225150384877,0.41324443917609627,0.5483811782600683,0.5414233553824492,1.8874458257886475,0.18203211349733883
1147,0.602277061559655,0.4122621586032286,0.5497237614498024,0.5397955636752368,1.8814517171825433,0.18145400211579882
1148,0.601787749646592,0.41222414564397136,0.547979649152344,0.5380829506380334,1.8785526684518419,0.18102794848922457
1149,0.6014625467498498,0.41231444555907326,0.5462428081215135,0.5363774775459138,1.8788778714666303,0.18368526926878836
1150,0.6014266108738056,0.4133174716796466,0.5476795409059652,0.534679138558073,1.888760345099106,0.18310433865502312
1151,0.6029776307673027,0.4126114935403313,0.5459471193891069,0.5361510428604896,1.892275422658727,0.18252514247838425
1152,0.6033211789019047,0.4121469356295847,0.5442219039513629,0.534456783429026,1.889117597222386,0.18194835549225183
1153,0.6031128365179473,0.41158349249027437,0.5425038591697215,0.5359264488137728,1.883817856961625,0.18137396585373844
1154,0.604028507278568,0.41363817083733345,0.5438783478525481,0.5343046123102397,1.8809627609300261,0.18087029879888253
1155,0.6046286051653693,0.41393441838639167,0.5484649055271165,0.5357728840651726,1.8813356700613428,0.18030257996686475
1156,0.6050805170249559,0.4104245396105042,0.5530335053581589,0.5340865783623773,1.8754147334010909,0.17973509087238146
1157,0.604591680646777,0.41042452260321083,0.5575831739134782,0.5324072603405768,1.8695181449120668,0.17916995332824506
1158,0.6053473867819184,0.41073018031297515,0.5558317283257144,0.5307348957667463,1.8699255731616857,0.17860962140980471
1159,0.6053396731230933,0.4106175996799331,0.5540875293412767,0.5290694505986727,1.8731395319237423,0.17804914473242578
1160,0.604389290689798,0.41162104973897296,0.5523505415067979,0.5274108909837742,1.873545722444813,0.1775127224937441
1161,0.6040043237715186,0.41440990140222667,0.5535135829571352,0.5259980583809947,1.8765957431481357,0.1805666377787104
1162,0.6047498634775775,0.4157245700297265,0.5548739335923853,0.5243889477557883,1.8738167011212208,0.18003824333053994
1163,0.6031713369428852,0.4152782823674317,0.556265162345027,0.522749985141055,1.871506282795125,0.17947553896519464
1164,0.6031678247307144,0.41543588718798424,0.55452830925773,0.5211177780803986,1.8843923766269655,0.17894157925571225
1165,0.6036208599064029,0.415435887164368,0.5527986097937686,0.5194922936346847,1.8909914869616624,0.17838341991821455
1166,0.6045379288492068,0.4133476014068079,0.551076029096695,0.5178734990475792,1.891331174522515,0.17782755774637635
1167,0.6039985222832651,0.4140828649690912,0.550063615248177,0.518671273401006,1.887853384107127,0.17797706512685235
1168,0.6034614548142365,0.41404046975619757,0.551462864745532,0.5170582664444803,1.8882039905543835,0.18053346024717823
1169,0.6037375540794632,0.41304750309465754,0.549749593905516,0.5154518829377736,1.8916563694841029,0.17997431829910726
1170,0.6037916464159218,0.413930455250645,0.5480687115170644,0.5169304014968867,1.8888636043106608,0.1794410961231138
1171,0.6040776403440908,0.41492202028694364,0.5525438992128237,0.5184548142662607,1.889181567567589,0.1820119173716757
1172,0.605100476211235,0.41382693285280203,0.5508324120133442,0.5168489169259963,1.8926223009982202,0.18144814123157513
1173,0.6054016976067891,0.4136022130049698,0.5491279314242852,0.5152495939247289,1.896045670911367,0.1808899421465017
1174,0.6063053397194386,0.41360220507751316,0.5474304234898153,0.5136568134015255,1.8963818387789455,0.18033076077092852
1175,0.6058187049228748,0.41456311743254237,0.5457564223310791,0.5182303553754545,1.8966912706753647,0.17979043795748234
1176,0.6063959016886101,0.4145631174099193,0.5471578106237143,0.516631561273316,1.9093504016989753,0.18232086906154427
1177,0.6069941514791332,0.4138838067879919,0.5516354987118977,0.5150392926808915,1.9065489859148366,0.1817589525715127
1178,0.606634839263657,0.4132883002349941,0.5499370466001969,0.5165324571696914,1.906867077306425,0.18119932782376452
1179,0.606672036088028,0.41423866780801577,0.5526504299156123,0.5166904845630307,1.9010018186739912,0.18064201999289062
1180,0.6077015723897263,0.41452984234658785,0.5540250400317053,0.5181755919456047,1.8982260258699775,0.18009415125542985
1181,0.6070752917738836,0.41382779537081577,0.5523327869492352,0.5196462095831724,1.896858296770856,0.18244691000434934
1182,0.6075047175370515,0.41480828142006965,0.556739835602917,0.521151722592574,1.8940755149947759,0.18191984858954532
1183,0.608229022596193,0.4177139998486542,0.555034216997567,0.5195551311194645,1.8912184452651204,0.18148051750030642
1184,0.6084941124727999,0.41771399983240687,0.5563960440255149,0.5179650218411885,1.8915513737725285,0.18092509260423856
1185,0.6092163060113762,0.417713709072941,0.5546948843780248,0.5163813635757694,1.8918843207474725,0.18037192104584657
1186,0.6084327305938086,0.41770751216802415,0.5530006210718844,0.5148041253121387,1.8923132394843318,0.1798209919929697
1187,0.6082370710858688,0.4170229247159828,0.5513132209775927,0.5223873351558337,1.8926458057496502,0.18232364765502773
1188,0.608040810980073,0.41756036733299284,0.5500298272905563,0.5234460672051252,1.8895278217800573,0.18216586033311005
1189,0.6083353100604387,0.4167418181283801,0.5483549020506278,0.5248972395089377,1.89596176540907,0.1816113450298812
1190,0.6094785553003604,0.4167418181283701,0.5466866898360375,0.5233003904918524,1.8962782928059894,0.18105884470034272
1191,0.6087047082286304,0.41702830705969124,0.54797079895932,0.5218035785972712,1.8934608285457208,0.1806022285055233
1192,0.6104576014443779,0.41891603805371036,0.552379148569994,0.5202195189016893,1.8968201210072042,0.18005420495373783
1193,0.6099609202847682,0.41967305111244263,0.5537368272307901,0.5216747409249097,1.896540585543387,0.18012276792856063
1194,0.6098173670996877,0.41986832342468705,0.5524103873063217,0.5227726786626863,1.893475585049936,0.1799303441441628
1195,0.6101054212579419,0.41823295344350775,0.5567836614863207,0.5211988619109453,1.8937894018482198,0.17939432469565084
1196,0.6105239850666329,0.4200727388937875,0.5551100687598887,0.5226366343936759,1.8940903469072377,0.178872091484974
1197,0.6086648642042395,0.4200727232865304,0.5534330859535058,0.5240787450696851,1.897431817523137,0.18135271192751348
1198,0.6081790846053754,0.4195044383856602,0.5517628403789229,0.5224970900748857,1.9036870522631575,0.18095352802315348
1199,0.6079983723300871,0.4187525169675221,0.5500992999312645,0.5209217845640498,1.9069942329932679,0.18041868434818276
1200,0.6087137887035763,0.4196660076731371,0.548442432680102,0.5193527983003531,1.9132981837502228,0.17987534106495717
1201,0.6084072776429783,0.41963742272545124,0.552810070233343,0.5177901012111665,1.9108014152542372,0.17933410845233133
1202,0.607974653278845,0.4234524349178066,0.5541542892897104,0.5192395876418184,1.913913718364186,0.17895678905937368
1203,0.6074939939670313,0.4243557478863162,0.5584960480498035,0.5236861924519518,1.9141581529783702,0.1784334717695807
1204,0.6077573701103794,0.4236918266585376,0.5568206054710638,0.5251150950140993,1.9114158021207355,0.1808981043260169
1205,0.6072674079599988,0.4240577059304414,0.5551720844358419,0.5295149813053546,1.9116616243629174,0.18037619418638892
1206,0.6068161821549054,0.4245294332674284,0.5535151071964578,0.5309184118575924,1.9149045134080875,0.17985373723774886
1207,0.6067659061827531,0.42542743185979565,0.5518595810696072,0.5293304709132013,1.9151551410445649,0.1793198600501139
1208,0.6068608951962606,0.42607023501448293,0.5503601293929802,0.5305873313660594,1.9153349243297477,0.18202272063317032
1209,0.6063874238613383,0.42649299823300435,0.5487173284802775,0.5290035513905768,1.912135501868117,0.18194688683703042
1210,0.6064725522086442,0.42584846879393823,0.5500630411292879,0.5333900227808405,1.9094245189911607,0.181404326170475
1211,0.6068693964639449,0.4258484687817521,0.5484244075586516,0.5318010580036819,1.9097013102938805,0.18682190870143886
1212,0.6068692443218733,0.4252226298720023,0.5467922884003144,0.5302184101797902,1.9159210697709204,0.18626704778628517
1213,0.6072904204094225,0.42522262812009815,0.5451666529013497,0.5316150897697787,1.9131991518522307,0.18571326835012192
1214,0.606300051739793,0.4245466142899568,0.5465175392016225,0.530036156416784,1.9104868876096741,0.18516168717958245
1215,0.606620672270533,0.4222503852413428,0.5478630670758784,0.5284634860613161,1.9139436369907976,0.1846122939110848
1216,0.6080661752139991,0.42160091118041293,0.5462391272433189,0.5298611837224823,1.9112381601141248,0.18406507823680598
1217,0.6078781284673426,0.4215966683397801,0.5446216193038481,0.5282921736887013,1.9055999583133971,0.18352002990434788
1218,0.6081292360743172,0.42213118737533645,0.5458469430420999,0.5268511554798473,1.9027992212801215,0.1830989227966862
1219,0.6090130480588208,0.4215336858793328,0.5442338258901449,0.537115197522776,1.906043128792052,0.18255781870765028
1220,0.6095856554609115,0.42136966708440593,0.5426270834575124,0.5355294714285552,1.9092717108306068,0.18201996161325287
1221,0.6091146982033804,0.42073099657989826,0.5439760366545875,0.533950007130423,1.9096221187733307,0.18148312088598414
1222,0.6079176464870057,0.4202158745330114,0.542373264046445,0.5323767752454135,1.908773443719597,0.18094839848022318
1223,0.6075989220462262,0.4195717162250177,0.54372026914002,0.5308097465479701,1.912006392592239,0.1804157844625583
1224,0.606854163437294,0.4213325681482452,0.5450584351257811,0.5292524238549078,1.9152449591231295,0.17989586865012402
1225,0.6073816692930337,0.4218016160194591,0.5434572840013362,0.5276977041056851,1.9176173566836743,0.1795270927579404
1226,0.6082395864720657,0.4226847408965746,0.541862432031275,0.5261491008432663,1.923728326457784,0.17900032071640531
1227,0.607480691679343,0.42268443315030285,0.5432055574763255,0.5246065854622067,1.921026576293189,0.17847554409419475
1228,0.6078948046549854,0.42203733835877516,0.5416146292736034,0.5259989069879478,1.915400334768613,0.18088160641837214
1229,0.6083073164526158,0.42074659365983463,0.5458816463504996,0.5244599129993915,1.9156478616291122,0.18035237394047146
1230,0.6079941260876487,0.42187314413143356,0.5471921250138512,0.5229438311790352,1.915860665544297,0.17985896942249083
1231,0.6079665685475616,0.42363659870504844,0.5485015050137163,0.5214296538846599,1.9160807108713585,0.17935942235279864
1232,0.6085258107710252,0.4219585436735733,0.5469223350903516,0.5257219143869288,1.9133993411482209,0.17884664483072518
1233,0.6086279568221705,0.4230463018218067,0.5453285103528052,0.5241898712823412,1.9107377421139575,0.1812398373287035
1234,0.6079666440940816,0.422324535101981,0.5437409186774523,0.522663819626957,1.9080863500991252,0.18071220150640036
1235,0.6092269551674787,0.42232453509875195,0.54215953106872,0.5240520791728407,1.9083536669883492,0.18018662760457949
1236,0.6091187790050825,0.42167647367398237,0.5463952001446222,0.525434917647249,1.9127279738780296,0.17966310603778188
1237,0.6099275048537366,0.42343275388742246,0.54771180474221,0.5268123602348925,1.9129761954513858,0.1791467160266687
1238,0.6100060516618844,0.423432147055366,0.546123640064354,0.531084067642094,1.9103318775713358,0.17862725582134892
1239,0.6102576467153085,0.4220220305482857,0.5445416632534873,0.5295456565241803,1.9076570346274249,0.17814767051262392
1240,0.6102568096329715,0.42020919101264015,0.5429668090985279,0.5309061136682091,1.9108152123507458,0.17763502982137802
1241,0.6101795311094664,0.4204203235549358,0.5442880691028854,0.5322622405374116,1.905291386883914,0.1771217813681646
1242,0.6104484303741616,0.421586789307653,0.5455787419505731,0.5307504857811174,1.9055140097104908,0.17666114434399455
1243,0.6096915971310987,0.4203586782991951,0.5440046526489942,0.5321043520051941,1.9029132113625813,0.1790366202712855
1244,0.610238544711789,0.4190184939092048,0.5424366735164787,0.5305706729893951,1.90029360255775,0.1785377386548392
1245,0.6100078870136572,0.4182062586762606,0.5437541855140288,0.5319223520566216,1.8977012889827019,0.1780236554688003
1246,0.6112479617869322,0.4190570846926726,0.545060761281042,0.5303980903748796,1.8951133077487525,0.17751739476769082
1247,0.6105547539069273,0.41854853481283555,0.5434944441441424,0.5317475647285973,1.8976511441532433,0.17700727083789458
1248,0.6106372910730384,0.4185485348106872,0.5448049728977991,0.5359626000318196,1.9094281055771458,0.17649912123256403
1249,0.6118658965811459,0.4179411288324529,0.5432425188438267,0.534425505146758,1.9096878583529122,0.17599293685244435
1250,0.6119146012375343,0.4187686107700256,0.541762972476397,0.5385475768684301,1.9094646461985385,0.17553518386258907
1251,0.6110030664317931,0.41816042687195265,0.5430745313263937,0.5398683387734236,1.9039996271132162,0.1778949541588404
1252,0.6115538855317522,0.4181604186557071,0.5415217055029875,0.5411840040909893,1.9071400065207729,0.18024561851722398
1253,0.6108026061507313,0.4198487831303268,0.5399748673229602,0.5396381305434638,1.9131305049820597,0.18259822706187387
1254,0.6104854865575012,0.41982944081936047,0.5412875999484629,0.5380982134180509,1.9078358082324742,0.18207716281343125
1255,0.6108252613647005,0.42082866478035574,0.5398808607510525,0.5392786428346369,1.9023970291194265,0.18155810479711784
1256,0.6109366249611794,0.42081910565808545,0.5383433291085296,0.5377428262540276,1.8970313609641278,0.18104104380945155
1257,0.6108811123740039,0.42045197419431785,0.5368117086030089,0.5362129142167572,1.8973244348574672,0.1805259706952391
1258,0.6110027914458167,0.42034770537982535,0.5402095320412639,0.5354497578288131,1.8919350959686758,0.18001483210916272
1259,0.6115366143939214,0.41972972656551655,0.5386756728595855,0.5367687916703906,1.9036619704320028,0.1795037019148739
1260,0.6116514600158925,0.4201996055744852,0.5371476976237445,0.5352462253798234,1.9039198475065358,0.17900994161637734
1261,0.6111791924149427,0.419824322795238,0.5356286180510396,0.5365601619206251,1.9041871425185375,0.17850887593895567
1262,0.6111057085791981,0.4193166887996351,0.5341123215364976,0.5378721011775986,1.905577207125141,0.17800354000790342
1263,0.6109961015354521,0.41851547966595776,0.5326018287129186,0.5391790189299148,1.9061301928938919,0.17750013827214095
1264,0.611751732438032,0.41791233828852453,0.5310971130968186,0.5404809380917741,1.9007461903820069,0.1769986619055212
1265,0.612297388955649,0.41754491645862335,0.5352429038741324,0.5389555188879999,1.9066712592584527,0.17650183028484706
1266,0.6117130841961131,0.4181820818842059,0.5337500408827167,0.5402391740856969,1.9069043361208875,0.1760458042831908
1267,0.6115285872503143,0.4178431919987454,0.5350028681816186,0.5387779373831524,1.9042946553823086,0.17561358564575436
1268,0.6105077806649147,0.41704661544509203,0.5363113414995602,0.5400757878886385,1.8999243878139251,0.17511941982114607
1269,0.6097626889555339,0.41634577859928756,0.5376148287149184,0.5385575668324798,1.9012260967492938,0.17462713707772937
1270,0.6096587427542588,0.4172536268964601,0.5361050362725172,0.537045126883334,1.8987061045240838,0.17695071720304842
1271,0.6094002370013019,0.4172476810701747,0.5346009886046599,0.5355384417825202,1.8962049977583573,0.1764542803193635
1272,0.6101873005041824,0.4180900624843373,0.5331034531245925,0.5368393971164399,1.8964943175713462,0.17596131797002026
1273,0.6095987336922817,0.41739570016774036,0.5316108146903238,0.5353362983980409,1.8991570502844286,0.17594222744959606
1274,0.609409840927772,0.4171880618000655,0.5301238432154279,0.5338389063525876,1.8992222625258357,0.1784846914904898
1275,0.6108500089745972,0.41902361377772185,0.5286425130275585,0.5323471951278239,1.8967095570511974,0.18078025967114522
1276,0.6117800903803936,0.4206914641115507,0.5271667985875188,0.5308611390055767,1.8969923109995561,0.18028119159998032
1277,0.6101804011651609,0.42033794511717715,0.5256966744884912,0.5293807124009795,1.9007303326994145,0.1797784366368782
1278,0.6095371701828717,0.42029665503111263,0.524232115455271,0.527905889861701,1.9095112946042065,0.18206352417225033
1279,0.6097308788519756,0.41943694413672505,0.52285479079216,0.5291381063867103,1.9041968292842557,0.18155681321219533
1280,0.6098973244301378,0.4193594395485866,0.5214010594465512,0.5276669050800435,1.8989952090341953,0.18105201754995126
1281,0.6102862908374265,0.418392427473798,0.5199529062336588,0.528978767408032,1.9020530917717002,0.1805493903536386
1282,0.6109436373494488,0.41922304963167584,0.5185101316461875,0.5275109477001733,1.9078744554637501,0.18004846075381392
1283,0.6111522512642257,0.41862100554655746,0.5226168873167398,0.526048663939736,1.9055187667432452,0.17954935842920838
1284,0.6103396287018001,0.41874646974998103,0.5220338648521594,0.526496918171867,1.900241864201003,0.1790521477835548
1285,0.6104301828377854,0.4181539817424011,0.5205896551182893,0.52504036137494,1.900617806419792,0.17855679897170598
1286,0.6099741502984916,0.4175543993455521,0.5191508802935288,0.5235892859520953,1.9035734896716752,0.17806331427675573
1287,0.6103606573641724,0.4157785124976188,0.5177175159505929,0.5221436672672098,1.9093620797924513,0.17757168532040107
1288,0.6097087529602035,0.41573935263647127,0.5162895377879709,0.5234616995666582,1.904216027098149,0.17708190376747845
1289,0.609804440004571,0.4167699228572206,0.5176223835447451,0.524774782704799,1.8989690437430409,0.17659397001798077
1290,0.6096796113786295,0.41622139724628326,0.5189502281870112,0.5260829388818876,1.902423075281125,0.17610785841382298
1291,0.6097975444407406,0.41562790234915936,0.5175231376343705,0.5301361466830403,1.902695185014462,0.17562356946405963
1292,0.6096460710243118,0.41669502758296584,0.5161013939734395,0.5286797524637938,1.9029160934714529,0.1751876400267924
1293,0.6086404047007359,0.41661097412665177,0.5146849732671025,0.5272288109295236,1.9059269986539258,0.17470684419146662
1294,0.6087072607155146,0.41613074669167216,0.5132738517010486,0.5257832976855192,1.9061508924704553,0.1742278471187313
1295,0.6088355894707093,0.4160348014484168,0.5125671336682904,0.5291220176635534,1.9009299920473794,0.17375071321053084
1296,0.6086151655169394,0.4158498761807398,0.5111646264446191,0.527674212286986,1.898465038974802,0.17601210084473543
1297,0.6074833301775368,0.41564526673830443,0.5097673547892874,0.5289653177373846,1.9014837274559675,0.1755309706827828
1298,0.6071836251191487,0.4157082745600248,0.5083752953403439,0.5275208329899764,1.9017032186720149,0.17783348390526263
1299,0.6070803807693562,0.4151058114535979,0.5124445140780977,0.5288097772355292,1.9057854716951868,0.17734834622777126
1300,0.6071948389822134,0.4153685188893359,0.5137732577859164,0.5300939203982302,1.903278851762019,0.17690476893411183
1301,0.6068756787051309,0.41503711673057514,0.5123744618099503,0.5286506898845741,1.9035282677905514,0.17916008129710617
1302,0.6070063286118171,0.41494398244341607,0.5109808684778412,0.5272128272833906,1.909253553932774,0.17867278867562422
1303,0.6065745923466681,0.41659043461712725,0.5095924546505145,0.525780308720563,1.9094636820164892,0.17822377345313584
1304,0.6066903447675618,0.41618584583905843,0.5082091973068922,0.529781987307962,1.913051332886619,0.17773999599295698
1305,0.6065295282509466,0.4155261002763533,0.5068310735432202,0.528345364062764,1.9160006702384749,0.17726734293732047
1306,0.6062399876079109,0.4155258836328313,0.5054580605724004,0.5269140685566316,1.916230313073588,0.17678712304974692
1307,0.6079603288336606,0.41658305800482137,0.5040901357233265,0.5254880771561007,1.9191632262308589,0.1763087834507792
1308,0.6077967314741555,0.41624464008234124,0.5027272764402242,0.5267709687129104,1.9194471799147945,0.17583211460687576
1309,0.6074783449546725,0.4148173132849805,0.5013694602819955,0.5253482129434823,1.9224876979564953,0.17564460411213695
1310,0.6077436691289665,0.41356465962699707,0.5054124525530642,0.5239313315952989,1.9253941220208044,0.1751716001505751
1311,0.6083943326361958,0.4135591096124841,0.5067456151230837,0.5252145764581192,1.9256212923660323,0.17469942445214381
1312,0.6089226031833597,0.41176023463020234,0.50538104568846,0.5238002736279319,1.9258197995740076,0.17423077268399745
1313,0.6090336247660708,0.41063011444433806,0.5040215109941374,0.52239118903529,1.9206556638917478,0.1737620713302301
1314,0.6087393941620226,0.41224843206358214,0.5026669888083652,0.5209872996381798,1.9262430193294582,0.173295876163347
1315,0.6078767500677205,0.41201555689371716,0.5013174570120149,0.5195885825113138,1.9210831207725816,0.17283341582764059
1316,0.6078309953150653,0.4105537993520877,0.4999728935979416,0.5181950148454701,1.9293420812707724,0.17236986626558018
1317,0.607421900002856,0.411961073109576,0.503037201735556,0.517761407105303,1.9263746049338646,0.1723854388655591
1318,0.6057768302102462,0.4117081366379347,0.5043674225903985,0.5190522156638484,1.9330809541675062,0.17192401457655604
1319,0.6066934924589258,0.4121881551193005,0.5030187311357105,0.5176642566949536,1.9412822473081799,0.1714642888969071
1320,0.607485403473874,0.412188155037006,0.5043463435490049,0.5162813927196622,1.9441104569638559,0.17100624725099872
1321,0.6086546839493966,0.41218815490720423,0.5056690860367905,0.5175722843445997,1.9389230600895144,0.17321856878761008
1322,0.6076956864242433,0.412989922003883,0.506986962173663,0.5161924463504988,1.9470839114041416,0.17275696841475377
1323,0.6069508931219995,0.4128100512293037,0.5109579205384143,0.5148231040552542,1.9446999347198488,0.17486603426246894
1324,0.6064015032302693,0.4135688100893962,0.512260534794934,0.5187732724113563,1.9475544965249536,0.17443234756637988
1325,0.6065212893991614,0.4135687355916423,0.5108989311352043,0.5200523872932138,1.9476963229114086,0.17396870122494015
1326,0.6062312163814367,0.41302791316745135,0.5095423039640041,0.518671454282683,1.9454098461132774,0.1735067494520215
1327,0.6072802225864828,0.41326662994983493,0.5081912306415889,0.519947684436931,1.9455536536805969,0.1730476832051191
1328,0.6069896141803024,0.4127013322313357,0.5094945570535284,0.518569788002027,1.9510580619986917,0.17258909517233473
1329,0.6064464320096775,0.4112850017237086,0.5081457116313373,0.5171969166436394,1.9538350505094222,0.172132179572903
1330,0.6066120416372092,0.4112037315528371,0.5068017817698022,0.5184738210159715,1.9539761004642544,0.17167692909855287
1331,0.6062861468479738,0.41064139122103543,0.5054627460026668,0.519746075375891,1.9514555726207299,0.17122333647768215
1332,0.6063826126919221,0.4116514485143832,0.5083789317341765,0.5194028396077327,1.9463049054482884,0.17077140345814532
1333,0.6058785313677824,0.41125438830973243,0.5175858133930876,0.5180332521341567,1.9412415842598758,0.1703211048513878
1334,0.6069865335954706,0.41306305408135413,0.5211850906758388,0.5169743612396283,1.9361279398542326,0.169872442501759
1335,0.6068187616244201,0.4128269879747947,0.5198518442366232,0.5182071879614192,1.9336270696036422,0.16946386946306186
1336,0.6069005889619865,0.41197171389437925,0.5211141304452538,0.5168448464034537,1.937482624286787,0.16901835717124788
1337,0.6081910143288052,0.41141103386315964,0.5197455159755247,0.515487444456229,1.9376495789011507,0.1685744602286016
1338,0.6071573783887815,0.4108690493800208,0.5210055591079634,0.5220060571651345,1.936850105951134,0.16813217161291674
1339,0.606557547478594,0.40999113102052565,0.5222610401576983,0.5232589158329712,1.9343945501992275,0.1676914843370526
1340,0.6065360232170834,0.4094326167936278,0.5235119789311661,0.5245072417122055,1.9371848159692888,0.16725239144873796
1341,0.6066358115673106,0.4110700311397583,0.5221942676260615,0.5256993424413716,1.9346815788454177,0.16686659805835047
1342,0.6070104687874612,0.4093964996284173,0.5208296565079866,0.524325571774142,1.9400791068013166,0.16643053809166233
1343,0.6067361771624343,0.40893986491440026,0.5194699717905952,0.5255673736616324,1.9430072153569224,0.16599605235083933
1344,0.6063323950845452,0.41004572979427406,0.519853982773459,0.5250659051116416,1.9422866469046631,0.16904035167051987
1345,0.606587159410646,0.41004461049744545,0.5211048977294931,0.5236979560109406,1.9372345577512287,0.17120538758526102
1346,0.6051929863977203,0.40997218771395755,0.522351362541652,0.5249376716291981,1.9402824279942428,0.1707597754036678
1347,0.6051755679113356,0.40997218271333946,0.5235933404648242,0.5287731161452506,1.9404393438075254,0.17031576728852751
1348,0.6052953497682645,0.4102155714482445,0.5222362797883175,0.529994150101582,1.9405937344719235,0.16987939978638653
1349,0.60618130487819,0.4104667939051504,0.5234813974288755,0.5338034872998128,1.9407425709866486,0.17203888222883754
1350,0.6065545375685291,0.4093569418120687,0.5273091281026662,0.5324196537479998,1.9408961909596212,0.1715928881821352
1351,0.6064162302765864,0.41039796262737727,0.5285315026600848,0.5310425929044861,1.9436336531905667,0.17115392329017315
1352,0.6066501661076658,0.4103979625572986,0.5271640738093764,0.5296686673033859,1.9489541309273535,0.17329833290887176
1353,0.6073912781501992,0.4098434900731703,0.5258015460113067,0.5282996660401694,1.9491230636614285,0.1754350566692423
1354,0.6069794976314086,0.4106387902374046,0.5270254677973571,0.5269360520189542,1.951889683474053,0.17498352735713518
1355,0.6069794071981345,0.4102570834662305,0.5256660198621017,0.5255768347292801,1.957172152105547,0.17453282711453647
1356,0.6068884363981997,0.40968800181971765,0.5243114338495461,0.524222478537426,1.9605775102574639,0.17665996914833518
1357,0.6062073380803072,0.4096618830749296,0.5229616888826539,0.5254472817240352,1.9582788617504039,0.17620519000598725
1358,0.6057982056469429,0.4091123678994381,0.5241885103091728,0.5240959647151022,1.9583872311487969,0.17832378111370834
1359,0.6056442165519025,0.409905461581872,0.5254109536077283,0.5253186457795455,1.9610625021607178,0.17786645117028957
1360,0.6061436039198647,0.40823660104223075,0.5266281945533675,0.5239712018499735,1.9612094369088566,0.17741163467612717
1361,0.6061936094342608,0.40868673349669205,0.5252778975099873,0.5226277174486599,1.9561808133887315,0.17695674409688789
1362,0.6063738494224037,0.4086640644146128,0.5264938885309624,0.5238504968520205,1.956305869025486,0.17650347299197378
1363,0.605714046126015,0.4094496442023465,0.5277045936594008,0.5225109644948943,1.9589755294948499,0.17605629308148707
1364,0.605820064571245,0.40932482278544224,0.5289119516152522,0.5237315992461735,1.961645537043385,0.17560622949146276
1365,0.605414846366516,0.4093247763498516,0.5275612126978353,0.5223940899476553,1.9591922019147265,0.1777115718753941
1366,0.6067865258951852,0.40877862260233594,0.5262152699225676,0.5210613298161589,1.9593043313769962,0.17725818447599834
1367,0.6067865097096903,0.41059252316724254,0.5274220505692163,0.5197340550988035,1.964502315933314,0.17680970875415555
1368,0.607538100045119,0.40895916985778896,0.5260791513180102,0.5184107306896985,1.9645927030010417,0.17635952350832507
1369,0.6078756947528728,0.4084167991466565,0.5298282339815579,0.5170920949673231,1.9646832540577013,0.17591093331928753
1370,0.6076483665259375,0.40802915077152563,0.528481903565335,0.5157781279667137,1.9647729963670282,0.1754639313951089
1371,0.607760787026883,0.40983763538257795,0.5271403365064643,0.5144688098207224,1.9621158045812277,0.17522666145441582
1372,0.6069343118317821,0.40947266559303,0.5258035125481392,0.5157001132945703,1.9647478711530975,0.1747822879490187
1373,0.6073367365876182,0.40893992207635677,0.5244714115326811,0.5143936088148601,1.9674172460560349,0.17433948439654215
1374,0.6079469776187529,0.40875774411042376,0.5256749390196216,0.5181535680895037,1.9624394137990422,0.17389824412914504
1375,0.6084437988984842,0.4118001243620015,0.5268708979780085,0.5168467933108949,1.9650528099656324,0.17346852833736714
1376,0.6089123824092453,0.41126009189130225,0.5280659600274159,0.5180671749337882,1.9600893620622355,0.1755562384152371
1377,0.6084992345397087,0.4112600887036914,0.5292568120591914,0.5167599131225784,1.9601921200532322,0.1751132495958254
1378,0.6079007009176165,0.4135657391964786,0.5304434719079997,0.5179780754308647,1.96278272609453,0.174702626669572
1379,0.6082577859803706,0.4140195248620796,0.5316229465024718,0.5166766607290708,1.9628704394337062,0.1742687051078497
1380,0.6086134344482887,0.41478622028091316,0.5302904295961838,0.5204034517129499,1.9629676245461374,0.1738353516501273
1381,0.6087178717107912,0.4142410399565336,0.5289576660381682,0.521608807809065,1.9605788679870242,0.17591172730898916
1382,0.6085709376419335,0.41423156893386787,0.5301403398117759,0.5202991738067664,1.9556615743435646,0.17547005535859664
1383,0.6074053166789202,0.4136916110319565,0.5288106155781395,0.5240106326401377,1.9533101314424226,0.17502993268283368
1384,0.6064958670134967,0.41445927479811184,0.5274982598669096,0.5276963743933917,1.9534917392979028,0.17460473653973987
1385,0.6063573769704493,0.4160136025554628,0.5286810441768927,0.5288786627755642,1.9510142312856513,0.17425835065025783
1386,0.6060997928789241,0.4157245338523962,0.5273589524513225,0.5275560768580478,1.953635358516198,0.17382542423388397
1387,0.6062123164048073,0.4151822338349253,0.5260414850544906,0.5287363535228843,1.9537535074548773,0.17339116721007863
1388,0.6055738040948586,0.4159443472771814,0.5296998442828266,0.5274370226142844,1.9538487195483767,0.17297878649042164
1389,0.6047653475955703,0.4153237760191148,0.5308724177551402,0.526121992931684,1.9521156333738885,0.175037573195268
1390,0.6040783340295515,0.4151517746949924,0.5345268297369503,0.5248163749941495,1.949874642476423,0.17700327630817583
1391,0.6041926847350184,0.4151490983521072,0.5331967861163092,0.5235104935439845,1.9500978784054463,0.17656284550959062
1392,0.6044242396002745,0.4151490297831497,0.5343571545840999,0.5222091634519912,1.9551971966221224,0.17612394973419906
1393,0.6042428770567949,0.41514460737308667,0.5379967737140654,0.5209123656222281,1.9503624480122936,0.17568658254156913
1394,0.6047175906860638,0.4151445318622168,0.536662105973583,0.5196200810510498,1.950486421188323,0.18269314573391937
1395,0.6046898175811756,0.4137794510469223,0.5402427141597694,0.5208566477391711,1.9480847752815422,0.1822864512935604
1396,0.6037976142486814,0.41235022565740775,0.5389051524682099,0.5195670831035913,1.9482133097605312,0.18183513678667285
1397,0.6041582911954739,0.41388094902212935,0.5375722359663233,0.5182819969697253,1.9557612750259348,0.18385902796891554
1398,0.60444261109515,0.4151004316768519,0.5370520537267532,0.5186641686213034,1.9542077889949543,0.18753843403165504
1399,0.6050433448037683,0.4151004283959572,0.5431316851783744,0.5198523157210706,1.9493926533205337,0.18707550725171565
1400,0.6041668526507951,0.41509797931311043,0.5442583085719358,0.5185703756935223,1.9470750290645895,0.18661418473055455
1401,0.6043950510623856,0.4150967772061091,0.5429175255606238,0.5172928750307875,1.9447475196510648,0.18615445977162265
1402,0.6029049906779156,0.4150967632865992,0.5415813823863027,0.5184808378425565,1.9473449900950281,0.18815736833938165
1403,0.6030103787002105,0.415093530280861,0.5402498597059545,0.5196646925803429,1.947512612170155,0.18769476786682734
1404,0.6034842963075145,0.4166251132892777,0.5389229382695061,0.5183883308970182,1.947634125808477,0.18724116800549787
1405,0.6029809067057789,0.4173877003623608,0.5400547511812217,0.5220232361401915,1.9502194933428305,0.18678318525631551
1406,0.6028932484787609,0.4173861218496474,0.5387309591891228,0.525646079565282,1.9454481919164415,0.18632533892803083
1407,0.6031243904068161,0.41891256364035523,0.5398670501162879,0.529249880452417,1.9455758670808567,0.18588217229380993
1408,0.6040707381011323,0.41891256364034574,0.5385463622393322,0.5279551655761466,1.9457090242584154,0.18542744490965535
1409,0.6042961613298943,0.41967515286347484,0.537230221986856,0.5266649088895576,1.945837285697897,0.18497870241998557
1410,0.6046070923645595,0.420627151029376,0.5361904066609937,0.5275487285451231,1.9435280953284144,0.18696852389384971
1411,0.6035286565819867,0.4195953130988543,0.5348826422167622,0.526262041090032,1.94366582988709,0.18651250904408492
1412,0.6031400712142772,0.41912664409122075,0.533579371323104,0.5249797747638201,1.9486014998131416,0.1861814027237668
1413,0.6028878527866774,0.41838374055756944,0.5322805753660282,0.5285701502695135,1.946467298827926,0.18572821493927524
1414,0.6022929289368519,0.4183401853708981,0.5309862358204603,0.527284833314954,1.9420151436722517,0.1852765821267152
1415,0.6035970481890396,0.4190995569604591,0.529696334249765,0.5260039233990015,1.9445851696430028,0.1848265880851853
1416,0.6037110101381301,0.41767688260351904,0.528410852305273,0.5247274023008914,1.947165578674597,0.1843783945458429
1417,0.6030028995209269,0.4184080541268769,0.5271759768564143,0.5258334492336333,1.947201260315346,0.18403207367179705
1418,0.6029850321812492,0.41840805309258094,0.5258991675599625,0.5245598915112759,1.9449071723840172,0.18358635180125468
1419,0.601548878963655,0.41786348612019236,0.527046282267537,0.5257102466756222,1.9402126008535203,0.18314215387994476
1420,0.6009631915629406,0.4184906156598057,0.5257824607358728,0.5268465482820026,1.9405983692894129,0.1828053717069996
1421,0.6010852646798288,0.4180861862264469,0.5245128410845608,0.5255743591527027,1.9359587199110104,0.18236394714529058
1422,0.6009652523020409,0.4180849055251957,0.5232475531353966,0.5243065104921235,1.9312900133039856,0.18192402864070673
1423,0.6013180434650421,0.418084902587852,0.5292162779028656,0.5230429844344905,1.936275410581255,0.1814856099941762
1424,0.6011904129511794,0.41776983862852946,0.5303496854389377,0.5241912541185321,1.934006187656463,0.1810648536872463
1425,0.6015368095614675,0.41722599442359026,0.5338843188250252,0.522930529788979,1.9341653700347394,0.18062937739023266
1426,0.6018846883132339,0.41722599307899233,0.5350042459992678,0.5240767754212736,1.936728693956145,0.18019538266236618
1427,0.60161057594791,0.4163608162418031,0.5337200863983496,0.522818844801455,1.9369645029646019,0.179762863420851
1428,0.6017251042941736,0.41657868311914664,0.5324406019359897,0.5239627556807127,1.9395126011749373,0.17933275097481313
1429,0.6013059025123867,0.4173077595122045,0.5311651492547411,0.522707611540357,1.9372998666214751,0.1790492630873748
1430,0.6010689232908438,0.4180670863134106,0.5298940236607251,0.5214567255886937,1.9374361822598805,0.17863499849158962
1431,0.6011193502796407,0.41848992494742937,0.5286272074335151,0.5202100803874514,1.9328043594095008,0.1782079366275593
1432,0.6003801618754384,0.41728715217629986,0.5297529907634281,0.5189676585807871,1.9377414589378261,0.17778232121768137
1433,0.5996767534562167,0.4167458197879504,0.5308749628429501,0.5177294428948482,1.9355042908468978,0.1773581466950987
1434,0.6001447076323222,0.41566584815951857,0.5296096032656054,0.5164954161373382,1.9332745462446321,0.1769354071702604
1435,0.5998895018348007,0.4151651863775006,0.5283485214309328,0.5176467148372303,1.942228768972178,0.17889521306683695
1436,0.5993178819310582,0.4159429585809047,0.5270916998760364,0.5164153504581521,1.9447214181406443,0.17849323158229552
1437,0.6000167449253302,0.41616086570949146,0.5282143944552029,0.5151892658945969,1.9448529199687357,0.17807257080626748
1438,0.6002506782348008,0.41563378601945977,0.5269604024516896,0.5139661958182995,1.9474097809169402,0.17764982280435734
1439,0.6011793512176852,0.4156337859912559,0.525710637841082,0.5151188969419499,1.9427912648561636,0.1772284999486197
1440,0.6011724643323135,0.41770094452874607,0.5247345668402861,0.5183675090279253,1.942657325326453,0.17707808035401734
1441,0.6017490447943342,0.4175225274464185,0.5258594771059539,0.5218743990366533,1.938060727692518,0.17665895256454048
1442,0.6016261514841579,0.41752252741313545,0.5246160593570213,0.5206404041792306,1.9358426433196738,0.1762412347393612
1443,0.6024290080954523,0.4175225183803743,0.5233768215813779,0.5217727380235021,1.9359949308765358,0.17582492114807935
1444,0.602184728907839,0.4175909773314225,0.5233524922902868,0.5216905225076902,1.9337861518752526,0.17777537844927002
1445,0.602233027667631,0.41800869054689743,0.5221187093231551,0.5204606575691145,1.9292273275319824,0.17735628030976947
1446,0.6014935670634782,0.4177724089088327,0.5208890652101017,0.5192349183411804,1.9246941955102534,0.17694104630372967
1447,0.6017189372877648,0.4185178105469126,0.5196635431724146,0.5180132880984586,1.9248674235777314,0.17652869600395335
1448,0.6009048592608667,0.41851760615432815,0.5207925254911921,0.5191461491750807,1.9250491258722267,0.17611378313670692
1449,0.6012460588252234,0.4192631616115582,0.5195745272658799,0.5226184191621069,1.9252283337216456,0.1757052365871693
1450,0.602154666078264,0.41926316161154914,0.5183557598004104,0.5213925116306471,1.9254037432071438,0.17529308430751087
1451,0.6022146409752965,0.41963481089248594,0.5180428412986426,0.5239556440391562,1.9208978473745133,0.17492352444503953
1452,0.6027775038305864,0.418564279774919,0.5168300946337999,0.5250700715709825,1.9281104133340166,0.17451402564694501
1453,0.6025428032471816,0.41971758442291185,0.5156213963313548,0.5238421026296184,1.9236012804640958,0.17410598711957856
1454,0.6015903017752988,0.4191533873578368,0.5144167300518181,0.5249545688049526,1.9286255897604385,0.1736992165448105
1455,0.6009790177046307,0.41856705253772525,0.5132160795319087,0.5237293229310461,1.9264581742546583,0.17329380194130145
1456,0.6006560312780294,0.4176303680800999,0.5143510993861402,0.5225081585606242,1.9266296495824733,0.17288973784314987
1457,0.6007595654038502,0.4186057824004542,0.5153879600210477,0.5213854401708774,1.9243782857742546,0.17258140357059634
1458,0.601889973393783,0.4195627542933533,0.5141997241037373,0.5224881039402249,1.922216168187818,0.17219088266517274
1459,0.6026788210926727,0.41903257663369564,0.5130043710642458,0.5212734830179138,1.9223976879873566,0.17411527915573857
1460,0.6031214557307988,0.419032576633147,0.5118129888236853,0.5200628968997989,1.9225779087176365,0.17371092031769195
1461,0.6037922020868821,0.4190319120806142,0.512945602971512,0.518856329372799,1.922791878344264,0.17330790376567481
1462,0.603902034390839,0.41894778076643935,0.5117567373223963,0.5176537642991457,1.9276262109769051,0.17290622410936493
1463,0.6033057076372658,0.4189037023151496,0.5128872187507155,0.5187705917152355,1.9301565810209889,0.17250587598346462
1464,0.6022887326028378,0.418564233831314,0.5117537997032982,0.522143875189724,1.9325782909162195,0.17448736892744596
1465,0.602395616077507,0.41932087362557796,0.5128329919225629,0.520986352904159,1.9303742706692124,0.1741332045378026
1466,0.6034011248187042,0.4207903604567106,0.5116491321970479,0.5197836713870553,1.9328433540818035,0.17373156982082244
1467,0.6029144948086117,0.4208774470587636,0.5104691859129904,0.518584965529912,1.9288864476593663,0.1736130271640401
1468,0.6020393176883155,0.4205579410974734,0.5092931374140831,0.5196940773906551,1.9372718827443223,0.17321304740890198
1469,0.6020308333294583,0.4203792780088148,0.5104225263731812,0.5207995280116752,1.9374311147966705,0.17281438800910381
1470,0.6012597984413637,0.420335932623829,0.5115481897547826,0.5242005868737788,1.932996373028131,0.1724170436890014
1471,0.6011430053555809,0.4205373605180524,0.5126701273938246,0.5229965358410894,1.937744131050747,0.17202106962821068
1472,0.6005879345432016,0.42075029822170673,0.5182362467344923,0.5242325564143491,1.9355223786688487,0.17169719399513717
1473,0.6002493428629021,0.4209676846600189,0.5170839271669472,0.5252875218810358,1.933351304854558,0.17133930494104246
1474,0.599959527260284,0.42174785668323234,0.5181898417729044,0.5263746496299674,1.9307518368806689,0.17140925820378408
1475,0.6007388528158949,0.4212173960889485,0.5170043336492186,0.5251704164070552,1.9309109575350132,0.17330489755526035
1476,0.6016222318956437,0.42194621117394926,0.5158227199206596,0.5239701390912356,1.9310680548301655,0.17290961485800405
1477,0.602065031390656,0.4257454295801266,0.5146576435650984,0.5273275760121703,1.9334896699346908,0.17253381251905384
1478,0.601528347814344,0.42519685289895853,0.513483743347998,0.5261247765129233,1.9313758139765906,0.17214027424656209
1479,0.6011909163532809,0.42591568730565105,0.5123227986029747,0.5294741215292063,1.9315276854593806,0.17175713584308785
1480,0.6007107125731751,0.42596656127850824,0.5136168942997635,0.5326376340572894,1.929223218784473,0.17155011046467097
1481,0.6011344389949937,0.4268959250132079,0.5146561263677799,0.5314932144902584,1.9270474046756307,0.1712268908710048
1482,0.6010219641574722,0.42861397886073627,0.5149476455156683,0.5356405093058366,1.9244544438563917,0.17132482618146086
1483,0.601102602066699,0.4286075671705228,0.51604849996073,0.5344248421099701,1.9223623895538249,0.1709359945538899
1484,0.6008792834131944,0.4286073796200005,0.5148784685827358,0.5332131462432137,1.9225401525126264,0.1705484331574864
1485,0.6004641699602645,0.42928723691530246,0.5159772802065214,0.5342704293929429,1.9203130444415943,0.1703060020041688
1486,0.60068274156515,0.4299910757898321,0.5148097477059563,0.5330615038949879,1.9204895653868415,0.16992443207508173
1487,0.600243672976954,0.43069023622406133,0.5158932379179131,0.5318698008199402,1.9206429677705266,0.1695675698808566
1488,0.6001329000348664,0.43016016930532974,0.5237611820122328,0.5329269504676193,1.9230806055544318,0.1691846458629844
1489,0.6000951253256512,0.4298671581602279,0.5225795865227584,0.5317246771749086,1.9187634351476728,0.16880565623759572
1490,0.600311638497966,0.42986549857182255,0.521401835031305,0.530526315149801,1.9234610167458877,0.16842521444743225
1491,0.5996895058913944,0.43118409692712784,0.5202279123794724,0.5293318489686256,1.9234439063919357,0.1682443013746375
1492,0.5996305888436059,0.4319129060497376,0.519057803478067,0.5281412632781296,1.9235427563695269,0.16793931570133203
1493,0.5997731120198745,0.43183655786194325,0.5246324198288367,0.5269545427951156,1.9237364224458924,0.16756196017222771
1494,0.5997737338939492,0.4313086372307221,0.5234547618780885,0.528016401961052,1.9216628880851716,0.1694305585261539
1495,0.5996659455352271,0.43182982637197165,0.5244343619825353,0.5269213784898573,1.9195081949177406,0.16913968039772492
1496,0.5994416392934995,0.43129843407372276,0.523259500691979,0.5279811903559236,1.9197171625668425,0.16876076612817717
1497,0.5994427267624625,0.4312984295319089,0.52432644857877,0.5312755766322018,1.919898270673623,0.16838307859574592
1498,0.5995517012533489,0.43146561977454384,0.5231541759320452,0.5300877673426895,1.9200719104982351,0.16802396383394097
1499,0.5998804970025998,0.43093838014809516,0.5242192273019708,0.5289037982812163,1.9202504514501648,0.16764867659469238
1500,0.600535975887315,0.43041180076573626,0.5275121393035317,0.5277236543890802,1.9226600981371402,0.16727460183411988
1501,0.5999044907949762,0.4302835296813506,0.5285653484878212,0.5287763920911387,1.925900970768448,0.16690173480068884
1502,0.5992532759867321,0.430980310854886,0.5318356758116871,0.5298320606032214,1.9260533307104055,0.16654272537967627
1503,0.5992573100967199,0.43167752017372624,0.5306525447391575,0.5286533868086036,1.92621529042307,0.16617490289049894
1504,0.5982877133714523,0.43201088557598066,0.5316956191364846,0.5274785112516913,1.9352711421667816,0.1658056026220213
1505,0.5983963658527556,0.43200452277820556,0.5305151629114546,0.5263074177354652,1.930999453712293,0.1654374855100581
1506,0.5980776339801417,0.4314774651796651,0.5315564586251749,0.5251400921588061,1.9333722336458952,0.16507055279798463
1507,0.5969331660531056,0.43111897452405495,0.5303786692963537,0.5239765198107614,1.9300097555113818,0.16913627392127575
1508,0.5970559670802673,0.4325322141426344,0.5292536217829226,0.5249812508955314,1.9279022005333797,0.16881084454196096
1509,0.596928639271084,0.4324641517183795,0.5302945879491431,0.5238203546138602,1.925872725723715,0.1684375514359686
1510,0.5968131045727284,0.4341688139664107,0.5292169898233511,0.5247784074319637,1.9258489140225972,0.1682548616092341
1511,0.5966619127704509,0.4327857988204968,0.5302559569805549,0.5236202782761835,1.926673043842218,0.16788354133753128
1512,0.5967833302712494,0.4327857988203996,0.5312915950935709,0.522465859981818,1.9290393927638418,0.16751341084510468
1513,0.5972227301019407,0.4334752364051983,0.5301214347001214,0.5213151381147187,1.9336006146966762,0.1671444994021045
1514,0.596376913890072,0.43330018891079214,0.5289550185638956,0.520168098305812,1.9315592570032123,0.16897701560961378
1515,0.5958116451413755,0.43279782575512254,0.5277923331067199,0.5234208889799334,1.9306216603462505,0.17080367311506095
1516,0.5956068297071833,0.43296175964813427,0.5288292467757313,0.5244674018369424,1.9307662592547306,0.17044807106849186
1517,0.5961476289836686,0.43243629540191747,0.5276691593041152,0.5233168829012903,1.9265383673343879,0.17007416082617208
1518,0.5967916400213402,0.43518450574831613,0.5305456007346407,0.5225202031719479,1.9243327769433296,0.16987652771308
1519,0.5964814137792642,0.4349277497778914,0.529384073493461,0.5213762459904905,1.9223638033696266,0.16950461582783855
1520,0.5961918711726797,0.4345926545905048,0.5282262475970988,0.520235934164764,1.920520177300855,0.16913388908409036
1521,0.5952949544030668,0.43408551852180033,0.5292570415635892,0.5190992535856576,1.925560426196849,0.16876434289482284
1522,0.5949350486520512,0.43403793938099855,0.5324659607896198,0.5201502827108087,1.9278813452104675,0.16843495269016573
1523,0.5947614769082107,0.43286665001874675,0.5313048829031373,0.5190160599897776,1.9325114543193158,0.16806766893255373
1524,0.5948757862765098,0.4328309676533222,0.530147494792177,0.51788544170156,1.934835290534716,0.16770312026418582
1525,0.594186555218792,0.43253858917541155,0.5289937822110656,0.5189346244986304,1.9371533132328096,0.16733816296147092
1526,0.5951614345289629,0.43253858917339316,0.5300177664237434,0.5178064422309038,1.9329418732912078,0.1669743638637532
1527,0.5948959407531705,0.432398712829076,0.5310385032111209,0.5166818378382988,1.9309307885147926,0.16661171850491105
1528,0.595662781798756,0.432398712829076,0.5320560050877534,0.5177304892529191,1.9375897225769552,0.16625022243879792
1529,0.5956042664728237,0.43229370907992365,0.5309027613993831,0.5166082964512245,1.9353928668560785,0.16613163002289696
1530,0.5956367732600543,0.4317731705388053,0.5319185242353479,0.5176550119022542,1.9312118390091744,0.16793725531645964
1531,0.5956482193836486,0.4319366264910816,0.5307678821269387,0.5165352245153041,1.9335232795309287,0.1675745485878153
1532,0.5957381451913929,0.43278240682225483,0.5296208766579551,0.5154189762504928,1.9315060433238544,0.16937358895880972
