0,0.5,0.5,0.5,0.5,0.5,0.5
1,0.5168918837367046,0.4999999999999954,0.5149850074975006,0.4950049975008331,0.495004997500897,0.5149850074975006
2,0.5346852409647539,0.4949957778825978,0.5298054868031851,0.4900648377322716,0.4901361134110755,0.5098454468298385
3,0.5555149738182513,0.4949957778821972,0.554433437147435,0.48517886926919956,0.4952194792868614,0.5047622648048257
4,0.5507485647874959,0.489315145784592,0.5525975021038442,0.4866202625761173,0.4902870537083765,0.4997415896147805
5,0.5578360645850439,0.48894005310288846,0.5669993375820574,0.48177833023720473,0.4854087697306779,0.49476909843439754
6,0.5782746667624875,0.488905964822017,0.5812436215915037,0.4769893670877278,0.4905260221077674,0.4898510047153719
7,0.6075028551990472,0.4889058210362244,0.6052624636441067,0.4722527460823542,0.4856555454537991,0.48498666450459427
8,0.608355893230848,0.48483691274000595,0.6266479593301577,0.469938913073705,0.4808376874469147,0.4801754685089799
9,0.6195305592434623,0.48483691274000557,0.6402584325958972,0.4652816286895782,0.47607239532525314,0.47541673572709403
10,0.6223163862879083,0.4846962993240236,0.643820053384313,0.4606751086998667,0.4812595469193351,0.4905108698035858
11,0.6322745126598405,0.4846952854906501,0.6473428877572521,0.4561187541855111,0.4765050381717658,0.49555002441503665
12,0.6367581769403811,0.48214803198828926,0.6705888271839571,0.4614926909269652,0.4816782957016713,0.4906536348007113
13,0.6434440427503355,0.47960513944217414,0.7133237580106201,0.45693736979054694,0.47692372573818853,0.4858104706136931
14,0.63895289770683,0.47826379852745915,0.7062896899502338,0.4622924970508516,0.4722284062268306,0.4810199054931996
15,0.6441200672168433,0.474944311981809,0.7091830652823792,0.45773839846651454,0.4873886683551425,0.47628132097231873
16,0.6492236326016506,0.4699030375545143,0.7022038009877298,0.45323366983282204,0.4924334165155918,0.47159410637231
17,0.6615226911044023,0.4674003120317918,0.6953001286650526,0.4586091684775707,0.48759208848008767,0.46695765869840017
18,0.6692602062241761,0.4674002995875826,0.7375792133612826,0.4541048879339616,0.4828031980468545,0.46237138253705184
19,0.6743789232530031,0.46671791738827856,0.7303422383395889,0.44964930449061774,0.48787863284106014,0.4578346899546816
20,0.6796414226847076,0.46418275942491233,0.7427874068749205,0.44524184797346766,0.48309649153179607,0.4533470003978077
21,0.697643773117024,0.46165285708293413,0.7746826503031459,0.4408819553599119,0.4783759847624966,0.44890774059460553
22,0.7056208292515168,0.4591283077244848,0.7866691976249436,0.43656907068350076,0.4736963184047274,0.44451634445784977
23,0.707517351912495,0.4624113744965253,0.7887539995228875,0.442075269777686,0.469067062762866,0.4401760782001732
24,0.7157594506668244,0.4620909699356665,0.8005792211355598,0.43775935209247274,0.4742506424220835,0.4358787020509321
25,0.7194095322155615,0.46001776923703364,0.8122593782157944,0.44326085352392486,0.46965104647411554,0.4413627650314806
26,0.7247806669910286,0.4630283788130921,0.8043452500752001,0.43894200748954204,0.4748184224295362,0.44680576363732155
27,0.726320811916987,0.4630283757009095,0.7965160651629261,0.44440312853111336,0.4799303401186258,0.442456729509179
28,0.7307999155731466,0.45959083390084493,0.8179424866096161,0.44008180420757603,0.47526355346187443,0.4381543317433025
29,0.7329701989757347,0.4628935868205607,0.8291107152597742,0.44583541440342866,0.47064676505654884,0.43389802842628045
30,0.7358953697342511,0.4628194886481622,0.8210646473553636,0.45121327987285814,0.46607959878205685,0.42968728438926257
31,0.7364985157725756,0.4608501011051943,0.8320192706936814,0.4473137442699452,0.471500517583211,0.4446764512809714
32,0.7449142468382451,0.46085008511983694,0.8336461751136378,0.4429814812141459,0.4766191299118242,0.45005479640215096
33,0.7468392890410032,0.46439715102567797,0.8255803269188743,0.4386954645715604,0.4720086410796519,0.445700402232966
34,0.7534658683000772,0.464397151025532,0.8465976478701085,0.43445515921887456,0.4771120551035686,0.44139238914892737
35,0.7547609250418303,0.45654371814412537,0.8673910176160926,0.4302600366702467,0.48216124594450277,0.4371302803323567
36,0.7575140907161935,0.45649796941718235,0.9169022319671019,0.42610957498977026,0.47751023919440416,0.4522063513829175
37,0.7604276918210576,0.45565562585715014,0.9177030253266426,0.4316400200586471,0.4825612543022223,0.4671220693990887
38,0.7630178261267064,0.4506818842607983,0.9281224383606971,0.4274845657274772,0.48754273171678114,0.4626250247872249
39,0.7629978652429203,0.4316021163575053,0.9191962142280165,0.4233732298851019,0.49246657732124394,0.4581922914064745
40,0.7632530330734136,0.43160203790828333,0.9103646740766257,0.41930550460416777,0.48773538395258087,0.45379002825963105
41,0.764605023738361,0.431199849530359,0.9112250200455612,0.41528088822750314,0.49265337400488934,0.4590327106790779
42,0.7691984761267603,0.43436167652780916,0.9216634825834193,0.4113003570091557,0.4879294699393886,0.45463118473349906
43,0.770202613604622,0.432732081188496,0.9511512187083455,0.4073604640419786,0.48326337488028737,0.4502762208321402
44,0.7736514764216903,0.43273208118839906,0.9707577582035543,0.4034622119601483,0.4786387668898988,0.45553682429205744
45,0.7773085530944617,0.4334890306933303,0.9805963425805874,0.39960606891016465,0.47406346509960995,0.4607414057730834
46,0.7782673244573339,0.4333152457144574,0.9903320752730497,0.3957896632686118,0.4695359613917305,0.4563411320107631
47,0.7804371316055145,0.43411358081684354,0.9903957279400627,0.3920420717548158,0.46505633141932745,0.4519872388512318
48,0.7815214255804298,0.42682314821350437,1.0000186073728439,0.388305386309362,0.46062372299923265,0.447679195764462
49,0.7830696327982969,0.421448590340641,1.000018430196951,0.3846080156953214,0.46576636819628026,0.4529382902377918
50,0.7885055671792345,0.419092064751205,1.0095305491285018,0.3809495110810392,0.46133586145551086,0.4486298079462195
51,0.7895290329166266,0.41441785222426686,1.0189427690582733,0.3868322158370628,0.47595745861383926,0.44436657457165596
52,0.7955696727132686,0.41441785107952833,1.0092696512149948,0.3926531946143025,0.4714390618015812,0.4496413630730752
53,0.7989091105297667,0.41441785107935275,1.037633140070114,0.38892935019820724,0.46696802827368317,0.4453770542578372
54,0.799556826459843,0.41441785096115413,1.046750912683423,0.3852445086628206,0.46254408268122676,0.4411574090508065
55,0.8028633245640511,0.41441785096115413,1.0368435707588068,0.39106307808455554,0.4581661717798294,0.43698191969504424
56,0.8023139857845698,0.41780542805113174,1.083772070795908,0.3968209013709873,0.46328942267738965,0.44230620430789047
57,0.8056378050324662,0.4178054280509092,1.101872646170715,0.3930725546706302,0.4589138570778322,0.43812820613355796
58,0.8060254347932635,0.4177694632216836,1.1197843239414287,0.3987998251954401,0.4640204082361816,0.4434303090270207
59,0.8067804068753601,0.4187550490979502,1.1280724561604625,0.4044771004818596,0.45965577698001725,0.44866740863654725
60,0.8092233789008744,0.4221797617321437,1.136277198754932,0.4006746403750147,0.45532690190020764,0.44444201811043643
61,0.810030585328239,0.42217883294712233,1.1255868388007697,0.3969050002424776,0.45104615698060013,0.4402606043167239
62,0.812036851403043,0.4196690000806864,1.1432041273306413,0.3931745580683804,0.44680846099897165,0.436122670239468
63,0.8124250419447271,0.42062825959611255,1.16996740429564,0.3895432926532419,0.4426300652103029,0.4414020621843492
64,0.8130861306223548,0.41566242380892293,1.1871332015363891,0.38588935709281785,0.43847817505458986,0.44664173876833557
65,0.8158156233763488,0.41322142009858653,1.1853796371916152,0.39164398811663886,0.4344412470660227,0.4424564043564744
66,0.8173797131688092,0.4107705020608596,1.202366858477585,0.3879776878657364,0.4303761941354213,0.46639835932300716
67,0.8203047897571736,0.4035283283201422,1.2191782373547424,0.3843493391465586,0.42635150785418224,0.4620366242475049
68,0.8216776126930233,0.3988828640616215,1.2077879369806817,0.38075851519045706,0.4410610317106933,0.45771999869371
69,0.821464731068568,0.39888286404483114,1.224515130328421,0.3772047943815149,0.4556110301312584,0.46278124262663006
70,0.8227840459814275,0.39330919401611747,1.2317457033275445,0.3736877601903127,0.47001081744175355,0.4677902371197549
71,0.8213196728926236,0.3933086993188399,1.2202724614931295,0.3702070011085948,0.4656347596740637,0.4634329493258911
72,0.8220269456198004,0.3926008049204135,1.2275280671420843,0.36676211058482316,0.46130389557427537,0.45912056255104455
73,0.8230785125509757,0.3902546017279058,1.216116956041132,0.3633526869606065,0.4570156127885224,0.45485257399075096
74,0.8257774115181404,0.38791699054611023,1.2141099390447867,0.3599783334079916,0.4527786583382794,0.45991520382580325
75,0.8248024199890629,0.38540635234117365,1.2214009828949601,0.35663865786764704,0.44857803707808486,0.4649258053430024
76,0.8224904242616526,0.3892909754773263,1.2273022962933655,0.35464814146391,0.4444208017648159,0.4606184726882201
77,0.8271626097740532,0.3892909754773263,1.2437155244671005,0.3513644903060916,0.4403059553978716,0.4748714500578926
78,0.8270680014623262,0.3944211846143987,1.250379915819972,0.3484454647725335,0.43639876744712824,0.47956321683388725
79,0.8293505075802763,0.3944210392322131,1.2480663054350036,0.34522568956311706,0.43236705091059197,0.4843722604918399
80,0.8315920596979075,0.3944210392322131,1.2642386917473882,0.3420388547908339,0.4283757999872465,0.4799009409778772
81,0.8319073460411729,0.39231209866186184,1.2710157648996894,0.3388926652661582,0.42442534546299493,0.47547532521661595
82,0.8319546009737351,0.3878038755040126,1.2685189726540222,0.3357705421709824,0.4297279638879953,0.4803076239618385
83,0.8334998252945353,0.38556998555973093,1.2568441437364961,0.3326802741340845,0.45338396749831616,0.47588710723452005
84,0.835932636834069,0.3833445630768211,1.2636769509604842,0.34801013283273535,0.4584263111463154,0.4807059649878302
85,0.8402702754630028,0.3811257491935948,1.2704401686187916,0.3448136170117048,0.45421560995238336,0.48547574449158093
86,0.8416838489416962,0.3789144783105539,1.2771345675426082,0.34164962715578084,0.45005856450351694,0.49937293168873303
87,0.8427077657834521,0.3789144783105539,1.274594138437863,0.3476845742326593,0.45509975168210937,0.4947952944021506
88,0.8407789717750725,0.3744977763142565,1.2629219039810402,0.34450061492743456,0.4509338354502562,0.4902641526761477
89,0.8420674657817687,0.3759558984789108,1.2696649922723386,0.34134900434475196,0.4468084872201773,0.48577899277656844
90,0.8425157914163183,0.3737704210721283,1.2580611279594902,0.34736862119614476,0.4518953523974588,0.4813393070700869
91,0.8440146589664969,0.37158908201678903,1.246574807047281,0.3441970841625174,0.4477694678134438,0.4860747710560098
92,0.8452080637381549,0.37158908201678903,1.235204734039271,0.341057644833287,0.44368533943942673,0.48164125803856844
93,0.844197378809666,0.37067550096520363,1.2330615637903162,0.33794994974130294,0.45786646750211085,0.48636450920353785
94,0.8439337677266113,0.36839061870572154,1.2218372169273164,0.3439764772262142,0.4536985879743584,0.4819372169146011
95,0.8451291799166271,0.3640385307100024,1.2380073480073666,0.3590359069307464,0.44957277581125543,0.4775546103028503
96,0.8442334540621297,0.36403853071000236,1.2449297770558072,0.36485883507220174,0.4454885689169689,0.48230083867185886
97,0.8457936856415725,0.367228811260174,1.2427061663867494,0.3615482725671753,0.45052038594128263,0.47792442420961845
98,0.8438985456882676,0.3672257092480254,1.2405056735898605,0.35827029911740377,0.45551520998242034,0.47359132765674966
99,0.8459486204935803,0.367225709245388,1.2383273109889374,0.3550252920081337,0.46044684130438923,0.46930180874066674
100,0.847712108305393,0.3710134765295816,1.227122462121351,0.3518128903225527,0.456280545994103,0.465055643295484
101,0.8480305767940196,0.3657729150310659,1.216030096832274,0.3486327373929766,0.45215607561497867,0.46085185171443627
102,0.8480300659344738,0.362837326617954,1.2230827315712651,0.35454162142701784,0.46610671850308355,0.47477765950022244
103,0.8488822022101484,0.362837326617954,1.2210702420765813,0.36036447556272116,0.47092311380507285,0.4704945621698067
104,0.8501194195084395,0.36448389609574455,1.2100656481557048,0.3571167797460307,0.46667912176891624,0.46625443234155933
105,0.8511036025008191,0.3660933849753933,1.2261797605767457,0.35390267529051567,0.47148037200378756,0.4620569978849895
106,0.8542396721527329,0.3660933849753933,1.2241454440611594,0.35071958739875264,0.4672397613433147,0.46689538983861145
107,0.8554203183095644,0.36551112881093734,1.2490871790425233,0.34756831271438676,0.4630414922246267,0.462700214894904
108,0.8547361704062113,0.3655111286950487,1.2648038557128762,0.3444484436230148,0.4588851041178675,0.4675231660415688
109,0.8556802943945497,0.3655111286905359,1.2713965831669731,0.341359669656448,0.45477014184464176,0.4633307436028233
110,0.8568558042877303,0.3633063684856941,1.2779236612859002,0.33830165321153005,0.45965465946093514,0.4591800686423059
111,0.8562228656022202,0.37134187724162127,1.2732033053129512,0.3375071700643317,0.46225730990939384,0.45730379776992736
112,0.855536534525489,0.37134160787581816,1.2886416320005067,0.33448970659171956,0.4670663314988922,0.45321529942663424
113,0.8578507550717978,0.3690953733032075,1.2949951339600847,0.3315022095692755,0.4628947256909471,0.4491674039880585
114,0.8593949096074547,0.36685851629314725,1.301285595966684,0.32854435473046767,0.4587645106973884,0.44515967209074453
115,0.8602938939303555,0.370709024750855,1.3075063792905788,0.32562314190094177,0.4724989018887797,0.45010899108459873
116,0.8607305417844505,0.3722553147542289,1.322571665118164,0.32272949902171366,0.4682933997545884,0.45500373477025574
117,0.8605834201546306,0.37150461858141226,1.3552855230744687,0.31985854518444606,0.4641275333741199,0.4687477927806673
118,0.8614295074318867,0.37150461858083833,1.3610150751815409,0.3259029354455875,0.4688898108388498,0.46458204964950733
119,0.8566456188027883,0.3715046160207492,1.366688033189772,0.3230095437617894,0.4647339238839422,0.46045745397177923
120,0.8563850334624479,0.37150461601955975,1.3634358020844157,0.32014470610561924,0.46061320008436796,0.456373562710116
121,0.8554938125177368,0.37150461506904864,1.3779363166484866,0.3261684548856134,0.4565320173917876,0.45232993796190046
122,0.8537344999689881,0.37282862031999975,1.3657395358226672,0.3232813801286232,0.45249422133693235,0.4526978590561262
123,0.8544259424561238,0.3595491003661429,1.3713480706273946,0.32042272036230285,0.44849297936766397,0.4486948163873021
124,0.8560263935346859,0.35547942367734453,1.3680676566319652,0.3175921706450141,0.46219955893187104,0.44473113683225074
125,0.8556033093349837,0.3534631163419967,1.3648194709627723,0.3147894295762207,0.46694563117073284,0.4408063983248769
126,0.8571669719417664,0.351456423560793,1.3616031683428078,0.3120141992289719,0.47165618480331056,0.4545524806073419
127,0.8569478449836574,0.35145633035630924,1.367225744204006,0.30926618511307796,0.4763096905656691,0.45054908385100734
128,0.8578248420299351,0.3514563238488349,1.3727932298759846,0.30654509613280884,0.47211892153038215,0.446584912512039
129,0.857712315923669,0.3492587599587881,1.3695164744400583,0.30385064454514477,0.48554863588695885,0.46023902670791544
130,0.8596486149498128,0.34925868832912915,1.3838336757799126,0.30118254591857113,0.490070372686488,0.4649786431522856
131,0.8597438604337715,0.3491159795735871,1.3980109740396935,0.29854051909241,0.4945438405841405,0.4608997678474314
132,0.8605936612944927,0.34483057900221914,1.3945230171659015,0.2959243096800478,0.490209976240861,0.4656241006460237
133,0.858604099687429,0.3448305677928169,1.4085784077124555,0.2933335956497351,0.48591838359887324,0.46154772418442236
134,0.8547797213137622,0.34371221451268197,1.4137509221985212,0.29951402981207215,0.4816685896938393,0.4575110736453026
135,0.8541077891185103,0.34862615974440947,1.4013987554396363,0.29689712807586605,0.47746017622682513,0.4535173233611284
136,0.8537771569562957,0.348626115876986,1.39789517597588,0.2943056833673852,0.47329288749450554,0.458287257141998
137,0.8550477986755377,0.348626115876986,1.4031453507714755,0.29173942543460696,0.4691659144354232,0.45429112870956223
138,0.8554695137388874,0.35040651032508646,1.4170526345050576,0.289200983341269,0.4650790776123174,0.4503338050126227
139,0.8557964202968639,0.35029696329354876,1.4308278861553363,0.2866842753256564,0.4610318294327356,0.4464148740197803
140,0.8559973605200238,0.3362622081105701,1.4444696128197203,0.28419196230342564,0.457025993683876,0.44259602977031776
141,0.8564519533465383,0.3358107756096835,1.4492941797370442,0.2817239406046859,0.4530573303070429,0.4474370043340592
142,0.8572791311272484,0.33579445569653066,1.46274843305921,0.2879558563762491,0.45780272367230024,0.45223115833993227
143,0.8564288237133143,0.34144875982056816,1.4672314138369784,0.2856336563133807,0.4538347628416383,0.44831142637420773
144,0.8555809724856726,0.3407783344557634,1.4718445917500722,0.2918192669596217,0.44990507217515835,0.444429552660084
145,0.8546045134544631,0.340777778276638,1.476413253773704,0.2892949652448286,0.4460155373844552,0.44058513795240195
146,0.8539769121183871,0.3386823027238873,1.472296291942226,0.2867950005177401,0.44216155445311045,0.43677778754369956
147,0.8546292037064335,0.3405300409844531,1.4768496980650094,0.2843213447582212,0.4469762260801798,0.4330082253138597
148,0.8542524039522952,0.340530040984412,1.4727371978973895,0.28186926901460463,0.4431214489724733,0.43789813879791506
149,0.8531491778599627,0.33841596177363403,1.4945113136526358,0.27944077044838334,0.4393036514360269,0.4341253436793148
150,0.8540436552936735,0.33841596170294097,1.4902550153317031,0.27703560144775047,0.4527386027996308,0.4389958719828349
151,0.8555247072827763,0.3422771374557117,1.47744109187822,0.2746535172042353,0.4488457403425168,0.4352213987626002
152,0.8576051597948968,0.34611756144316363,1.4819298054389842,0.27229428189877813,0.4449902173643246,0.45725253704422997
153,0.8575965823460068,0.3420952666693318,1.4949568169764724,0.2699576437350118,0.44117162405307914,0.4704913115563447
154,0.8582015674343321,0.34010238638402995,1.525004571508903,0.2676433723866897,0.44596231013226645,0.4664579211810823
155,0.8581910201820951,0.34395509385767664,1.537635235230317,0.2739168066942504,0.450706462702388,0.46246381544747994
156,0.859799573411339,0.34576890136347294,1.558702222724648,0.2715732868317206,0.44685040490535055,0.4585071665384772
157,0.8605621527414288,0.34576879644743924,1.5795680939148466,0.2692521389265053,0.45157863981362945,0.45458828717610283
158,0.8583183008371643,0.34576879136237837,1.6087734442873354,0.26695313012533584,0.4477230976992672,0.45924528389688024
159,0.8579031052110891,0.34576873124567514,1.6121105925628847,0.2646760296452126,0.4439042857216433,0.4723878655258851
160,0.8598324388686314,0.34370973682141803,1.615415968056418,0.27094204718737064,0.44012158292191145,0.4768838795596383
161,0.8598067771765563,0.34370973561221746,1.6101769807160262,0.2771484597334407,0.4363772728993089,0.4728242049045589
162,0.8599228829385348,0.34537458035509766,1.6134921962968,0.29180029912492367,0.43355786262274526,0.4774065072559024
163,0.8610349881743453,0.34340840390934607,1.5997841087713054,0.29781710137993683,0.4298743932252239,0.4733505036373384
164,0.8636404367412942,0.34340840390718297,1.6031809092184057,0.2952894024921797,0.4347132890789876,0.4778203992209888
165,0.8624263160976366,0.3414352126058602,1.5895876392240034,0.29278566223960967,0.43952949786514484,0.47376899013914625
166,0.8627428071683994,0.3375271697858939,1.5845935593287102,0.29030563231336254,0.4358065049863808,0.4697559477494154
167,0.8647349510144933,0.3355921325057518,1.5881087270151404,0.2963110632944088,0.4321187120350061,0.46578087474532653
168,0.8644864669619756,0.3345525272224025,1.6000442040328962,0.30225972470510126,0.4284657799333221,0.4702969166062858
169,0.8630744587505538,0.332605344928729,1.6034218663393893,0.3081522034525344,0.43329352282010675,0.474770306307286
170,0.8634351621447206,0.33635888390552404,1.5983281366001894,0.30555530348768417,0.42963797783133106,0.47076483627332477
171,0.8657609345050199,0.33635888390552404,1.5932852979847723,0.3029800174710033,0.4344451120010576,0.46679712867289486
172,0.8650800323490418,0.33635882548312385,1.5882899593382698,0.30042898882503516,0.4392070954860823,0.4628667940685205
173,0.865958460696236,0.3325737597897941,1.6001643830707208,0.29790196802622365,0.43551276103850356,0.458973448996606
174,0.8662260371144864,0.3325737597897941,1.5867182514023424,0.29539870703083587,0.43185316081859043,0.45511670934361165
175,0.8662257431763231,0.33262198644294577,1.590187281936566,0.3013138241730334,0.4282279435710733,0.45129620460186226
176,0.8658880313923099,0.3308628570057594,1.5936240450882486,0.3071731320906085,0.4330236245202805,0.44751155347195337
177,0.8677837462752561,0.3308628566605934,1.5886507828424317,0.3129774955316972,0.42939584341232123,0.4437623921435605
178,0.868963386852171,0.330860592950466,1.5920935389495123,0.31872747833050746,0.4258020478358178,0.44841778065911014
179,0.868857402317463,0.33086059295042636,1.6038651279283473,0.3160625790811867,0.43060295087978134,0.4530295921350444
180,0.8694204892392301,0.3308605929504253,1.5988212223976612,0.32177530462281606,0.4270062527231735,0.4492455709030624
181,0.868795559219382,0.33084760747773745,1.6105131535565165,0.3190902977054922,0.4317877265196423,0.44549690701207245
182,0.8697988606111507,0.32903108686779725,1.6137599211292124,0.3164303567066826,0.44487228387913424,0.4501192522278666
183,0.870673714563835,0.33272725259338953,1.6003210423960001,0.31379522546094407,0.4411675571896581,0.4546984559778605
184,0.87052461465755,0.33089109007769657,1.603646114744669,0.31118465062963585,0.4374973281197917,0.4509156567231336
185,0.8726273359355191,0.3308910899917841,1.5986291860257191,0.30859838166756265,0.4504833551492545,0.44716807738354764
186,0.8724900143591874,0.3290490871390563,1.6019616619121115,0.3060361707900353,0.4550475898939786,0.4517580948616631
187,0.8732865354246929,0.32904908123894044,1.6135576033396484,0.30349777294034364,0.45127323941827785,0.4563054530040731
188,0.8747057177095364,0.3290490810493603,1.6084735748010315,0.3009829457576363,0.4475339246762267,0.4690967330552303
189,0.8722263852835955,0.3271865281669945,1.6117145777189728,0.29849144954520224,0.4521071912667787,0.47349147866260066
190,0.8733349014721257,0.32533151863278825,1.6231951308237298,0.29602304723914824,0.44836844955338423,0.46957589763135676
191,0.8739744902178219,0.32348407120680017,1.6180467127602236,0.3018388302589794,0.4611869834716916,0.4656965781149206
192,0.8735334796343522,0.3216442038318944,1.6294520681591602,0.30760080234599396,0.4573807756205107,0.4701062209543243
193,0.871838772002109,0.3186343040977417,1.6325071690627333,0.305064689178344,0.4536144693144045,0.48271991938603165
194,0.8711349382374012,0.31503221682670907,1.6190608947269969,0.3025519997527942,0.44987823788300424,0.4787439586145297
195,0.8695280411777225,0.3171147840567541,1.6304237244641726,0.3000625128678458,0.4461764838226511,0.47480468739969994
196,0.8696871357806104,0.3118104298481309,1.6170214419719813,0.29759596230038926,0.44250899373816943,0.4791218571252308
197,0.8715503637646387,0.3100690997926021,1.6283783323512298,0.2951521321328618,0.44708737969471074,0.4751873533123647
198,0.8717334385141089,0.3083346050865472,1.647834401543105,0.29273079301995025,0.44341961430390503,0.4712890595198665
199,0.8707573516099434,0.3048990763382573,1.6343295764629553,0.2903317181180026,0.43978644938486805,0.475622109468611
200,0.8706737121779972,0.3029050112124606,1.6291361251445837,0.2961419905866107,0.4438434273190519,0.47227447898480546
201,0.8710237924744809,0.3029050112124606,1.6158112182500912,0.29371980843055173,0.44021317675313204,0.47659081162567113
202,0.8716729831072434,0.3029050112124349,1.6352923038583376,0.29131983877350404,0.43661621728548394,0.472696612276839
203,0.8714003140599943,0.3029049980202875,1.6301065510124904,0.2889418583166397,0.43305239129038214,0.4688380926828672
204,0.8717377333758816,0.30120775566540947,1.6575867640380892,0.2865856461874582,0.43767564028644607,0.46501489445524613
205,0.8719192201775007,0.30120775566540947,1.652229751111776,0.2842509839115717,0.4341101274282725,0.46122666309665306
206,0.8702247064650899,0.30530567935003755,1.6545089280845224,0.2824887477270172,0.4305776771640354,0.4574741094949093
207,0.8716284426104168,0.30357881298525474,1.657317838388148,0.2883222551988685,0.4270769960402317,0.4618849515909858
208,0.8699413802719351,0.30357881298525474,1.660101127018316,0.28598048155373673,0.4317303169933344,0.45813348951265026
209,0.8690762230004083,0.3021086905365053,1.662859050279695,0.2836600495515396,0.4282486689523584,0.45441621620585765
210,0.8694842351829994,0.30121841627076484,1.6574860192451402,0.2813607458777636,0.4328832399322829,0.45883863240586104
211,0.8690792886291633,0.30121841468290717,1.6602596086367358,0.2790823595232617,0.4293778793685999,0.4713185574894313
212,0.8697402887454266,0.2994771655581536,1.6468286945149089,0.2768246817575829,0.4259069457966246,0.4675057567462621
213,0.8676315648540266,0.2994771655581536,1.657764431467239,0.27458750610262894,0.43862984705062236,0.4879722643977716
214,0.8685479963660767,0.2977309055822585,1.6605274648027615,0.2723706283066353,0.4350887432454888,0.5001795959022513
215,0.8689093093830391,0.3018322522862121,1.6471346226736012,0.2701738463184709,0.4315795722518229,0.4961454401933724
216,0.8686247242039472,0.30168069909074124,1.6580351366055437,0.26799696026225356,0.444249514148562,0.4921478212330988
217,0.8679260722279138,0.30168069909074124,1.6607877142754985,0.2738890721053263,0.4406736166706884,0.49623567561976206
218,0.8679238638670558,0.3022403437260586,1.6634978075015023,0.27170425945934845,0.4532037573052757,0.5002954997381429
219,0.8675081719862078,0.3004682912606154,1.6501345683328335,0.26952160013396304,0.449563073598482,0.4962765173338012
220,0.8671930503591859,0.2969619347558211,1.6368919282302854,0.2673586386283187,0.4539827952340721,0.4922938049923239
221,0.8677963275083677,0.2969550183905935,1.6398030262091432,0.2652151798262387,0.4503750105910145,0.48834700344166515
222,0.8670289761345479,0.29520787415108657,1.658706206400796,0.26309103070246254,0.4547770928116378,0.4844357572598329
223,0.8676324847488471,0.2934690529418237,1.6534358002301583,0.26098600029865,0.4511383537675498,0.4965620118165956
224,0.8675492478021867,0.29002834036420083,1.6482127889855311,0.2668930510433713,0.44753234139476933,0.4925929165046165
225,0.8681511833329584,0.29247952500399604,1.6430361021944968,0.2647624692829607,0.4439590629134527,0.4886594821876229
226,0.8677634193187534,0.28908252824153335,1.6299293057903892,0.2626504111390735,0.44041762613470703,0.49273853805936324
227,0.8694596054544601,0.28409821081847597,1.6408476838846124,0.26852650325083716,0.43690784654405174,0.48881180224721554
228,0.869800645113281,0.2840982000739907,1.6516682252013226,0.26638869861436937,0.44139078431840684,0.4849202529045865
229,0.8705285472162576,0.280822335217032,1.6464853218625102,0.26427003328425636,0.4378843214432813,0.48106354376849125
230,0.8735195115590794,0.2808223352170227,1.6731301228451942,0.26217031906846616,0.4344051833694561,0.4851866682888906
231,0.8744922773411183,0.28082229104987216,1.659849828742048,0.26008936977778924,0.4309572448394778,0.4813355502187402
232,0.8742230710551849,0.2801137575218591,1.6546175535680792,0.2580270227403162,0.4275399860863504,0.47751881863944556
233,0.8754420449314018,0.2785057269144194,1.649431977224572,0.25598305245902037,0.42415348221654203,0.47373613625334204
234,0.8761102961632723,0.27690103821990164,1.6680334750134689,0.2539573003266957,0.4287115272101466,0.469987169362934
235,0.875289631337124,0.27690103821990164,1.6785636140868254,0.2598552964360962,0.4332279673443082,0.4662715878049554
236,0.8742908831281789,0.2751796197523493,1.696897870020412,0.25780300952465307,0.4298064165890906,0.46258906491643226
237,0.873235724560516,0.2735804096177255,1.6913994065395708,0.2636588791194325,0.4343052073224796,0.4589392774949195
238,0.8729985304003645,0.2761997133585477,1.6780677509000816,0.26158071273890543,0.43088200199080345,0.4553219057592182
239,0.8735470497285845,0.27619971335854765,1.6806026933406515,0.2595209872773827,0.427489198895691,0.4517366333105672
240,0.8736801925430834,0.2675324034162756,1.6831151615394189,0.2574795228890551,0.42412645568088253,0.4481831530224408
241,0.8743517419833191,0.2660725255332007,1.677746958243872,0.2633145578826503,0.42079349344478756,0.4525195595074141
242,0.8751405633923655,0.2686063439109808,1.6881273857903818,0.261247392320263,0.4174900286877273,0.4568350606615446
243,0.874618586603043,0.2671444399452282,1.6827305987251668,0.25919850344182416,0.4220584884595676,0.4532522334158551
244,0.8736728083616884,0.2657196238614855,1.677381488908826,0.25716771521916304,0.41875291464698383,0.4497010582150216
245,0.8748497552031058,0.2657196238614855,1.7033877747836013,0.2551548518412497,0.4311294073448594,0.4540082730062696
246,0.8753495599983954,0.26570596699358423,1.7135262739436692,0.2531597393467273,0.42775831245281803,0.4582775036658881
247,0.8762474219339335,0.2642358364311254,1.7313868506647987,0.2589936125383659,0.42441691820428595,0.4546977115954541
248,0.8766175109405313,0.2642358364311254,1.7256794006518077,0.26477612956324814,0.42110493859040177,0.45114943279116126
249,0.8771243826681521,0.2668517128603945,1.720021818233403,0.26271231902281483,0.4178224581459673,0.44763236217314345
250,0.8775044353186235,0.26536969251209497,1.7299902983361446,0.2684543212557542,0.4535084927265896,0.44414619783125797
251,0.8786085527071139,0.26536969251209497,1.7243108105048794,0.2819261340101469,0.4499800951962589,0.44069064104970224
252,0.8804064778160205,0.2694823932494512,1.7109086954622763,0.2797348779683118,0.45425509596467056,0.43726539623098837
253,0.8806024215297772,0.2694823932484128,1.713153396591157,0.27756282648662906,0.4584926298771519,0.4416348496891629
254,0.8801573185442223,0.2679616993701857,1.7076215241577832,0.27540979439604374,0.462693276088955,0.43820912436514375
255,0.880725478255311,0.26794980277310815,1.7098872132035718,0.28102476344187893,0.45910778955758963,0.43481336956486744
256,0.8808158856466292,0.2690772401815991,1.7276139937906487,0.286592596121491,0.45555366328195324,0.43144730478891336
257,0.881053562227279,0.25881959513808195,1.7297205405793536,0.2921098622198002,0.4597642384654952,0.435844310618373
258,0.8814773929387008,0.25740836049757065,1.7395346591172713,0.28985303535177587,0.46393861091241184,0.4324769982551261
259,0.881190644227364,0.2574083595111331,1.764699681276565,0.29533411312237695,0.46807606690639664,0.4445755016740989
260,0.8815413263392602,0.2545964293786461,1.7742244839735186,0.30076745061776367,0.47217747503689916,0.4411475952183466
261,0.8835249015915588,0.25459500727824147,1.783666398890784,0.2984506963332423,0.47624319123613224,0.4377495194650389
262,0.883640442191853,0.25176596644495736,1.8007213299998583,0.2961540855982222,0.48796866771748443,0.43438098879354425
263,0.882448019822737,0.250403953057869,1.8022532686285133,0.3015648440347821,0.4919057131218846,0.4387291391120078
264,0.8822294168192322,0.249922704628749,1.8037719112009825,0.3069286412242551,0.48812951484081196,0.443039550809431
265,0.8824328321832315,0.24991513944015156,1.8129494442735312,0.30457386642660256,0.4843895106507152,0.4396405250148748
266,0.8800270513540844,0.248712602836191,1.8067186816458165,0.30223949314216647,0.4806775070399221,0.44393533928582063
267,0.8795918846249392,0.2473576060833034,1.800541853937974,0.30758205744649725,0.48465387083501965,0.44053624593819063
268,0.8790782558747549,0.24735760508372293,1.8097166026282745,0.3052293383558127,0.4962448829023824,0.43716654991443094
269,0.879605219977057,0.24599938124621823,1.8035292078194267,0.3028969489525071,0.49245286136623395,0.43382597120730987
270,0.8792770572458086,0.2459097372564805,1.8279304103894003,0.30058469575523167,0.4886935772067817,0.43051423270200556
271,0.8805270424232735,0.24187345649367384,1.836868806429118,0.305918552243784,0.48496671937097774,0.4272310601440484
272,0.8811052401936377,0.24187345145371097,1.845730170989403,0.30358789871805036,0.48127199416690375,0.4315947247185401
273,0.8820234041585849,0.240539810103027,1.839293379655201,0.30127731311679307,0.485266787135064,0.4359208162732098
274,0.8818550426481939,0.23789888104349152,1.8481186043893592,0.29898660506968194,0.48157714974296445,0.4402096912369544
275,0.8818550422766407,0.231891887835181,1.8416765314874528,0.296715586576476,0.4779192239616955,0.4368659811397321
276,0.8799749645951942,0.23594694631700322,1.842872800130829,0.2944691806460763,0.4818808404012558,0.44114049364517977
277,0.8793332359028915,0.23131450420956953,1.8289028199934108,0.2922369437795842,0.4792499489745974,0.4453769532656322
278,0.8805030289016051,0.2313143678379014,1.822625565284158,0.29002384269305076,0.4907665407743877,0.44200412775479414
279,0.8798767408885562,0.23010148671299865,1.8164020746287348,0.2878296965942402,0.48705369606180127,0.43866019015447144
280,0.8798545415184644,0.22957096759159948,1.8102318404359496,0.28565432659213363,0.4909304607815302,0.4429027052194366
281,0.879802417816404,0.22919854892188485,1.8041143604575756,0.29104783883963997,0.4943853756145406,0.4399644104022018
282,0.8800015311361662,0.22801129248734162,1.7980491374430925,0.2888525415818703,0.49819909695807385,0.43664587463322685
283,0.8810636734246595,0.22682856934263654,1.7995708771542123,0.2942111784019124,0.49444556457713534,0.43335566156499233
284,0.8812492914597526,0.22633839436031908,1.8086073071843347,0.29199645478590575,0.4907236645647636,0.43009350469178514
285,0.8814831834497258,0.2251576267613679,1.810046607515835,0.28980059982400763,0.48703335886547433,0.44189942531608845
286,0.8821839056856701,0.2228175773390334,1.7964484040223536,0.28762343625674003,0.4833744594536791,0.44609222629307343
287,0.8827961928030394,0.22281725164716448,1.8204914344895131,0.28546478863274893,0.4872521732305233,0.4502493691016842
288,0.8828501262496394,0.22281725164716445,1.82183732076849,0.2833244832882142,0.48359894357854677,0.45437118818525163
289,0.8842255326951051,0.2216427228921252,1.8156816589273794,0.2812023483274914,0.4874668505199718,0.4509678925279109
290,0.8851304946342937,0.22164272289208883,1.8395087529493481,0.2865808492795671,0.48381931368440534,0.4550760997624334
291,0.8853869228661781,0.22164272289208883,1.8481836069630795,0.28443861250100494,0.4876778487097997,0.45167433456979594
292,0.8830217697483316,0.220456472029989,1.8493173240187288,0.2823145144386882,0.4840440398111275,0.44830137275416165
293,0.8821720698559735,0.21920496731625358,1.850441450143744,0.28020838565457373,0.48044362573453064,0.444956945256366
294,0.8810234825176877,0.2168691149920125,1.8515560748567663,0.2781200584292374,0.4768630132765835,0.4416407857463261
295,0.8803507549094292,0.21686906754819332,1.8452159708944729,0.2760493667431531,0.48075808536328646,0.43835263059331203
296,0.880817384394728,0.21570483025189094,1.8314914866813155,0.2814340203402139,0.4771863134953215,0.4425300816837748
297,0.880342467480229,0.21570483025046,1.8253131389762305,0.28677328182694595,0.4885014910440654,0.4466723285325425
298,0.8814574271357011,0.22414329589926354,1.8191868284884953,0.29206757331138367,0.48487533793160176,0.44335667508167853
299,0.8814360693421702,0.21709545488315715,1.827943258915336,0.29731731358828584,0.4812796992391401,0.44748451603460226
300,0.8817831843790801,0.2083001783094628,1.8366260688100196,0.2951147327559824,0.48512255442520746,0.4441694692050885
301,0.8825903430693304,0.20829968604687663,1.8600374961436204,0.2929306542147545,0.481538054775784,0.4408822696901746
302,0.8832779394268401,0.20618436561488346,1.8462855309134123,0.2907649063844149,0.47797786077809,0.44501603989790156
303,0.8837308728346815,0.2048708313188064,1.8474208645930765,0.28861731941329716,0.48183352008422076,0.44911514641128075
304,0.8834286938217457,0.20383026765134213,1.8559252948229066,0.2864877253247599,0.4856590755332188,0.45317984205955
305,0.882896421549138,0.20383026765134216,1.8569873031513529,0.29174719108054453,0.4820791689676091,0.44983934751569793
306,0.8826107829573854,0.20337235692764905,1.8580404295150696,0.28959880380278835,0.47852933216990085,0.4612545231406658
307,0.8827244589494151,0.20026450586856304,1.8664412619574602,0.28746836846239293,0.4823687135036863,0.4578613014694696
308,0.880799806992959,0.2043420263150765,1.8674228047633046,0.29270487338679263,0.4788237135760041,0.4691947133527765
309,0.8813881951633924,0.2043420263150765,1.8610543533359099,0.29055589049345704,0.48999189734912896,0.47309178369362326
310,0.88122779812431,0.20842969920873358,1.8694078641410306,0.29575933809413163,0.49373251083059855,0.4696219323545733
311,0.8820133121682624,0.20735764429817816,1.86303759208257,0.2935922683847366,0.49011492453410643,0.473508086050779
312,0.8801861159452459,0.2114394656730828,1.885999551443077,0.2914432532247687,0.49384718910182573,0.4773619096085609
313,0.8805967773276768,0.21143946500287733,1.8941456787491666,0.2893120746903747,0.49754844450987745,0.4811837001876
314,0.8803123967988223,0.21143946245636053,1.8803085841448444,0.2871985949339987,0.5085241813459653,0.47766856169732796
315,0.8804250120057135,0.20815760022759627,1.888479967523901,0.2851026515411133,0.5048180436308085,0.4741825896781798
316,0.8811022240130296,0.2081574909890147,1.8820024203578216,0.2830240837173743,0.5011376674062251,0.4707255166970814
317,0.8813277829474995,0.208157488445046,1.8682952179181453,0.28096273227124796,0.49748773447595285,0.4672970779867522
318,0.8822271336952785,0.20706714571610108,1.8547014498167562,0.2789184395968365,0.5011440518658207,0.4638970114171406
319,0.8835591562059693,0.20598138716058692,1.8557575894515348,0.27689104965690026,0.49750135828600495,0.4750625684533134
320,0.8831647555719798,0.2027715723034147,1.8422820235853103,0.27488040796607344,0.5011502784367705,0.47887439655772907
321,0.8821531576792039,0.2026895053417317,1.8506803789671153,0.272886361574271,0.4975149151982759,0.4899089953618635
322,0.8825947545324223,0.20578248325502535,1.8662564582188357,0.2709087601965957,0.4939094338983245,0.4936068953725708
323,0.8828153667018119,0.20470992481721145,1.8599849879495238,0.2689474516036139,0.49758067040465304,0.49727303069698275
324,0.8836964069987472,0.20470790250880047,1.8682301492873454,0.2670022885080163,0.4939955500127595,0.4936765022971772
325,0.8844985653443015,0.20564365640811205,1.9125338637211227,0.27229839747511636,0.5048768441350427,0.4973348280780265
326,0.8843581702824632,0.2056436564081114,1.9059471469557125,0.2703329335168475,0.501232621767604,0.5009630913643719
327,0.8845382953602372,0.2127653362239947,1.9210470216493991,0.26838360668121125,0.49761831481731017,0.5045615653842825
328,0.8844686706474798,0.2127653362153231,1.9216157697083929,0.2736539006247815,0.5012372868339968,0.5081305206526611
329,0.8851016216549955,0.21276533621525018,1.929376286515388,0.27168456943887925,0.4976301677025004,0.5116702250122944
330,0.8857222072520726,0.2111997216039851,1.9514517291560178,0.2769206019234301,0.49405258632382293,0.5079917063277765
331,0.8863491605640585,0.215312126673905,1.9374363019658876,0.2749317438462777,0.49768668407976774,0.5258890824599776
332,0.8852384626263906,0.21531212667390454,1.930710315339447,0.272959143437678,0.49411584521397267,0.5292907681895961
333,0.8843560346550617,0.21531212667340693,1.9383746650882752,0.271002653655294,0.4905775021924018,0.5254969697227954
334,0.8839706224732325,0.21531212393248852,1.9316553978074487,0.26906212890385917,0.4942252782059025,0.5217341287956059
335,0.8840392314480701,0.21531212392900065,1.9178375310498468,0.2671374250198588,0.4906898965802005,0.5323087275898825
336,0.8845016369001074,0.21520124144512098,1.932717145153595,0.26522839925638486,0.48718331320262065,0.5285047264282497
337,0.8846177868471364,0.214061682871797,1.918919306604028,0.263334910268161,0.48370526846815554,0.5390098612650294
338,0.8848617223141776,0.21357573754265116,1.9266295231677062,0.2614568180967373,0.48025550528613353,0.53516566833318
339,0.8843040667159677,0.21357573754265116,1.9485267484106252,0.26671880864674297,0.47683376911560105,0.5313527068727552
340,0.8848593766251506,0.21357573754263615,1.9417754165119732,0.26482038332156943,0.4805575110860274,0.5346883992236652
341,0.8853021019268335,0.2135757375426361,1.949300016681695,0.26293735439521504,0.4771404640944528,0.530886449729839
342,0.886265384937577,0.21349183198172722,1.9496601631029844,0.2610695836187588,0.4808546121002353,0.5413222714593224
343,0.8857792391320395,0.21664537189451155,1.957113014439218,0.2592176955922658,0.4916345405971312,0.5374824668199035
344,0.8864913972824383,0.21922286625932297,1.9645063419665476,0.2573800263617632,0.4881492011185549,0.5336720981294231
345,0.8868869350708554,0.2192155197087652,1.9576755117422528,0.2626394121639865,0.48469202969433167,0.5298925237096919
346,0.8875016464624582,0.21921548280071687,1.9438247130396502,0.2607812055268632,0.48126288343285917,0.5261434679362019
347,0.8875009194253718,0.22032166133702627,1.937053883458371,0.259037816291206,0.47806089755940123,0.5311192467288688
348,0.8860360948973972,0.22032166090288813,1.9445593340420362,0.25720875318140346,0.4746853202214043,0.527369019696358
349,0.8861377345011128,0.22032046272799927,1.9449504086910796,0.25539442030600884,0.47134091790145877,0.5236489948602479
350,0.8865638956838765,0.2179977541625274,1.9523852175016596,0.26064156714149345,0.4680194575396524,0.5199589027615359
351,0.8859761554837189,0.2278658727569459,1.9667919982116064,0.26585462509196656,0.47176181602784956,0.5163011750264729
352,0.8863830251483131,0.2358207549358188,1.959986279082496,0.26399138554517027,0.4684440089534437,0.5126701314944786
353,0.8862003153481715,0.23582075414339265,1.9532416344261114,0.26916241421162174,0.46515508784810417,0.5090682280733412
354,0.8867263355459651,0.23459925895102562,1.9465510700156652,0.2672732306047409,0.4618902807287483,0.5054952056137347
355,0.8861822920140305,0.23611904568312606,1.9609493085825658,0.265399181690935,0.4656633636779168,0.5019508079772196
356,0.8858043181772107,0.23611904311155818,1.954218121781605,0.2635401330888616,0.46940627751873387,0.4984347800002895
357,0.8870009107502614,0.24006547421010588,1.9545384907718042,0.261695951719532,0.46612150148601794,0.49494687049070346
358,0.8875618303122997,0.23938387891871704,1.9478655691922449,0.25986650578267867,0.46286297228566964,0.49847756093358087
359,0.8882335587648569,0.23814223327784262,1.962197149712261,0.25805166475853886,0.4666142730734535,0.5019800650142936
360,0.8888198525679653,0.2381416178237645,1.9833911810314298,0.2562512993844863,0.47033904273261296,0.5124313954605136
361,0.8893044506885434,0.23705567509731015,1.983506941011534,0.25446528164447796,0.4670608783856911,0.5088598562526031
362,0.8894941286120308,0.24104534340309464,1.9696961319163528,0.25269348475610853,0.46380882130714196,0.5053169884898873
363,0.8899762459801207,0.24501663540456908,1.962950798880628,0.25093604145375786,0.47449417709223407,0.5018047876080445
364,0.8897217790625419,0.24559220643968596,1.9701549759958368,0.2491944954657809,0.4781458708905397,0.5052667077183798
365,0.8896184736444191,0.24434851052204842,1.9703621591529275,0.254406562132865,0.47482659826857265,0.5087011296641772
366,0.8899099009542419,0.24067034312760777,1.9844377544336151,0.2526422454980121,0.47846869084634525,0.5051732730801705
367,0.8895087443095555,0.23946163855673366,1.9706893782709964,0.25089191565374513,0.4751538569161949,0.5016733839200845
368,0.8897995710905955,0.2358863996969556,1.9847345857538177,0.24915544959803756,0.4787864075709444,0.49820121623401437
369,0.8908588994910908,0.23969264053642958,1.9917543888032827,0.25434697962064484,0.47547595714141244,0.5016708848094967
370,0.8910505011602223,0.23731422612875913,1.9849040007642156,0.25259011771346584,0.47909902483223155,0.5051130150876789
371,0.8909379174797117,0.23613570492651595,1.978107730376772,0.25084713490920785,0.4757930310377262,0.5016275133290414
372,0.8915120208466933,0.23496194022344521,1.9920457305166892,0.25601145196770303,0.47940672456201666,0.5050630652094812
373,0.8909975201545363,0.23496194022344527,1.9783272041482682,0.25424839010590244,0.48299186946163625,0.5015848714754474
374,0.890205775303275,0.23760163117214936,1.9715965221156335,0.2524992366292294,0.49342851840461505,0.5050138692308409
375,0.8906839647730724,0.2352488941409324,1.9717917361739365,0.25076383644684763,0.4969219598746709,0.5152887486270294
376,0.8903722760399705,0.2340810998057208,1.9582533681106309,0.24904208609537717,0.49351008210477226,0.5186167873874749
377,0.8901710698672978,0.2378867334887237,1.9653987988676564,0.2541931039754172,0.4969841396608971,0.5150595501170874
378,0.8904411029969667,0.23669852702601948,1.9519312868380945,0.2524512952963883,0.4935830974647026,0.5183825099897514
379,0.8909417944993326,0.23669828888899416,1.9522603391050377,0.2507231510303893,0.5038954385933363,0.5216794013512724
380,0.890533494230163,0.23669828888899416,1.93890958403854,0.24900855215653123,0.5004494921460464,0.518111837245621
381,0.8914049909899943,0.23550636804050623,1.9324951613568664,0.24730738078493514,0.49704317536009596,0.5282357695224535
382,0.8914905827219066,0.2456923171211396,1.93278831884882,0.24578707983732617,0.4937346603992405,0.5313717574890802
383,0.8930716073544855,0.24447136412664738,1.9332465767607356,0.24411127182221692,0.4971864427896704,0.5345669252962169
384,0.893039307917169,0.24447132349999612,1.9337012553051365,0.24244855323254808,0.5006113925469499,0.5309258219687168
385,0.8925206187877649,0.24447132347082942,1.9341523855352083,0.24079881050960836,0.4972072371348168,0.5273131338353562
386,0.8917354461214706,0.24324123203395473,1.9481954087238103,0.23916193116957524,0.5006251241293319,0.5237286145735022
387,0.891969035157933,0.24002829842266946,1.9417562981406638,0.23753780379254807,0.49722602853147774,0.5201720201903508
388,0.8924907152684919,0.24002826369920502,1.9285831837379692,0.23592631801170094,0.493852883470513,0.5166431089991732
389,0.8931263044147347,0.24384866984675732,1.9493992280649395,0.23432736451436323,0.49728321594758185,0.5199189843057913
390,0.894382372070413,0.2438486698467568,1.949741824069875,0.23274083498408835,0.4939163257482917,0.5231694058257096
391,0.8947378882790573,0.24018423388306506,1.9365541572778677,0.23116662216125583,0.49057557373916155,0.5331583949030217
392,0.8947820485935344,0.2401842271760894,1.9437399045868846,0.2296046197852084,0.49401779153219555,0.5295558216947356
393,0.8946356298815151,0.23590483463571815,1.9373693889284256,0.2280547225959279,0.4906830294211631,0.5327314551396415
394,0.8939789611846498,0.23590483463571815,1.937791740994635,0.23326036688605886,0.48737408850897795,0.5291389589630385
395,0.8934970387043134,0.23853740829070091,1.9449470039051306,0.23168956046054515,0.4975639326063169,0.5255755193395546
396,0.8943663652155925,0.23617386107917168,1.9520475812145373,0.23013027420485777,0.4942154045655535,0.5354984948209396
397,0.8946247193003464,0.23398358728863267,1.9590933218984723,0.22858303006809674,0.504339306753434,0.5318981562335076
398,0.8952411086638371,0.23167864066865612,1.9728013170752987,0.2270477246534501,0.5009518511393976,0.5283255982922527
399,0.8953113696469508,0.23318064140867253,1.9864032162472203,0.23223457803538813,0.4975905447803657,0.5247805909566603
400,0.8957514946426253,0.23204243962039536,1.9797911577539749,0.23067786310499064,0.49426111334637496,0.5212628814577734
401,0.8946759786508508,0.23204243962039492,1.973229985668031,0.22913312865390706,0.4909512934991752,0.5244687448643027
402,0.8940095887964931,0.2410868854866499,1.9867886448418557,0.22760031412269663,0.4943567628181908,0.5477193482861865
403,0.8936657358705894,0.23994513580347662,1.9801938169336266,0.2260792336853162,0.504419158768813,0.5507419946044894
404,0.8937186676033472,0.2399451357975034,1.9736496105378276,0.22456982897220631,0.501051560007396,0.5537414392668426
405,0.8945159239155269,0.2399440719518757,1.9671555934165263,0.22307200028877716,0.49770966230723995,0.5567178803834035
406,0.8955181799888312,0.23879371020817716,1.9807006423855202,0.22824875054442387,0.49439337222303614,0.5663346158910344
407,0.8950337177028501,0.23736886186162243,1.9741726655352312,0.2267294259969891,0.49110248550879226,0.5625648424226892
408,0.8957272636917206,0.24102718678896212,1.9676946206845165,0.22522172558367784,0.4944867735109608,0.558823907425439
409,0.8960723393749822,0.2398700051977612,1.9546229456101472,0.23036868759008933,0.49120500786191784,0.5617546948299958
410,0.8967018342590491,0.24235795181229083,1.981470100550563,0.22883984521866194,0.49458162709992404,0.5580266083926042
411,0.8957738921379825,0.240049051349943,1.9815929513623516,0.2339525362665742,0.49130261655678925,0.5543269649041064
412,0.896619685897384,0.2389046082727322,1.9817148657139834,0.232403011824441,0.4880486000632525,0.5506555228468435
413,0.8960899072479647,0.2389046082133127,1.9752192287226398,0.23086528875104273,0.4848193666734881,0.553628665772136
414,0.8959535947961645,0.2377583207871221,1.9819930393691734,0.2293392669962555,0.4882262861363916,0.5499691750249013
415,0.895481425163544,0.23661652175598266,1.9953187521976494,0.23442825024385558,0.4982091543846491,0.5463375070307509
416,0.8960114673363039,0.2366165217549639,1.98875283076097,0.2328817733285551,0.5015193697929861,0.5427334262866127
417,0.8959597164608998,0.2354729302214534,1.9888269519591568,0.23134703372358303,0.5048044614279196,0.5589273270661782
418,0.8961658527834159,0.23506054218551506,1.9889005110872215,0.2298239322369657,0.5014810633031872,0.5552475606604299
419,0.8956419282000815,0.2350605421855151,1.988973512891454,0.2283123705929137,0.49818280131149867,0.551595674159844
420,0.8944579206635889,0.23380006892309874,1.9890459620743381,0.22681225142268857,0.5014800259249118,0.5479714323245393
421,0.8940457607649289,0.23266509375368707,1.9759900612668033,0.22532347825556676,0.49822746392872436,0.5509385030983027
422,0.8932182226515165,0.23152808717027132,1.9958195237897178,0.2238459555098997,0.49500445176721225,0.5473258117973624
423,0.8931758742456248,0.23070657096068897,1.9958466669936432,0.22237983068675984,0.49176178337073295,0.5437465152182248
424,0.8933153443857863,0.23439817555764447,2.0089623250114053,0.22746876280879003,0.48854357709162344,0.5401881085054392
425,0.8941632199261034,0.23327253146531637,2.0089037320384358,0.22598164076693747,0.48534962680237625,0.5366565218691661
426,0.8950023268266658,0.23104114199692147,2.008845580309434,0.23103688116210297,0.48871092751649015,0.5331515304237822
427,0.8947087017037726,0.2310411391054136,2.015312501644211,0.22952944972031614,0.4920471894732256,0.5296729110096217
428,0.8950376111922536,0.23006370212109017,2.0152126930106022,0.22803335056671437,0.48884191708139857,0.5262204425145641
429,0.8934070828885401,0.23377407533797379,2.034648422101842,0.22654849858581164,0.49217037369221345,0.5293055051455999
430,0.8932057086309394,0.23632945895298,2.034423023010602,0.22507478795284086,0.49547384761990054,0.5258623286729011
431,0.8942181786407764,0.23632945895297353,2.021202143712715,0.22361211938742193,0.49226010203011256,0.5224449654716126
432,0.8946366464437124,0.23453991728999676,2.014572403640822,0.22216040854095437,0.4890678771795062,0.5320373913014544
433,0.8943453614654928,0.23340966770778512,2.020963497706151,0.22720516882077502,0.4858959762604334,0.541558016815943
434,0.8945085726888062,0.23340944898597046,2.0143485500804807,0.22573307868688902,0.48274851546557274,0.538049196054429
435,0.8948257511508485,0.23198122716446004,2.0142556769855715,0.2242719882266414,0.4860968843007071,0.5410392403876506
436,0.895578730235384,0.23456607897127815,2.0206296744961976,0.2292879830702018,0.4958860501916422,0.537540784773734
437,0.8953343316280771,0.23414529080316573,2.0204964126925593,0.23426656251801697,0.49268418625072213,0.5405281391860215
438,0.8954440485006714,0.23188831367777243,2.0332706597140393,0.2327547799894747,0.4959580269827752,0.5370399717402553
439,0.8946426806552499,0.23188829349772314,2.026609362369309,0.2312542546592129,0.49276079659390426,0.5400245860598146
440,0.8948933784848346,0.23076388047739063,2.045759081016727,0.22976489303390318,0.4960276021268605,0.5365466310427859
441,0.8940221648210531,0.2307638804773906,2.032596816295411,0.22828660246985788,0.49927028286208913,0.5395284562170233
442,0.894069049826304,0.23076388047739058,2.0195323076683915,0.22681929116468902,0.4960612249419041,0.5424881353860649
443,0.8942358596763584,0.22306761525474603,2.019406889312084,0.23178394022099089,0.4992970523351639,0.5454258520452061
444,0.8943141799167608,0.22305779882649795,2.025697055036116,0.23671178060176126,0.502509608574397,0.5483417880164024
445,0.8946085186749294,0.22570001936841141,2.031940624829417,0.23519487404756215,0.499289405013299,0.5512361234834451
446,0.8943225797548445,0.22086186847605133,2.0317361461325643,0.2336891946311888,0.5088967107080138,0.5477071992751623
447,0.8941166574399646,0.21879696624364314,2.0379286186260006,0.2321946496226286,0.5056423567942915,0.5442043712470155
448,0.8941166374618048,0.22491216493839924,2.037686266017474,0.23710021885797367,0.5024117863495309,0.5407274262837856
449,0.8947892713021494,0.22836175280867307,2.0502110493231664,0.23558688854940493,0.49920506236659623,0.5372802573759542
450,0.8944960888739416,0.22777543224701757,2.0626434525698927,0.24046100174270194,0.49602200417002007,0.5402306887180369
451,0.8952046109068734,0.23464857237617268,2.0558745110920187,0.24529919560437138,0.49286238942850674,0.5367894699232673
452,0.895700439231292,0.23805770281194213,2.0555189429162084,0.24373823233950337,0.48972603906786316,0.533373587751511
453,0.8960301526744872,0.24145474062336741,2.061523145704458,0.24218877875823927,0.49296993165474473,0.52998285269826
454,0.8960052451684201,0.23683076680029944,2.061132422829139,0.2406506796424865,0.48983916473871114,0.5266170231116091
455,0.8959544481778247,0.23683076680029944,2.0607445694147417,0.2391238762956411,0.48673139011199656,0.5296203917890904
456,0.896314541744047,0.23578296245319935,2.060359561928505,0.24394641445085846,0.48364641921196455,0.5262635844618355
457,0.8960045732710884,0.23578296245255945,2.053645573648398,0.2424017937142676,0.48058463252481237,0.5229313869081136
458,0.8955777223918717,0.23578296245255942,2.059631714688262,0.24086848728584662,0.47754470656073633,0.5259490723800038
459,0.8955774378748393,0.24272245394449338,2.065571285545136,0.2393491622907396,0.47452886855673787,0.535261985200718
460,0.8952826912822212,0.24165888140338665,2.0651573447433407,0.23783819017354033,0.4715332454387328,0.5318829638275301
461,0.8943663261647815,0.24059898400335133,2.058439901430215,0.24264478403331644,0.4748660466316201,0.5285286296755276
462,0.8947816560237907,0.24059898400259067,2.064371940395184,0.24111606768720273,0.4718742844575716,0.525198781235583
463,0.8955279447418085,0.24059898400259055,2.063966788144934,0.23959850092138604,0.4689043507974479,0.5218932188004635
464,0.8954808280706381,0.24059780473846604,2.0635645882941156,0.23809199287054283,0.4659630575487332,0.5186117444474109
465,0.8967061789497164,0.23952471703691103,2.0694466678524672,0.2428778045325738,0.47559888211841017,0.5279168641246932
466,0.8961950344002148,0.23845553786119925,2.081561030634112,0.2476288014582711,0.4726144645352713,0.5246041473485964
467,0.896020826989645,0.238390399102828,2.0685121389632837,0.24607646580380238,0.4696517547027942,0.5275843092995143
468,0.8961829890411723,0.23732006576494016,2.074345614513286,0.25079793850457255,0.4667105440717857,0.53054282921102
469,0.8966690599108768,0.24074770215226063,2.0613679361788977,0.24922887742330052,0.4700474272825477,0.5459919577148379
470,0.8959661717312836,0.24198555391618534,2.0734838795133497,0.24767174232427533,0.4671098957190703,0.5550792684910155
471,0.8969407095718968,0.24198555391618493,2.060537511077693,0.25861288706537006,0.46419336626377256,0.5578572537802616
472,0.895942891475431,0.24090059089775703,2.0539223710965353,0.2569997800974418,0.47377446449946853,0.5543775995627407
473,0.895924560453294,0.2392207811225273,2.05358589024184,0.25539881153009514,0.4708224705229545,0.550926097847008
474,0.8951404009396493,0.23831950032410934,2.047027241340725,0.25380893572767804,0.4679231306345879,0.5537216157796286
475,0.8940484545994275,0.23742812662201315,2.040515935389709,0.25844938644906496,0.47123203997971885,0.5564969543613312
476,0.8928049764211801,0.23742601850080125,2.0402642246786415,0.2568437347909643,0.4745455684423472,0.5530396420040649
477,0.8938984320756609,0.24068729297712718,2.0586336036549966,0.2552496533390282,0.47780676211665685,0.5558136680748713
478,0.8932782040768773,0.23983155030172168,2.0520656911952107,0.25367119796302096,0.48724098118944076,0.5585757772785246
479,0.8940680504970843,0.23976570270280675,2.045549170163347,0.25829397710681606,0.4904170275528856,0.5551159450351693
480,0.8933001037926811,0.2397656661357644,2.0452673194632705,0.2566956968744435,0.48738251942198474,0.5578688136800853
481,0.8922185567228799,0.2357358354977827,2.0449874927751637,0.2551088941311126,0.48436969167190136,0.5606019135641388
482,0.8924443570521449,0.23573583496311185,2.050885144453016,0.25353347665110554,0.4875539614408855,0.5633154035363738
483,0.8922526551543151,0.23474118682771675,2.044401920587483,0.25196935302140905,0.4845584960780144,0.5598401428123008
484,0.8930765243085309,0.23276433141697678,2.0502913977081225,0.25041643263396507,0.4877353169692606,0.5563897741025439
485,0.8930763770183835,0.23017322539219706,2.043824783014577,0.25503159764564354,0.4847323442950514,0.5529663961144203
486,0.8931592358239798,0.23109392660560785,2.0435552247471596,0.25346294468562414,0.48175084456912765,0.5495652011509785
487,0.8935950148154697,0.23109375992453132,2.0617216032383023,0.25190549844980026,0.4849355635862477,0.5523329744948162
488,0.8935622367837234,0.2331149879641413,2.0490656659426794,0.2503591693102133,0.4880973014272105,0.5550809913925502
489,0.8932520465439887,0.23311498726658106,2.061029562522946,0.24882386842526774,0.4851041065369385,0.5516770164566632
490,0.8934988198732415,0.2342440854506309,2.048403151430987,0.24729950773226383,0.48213316571763043,0.5482972974433762
491,0.892508598997534,0.23336366640104633,2.0419867765919553,0.2519061406800199,0.4791826359011617,0.5449416408156537
492,0.8925856098327705,0.23075405830003068,2.047823229239876,0.2503868434412085,0.4762630084918928,0.5477168939160562
493,0.8926428607626417,0.23075405830003065,2.0475311291310936,0.2488575024625799,0.47335403561871936,0.544371486948818
494,0.8923679524609531,0.23364696635569313,2.0533428658374744,0.2473390671138561,0.4704657202586512,0.5410498367474533
495,0.8908016116809988,0.23653283656880741,2.0713048176237363,0.24583137295971608,0.47369360717218884,0.5438474634216665
496,0.8912903799143388,0.2356409230148342,2.070870598636171,0.24433435419666855,0.47080904098714244,0.5466252573942095
497,0.8913569366517398,0.23475121316094147,2.070439455234723,0.255014998538661,0.47402838997830204,0.5493833761686981
498,0.8912135379207551,0.23469434423883417,2.057856464315311,0.2534651578018006,0.4711475238808606,0.5521219758758615
499,0.890864958850979,0.23469434423841962,2.0514338210905136,0.2519262757952217,0.468287010615382,0.5609125862239236
500,0.8900802747255536,0.23290892568344163,2.045056552599011,0.25039826569265144,0.4715120189393572,0.5635757860114148
501,0.8903210492340997,0.23202188883593733,2.044783543938499,0.24888104142297154,0.468655012415763,0.5601609426299116
502,0.890735451090852,0.23317210375201644,2.056618836914176,0.2473745176848196,0.4658181555205619,0.5567701830742794
503,0.8904750375029514,0.23228856570556836,2.050229317043669,0.24587860986208399,0.475095640485937,0.5594504549466596
504,0.8897927108981949,0.232288565385595,2.043884783197905,0.24439323410947153,0.47222554969926217,0.5621118560844557
505,0.8893669004872257,0.23140281583688554,2.049654991838812,0.24895336306992485,0.4693756421782364,0.5647545354471201
506,0.8891973608656143,0.230823994736356,2.0433265970004073,0.24745241734003767,0.472576952681449,0.5673786406747716
507,0.890191190507614,0.22994052371442578,2.031019645596454,0.2459620119983438,0.4697306227800934,0.5639613204242175
508,0.8902736191596904,0.23644092763220223,2.036849978684337,0.24448206416614443,0.4669042640895413,0.5605679777256248
509,0.8897569061204004,0.2374956997591109,2.048650402293153,0.24301249134155478,0.47010868368156106,0.5571984243828066
510,0.888415695332861,0.23736916768116076,2.0363483472020625,0.24155321207508718,0.46786790573159454,0.5538524724791762
511,0.8879278007598668,0.23736916768116076,2.024132387477638,0.24010414550743972,0.46506118867658436,0.556528890899843
512,0.8889982878867688,0.2364984424685843,2.012001847339067,0.2386652114769711,0.4622740965636388,0.5531936366985367
513,0.8887536400968254,0.23930285716223687,2.011929992645084,0.23723633053220974,0.45950647637909614,0.5498816841442582
514,0.8889152970827848,0.2449260183671028,2.0057737056932727,0.23592137376592495,0.4628431094202987,0.5584508687408363
515,0.8885096890374133,0.2440273728790401,1.9997642018212414,0.24048674810102447,0.4660526577653144,0.555114121479459
516,0.8886728111806129,0.24685135431095168,1.99379615381127,0.23905169611323382,0.46327077364563,0.5518006264613967
517,0.8894860316668486,0.24595638898175812,1.9938331477671878,0.2376262146233566,0.4605082587678631,0.5604363376242795
518,0.8902913714487433,0.24779422729432538,1.981955671370238,0.24216775486076864,0.46967917204257525,0.5570979262594995
519,0.8903619605592341,0.2477942272943254,1.9761119022838074,0.24667773099916707,0.47283519277819896,0.553782550897344
520,0.8899459770919191,0.24689224386401712,1.9940895383723556,0.24521118120111035,0.47002409442130016,0.5504901998411857
521,0.8876898864240812,0.24421215628084353,2.000063905405701,0.24375480744513495,0.4672324975933153,0.5531599568759114
522,0.8869756058829543,0.24421215628024415,1.9941301992828042,0.2482418574278593,0.4703935813860992,0.5558112049466686
523,0.8873939333032261,0.2433229527964445,1.9882375953296048,0.24677042948865752,0.46760537207728053,0.5525166915058094
524,0.8877059124512662,0.24332223173376002,1.988307246081349,0.2453091852614978,0.4648364947309098,0.5492449793012911
525,0.8869147065332076,0.2424307660375234,2.000207522481733,0.24385804561679886,0.4620986462040234,0.5459958911627188
526,0.8862910170796238,0.2424307660375193,2.0061159371451724,0.24241693210082557,0.4593678092270205,0.5486788924797267
527,0.8869557188631584,0.24432278334325697,2.029694767715326,0.24098576692943194,0.4625595580675958,0.5454396380498044
528,0.8851845219535847,0.24432278334208635,2.0236217993411305,0.23956447298186642,0.46572931549316515,0.5481205594148915
529,0.8859734561384969,0.24252799958352772,2.02937455983814,0.23815297379463854,0.462985373437527,0.5566749440647968
530,0.885831530235064,0.24532037802971818,2.0350876315795103,0.24263732108861547,0.46614622948806966,0.5533983667855527
531,0.885367853422447,0.24262404765241133,2.034881310460602,0.24121057321987707,0.4634052315798908,0.5560244587878347
532,0.8856918035492829,0.24262386931948635,2.0581735649962245,0.23979363251569516,0.46656080264537475,0.5527582102247627
533,0.8850309878550394,0.24262386931948632,2.0637005962082346,0.2442548412527781,0.46969124683839436,0.5495143939895614
534,0.884532089974308,0.24206647992855726,2.057464595593502,0.24282288441677247,0.47866300015866947,0.5521553895159559
535,0.8843674775057984,0.24173934258111954,2.057128043104405,0.24725743825474764,0.4758607310916636,0.5547782778671295
536,0.8846932288880063,0.24173915620378855,2.0801971526577203,0.24581077475836016,0.47893093037440704,0.5515323594072278
537,0.8847747951664426,0.24122810118367416,2.0680384185620166,0.2443740129378148,0.476131583295071,0.5483086576148337
538,0.8852627998000148,0.24047621820483553,2.085158579542578,0.24294707662751386,0.47335139710169966,0.5509461507334739
539,0.8854252506872787,0.2406118202237435,2.1079950745616114,0.24152989032880412,0.47059019113485634,0.5477323094336436
540,0.885506775139435,0.24513074727391837,2.1131898095073964,0.24012578728224918,0.467848971076283,0.5503667554403913
541,0.8850865726662978,0.24513074727391837,2.1125308571525676,0.2445495150367467,0.46512531439255234,0.5471627084409719
542,0.884892763064022,0.24425881955425907,2.1118763957816675,0.24312725437941426,0.4624202561210697,0.5439804981092191
543,0.8840551455268003,0.24425881951071668,2.10541636470914,0.24171467864363286,0.459735424936369,0.5408199571228589
544,0.8850274418293625,0.24425881951061498,2.1106087241776312,0.24031171367667317,0.45706709811248875,0.5434851387216705
545,0.8851552783946138,0.24425881951059958,2.115765786412229,0.23891828595051579,0.4660136677667149,0.5403337848011197
546,0.8856330820269211,0.24425881951058004,2.115095198934682,0.23753432255614207,0.4633142291542301,0.5372038352623765
547,0.8854153549370423,0.244258819510577,2.120215994873738,0.2361597511978812,0.46063310727571893,0.5398819591895447
548,0.8862086796833709,0.24425881776381925,2.1310831176526714,0.23479450018781245,0.45797019232851355,0.548322972613402
549,0.8861063125775339,0.24419971806882895,2.136101347679486,0.23343849844022238,0.4611007159941237,0.545156259131984
550,0.8865793557235828,0.24419971806882895,2.1295466131083187,0.23786117356992137,0.45844040287057,0.5477804792324495
551,0.8868754984575401,0.24419425873720826,2.1345636727044783,0.23649020563368964,0.45579810700817563,0.550386951124459
552,0.8879685609381749,0.24419405117764342,2.128030888389078,0.23512850197326232,0.4531749466590753,0.5472178392198481
553,0.8888931747958005,0.24328203880487798,2.1157899960298976,0.23377599214883546,0.4505681866857139,0.5440701242578796
554,0.8885098839448112,0.24519424324863126,2.120870544793664,0.23243314045316468,0.45947158814413763,0.5409447498603281
555,0.8891240730546355,0.2451942432476368,2.114435937912082,0.23109880626799528,0.46257461183293125,0.5493207813269104
556,0.8897292056108511,0.24709620504470334,2.136719588587331,0.22977345813628133,0.4656567382430391,0.5461704350183322
557,0.8906309685264082,0.24709619764436733,2.1359362875234043,0.2341862805850644,0.46298891960871963,0.5430412866113211
558,0.8915062950484086,0.24524813013810715,2.129434726361657,0.2328459092603791,0.46033899037315473,0.5399331755517168
559,0.8917511117822907,0.2451930735090463,2.117259032587979,0.2315145416197039,0.45770686238334296,0.5368459426244133
560,0.8923154923071823,0.24803121258840494,2.110877147727167,0.23590420021233233,0.4608051702649045,0.5337794299479052
561,0.8928218880311154,0.24709770562896224,2.0988316776274787,0.23455804087136445,0.458175640211151,0.5307334809355767
562,0.8928218668837734,0.2462237457065493,2.10396875117335,0.23322109780768144,0.4555637284766942,0.527708002646488
563,0.8927743685872336,0.2435001178069894,2.103376651210083,0.23189290830952478,0.45296987803628835,0.530397696146969
564,0.8932056744943903,0.24537887826058274,2.1084777994274315,0.23057360295180146,0.45039280204575366,0.5330855723500467
565,0.8929646366664196,0.24537887826058274,2.124912059250133,0.22926311448368042,0.44783323194844993,0.5357393278762702
566,0.8930367308328884,0.24733406422495408,2.1185248939116152,0.22796138056240176,0.4452904995461362,0.5326974740588888
567,0.894040643731894,0.24733406422483636,2.112180345976489,0.2323405732432733,0.44276470246005967,0.5296758831425992
568,0.8943253505091971,0.2455595162613996,2.1002115150686755,0.23102399767742712,0.4459223187426242,0.526674434382148
569,0.8939364415160683,0.24738033321813263,2.105304624211595,0.22971670575986441,0.4547194733267233,0.5236939911854286
570,0.894038597099413,0.2461415297434673,2.104709099773552,0.2284175993518498,0.4578031734173357,0.520732368444334
571,0.8942120138423629,0.24613544725387576,2.0984679330790224,0.2271271308350145,0.4608663697863486,0.5234400397945967
572,0.8941092739418609,0.24884772882417874,2.09226816415673,0.22584530062816455,0.45826526065084355,0.5204857676699597
573,0.8941027585794105,0.24792337761499686,2.08610961322362,0.22457191389717263,0.47259754541323284,0.5175511054548168
574,0.8937884758288057,0.24526153904991513,2.0743592283497208,0.22330697249455755,0.47556825289618243,0.5202685849951812
575,0.8942143763183658,0.24438285322859105,2.0851949027275287,0.22205041328794525,0.47289224023364623,0.5173410083365403
576,0.8941342232131424,0.2462220553820027,2.0790945615661847,0.22642359811708704,0.47585533705031124,0.5144328153396661
577,0.8950436395067698,0.24585738488093697,2.0674187701910594,0.22515204715308046,0.4787988317083975,0.517159666369679
578,0.8948361272962875,0.24552122456757106,2.083871116404624,0.22388890075058623,0.4761126792507267,0.5254786865899348
579,0.8952533249035258,0.24202315633984772,2.0721918826664787,0.2226340962750801,0.48465343595565147,0.5281381818386667
580,0.8958758004832185,0.24202315633984503,2.071787681494636,0.22138757160661826,0.48753885296655086,0.5251811447853437
581,0.8966980791425282,0.24029546965703913,2.082572920136801,0.22014926513524502,0.48481202437560217,0.5222436031450819
582,0.8973936838258508,0.24029546686196526,2.0876993163193873,0.2189191157564444,0.48210301138068595,0.5193254119642171
583,0.8978621059618371,0.23975005020620402,2.0760453363837166,0.21769706286663543,0.4849960869033198,0.5164264274774162
584,0.8979290154580085,0.24269535473150394,2.075621254897093,0.21648305095378126,0.4934447068316732,0.5135465162119554
585,0.8981527623619987,0.24264730061829398,2.064057847217042,0.2152770111870879,0.49069569818734277,0.5106855184670063
586,0.8982723281285594,0.2419025161212632,2.052570353198682,0.21407888906001843,0.4879649986387265,0.5078433031451041
587,0.8987578864207632,0.2419025161212632,2.0411582105679638,0.21844855356411816,0.4852519485783637,0.5050197311294041
588,0.8988914130602063,0.24144182664713842,2.0409296026178882,0.2172352093652781,0.48255864027020023,0.5022146644394763
589,0.8990316262466359,0.2405857611653069,2.029604853880103,0.21602981053138087,0.4798827825083818,0.4994279662212169
590,0.899694092713699,0.2397316029871465,2.02944074609744,0.21483229834844517,0.4772226614772873,0.5077460464315483
591,0.8998927438344948,0.24157496386814623,2.034815443470537,0.21364261458126757,0.4745799301090179,0.5104720170722212
592,0.900545636908055,0.2415748286934894,2.029090640184549,0.21246070146845195,0.47748752881107226,0.5076479851163981
593,0.9008055830844497,0.24340890397441242,2.0234031193386826,0.21128658030785763,0.4748486137897336,0.5048423832678814
594,0.9009293966370283,0.24294750971327056,2.0287950513888258,0.2101200366636104,0.4832701829654304,0.5075762197938825
595,0.9003993644097488,0.24477152117467402,2.0341518542972565,0.2089610932239506,0.4806046458464789,0.5047769998746192
596,0.9008548777223492,0.24390213059674687,2.022943448148267,0.207809694031583,0.4779564600407517,0.5019956216715559
597,0.9018214001725762,0.2430349974478946,2.02832175895024,0.21217038909240973,0.48633470918362814,0.5102415447085566
598,0.9025845523300522,0.2430349973414048,2.0226669110870676,0.21100364214677234,0.49465862614451106,0.5074356736048056
599,0.902111069019334,0.2413038375999252,2.011555173536064,0.2098444710143486,0.4974359350369468,0.5046480213234505
600,0.9024902753021194,0.24130383759990673,2.0114917573991273,0.20869282013972187,0.4947059514018177,0.5018784542611091
601,0.9009641047090827,0.24130383732365704,2.0004634903584613,0.2075486344171085,0.4919936626524006,0.5046094708834297
602,0.9017914653614493,0.24130383732365704,1.9895066495574611,0.20641185918640145,0.49477609012171353,0.507322799663492
603,0.9016761321344335,0.2375688643180254,2.0059790958295207,0.2052824402292514,0.503012188693147,0.5045468933294622
604,0.9016928437213019,0.23958605440064085,2.01141256913497,0.20962658296371475,0.5002628659181467,0.507255247499356
605,0.9021386507998158,0.23958605440062097,2.0277324808126926,0.20848186580271122,0.49753105834171846,0.504485256314974
606,0.9028341736582222,0.2395860543959009,2.0221259059397996,0.2073445375464912,0.49481688406008495,0.5017331448320675
607,0.9036237847725914,0.24228223839518892,2.0111056560479903,0.20621454429990252,0.4975700480260017,0.49899878263493114
608,0.9037358785644042,0.2397261143595573,2.016489579145606,0.20509183260182198,0.49486130848352805,0.4962820403581234
609,0.903402667251976,0.23972554906586965,2.021838838150023,0.2039763494213544,0.4921727224593847,0.4935827896772716
610,0.9035250438360112,0.2415817263448748,2.016286667942394,0.2083015508448121,0.4894984983365477,0.49090090330226377
611,0.9038515617434013,0.24158161992219648,2.016198262640081,0.20717087380059662,0.4976977559155679,0.4936643328391527
612,0.9045315190297117,0.24158161971783987,2.026955730156423,0.20604745813698902,0.49499914226229347,0.4964100152273016
613,0.9046093281587863,0.2415768136369991,2.0322269372875343,0.21034848372250003,0.49773487212281453,0.4937208467142988
614,0.9052799626474592,0.24157681340380815,2.026640712899953,0.21462193406425503,0.4950412244572183,0.4910489193164144
615,0.903823471402871,0.24157681340330484,2.0264966823112136,0.21346160011839985,0.49777123825830094,0.48839410804261535
616,0.9034936201907015,0.24157681196277173,2.026353573591037,0.21230869289624607,0.4950827914780129,0.4965582993956325
617,0.9039228470059298,0.24070034042333885,2.0262113800664547,0.2111631586392629,0.4924115211640631,0.4992746729297016
618,0.9046530338470143,0.24070034042333885,2.020679881087091,0.2100249440187852,0.4951475317556792,0.496583475582471
619,0.9047741699549373,0.23982252175662575,2.025953350024915,0.21427882264441248,0.4924812482279615,0.4992942862303976
620,0.9051956987075542,0.23894992764774797,2.02043429104614,0.2185055660130003,0.4898483421555024,0.49660836039039313
621,0.9050421957233201,0.23894992542971735,2.0203244757842835,0.21733130232581338,0.487216035954025,0.4939395534808008
622,0.905190441421198,0.23894992542399449,2.014846663608668,0.21616451658041835,0.4846017798376694,0.4966564382966919
623,0.9050977852897663,0.23806956735336016,2.0147670360489784,0.21500515489482597,0.4873660306903593,0.5100826964875615
624,0.9050057773524611,0.23806956735336013,2.01468791471909,0.21385316381607125,0.48475473832521565,0.5180656280715423
625,0.9040322079065976,0.23659855348834025,2.014609295976945,0.21270849031649638,0.48216282351396805,0.5259978511604408
626,0.9029298726903433,0.23572406494194004,2.0091839118631225,0.21157108179006742,0.47958457468993504,0.5338797302973297
627,0.9037206319055572,0.23572406494194004,2.0037929323882,0.21044088604872663,0.4823645921310572,0.5310277876194125
628,0.9030528364288969,0.2348484537036383,1.9930995300891003,0.20931785131877775,0.4797904146687834,0.5281939150803735
629,0.9024767662249508,0.23398033674820745,1.9984675647877217,0.20820192623730524,0.47726186233566525,0.5360404762545773
630,0.9022845615610451,0.23397972433808834,1.993149808401949,0.21241897785869596,0.47477079903290237,0.5331855686279671
631,0.90300930694477,0.2339797243380883,1.9931862554954303,0.21128878255942318,0.4722447360101544,0.530348704288547
632,0.9037264434041425,0.23397972329927438,1.9985377492524317,0.2101657241914153,0.4750500053634638,0.5275297541147682
633,0.9034902564083697,0.23304110610758663,1.9932355495528298,0.20904975172016058,0.48314746047320484,0.5353485184041011
634,0.9032273070453871,0.23180707473397072,2.0091854033073515,0.20794081451463398,0.48058452897125836,0.5325086781981364
635,0.9037635111660279,0.23180624936955188,2.0197354363618323,0.21743757211017586,0.47804284327092705,0.5402854355003452
636,0.9037403483471805,0.23759368318615537,2.0249250133209253,0.21628644562328458,0.4808061146950984,0.537425285384782
637,0.9034211591080648,0.23759368316756574,2.030081957503912,0.21514255705793986,0.4888407784928967,0.5398717351617947
638,0.9035489420428036,0.23729431998398895,2.0246395394219787,0.2140058555224982,0.4915419897377812,0.5423028139418097
639,0.9033474639951851,0.23639501806949206,2.019231287207868,0.2128762898582499,0.4889570209709765,0.5394404313366313
640,0.9031201835608383,0.23604873732503462,2.034948654808667,0.21175380930924342,0.48637878889893654,0.5471418512908293
641,0.9035384315231014,0.2360487373250346,2.034764557389055,0.21063836351883247,0.48381671374953417,0.5442596973556963
642,0.9029791405860764,0.22357641896398545,2.0398440016978387,0.21479229145702639,0.48127068203057655,0.5413955918602211
643,0.9027958360941333,0.22357641894907643,2.0396345366341775,0.21366310063565297,0.4787405815929321,0.538549405300575
644,0.9025981823819428,0.2231584533450889,2.0341745063088927,0.21254096884494392,0.4762262960586402,0.5357210113199702
645,0.9030012872609826,0.2231584533234183,2.023501954633208,0.21667247141585005,0.473727715218677,0.5381569092644457
646,0.9018161452148339,0.22315845330898934,2.0181373905068214,0.2155368083503608,0.47124472776444126,0.5353362236402138
647,0.9017323860614593,0.2215760356379675,2.018042420542711,0.21440822687411532,0.47401336672491984,0.532533126804051
648,0.9019734996870077,0.220000445828798,2.0074862240182982,0.21328667692239262,0.47676475694793785,0.5402093126705285
649,0.9024542185853052,0.21921772432454756,2.0126727842373855,0.2121721088221234,0.4742733364940474,0.5373863512176197
650,0.9029916809485515,0.21843726675240696,2.0073861687348655,0.21106447328855268,0.4717974125931793,0.5398014062338082
651,0.9030918306086355,0.218437266752407,2.002132408173628,0.20996372142193295,0.4693368758932473,0.5369862123915765
652,0.9028740762742484,0.21813607814163316,2.0021212982688583,0.214079831990281,0.46689272030581364,0.539398526858826
653,0.902440610031736,0.21735347082834544,1.9969054374306006,0.2129655850284932,0.46446262780132586,0.536591054692216
654,0.9024852454299537,0.21702551476151677,2.0021211456173114,0.2118582454148923,0.4620475997265704,0.5338009863763186
655,0.9026430098740338,0.2154094946917437,2.007304548120637,0.21075776457514842,0.4596475301919693,0.5310281995225753
656,0.9019566082326225,0.21540949465823017,2.012455871950736,0.20966409431305644,0.4624516290438588,0.5282725726951566
657,0.9020044209295837,0.21309785340380283,2.0227593845183978,0.20857718680732862,0.46005426034560787,0.5255339854028795
658,0.9030131662766423,0.21591441020072222,2.0174626561204767,0.20749699460841747,0.46802942484079335,0.5279911788067742
659,0.9022724444021696,0.21872259677133638,2.022545964828042,0.20642350009886823,0.46560798884946564,0.5252595190741602
660,0.9023317575684385,0.2163872256226464,2.027597949052871,0.20535659748390273,0.46837201050996174,0.5225447082402808
661,0.9015921897963809,0.21638669224621565,2.022292103839003,0.20429627002713768,0.4659548395449194,0.5250099757867509
662,0.9013421629371506,0.21605322922601394,2.0221771170066165,0.2032424717347727,0.4635514311017617,0.5326182496361207
663,0.9008565656300278,0.21450962529389014,2.027215868674256,0.20734818800923846,0.46120188974582105,0.5298736512633011
664,0.9013389027761407,0.21450962529387368,2.0425194063860213,0.21142866488250872,0.4588276774979844,0.5322938055662568
665,0.9016391841954962,0.2129755937704288,2.032015269780707,0.2103413432290344,0.466757387468034,0.5346990947116738
666,0.9017593005104724,0.2114571018896801,2.0267131931748628,0.20926069457214627,0.4694969721579787,0.5370896223684318
667,0.9014482979169833,0.21145710005301205,2.021443628692017,0.20818667240986832,0.47221978423838085,0.5343330313194887
668,0.90138692875548,0.210593648250077,2.0213335391813465,0.20711937154506432,0.46979862795508526,0.53672064798494
669,0.9012574430430164,0.21059363091712674,2.01610205898822,0.21118066899995905,0.47251454909996105,0.5339714545711743
670,0.9013181916165985,0.209848800113521,2.0211367491490426,0.21010003940205924,0.47009677230907415,0.531239076835202
671,0.9018036509185153,0.20984880011352103,2.021028698695079,0.2090260140410587,0.46769365112441674,0.5285233979476619
672,0.9005105438545137,0.2132394286647675,2.0107075843689777,0.20795854706770991,0.46555984927466865,0.530677024903348
673,0.9005683972318766,0.21526840836524871,2.0106529568643543,0.20689759299094265,0.4631846758118747,0.5279696393985168
674,0.9002567064776913,0.2137497895597095,2.0055020040662392,0.20584310665287617,0.4608239817816317,0.5252787585447991
675,0.9004138375187255,0.21173340230698484,2.000382426053198,0.204795043258975,0.4584781253073758,0.5226042680195806
676,0.900318894212187,0.21035454013632346,1.9952940056657644,0.2037533583530579,0.45614647848908735,0.5199460543777815
677,0.900924866090339,0.21035454013632346,2.0003993099182225,0.20271800781994823,0.45382861976284494,0.517304005044511
678,0.9010456698215581,0.2096148941134365,1.9902446580911293,0.2067652602852226,0.45152484410395605,0.5146780083077882
679,0.900732816735753,0.20887748582731896,1.9953653683853512,0.2057167043104372,0.449235441489596,0.5272816691938558
680,0.9003059125770083,0.20668709755448064,1.995388848216643,0.2046745085302672,0.4469595509809821,0.5296765405837479
681,0.899330854572727,0.20668709570340188,1.9954121857459195,0.2036386290885662,0.4446974490196142,0.5320568976006401
682,0.8993175986757723,0.2052632975681536,2.0055474773724637,0.21272111788321224,0.4424490375088486,0.5293667925422575
683,0.8992563213323621,0.20496290637215714,2.0004684629076235,0.21669765894180343,0.44527896683845836,0.5367949523270843
684,0.9001084295803373,0.20496290637215714,2.0055120447885555,0.215604214317276,0.44807805906116527,0.5340863141352284
685,0.900035059713031,0.20353118228017653,2.0054842591093265,0.214517374538351,0.4508602445323292,0.5313940372081764
686,0.8997329774639659,0.20281569475222605,2.0054566411267882,0.21343709423318816,0.4536267054911385,0.5337538730656461
687,0.8989554600544555,0.204898443593732,2.0104600202560134,0.21236332837559824,0.45134458639573594,0.5411303088986316
688,0.8987798026247976,0.20346677042236863,2.0154332525129273,0.21129603228197663,0.44907638582760484,0.538410694974488
689,0.8992653506832694,0.20346677042236863,2.015355765563425,0.2152559405688173,0.461884009438382,0.5357074538852846
690,0.8997991888375128,0.2034667704223686,2.005247223336816,0.21417626828368105,0.45956731319893124,0.5380362341870536
691,0.9004574028845437,0.2027499036195657,2.0052209308259297,0.21310308509630926,0.4572652349412923,0.5403510179425944
692,0.9003953033735448,0.20483844834359385,1.9951833178196317,0.21203634663085555,0.45998202362676727,0.5426519008676186
693,0.9002144746940431,0.20340373833298522,2.000208140732362,0.21097600884807666,0.4576817749828239,0.549939713908754
694,0.8999153627366113,0.20340373667957443,1.9952113631953188,0.20992202804254628,0.4603910791023524,0.5471923593359594
695,0.9001547174305926,0.20340373667851258,1.9902445175781662,0.20887436083989372,0.4630841741073184,0.5444614620891866
696,0.900034491287504,0.20268525331496376,1.9902931560354267,0.20783296419406727,0.46077534990317043,0.5417469099626282
697,0.9003929707082596,0.20196898349861098,1.9853607306556982,0.20679779538462198,0.45848033250092235,0.5390485915992187
698,0.9002714106004409,0.20478992575118368,2.0003609566899567,0.20576881202529101,0.45619903246733806,0.5363672450874174
699,0.9008657962476473,0.20687090380844028,1.990417519689314,0.20474597201622774,0.45890216991561694,0.5337010593455637
700,0.9007256902177153,0.20893946117691373,1.9854992518403614,0.20869508664700445,0.46158918257255893,0.5310507786744736
701,0.9004862158069022,0.20893946117653142,1.9905320781190452,0.20765977334810878,0.459299289571493,0.5284162943539081
702,0.9006035993054126,0.21454199366267399,1.9855545155488603,0.20669917946981292,0.46204751885008494,0.5356408084839143
703,0.9008398808481538,0.21378712350632811,1.9905770126245383,0.21062679422320849,0.45975993184575886,0.537939840533641
704,0.9006579734164639,0.21378712215397366,1.990623618996188,0.2095850279276848,0.4624320054550324,0.5352791743209014
705,0.9003585845632128,0.2165727326506311,1.9906664484477186,0.21349403612786272,0.4700222608838589,0.5326413142436278
706,0.9008903994248432,0.21657271154952218,1.9956486673579323,0.21244019815489704,0.47264054905264236,0.5349482654773869
707,0.9014783677990662,0.21504087229230326,1.9858076978146417,0.21139261019314384,0.470309857625879,0.5323103213973958
708,0.9012284251011538,0.21504087229230326,2.000656467229731,0.21035123001227876,0.46799298326026906,0.534614293904509
709,0.9008423487605004,0.2150000233488211,1.9908105147663406,0.20931601569875674,0.46569641995034916,0.5319832640349375
710,0.9007788679461232,0.21549388776083236,1.9810228249201423,0.21811979507034357,0.46832330346270884,0.5392006795658387
711,0.9003614234470828,0.21473346677258354,1.9958506158168299,0.21704849359167447,0.46602312276129704,0.5365523803359041
712,0.9003008104004299,0.21397543896567098,1.995870975263757,0.22089013826410533,0.46373652489142636,0.5388263411935832
713,0.9008849325014111,0.2139754389656504,1.9909894998146445,0.2198073978151213,0.4663651354779564,0.5361851681689603
714,0.9011173500876084,0.21672418455184514,1.9910333648452487,0.22362811475769057,0.4640819507442182,0.5434013340802751
715,0.9008203273468123,0.21564471511536978,1.9861853077991558,0.23231798589646388,0.46181641154788555,0.5407430576185583
716,0.9000534883487088,0.2156444306102184,2.0058009472050293,0.23606967219037517,0.45956256657300604,0.5429874608277805
717,0.9003472278641029,0.21564443040125822,2.0057726261277273,0.23491714533597635,0.4573189178780665,0.5452186632491073
718,0.9006987742674002,0.2125976910644086,2.01062173883307,0.2337713916139532,0.464843237225714,0.5425594860662724
719,0.9009905829663752,0.2118464801362179,2.0105699855522032,0.23263236563488884,0.46258174737445834,0.5496607083197399
720,0.9017452712979657,0.2118464801362179,2.0153860584686734,0.23150002234706796,0.4603301202834541,0.546985222421868
721,0.9016198282353479,0.2110947734488641,2.0104485838665367,0.23037431703409902,0.4580924339721921,0.5443254206440838
722,0.9014951681371245,0.2110947734387757,2.015255624007675,0.2292552053119438,0.4558671139397353,0.5416811981163631
723,0.9014981284627278,0.21043063396477085,2.015181589351116,0.22814264312627935,0.4585081551322875,0.5390524507477279
724,0.9008454858720881,0.2096803052253504,2.019956078976661,0.23188467810749558,0.45628608333794446,0.5364390752199251
725,0.9017701069265208,0.20893244119418175,2.0247026724727304,0.2307616036397779,0.4540761777322317,0.533840968981158
726,0.9016303518231106,0.2081862558729805,2.0197447460773876,0.22964508557414584,0.4518849228755279,0.5360964351045541
727,0.9012190131550716,0.2074433175778044,2.0148157396090287,0.22853508023548044,0.45453427495852927,0.5335051760601126
728,0.9005716245685755,0.20596761977861414,2.01474419828825,0.22743154427199008,0.45233945038348894,0.5309290194898216
729,0.9006256127509866,0.2136103475277926,2.0145878131158366,0.22641969511878518,0.45020003536403713,0.533149146286917
730,0.900447053304044,0.21330034627967356,2.014517513132974,0.22532855825267292,0.448030480958773,0.5305798526203712
731,0.9005054264049991,0.21284531496604303,2.0096333486071205,0.22424376504045052,0.44587353984559636,0.5328397694363226
732,0.9008874851595298,0.21255968050691434,2.014396478742154,0.22316527331886912,0.44372913015750926,0.5302770971579529
733,0.9016972724537153,0.21526137990545713,2.009522654343222,0.22209304132989613,0.44640181938184875,0.5277292990255888
734,0.9018696559415924,0.21452347464069846,2.0046770949686556,0.22102702759180706,0.44906508652539306,0.529996128514352
735,0.9019846419316795,0.2142777402033397,2.0046546666494423,0.2199671923222116,0.46129768902282897,0.5274547708033052
736,0.9019842820680782,0.21261541606069134,1.9998319378401563,0.21892366165950827,0.4590879522638352,0.5249382921223381
737,0.9025599688638991,0.21120725477493085,1.995047268032975,0.2178760081545776,0.46646198392227844,0.5224262135400347
738,0.9018902610925066,0.2112072547749263,1.9950709455140268,0.21683441028716316,0.464231973322312,0.5247093462342817
739,0.9025744883864332,0.21120725477492608,1.985542660886389,0.2253506534389152,0.4620148419541998,0.5269792928946341
740,0.9028356020863947,0.2111523795015644,1.9856116388631142,0.22427547411264054,0.45981050485347497,0.5244650013563193
741,0.903340773653062,0.21044574086127485,1.9809138487209237,0.22320649413119797,0.45761897365219195,0.5219652068975834
742,0.9033773927951056,0.21044574086127485,1.9857663358740703,0.2221436726573598,0.46020346004041446,0.5242414204339709
743,0.9037680574564444,0.21044573998172195,1.990590890425637,0.22108696915309928,0.45801434904920696,0.5265045312945933
744,0.9039128788198904,0.21044573747120443,2.000139788820441,0.22003634337719385,0.45583782797440586,0.5240025329460337
745,0.9040125382842895,0.20981632524594643,2.0001391251949627,0.2189917553828487,0.45842303712047516,0.5215149131895849
746,0.9035630099562645,0.20955211479691352,2.009623661438648,0.21795316551534136,0.4562489991450503,0.5190415775900517
747,0.903598137869205,0.20955211479691352,2.0048402080974594,0.22165839221144606,0.4540873562693427,0.5165824324022289
748,0.9037086029365112,0.2142077463813916,2.004807452219001,0.22535222482322098,0.45193813239213254,0.51413738486818
749,0.9032768839876356,0.21420774638137186,2.000056329146967,0.22901506282189857,0.44980119241402,0.5117063419991726
750,0.9032156573692826,0.21420774638056264,1.9906087320120966,0.2279332722643891,0.4476764820324511,0.5187365434461345
751,0.9027343338087501,0.21420774638056264,1.990653048881914,0.22685766786602385,0.4502828661601306,0.5210075988541459
752,0.9035125588584566,0.21347323006882388,1.9812686572624176,0.2257882091784157,0.4481601375494697,0.5185514504323367
753,0.9030878846302622,0.21201395460409644,1.9719378412841955,0.22472485604749443,0.45075989544349704,0.5161093242010008
754,0.9032537577559323,0.21181133278148165,1.9861842941824575,0.2236675686115515,0.4533439651472215,0.5136811286118267
755,0.9031899942770555,0.21044181121906835,1.995649441760911,0.22261630729736748,0.460571502229612,0.5112667727814835
756,0.9020290968686207,0.21238977036434117,1.9862790526277136,0.2215710328202373,0.4631027907683733,0.5088678479514729
757,0.9025555843863544,0.21234500527220548,1.9863434136858806,0.220531706180134,0.46562122407936785,0.5111716090656317
758,0.9027071568093449,0.21163016906037446,1.981721381859299,0.2194982886598346,0.4681253385935943,0.5087762451252803
759,0.9028020648412936,0.21163011493322564,1.9911696368923426,0.21847074182267628,0.4659345914200225,0.5063944888724562
760,0.9030225816448715,0.21429478140988445,1.9912108596322242,0.2174491014140881,0.47310886335244606,0.5087029530817485
761,0.902566352718911,0.21213140753214532,1.9819079425208694,0.21643318139908402,0.4709271442945757,0.5109982911802322
762,0.9018718184104789,0.21213120832244672,1.9866597042364604,0.2154230184204019,0.4687323553600516,0.5086132984883386
763,0.9021446755604443,0.21212759771064374,1.9820592501359737,0.214418575141553,0.4665468807372916,0.5062418099958562
764,0.9021203209751916,0.2121275977106033,1.9728268281057182,0.21341981449567568,0.4643737077105163,0.503883738188002
765,0.9014826260539924,0.2121275977105981,1.9729532740946643,0.21242669968340486,0.4622128192821485,0.5015389961815514
766,0.899600356819149,0.211402656966609,1.9870250707818178,0.21143919417075907,0.46937374756599787,0.503856186016178
767,0.899517709655448,0.2094106037830173,1.9777972430339645,0.21045726168704612,0.46719395620070864,0.5061602986924233
768,0.8995749341613606,0.20799513797205374,1.9825396507202322,0.2094808662227863,0.46503062504217585,0.5038120184959121
769,0.899431605479751,0.20795202590994896,1.9872553384329372,0.2085099720276534,0.4675101969672525,0.5014769691283214
770,0.9001735626162224,0.20724693982187672,1.9873143478815047,0.20754454360843325,0.46997569434555353,0.4991550652266862
771,0.8999459164997436,0.20993551836971278,1.9919985147363894,0.20658455925907823,0.46780182042498264,0.4968462220419906
772,0.900002884921719,0.20960846872254385,1.9827937292853464,0.20562995686785618,0.4656401647903785,0.49917123482430287
773,0.8998318500693437,0.2082327799790485,1.9874894190294539,0.20468071529577336,0.4634906482094709,0.506099452279496
774,0.8995865482849988,0.20784923326464735,1.9921587605666442,0.20373680005799252,0.465964849339769,0.5037655001817186
775,0.8998155045142574,0.20772182936014555,1.9875878475790676,0.20279817698097244,0.46381813689877527,0.5060516712215885
776,0.8998155024114554,0.20931252474662365,1.9784401075300386,0.20186481194369948,0.4616834449647604,0.5037226023100849
777,0.9006533466559912,0.20819184854504108,1.9785392363138696,0.2009366712614524,0.45956070162289053,0.5014065699353997
778,0.899904211302787,0.20753615209260123,1.9786378106963927,0.20460695883402066,0.4620434460263446,0.5036967279296486
779,0.9001314485887911,0.20688600071573662,1.987913127162765,0.20366808983545617,0.459923292000616,0.5013854417191187
780,0.900079886518161,0.2062456521237667,1.9833844740013773,0.2027344630685399,0.4578721555730262,0.5036711208275213
781,0.9000794358121532,0.205598933286386,1.9834605644428658,0.20638552332949892,0.4557753399521649,0.50136456983709
782,0.9006384123799165,0.20559893136323049,1.988111131880534,0.20544132996047706,0.45369022642145956,0.4990708764875477
783,0.9004045660592183,0.20559893042708777,1.9790248108330715,0.20450239558678696,0.4607573867173193,0.49678995861706876
784,0.8997313843745757,0.2049493355513381,1.9836863390194042,0.20356868662763175,0.46321944020415473,0.49908749514532286
785,0.8999246790858609,0.20380605548204747,1.9883219458590757,0.20720136675911333,0.474790196133919,0.49681105875081655
786,0.89986910691191,0.2063175615033937,1.9838185175202623,0.20625722802140287,0.4726267490364272,0.49454731353637793
787,0.9000933843084714,0.20816498949674636,1.9838921701226349,0.20531833470835575,0.47047531276833054,0.49229662827157994
788,0.900483592990339,0.20816494123371837,1.983965421025568,0.2043846426144736,0.46833590772688133,0.494605426581743
789,0.9007623982730416,0.20685422417982025,1.979495277265432,0.20799911416935635,0.47075127251194304,0.49235843973228716
790,0.9001431296910031,0.20869501146388314,1.9750498735873132,0.20705513635767842,0.46861481604770605,0.4946623375321562
791,0.9001299395077287,0.20739058628021173,1.9660951717125248,0.2061163666372161,0.4755600887233436,0.49241958213619197
792,0.8999618199166141,0.20694729390549782,1.9617193594402398,0.20518278726216224,0.47793691596348137,0.4947186067941066
793,0.9004635669400732,0.2062981631206982,1.9618925737119615,0.20877921832086932,0.4802991746817155,0.5015297838394196
794,0.9001823627939012,0.20565086383864378,1.9665851622904822,0.20783546726918076,0.4781284323610544,0.5128236947615795
795,0.9000864966226395,0.2046088386401522,1.9622202450780322,0.21141273364870544,0.4850009187801343,0.5150236915370255
796,0.8996952235180599,0.2046088361943321,1.9623906808408504,0.21045898763835333,0.4828129516357121,0.5172115645725279
797,0.8989709819873429,0.20710554572912948,1.9670668617535467,0.20951059936157504,0.48063701518885343,0.5148888805193045
798,0.8985897443955788,0.20645391024400617,1.9672151361348924,0.2085673228880968,0.47847305044006805,0.5125707039261899
799,0.8987658400546887,0.20580409411558792,1.9718603805878618,0.21662480223096708,0.4763209815210459,0.5147630561894947
800,0.8989824062556515,0.20580367196441887,1.9719868200482729,0.21565144425108168,0.4741807549199802,0.5124500766814603
801,0.8990995313185843,0.20515395237529843,1.9676237669737224,0.21468342835059426,0.47205598760038875,0.510149791496001
802,0.8992112210647001,0.2045055293720573,1.9677689521053414,0.21372072086755137,0.46993914527073116,0.516830744727504
803,0.8997679102022619,0.20702062565050777,1.9679133417170498,0.21276328837927802,0.46783389780681384,0.5279549207784331
804,0.9000344242952747,0.20582820854210906,1.968056940819596,0.21628645007107525,0.4657413294208944,0.5255921364666433
805,0.9004210089969505,0.20582819130155194,1.9637288751149717,0.21531945946602363,0.46365920668107014,0.5277131567471491
806,0.9009700597467083,0.20582819130153399,1.959424466231372,0.2143577543453517,0.46605472489720534,0.5253561730990003
807,0.9009700596916562,0.2045243439690406,1.959605511936905,0.21340130167888377,0.4639752137517875,0.5319359548004141
808,0.9008000300605288,0.2038764744290979,1.959785569831276,0.21245006820920037,0.4663651469720101,0.5340223440691132
809,0.9011799995307022,0.2038764744290979,1.959964645954282,0.21150402137010227,0.4687414397649246,0.5316443257663991
810,0.9013367827568507,0.20387647440795983,1.9512455851316364,0.21056312867065144,0.4666562058049759,0.5292792630996106
811,0.9007252281023665,0.2032258880450877,1.9514622562992787,0.21407149215224994,0.46458232295237145,0.5269270749694829
812,0.8997336701832387,0.20322588556515872,1.9561174413428564,0.21312108057716797,0.46251972881114484,0.5245876808435294
813,0.8996248848066326,0.20577645024029081,1.956312067090669,0.21217583884255023,0.46490361001685604,0.5222634537922086
814,0.9000095560758542,0.20511722155856227,1.9653672843013752,0.21566654737404672,0.4628437049291203,0.5199493974535926
815,0.9007727187301214,0.20445995579133966,1.961094189047577,0.2147119224194068,0.4652213700102129,0.5176478969380846
816,0.9008224722252858,0.20700970648575284,1.9524222911555407,0.21376247293461267,0.46316417656069747,0.5197808465695064
817,0.9007286493480959,0.20593796178442483,1.9482149186976037,0.21723571599863004,0.46995322462892847,0.5219022383708952
818,0.9008372224227881,0.207153220650269,1.952856582194196,0.2162770306746118,0.46787926064671814,0.5195990138746327
819,0.9008867425521548,0.2058397001180086,1.9574731475321132,0.21532352514115555,0.4702252336241609,0.5173082457178734
820,0.901533429160734,0.20453832478301226,1.9752777154322871,0.2143751721768357,0.47696284593792543,0.5194341729974222
821,0.9020676772313764,0.20453832476460987,1.970986576938958,0.21343193976335406,0.4792686933333144,0.5171487070842472
822,0.90228050042515,0.2057564622837194,1.9755096225055415,0.2124937962388328,0.47716205978113324,0.5148755712982556
823,0.901870580951634,0.20531188360554914,1.9712260393800662,0.2115607097588666,0.48384935680550284,0.5170058125266356
824,0.9012625789977934,0.20466365335562384,1.9801257320378145,0.21063264910161444,0.4861135755785895,0.5147378453094547
825,0.9016279481466664,0.2040173217895489,1.980212828034521,0.21409193305234483,0.4839832557873564,0.516864433876498
826,0.9016812440089051,0.20021083101497952,1.980299455675124,0.21315464504247494,0.48186439841040324,0.5189795867774649
827,0.9016893736384529,0.1937068856570241,1.984758989176904,0.22096980380066228,0.4841818391485213,0.521083597426767
828,0.9018757432427278,0.19308918489509874,1.9848255805454693,0.22000433754533857,0.48206634207005034,0.5231760897847844
829,0.902408384963833,0.19308918489500387,1.9761621036201429,0.22340890593148038,0.4799621935742237,0.5208925017324341
830,0.9025145295369702,0.19799554315543774,1.9719054502513615,0.22243483847419146,0.47786932186909226,0.5186211536961276
831,0.9016571640335126,0.19734643951598752,1.9720278338901847,0.2214658823892188,0.4801438212227449,0.5163619701702173
832,0.9016216276228087,0.1998346803866679,1.9634460014344686,0.22050211146030024,0.4823457400535741,0.514175266121463
833,0.9016213604626785,0.20083739077890098,1.959202330454984,0.21959864972650625,0.48035907657793164,0.5172919874335996
834,0.9012364962429976,0.20083738875286827,1.9593795182313711,0.22298799969395874,0.47827285032272004,0.5150453439851266
835,0.90160503505528,0.20083738873547863,1.9508782705073402,0.22635925648095878,0.4761977466099398,0.5171494384840963
836,0.90197868688783,0.2031607357315802,1.9424223676599959,0.22537812305488278,0.47413371117403863,0.5149080108941799
837,0.9015331683365514,0.2025701240609146,1.9340115311909036,0.22440221865412716,0.47208271327453516,0.5170084960722573
838,0.9015865377690759,0.20256948950847528,1.9342969806834687,0.22343151118657514,0.470043096630504,0.5147720475605841
839,0.9021191441370521,0.20256948950771297,1.9432237603183833,0.22246596878033015,0.46801184093890574,0.5125474990229597
840,0.9024238831104788,0.20490522565347266,1.9434688693198854,0.2215055597820677,0.4703084898049692,0.5146518827663958
841,0.9026809041151407,0.2049022037236751,1.9393998859442996,0.22055025275534748,0.46828014807638296,0.5124322971252713
842,0.9031518893652091,0.2042998159175484,1.9353525006503547,0.21960001647904595,0.46626322554244687,0.5188414523044953
843,0.9032040691542912,0.20364587610164742,1.9270224080403593,0.2186548199456949,0.46425990850745863,0.5166082749726342
844,0.9035619141373314,0.20305539980500642,1.9273362022938756,0.21771463235988703,0.4622636506594819,0.514386925875571
845,0.903614044130203,0.2024311402455797,1.9362394821377924,0.2167794231467839,0.46886911029298106,0.5121773389909243
846,0.9042372734467713,0.20185209344094737,1.9279305360716121,0.21584916191009246,0.4668570756996429,0.5099794425399664
847,0.9045982871215359,0.2018520815394854,1.9282394972163157,0.21492381849123038,0.4691427466718887,0.5077931652492264
848,0.904826657910773,0.20015997192490795,1.9242641201923756,0.21400336292724095,0.47141704208670837,0.5099011424983764
849,0.9037934033673845,0.20012151091856914,1.9160312993066944,0.21736619106598987,0.47367860949553847,0.5077195683934798
850,0.9033926135797916,0.19950568499327315,1.9163901940716201,0.21643713550836643,0.47165403763845043,0.5098236484652285
851,0.9039112270704156,0.19950564287186448,1.9210170749910875,0.21978285280169918,0.46964014428963197,0.5119166413448447
852,0.9040026637353039,0.2023352844247629,1.9133141308982717,0.2226195898125378,0.4681282076220822,0.5135078322205533
853,0.9038491920049936,0.20230082903832036,1.905160837215315,0.2216709306948273,0.4661333608335732,0.5155809437155809
854,0.9044674768529407,0.2023008290383204,1.9013074889000956,0.22072725828633702,0.4684060775277213,0.5133860708497401
855,0.9048765946719357,0.20401817511955322,1.9102328753820488,0.219788542358966,0.46641402731871523,0.5112027282897822
856,0.9051821300298218,0.20401817510139011,1.9106142583004933,0.21885475288890902,0.46443254259712596,0.5132794231912394
857,0.9053319884672154,0.20290413827960155,1.9152379760568723,0.2179258600566771,0.47095000491294986,0.51110089350047
858,0.9051004793694233,0.20256216207808944,1.9198374674154461,0.2212419267782589,0.46895313331391353,0.5131738709516765
859,0.9056584321207931,0.20139356860247454,1.920177024244677,0.22030477815373772,0.46696671604614465,0.5110001410700679
860,0.905676335281894,0.2013935555302243,1.912051563164696,0.21937253186705685,0.4649907490377748,0.508837782232469
861,0.9043984172857472,0.20139355536877004,1.9039685729880382,0.2184451583305529,0.46302505212125467,0.5109141171273237
862,0.9043749221104497,0.20371288181772365,1.9001509630651963,0.21752262870143294,0.4610696204459046,0.50875644197897
863,0.9050870164013641,0.20371288181772365,1.8963532756747532,0.21660491269817223,0.46334338158224386,0.5066100265400184
864,0.905009594372368,0.20543491573229178,1.9010048465763383,0.21569198188829133,0.46139051519401714,0.5086895311447795
865,0.9051338725721182,0.20543491565146413,1.9014216672068545,0.22320483850220466,0.46365834049707993,0.510758201502115
866,0.9052568447941632,0.20543491565138497,1.9060426250648004,0.22226597040184273,0.46170805112156144,0.5128161027602405
867,0.9037325320092289,0.20543491565075664,1.9022353407128512,0.2213319859206808,0.4639700204351632,0.5148632996328489
868,0.9037437461303987,0.2048319697524322,1.898447844352299,0.220402855733333,0.46202231933711657,0.5127019534900559
869,0.9035745945366102,0.2071664108374444,1.903067411383835,0.223672277883451,0.4642784302451182,0.5105518418208341
870,0.903676279093527,0.20712811043774393,1.9076630274580448,0.22692471490249727,0.4665228451837379,0.5126023924622898
871,0.9036761555436295,0.20399734558747024,1.8996788318391324,0.22597496052320226,0.46457114724432463,0.5104578365001506
872,0.904223602627132,0.20375224556307456,1.9000982891732234,0.22503012648418508,0.4626287131441295,0.5083235383536138
873,0.9043228493150534,0.20484825085994,1.9046925114316207,0.22826717867544394,0.4606963606985916,0.5062002887570972
874,0.9037335939164455,0.20427051026843862,1.90509020965281,0.23148745837103182,0.45877397111636636,0.5040880207975884
875,0.9039826569676477,0.20369504984884362,1.9013172323249388,0.23052247507676388,0.4568680582490029,0.5019866692931341
876,0.9040814726037936,0.20821358717361876,1.8974958330508849,0.22963038033856456,0.4591978115167747,0.5081571710607448
877,0.9034248503771728,0.20821358717361876,1.9020825715317116,0.23283534235584094,0.461447706150548,0.5060430892090071
878,0.9035246536392331,0.2080989048143343,1.8983333943250076,0.23186764968181856,0.46368600115232916,0.508096039864201
879,0.9027479656714846,0.21200279472455935,1.8945135738725432,0.2309948991105755,0.46194080658610287,0.5141104757301916
880,0.9028648401419196,0.21200233961195203,1.8908032844254477,0.2300367717422087,0.46002795007508446,0.5119780333296979
881,0.9026351479157574,0.21200233961195203,1.903686811121609,0.22908357219874018,0.45812174470518585,0.5140002418327544
882,0.9018551275603948,0.21082007791124405,1.9082250453366354,0.2281352711876792,0.4603648723682067,0.516012058121552
883,0.9015416626269952,0.21082007778904985,1.9127399761526291,0.22719183961169293,0.4667318877841357,0.5138781396499053
884,0.9016340820773324,0.2090636431357118,1.9172317418920495,0.22625324856717666,0.4648038343562068,0.5117551698254941
885,0.9020911744027209,0.21067878482038407,1.921700479954254,0.22944661107839992,0.46288566124034547,0.509643083707138
886,0.9026959653776043,0.21228107461931964,1.9261463268333339,0.22850059887973867,0.46922320925806305,0.5157878500933296
887,0.9031958323898095,0.21387065116523432,1.9182127310138126,0.22755942874599772,0.47140942347180737,0.5136633737627427
888,0.9023870063864933,0.21594412684308728,1.9226397373067945,0.22664738111266072,0.46946969174218023,0.5117187973268549
889,0.9023612197366775,0.2158949881172445,1.9188470733801382,0.22982637553663907,0.47144453042278284,0.5098309815135211
890,0.9015064085498555,0.21579548371993484,1.9109672174867824,0.23298913783167916,0.4736160295567061,0.5118438887861458
891,0.90150547010881,0.21734881838638895,1.911308738129654,0.2320570430038102,0.47576362898486474,0.5097559393599657
892,0.900103614364829,0.21949418546965874,1.9075732886418697,0.23110657634674098,0.47791155767202587,0.5076673728187223
893,0.9004126052399561,0.22102020542999692,1.9120459635257832,0.23016036686568206,0.4759548652898011,0.5096954572746242
894,0.9009366984582016,0.22041624749811548,1.912405709968758,0.22921897319447798,0.47400813178446294,0.50761071921023
895,0.9013944374706515,0.2204162474981155,1.9045914749209838,0.22828236705247879,0.472071298539816,0.5055365832400215
896,0.901279576378166,0.2204162474970398,1.9090629237053622,0.22735052026720914,0.4742263040495722,0.5034729869754001
897,0.9024282317624338,0.21981000200293213,1.9053558450989905,0.2305013168532879,0.47637036291417345,0.5014198684395621
898,0.9027243745732939,0.21981000023281358,1.9098152460038929,0.2377099645161091,0.47443211762735665,0.49937716606450794
899,0.9027243671500893,0.2234588654912334,1.9101822674513385,0.2408123145570074,0.47250129177063727,0.497344819738675
900,0.9023524773810432,0.22226452796356477,1.9186788322957604,0.2398332447490995,0.47058024528113424,0.5034541597921381
901,0.9030898288152834,0.22226452796356475,1.9230707619616358,0.23885913014380322,0.4727305539922755,0.5054709467294604
902,0.9030915166027568,0.22173813780979632,1.923382907986212,0.23788994170766023,0.47487031954541864,0.5034199612968269
903,0.9033847594130608,0.22173813780931378,1.9236934767313223,0.23692565059808354,0.47294579308787427,0.5013793395304029
904,0.9034335944959686,0.22845048232214363,1.9240024057155831,0.2359662998716485,0.4710306508951429,0.5033984512334314
905,0.9040661981742794,0.22845048232214366,1.920264428965104,0.23501171735393986,0.4731705534716289,0.5013619936492323
906,0.9040939813848293,0.22845048231873624,1.9165452948904977,0.23406194676797284,0.4712582936342369,0.4993358015944222
907,0.9041793798330688,0.22843599212010512,1.9168822295840489,0.23311696002093701,0.46935566602823164,0.4973198151372344
908,0.9039167995260006,0.22985783494095627,1.9252840670822797,0.23217673223551474,0.47149592627732967,0.4953342803790972
909,0.9044961013193257,0.23128051179137693,1.9296143872074945,0.23124122961068252,0.4776546811158918,0.5013969840646454
910,0.9045922413818716,0.23269258699150852,1.9298974081476674,0.23031072584709752,0.479757528611036,0.5074290773102197
911,0.9048606844854106,0.23030439140054587,1.9301793060226775,0.22938459597810354,0.47782831851677365,0.5053885938582894
912,0.9047884251976245,0.23170820420805263,1.9224253900986754,0.22846311222479335,0.4799259864917117,0.507375546700605
913,0.9044066001540081,0.2317082042080526,1.9227367113291887,0.22754624757906447,0.4779999636392879,0.5093525395746552
914,0.9050269288761139,0.2311031087408176,1.9150281263924345,0.2266339752090787,0.4760835788860343,0.5073104569062755
915,0.9049004579708051,0.23155992265212763,1.9193729549993275,0.2257269325933102,0.4781819513108456,0.509283764775756
916,0.9052335452834893,0.23096540045511474,1.9276978831494955,0.22882492541728058,0.4762686673338181,0.5072460373704565
917,0.905375297975737,0.23090942544353338,1.9319840504966588,0.22791027467834393,0.4743690192497941,0.5052184918045286
918,0.9046197915797006,0.2343481545847321,1.928155640003836,0.22710703137843524,0.47268856393021635,0.5109737248696805
919,0.9046443541579572,0.23434812960781987,1.9364205951040563,0.22620106109730342,0.47479226835944127,0.5089353599350441
920,0.9046686679753176,0.23374650118807982,1.94065916154962,0.22529960679769545,0.4729055311566937,0.5108923460297361
921,0.9049064410279474,0.23136034250010307,1.9369142025112809,0.22440264237816934,0.47102279624528626,0.5088583777369802
922,0.9042411146574271,0.23136012432215988,1.9530740210915196,0.2274873699018234,0.46915193214269346,0.5108117599466003
923,0.9044771966771242,0.23073090743761435,1.96518022813165,0.22658350508262196,0.4712611256908203,0.5127554284691304
924,0.9046438733403864,0.23073090743760877,1.9613491561192935,0.22568413137035268,0.4733598391168505,0.5146894393271625
925,0.9042905712990339,0.2307309066757535,1.9733983614312682,0.22478922288160272,0.47148282091891014,0.5166138481803194
926,0.9047632352937617,0.23211494421682233,1.9655810386901917,0.2278601042068508,0.47753781275929935,0.514567428465346
927,0.9045044071347849,0.23211494420443415,1.9696746394824076,0.22695837257007334,0.4835627928778189,0.5164884751917956
928,0.904646103864168,0.2315172356679542,1.9658410927823815,0.22606110715259922,0.4856100165150783,0.5184000070962934
929,0.904197375717952,0.2303307741191017,1.9659760013953667,0.22516828375353085,0.4836921093162542,0.5242524751590961
930,0.9041973270592677,0.23160814616159298,1.9660407108942213,0.2243494073854577,0.4856944545308601,0.522218825876708
931,0.9042715499520598,0.23179155258823644,1.9622329710698354,0.2234651132110722,0.4837800444082027,0.5201604515273902
932,0.9043191510814342,0.23082896690916543,1.966319338412005,0.22258518499559027,0.481875086046928,0.522049893587245
933,0.9027951195691469,0.2308289657527805,1.9703855468740583,0.2217095975957386,0.47997953420562234,0.5199962964040904
934,0.9032264582247349,0.23082896575278053,1.9665721388739386,0.22869789917227165,0.48595289007770703,0.5218826084676577
935,0.9033532505308688,0.23082896566469854,1.966703371931869,0.23565178085598437,0.4879709681817921,0.5237596297674617
936,0.9032164747604894,0.2307959569304734,1.9707558938937797,0.2347275699456403,0.4899792085499289,0.5217054786701497
937,0.9032163748631672,0.22794721023192277,1.970870472733863,0.23380790385626588,0.4880594627667375,0.5196614288915706
938,0.903406271229817,0.22716121445863013,1.9670703898514244,0.23289275663717166,0.4939843391929796,0.5176274227537242
939,0.9027996955705386,0.2265989382094992,1.97110933735703,0.23198210250425547,0.49205298673492476,0.5195135895345963
940,0.9021504500532818,0.22659872023009833,1.9868473057414744,0.23498219419240918,0.4901334735678114,0.5213905031989892
941,0.9023321483358362,0.226595587580363,1.9829962584462235,0.23406520578081608,0.4882207897284126,0.5193558424410056
942,0.90285982396508,0.2260327525060576,1.986961020688073,0.2331527087544111,0.4941146299934824,0.5173311473980472
943,0.9030984852596533,0.22930139977757505,1.983117146286196,0.23224475619156948,0.4960847609275917,0.5153164400016631
944,0.9034316262545025,0.22930139977757508,1.9754014632450463,0.23134116513034597,0.4941546516629777,0.5133115063423518
945,0.9037633659241369,0.2312129687267892,1.971610273248118,0.23044199305741597,0.4961207729673393,0.519090504174239
946,0.903839140322597,0.23121296872678915,1.9717205080263234,0.2295472073408815,0.49419439367580104,0.5170749220203037
947,0.9041683828269649,0.23063751494507193,1.9640721452488281,0.2286567868633558,0.49615664771522927,0.5150691729444801
948,0.9045896067994674,0.23063751494507184,1.9642113711755853,0.22777070687664797,0.49423397044153544,0.5130732011993291
949,0.9046601718366788,0.22948856018610267,1.9720924781217775,0.2268889427903925,0.49232066543167463,0.5110869513929276
950,0.9047988955075607,0.22943422134051758,1.9760678181920555,0.22601147017093984,0.4904207383196779,0.5091103684863681
951,0.90438216763154,0.22886127994099956,1.9684331917328695,0.22513826474025514,0.492391296051866,0.5071433977912793
952,0.9045460704458217,0.22886127770906592,1.9724147127543823,0.22426930237482573,0.490490836689655,0.505185984967364
953,0.9046358475663234,0.2288264640964963,1.9686652514155316,0.22340455910457677,0.49245541505910156,0.5032380760199571
954,0.9044677203181254,0.22618301484237496,1.9687859519737778,0.22254401111179511,0.4982624338227269,0.5012996172976014
955,0.9039634926018119,0.22561952575205993,1.976602310312449,0.22168763473006156,0.5001932085383075,0.4993705554896426
956,0.9044721267990469,0.2256195257489649,1.9728479822242597,0.2208354064431911,0.4982703282099692,0.4974508376238415
957,0.9044674021465183,0.22444604751854946,1.969111824832704,0.21998730288418125,0.49635675445153027,0.4955404110640057
958,0.9041224568834401,0.2238864201229394,1.9653937358515363,0.21914330083416847,0.498289029385896,0.49363922350763845
959,0.9037775302520571,0.2260610656509772,1.9693590928931477,0.21830341737821907,0.49637920727355717,0.49174723230777356
960,0.9038708845952002,0.22220880647839197,1.969476414746331,0.22129647798331548,0.4983075355642915,0.4936932959990197
961,0.9041971227011457,0.2216676484649926,1.97341827241331,0.2204499964171519,0.4964014591214891,0.49180486886176894
962,0.9046143812587016,0.22112767104800107,1.9735198486015444,0.21960759555139522,0.49832636666285,0.48992554541406724
963,0.9047530929012155,0.22058872870918098,1.9850733133598026,0.21876925249645188,0.5040589452317157,0.49187273387734637
964,0.9049840324213152,0.22058872732315118,1.9889438821597336,0.21793494450727086,0.5021366488956339,0.4938105502423482
965,0.904775578818087,0.22058872732314933,1.9927958361086417,0.2171046489823369,0.5002235926241576,0.49573904700477794
966,0.9044996367374187,0.2200478276663696,1.989017231260137,0.2162783434626713,0.49831994272312635,0.4976582763292762
967,0.9047762161931614,0.22004782766621545,1.9852567702145385,0.21545600563084027,0.5002274415870275,0.4957660701037369
968,0.9043175902110866,0.22004782766621542,1.9815143515594293,0.2146376133099709,0.5021257874833529,0.4976813621604176
969,0.9040008489047323,0.21950507344997822,1.977789874520696,0.2138231444627743,0.5002204093673606,0.49579284896341036
970,0.9040888664053839,0.21919328099920019,1.9816648997201638,0.2130125771905766,0.5059065460038987,0.4977042127498945
971,0.9041811657771444,0.2191931007604188,1.9817343355048298,0.2122058897323566,0.5039913481971408,0.49581938626864225
972,0.9041811647998784,0.2173579913354771,1.989369511277054,0.2151867572724278,0.5020846197555004,0.49394372128873076
973,0.9040223244204448,0.2173579913354757,1.9931891638742747,0.21437346431770832,0.5001870035219108,0.4996358232396714
974,0.9037532119183873,0.21682699113319268,1.993214879530157,0.21356405499748302,0.4982984652298069,0.4977493495880198
975,0.9040753853209179,0.21682610585604867,1.9856966254144859,0.21275850771207305,0.5039637435495893,0.49587187710146335
976,0.9043764960978067,0.21682610585603482,1.9819823692280258,0.21195680099712996,0.5020647308068208,0.49400335575348664
977,0.9043464664758807,0.21629894950334652,1.97452142011241,0.21115891352269986,0.5001747647487013,0.4996725102855665
978,0.9043257988655574,0.21576725102076785,1.9708566107680896,0.2103648240922949,0.5020544206969592,0.4977934294906228
979,0.9045065221529053,0.21510309710333952,1.9672092325981998,0.20957451164262814,0.50016861958365,0.5034370181935224
980,0.9046028553467338,0.21523154665992578,1.9598260780106291,0.2087879552400697,0.4982914322927124,0.5015486874010702
981,0.904875433124954,0.21470670909280395,1.9637260642503302,0.2080051340836863,0.5001725250244626,0.4996682009381301
982,0.9048068971768887,0.21470666160259044,1.963861932349074,0.21097163976946331,0.5057904666233093,0.49779663759488796
983,0.9055715674877186,0.2147063693582202,1.9677390247747397,0.21018221163037867,0.5076397337223311,0.4959339480234909
984,0.9049385827066925,0.21365594902394938,1.971597748976072,0.21313465203815402,0.5094816519576688,0.49408008318365915
985,0.9040170600961934,0.2150540985127053,1.9754382053531574,0.21233872468018655,0.5075790476152139,0.49223499434057005
986,0.9042277441876446,0.21505409851270527,1.97926049679535,0.2115465611479997,0.5094576526082163,0.49039863306275744
987,0.9041816857886078,0.2150219181749325,1.9793377914917027,0.21075814172217971,0.5150128013186472,0.48857095122002714
988,0.9042264767537023,0.21483166436553028,1.9756884749304031,0.20997648610654066,0.5131115042190721,0.4904781335810812
989,0.9037830643059721,0.21483166436553028,1.9757789012719371,0.2091954818136207,0.5149224784497074,0.4886538077481599
990,0.904143009179648,0.214829426061212,1.9721531343188994,0.20841816016453,0.5130331341116414,0.48683808409877605
991,0.9042578163941204,0.21222851526822192,1.9648323973590582,0.207644500907717,0.5111287279268021,0.48503091532790316
992,0.9041040710414716,0.2122285152667339,1.968671153688192,0.20687448391719707,0.516649973010155,0.48694059722680516
993,0.9037987417840287,0.21222850715177277,1.968787215669906,0.2061080891916927,0.522145303571214,0.48884129572142065
994,0.9037802561765934,0.21222850707422927,1.961500865051731,0.2053452968537804,0.5202128790719266,0.48703212657966694
995,0.9041358378610905,0.2122285070742002,1.9579459709341407,0.20458608714904336,0.5219867645425216,0.48892868907068104
996,0.9034582928911259,0.21170930774192087,1.9507142210150907,0.20752397950422755,0.5200606635618338,0.4871228118605346
997,0.9038147372569916,0.21119083961775287,1.9472062306507725,0.20675824769505302,0.5218548312100543,0.48901525040231936
998,0.9044348973504398,0.21119083961775265,1.947400836897969,0.20599610384442735,0.519931191137849,0.49089882162141657
999,0.90371648427666,0.20913115700312046,1.94759453200354,0.20523752833241884,0.5180165575007758,0.4927735740067545
1000,0.9023300525145329,0.20862113314289332,1.9551449097697777,0.20448250166011545,0.5163391547662336,0.4946395557481724
1001,0.9021404678605991,0.21055166941998874,1.9553096887200965,0.2037310732235807,0.5181166411330829,0.49282173859882533
1002,0.9022647021982722,0.2105516693954351,1.9518023225275727,0.2066545301369872,0.5198858491122448,0.4946838152726261
1003,0.9021652395377491,0.21003656537792506,1.951979100743171,0.20589656790729624,0.5179790261523288,0.4965372011230161
1004,0.901290024808728,0.21093728440135387,1.9484909429162731,0.20514214350975768,0.5160811042013798,0.49471784434767824
1005,0.9010081714725677,0.21093678967738672,1.9560003817522467,0.20439123169971823,0.5141941107589436,0.5002278488678711
1006,0.9010532567934414,0.21564139704945948,1.9598168389235924,0.20364504417540238,0.5159701905003137,0.4983990310950398
1007,0.9010984984241338,0.2162952598041319,1.95265736780346,0.20290110179080043,0.5177384014501578,0.49657832772687494
1008,0.9009784791395021,0.2162644317370816,1.945531180933054,0.20216061798067914,0.5158489342316195,0.49841555578868596
1009,0.901069112982834,0.21607228292423591,1.9420839295338095,0.20142357581918258,0.5176140685550257,0.5002442493125814
1010,0.9010558117962543,0.2166548084404211,1.942294654531981,0.20069016924940591,0.5157289264375572,0.4984227216201246
1011,0.900499585618374,0.2166548084404211,1.946143167710042,0.2035984975756055,0.5174909706750793,0.49660918591226516
1012,0.9004473537833474,0.21569443396781623,1.9536087579847798,0.20285843481195273,0.5228468644238915,0.4948040548776164
1013,0.9005200833472492,0.21567190701568173,1.9537772175555193,0.20212179911597178,0.5209482614785966,0.4930072830072387
1014,0.9005075931763276,0.21466980610928588,1.9466895973680258,0.20138857194407384,0.5263156352512111,0.4912188250703633
1015,0.9006442722817601,0.21599545811612092,1.9468827644986972,0.20065876592976395,0.5280322634231337,0.4894386516446496
1016,0.9000915498144301,0.2159379878297858,1.9470750702488786,0.19993230051513103,0.5299601913063741,0.48766668692954285
1017,0.90031880621733,0.21776417692609898,1.9508832717541023,0.19920918867093376,0.5280434400346747,0.48590290210626413
1018,0.9005459993711961,0.2167518382283971,1.9438344017357834,0.19848941230208234,0.5333649984265637,0.48776042155518
1019,0.9008632162501837,0.2167518382283971,1.9440371346728464,0.20138251057848194,0.5350493461959963,0.48960937959048034
1020,0.9010164833592962,0.21674656774108988,1.9442388336101881,0.2042623851600774,0.5367913069807208,0.49140788321356765
1021,0.9008760077392877,0.21653846957255285,1.9444397045833293,0.20352656152618165,0.5348575994040833,0.48963766235734957
1022,0.9000916210561469,0.21603161999544088,1.9446396519025473,0.20639286609956128,0.5329327834476134,0.4878755814101141
1023,0.8999090437793044,0.21602885572988245,1.9448386805342288,0.20565085324848068,0.5310547243954796,0.48971674436854
1024,0.9004078550806679,0.21602885552223272,1.9486283498278933,0.20491224701889837,0.5327392003738669,0.4915494544473333
1025,0.9002467119429275,0.2159988576599578,1.952400634146991,0.20417702911941063,0.5308277887531138,0.4969617216871732
1026,0.9007078894362901,0.21548927585211694,1.952571248289749,0.20344518136955503,0.5289251010500133,0.49518042278518737
1027,0.9006149495934836,0.21631931733332124,1.9563218768570483,0.20271668570713813,0.5306119241156512,0.49340848160520906
1028,0.90020675257018,0.21610571983781987,1.949323689197261,0.20199152415518135,0.5322910270729906,0.4916434524512381
1029,0.8991648434034065,0.21559717243097049,1.9459311467017053,0.20484332033063174,0.530389358230578,0.49703377794741943
1030,0.8992589170389046,0.21642404537837973,1.9389840371113531,0.20768208497322568,0.5320659008763168,0.49526063922779795
1031,0.8993041173095457,0.21573366635482352,1.9463346527448815,0.2140743897037097,0.5301754190385557,0.4970608046151822
1032,0.8992605602724374,0.21523456062494511,1.9465258589748684,0.21331165622511317,0.5318497235057121,0.49528980848106796
1033,0.8995339650873165,0.2155545402984926,1.968072446196243,0.2161117753997057,0.5370754215623623,0.4970862615498047
1034,0.9004261658949343,0.21555454029849264,1.9681859747619583,0.21889913914097409,0.535165679191756,0.498874531197887
1035,0.9002917062991481,0.21555454029846918,1.9718512503816876,0.2181215516511277,0.5368168933705999,0.500654661064606
1036,0.9002462276075973,0.21686754998807445,1.9719511421271367,0.21734750089248073,0.5384605991405939,0.4988779812483716
1037,0.9002904667954752,0.21537252789387776,1.972050579995105,0.21657696783923003,0.5400988059002794,0.4971093758008168
1038,0.8999395248592096,0.21410985560371337,1.9686079433164325,0.21580993387146807,0.545269225528104,0.4953488018084096
1039,0.8996738573209591,0.2141098555992619,1.9687190110227346,0.21504638038422946,0.5433400177226642,0.49359621656715036
1040,0.8993635358397704,0.21167351135793916,1.9723641219624257,0.2142862888843785,0.5449541674570958,0.49538612444931024
1041,0.8993247391609439,0.2111916605814851,1.975992718675222,0.21352964098986554,0.5430299268902087,0.49716792312838237
1042,0.8992389417753018,0.2111916605793538,1.9831323735756161,0.21630390321932072,0.544641881948466,0.495414170841306
1043,0.8993751361233577,0.21070956904468746,1.9796678553320255,0.2155416571179766,0.5462465465243818,0.49366835158120914
1044,0.8994637175285531,0.21351149425152624,1.9797394238612924,0.21478286582350672,0.5443235342904049,0.495450916975663
1045,0.8989823040937462,0.2135114942515201,1.979810678650131,0.21402749205497967,0.5424091929495374,0.49370845663162594
1046,0.8990268015973435,0.2100045468526431,1.9869084179399255,0.2132755272151499,0.544016893885198,0.4919738598546237
1047,0.8994264787186542,0.21000453439919245,1.979934585197949,0.21252695327921708,0.5456173459401735,0.4902470850415158
1048,0.8991670447778238,0.21000453439626596,1.9764985589827886,0.218794518829202,0.5437042024629087,0.4885280908744017
1049,0.8988746439425668,0.20976590825768582,1.9765453224918657,0.22156654599231798,0.5458844092325295,0.496744619260581
1050,0.8986190715431518,0.20931223749604588,1.9696286442801756,0.22079120100848912,0.5439741804107511,0.4950063223211097
1051,0.8985808192279588,0.20931223749604586,1.966238939028314,0.2200193414950164,0.5420725120276131,0.49327583968698513
1052,0.8987708714200708,0.2093122161211071,1.9628644599456677,0.22274333481662753,0.5436717723015543,0.4915531301833996
1053,0.8987320671552996,0.21057356576787056,1.9560162317688283,0.22196620668943293,0.5452638536146577,0.4933270479710841
1054,0.8993484063612981,0.2105735657673963,1.956169533143803,0.221192563910475,0.5468487946995191,0.4950930099005003
1055,0.8993948885479602,0.2092051115169911,1.9632859960563736,0.2204223881531743,0.5449447086592414,0.4933691335319044
1056,0.8990956315757095,0.20875178160398147,1.970370591844723,0.22313410528915292,0.5430491489966695,0.491652976585591
1057,0.8995311068361294,0.20875178160396146,1.9669985856879373,0.22235872155107664,0.5446370383003312,0.4899444985278451
1058,0.8997479734323864,0.20784653201585734,1.9671131499047705,0.221586804549289,0.5427463340062496,0.49518664737228146
1059,0.9001799728753954,0.2073957335445427,1.9672272023031512,0.2208183361056658,0.5408640765505441,0.49346932799948223
1060,0.8993622424992056,0.20821188362830675,1.9638761847378055,0.22005330087382702,0.5389902308967602,0.4917596842054011
1061,0.8995786497044898,0.20821188362716025,1.964001212704193,0.22275277071040567,0.5371247343631275,0.49005765708502835
1062,0.8991511768468694,0.20947327506111435,1.96066804491064,0.22198257531267832,0.5421828218342419,0.49182085462449837
1063,0.8994993263376607,0.21288430741575676,1.9573497245595015,0.22466998754373727,0.5403100247727218,0.4901220174821595
1064,0.8995014604936316,0.21458296784337627,1.9678490816907834,0.22389471262848054,0.5453470171856968,0.48843073993385205
1065,0.899843837429368,0.21458296784337497,1.9679599148617588,0.2231228851886991,0.543467054112346,0.48674698312205433
1066,0.8998012212597727,0.2141709867668336,1.9749579215484094,0.22235448723537374,0.5415954443412397,0.4850707078027299
1067,0.8990198532051464,0.21409131021540248,1.9681632943256642,0.221589500885242,0.5401810626925163,0.4834018749631883
1068,0.8991381992999616,0.21407930635110317,1.9648357633522862,0.2242648605699025,0.5417614385600321,0.4817404458210627
1069,0.8994367288934789,0.21407930635110317,1.964956500355728,0.22349484336424516,0.539901291464349,0.48008638182280367
1070,0.899144725305863,0.2140793063414433,1.9650767025443097,0.22272823701551417,0.5380506026324753,0.4784396446421841
1071,0.899314908147049,0.2136114651029399,1.9686230295026204,0.22196502378681693,0.5430602014813269,0.4768001961788144
1072,0.8989751433643799,0.21361127674041158,1.9721536720071178,0.221205186045709,0.5412019829109539,0.47516799855666886
1073,0.8987314625485371,0.21268862100161293,1.9722489011674806,0.22044870626351262,0.5394351693181165,0.47354301412262145
1074,0.8989028669651649,0.2103830178254739,1.975760102043738,0.2196955670146404,0.537592247193211,0.4719252054449934
1075,0.8987303774291181,0.21038301782508162,1.97242985471834,0.21894575097592361,0.5357577875463253,0.47031453531211
1076,0.8992431615362091,0.21038301595331416,1.9759334232374421,0.22160880720732243,0.5373406591058485,0.4721205330122454
1077,0.8997520000481884,0.2099245780022967,1.9692030809718843,0.2208539725028598,0.5355103916957976,0.4705124156837962
1078,0.8994937054444277,0.209924117697561,1.9761133832369742,0.22010246077259238,0.5336902107887347,0.47571688556967734
1079,0.8992262006451291,0.20992302192453943,1.9727952293669337,0.21935425483201193,0.5319935820410809,0.4740997559902611
1080,0.8993109578239771,0.2094632862425358,1.9728876155507655,0.2220052928537401,0.5301869556575447,0.4724897344318245
1081,0.8990205263141539,0.20946299538492483,1.9661944739716175,0.22125212635572064,0.5351733884266909,0.47088678418654994
1082,0.8991512231352897,0.20946299538491908,1.9696982167840957,0.22050226525714198,0.5333597154628824,0.46929086876140913
1083,0.899319820354743,0.2090019794004294,1.9630292467996566,0.2231414750908849,0.5315556937810433,0.4710877277607959
1084,0.8994449476898891,0.20895497187037446,1.9665366951891765,0.22238672168532636,0.5297616313389683,0.46949432130554375
1085,0.8997393909124631,0.2084939948820246,1.9666497682937516,0.22163527298115893,0.5279715580193641,0.467907891609178
1086,0.8996350429122867,0.20670634763677484,1.960011065627517,0.22763839303086691,0.532940596889477,0.46632840276593923
1087,0.899426118171073,0.20445971600081808,1.9567736523975796,0.22687073568646118,0.5311433791271872,0.4681280856562591
1088,0.8994197951996756,0.20402032497295902,1.9501814854754154,0.22610643177345272,0.529354012326174,0.47328880281450364
1089,0.8997143279976674,0.20402031139199062,1.9469836223363588,0.22534546406915135,0.5275725868779297,0.47506146450930087
1090,0.8998410057958068,0.2035755891906093,1.9471618721424298,0.22458781545113085,0.5291609657616383,0.47682639444744324
1091,0.89971641068996,0.20268985337439296,1.943980540628895,0.2271922733492347,0.5273836198260605,0.4752248278306309
1092,0.8996757132830564,0.20268980730011146,1.9441685109741043,0.22978538896994283,0.5323250814159555,0.4736302359523424
1093,0.8999680262195388,0.2022477469703701,1.951059850462499,0.23236722040499155,0.5338927716681018,0.472042583090063
1094,0.9005462749604203,0.20398791721440943,1.9545724815912813,0.23493782540879238,0.5321049021139789,0.4704618339305749
1095,0.900873655533508,0.20398791721438214,1.9513790585633264,0.2341518653310962,0.5336701965359927,0.4722333488299865
1096,0.9008131605669362,0.20398790617059812,1.9481994999491408,0.2367113698859071,0.5352287806946313,0.47733922494999353
1097,0.9004414516602562,0.20354335426178957,1.9517111588620661,0.2359210588033297,0.533461098980336,0.48242295069628083
1098,0.8995841924275985,0.20567726533568242,1.9452014704107043,0.23513417362057523,0.5318579195869357,0.4839734954606827
1099,0.8998732567242828,0.20567726531969258,1.9387199789442364,0.2376827380762789,0.5300857472045294,0.4856929170406678
1100,0.8993424339357777,0.20522566158625427,1.942252673251396,0.240220271807262,0.5316499558703285,0.48407618576426964
1101,0.8995070645180772,0.2047749896698262,1.9490954728555678,0.24274683099932268,0.52988201619634,0.4857918304529755
1102,0.8993316912797547,0.20452233948542847,1.9525866408207824,0.24194041144535527,0.5314437851029381,0.48417800081152496
1103,0.8992110183714545,0.20407266590510845,1.9560627330854174,0.2411374742044298,0.5296800615503008,0.4858898797422203
1104,0.899581162412335,0.20407266473424326,1.9761009392196878,0.2403380015756756,0.5312393795295208,0.4842789494597158
1105,0.8995809015409135,0.20313897304457193,1.9728606384050225,0.23954932424259742,0.5294798568937642,0.4826823115399233
1106,0.8995005498804328,0.2022570040417364,1.9663328403422062,0.2387567038292245,0.527727914836106,0.4843940114638066
1107,0.8995797031495336,0.20225411684501227,1.9697496180675902,0.23796749563990766,0.5292891308704313,0.48609834253425327
1108,0.8997435182148719,0.20310614255473197,1.9731516977413097,0.23718168251908964,0.5275413189793817,0.4844931547194004
1109,0.8993312888669985,0.20310614124260265,1.979838040949955,0.2396981338345802,0.5258010696714355,0.48289486662300807
1110,0.8998630204450855,0.20483696886303607,1.9733133072712286,0.23890818715499829,0.5273638347396559,0.48130344331747976
1111,0.9002268476064376,0.206564252096703,1.966816576417329,0.2381216307652857,0.5289198923260167,0.4797188506487258
1112,0.9001051599455485,0.20611549270171514,1.9702147218823354,0.23733844752672867,0.5271802721639589,0.48143005795987837
1113,0.900667542811864,0.2061153703146503,1.967026870239319,0.23655862039894485,0.5254490026219704,0.47984821471770683
1114,0.9011456662142293,0.20566651055003737,1.96057023518393,0.23578213243925752,0.5237242511701844,0.4782731448234988
1115,0.9008597509788466,0.2052185815882741,1.9639786841961921,0.23828811959106988,0.522006879331295,0.4799839668957449
1116,0.9002180348349756,0.20521857999219886,1.9640966855340154,0.23750751743171877,0.5202968568987033,0.48168747456131794
1117,0.9009333216273133,0.20521857999219886,1.9609415817208276,0.23673025008379245,0.5218667339024384,0.4833837046697419
1118,0.9009727570858148,0.20554801462153588,1.964338606641807,0.23595630077076424,0.5201658462343296,0.48507269385707186
1119,0.9011703694414117,0.20554801462086666,1.9611890166008146,0.23518565277440848,0.5249990769897598,0.48675447855810194
1120,0.9010868889096396,0.20726054782287176,1.958052839343945,0.23441830121711837,0.526548897339122,0.48516630877357547
1121,0.9010029505124818,0.20726053789354068,1.9614491044360234,0.23365420614259774,0.5248326649336313,0.4835848913461286
1122,0.9013181534291701,0.2072605365747044,1.9583183580311434,0.23289336288787846,0.5231236729847591,0.4820102040818201
1123,0.9008367118400311,0.20725993456011257,1.9584539494220103,0.23213575513765453,0.5246793272784838,0.4869482616541269
1124,0.900807000469414,0.2067960551627994,1.955339191825982,0.23138136666957962,0.5327243364832632,0.4853657904276536
1125,0.9004469913676135,0.20679603801402058,1.9522376595680775,0.23063018135367935,0.5342414203877925,0.48379003841331686
1126,0.9003663568562975,0.2063461924761436,1.9491492864290145,0.22988218315176728,0.5325093088731273,0.48222097196801417
1127,0.9004847452708015,0.208072703135199,1.9525540348010337,0.22913740410784667,0.5307840965052254,0.480658692130051
1128,0.9006819100994067,0.2080727031119111,1.9559444075810122,0.22839573222827186,0.5290660548700571,0.47910289622228963
1129,0.9008361167756177,0.20807270311189566,1.9496197351562516,0.22765719989373398,0.53058885016471,0.48078725061172495
1130,0.9009109551393619,0.20807270311189563,1.946552147602148,0.2269217914274375,0.528874871723872,0.47923414789961083
1131,0.9011812836249207,0.20807270311189566,1.9467246293721967,0.22618949124151583,0.5303952414374141,0.4776876095376522
1132,0.9010988897277351,0.209811090396285,1.9436724925096662,0.22546029565779308,0.5319091782530337,0.4761476146341049
1133,0.9013704875914116,0.20981051900868095,1.947074560128116,0.22795482167236852,0.5301976339938846,0.4778347630085093
1134,0.9017576109116912,0.20981051900858255,1.9408099703144273,0.2304388284273747,0.5284917577847007,0.47629735974195303
1135,0.9017961602694676,0.21062360909092592,1.9409999438223795,0.2296984233977468,0.5300103360800869,0.4811948064675753
1136,0.9010428635330534,0.2114282201536593,1.9379783819061733,0.22896086279031833,0.5283084765525116,0.47964969402496205
1137,0.9008445194192715,0.21142787018014494,1.9413851339978483,0.22822640231895558,0.5266157171849812,0.47811107412255016
1138,0.9007878522267168,0.2101426125953013,1.935163784788598,0.2274950295878411,0.5249281281443972,0.47978351572080125
1139,0.9005872788679887,0.20968407411283424,1.9385727408081428,0.22676672927324673,0.5264490184880424,0.48144893157557456
1140,0.900743168264509,0.2096840144997014,1.9387691968676188,0.2260414861378802,0.5247656637869593,0.4799091663120645
1141,0.9009766409301082,0.20968375267353265,1.9485498097728944,0.22531928503034346,0.5262858594193572,0.4847658468374094
1142,0.9012095498290452,0.20922419566869013,1.945522228272042,0.22460011088459508,0.5246060600957909,0.4832185710960527
1143,0.9013977252913206,0.20876563994092015,1.9456959366410944,0.22707255874441748,0.5229337478213468,0.49124352011420735
1144,0.901377512612799,0.20565847937219642,1.9458689180539854,0.2263492365911413,0.5212679826289941,0.48967870170234495
1145,0.9016090246273196,0.20565845783403075,1.9428589369257923,0.22562893918257226,0.5196091974286718,0.48812042695320246
1146,0.9011303845711566,0.20565845783403072,1.9366824746511009,0.22491165157900345,0.5211364644134845,0.48974772207587935
1147,0.9013613605297344,0.20388230533305224,1.9400594446403951,0.22419735892462853,0.5258333374391482,0.4881923415612653
1148,0.9015912899980125,0.20349054602896513,1.9339042049136754,0.2234860464470182,0.5241650305929924,0.4866434504160173
1149,0.9018209823164323,0.2030516687250969,1.9341136978921991,0.2227776994566004,0.5288471919131071,0.4882705522986186
1150,0.9019738831762805,0.2017416758583474,1.9279895827630753,0.222072303346144,0.5271726672528598,0.4930572435835722
1151,0.9026198207262991,0.2013078204450714,1.934543772141846,0.221369843590246,0.5255051249104895,0.49466080638524
1152,0.9023361042849098,0.20130782042316084,1.9315905752374452,0.22067030574482208,0.5238445070745001,0.49625769910096085
1153,0.9021761109141598,0.20130781994117156,1.9412771842509324,0.22313055827172687,0.5253476811712421,0.5010048373440844
1154,0.902054358336158,0.20130781994115182,1.9446161075312411,0.22242686528950414,0.5268446052882929,0.5025785321210071
1155,0.9023190198610703,0.20303660169586388,1.9416400220478687,0.22172609392810289,0.5251847416561558,0.5009951205789976
1156,0.902469937468603,0.20431937294054547,1.9418237006226402,0.2210282325322009,0.5235317613519744,0.4994182753260336
1157,0.9020276255424744,0.20385273546432925,1.9420066232272217,0.22033325776733015,0.5250348988596585,0.49784796417396704
1158,0.9022919058566973,0.20341252094788256,1.9359065128028219,0.21964116064136108,0.5233856921031734,0.49628415511188617
1159,0.9026677840217936,0.2034125202131167,1.9423836345299286,0.21895192706614694,0.5217433210736009,0.5010028127844827
1160,0.9019271198068708,0.20469340844919418,1.9456991150157923,0.21826554369865633,0.5201077278623571,0.4994322382005701
1161,0.9018236817034445,0.20466678173497777,1.9396057136177771,0.2175819952718477,0.5184788997823208,0.5009998805333494
1162,0.9019293452587102,0.2046667817349778,1.9397946630825476,0.21690126860028636,0.5231139842530698,0.502561051484139
1163,0.9022290872775356,0.20378144144355528,1.9368573618199827,0.22247429253919582,0.5214809597141847,0.5072412539654584
1164,0.9019886869310082,0.2033405654321516,1.9308098202584199,0.22490199791582427,0.5229750829299746,0.5056574705513752
1165,0.9020260796783597,0.20286962110394594,1.9341448666806695,0.2242004776655526,0.5213438051494459,0.5071994369163103
1166,0.9020024398077027,0.2028696180730462,1.9374661874039936,0.22350184454987698,0.5197192410547985,0.5056189482100804
1167,0.9021144521840346,0.20457918364472488,1.9407738084329997,0.22280612533997923,0.5181014927842205,0.5040450908722178
1168,0.9024765617483799,0.2062850801909898,1.9440678779200744,0.22211322436674144,0.5196001407416885,0.502477569631552
1169,0.9026613522593682,0.205661652350496,1.938028097149362,0.22142316863530967,0.517989100843617,0.5071300343326954
1170,0.9026613387190116,0.2043453437367547,1.9351167680360286,0.22073594431956312,0.51638143391524,0.5086597397695534
1171,0.9031773376921708,0.2043453437367547,1.9322173755684615,0.2200515376698721,0.5178809660894377,0.5070826060163646
1172,0.9036162058850422,0.20390847790337255,1.9262323935433077,0.2193699350126275,0.5162768462256973,0.505511933730394
1173,0.9036636773050699,0.2030385095913097,1.932649402699514,0.2186911227497734,0.5177736662853292,0.5039476915765386
1174,0.9035993648568446,0.20233237114447544,1.9328561924022403,0.2180164971784714,0.5192636577701246,0.5054818328340799
1175,0.9036725294957656,0.2035978291065121,1.9361517081550124,0.21734324772198857,0.5176601532842898,0.5039208091356978
1176,0.904094618374337,0.2035978291065121,1.9394337898720113,0.21667272138366597,0.5191482214650831,0.5085363677610757
1177,0.9044031304378082,0.20230235093793025,1.9427024757076412,0.2190869514013909,0.517548196476902,0.5069690487136371
1178,0.9042933761602406,0.20163524721110634,1.93979995218566,0.21841239601813028,0.5159548330242011,0.5054081218817613
1179,0.9035745535163073,0.20160642130464787,1.9338333957870837,0.2208164514024659,0.5174437400168213,0.5038535563915889
1180,0.9029943943675479,0.20330037318664002,1.9401822864645553,0.22013792939732452,0.5189275476719232,0.5023063363989165
1181,0.901820995394939,0.20330036055295025,1.9372961937304172,0.21946216844363656,0.5173346322530378,0.5007643985336077
1182,0.9021490084158486,0.20286800452282125,1.9344218362768224,0.21878915523407957,0.5188147970170499,0.4992287304160499
1183,0.9022497253210086,0.20286800452175655,1.9346227404137246,0.22424604220821484,0.5233525306051295,0.5007628846831002
1184,0.9018706363958939,0.20200581483166286,1.9287017873646892,0.22662025325976273,0.5217509955095171,0.5022908091043758
1185,0.9020083646762985,0.20200581483166283,1.922804855335898,0.22592737049345069,0.5201557617742503,0.5038125359405532
1186,0.9014875025070518,0.20157541091164707,1.919986234776819,0.2252372966087617,0.518566995044954,0.5053280938391363
1187,0.9015955225851612,0.2011462340181406,1.920230385017951,0.2276013710942904,0.5169870622276176,0.5068375115746667
1188,0.9014445077161779,0.1998663262668024,1.9204735469869285,0.22690757311683063,0.5154122417765318,0.5052925171893492
1189,0.9017852481710376,0.19983950453597324,1.9176704690500201,0.22926183775819997,0.516887937611988,0.5037537719301783
1190,0.9021101804345554,0.19941480943949652,1.911836507708442,0.2285643744973494,0.5183576672350436,0.5052634584780957
1191,0.9024694319800672,0.1994148087311971,1.9181827956183592,0.22786972806192182,0.5167823010717277,0.5098062198456752
1192,0.9027555239319162,0.19941480873091907,1.9153950693428083,0.22717788496558822,0.5182494149063838,0.5082583796974116
1193,0.9025313531830473,0.19941480842993214,1.918684784209851,0.22648883179561813,0.5166775132499937,0.5097498810481134
1194,0.9025484412829041,0.20027010676487564,1.9280213791370495,0.2258025552124326,0.515111945814984,0.5112353729047924
1195,0.9025119118890341,0.19943123116413206,1.9312663008103892,0.22814608149098176,0.5136379973637958,0.5127148827576532
1196,0.9025027742298788,0.19943123116390812,1.937522180510652,0.22745616454301837,0.5151087634173166,0.5141884397816388
1197,0.9025382994649681,0.1994372338781741,1.9377109232551954,0.2267690236182749,0.5135526242148728,0.512635081063145
1198,0.9028928240532729,0.19943723387817408,1.9439348540091894,0.22608464104743822,0.518038907049918,0.5110879627262525
1199,0.9018941831214831,0.19939883306762113,1.9501337990686778,0.2254030059001375,0.516477042800763,0.5125620107951535
1200,0.9021431019213142,0.1993988330676211,1.9442601089413392,0.22472410509289015,0.5149214438419918,0.5110182036861777
1201,0.9020997091473968,0.19897558906451124,1.9414188947830509,0.22404792561326095,0.5133738172216132,0.5124895165052585
1202,0.902559202636207,0.19879465134496233,1.9355831366385843,0.2233744545194327,0.5148365786675695,0.5139549360920423
1203,0.9024789759645316,0.1983722848296234,1.9327736554821886,0.2257065987727402,0.5133489859810647,0.5124115706212035
1204,0.9026900092529914,0.1983722848296127,1.9329753290310194,0.22502949739090086,0.5118089824515569,0.5108743777149055
1205,0.9027153536081437,0.1979500157111092,1.9421669565930113,0.22435510199067546,0.5102751327481913,0.5123402480724634
1206,0.9027405481534625,0.19752870118267288,1.9513218780820987,0.22368339973772564,0.5087474083524729,0.5138002645870702
1207,0.902768673938233,0.19708142158938174,1.9454856067517239,0.22301437786714978,0.5072276624383485,0.5122635228596132
1208,0.9027686729300803,0.19840155027082992,1.9396726072198787,0.2223480236830646,0.5057120952431664,0.5107329088318142
1209,0.9032231866938684,0.1984015502706961,1.9517925068828286,0.22168432455818968,0.5042025667614762,0.5092083934391356
1210,0.9032227309220553,0.19841742407135238,1.9489540470366657,0.2210235084182551,0.5026992889093983,0.5106754818050904
1211,0.9032111383351336,0.198007604736014,1.9520851048500962,0.22036508108590713,0.5012017515924924,0.509154183470869
1212,0.9023093752203573,0.19761610049967698,1.9462756706702546,0.22268528614996103,0.4997582265726893,0.5076389330809573
1213,0.902406208231784,0.1992732297456572,1.9404893147026727,0.2220232338241655,0.49827242526450843,0.5091027423459893
1214,0.9023912468570556,0.1996554025070918,1.9406660392276804,0.22433390458814065,0.49976260715813997,0.5105607660837713
1215,0.9027414573480309,0.1992499026071078,1.9408420890311693,0.22366828342777076,0.49827976145702907,0.5090458811617443
1216,0.9027664671473414,0.1988452523361426,1.938053306511696,0.22300530054652415,0.4968027932125603,0.5075370006901494
1217,0.902821538970323,0.19884200686102788,1.9323143975722712,0.222344943523038,0.4953332129976777,0.5149176120179518
1218,0.9025930526770489,0.1988420068610279,1.93547283812698,0.2216872000026976,0.4938679122532745,0.5163525886469273
1219,0.9022191749343769,0.1984366350745411,1.9386187878211727,0.22103205769723697,0.49536366186277553,0.5148266348464707
1220,0.9025915471179248,0.19803212365388803,1.9388000036763482,0.2203795043843418,0.4939011990135098,0.5162590129822844
1221,0.9025915471179248,0.1969800130102182,1.9360311530938812,0.21972952790725528,0.49244451109572707,0.51473638402702
1222,0.9023272431761133,0.19698001300533904,1.9303268251610322,0.21908211617438617,0.4911371062448845,0.5161661661846917
1223,0.9022499174666072,0.19861422058410294,1.939362279327642,0.2184372571676492,0.48969146723119233,0.5146473361017487
1224,0.9024878184427356,0.19861193266390503,1.9336595534194514,0.21779493890713528,0.4882518519605087,0.5131340073501005
1225,0.9025861118000456,0.198205366336353,1.92797927958324,0.21715514950318063,0.4868193651413758,0.5145642136937663
1226,0.9027924670026086,0.19820536367920139,1.9223213527455663,0.21651787712099055,0.4883290900360618,0.5159887934039294
1227,0.9029575946339818,0.1974651848708743,1.9225490838354375,0.21881481770948374,0.4868982297268949,0.5144760650746321
1228,0.9028441711202497,0.19706258775492488,1.9227759203343595,0.2181739577994988,0.4884013981340248,0.5158980566403263
1229,0.9027558605339019,0.1958621719020098,1.9230018664205553,0.21753561348917372,0.4869726440797624,0.5173144663909572
1230,0.9028925663362973,0.19749498250341546,1.9232268872162213,0.21689981207087172,0.48554927870266285,0.518725306066671
1231,0.902779647757536,0.1973279107167199,1.9234510650365961,0.2162664636843511,0.4841314727413435,0.5172106259362088
1232,0.9028721359257342,0.1973279107167199,1.923674364845273,0.21855268162842367,0.4827192197127506,0.5215360497150625
1233,0.9027939156543261,0.19896213834138834,1.9326393011418221,0.21791578193851424,0.4813124961660235,0.5200166848646599
1234,0.9030660088664336,0.19896213834138832,1.9299241480506297,0.21728137300011163,0.47991127209932777,0.5214140398551851
1235,0.9030999783362614,0.19857084060748953,1.9359446482291742,0.21664944324158403,0.484332218535802,0.5198975865746301
1236,0.9028852073328081,0.19857068371159536,1.9361307572571673,0.21601998112511353,0.4887382132853591,0.5212924956810447
1237,0.9029429320841021,0.1993847798235471,1.930511066614671,0.21829551191799626,0.49022216940310726,0.5197805644111391
1238,0.9027532161725912,0.19898309968260164,1.9307125592035634,0.21766253446824815,0.48880071611339193,0.5182733901536436
1239,0.9026419594696222,0.1989830996822643,1.9251197917915006,0.21703202324906223,0.4902815385967161,0.5196688256741872
1240,0.9027342853037142,0.19858151336690155,1.9224426411170255,0.21640396682590562,0.4917565845802753,0.5181649861071368
1241,0.9026143498204332,0.19818078756130822,1.9284487551142089,0.21577835382482924,0.49033494098847447,0.5166669971526553
1242,0.9026142982929619,0.20019852715264225,1.9286553994224664,0.22093129348982932,0.48891882412206866,0.5151748320673535
1243,0.9028168882497448,0.2013842743393287,1.9230908936607285,0.2202938683407122,0.48750820840779757,0.5136885277431057
1244,0.9026723472786149,0.20019445951100642,1.9233125680034997,0.21965891754222663,0.4861040585691393,0.5122079284721405
1245,0.9021282199737648,0.20169238128255784,1.9263991922056136,0.21904002902757214,0.4847043787262336,0.5108595374712024
1246,0.9021960776419699,0.2012949101226245,1.9237343761076053,0.2184099535694266,0.48618926849578553,0.512266558595821
1247,0.9019776905009963,0.20129490402994657,1.9239535372766798,0.2177823184919332,0.49053948389911284,0.5136681367349535
1248,0.9018351201450527,0.20106307654678715,1.927042634028253,0.22002789633887324,0.48913125109665473,0.5150642903686883
1249,0.9018349893828609,0.20456917961719648,1.9301184911019835,0.2193981680155686,0.4877293264208674,0.5193220971265182
1250,0.9020391948831914,0.2045691796164133,1.9331837529456968,0.2187695817399806,0.48919713641120915,0.5178342144070958
1251,0.9017879551007151,0.20456917959731827,1.9305128090098402,0.21814342286628208,0.48779696406899303,0.5192142617740174
1252,0.9018495628195728,0.2041678059793606,1.933570818973805,0.2175196802293264,0.48640231309076365,0.5177296601824194
1253,0.9019165738707655,0.20533367290457394,1.9309041059466572,0.21975480842722026,0.4850129219626638,0.5162507831655025
1254,0.9021198167878874,0.204531242398733,1.933954889393526,0.2191277137618598,0.48362888665243725,0.5147776044240304
1255,0.9020443260072314,0.2041316433973602,1.9312924095705537,0.22135379205540295,0.4823023596070229,0.5133100978017491
1256,0.9025161082873283,0.20373285845365485,1.9314880825459206,0.22072339656591633,0.4809288063046801,0.5146961464267832
1257,0.9025161081776274,0.20251616549491142,1.9288379404379035,0.22009542481483468,0.4824055962339623,0.5132336042162308
1258,0.9025159842600081,0.20592229825230765,1.9318811997465906,0.21947108328474968,0.48103530578754267,0.5174585081141764
1259,0.9025159718307499,0.20474788690225276,1.9292352365606695,0.218847921870072,0.4796694646153115,0.5188286259184163
1260,0.9028093839830844,0.20474788690225276,1.9237628831315126,0.22106369119277425,0.48114540313003806,0.5173569476303652
1261,0.9028762640792611,0.203582562200615,1.9183115063565739,0.22043726187421456,0.47978882172040976,0.5158909105873413
1262,0.902799464178241,0.2035825621525581,1.9157118832419262,0.21981323201361586,0.4784306013584497,0.5144304890130539
1263,0.9027959863669394,0.20276230255579542,1.913122210297996,0.2191915906544929,0.47707757885589147,0.5129756572659616
1264,0.9026784490537939,0.20274095572677958,1.913367658886058,0.21857232689760223,0.4757308118611883,0.5171768233705542
1265,0.9024593786134446,0.20235582156137694,1.9079673834730375,0.21795542990060846,0.4743881286899511,0.5157171471444711
1266,0.9022156094413087,0.20235582012077483,1.9082268760597667,0.2173408888777527,0.4730505675615167,0.5170826175063752
1267,0.9023756016726423,0.20197074722470854,1.908485378356878,0.21672869309952325,0.47171810056993835,0.5184428768865718
1268,0.9025087581569659,0.2019693459429611,1.9115568333419402,0.21611883189232803,0.4732046534931495,0.516984010530493
1269,0.9026425438514445,0.20196934587185364,1.9061832063445712,0.21551129463816954,0.4718744161839639,0.5155307033686348
1270,0.9030320503598994,0.20196934587185364,1.909254989785478,0.21490607077432156,0.47335755982602107,0.5196995625691669
1271,0.9030649654110684,0.2023353253800225,1.903898557145528,0.21430314979300813,0.47483508081303144,0.5210471086270265
1272,0.9031266705009151,0.20210276970262767,1.898562490762498,0.21370252124108444,0.4735049231730261,0.5195867671871506
1273,0.9031770052471636,0.20210276970093624,1.8988465060396023,0.2159040786136454,0.4749790588112691,0.5181319741744711
1274,0.9032761541511208,0.20475002780386867,1.9019265109372436,0.21530020962673735,0.47365049238073786,0.5166827044666114
1275,0.9030563454943893,0.20586940977401863,1.896611939272872,0.2146985941663946,0.47232696622389286,0.5152389329828877
1276,0.9030891411139477,0.20555853483665112,1.8996920655473502,0.2140992594404509,0.47100885113015734,0.5165921516305315
1277,0.9027286017971128,0.20516879783342581,1.8943943436616482,0.21350219513038682,0.46969533624636667,0.5151515173312634
1278,0.9023479473585764,0.20477984162974347,1.8974744939265231,0.21569333028613122,0.46838726819075915,0.5137163364659503
1279,0.9024141059105083,0.20628785055901896,1.8977587112744367,0.21509414936865487,0.46708423952861394,0.5150691770042517
1280,0.9024389318623771,0.20589686052530326,1.903603726202622,0.21449610740231748,0.4685660272961017,0.5164174655735746
1281,0.9023647507938728,0.20589685298812888,1.906649069937643,0.21390032429681524,0.4672654705359435,0.5149830675087279
1282,0.9026282582039541,0.20550595557519452,1.904133283945916,0.2133067898662016,0.4659699939934862,0.5163289011338548
1283,0.9024872992932147,0.20550390271655036,1.904399030737833,0.21271549397713574,0.46470448678456955,0.5176696588875058
1284,0.9023466408417938,0.20550184021688533,1.9046637759901783,0.21212642654857933,0.4634436448258219,0.5190053636283387
1285,0.9023275786890775,0.20157605199216344,1.9132270417017065,0.21153957756906216,0.4621615252776059,0.5203360380970995
1286,0.9023197251489434,0.2011987141147435,1.913466859659367,0.2164824184526164,0.463647971368168,0.5216617049173016
1287,0.9027092807965555,0.20082213318963527,1.9164667541407205,0.2158847151812532,0.4651288987028407,0.5202214082419288
1288,0.9030035847726523,0.20082213026053627,1.919455375861817,0.21528925791078274,0.4638536545577948,0.5187865237966267
1289,0.9030362287052702,0.20595834715017713,1.9196772684712555,0.21469608159466022,0.46257554599578526,0.5201124666862549
1290,0.9031499750974159,0.20547977223961922,1.9226510813142312,0.21410508600959155,0.46405500528273874,0.5186807490262602
1291,0.9030215919049647,0.2037535281552388,1.920113830976897,0.21351630633685867,0.4627788742050857,0.517254399529589
1292,0.9031851890676494,0.20375352815523695,1.925827710726861,0.21292973264968507,0.46150752441898096,0.51858060206509
1293,0.9033811200820699,0.2037535281552053,1.9260312737623222,0.2123453550722524,0.46572985948679485,0.5226463014305762
1294,0.9034463679836618,0.20300783076228085,1.926234075223855,0.21176316377940826,0.46445295992373403,0.5212133521398957
1295,0.9034615300961109,0.2026367392926851,1.9428699903763087,0.21118314899637575,0.46318083323273224,0.5197857598997742
1296,0.9034823383904037,0.2040955324516149,1.9375538297854886,0.210605300998465,0.46191346154922736,0.5183635850111532
1297,0.9033921052543455,0.20157728673853126,1.9404580329367944,0.21002961011078647,0.46065081825654086,0.5169466349582319
1298,0.903781722918209,0.2015772709416595,1.9406206285935785,0.209456066707966,0.4593934123053427,0.5155349705175173
1299,0.9037360950181258,0.20121178439014037,1.946238707390539,0.20888466121386165,0.4581401681144691,0.514128568119217
1300,0.9030532844122338,0.20088614750488057,1.9463852240052457,0.20831538410128247,0.4568915905061002,0.5154527222443618
1301,0.903107888584389,0.20052190651124466,1.949253789245934,0.20774822589170877,0.45564776011877667,0.5140493537685805
1302,0.9026638378052435,0.20052190651124452,1.9466719397398142,0.20718317715501436,0.4544084561963151,0.5153710776849716
1303,0.9031176686236242,0.20052190549560253,1.9413825318477829,0.20662022850919048,0.45317376682408406,0.5139707349821349
1304,0.9026688189210547,0.19979367864562844,1.9361127684918864,0.20605937062007146,0.45194381710309345,0.515290031498235
1305,0.9027887646037268,0.19979367864562841,1.9308625624162252,0.20550059420106198,0.4507182695972732,0.5166044318074401
1306,0.902875775979718,0.1994302821055841,1.9364678867313871,0.20494389001286628,0.44949727080948615,0.5152049426626726
1307,0.9027381470562766,0.1983462534156891,1.936639824154555,0.2043892488632188,0.4482816469926507,0.5138106397552545
1308,0.9028665110185006,0.19798687463489895,1.9341075225108406,0.20383666160661668,0.4470696716716827,0.5124215000944627
1309,0.9028986030518562,0.19980535411278838,1.931584573523502,0.20328613701739132,0.445862199722818,0.5110375381868316
1310,0.902728607387658,0.19944920772643907,1.9290709715014263,0.20273763024839236,0.4446591743845121,0.5123568569790905
1311,0.9030814444553591,0.19944920761262153,1.931957664672962,0.20219115021350914,0.44615623976949903,0.5136713008812025
1312,0.9032923965753814,0.199093346278273,1.9348336992792354,0.2016466879521717,0.44495651354342025,0.5122880818937908
1313,0.903419931140918,0.20016577598808194,1.9350090009932206,0.20110423787930237,0.44375952797621887,0.5109099664564106
1314,0.9033449530930509,0.19980952968078303,1.9298088010724983,0.20325121377280625,0.44526195718047995,0.5095369320334704
1315,0.9035994016973837,0.199809529680783,1.9299972464187924,0.20539027968454665,0.45212077285147534,0.5081689562035395
1316,0.9035875762300234,0.20123761194121603,1.924820878330069,0.20483941066570954,0.45090815789994676,0.5068060166627466
1317,0.9035737107197075,0.2016935950965212,1.941098586363927,0.20429056823289946,0.44970000611922833,0.5081274898269679
1318,0.9037323222355736,0.20169359502261938,1.9385795467689793,0.20374374344991758,0.4484962939983325,0.5094440855022194
1319,0.9038985502012471,0.20169354522165048,1.9467658637663656,0.20319892744192533,0.4499711124675167,0.5107558446291904
1320,0.903948710322471,0.20167768125253085,1.9495794239566009,0.20532746439317054,0.4514404339384836,0.5093914354613319
1321,0.9041383747980575,0.20167768111450032,1.9497139804908323,0.20477951047912735,0.4529043665496094,0.5107007141980883
1322,0.9044136755208556,0.20129673150043575,1.9445160125004286,0.2068995807515897,0.4516979669275408,0.5093391781001577
1323,0.9043222504457681,0.20057852583575309,1.947327136802013,0.20634853455256935,0.45049493671008567,0.5079826291062706
1324,0.9043706049810315,0.20057852583574953,1.9527886608069618,0.2057995052868494,0.449296309822166,0.506631045338247
1325,0.9044643151097354,0.20164658475060068,1.952914128221656,0.2052525058339132,0.45076008569987547,0.5052844158892249
1326,0.9038288712280286,0.20270878729432015,1.9556945312209417,0.20470748433234454,0.4495631495884724,0.5039426973495986
1327,0.9037850064487014,0.2027087594981411,1.958464780017099,0.20416445293110233,0.4483706870008286,0.50260587905993
1328,0.9030498716270124,0.2041488999314451,1.9558450185893,0.2037031684707381,0.4497529059591174,0.5015538560314106
1329,0.9032046955195792,0.204147085333254,1.953314496604719,0.205811299599999,0.4538570598518647,0.5002260329696635
1330,0.9032257256422513,0.20341959053882352,1.9507931965325245,0.20526697551137132,0.45265671112975403,0.5015478214703549
1331,0.9036644936442297,0.2034195055364253,1.94828107810062,0.20472463364930926,0.45146135224887285,0.5002226673449446
1332,0.9035173271057205,0.20338977620772286,1.951057077946437,0.20418426536305737,0.45556324123081554,0.4989023354401843
1333,0.9035483742362511,0.20158954789619907,1.9511861330994957,0.20364586204521307,0.4596468865577595,0.4975868047248099
1334,0.9035992674319085,0.2012321644734453,1.9486805046503877,0.2031094151314835,0.4584381806116638,0.49627605427289095
1335,0.9035444630248817,0.20064962281830448,1.948814399396909,0.2025760728015382,0.45986276646398566,0.4976022233683487
1336,0.9040736231909304,0.20064945242592114,1.9515779153459447,0.20467246162163957,0.46391234148021204,0.49892300275087187
1337,0.9044132508021764,0.20049798982607123,1.9517050874217727,0.2041349254540996,0.4626939606554138,0.49761266936908055
1338,0.9041083139888829,0.20049798980833397,1.9492080998882806,0.20359933688706766,0.46147999143932444,0.4963070835858959
1339,0.9040513244599631,0.19978586322236824,1.9493412293416237,0.20306568745947878,0.4628915079349272,0.4950062247760717
1340,0.9042661451321907,0.19978586322236822,1.9494738771383486,0.20253396875249324,0.4642979033337908,0.4937100724172925
1341,0.9044660708855216,0.2012090337814005,1.9469902058303135,0.20200417238926505,0.4630833747196512,0.4924186222870185
1342,0.9044946725308936,0.20120612294037454,1.94974195735584,0.20408951504055428,0.46448674513811605,0.4937450466357731
1343,0.9042228326901897,0.20120612190181053,1.955094387833749,0.20355671628166447,0.4632741576268088,0.4924560693553711
1344,0.9040874720474726,0.20365581243725442,1.9526034980611573,0.20563384337521082,0.4620659368733144,0.49117174206603753
1345,0.9040874720474726,0.2050586887520556,1.955323263212968,0.20510720419489634,0.46086207163126414,0.48989204464416786
1346,0.9037562282872281,0.20433760911305598,1.963247926461373,0.20457335260289397,0.45966267727080873,0.48861695706755565
1347,0.9039705003612901,0.20326370928545967,1.960743297398528,0.20404142271201414,0.4584674729585129,0.4873464594130566
1348,0.9032304032742734,0.20185411422510327,1.9634428629186387,0.20351140622229713,0.45729400411531756,0.48608053185648054
1349,0.9027235010793755,0.20149679719097385,1.9609427322486128,0.20298329487498268,0.4561780736520825,0.4848191546720408
1350,0.9027543377215976,0.20147894003451117,1.9584497446067464,0.20245891765040866,0.4550060211591182,0.48615654110205314
1351,0.9029665067531013,0.2011304630306669,1.958557351935976,0.20193458721727664,0.453827641338978,0.4848974873012906
1352,0.9025384658917952,0.20043605465094452,1.953490127342314,0.20141213741224695,0.4526536437128907,0.48623017236053795
1353,0.902561266515405,0.20009007702855688,1.9561949755353,0.20089156013900875,0.4514837014860426,0.4849734438408683
1354,0.9018536180132799,0.20009007702839568,1.9563080824611319,0.20037284734132038,0.45290000008405307,0.48372121636209725
1355,0.9019094982168477,0.20009007702009537,1.9564207845803174,0.19985599100278734,0.4517317574412741,0.4850529435163201
1356,0.9020020619369485,0.19735187995794742,1.959109978393096,0.19934098314664167,0.4531446031708934,0.48380301312742324
1357,0.9020101460594192,0.19873546203283005,1.961789543052409,0.2014021534503206,0.45197818827093444,0.48513192004564676
1358,0.902096167740856,0.1983982823408576,1.9593160645251586,0.20088419824327985,0.4559607616902481,0.4838842839117496
1359,0.902218505103643,0.1983970325283728,1.9594205887019758,0.2003680914504663,0.4599276697549851,0.4826411001867652
1360,0.9022422173431651,0.19839703252381097,1.956958132364761,0.20498704068925383,0.4587472159850785,0.4814023497891286
1361,0.9021432521480447,0.19942135330671182,1.9545044510956318,0.2070254876609673,0.46526295243213706,0.4801681577663574
1362,0.9021414717428878,0.20077058487453642,1.9520564730539869,0.20649823036237122,0.4666321084467564,0.4789541394266251
1363,0.9018828050162043,0.2007705848745364,1.9572969956480826,0.2059698180171985,0.46543803445915133,0.4777285343471022
1364,0.9017846602219348,0.20043222345174946,1.9522934362910909,0.2054432846334099,0.4668053607981308,0.4765072873501216
1365,0.9017846026878444,0.1994267177242935,1.9575228831552145,0.20491862218486945,0.46816703687205674,0.47784464144855293
1366,0.9017482566148711,0.19942671772429352,1.957631253079226,0.20439582268329673,0.46697262373913795,0.479176792515565
1367,0.9020554584761907,0.19909400288406626,1.9577392384845942,0.2038748781812248,0.4657824486296545,0.47795551258770547
1368,0.901798180442776,0.19909400288406515,1.9553006841905072,0.2033557807696664,0.46459652975121285,0.47928471971980324
1369,0.9013846229177509,0.19876136975689201,1.9554143819037348,0.20283852257842938,0.4634147764726754,0.47806560538594217
1370,0.9013190793816345,0.19842933474625687,1.9504455378712209,0.2023230957759035,0.46477827686983086,0.4768508074114282
1371,0.9015478646249817,0.19829770034794109,1.9556483929419497,0.20434802236489247,0.466136977677242,0.4756403074285467
1372,0.9015476311842987,0.19667766005543685,1.9557608663807935,0.2038297992111893,0.4700268418989156,0.47697218177362827
1373,0.9016524723539435,0.19665882308649366,1.9558729443593743,0.20331340501444078,0.46883870584289433,0.4782972506846283
1374,0.9018052781019508,0.19601138649183322,1.9509227754177194,0.20532975952770494,0.4701841557620563,0.4770867159195526
1375,0.9011177349020008,0.19568869995613752,1.9510468620739854,0.20481060459364822,0.4715237451562336,0.47840884775343095
1376,0.9013018411970839,0.19568869863432872,1.953696380104867,0.2042932798722983,0.4703354270057484,0.4797263185847382
1377,0.9016634864868148,0.19568869863432875,1.9563365642960275,0.20377777760543883,0.47167195304431586,0.4835624923908773
1378,0.9020571909930325,0.1953655989526098,1.9564466320513094,0.20326409007270674,0.47300377408197875,0.4823435173556357
1379,0.9021175729001009,0.19536559836252032,1.9515197074610593,0.20275220959138535,0.47181260939795433,0.48112883043411436
1380,0.9021169176313389,0.19547162151095954,1.9516397101864118,0.2022440918093348,0.4706272037352119,0.4849608937868764
1381,0.9022075966562737,0.19614883985598272,1.9467347106953936,0.20173579759795524,0.46944483635716866,0.483742055635179
1382,0.9021706159661842,0.19614883985598272,1.9468684469992505,0.20122928763098427,0.4682661735150888,0.4850382549089928
1383,0.9020369551387006,0.19614883985598272,1.954526462640819,0.20072455437417286,0.4670916481161455,0.4863299074402571
1384,0.9024826392335814,0.19582670342211567,1.9571461501034086,0.20272733281785368,0.4659212367276937,0.4851112899280226
1385,0.9025424716318251,0.19550514004846775,1.9522469474929927,0.20472309605304473,0.46475492509947025,0.4838969409138562
1386,0.9026302941623073,0.19547277636850566,1.949865629259917,0.20421113763443668,0.46609558540695617,0.48268684240804166
1387,0.9027115948808296,0.1951513932604623,1.9499908767760608,0.20619920643663528,0.46493116842658455,0.48148097650817145
1388,0.9026438013538822,0.195151393222579,1.9476199469848754,0.20568458692458425,0.46377082198714503,0.48027932539867196
1389,0.9023683476555547,0.19454188015922658,1.9477452672496987,0.2051770408901918,0.4651131044828895,0.4815778041904677
1390,0.901965168756785,0.1958631733034637,1.9503661278655215,0.20466604161583649,0.4639546226083055,0.48038269665422567
1391,0.9021683002012467,0.19586317330345526,1.9480013664815832,0.20415677856696954,0.46280018123751854,0.47918737790574345
1392,0.9020722941089847,0.19586316027220416,1.9481306234637727,0.20364929044073335,0.4616498637250882,0.4779962251738265
1393,0.9019484156558606,0.19585990769533287,1.9532260142394922,0.2056268617745265,0.4630066495382654,0.47680922097929485
1394,0.901675013466523,0.19585973554196112,1.9533420516080016,0.20511674061321827,0.461858021028082,0.47562634792745045
1395,0.9015476532628495,0.19553618844374052,1.9559360157684123,0.20460839358032742,0.46319230170167375,0.4769259089260649
1396,0.9019055102042146,0.19521301192995366,1.9510934051838302,0.20410181321959045,0.46204550552591245,0.4757451103539197
1397,0.9019235911282149,0.19589547853458006,1.95863450568051,0.20359699215106036,0.46090269246240784,0.4770417916359022
1398,0.9020531727866117,0.19586803001098996,1.9636785289777234,0.203093923016939,0.45976384499769335,0.4758630659655351
1399,0.9021647671969912,0.19554505581814582,1.9612997493925155,0.20259259849488598,0.45862894698430196,0.4746884280415439
1400,0.9023998106088128,0.19554505581786824,1.9589292133961353,0.20209301129782717,0.4599639515689368,0.47844980006864357
1401,0.9022222443130883,0.19554353532741536,1.9565668865779267,0.20159515417376417,0.45883084569256194,0.47973464154299644
1402,0.9022860283413934,0.19552265448640538,1.9591348199503498,0.20356006253437528,0.4601626867382201,0.481015036768442
1403,0.9017103976189415,0.19552264366169197,1.9616938731960765,0.20305959326254885,0.4590314178817687,0.4798324214646743
1404,0.9019159879005016,0.19487532141412822,1.9667002087741596,0.20256085342516467,0.45790397912829617,0.47865389283665954
1405,0.9017877295994609,0.19391093813945723,1.964328244927166,0.20206383582158938,0.4567804336133361,0.4799331044337382
1406,0.9021026397989248,0.19359113067968026,1.9693181204203691,0.204019751406139,0.45566076513742404,0.48365911995235716
1407,0.90212819906917,0.1950581846930111,1.9644957169742316,0.203520154341521,0.4588544982639565,0.48306274676564015
1408,0.9023892653541485,0.19505811302555887,1.9670288924159136,0.20546859938215495,0.45773253723992646,0.48188102042519226
1409,0.9022375357453785,0.19345899072037093,1.9646655942119784,0.2049664597090871,0.456613895913255,0.4831472386979421
1410,0.9024979887005244,0.1947811656633601,1.964751860767289,0.20690748071958773,0.4579405366110354,0.48685053280692553
1411,0.9029009689983075,0.19546019662935857,1.972154808575749,0.20884182752030672,0.4617016082698023,0.48566310796032985
1412,0.9031586238860688,0.19546015496824193,1.9746592097573206,0.2083329729535225,0.46301336054707704,0.48447976316135655
1413,0.9033298929862781,0.19546015495844463,1.9747208922692112,0.20782586559979058,0.46188639482174215,0.48573460102687693
1414,0.9032346544120836,0.19677800622894998,1.977214042830326,0.20975219174397,0.463194915081821,0.48455345022965596
1415,0.9033346497264554,0.19676090764066276,1.9748401396220732,0.20924264994545375,0.46450256836559317,0.485805601922686
1416,0.9033263927532247,0.1964414058506405,1.970047542092891,0.208734854004401,0.46337530048376097,0.48705346333298544
1417,0.9032882243335758,0.1961193323309879,1.9725445613835415,0.2082287967072135,0.4622518922572589,0.4858726497098092
1418,0.9028913531251109,0.19579785618605178,1.972611057887181,0.2077244708746706,0.4611323277489217,0.484695876216183
1419,0.9029984872674758,0.19579601856856604,1.9702577685172595,0.2072218693617454,0.4600165912667803,0.4835231261801901
1420,0.9027903051375562,0.19579508071008014,1.9679085460688357,0.2067249584793073,0.45891045001353054,0.48477696170362805
1421,0.9030462315125791,0.19579477698710196,1.9728154865543803,0.2110552231856186,0.4578046314507246,0.4884358074986158
1422,0.9031004236257424,0.19559554664980958,1.9752933747672665,0.210546092408281,0.46152532450076494,0.4896698592839973
1423,0.9030913586531166,0.19559554664979434,1.975352915253896,0.21003869746130435,0.4604130954502338,0.4908997036934915
1424,0.903025714800584,0.19527306215690043,1.9730047619669595,0.2095330312043893,0.45930465510376284,0.4897178671143862
1425,0.9029885958668754,0.19527306215690046,1.9802849416953427,0.21143417116320926,0.4606050732801696,0.4885400541981326
1426,0.9030633662745465,0.1950467163885194,1.9779296299368152,0.21092616235034925,0.46190107411990394,0.48976892916409864
1427,0.9031391287898838,0.1947246847907053,1.9803828842583378,0.21041988065540473,0.46079238331823785,0.488593346956442
1428,0.9032572073762306,0.1947231879973129,1.990021444512578,0.20991531899194568,0.4596874799241562,0.492217519029191
1429,0.9030759214851964,0.19443422143888267,1.9900453479774616,0.20941247030732324,0.46098292971666927,0.4934339035886533
1430,0.9029668980661265,0.19441527283074278,1.9924622595703676,0.20891132758158673,0.45987977745018627,0.4970392506768652
1431,0.9028420266501924,0.19412780192046494,1.9900895826969212,0.20841188382866416,0.45878034422940206,0.5006323749264066
1432,0.9029162158426066,0.1934605852957886,1.9925015596511166,0.2079141320952801,0.4576846355667262,0.4994367107069292
1433,0.9023925503855261,0.1928304110292924,1.9901311364328922,0.20742045865046332,0.45897617116475986,0.5006358014058889
1434,0.9023925438559655,0.19326075610139157,1.9853875872548112,0.20692606452329432,0.45788218506338413,0.49944251822955266
1435,0.9026197433897094,0.19325949363979472,1.9830412280144638,0.20643334177151337,0.456805846735902,0.49825326885922616
1436,0.9026177836618713,0.19492505340877678,1.9806955148493275,0.2059495641409544,0.4557266745151661,0.4994448544499282
1437,0.9028163969371312,0.19460972783664163,1.9807413899523976,0.20546014640158058,0.4570202091164851,0.5006343717416442
1438,0.9029579737215339,0.19429497181927047,1.9831611311785526,0.20734640060696372,0.4583092551354559,0.5018198761717368
1439,0.9022782881450666,0.19398076562108646,1.9808294189995062,0.20922629596984732,0.45722261226838157,0.5053730321401267
1440,0.9024701340183608,0.19528374747542118,1.978505561840573,0.20873058079623483,0.4561393251789696,0.5041756797063877
1441,0.9026398463933145,0.19465354050537653,1.9856571657107451,0.20823653440296894,0.45505969990378825,0.5077161604906667
1442,0.9025757246986796,0.19465319941499917,1.990420167504256,0.20774415000347526,0.4539862578838898,0.5065156434079503
1443,0.9022159866170893,0.1940253404328596,1.9904427967968623,0.20961560124820744,0.4529138607070049,0.5053191620801869
1444,0.9022442403486429,0.19412029544794487,1.988105530653782,0.20912094629591044,0.4518450658014822,0.5064865195113138
1445,0.902294087865908,0.19509057444262884,1.9881335713983432,0.20862795187001074,0.45077985878759425,0.5052929072168661
1446,0.9023437124786023,0.19478115180543337,1.9834513091112804,0.2081366112452553,0.44971822512670834,0.5064579941089162
1447,0.9023650204937423,0.1944722914097661,1.9881957451645815,0.20764691771746413,0.451012968697107,0.5076191753375908
1448,0.9024772082286663,0.19574930276518998,1.9905738849536554,0.20715886851430496,0.4523033059583527,0.5064260712795784
1449,0.9024909265956773,0.19543905265982983,1.9882479681837386,0.20667244918341682,0.4512412753266049,0.5052369576659408
1450,0.9023156092481226,0.19505036201448095,1.985929832077689,0.20618765702395675,0.4501828016411807,0.5040518218787874
1451,0.9024831591650991,0.19505035884557487,1.9836194451726652,0.205704485456096,0.4561579610692767,0.5052140061834117
1452,0.9028169983997264,0.19505035884557476,1.9789757599893705,0.2099049602576597,0.4550900879093606,0.506372308192388
1453,0.9029002128098756,0.1941242022338025,1.9837022815163958,0.20941406049819813,0.4563644558747122,0.5051880672674259
1454,0.9028365663479647,0.1941242022323883,1.9837403585086042,0.21126113711132935,0.4576345727223629,0.5063441155895407
1455,0.9024582641930986,0.1941242022323882,1.9814443049320025,0.21076805284852979,0.45656645196429446,0.5074963102201743
1456,0.9024860891902964,0.19295367965520172,1.9814875707031743,0.2126082819369259,0.45783356010106874,0.508644666693504
1457,0.9027559843523028,0.1917504050115704,1.9815306924507239,0.21211304489841284,0.45676712213788073,0.5121185407679695
1458,0.902797086797578,0.19145971037296305,1.9862276949944822,0.21161945527199352,0.45803128446715935,0.5109268347164103
1459,0.90285238505479,0.18939050425814843,1.9862597112826728,0.21345219270131416,0.45929119176655314,0.5120637763901125
1460,0.9028166821426414,0.19034794001099417,1.9816468957227316,0.21295647928065561,0.46054691375993545,0.5131969412988829
1461,0.90280869120567,0.19034793841213848,1.9840095172324856,0.21246241140137412,0.4594784300490072,0.5120063030741256
1462,0.902700670351273,0.1900336986364614,1.9817288560733615,0.21196998245534138,0.4630489414490659,0.5154550597885372
1463,0.9024735836931466,0.18944794018551503,1.9840865672906947,0.2137945919643527,0.4619946095003216,0.514261571999216
1464,0.9025217993323373,0.18886546289141834,1.9841233765222075,0.2133000654360068,0.4609259741134039,0.5153851295984815
1465,0.9024595286251128,0.18886546289050268,1.9887816237344014,0.21511795584375085,0.46217165557975803,0.5141941879926325
1466,0.9023274718254332,0.18884859624004469,1.9864990507328473,0.21462136243386937,0.461105807629355,0.513007185986431
1467,0.9026506610709509,0.18884859624004469,1.9888363490955772,0.2141264105945185,0.4623485854623935,0.5164364337558569
1468,0.902532056384484,0.1884348824166227,1.995773642451055,0.21363309375835002,0.4612833999931841,0.5152466375654887
1469,0.9027784439706917,0.1878548364826556,2.0003864801599485,0.213141405388399,0.4625232860158313,0.5140607689582875
1470,0.9026614192500635,0.18756575983116347,2.0026848463954328,0.21724984868166058,0.46146005366844517,0.5151780670929728
1471,0.902631295540688,0.186992128948263,2.0072725929119115,0.21675083517610733,0.46497448464700564,0.5139947253562385
1472,0.9027408046815256,0.1861332922866999,2.007255904777041,0.2185481264390437,0.4639075288229368,0.5151099426754355
1473,0.9027908564447672,0.18585101460289663,2.0072392715773013,0.21804713383350172,0.46284415301597254,0.5139291214232637
1474,0.9032542277752775,0.18709687531237756,2.0049326168917445,0.21754778928139581,0.466364357039935,0.5150422607747985
1475,0.9031909089855418,0.18681063709238813,2.009496906654514,0.2170500862183628,0.46529741460056484,0.513863953646853
1476,0.903326468650155,0.18623940248949347,2.0071897008417094,0.21655401811028668,0.46423570568269656,0.5126895172587576
1477,0.9037045647519342,0.1869111053047965,2.014022934005094,0.21834279472157897,0.46774218771359233,0.5115189362219208
1478,0.9040801948135679,0.18691110530479646,2.0162718828088266,0.2178447691752168,0.4689562327573387,0.5103521951897225
1479,0.9040841654945037,0.18662630012434347,2.0139561504121897,0.2173483762335734,0.46788764357449214,0.5091892789149661
1480,0.9041576457974517,0.18661907894978882,2.0116480040701656,0.21912998629801375,0.46909893192375207,0.5080301722109458
1481,0.9036453711936966,0.18605066729121053,2.0070733120354243,0.21863166243575644,0.46803216599984315,0.5068748599607314
1482,0.9037151602563948,0.18605066728189276,2.0025135853226996,0.21813496875472457,0.4669688771766743,0.5057233271168078
1483,0.9038905011977123,0.18605066727430125,1.997968764621762,0.21990945678086704,0.46590906429602436,0.506845116687363
1484,0.9041539629441013,0.18548383984229877,2.000240659583596,0.2194108583646894,0.4671200272551409,0.5056959520442094
1485,0.9041049580016488,0.1854836548218405,1.9979750910772411,0.21891388763479502,0.4660627297519911,0.504550538876123
1486,0.9040564052493903,0.1846372976924401,2.0002424324746664,0.218418538152476,0.46500815306020654,0.5034088623432343
1487,0.9040448387517103,0.18463729767864523,1.9979813865695901,0.21792480350850515,0.4662179812942683,0.5045314055606003
1488,0.9039301779978379,0.18463620547163656,1.9979859450801936,0.21743267732298438,0.46517391865864754,0.5033920533065358
1489,0.9039349121929355,0.18531416845174287,2.004758432978216,0.21694215324519356,0.46412449535616845,0.5045123920113675
1490,0.904105944453064,0.18626897476001805,2.013762614993029,0.2164532249534404,0.4653322122113699,0.5033753590359661
1491,0.9043271441998811,0.18570481013149986,2.0114801548684884,0.21596588615491122,0.4642845288550015,0.5022420225253433
1492,0.9047633684516773,0.1857046691038639,2.0137035570398827,0.21772935419225586,0.4677392596261942,0.5033615915187192
1493,0.9045594675152234,0.1857046691038633,2.015919740990214,0.2194870971735154,0.4689352364735696,0.502230550351229
1494,0.9044332824198317,0.1854228138529273,2.0113945461655747,0.2189944079776068,0.47012733337986934,0.5011031785412239
1495,0.9043959997001715,0.1866588042099242,2.0158539661454227,0.2185033160772503,0.4713155741961648,0.49997947040320884
1496,0.9044068920516524,0.18625647721197816,2.0158184493820746,0.21801381518538102,0.4724999566695956,0.49885939405346513
1497,0.9043697781418419,0.18569277366444287,2.013545042047257,0.22200191016983986,0.47144250035750196,0.4999809495145093
1498,0.9044342607513087,0.18569277362284306,2.0135147584666107,0.2259771025948769,0.472624233647376,0.5010988764421215
1499,0.9045862422511448,0.18541150553590008,2.0157181068129244,0.22547237504869164,0.47380214889318956,0.49997965505465086
1500,0.9048891267838544,0.18541150550280358,2.013451733374536,0.22496927817715498,0.4772076005532615,0.4988640496496178
1501,0.9051403782462395,0.18541150546875204,2.0089636056698628,0.22446780558988066,0.47837294295574645,0.4999811174716538
1502,0.9045620195786772,0.18608310070181625,2.006716801665253,0.22396795092554497,0.4795345247561349,0.5010945812499842
1503,0.9047377248592434,0.1858015632932449,2.0067018593491963,0.2234697078515233,0.4784677441027985,0.49997983736137935
1504,0.9051125252633769,0.1858015632932449,2.002242176732275,0.22297307006406586,0.47740440015302765,0.49886868505985366
1505,0.9053223170446051,0.1858015582552297,2.0044573716504908,0.22469820422625517,0.47856469245363625,0.49998128324382834
1506,0.9054564538018792,0.1876985106443831,2.0066654392808636,0.226417787848562,0.4797212119146259,0.5010903016942835
1507,0.9052560301418192,0.1889242070648527,2.006650670410136,0.22591610558190642,0.4786582758731238,0.5021957543856573
1508,0.9050567152537634,0.1889242070648527,2.0088494714025056,0.22984308002221154,0.47981227745768945,0.5055111776345884
1509,0.9050927808275748,0.18863895805954098,2.004407282509454,0.2293348257245381,0.4787519162952225,0.504393335720314
1510,0.9052646921585621,0.18835414100844314,2.006606646162228,0.22882820221157682,0.47769430586457406,0.5032790805135456
1511,0.9052265973102481,0.18835414100839817,2.006592066009093,0.22832320313216947,0.4766400863100434,0.5021683980457031
1512,0.9052511171985251,0.1897358292828423,2.004372846512125,0.2278198222298917,0.4755892446577874,0.5032659603539694
1513,0.9054959145993219,0.18973582928284227,2.0065656978058652,0.22731805307849157,0.4745417677114841,0.5021575259280986
1514,0.9049658593862271,0.1894825869099814,2.006551251425536,0.226817889478587,0.47349764246701914,0.5032529192795946
1515,0.9051373435515574,0.18920027972642953,2.0131310967841256,0.22631932519281409,0.47465493796358266,0.5021467281725327
1516,0.9051485282136205,0.18891847552242536,2.0174940321380403,0.2258223540118974,0.47580859992980024,0.5032399566372806
1517,0.9050131343739013,0.1886379118596342,2.0174556556533143,0.22532696975450747,0.47696462667435363,0.5021360041375447
1518,0.9045353589930718,0.1892821712501823,2.013034406659028,0.22483316626711924,0.4759193598948412,0.5010355743476422
1519,0.9045353250305498,0.1909032610837787,2.0130058703402156,0.22871955158850277,0.4748774262696122,0.49993865387655156
1520,0.9044991539416143,0.1909032610746805,2.015164543825302,0.22821931474139487,0.47383881288990776,0.503219466352099
1521,0.904561056137979,0.19090326107468053,2.021686208846979,0.227720670865016,0.4749884397487827,0.5021199656124028
1522,0.9047321868962362,0.1907859854601328,2.0216388732962374,0.2272236137976987,0.4761344082294485,0.5010239637580226
1523,0.9049272451027676,0.19078598546013278,2.021591688275742,0.22890870475052658,0.4816378671223201,0.4999314472635323
1524,0.9051217215556445,0.19022612936566494,2.01936626533627,0.2327668285406679,0.4805899009416529,0.5031991783995154
1525,0.9053398173571413,0.1899470241267123,2.01932412026497,0.2344364894770184,0.47954414110880456,0.5021041110293452
1526,0.9051810658982412,0.19029794597364513,2.0149340380509018,0.23392681623910025,0.4785016610312481,0.5031864888782813
1527,0.9053850852161605,0.18974310437131733,2.012729740876694,0.2334187593598595,0.47746242121888505,0.5020936370140714
1528,0.9055295150532596,0.18864182622760814,2.014871812983423,0.23291231261035844,0.4807659584884044,0.5010042486071229
1529,0.9056779670176309,0.18836613046428674,2.0191746242107964,0.23240746978950289,0.47972388716330105,0.4999183103186196
1530,0.9060129394191663,0.18809295701774048,2.019133104310306,0.2319042247239019,0.47868511384295764,0.4988358088693362
1531,0.9060426328315616,0.18809136418209937,2.0169285233256913,0.23140257126772848,0.47981281827903033,0.49991992343814307
1532,0.9061254504399562,0.1877454470281948,2.019052970561701,0.2309025033025808,0.4809370250492846,0.49883958134219786
1533,0.9060862114287851,0.18747312216608397,2.014694096993696,0.2304040147373443,0.48205761470920533,0.4999215217043717
1534,0.9063707337649362,0.18747312043586978,2.014662406050354,0.2320638120543015,0.48101796885452025,0.4988433346863731
1535,0.9063310552070089,0.1872009557780361,2.0167853719737536,0.23156381736408502,0.47998158826507403,0.4977685483317703
1536,0.9062913815436545,0.18692926700768997,2.0145968396498093,0.23106539860893177,0.47894957770047725,0.4988495530318513
1537,0.9063622162397863,0.18692926698788723,2.0124152006605223,0.23056854974938434,0.4779206868286693,0.4977769007308069
1538,0.906456619425,0.18692926696851178,2.0145366344584272,0.2300732647728442,0.47904216741085753,0.4967076247134634
1539,0.9063931754341356,0.18665776487160238,2.0102135276868864,0.23172549359098404,0.4801665802745299,0.495641712056853
1540,0.906308354876932,0.1866575497938316,2.008047820799467,0.23337252893980645,0.47915858418787305,0.4945791498954139
1541,0.9062876952166755,0.1861158219100597,2.0037472484873717,0.23287272239836532,0.48241668478839284,0.49351992542070344
1542,0.9061233716998158,0.1872982913429988,2.001599703468514,0.23237448476357417,0.4813845410550728,0.4924640258811117
1543,0.906163340458676,0.18729151737536595,1.99945889506083,0.231877810045131,0.48249302419959084,0.4914114385815777
1544,0.9063095074487878,0.1870191928398425,1.997324797558863,0.23138269227928354,0.48573328537942123,0.4903621508833066
1545,0.9061296788543207,0.1870191928398425,1.9973305040832492,0.23302224424092588,0.4846971586192258,0.4914492689157177
1546,0.9060977793196437,0.1862427879474226,1.993074219423994,0.23252567694703025,0.48366427544020363,0.4925329837394497
1547,0.9063058603326909,0.1862427879474226,1.9888312499422416,0.23203066309285716,0.4826346250569921,0.4936133083164299
1548,0.9062974056017635,0.18596234692197314,1.9952351896828793,0.2315371967654062,0.481608192029766,0.49469025555126706
1549,0.9061166795399168,0.18596171381171087,1.9931207097349062,0.23104527207780914,0.4806603633401956,0.4936392350119369
1550,0.9061716574833454,0.18542190280733625,1.99101283115084,0.2305548831692015,0.48388513094319063,0.4925914957376102
1551,0.9058838428918583,0.18515286941388398,1.9910318871690773,0.2321863825240073,0.48285912109114465,0.49154702526154964
1552,0.9058692066806544,0.18488431458080562,1.988932644754698,0.23381279528934015,0.4860727936091918,0.4926240501929444
1553,0.9053342980028408,0.18488418681195692,1.988956064626851,0.23331801892660084,0.48504506642805606,0.491581597681093
1554,0.9044708212618923,0.18461581279227793,1.9889794115810693,0.23282478305350224,0.48401967787179623,0.4926563976289104
1555,0.9046113679892358,0.18423509244570938,1.9911145797201244,0.23233308183153634,0.48299747970269985,0.49161595962421656
1556,0.9046706786427541,0.1839680050182929,1.9911333260286737,0.2318429094478971,0.48197856414857027,0.4926885396240628
1557,0.9046942334178592,0.18483438665360818,1.9890443398242441,0.231354260120551,0.48307256461972614,0.4916501138050323
1558,0.9048572899662646,0.1848343866170877,1.9953841106246428,0.23086712807730644,0.482055422972343,0.4906149112357152
1559,0.9048099260082882,0.18404615467834556,1.9974972831014777,0.23038150758690967,0.48104144774379487,0.4895829208619688
1560,0.9046338944214171,0.18273164664307828,1.9954011815004338,0.2319987536501012,0.48213196783986045,0.4927568519719712
1561,0.904478273105713,0.18273141462624343,1.999609356421256,0.23151172785333696,0.4811209954617088,0.49592094779911233
1562,0.9046076026297474,0.18247695733966826,2.003804500045209,0.2310262102110245,0.4801120067009685,0.49488092113790877
1563,0.904666477543915,0.18247695733090655,1.9996063972131344,0.23054219503521844,0.47910614039494737,0.493844112908103
1564,0.904689836807808,0.18336095695502275,2.001699558300233,0.23215328349074224,0.4781037027369461,0.4949031663732978
1565,0.9047483692910733,0.18336095695502064,2.003786884859283,0.23166787880277487,0.47710410759903954,0.4938683831755961
1566,0.9047483692910733,0.184498366045419,2.0058580959969112,0.2311936423361921,0.47610753716857435,0.49283679568897554
1567,0.9047483686945531,0.18384203030900687,2.0100190004233265,0.2327981890941401,0.4751140423564794,0.49180848407971617
1568,0.9049585379624387,0.18384203030900684,2.0079134977549176,0.23648212783877717,0.47829284538047384,0.4928678686976138
1569,0.9046668003498685,0.18384202610531183,2.0058144843162307,0.23598964592892224,0.4772968190331289,0.4939239882566482
1570,0.9041440820206889,0.1838419054722276,2.0058023875617317,0.2354986808397057,0.47630466107737773,0.4928964031945745
1571,0.9040404113387256,0.1835876360258898,2.009947072862754,0.23500922687847414,0.4753149553384429,0.4918719809083852
1572,0.9035828862366863,0.18358763602583172,2.009926419804328,0.23452127837740902,0.4764547064333412,0.4950032996915008
1573,0.9035825029224406,0.18297859624009616,2.0140542614996906,0.23403483806289,0.47546644091466844,0.5022734270419272
1574,0.903746854086896,0.18410661589583396,2.0119529919650385,0.23354988396630696,0.47655335177171837,0.5053773162333943
1575,0.903667368751544,0.1839266006939918,2.009858172842088,0.23306641806721862,0.4776375462312522,0.5064012225460651
1576,0.9033601819698068,0.1834194433723217,2.0119057925626884,0.23258443520299205,0.4807859975976995,0.5115580009912658
1577,0.9035225725679438,0.18341944337232166,2.011881195915398,0.23210392982816241,0.48185866232104335,0.5105011531037498
1578,0.9035373863334293,0.184546123367272,2.0077289254043307,0.2316248964213763,0.4808641688903525,0.5094476117947687
1579,0.9032632311437802,0.18429156730341373,2.011836613341514,0.23114732948527317,0.48193453062122843,0.5083972267160107
1580,0.903520133703238,0.1840374431892173,2.01181223286556,0.23273097452841685,0.48300161648054696,0.5094098060110605
1581,0.9034838325543628,0.18353339164840543,2.0117879269254124,0.232252085803328,0.48406544040590527,0.5083615973957581
1582,0.9036842041519603,0.18353339164840546,2.0076524240495277,0.23383029574515174,0.4851260138522478,0.507316591200084
1583,0.9039384017860164,0.18328055278623767,2.0076367091769822,0.23335010629522268,0.48618334928178747,0.5062747754931332
1584,0.9040996353987168,0.18328055278623764,2.009672570685142,0.23287138191703913,0.4892889872503719,0.5052361383957009
1585,0.9043292740252071,0.1831722893453962,2.0117022248961534,0.23239411715899955,0.4903356784677398,0.5042006680800304
1586,0.9045352261631866,0.1840450544344822,2.013725694893193,0.23396573607112212,0.493426609702506,0.5031683527713395
1587,0.9046258705336183,0.18381836665140505,2.013697620589214,0.2334871865152441,0.49241794271125744,0.5021391807404513
1588,0.9048536180573059,0.18381834825517465,2.0157129704216272,0.23505343181936902,0.4914117717170753,0.5031564790250397
1589,0.9040938802758507,0.1838183410449452,2.0136395991983482,0.23457361809673338,0.49040868365095736,0.5021293875190762
1590,0.9040937386993146,0.18342476425481583,2.0115678813835087,0.23409990947245643,0.4894086147428244,0.5011100635313452
1591,0.9040122722121463,0.1831738859783821,2.011544315088715,0.23362299695105262,0.488411583059517,0.5000891931498141
1592,0.9039817769805906,0.18245937240096133,2.0074504569483236,0.2331475317074204,0.48741757675293385,0.5011066024660007
1593,0.904073321323814,0.18307478766187843,2.009468456543004,0.23267350842610912,0.4864265849173796,0.5000877788217087
1594,0.9043923123380951,0.18282580463407544,2.0074181096300534,0.23220092168341835,0.487469711827562,0.5011031582253892
1595,0.9042226549395341,0.18379649841466647,2.01146122818731,0.23172976624576222,0.48648066321374417,0.5021154624576307
1596,0.9042454559032722,0.18534339553915355,2.0094109207958253,0.23126005436367,0.48549455754335114,0.5010976827936473
1597,0.9043944708210089,0.18534339553915352,2.0073668322179543,0.23484180788506967,0.4845114159314986,0.5000829443668146
1598,0.9044171772012585,0.18602610299759648,2.0033059147618375,0.23436672122838081,0.48555424758005233,0.49907127860468375
1599,0.90453631606503,0.1860260681148313,2.0093621890220175,0.23389306956396494,0.48659400310013873,0.5000836481143097
1600,0.9046386182737025,0.1860260681148313,2.0093432870883743,0.23342084760068446,0.48763055266265193,0.49907399664170626
1601,0.9045147285031456,0.18602606769479144,2.0093244421714194,0.23295005007011288,0.4866470346380212,0.5021012851774784
1602,0.9046503368688071,0.18553430527761725,2.0052757914915214,0.2324806717264247,0.4856664743288656,0.5031045168746493
1603,0.9046936398873338,0.18537821032975213,2.0072780891199082,0.23402562470695756,0.48469018030750877,0.5020918090584
1604,0.9049639949198093,0.18537821002549615,2.00927435902027,0.2335550213029271,0.4857264593652416,0.5010821499034482
1605,0.9050307628915539,0.18491446743817483,2.011264623350816,0.2330858336601611,0.4887684767411516,0.5000755282027726
1606,0.904906635910661,0.1849144667552847,2.0092351288595784,0.23261805657741166,0.48979447276743504,0.4990719327973215
1607,0.9051758627449865,0.18466996069095518,2.0072117317449374,0.23215168487568147,0.4908173745295278,0.49807135257578133
1608,0.9051292298604475,0.1844258555290968,2.0051944096334,0.2316867133981164,0.4898343273150845,0.4990766543677975
1609,0.9043800550671249,0.18442584864745382,2.00318314024708,0.2312231370098985,0.4888542577700972,0.4980780638595963
1610,0.904380055060104,0.18356219755945552,2.0011779013949655,0.2307609506064099,0.48787709865793577,0.4970824675015487
1611,0.9044817222349698,0.1833220101926635,2.001175549269273,0.23030014908002958,0.4888997551657751,0.49808673259063646
1612,0.9045606261156852,0.18308221040869457,2.0011732041867445,0.23183560975325743,0.4879244576568688,0.49709310814230717
1613,0.9044830012117426,0.18308220057395622,2.0011708661216145,0.23137358723308757,0.48695216037292854,0.4961024570045143
1614,0.9045394020716551,0.18308220057395622,2.0011685350482273,0.23091294634357087,0.48996448218140287,0.4971056649125842
1615,0.9046375338202612,0.18284122082672935,1.9971883975322189,0.23244258874086174,0.4889908371437086,0.5000947815316568
1616,0.9047931605120915,0.18260172936019753,1.9971939839579973,0.23198074419327186,0.4880192526624227,0.5010880526043633
1617,0.9048153733491446,0.18574781752220265,1.9991844865664263,0.23152027800100397,0.4870505672084931,0.5000934264599076
1618,0.9050149819995384,0.185747806855945,1.9952202058370494,0.2310611851145262,0.4860847709173132,0.49910176673729345
1619,0.9050592738763307,0.18526978918164336,1.9991916083866994,0.23258442750695862,0.4851218849090528,0.4981130626238909
1620,0.9053243705532519,0.18607807957705283,2.005130169155694,0.23410313294148757,0.4841618350109394,0.4971279739739087
1621,0.9053684847765573,0.18586400117632876,2.005120026765138,0.23364030894237064,0.48320486836274296,0.4961451474986859
1622,0.9054670417964679,0.18585087540993292,2.003134881571267,0.2331788616285765,0.4862005889953476,0.4951652444733833
1623,0.9049557996861528,0.186897059320463,2.0110209319708217,0.23469184492060088,0.4872143455096751,0.4961615692023995
1624,0.9047567958280543,0.18689705930266778,2.0109992087566986,0.2342292469104118,0.4862540038642012,0.49518359165604303
1625,0.9045807568003662,0.18689705930266778,2.0109775500304767,0.23376802217650233,0.48529651297683574,0.4942085173503768
1626,0.9045376858884692,0.18689705930266778,2.0089888069385684,0.23330816573438984,0.4843418626112754,0.49520348436723605
1627,0.904557282805254,0.1880433061352027,2.0050407773845946,0.23284967262067935,0.48689156474648826,0.4946591620821689
1628,0.9049301073905658,0.18804330613520273,2.0050308812384188,0.23435575614691942,0.4878989085928372,0.49761447469359593
1629,0.9047330363986994,0.18804330613520273,2.008943526426289,0.23389612451006123,0.48694206812514795,0.4966385253109643
1630,0.9048200776561013,0.18804321707332275,2.0069667045371737,0.23343785596401662,0.4860035918355731,0.4976247593020236
1631,0.9045143201706867,0.18755819380903213,2.008910405770505,0.234938276737011,0.4870103426993584,0.49665073973711016
1632,0.9042527158543546,0.1873163458285775,2.0128037446633074,0.23447888287905552,0.48801343428967575,0.495679598284329
1633,0.9044716628127724,0.1868340591569864,2.014732160149174,0.23402084557754813,0.48706016430057336,0.49666475120326425
1634,0.9043881533764734,0.18673539803086492,2.014703410718559,0.2355156341441736,0.48611014315486645,0.49764699696117687
1635,0.9045845809288118,0.18754100380825114,2.0166242697832453,0.2370060145440689,0.4890615073309344,0.49667682234161153
1636,0.9044652339053364,0.18705949821612514,2.014644317604585,0.23654442751649157,0.49200418350178116,0.4957095068980257
1637,0.904476827858741,0.18810275147920216,2.0107245680779515,0.23608419992212992,0.49104692633192537,0.4966906705588874
1638,0.9044013729698483,0.18786143020130164,2.0087600390016367,0.23756901076823714,0.49009250466113935,0.4976689448022332
1639,0.9045753789869104,0.18786143019702684,2.0068012880794943,0.2371077132337162,0.48914087196178385,0.5005860828984685
1640,0.9045069893920472,0.188664317091892,2.0048482945150923,0.23858757201421948,0.49013183685729766,0.4996150459462029
1641,0.9042275615739618,0.18946129439647386,2.004838893605654,0.23812522790777993,0.49112698634149626,0.4986468859222286
1642,0.9043577229145091,0.18946129438258694,2.0048295258720064,0.23766423539759948,0.49017620368467624,0.497681543099653
1643,0.904304570602334,0.18946129437919218,2.0086881651025505,0.2372045952042956,0.489228207989988,0.500587011584545
1644,0.9040163645597703,0.18897617897197627,2.0067393223558385,0.23674630247236528,0.490215050036994,0.5015519058043441
1645,0.9040975095628982,0.1889760399894201,2.0086564402449825,0.23628935236664386,0.48926888031603355,0.5005838476172101
1646,0.9041624355902487,0.18873396322698843,2.010567945394536,0.23583374007220873,0.48832547387474706,0.4996186236107718
1647,0.9038845175090483,0.1885177709370479,2.0124738579208126,0.23537946079428337,0.4873848278361424,0.5005824928615575
1648,0.9039102327233584,0.18851777093704783,2.014374197856005,0.23492650975814205,0.4883712757300677,0.49961919998098625
1649,0.9041471679734551,0.18851777093704783,2.0105017235109894,0.23639730275487855,0.4893548413019052,0.49865872176583487
1650,0.9042331159671811,0.18851777091897814,2.0124020540467904,0.23594330195095586,0.49033553531560276,0.49770104814635413
1651,0.9041592693629804,0.1882757425159634,2.010459680172504,0.23740920550462005,0.48939480567424726,0.4986647486418857
1652,0.9042079533928398,0.1884829705786707,2.006606308648806,0.2369541723194349,0.4884568019688924,0.497709559742888
1653,0.9044650048472727,0.18824223762209913,2.0027641667991576,0.23650046521306664,0.487521537628994,0.4967565722434387
1654,0.9044123390729678,0.1892786510366802,2.0046717108680534,0.23796091286267543,0.48850182256913066,0.49580636065094336
1655,0.9044877404906524,0.18903707757544908,2.0084846247138284,0.23750618846251062,0.4875683343942246,0.49485891408405697
1656,0.904529921004299,0.18983353693848543,2.0046504062921047,0.23705278663315577,0.48854326160754014,0.49391754054313947
1657,0.9043609985706017,0.18983353693848484,2.00654864002571,0.23850780519801826,0.48951866205020855,0.49297558914937256
1658,0.904382298885663,0.19146341745931295,2.0046309628457326,0.2380534053382726,0.4885860372154147,0.4939415658802711
1659,0.9045424194432339,0.19146341745929507,2.002718856628711,0.23760032016255683,0.4876561771936235,0.4930014507794089
1660,0.9044899849858389,0.19146341745929507,2.002713687022447,0.2371485493370818,0.4867289527119099,0.49396545265002645
1661,0.9047859913473427,0.19146341745929496,2.002708532402817,0.23669808819049895,0.48580441624425647,0.49492665988931595
1662,0.9045209899495416,0.19120643052331138,2.0064985743599073,0.23624893207084444,0.48488255824350224,0.49398749160211564
1663,0.9044899136676846,0.1912064305233114,2.0026948666916864,0.23580107634544797,0.4839633692001879,0.4930510423896303
1664,0.9046374841671037,0.19072309762615763,2.000795963722006,0.23535451640084237,0.4868345287741285,0.49211730260527625
1665,0.904564076237734,0.19055422272910896,1.9989025512531828,0.23490924764267326,0.4878059665487146,0.49307816922225367
1666,0.9047743305271969,0.190554222729109,1.9989046254484553,0.2344652654956097,0.4887740212718337,0.4921462437810958
1667,0.9049420084821035,0.19055422192497293,2.000794820202178,0.2340225654032548,0.4897393508947648,0.49121700939273777
1668,0.9047845896528859,0.19313243615652062,2.004564733331375,0.2354684485731652,0.49070146920613145,0.49029081206974406
1669,0.9049312367409036,0.1928893064710894,2.010209193963329,0.23502474264407106,0.4916611681757897,0.4893669305832266
1670,0.9048576609181722,0.1928892097248883,2.00830750479888,0.23458231546251854,0.49073688434500373,0.4884457116961972
1671,0.9048575896284559,0.19210916500213576,2.006408594723848,0.23414386045593927,0.4916919010777253,0.48753254184876654
1672,0.9049493819719442,0.19208921294435227,2.0101539737912173,0.23370397216620054,0.49076815484350583,0.486616609841802
1673,0.9047920579092606,0.19166218868379065,2.010134916438131,0.23326534919429256,0.491723938590661,0.487580154492031
1674,0.9046503781995516,0.19142688664244775,2.0063660022907013,0.23282798697174018,0.49080475809526186,0.48666596324683475
1675,0.9046191921969521,0.19142677725849638,2.004480996452885,0.2323918811080189,0.49175881021239437,0.48762747988573835
1676,0.9048161500162715,0.19141190957970095,2.004472611569084,0.23195702717768135,0.4927098366816667,0.4885862362893885
1677,0.9051056409332721,0.1914104673146763,2.0025949113652723,0.23152342077349397,0.4917887947835596,0.4876729027998598
1678,0.9048026784706886,0.1911728645673933,2.0007225944737477,0.23295852847623275,0.49087039789989906,0.4867621878110836
1679,0.9049273350125169,0.19117286456709096,1.9988556419659593,0.2325239200129572,0.48995468448893104,0.48585408211601006
1680,0.9050098872465133,0.19117201033178668,2.0007215145119215,0.23209055593798633,0.49090527633624104,0.4849485765454206
1681,0.9050306392930489,0.19180245686518366,1.9969964172362948,0.23165843188106372,0.4899912711174293,0.4840456619690021
1682,0.9047599285841875,0.19156763604706747,1.9988620199541796,0.2312275434898704,0.49093989554455536,0.48314532929016824
1683,0.9048403704420408,0.19156750440460418,1.998864134499676,0.23079788642994153,0.4900276602565144,0.482247569453394
1684,0.9048298194207416,0.19133285591383375,2.0025788423892754,0.23222575607599408,0.4891180221558771,0.4813523734390341
1685,0.9048505407203328,0.19208802465814084,2.004427873888123,0.23365018116243574,0.4882112958744289,0.48231386193950326
1686,0.9048920657998812,0.19120571504896716,2.0044196708496558,0.23321732298592152,0.48730684015872244,0.48142033171512383
1687,0.9049725424859724,0.19120571421100105,2.0044114911918403,0.23278569855876638,0.4864049758255518,0.48238008740304655
1688,0.9044744944504144,0.19120571421086552,2.004403334832876,0.23235530356609305,0.4873545562329478,0.481488220009693
1689,0.9041344124643169,0.19028190350213664,2.0043952016913265,0.23192613371063836,0.48645439221153924,0.4824459327119842
1690,0.903867015362489,0.1902814200176508,2.004387091686087,0.23149818471270012,0.4855606672953159,0.48340092101335047
1691,0.9038377041475169,0.19005147327007488,2.0025356537694052,0.2310714523100558,0.4846665923986442,0.48435319442514163
1692,0.9039552556338184,0.18914927989081926,2.002530984341341,0.2306459322578817,0.483774074730959,0.4834612538824997
1693,0.9036680117788726,0.18914918876831296,2.009884999967735,0.232061288277964,0.48288531901202947,0.4844115136582994
1694,0.9032906586178754,0.1889212893944348,2.008029003825274,0.23347262846684508,0.48199871370290426,0.4853590772341304
1695,0.9031097197398212,0.188921283630023,2.008014262636152,0.23304397452098918,0.48111381430421213,0.488139946290867
1696,0.9031096988405843,0.18960406293335696,2.0079703853619653,0.23264571309009557,0.4820509442175492,0.48725923510174624
1697,0.9029775944166231,0.18892167540184063,2.00612345705854,0.23221943077226503,0.4829999947079989,0.48636641832311484
1698,0.9033947009754838,0.18869511487159227,2.0061122481159095,0.2317943548302965,0.48211586680776886,0.48547612820947955
1699,0.903150224442382,0.1885994575807679,2.0061010708739975,0.2313704810724456,0.4812342396456877,0.48458835598154193
1700,0.9031642341129356,0.18957246653034301,2.0133972661848265,0.23094780532400777,0.4803551040846661,0.4837030930025972
1701,0.9033503000440872,0.18934543965415265,2.0133728160491984,0.2305263234272274,0.48130351849065045,0.4846453396689286
1702,0.9035570040758475,0.18911855112680906,2.01334843492861,0.23010603124123832,0.48042601302993043,0.4837617414480808
1703,0.9037424354637258,0.18889201955885201,2.0115027596364765,0.22968692464197382,0.4795509828987453,0.4847019986842117
1704,0.9039067895463777,0.18940961754925004,2.0114818298753394,0.2310885420180443,0.4786784195082824,0.4856396567514049
1705,0.9036602159011983,0.18918599482456927,2.0096432352174447,0.23066848686104022,0.47780849004865616,0.484756897959114
1706,0.9038393984182648,0.18894711728491156,2.0059939099057607,0.2320655213768061,0.47694158833172157,0.48387662449229424
1707,0.9037903176172456,0.18894711728491156,2.002354852307359,0.23164453316008066,0.4760763726912696,0.48481291980310226
1708,0.9038107969191519,0.19042867827668883,2.0023505846582994,0.23122472866919416,0.47521358979124423,0.4839343038439766
1709,0.9040560065390619,0.19114599449236996,2.00777773146738,0.23261657130407673,0.4743532310376655,0.4830587440577331
1710,0.9040473992078539,0.1910516367346029,2.009572322137885,0.23219584749862882,0.47530394630979655,0.4821850560314867
1711,0.9039160240543802,0.19077344490124454,2.0077481762137084,0.2317763043915749,0.47444514698430995,0.48131381987992883
1712,0.903764963295713,0.19077344490124454,2.007734190412978,0.2331629821370135,0.4735887525115602,0.48225007137405834
1713,0.9037646351209326,0.19024972243813537,2.0113267162616073,0.23274254101734876,0.47273476407680487,0.48859341326136707
1714,0.9039687788141737,0.19002961432478738,2.011306311887413,0.23232326981921927,0.4718831618561174,0.48771324264502497
1715,0.9039639975552086,0.1908469696605015,2.0148833562678496,0.2319070549930484,0.47282380994404694,0.48702097202023414
1716,0.9041061169739312,0.19084656946472153,2.0184522753362826,0.2314901235682467,0.47197444271986805,0.4861453869813107
1717,0.9041598190474859,0.1906896910494667,2.0166230927538704,0.2310743576926275,0.4729228037905382,0.4870682912064653
1718,0.9042411580189843,0.191181329605901,2.0165932665695667,0.23065975362169946,0.4720742637596088,0.4862028858849153
1719,0.9043335262159284,0.19096071874628529,2.0165635239185233,0.2302463068459857,0.4712280928122108,0.48712384308211365
1720,0.9041043017968985,0.19074044219351155,2.0183245257333993,0.22983401365360812,0.4721749442976534,0.4862515691807481
1721,0.9041562280194723,0.19074044219351155,2.0182917455076663,0.22942287008797416,0.4749080273217052,0.48717059921606837
1722,0.9041562238755078,0.1910644246871194,2.0146848891565963,0.22901287220838148,0.47405932700240566,0.48629998475449904
1723,0.9043377185795858,0.1908460569728808,2.014658672260042,0.22860401608994552,0.47499850982056413,0.4854317945857766
1724,0.9045288285354891,0.19177062369550185,2.0164160414648693,0.22819629782352743,0.47593485687650944,0.4845660206018464
1725,0.904788643565847,0.19269380195674143,2.016386792502785,0.22957144403341764,0.47865033028705484,0.48370265456921124
1726,0.9047885263761839,0.192473781997122,2.0145776751589697,0.22916281841558295,0.479578308931879,0.48818153721840873
1727,0.9048543135437206,0.19246149608822435,2.018108094800887,0.22875532782518873,0.47872553689976444,0.4890916377705644
1728,0.904853126972088,0.1934188711406154,2.0162972497459752,0.22835125300530576,0.4796511549359108,0.4882340745391442
1729,0.9048928449830965,0.19527509947316368,2.0144936716064423,0.22794605571913104,0.478799957449667,0.48736764564500157
1730,0.9050911743778465,0.19505497287228335,2.0144679765862517,0.22754194289919974,0.4797239638698654,0.4865036187900357
1731,0.9051200835154691,0.1946158684720405,2.010900208472521,0.2271389497030568,0.48241648240519763,0.48564198578394785
1732,0.9050940571418217,0.19376689462885968,2.0091116207575332,0.2267370723153343,0.4815629419798383,0.48655204042398026
1733,0.9051533574492903,0.19491792035044414,2.0073279821250396,0.2281038404731108,0.4807117633296041,0.48569204337492533
1734,0.905053092222051,0.19448344215797733,2.009080809504015,0.22770106226476902,0.47986293841564764,0.488365958221699
1735,0.9048942324685213,0.19405060653209497,2.005536786932135,0.22729939713487982,0.4807807918240699,0.48750447969326555
1736,0.9049928296317025,0.19473057781122713,2.0072892686047217,0.2268988413680298,0.4799341932859041,0.48664539741839496
1737,0.9051306427872058,0.19429841570794137,2.0107973910601946,0.2264993910574638,0.47908927992538003,0.4857886691338332
1738,0.9052289108127846,0.19429841565709932,2.009019683568041,0.2261010425179719,0.47824669729645203,0.48669302181965896
1739,0.9053662484765017,0.19365278059576896,2.0072468762559343,0.22570379201039661,0.4774064417935128,0.48583792160517925
1740,0.9053858504901147,0.19396808234330468,2.0107445645220374,0.2253076358104528,0.47832370010139197,0.48498517694157833
1741,0.9051874592102122,0.19484759817385544,2.010725724164996,0.22491257051248248,0.47748498356748365,0.48413477984315556
1742,0.9050463610690987,0.19442550772515627,2.0072035417325607,0.2245185918135618,0.47666812342335313,0.48328672235028064
1743,0.9049944657324684,0.19442379493597509,2.0071909359214692,0.22412569633797672,0.4775839260984395,0.4841909428307471
1744,0.9052882197296322,0.19421186109866453,2.007178364747332,0.22548207763333436,0.4767490152098253,0.48334448157389476
1745,0.9053357961087899,0.1940002307368613,2.008912277982679,0.22508828448372947,0.4759163974837041,0.4825003446573783
1746,0.9052079747048829,0.1940002305838707,2.010641433005559,0.22469557198304965,0.47857547527871885,0.4816585242251693
1747,0.9053249198405069,0.1940002304912801,2.010622885408375,0.22430393648094857,0.4794842983811108,0.48256197293282876
1748,0.9052140181921197,0.19357740918355051,2.0106043886449347,0.22565459273270655,0.4786494115056751,0.48172172715067857
1749,0.9047244018286559,0.19357740912294796,2.0071069864575293,0.22526207152332367,0.47781681176785257,0.4826232608265149
1750,0.9047882970861606,0.19315584288815563,2.0105701152359106,0.22487062473853942,0.47698649071286897,0.4817845873541675
1751,0.9047003029844739,0.19315584286435766,2.0088157629251127,0.22448024875750366,0.47789444370060485,0.4826842106372489
1752,0.9047003029844738,0.1926046656049347,2.007066206605813,0.22409093997367494,0.4770656469324911,0.4818471071323454
1753,0.9047590319780214,0.19260466450615998,2.010519032218847,0.22370269479475596,0.4779716575752199,0.4810122906228419
1754,0.9047492689319205,0.19239513250750176,2.0105008258530557,0.22504631200279462,0.48060598782252667,0.4836413581352929
1755,0.9046128300482532,0.19218590327291585,2.0070245243188207,0.22638626305374862,0.48150406760307174,0.48280510720035896
1756,0.9046121283179827,0.1948408869058905,2.007008839283971,0.22599876731537197,0.4806741199692258,0.48369670517466173
1757,0.9046222055869086,0.19570927180034633,2.010447980173214,0.22733439756978102,0.47984466025338696,0.4828620296426724
1758,0.9038741882224174,0.19570927163699744,2.0104299689735514,0.2269424973979936,0.4790187751067039,0.4820296271800908
1759,0.9036624501183792,0.19570927163699664,2.0121341767418133,0.22655166384919143,0.47819382340650085,0.48292166018979443
1760,0.9037017346479788,0.19615409316324328,2.0138337390613623,0.2278823520766938,0.4773711294176555,0.4820908184302965
1761,0.9037839152452819,0.19615312252637787,2.0206848788102945,0.22749068405830436,0.4765506743273848,0.48469969303520755
1762,0.903349366372845,0.19615302383242877,2.0206493626421294,0.22710008001053084,0.47573311054958867,0.4838674582435375
1763,0.9034280759592539,0.19594146675624824,2.024044532946284,0.22842583139934722,0.47491708808676425,0.48475277782547804
1764,0.9033945594356391,0.19551942006815415,2.0240033307013574,0.22803440532865027,0.4758168696827544,0.4839221148749646
1765,0.9033876791316036,0.19530892666095567,2.0239622401708806,0.2310677762877871,0.4767142019393835,0.4848055720222697
1766,0.9035637210991966,0.19617492935529898,2.023921260961837,0.2323827710191896,0.4776091027526332,0.48739679213653725
1767,0.9032267607056278,0.19613904646167155,2.020463497640992,0.23369420479382041,0.47850199163468854,0.4882725478314281
1768,0.9033050755062061,0.19723150930699035,2.0170150918579832,0.23329534955678818,0.48280549415879864,0.48743923244232507
1769,0.9032394014495766,0.19704277541730916,2.0221011827569333,0.2328975730374,0.48198229434395684,0.48831316601400304
1770,0.9032719129723935,0.19683172688600867,2.022063537151778,0.23250087164034353,0.48286466039929393,0.4874814076035034
1771,0.9031223633671261,0.19662098064999295,2.022025993232204,0.23210524178437023,0.4820430047308473,0.48665189587858315
1772,0.9032003740476167,0.197269537895713,2.0253884038620775,0.23171067996558356,0.48122356700484936,0.48752480413849725
1773,0.9032523108201514,0.197269537895713,2.0287417436868673,0.2313171825038663,0.48210456743872093,0.48839510363783206
1774,0.9033883366380292,0.19726953789571297,2.026996452274168,0.230924745923246,0.48128666249150037,0.4875665266061188
1775,0.9033910217253176,0.19634337274447197,2.032035201240596,0.23053336669810742,0.480470977086292,0.4884350165332168
1776,0.9035645901092576,0.19613427852676926,2.0302878206360706,0.23014304131658944,0.4796575072023308,0.4876080274213772
1777,0.9035641544675626,0.1961992303658637,2.03023504918986,0.22975530744663214,0.47884743156384685,0.49017335162853104
1778,0.9031947122108225,0.19578337044864577,2.0268044440640955,0.22936707666728837,0.4780383054874768,0.4893450774770819
1779,0.9035234162546049,0.195783246313395,2.0284472650187437,0.2289798892848993,0.4789194126853473,0.4885190293694532
1780,0.903522266194692,0.19665127718718584,2.0267107551337697,0.22859589731360302,0.4797977844637855,0.48770592601024215
1781,0.9036954052110805,0.196651271427796,2.0283504515673214,0.22821078273484158,0.4806749444691571,0.48856898575376806
1782,0.9038491999299371,0.1966508982705884,2.029985749495109,0.2278267012306541,0.4798689870829202,0.4877467182487059
1783,0.9038684070692818,0.19541190683806067,2.0282540036482253,0.2274436493837147,0.47906216926474,0.4869266551031019
1784,0.904021893138763,0.1952067851283983,2.0248472479876343,0.22706162378997263,0.47993716608600345,0.48610878902933535
1785,0.9041749939451256,0.1952067851283983,2.0231275844257697,0.22668062105859374,0.47913184591926467,0.4869710833780824
1786,0.9040503758891398,0.19520582392807942,2.0247651092849304,0.2263006378119021,0.48000506375356544,0.4861547769269936
1787,0.9040571627275096,0.1952058190102801,2.021374401141619,0.22592167068532198,0.4792012634861731,0.4853406533758335
1788,0.9040954471808246,0.19523091790181446,2.0196656981319028,0.22554371691423641,0.48007253073341477,0.4862016497661075
1789,0.9042670998578994,0.1952309179018109,2.022975375665523,0.22516677198528376,0.4792701988908283,0.4853890744976178
1790,0.9041797755512748,0.19523091700655487,2.02293701593933,0.2247908331607433,0.47847003213361966,0.4862482697719618
1791,0.9043427184346787,0.1950263091291666,2.0279025573236296,0.22441589712786555,0.4776719809979003,0.4854372402708984
1792,0.9045134798073343,0.1950263091291666,2.02952233007604,0.22570822641697078,0.4785423184230497,0.48462837278470144
1793,0.9046270455000779,0.1950263085375406,2.0311377875909473,0.2286617132081687,0.4777467233399115,0.4838216602028306
1794,0.9044955343491191,0.19502630853754058,2.0277601341656073,0.22828146326964643,0.4769522608143345,0.48301709544222116
1795,0.9044209568417201,0.1948214667957929,2.024391467915013,0.22790222509053648,0.47615991767244453,0.4822146714471633
1796,0.9046979438338858,0.19446793887308467,2.0243509874914465,0.2275239953490712,0.475369675972108,0.48141438118918195
1797,0.9047074393157098,0.1944679388730847,2.022652659348046,0.22714677073629802,0.4762394895959082,0.48227417296167396
1798,0.9045866995843864,0.19424361080142674,2.024271437958027,0.22677054795602328,0.4771070025930035,0.4814753831324451
1799,0.9041592193718918,0.1938367995550432,2.025885920098311,0.22639532372475626,0.47631756097656364,0.4806787134055417
1800,0.9044206240186982,0.19363378441851425,2.0241901420779667,0.22602109477165355,0.4771832022625961,0.48153714571858036
1801,0.9040036154755375,0.19463132223307333,2.020847522568997,0.2256478578384636,0.476465820642041,0.4823228687573164
1802,0.9040971241116851,0.19526921391462795,2.024112503105565,0.22527560968889865,0.4756798034591239,0.4815271905407854
1803,0.9040704834278492,0.19610938478494766,2.022424726643558,0.2249043478806392,0.47489586537802086,0.4807336300353767
1804,0.9041637934998733,0.19674302528608198,2.0256805870512253,0.22453406759104344,0.47411400339382337,0.47994215804998397
1805,0.9041535377659464,0.19652034539207805,2.025638349045227,0.22416476640354246,0.474978937307039,0.4791527757936465
1806,0.9042697421327286,0.19631564426396989,2.0239531220141136,0.2237964411316587,0.4774847004056195,0.47836547955949904
1807,0.904344217992079,0.1963156442637959,2.027196720689516,0.22342908859154373,0.4783423875153799,0.4775802625420572
1808,0.9043810385761936,0.19695129271773348,2.0255123052988107,0.22470252333758986,0.477557993417585,0.47679711796278357
1809,0.9043725268246305,0.19680637816116386,2.0254705115829696,0.22433442044374408,0.4800520288522107,0.4776542177945331
1810,0.9044468009165979,0.19680635282671427,2.03033845214118,0.22396728788441597,0.47926687854932387,0.47850905487566453
1811,0.9046179497166328,0.19660149022015905,2.028653945989867,0.2236011225012352,0.47848620939809905,0.480996549010143
