0,0.5,0.5,0.5,0.5,0.5,0.5
1,0.4990672934929369,0.4973898362165046,0.5154835281597387,0.5244764918335962,0.5049950024991668,0.5149850074975006
2,0.49664577116322345,0.4948834516319941,0.5302990322168757,0.5192422059649313,0.4999551422974918,0.5198254668200738
3,0.4928736354866007,0.49407301267716514,0.5648921068461975,0.5340054277389775,0.4949705670532855,0.5146427835471062
4,0.4906389768943982,0.49156846602800486,0.5692258162242757,0.5386467709086067,0.49009391732637586,0.519476980898008
5,0.4835559241687809,0.49156846602800486,0.5834621979019113,0.5332871683192977,0.48521742168921417,0.5143081201115394
6,0.4801587862890952,0.48932953711043026,0.5876026584818418,0.5279861980662093,0.49033445299344336,0.5091958050070425
7,0.47976943913451986,0.4837229770617279,0.6007998719086798,0.5235714034698745,0.4854653120230955,0.5140696106302642
8,0.4753602977626147,0.48290262735701645,0.6125192058571826,0.5205385859250972,0.4806493411923631,0.5188901951767041
9,0.4699697459651001,0.48238446041399846,0.6078583680394951,0.5238807672991186,0.47588591214084086,0.5236581876087384
10,0.46670280626870997,0.48077142498545333,0.6315417622897648,0.5186940866334298,0.4711744044588547,0.5184737105929041
11,0.46702403994886305,0.48077059264471683,0.6450766391505861,0.5135638894541819,0.46652120871661745,0.513345693065537
12,0.46317880618077084,0.47767078412665664,0.6580469188762021,0.5187875617975262,0.46191164461878703,0.5082778959311269
13,0.4583494265399555,0.4741287158579153,0.6739503192109452,0.5208803390592129,0.45735218805694366,0.5071688181558819
14,0.45375554298087245,0.4679375516986221,0.6870264625489115,0.5256049262698306,0.4627032248045103,0.5021676388947798
15,0.45023946519725994,0.4673829020016777,0.685029318862555,0.5255074127575898,0.46830564683520315,0.5166135169721259
16,0.4500927384079087,0.46728500157264946,0.6881290313857928,0.5203357507397267,0.4636969230233363,0.5115293822125048
17,0.44828804921985643,0.4669598923700963,0.6911951711179332,0.5152201026674315,0.4689695528551351,0.5065003133962306
18,0.45099981120396376,0.4669578165647264,0.6942281318132535,0.5101598115881555,0.46439114900060857,0.5015256646892802
19,0.44867701986727604,0.45988008699555505,0.6961384540349412,0.5062440770469007,0.46855658426445557,0.5075064402379309
20,0.44369155859462067,0.45697732047748907,0.7173524374447812,0.5124523029515945,0.47308156712560445,0.5130180740261069
21,0.4393932255063284,0.45390841560584944,0.7201201759802152,0.5074342728167195,0.4880334419938174,0.5079945037535742
22,0.4309084905489986,0.4542418798933414,0.7440184683475973,0.510657158326093,0.48325930250372856,0.5033990364619988
23,0.4278103013985091,0.45327985083334693,0.7465200798218244,0.5056666974970694,0.4785365906410152,0.4984795065349795
24,0.4215453314509029,0.4490574863001117,0.7392319109620507,0.5007299457904008,0.4789511952833484,0.49847226604868733
25,0.41733194144076025,0.44776998520846645,0.7515283071021279,0.4958462769966129,0.4742799368019717,0.49361061662920225
26,0.41572809950697026,0.4474939571960511,0.7636926048898643,0.49101507272931627,0.47940221185082343,0.4888011951853498
27,0.41472495267740234,0.4501535191350467,0.7723757847851774,0.48958627943611466,0.4908791475748336,0.4874114697602952
28,0.41260916415624194,0.4501535191350467,0.7933811308272857,0.4854814120921111,0.4861058958487628,0.4923958209979036
29,0.40939186475415484,0.44807787910952307,0.7953882605411241,0.4807653657231234,0.49109794778641114,0.48761260692238445
30,0.404035130792685,0.4469354216859376,0.8002432364115907,0.5023438353272983,0.4863321096867695,0.4925850474929718
31,0.401154687200654,0.4463324853799082,0.8115281294779909,0.4978201902438638,0.49113876656363276,0.4976775393581212
32,0.39824822504192947,0.44345509427864493,0.8230385577701563,0.4929987689344328,0.49606712110311335,0.492857499631908
33,0.397289984407063,0.4409841407681775,0.8247507279593349,0.4882288157466929,0.5009933303981973,0.48808891327914294
34,0.3923488516119527,0.43934796459387293,0.8636858595000447,0.48493137330667657,0.4961508716264339,0.49303689997246697
35,0.38669334067049477,0.43687021275912985,0.8650021162238373,0.4899049038634708,0.4913600119371999,0.48827610896218443
36,0.3848414553483075,0.4363258268562042,0.8566579572712605,0.485179083761054,0.48662015527599023,0.48356600087168367
37,0.38104693298627396,0.43609274994108327,0.8676760716824498,0.4805035287171435,0.5012042356767781,0.47890599072262147
38,0.37912010190786133,0.4347179759158663,0.8785771006731705,0.4758776590647447,0.4963790776396229,0.4742955007752316
39,0.37585354173911195,0.43130931308389303,0.8910284084303408,0.47925239432511935,0.49425564568073593,0.4863184772756375
40,0.37886753058308636,0.4313059340279657,0.8920753959738184,0.47464778793355894,0.48954364959915325,0.48164598070532677
41,0.37819554875359596,0.4313035376500246,0.8931112877616425,0.4700919802003198,0.48490648536412206,0.4770230022792943
42,0.3841896609277836,0.4287670064397352,0.9037249087066468,0.4655844106825012,0.48984559110287157,0.4916263688967254
43,0.3852827950420112,0.42876213640160016,0.9333843417330662,0.46112466332308505,0.4947886867495802,0.496496207183605
44,0.38932327270200423,0.4287620495825203,0.9531609020606093,0.4567119126085305,0.4900541187728364,0.4917449670802579
45,0.38629854203115277,0.4267173640226804,0.9631686574757543,0.45234575822476114,0.4949291885560797,0.4870438975779296
46,0.3892379937358789,0.4267155786468346,0.9635204122520991,0.4480256664195249,0.49977208465479256,0.4823924239817712
47,0.3889406831614715,0.4239211798703275,1.0115728292810133,0.4437511099982459,0.4950038221784265,0.47778997865763034
48,0.3857169564860488,0.4223850753847583,1.0179542114673905,0.4425612193767211,0.49981711137269386,0.49229867668132415
49,0.3829318042897676,0.4210760446980485,1.027305066150797,0.43834723495845235,0.4950579471551989,0.48761110158020915
50,0.38098355029427433,0.41764172052809295,1.044724190542331,0.44503557159792406,0.49918823940109935,0.4931579606872906
51,0.378456703552871,0.4176407379664398,1.044299186099039,0.45030928019007116,0.4944537283601281,0.49797585505390457
52,0.37778604257915943,0.4176334943450489,1.0438786411376244,0.4555276528715833,0.48979239027598676,0.49324842651197015
53,0.37644303361697334,0.4153081323168554,1.0529463050001493,0.4512075196604195,0.49463109726877297,0.4885705570230472
54,0.37446169519402955,0.41498490710401853,1.0515928207192031,0.4477844887403748,0.49079665743267503,0.5020384708447636
55,0.3713101575155274,0.41353516978744226,1.0416396508541508,0.44354627505960775,0.48615133996342264,0.49728675128120514
56,0.3651908144433954,0.41090759553119655,1.0601567143770845,0.4393523714431351,0.48155458878441293,0.49258471043024343
57,0.36299173432222454,0.41088088788120436,1.069034418314418,0.43520227499886205,0.4772244408756243,0.4879317844689131
58,0.36075063373107785,0.41025033294868457,1.0871084291538562,0.4312430338167522,0.47272111269014594,0.49276391591561275
59,0.3572487600557217,0.4060839703205378,1.1334225905535715,0.4366047442370143,0.4682647387615812,0.48811859712431266
60,0.3557755926724803,0.4051763069963698,1.1415607986532368,0.4419335115382407,0.4732495222659318,0.4929622252291637
61,0.3539289610889587,0.39963545231227726,1.1462539102145344,0.441158982301651,0.47651367120392496,0.4921712543205298
62,0.3488817628043746,0.3945677709726794,1.163676952476987,0.4370126045234561,0.47203500075505933,0.4875454209274661
63,0.34721728847360317,0.3945677709726794,1.1715295531506624,0.43290930319408416,0.46760285892194126,0.48296764501639744
64,0.34538167015314736,0.3920398303293252,1.1699205973664366,0.42884859228669003,0.46321672072730485,0.4784373843600278
65,0.34385242442447855,0.38881729121907116,1.168044646043087,0.4251136723530714,0.4588760675524455,0.48332477793233014
66,0.34174612523954323,0.3878368706775696,1.1654065460400949,0.4221990342634442,0.4628767134925622,0.48922651635984626
67,0.3416112596838288,0.3828907442909459,1.163859671958831,0.4182506491549222,0.4586254809503029,0.4846512934551819
68,0.3395340130496154,0.3811771862577339,1.1529861910758141,0.4143430986593876,0.47161380990021834,0.4908781166528783
69,0.33743781128534467,0.3803645867511812,1.1608915969384501,0.4104759239725368,0.48587864598705033,0.48629662022349157
70,0.34209497014554086,0.3803644451250414,1.178039330029967,0.406648671825215,0.48134888584401986,0.4817624205901162
71,0.3383074505298803,0.3774531730303021,1.2229042277666051,0.4029107227698334,0.47687360913045423,0.49589592034802743
72,0.3366985929945326,0.37744367753514463,1.2300998547819553,0.399197003247248,0.47243615286352536,0.5005867645562337
73,0.331959082225477,0.3749497515840137,1.2279608446220143,0.3954860645916235,0.4680443824651641,0.4959333058379197
74,0.3275357421964831,0.3731774889433894,1.2258438367849682,0.3918132974566742,0.46369778677059587,0.49132771360627164
75,0.324415906323265,0.3719902697669035,1.2608583247530634,0.38817827511095077,0.459395860757582,0.4867694527467624
76,0.32119284865295655,0.37121822821626754,1.2769769716542803,0.3845805759468798,0.4644062675334115,0.48225799457012497
77,0.3163428063229684,0.3712182282162675,1.2744124699769066,0.38101978341524617,0.469365275558872,0.477792816730194
78,0.3130950108872549,0.3694261259178047,1.2811238965130562,0.3867451302259973,0.4742734579948397,0.47337340314285936
79,0.3077411795950536,0.36939757009244645,1.2877665987165707,0.383171450816862,0.47918662175271054,0.46899924390611497
80,0.30497021282161474,0.36939757009244645,1.2943413416682437,0.3796343325196847,0.47476317171761334,0.4646698352211879
81,0.30290968922593176,0.36902530843134473,1.32851469204185,0.3761333686546303,0.4796068726131773,0.46038467931473204
82,0.30264919547371116,0.3690181936665924,1.3347008978908343,0.3818808769888788,0.49365826675457075,0.4561432843620713
83,0.3009068437238187,0.3664014812756831,1.3286667624574078,0.38131994383642953,0.49206858911308027,0.4585163317707951
84,0.3001241472975254,0.36430820687373355,1.323640968384559,0.3798178982174926,0.4875443567033483,0.46349490186314485
85,0.3040881673054123,0.3617895020917624,1.3298534091761882,0.3763292241644266,0.48306620193779903,0.4684227670965976
86,0.3044664129733046,0.359288636861607,1.354354520258709,0.3728760489130983,0.47864967988000834,0.46412454680799736
87,0.3027398874929801,0.359288636861607,1.3694397754468197,0.36945797957761,0.47426200789622686,0.4598700233921973
88,0.30505610063668553,0.3466687467731971,1.35689898175299,0.3660746279447058,0.4804354266764413,0.45565871363419314
89,0.30451269679211374,0.3463538338483755,1.3902277301592687,0.36272561041497453,0.47607252685115237,0.4514901400619044
90,0.30197548088831777,0.3463538338483754,1.3958006290924794,0.3594105479444266,0.4808608634164632,0.4473638308734539
91,0.30238468670955826,0.3416012350001135,1.4104472137538828,0.3561291056999707,0.4764812143532994,0.45240951021212006
92,0.29911984655099766,0.340262332508087,1.4158245550765203,0.35288083378785234,0.4721352046605679,0.4482830597724436
93,0.29708834407038864,0.33857415729869206,1.4207059752592843,0.3501069550682914,0.4678331393630909,0.45331026867182983
94,0.29626418416706224,0.33637349220327506,1.4077735336643744,0.34691999180689875,0.46357453493941886,0.44918386343664285
95,0.2925701776338785,0.33143547707842436,1.404065351515306,0.3528589246418297,0.4593589135875928,0.44509910695655125
96,0.290802968522527,0.3297933823541655,1.409479203356075,0.34965332828397166,0.45518580315304535,0.4410555417340078
97,0.28911736390606885,0.3290257376126531,1.414838510313483,0.35555558856381836,0.4510547370574639,0.4370527156746172
98,0.2863938919349484,0.32785460068081357,1.420143870544916,0.3523319477178687,0.46509823230368075,0.43309018201912647
99,0.28323386655357174,0.3271866911233216,1.4163384480742476,0.35819815387361226,0.46088563897944373,0.4382249263565578
100,0.2790476295413759,0.32488918330871475,1.4216196361907611,0.35495704294664976,0.4567307280649737,0.4342597032477231
101,0.2786509770979727,0.324333205835335,1.4358414965810709,0.3517941100856463,0.45261740184356974,0.4483977332983568
102,0.2763066678417058,0.32386122048150623,1.4402546998227637,0.3492986200729755,0.4572197710843987,0.4537195221555646
103,0.2751182836467573,0.31928556048826856,1.4453043131584575,0.3461475030032985,0.45309506820135587,0.4496263959622478
104,0.2718054493489816,0.31760029658179756,1.4398065743492912,0.34451247782831557,0.4565393701110948,0.4560710458006395
105,0.26734585432799857,0.3155508441597391,1.4439597545166365,0.3423011261247617,0.46098709012373434,0.452737040399855
106,0.26618975946733536,0.313380085953576,1.4489609175377358,0.34821663190651336,0.46583510509147275,0.4486650118675292
107,0.26335297231119514,0.31706852129112495,1.4434477814036966,0.34656692309948095,0.4616494570784245,0.4446349748497969
108,0.26059702922546313,0.3159334635362833,1.4394672717420585,0.34345604275764013,0.45750556415291727,0.4406438086121636
109,0.25634514244737927,0.3151295535130306,1.4355264350413979,0.3403761679514966,0.4623702767723935,0.43669242154751564
110,0.25419008462258247,0.3151295535130307,1.4405831819210222,0.33732696205057283,0.45822820600160136,0.43278038176903993
111,0.25189602141863815,0.3151295535130307,1.4359718655243616,0.33497645913698193,0.4541273442275707,0.43785664992411616
112,0.2497815939449854,0.31067168052768435,1.4231336415213203,0.3409220639150933,0.4500672447847652,0.4339420176893862
113,0.25185174690214535,0.30846859991967346,1.4461479026022654,0.3557411672631898,0.44611172308661445,0.4389982872000903
114,0.24930297611017685,0.30772035295937655,1.4510657712201083,0.352590959180945,0.44213125574525003,0.4440038696151841
115,0.2477480004060977,0.30687107699319166,1.4460417644761328,0.35045144191689676,0.446100549686408,0.4499631900554335
116,0.24774800040609768,0.3017735121368203,1.442069873077914,0.3473307586569381,0.4510328870534315,0.445956379334031
117,0.24622370436562765,0.301341908456679,1.4381372849435767,0.3442409556566238,0.4470205652739067,0.4419892174155078
118,0.2452698089871241,0.30018109852754826,1.4608745782850059,0.34121157935290336,0.44304791115594194,0.4469482372135001
119,0.24318577948883208,0.30018109852754826,1.456782897827263,0.3381822763343052,0.4391144972395866,0.4429801958981506
120,0.24161359002870844,0.29913450220637405,1.4704700056893472,0.3351828686121409,0.4352199010229809,0.43905131401012015
121,0.24094156862017999,0.2989157963271948,1.4928825004570274,0.33221303456949974,0.4402240444969396,0.4351611702679517
122,0.23969861243372223,0.2959731369755514,1.515074210100676,0.3292724563140547,0.4363274085493186,0.431309348268968
123,0.2408909437875795,0.2916821310491592,1.5370470650338324,0.3352038971261822,0.43248209102971996,0.43633822001078115
124,0.2384500846351424,0.2914237877576242,1.5764700579292255,0.3322446071132993,0.4286619370288324,0.45015098734809716
125,0.24066970967035656,0.2914216076723513,1.5802076965495184,0.32931255874652005,0.4248929722850604,0.44617841882779624
126,0.23885792932115701,0.28807490857874807,1.5826000795622435,0.33653400706427106,0.42245562101860445,0.45856857231978676
127,0.23566178948379676,0.28759926501335037,1.5950835979369042,0.3335700387443155,0.4187349121125142,0.45452980449141833
128,0.2350773342036919,0.28770440935567143,1.5881576430174924,0.3323252032608379,0.4167407506128622,0.4576569881458358
129,0.2315420622245837,0.2877044093556714,1.6005673697699139,0.33819389089868457,0.4130777079111559,0.45363430236853386
130,0.2294222478013836,0.2869821051071436,1.5865128608271588,0.33522422579505073,0.40945049143183665,0.45843191459555305
131,0.2289001051642158,0.2858933349984698,1.5989122212507145,0.3322835793023118,0.4146308966875756,0.4544104683572397
132,0.22550199537120788,0.2822508904570035,1.5936637079313543,0.32937164207696856,0.41099731616163715,0.45042828313709304
133,0.22394726087165925,0.28071832097157406,1.5884663894038968,0.32648810832727926,0.40739917812913806,0.4464849407532429
134,0.22206112485550297,0.28071832097157406,1.600811522120707,0.3236326757697375,0.40383610539394493,0.44258002782146494
135,0.21879299381494416,0.27764898530166576,1.5955621362526835,0.32080504558611556,0.4003077250839768,0.4387131356964355
136,0.2174329481129557,0.2768878573505641,1.5990922423493967,0.31800492238106504,0.41427052124807257,0.4348838604137489
137,0.21616249386937772,0.27463415755632864,1.6374662727977303,0.3152325890181858,0.41065820564714706,0.43981150489400817
138,0.21490171901829774,0.2726292124222311,1.6232023255176107,0.31248660205929196,0.42450294122512405,0.43598031262872894
139,0.21342790386961216,0.2714232910032555,1.635183604776118,0.3097672560629952,0.42080879764895335,0.4321862897496738
140,0.2191207821475019,0.2694013541215165,1.6209680062239404,0.31576784648599604,0.425844245153323,0.4371226393409626
141,0.21624717627253617,0.2680967556279655,1.6155749654608234,0.3130254364894873,0.42214583339968675,0.4333262759392756
142,0.2140247621047384,0.2677310125773763,1.6015578936460202,0.31030956126429665,0.41848320641574144,0.4382428576241468
143,0.21299677515253987,0.2653723817061144,1.6136789475039912,0.3076199405158666,0.4321910675743985,0.4344443698240456
144,0.21141128526492833,0.26479979375789015,1.6083192247539373,0.30500224907155066,0.4284487780720655,0.4393414467341982
145,0.20930124034861275,0.26094945074919346,1.6030571278465373,0.3023639116225926,0.42474260062718155,0.43554104527707216
146,0.20585249108289533,0.2589922637324642,1.5978457632216474,0.29975101058865555,0.42107215472515497,0.43177728378377944
147,0.20651279926069813,0.26451345664952014,1.6005793427089792,0.3065344117598627,0.4181753007799086,0.4359447240022438
148,0.20482486249283668,0.26451345664952014,1.604024070736963,0.3125150747642615,0.4145688268709802,0.4321850010585002
149,0.20269917417902253,0.26332008833951764,1.6246670593439068,0.3098225414006892,0.4109970298986609,0.4284614285701544
150,0.20062283722057597,0.2623605973015301,1.619290500138034,0.3157629538383413,0.41606662544370365,0.42477362687854636
151,0.19916739583912826,0.2617285256053645,1.6225034333337096,0.3217069390106005,0.4295648627581923,0.42984087496484086
152,0.1969417569180717,0.25737228117864724,1.617156201794162,0.31894351410616845,0.4258749509289177,0.4261485922230578
153,0.19534679155452442,0.2573722811786473,1.620441498214678,0.3247878622339477,0.42222039139724693,0.4224916844941109
154,0.19329433248466452,0.2561082044087069,1.6494135076841976,0.3305762669734894,0.4186008141147933,0.4188697814918429
155,0.19654514327580658,0.2522279655731154,1.6524159836145975,0.3277451616499697,0.41504381064013196,0.4152825171092543
156,0.19449931987995614,0.2499138162612141,1.645022367583501,0.3267529189223094,0.4114928651741342,0.4202851212718322
157,0.19247563605449738,0.24860850796538284,1.6476843730269106,0.32433215125072407,0.4163368581475481,0.4254259692642664
158,0.19121047042885653,0.24736081441073088,1.6592212093813323,0.3215727495624297,0.42985235731269483,0.4303385734916268
159,0.1929219389068911,0.24547888835030476,1.6621280400574485,0.3358896728966079,0.42618573235587454,0.4266678011285035
160,0.19019865699613756,0.24226614025126653,1.6564857570890952,0.3330274099112405,0.4225540171081438,0.4230319779616682
161,0.18928073007297502,0.24017698713746505,1.667911732662143,0.33020362862710056,0.4274660174250796,0.42794741253645363
162,0.18808861313178335,0.2390568991851608,1.6622315360776254,0.3444042650011734,0.44934390641369665,0.4243079714064798
163,0.18643827597291984,0.23740131463011876,1.6651011871843533,0.3499741485973453,0.4540222320632739,0.4207030882696697
164,0.18421214205474767,0.23382823909709377,1.6764310343582998,0.35549119115128425,0.4501687545910744,0.4171324043721772
165,0.18738394846405285,0.23209255702711243,1.6622812305584642,0.36089139136994003,0.46335457123383406,0.43068253784728233
166,0.18662669018376143,0.22986946522784527,1.6564473658233616,0.358058510941741,0.4594297437872534,0.4355049199710296
167,0.18548648848577684,0.2263815432491699,1.6505172067851486,0.3554039251937747,0.46362874321434766,0.44065697912423474
168,0.1879974337294458,0.22637929346859142,1.645018034632307,0.3523995044835293,0.46818227449328215,0.4369318684534024
169,0.1937309753001155,0.22637928975080202,1.6480158889352519,0.3494234592926776,0.464228528807899,0.4332419399225825
170,0.1921817259470384,0.22499709821070865,1.6341121587083869,0.34647549650569126,0.46394814394738115,0.4428239785310063
171,0.19149959640957853,0.22455098473897042,1.6287123544143194,0.34361069649481507,0.4600378889004715,0.4475199782421579
172,0.19120319918431236,0.22428477354245152,1.6402438299720459,0.3407320468158872,0.45616446568724545,0.45217174496127577
173,0.1899309821326137,0.22179970106277597,1.6264471221429828,0.3378660214042888,0.4607388709292413,0.4483683583307072
174,0.18802208992355157,0.22342556722199042,1.6127801374335604,0.3350269437081866,0.46110482648516954,0.44889173088275197
175,0.1860821869672232,0.22136811239083232,1.6160306817556873,0.34060910671545186,0.46562861985382625,0.4451234777322043
176,0.18783524524671946,0.2197102463461103,1.6276345424965664,0.3461412321728086,0.4617520239087413,0.4497779494561502
177,0.18642474578789767,0.21845495593686876,1.6391319428693067,0.351619128748996,0.466261356643038,0.4460098007203645
178,0.18471805345469025,0.21633627620845144,1.6421522007322533,0.34867627909139404,0.4623590175449582,0.44227695548521806
179,0.1842590286654506,0.2158939891819585,1.6284220693048526,0.35412203514608315,0.45849320652287057,0.4385790517687325
180,0.18351703626800042,0.2200919383297203,1.6308052106489204,0.35188469769767167,0.4626559822499498,0.43532603968921074
181,0.1824967094464732,0.21943810416945167,1.6171971953398123,0.3489484473582425,0.4587954171449349,0.43169352528843385
182,0.1805891744691231,0.2176791237558459,1.6120522312464514,0.3460396084237043,0.4549708923978487,0.4280949222751415
183,0.17820610856026556,0.2160961089420118,1.6235755840139054,0.3431929350275033,0.4594980431557945,0.4328692437331406
184,0.17719202749899146,0.21486323492929887,1.6180495929764995,0.3406760326148788,0.46433291494523815,0.4538878811354982
185,0.17354053867833427,0.214446665718242,1.6096898755893976,0.3410677402573026,0.4636969049413363,0.4635146044449944
186,0.17230307231524533,0.21338759028347434,1.6046277815411005,0.33823594486894465,0.4598469519788599,0.4596661650754027
187,0.17108339933811623,0.21288206305485058,1.6244960463702243,0.3354304680100252,0.4643272176025661,0.45585349286090177
188,0.16902384273027946,0.2128820630548506,1.6193213802839137,0.3326510418195547,0.46876588106015377,0.4520762237756224
189,0.16840520580956733,0.21125531696663422,1.6141947214648478,0.32989740138099294,0.4731633654156965,0.4483339977952327
190,0.16731399665921998,0.20670182296757197,1.6066280221844624,0.32965684461866457,0.4692504977469175,0.4528960501893252
191,0.16599579674360707,0.20514442808535316,1.5933551445228276,0.3351947678777108,0.46537386646496853,0.4491545283282616
192,0.1647492449979004,0.20325695878972008,1.6049194243215315,0.3324732392444255,0.46153310398086783,0.4537006938407439
193,0.16673200944608477,0.2017289200473888,1.6081767924513255,0.34622169680080106,0.45772784673386085,0.4499600134034829
194,0.16477984565794931,0.2017289200473888,1.6031674962283728,0.35160659347149426,0.453957735144199,0.44625388218703715
195,0.1673306864855975,0.2017132113303518,1.6228894376222547,0.34871347970310373,0.4585927258584026,0.45081031073339345
196,0.16677558990290672,0.2004055490772584,1.6259893325832635,0.3540671345827541,0.4548230375445023,0.4471045948239742
197,0.1660885728059502,0.19983607852299645,1.6286930339323051,0.3515272076572967,0.4510880733620387,0.4516449201032958
198,0.16390642566797248,0.1998281330735165,1.647855967295472,0.34893393853190896,0.4555911813284546,0.46434715839829666
199,0.16333585942190793,0.1991853127458229,1.6753284601398684,0.35426974974419767,0.45185738428784306,0.4605416017569489
200,0.16297602118177082,0.19901602027428208,1.6697993383524152,0.3513692343541895,0.4481578889226247,0.4567710060326468
201,0.16157060155414568,0.1977392224128604,1.664134802201055,0.34868150580226126,0.46047827027419375,0.4615864716991314
202,0.1602736388454936,0.20314708565546824,1.666273394392247,0.34643819220842464,0.473057624242352,0.4750527663046326
203,0.1598264533407166,0.2011576383152253,1.668524419805603,0.3522461872937633,0.46919615778625673,0.4793377963522536
204,0.15842204810520458,0.20671461800349628,1.6617996295008186,0.3506469774015121,0.4653700396724532,0.47543458853429044
205,0.16376065198878464,0.20671461710470573,1.6889941892355262,0.34779044121003294,0.46157891966829057,0.47156147341750415
206,0.16278145524191381,0.20552819655868762,1.6833235613602018,0.34502337283297374,0.45782243774688064,0.47586208093465465
207,0.16798847133030426,0.20079841614507507,1.6940283995330998,0.34221826501479174,0.4541568197811173,0.47199322870981614
208,0.1665443994865888,0.20011773316494685,1.6802693816681933,0.3394387441854281,0.4504681261331479,0.47628173686055053
209,0.1697752324331527,0.20011635730919752,1.6828635295864172,0.3366846854729934,0.4468270494955326,0.4805312274387653
210,0.16720875915715955,0.19918759420621024,1.6911165060945188,0.3444849391326555,0.45009922017579096,0.4859537215813807
211,0.16630506058648503,0.19765791992861048,1.685469162763788,0.34174625052368873,0.454501312991944,0.4901671961282243
212,0.1643873099387961,0.19765791992861048,1.6799239592243245,0.3389816440016949,0.4508245578198629,0.4862019165524954
213,0.1631841831738794,0.19707611498480956,1.6824407823261731,0.34439359547926235,0.4632045321012133,0.4904939894276562
214,0.16008674858880406,0.19551975032353353,1.701123905554294,0.3416407930357522,0.4594648577919423,0.49460747797560556
215,0.15767498943206734,0.19246602569805096,1.6874036363072353,0.33888531846336833,0.45575908331079845,0.49061826369951633
216,0.160235733854301,0.18949939997209145,1.697979234229435,0.3361552541708231,0.4521249878149047,0.4947226836205789
217,0.1594144135228099,0.18949939997209145,1.7326074886588472,0.33344943978660874,0.44848569828926593,0.4907405124751669
218,0.15824476287793202,0.18663271359721492,1.7347576598716525,0.33076808800618995,0.4529205651037516,0.4867943431617892
219,0.15704548567633814,0.1836236170200557,1.7273213529681486,0.32964479516447226,0.44928215583828907,0.4909170356619636
220,0.155283791129477,0.18841741197522976,1.737402189843881,0.32713198222112533,0.44576501441803096,0.5029399157143563
221,0.15610603975198453,0.18836716793765848,1.7234731466841753,0.3245093105530946,0.4422610849791072,0.4989077625182368
222,0.15865212590619507,0.18692688028692545,1.7176770746200243,0.3219119301017006,0.4387259515241033,0.5029227517132387
223,0.1566025101584294,0.18577271915265844,1.7350237957995656,0.32825189689552936,0.435520467856676,0.5145962612637656
224,0.1560713612692955,0.1836493382149211,1.7291486393585234,0.32562812980478884,0.440032438187515,0.5104830154665854
225,0.1549794680754644,0.18240624760515148,1.73929659358957,0.32302793637545474,0.43651870780078533,0.5064067257940728
226,0.15275757540865353,0.1868684101957466,1.765300274664664,0.3204586242930222,0.43303651905150137,0.5028308244320302
227,0.15163602551318928,0.18406459946461778,1.7671706455518392,0.31790482291739,0.42958556103627416,0.4988236610923705
228,0.15362776283127466,0.18406430698203458,1.8008692269200377,0.32333514809731223,0.42616720069226255,0.4948524049126147
229,0.15362787305185321,0.18920418073367706,1.826295563269755,0.3207808349183731,0.4307276039772221,0.4909203636845656
230,0.15176574546818347,0.18920418073367706,1.8197303673635825,0.32617745941958926,0.42730532842836555,0.4949651724585935
231,0.1507256174185068,0.1887024065655569,1.8211612385830944,0.32358846019486487,0.43185103205651054,0.49103643854166024
232,0.15030324504622736,0.1878094427081256,1.8305087948417862,0.32102257804428186,0.4363561472724254,0.4871427841382209
233,0.14903279195483926,0.18706133588504784,1.8239298897450131,0.32640112195572735,0.440821072193757,0.4991269366359905
234,0.14953679479648205,0.18701866311097962,1.817393035520218,0.3238346957975176,0.43852542412814827,0.5031072424931625
235,0.1484558206499491,0.1869564721513531,1.8179286041653664,0.3221826218769793,0.4350585699567803,0.507035531787928
236,0.14704803658450208,0.18588918811989152,1.819366568862428,0.3354336992732811,0.4316225614509732,0.5030310631478946
237,0.1454867376092039,0.18409449111702897,1.8206158162771426,0.3329630912291478,0.4360190426140787,0.5070400720739155
238,0.14697803250012673,0.18409116786101892,1.8220284655867158,0.33033992883765756,0.440478603471724,0.5109268571457699
239,0.14582541664705106,0.18350634396308108,1.8076815422876191,0.3277387830755705,0.4370102093943203,0.514777891858292
240,0.1483585670332637,0.18350634396308108,1.8170606514686238,0.3251606984963775,0.4335752209013902,0.5107285055383236
241,0.14782590246830207,0.17940859362259354,1.80278143249266,0.3226054503749379,0.43016800633384183,0.5067149883439723
242,0.1503487794678959,0.1794076717308834,1.7964791472646375,0.32792337813316885,0.4268010464183774,0.5027369910253969
243,0.1511665667625478,0.17939298303983195,1.790214803918924,0.32536935277205914,0.4393347207024884,0.5066902359950664
244,0.14953227937201724,0.178195997719472,1.7840235686461046,0.3306550004700376,0.4494639004366585,0.5126536967360162
245,0.14841575424260425,0.17681516970436156,1.7731483814265856,0.3328055479422749,0.46325016980628053,0.5304721161821937
246,0.14792162786658025,0.17333168282941866,1.7747475930683854,0.3303778589785581,0.4596279137715602,0.5341434590579874
247,0.14686535592583339,0.1720393506698294,1.7608843174114595,0.3356085500149727,0.4560375730982612,0.5299710471374494
248,0.14600313722582228,0.17078876848429692,1.7625319744997063,0.33320790124120964,0.45247883855150506,0.5336389648073979
249,0.1457364028188346,0.17036795683137562,1.7721748910707718,0.33061441550617165,0.4489514041423538,0.5372746220414291
250,0.14430126306745206,0.17003370985649613,1.789525210464574,0.3280395878492626,0.45324297492199717,0.5330903230777264
251,0.1422996055877793,0.1678804615878412,1.775602303982472,0.32548736646822557,0.45946820765690677,0.5425318677730125
252,0.1417498223424366,0.16733020774045804,1.7695739758864266,0.3307299804199616,0.45589701518979375,0.5383150673783996
253,0.14089318021900238,0.16523900960974963,1.7709720578802615,0.32855307042120924,0.4599262490735041,0.5420954536328113
254,0.1391516429185901,0.16378279742197685,1.7882624448926094,0.3260045111885799,0.46411555688444583,0.5378904636397149
255,0.1384013687868432,0.16202396183210688,1.7795208442024686,0.3261114734047188,0.4707509289088929,0.5467378765904954
256,0.13728416597348903,0.15976744686647248,1.7812276658799362,0.32358690762404607,0.4671066483997298,0.5425053492285248
257,0.13692341366901198,0.15902332382109488,1.7906177811424573,0.32111987190430585,0.4634941940566211,0.5460434674372686
258,0.13584017521707747,0.15777555345385275,1.7767835535400918,0.3186389150846253,0.47094881573505326,0.5616930152040882
259,0.13741268578021193,0.15776512568544832,1.7707881592346524,0.32389781680806257,0.49045692418954734,0.5651658730102083
260,0.13703639329284642,0.16008571657348591,1.771018630540749,0.3306477836401908,0.4928488939289619,0.5625187026953937
261,0.1349223970269147,0.15814694801575452,1.777878405855581,0.33841050972756775,0.4890525729364931,0.5658885376554157
262,0.13423996294020796,0.15764680604370188,1.7641974355344057,0.3358064035498291,0.48528925947602125,0.5615339629762597
263,0.13236488641726657,0.15712247752589384,1.7812842016288994,0.34101312296471026,0.49686628558836077,0.5649718250814817
264,0.13236488641726657,0.15443647630276267,1.7752841456908715,0.3383942324135843,0.5007302193841341,0.5606329909583403
265,0.13122325775591936,0.15333112809865648,1.784680238595429,0.33579805172813215,0.5045606468474505,0.5563317812941803
266,0.1337195876791626,0.15225932901035127,1.7863290573863522,0.33322584018002493,0.500845639515392,0.5673966193936387
267,0.13364949934903456,0.1573363786331791,1.7792035878772712,0.3317791793181683,0.49811555898758014,0.5696295740134845
268,0.13261375528487612,0.15641085839685878,1.7806982894668353,0.3294355619066431,0.5019545121290288,0.5805705887004495
269,0.13153442561764123,0.15428859683131974,1.7670912035844315,0.32691820227862667,0.4981188605781729,0.576134197702618
270,0.1306432786742168,0.1529409417213533,1.7764738258670463,0.32445172641227404,0.4943163233390947,0.5793699023208626
271,0.12965546538367057,0.15196350016881682,1.7700227842674143,0.32250692813708526,0.4976432263636362,0.5831072209479108
272,0.13217511198308227,0.15588081579560542,1.7714765830519164,0.32034818779585544,0.5090893551330633,0.5939022607050587
273,0.131710883577132,0.15520644324371738,1.7579940025437726,0.3179100408432412,0.5198363355541646,0.5975932742765298
274,0.13022369161105338,0.15460364620701877,1.7595612715524542,0.3157656490462682,0.5158838531560855,0.6006529016852123
275,0.12976795206554068,0.1546036462070188,1.768983298339428,0.31336718120139234,0.5119653432192931,0.5960905096866695
276,0.12878527979860155,0.15246962076393863,1.7631481536362343,0.31857743981728665,0.5080804839939289,0.599155427127739
277,0.12731765525918723,0.15080684914972686,1.7497825297668739,0.3237429941790773,0.5118095020071772,0.5946135024677154
278,0.12556136133860737,0.15012398364985163,1.757260338618228,0.3308543153021655,0.5145115289750428,0.5986785056847449
279,0.12484168580780297,0.14897494058359062,1.743965962953209,0.3283512703853957,0.5106190439517048,0.6017146629294188
280,0.1269788487862684,0.1479444051068385,1.7459010265778012,0.34098531969807416,0.5143578212911339,0.597167001337043
281,0.12653888345064257,0.14628508073692414,1.7553698291821054,0.3384107839145259,0.5180245573494293,0.5926582212668109
282,0.1257774623245755,0.14496479629671266,1.7722889358569378,0.33586978844457377,0.5141172344339235,0.5957306931099043
283,0.12502371175984908,0.14396428135209657,1.7890652009836394,0.3333489216851582,0.5177759625787748,0.5987794369730538
284,0.12431063991349939,0.1422363122978395,1.7755977148985886,0.3308395821922245,0.5138783178381753,0.5942720250961611
285,0.12313522875115464,0.14152162227476187,1.7923255371559574,0.32835162137520824,0.5175340221813693,0.5898030147580055
286,0.12539593468778457,0.14163703266864175,1.7938170327615521,0.32595352339158207,0.5220419306798955,0.5996302409955447
287,0.12455239677117919,0.1410476644135436,1.8103725265779158,0.32350937208033714,0.5256285200209745,0.6026356050236815
288,0.12368666249827956,0.141033069992492,1.8115710340112576,0.3213070695918955,0.5216875592600027,0.6056148906384471
289,0.12294660357007699,0.14004875953960344,1.8279549798500632,0.3189080946468483,0.5252682642653502,0.6085707967996102
290,0.12440340418336501,0.1382749072746125,1.8147788808307017,0.3235026351097381,0.5290971971173987,0.6194841767224022
291,0.12400955673610094,0.13776291950647296,1.8084468869535137,0.321325796195289,0.5251421126169918,0.6223285921587418
292,0.12321686154611876,0.14251996896685326,1.8012487663879608,0.32008712983506443,0.5212205165508224,0.6177895350423663
293,0.1228253057315593,0.14247109381306128,1.7878110517816708,0.31769920897697257,0.5173320960954967,0.6206409097350121
294,0.12191141296629583,0.14189415139996442,1.7819396812157497,0.3153314714589659,0.528382071429472,0.6160154189384772
295,0.12065520975669196,0.14164186548688093,1.7686725774195091,0.31298372904873284,0.524448100005173,0.6114289895608198
296,0.1201086658313955,0.14164186548688093,1.7688936205073862,0.3195932108993613,0.5205473209708438,0.6143191318853974
297,0.11920888474844978,0.13968981508999903,1.763180402498773,0.3246489328054778,0.5166794252708594,0.6171849104827486
298,0.12223326231917622,0.13968914271809546,1.75751346085931,0.32224090271480776,0.5128664237882072,0.6274495654184696
299,0.12222610485361343,0.14187504443034984,1.7444804544182206,0.31985129497967774,0.5141803904589991,0.6331636818440208
300,0.12148666859780907,0.14089079853265774,1.7463733897692937,0.31748177830738183,0.5103712484393064,0.6284730899221811
301,0.12024696304013116,0.13860910733134812,1.7630519793923165,0.3151321662336079,0.5139948819985843,0.6238219002759725
302,0.11926312936989202,0.1380446463613596,1.7573205516507209,0.31289216817698706,0.517498208830225,0.6266930221620656
303,0.1184185079481943,0.1371895261604962,1.7517269888996008,0.3105811494502178,0.5284479536634813,0.6220642731633597
304,0.1184185079481943,0.13439512727134964,1.760937506954975,0.3082894926898522,0.5245487430138395,0.6174743043275168
305,0.12104120566516995,0.1343943420451612,1.7626973717518355,0.31339057324113595,0.5206864026460212,0.6276652243872892
306,0.12356902919710562,0.13348749148127334,1.7644434141139012,0.3110842294331231,0.5170162336552089,0.6377709140490443
307,0.12258749757155,0.13325012074736092,1.773129026743712,0.3165560092578525,0.5132128006255363,0.6404356544965033
308,0.12215467945190264,0.13084817222485137,1.7894946426384704,0.3142295906557383,0.5094411211397558,0.6357289947696169
309,0.12177257648268358,0.12986809002548452,1.7869751118219923,0.32332940579777564,0.5089776894239028,0.6424684231109011
310,0.12392225707574192,0.12986083693645695,1.8178754109895168,0.3209579597521631,0.5053227551321694,0.6450907281857666
311,0.1269041563497212,0.12898069140641272,1.8192095701953686,0.3186065491745499,0.5016993674242848,0.6550183364257898
312,0.12643565116631683,0.12826060097564634,1.819980511594837,0.3241466345206557,0.4985794318790066,0.664310942609705
313,0.12569850252997303,0.12738715609040516,1.8211206551971324,0.3219525612884027,0.4949335702193049,0.6667656685483748
314,0.12761664889071658,0.13376817682521894,1.8143380671440223,0.32038478198929204,0.49783950702970375,0.6626799644797979
315,0.1267365898392889,0.13376817682521897,1.8083951185310676,0.318046649495483,0.494206329695685,0.6578437998270141
316,0.12603284413295024,0.13283117908418385,1.8170769463200194,0.3157335805494508,0.490603271745712,0.6603383219387098
317,0.1251425341835578,0.1319244547234041,1.825692538729443,0.32071730332930665,0.49431336478319216,0.6555288748521492
318,0.124040376506569,0.13743458707424777,1.8186151878963333,0.3194533441849373,0.4907167269575236,0.6507636989469362
319,0.12613212710637256,0.1374065402248336,1.8126648742526066,0.324400071427679,0.5017879043552029,0.6533391069165436
320,0.1286782282371874,0.13703391829821482,1.8285481807082125,0.3220444499303241,0.49817156446269123,0.6631178720243172
321,0.12792724648113177,0.13578630834769265,1.8225376995596994,0.31970826461200624,0.49455771210425753,0.6583074607991817
322,0.12655536259144445,0.13578630834769265,1.816576783736209,0.3173913446040279,0.4982206432178001,0.6535367185439632
323,0.1259209655897569,0.13511724303021663,1.817839838827843,0.3151583952900246,0.4946136560238395,0.65604502211669
324,0.12574036373425543,0.133991419946201,1.848087322330234,0.31287901143220903,0.4910363615578033,0.6513001749041102
325,0.12873344884614135,0.1339854326818078,1.8564102065164692,0.3106183749908064,0.48751833447335113,0.6465943529861093
326,0.13038189095152491,0.13305905502840107,1.8502285932201386,0.3155943673213239,0.48399940184544177,0.6491614647320617
327,0.1310939708280099,0.1322961964660456,1.8513085704861303,0.3133186676446621,0.4822773853644078,0.6444804669438854
328,0.1301631613715269,0.13170510133767363,1.8595833187548725,0.31106163582911656,0.4788032374278409,0.6398378679907976
329,0.13181797800973333,0.14159047302128985,1.8500352963844617,0.3121851935329615,0.48302624170104214,0.6419575114915302
330,0.13428267523721363,0.14158823698302392,1.8439241908962054,0.3099408200843926,0.47957838374088885,0.6373423265828686
331,0.1330669084172409,0.14021136556766028,1.8450451354248107,0.30771480909357973,0.47613402699926055,0.632764901048867
332,0.13173412058588485,0.14504136073218674,1.8532575312111585,0.3055812532994574,0.47274257869963443,0.6353904992427736
333,0.1306128403583878,0.14382294605101814,1.854138872332929,0.3035614031135557,0.4764365701636513,0.6380891440475994
334,0.12974242098140523,0.14382294605101814,1.8480227786321164,0.30138774020517906,0.4730250280830809,0.6335200825976653
335,0.12940154933085576,0.1463223578904536,1.8476613688337715,0.3078337405207892,0.4753461200173788,0.6306302426384987
336,0.13142824176445736,0.1463215348386309,1.8558957961606308,0.3056343402722291,0.47911927333447685,0.6332701447963003
337,0.1304071236186234,0.14591814954075583,1.8426463920124572,0.30345238969924726,0.4819564609195069,0.6367696876191468
338,0.1297875080697354,0.14304401340658573,1.850811334241412,0.30137743072243045,0.4785191701505076,0.6393602290912652
339,0.12891379335988298,0.142452688766351,1.8518742773009724,0.29923016942301717,0.4822346295385499,0.6348048996725334
340,0.1281702218505312,0.14062015254311086,1.8742817019184004,0.2971003378803118,0.47880222655941024,0.6302865467892212
341,0.13352793902031007,0.14062014569574696,1.875175633076155,0.2949877794615025,0.4753978745124471,0.6258048381510499
342,0.13611623164681508,0.14061732119191944,1.8831657792831293,0.2928923625555869,0.4720366515513513,0.6284629345952194
343,0.13503017156054917,0.1396837844505464,1.8698021153263105,0.290813886432151,0.4686868990993736,0.624003121465839
344,0.135018582544198,0.14157238539779457,1.8565465472334806,0.28875222266444844,0.46999316517571355,0.6297181158188255
345,0.13429203341561297,0.1399274855323346,1.8433981067143692,0.28670722065244814,0.4666645779200316,0.6252583239531226
346,0.13296495347842655,0.13992748553233458,1.8374309597933451,0.28467873126489607,0.46336286775834445,0.6208345432344814
347,0.1317697051216081,0.13992654613849176,1.852695113892309,0.28268760592836883,0.4600930440959779,0.6305773083922731
348,0.13061813314490128,0.13902980477793603,1.853558386770876,0.2808683971865596,0.47096630980636345,0.6473077753904841
349,0.1301855849155336,0.14471664633821413,1.8686845202375642,0.2789018890259923,0.4676441458111034,0.6427633598338002
350,0.12890762418221988,0.14471664633821413,1.86256300388622,0.2769365006320256,0.46434871321330573,0.6382338829919755
351,0.12783398157479856,0.1434991329071164,1.863237924785505,0.2752795258842228,0.46107977371104636,0.6407806576826663
352,0.1288566442306777,0.14253045904202397,1.8571669440551277,0.2733435396988083,0.46543595364255674,0.6362741746917149
353,0.12805273889298313,0.14133179576813573,1.8650808781495647,0.2785642125780947,0.46222358193999014,0.6457977261630226
354,0.12980319904662607,0.14099416687281607,1.8730463376106443,0.2766092938569168,0.4660415249546004,0.6482839524268336
355,0.12868011661651813,0.13871702810023717,1.8879572127343534,0.2746725420532628,0.47679585485830733,0.6507514715010781
356,0.1301898792952639,0.13870806865539154,1.8817373155797452,0.2797532623032281,0.49441254652036726,0.6533481691297716
357,0.1288686814407967,0.1377017401581048,1.8894750729099385,0.27788316329992335,0.4910111417530074,0.6697110350012483
358,0.1281142588550509,0.14220712531593296,1.8821234316608435,0.2770741174308043,0.49343578531030824,0.6663110802778669
359,0.1273013865661825,0.14220712531593296,1.8829466513803776,0.2751391028604338,0.4899897563453108,0.6616577345929926
360,0.12701923996404563,0.14269940875125456,1.8833686844170263,0.27361414294155606,0.4933506668430549,0.6593742062467078
361,0.126210578917196,0.1399708244599525,1.8772117902076064,0.2717071098284183,0.4899121163063625,0.6547785065078606
362,0.12447243305986133,0.1387602588261118,1.8641410955053437,0.2698152611305105,0.49346376830101857,0.6502193992186286
363,0.12329722074778728,0.13876025882611182,1.8511743829437268,0.2679384627785765,0.49003130127448324,0.6456965612896844
364,0.12269294145671973,0.138760216458663,1.8730521926198072,0.2730285962154809,0.4866261169104427,0.6481585846879538
365,0.12088312473887038,0.13714912976048854,1.8794824551161189,0.2794681787930582,0.48324797470455283,0.6506010560094517
366,0.12284903277280688,0.13714574241735547,1.8803182476658378,0.2775300591446384,0.4868772964623284,0.6460891194613259
367,0.1267296782626396,0.13714569851377797,1.8880755102493318,0.27560730471746603,0.49043267827883136,0.655469145020656
368,0.12672794552290753,0.13484950303123017,1.8957407173378895,0.2737303925599388,0.4870383094478473,0.6578537022641872
369,0.1258771608920146,0.1333214621076498,1.8964615925109685,0.27183775106965397,0.48367080281769725,0.6533051346031444
370,0.1277586580112476,0.133167271916003,1.924806141062385,0.2768674177057569,0.48143089309911524,0.6487925317546238
371,0.13005647958720123,0.13316673115018327,1.9253235039965082,0.2818588580132159,0.47811177625501633,0.658116457027141
372,0.1287027602301131,0.13222021375326418,1.9176884392103646,0.2811721599718413,0.48170943486663675,0.6673667881603589
373,0.12748468278478786,0.13179525915336934,1.918255290312134,0.2792358250616788,0.5059386787791397,0.662770865114751
374,0.12668355763338934,0.13101950745205587,1.911937905923138,0.2773147470556993,0.5162174757177063,0.6582111545844322
375,0.12531447420135006,0.1295689700852285,1.9056702544664974,0.2754087925306792,0.5126695683518531,0.6536873398871671
376,0.12441979756476367,0.13484892440004853,1.898594313509944,0.27437541719547615,0.5091495671347513,0.6492105715425462
377,0.12400113415459466,0.13415186195063328,1.905906360941941,0.27959526405551643,0.5123950535473408,0.6517380282230855
378,0.12302065028082407,0.13373204455572804,1.9065511192559534,0.27767939202779074,0.51573627136319,0.6472721204692625
379,0.1256906791951245,0.13841070642041578,1.9140014000894867,0.27581342543873455,0.512209681587684,0.6428414085438938
380,0.12558515642095133,0.13728993901240502,1.9077508972346142,0.27392724386073236,0.5087068772410563,0.638445264228425
381,0.12780060410530572,0.13727329705320818,1.9220446687026094,0.27205584529489923,0.5122499950450276,0.6409153321410243
382,0.12733258011743165,0.13590659557427862,1.9292921650491237,0.2771335236062136,0.5155241169681772,0.6434208149686579
383,0.12919387064633073,0.13517397786971952,1.9229561311957646,0.2820621204868807,0.5188740600820656,0.6390338888555105
384,0.12879696895152556,0.13517397786971952,1.9234809011989051,0.28014090674007547,0.515339845791364,0.634681228208188
385,0.1277729108587666,0.13491762650681885,1.937610588617607,0.2782346861578933,0.5118332125320609,0.6303625357529742
386,0.12688769619585505,0.13397483836195487,1.9244392829337233,0.27634332876917284,0.5179997350559797,0.643622524213853
387,0.12602936170043869,0.13300819936938962,1.914823367398614,0.27780483651878024,0.5279492173061427,0.6597391233906351
388,0.12564277164794516,0.13300819936938962,1.9086170927551174,0.27592017421765214,0.5243675446497716,0.6552633717442106
389,0.12537669178003547,0.1325600823641047,1.909236426034451,0.27405016863909687,0.5208137260988493,0.650822427315051
390,0.12498964142409028,0.1325600823641047,1.9030803783065433,0.272194693132752,0.517287520962967,0.6464159893301386
391,0.12446081021585072,0.13256008236410471,1.930791129636558,0.27035362224261006,0.5137886908215059,0.6420437598528445
392,0.12670733400989323,0.13253963721434583,1.9312587768208296,0.2685268316948752,0.5104726309414196,0.6377054437540913
393,0.12580921130321018,0.13044587376052696,1.92497251236287,0.2667141983859525,0.5070267939340057,0.6334007486838295
394,0.12541691844022815,0.13513318605782734,1.9252242871778134,0.2651697764618003,0.5036076381828858,0.629238530304402
395,0.12450524313981111,0.13363002044132197,1.912254435444325,0.26338338060765626,0.5051815228990416,0.633506487860729
396,0.12395865821664799,0.13339917307944027,1.9128449689691727,0.2683408597795544,0.5017816174232925,0.6292429467782286
397,0.12172772556631647,0.1388923255263294,1.9131795304897838,0.266788124282641,0.4984079688749858,0.6250163720252571
398,0.12216528969658015,0.13799549893371224,1.9137626706157218,0.26499620975752275,0.4950842171934655,0.6208183743876927
399,0.12133122733911829,0.13718595879037782,1.9009215010499168,0.26321810983111066,0.4984721551457633,0.6166527408232576
400,0.12089783515726442,0.13602985310267354,1.9015362046236801,0.26150314554212684,0.4951307963659154,0.6192223943474475
401,0.1202242471998811,0.1351911666045543,1.8954990668791385,0.25975198956838785,0.4918151526858334,0.6150757712057392
402,0.11948701738378695,0.13463949906435313,1.8961981580007838,0.25801429877162774,0.4952148114668812,0.6109610327249664
403,0.11948571740459892,0.14019884589843645,1.903524417554856,0.25634053970351706,0.49190523096420563,0.6068827676692524
404,0.11831545448903902,0.13955477166918215,1.9038525008126506,0.261621568669307,0.4886210546074587,0.6095073917606039
405,0.11795195909843509,0.1385939040632946,1.8978240142278657,0.25987661347407853,0.4920318335888396,0.6054421187970923
406,0.12181088260838054,0.13859385618967546,1.9051679244529804,0.2581450296067418,0.49541691472548266,0.6147342000375061
407,0.12071430262745671,0.13859385618967546,1.905469376895838,0.25675649397317596,0.4921192008148414,0.6172986994521752
408,0.12310676863284026,0.14468173047938343,1.8988600514106266,0.2556372628928986,0.4949084451289158,0.6137820310894501
409,0.12264682950627165,0.14379037408581227,1.8916725441710216,0.25515528016180744,0.49405320186981044,0.6272015126923025
410,0.12207582415744524,0.1430757814236796,1.892391459602597,0.25346194150677753,0.4907744165597949,0.6230390882844612
411,0.12135182685594936,0.1484864878856484,1.8928756720878648,0.25201074003285934,0.49415051563037105,0.6256681300784541
412,0.12185014529811306,0.14957687681598056,1.8935295387086823,0.25039725553186537,0.49333767715383187,0.639291164706947
413,0.12079002159703701,0.15498798186876117,1.8939689641370465,0.24900552079112837,0.4965575459172278,0.6352386931295648
414,0.12051779487741224,0.15436172206085577,1.9012680450186836,0.24737138671670764,0.4932752958151322,0.6376497688378284
415,0.12025519335952176,0.1532940236907516,1.8953166090803029,0.2457378938072787,0.4900180003420982,0.63343911056437
416,0.11989510906874046,0.1532940236907516,1.9026039874615182,0.24411680940472819,0.4867854482720192,0.629260437726445
417,0.11923782345210293,0.15165715029629143,1.9030413002513944,0.24930278506903594,0.502938963315099,0.6387029928156658
418,0.11843760209870065,0.15146616848313854,1.9036020587777562,0.24773905062768525,0.5062114254328492,0.6476652581276452
419,0.1174070980840469,0.15145069963193966,1.9033725342258838,0.24697319835383313,0.5028820516508523,0.6499825785063258
420,0.11684376959334294,0.15535410868756902,1.89743695371867,0.2519209370064044,0.4995778811230596,0.6460214745021602
421,0.11646835919750757,0.15523938316197067,1.9112379694303478,0.2502673529125171,0.4962987013625382,0.6417810534905504
422,0.11611906542989253,0.15523938316197067,1.9052626718849153,0.2486262646899808,0.49304430184063636,0.637572676664435
423,0.11439411506831651,0.15422355146521913,1.892781703216742,0.25354835348481086,0.489814473967503,0.6333960742890472
424,0.11390535367965594,0.15329713981800736,1.8868886279667711,0.25193957107822745,0.49310275132109416,0.6358457165017231
425,0.11255852182831314,0.15229547667355856,1.8745527202380732,0.25029246628573226,0.48987899452331285,0.6316887493271923
426,0.11324647252227611,0.16284786763354733,1.8670394524133018,0.2504591863737587,0.49613899947122214,0.631165937024303
427,0.11244229807494606,0.16242704560397775,1.8679069715251477,0.25534966699174244,0.4929018733312842,0.6270478093311417
428,0.11183177349710788,0.16139271612845718,1.881804197258875,0.2536852687146397,0.49620719680514147,0.6229606401336758
429,0.11103860277033385,0.16198105396185045,1.8751822745475304,0.25291333902349306,0.4929760943738339,0.6190412054939257
430,0.11332138137581498,0.16198029870182423,1.8629840433089588,0.2512681147513768,0.48976924004512024,0.621524252975272
431,0.11554798349170806,0.16000220109812066,1.8638729203363156,0.24963675989411227,0.4866928869508981,0.623984578030625
432,0.11448224242284992,0.1593924530766886,1.8582645763348484,0.24801609464122668,0.4900253248600047,0.6199336116409809
433,0.11414538277104899,0.16354669887165377,1.8517656614965123,0.24734011011913684,0.4924002692401027,0.6168961572420673
434,0.11357442947935102,0.16245918848779148,1.839767844832807,0.24573756323294396,0.4892099475496532,0.6193783339905312
435,0.11295064908591186,0.16166850940733501,1.8472730200870984,0.24415158835458253,0.49251457856805236,0.6218434960639156
436,0.11203295076152038,0.16166850940733501,1.8805914661082734,0.24257286090612884,0.48932989200021504,0.6178225457907897
437,0.11363806960781606,0.16067047198721487,1.874903096809774,0.2410059095243198,0.4861689606925412,0.6138315886481673
438,0.11330670597517822,0.15967930364412586,1.8821636372081898,0.24590389408052266,0.48303158704094284,0.6098703751432981
439,0.11491420683549149,0.15932226669867622,1.8893696161455376,0.24431909618030828,0.4868753417864914,0.618832439393784
440,0.11391621568870416,0.15907316457430307,1.8772013876886815,0.24274559221724593,0.4837396872601133,0.6148469330986107
441,0.11317441216398876,0.15793364917142103,1.8777145014234142,0.24789467542777374,0.4867843048785612,0.6176019434208476
442,0.11475937114579282,0.15778898414711579,1.8720729946651748,0.24630133330514803,0.4915249829655133,0.6136323091809438
443,0.11417429786717725,0.15778898414711576,1.8793154952571194,0.24471981469284232,0.49478993769613266,0.6096921318986737
444,0.11370207416506292,0.16140518327870734,1.8672603362067952,0.24315002170367503,0.49692782920519485,0.6133691944019943
445,0.1133409623716908,0.16040553594032836,1.8745192069566292,0.24159185733742,0.4937433950412875,0.6094385757025624
446,0.11678377288530305,0.15941315888327298,1.881724310011609,0.24644710553249463,0.49700679447074525,0.6119389500704794
447,0.11641070497748948,0.15919415097739378,1.8888761740646478,0.24487096808194198,0.5002236568757438,0.6080253317929428
448,0.11574373728208187,0.15919415097739378,1.8895861493936243,0.24969552283735136,0.4970277045013288,0.604140629468017
449,0.11514446267646927,0.15823069429246753,1.8839082225833694,0.24810180096512438,0.493855345162381,0.6002846046416875
450,0.11700053047403292,0.15821953595794164,1.884648456437896,0.24651983403749012,0.49074129995925264,0.5964570210126406
451,0.11645780575751646,0.1579046113949244,1.8790133267849176,0.24494952527051894,0.4939852312415069,0.5926576444112625
452,0.11643084157618747,0.15592969107504703,1.8792843006080129,0.2438897086694587,0.4908417356246754,0.5952497844761078
453,0.11594237154837647,0.15576952033751523,1.8673373495266534,0.2423392575653983,0.49407854704016696,0.591465673655821
454,0.1152395229322639,0.15509476108026574,1.868179867113276,0.24715103011718342,0.4972915668317018,0.5877093772893561
455,0.1135987209588457,0.1603986056286176,1.8816954302032645,0.24559271185226472,0.4941365105911601,0.5839815558712004
456,0.11301774275080026,0.15967739206209475,1.882445260936556,0.25037424963262506,0.49734274338386286,0.5802801999639853
457,0.1124874101429904,0.1574854961539177,1.8895213978337455,0.2487889291073716,0.4941936669100274,0.5766059798205364
458,0.11306984093008211,0.1574679724513933,1.8902202274434974,0.2472152210152196,0.49746224006776657,0.5729586732475208
459,0.11251752693896118,0.15651666301931097,1.8845947901131028,0.25197218279490746,0.5001555484374459,0.5761395168399998
460,0.11220010640521913,0.1607743881628249,1.8783515130519082,0.25104049843590076,0.4976571230802692,0.5781675765171809
461,0.11405944822368834,0.1607715536438862,1.8791186924918606,0.24945730481116132,0.49453094149428617,0.5745213472160278
462,0.11250336723987955,0.16021597013603087,1.8735800483345566,0.247885668062234,0.49771550948436627,0.5709017343808316
463,0.11204303221054197,0.1597536781949041,1.861787873546196,0.25261942025548834,0.5008768510619028,0.5673085209257772
464,0.11032662085733372,0.15960161531277012,1.8548535786372857,0.2525467282526504,0.49924320681289774,0.574801075950917
465,0.10965428648591025,0.15772277482623445,1.8494839432118948,0.2509603935954876,0.5023886360225278,0.5711905486078614
466,0.10861792635415266,0.1570246159146608,1.8629785881128482,0.25566067168607554,0.5055111835777338,0.5676062863095571
467,0.10800331994834828,0.156608592639158,1.8637962303613502,0.26036810444260533,0.5147972010168836,0.5703995118173183
468,0.10748664108064594,0.15591640535782209,1.858386676031491,0.25873754001405314,0.5240983358789763,0.5668273647756368
469,0.10721523242834863,0.15541740987301242,1.8592726480476627,0.2571188065957451,0.5208194321268541,0.5632811364327223
470,0.10691626007140251,0.15971595032380786,1.8726430450636535,0.25552100571380004,0.5175642988624042,0.5597801947305033
471,0.10932641237477327,0.15969916037161894,1.8671944575507096,0.25392558984599173,0.5144735979373921,0.5562850527062183
472,0.10877187640152608,0.1594429594261464,1.8742603719162643,0.2523417200591302,0.5112645507972232,0.5528152051481269
473,0.10841154312415682,0.15904089181654177,1.8750328740854172,0.2507803221841384,0.5143044987172991,0.5556072577109948
474,0.10780166103353742,0.15800918820444493,1.8819979775644486,0.2492570949593187,0.5111281815583615,0.5707985141671229
475,0.10703170506279533,0.15793287341939857,1.8702941133790012,0.24770700233358783,0.5079495517778686,0.5672488035049932
476,0.10657322837683701,0.15730837284373766,1.8710999286869028,0.24616808918511937,0.5110064815269078,0.563724693835331
477,0.10595633404679139,0.1560175423078606,1.8656935120568268,0.2446402653300875,0.5078349579751057,0.5602259786372596
478,0.10762136386289602,0.15595999556796183,1.8603260201242413,0.24312344138228528,0.5052564025401209,0.556752453216449
479,0.10643920267176107,0.15398750145619924,1.861191164226061,0.24161752874549275,0.502126831828718,0.5533039146876381
480,0.10800039784975174,0.15301718541908038,1.855862256330128,0.24631027352398466,0.49901975438755947,0.5560830931762243
481,0.10948842277342631,0.15206889878077146,1.862934914471693,0.24478766982436123,0.5022273433422009,0.5526455825809315
482,0.111420526877011,0.1518716803574059,1.8637813558800782,0.24327599076179865,0.49912993582926524,0.5492327360237307
483,0.11104075345399998,0.15148443219594795,1.8645110767256945,0.2418858012166361,0.4960506543977492,0.5520136537092053
484,0.10925229798478989,0.15148443219594795,1.8591829808278397,0.24039502709018665,0.4929934287265235,0.548611520685037
485,0.10893487471913046,0.15093196981003143,1.847736043332164,0.2389149216472316,0.48995808200562213,0.5452337349310533
486,0.10842374942999296,0.15065111371658615,1.8548234093018592,0.2374453994292221,0.4869444389797432,0.5418801014201563
487,0.10670413945554011,0.1550246050559236,1.867972684951903,0.2421631733561742,0.4900969962629018,0.5447679428674519
488,0.11087016900546616,0.1540388265048907,1.8565060809576703,0.24067664775907566,0.4870885770970487,0.5414238691987437
489,0.10993422053447124,0.1513289945143659,1.8573860421010828,0.23920072390412636,0.48410155838499447,0.5381036451070849
490,0.10942926373540068,0.15065683721408535,1.8521334689071185,0.23773531713440949,0.49338835234735834,0.5348070801490904
491,0.10952573225959236,0.15847862793721082,1.8457750195692766,0.23742361611352966,0.5003225361951419,0.5338211465541332
492,0.10874993791995077,0.15782799614332438,1.852791127374406,0.23601285353981957,0.5033639590196253,0.5366849921038626
493,0.10872711672007673,0.1558909150693683,1.8532242272762798,0.2350373466759386,0.500289455906309,0.5395148797203642
494,0.10963056738833804,0.1600927856951324,1.854030163941623,0.23369285484748545,0.49737153429058395,0.5543941064776114
495,0.10848586601539811,0.15815612611971813,1.8488242445226999,0.23226833119190496,0.49433970211637523,0.5510146812927585
496,0.10750400006156847,0.15786036459675645,1.855816849835599,0.23087151960987518,0.49741897936462154,0.5598384460684637
497,0.10915335030651072,0.15690048035341814,1.8627775221698888,0.23555053566967013,0.4946948635952166,0.556432652177284
498,0.10890828500651865,0.1540839406775138,1.857534035479424,0.23411898922000202,0.49168838061849385,0.5530509609175329
499,0.10861521158757897,0.15318797457355013,1.8583800597793143,0.23271650504301608,0.49476506105152435,0.5557740261049734
500,0.10799841544792456,0.15243400604796453,1.8713696413312721,0.23130500808971846,0.5038947724569537,0.5524030862379273
501,0.10975456719471707,0.15243290756689057,1.8903267770682104,0.2299034745327609,0.5008425887232341,0.5490559409740899
502,0.11438016272115031,0.15151758220571565,1.884937461610396,0.2285118255550848,0.4978111759014632,0.545732402082403
503,0.1140820533266123,0.15151758220571565,1.8916737180352206,0.22713666358507015,0.4948008430507514,0.5484794209104736
504,0.11350460822810855,0.15035551485556675,1.8922823674964586,0.2258102694606569,0.4918117047314318,0.5512070990942787
505,0.11503148918944449,0.15030632950988684,1.886897393660065,0.224447491894575,0.4893529449223313,0.5478805335190949
506,0.11443390554344705,0.14994940386436384,1.8996179492033793,0.22914270654081895,0.4864026244123706,0.5506063725045389
507,0.11389452465286871,0.14916771891659855,1.8941560922965444,0.22780604060880347,0.49543209780445563,0.5533999894186268
508,0.11325711263011873,0.14868644614021753,1.8827589972954997,0.2264353367385208,0.49846807162899304,0.5621041494486054
509,0.11466707827863681,0.14854758871190982,1.877452764965074,0.22507424213825752,0.5028630578754018,0.5587253617840124
510,0.11407176751974439,0.1485475887119098,1.8721836999052928,0.22372268126517206,0.49984338744537976,0.5553702406887966
511,0.11350902351676109,0.1479442620046328,1.8729504639887695,0.23437848689630952,0.5028438038737707,0.5640365079218553
512,0.1153839318775413,0.14456035394032724,1.8916907401419287,0.23297386649672383,0.5061350542122623,0.5606562608879686
513,0.11457422976102856,0.14258242724879996,1.8863522162896535,0.23756602734878549,0.5031048398815016,0.5572996298420957
514,0.11534923210677296,0.14174383540695784,1.8750699739776575,0.23614514875437367,0.510791180849038,0.5625355038000436
515,0.11576917049354946,0.15205756861405273,1.8684177525844006,0.2361578531818188,0.5168418662497467,0.5620217035456567
516,0.11969839384053502,0.152057556853252,1.8692031714833814,0.2347482189441096,0.5197259607510769,0.5586669769296264
517,0.11922450227780143,0.15094055770230047,1.8759461897261753,0.23334839938069613,0.5166267995700226,0.5553356078259258
518,0.11771078040455478,0.1509405577023005,1.876685191645613,0.23195831781319393,0.5135491980382961,0.5520274137510351
519,0.11711305207631309,0.1483214336835942,1.8655167497009812,0.2305778982214565,0.5104929878494292,0.5487422137879462
520,0.11933314131830187,0.14831680715073983,1.860371074777885,0.22920706523745213,0.5075142439833485,0.5454798285715903
521,0.11860385375700573,0.14796145042860995,1.861200367721512,0.23378500738503621,0.5044999832873208,0.542240080274411
522,0.11993297222395471,0.14796145042860992,1.8501572574180698,0.23239788449992493,0.5015066199395868,0.5390227925920813
523,0.11945228054549452,0.1478904923343048,1.8451180381895251,0.2310203700718275,0.4985339913107174,0.5358277907293634
524,0.11854762417788257,0.1478904923343048,1.8341922231017145,0.22965238938296106,0.4955819361623141,0.5326549013861084
525,0.1175887606204639,0.1473278915819392,1.84700417518783,0.2342094219978378,0.492650294634113,0.529503952743396
526,0.11692142850151512,0.14680704852343968,1.8537883081600992,0.2328549868648966,0.4956485492780331,0.538194056543444
527,0.11629499388227837,0.14625627929238297,1.860555237508595,0.231480272878137,0.4927223719073721,0.5350167017996934
528,0.11621459504874804,0.1451537007200798,1.8554798259347034,0.2301150407525449,0.4898163773586271,0.5318612623320296
529,0.11567604834289777,0.1444888766958883,1.8563313299398345,0.2287592170406721,0.48693040929363385,0.5287275683825244
530,0.11474069548229976,0.14384160834361007,1.8571215002154213,0.22746819957683145,0.4840643127056563,0.5315015013357489
531,0.11330498469389959,0.14384160834361007,1.8576749639621946,0.22641733430355526,0.4812179339070939,0.5342563505546525
532,0.1119008948355246,0.14384160834361004,1.8643853117689324,0.2250872933653638,0.4783911205173105,0.5311179741581978
533,0.11158693854758198,0.14351999597624618,1.8769179914644571,0.2296348050479549,0.47558372145058436,0.5280011518740366
534,0.11096831028468869,0.14274144923235788,1.8659144611568712,0.228288558942098,0.4745527703031053,0.5348736390370317
535,0.11030715244887584,0.1423398778717449,1.8607575578513529,0.22703705118705964,0.47177346046190854,0.5375977412935599
536,0.11250112515857287,0.13982255197061239,1.8557075885142524,0.2257225092537586,0.4690337290914708,0.5403169978564234
537,0.11222968413704555,0.13927423383031146,1.8565509763926762,0.2244031631687373,0.4779822135049241,0.5371588497472735
538,0.11195359003799867,0.13864278812749978,1.8515246951502704,0.22311759196428396,0.47519120406849213,0.5398614482570632
539,0.1115007802191175,0.13735185267784214,1.8465574851435198,0.22181607723218155,0.472419265077865,0.5367122674954082
540,0.11121408936668924,0.1367436952147441,1.8357967036697647,0.22052344791862646,0.46966625006674567,0.5335845861363019
541,0.11055455739062121,0.13551578649824983,1.8309309811419299,0.21923963583401046,0.4669320138063256,0.5304782391862969
542,0.10984373594337989,0.1384425850663938,1.8435421026011707,0.21796840854536004,0.47003129270460675,0.5298690275058509
543,0.10933847679279003,0.13765293231638834,1.8386411008221395,0.22251203263852495,0.473110424818198,0.5267904745344558
544,0.10836683310319602,0.13680347726611225,1.8569900643991641,0.2212207803273219,0.47616860738114514,0.5353413054761988
545,0.10777859934318683,0.13655441278365243,1.8694161314269024,0.21993804980955362,0.48500441850319886,0.5322371729035709
546,0.10713174106658452,0.13574976273951883,1.8701725544578223,0.2302492763821872,0.4821949710862818,0.5291541239795716
547,0.10661280930186572,0.1347288417944415,1.8708788200038122,0.22896188651306199,0.4794045895143893,0.531878830238306
548,0.10589693916604534,0.13350840756870716,1.8600631785332797,0.22763824670888858,0.48241417690765814,0.5288040128465457
549,0.10546901365656902,0.13264611562057127,1.8608713515284279,0.22632357426081726,0.47962810454895405,0.5257500266374182
550,0.10510818057301786,0.13227523887268475,1.8616740540019696,0.23078729893207806,0.48839988731683714,0.5227167128556582
551,0.1064089112779195,0.13227523887268475,1.8682350591022208,0.22945710290984916,0.48589152838147015,0.51970391407769
552,0.10611316283118186,0.1321475480137999,1.8805096990409569,0.2281358956484061,0.4888517498662619,0.5167114741995068
553,0.10557816802079342,0.1320474901512108,1.8811970330077645,0.22682360880279018,0.49179198477714103,0.5137392384246691
554,0.10479639057166658,0.13049421423775154,1.8933576376837384,0.22553519957090243,0.4889659187562893,0.5165335194583143
555,0.10389968736515191,0.13025209562792048,1.8996952706649048,0.22425575840247225,0.49189962366196954,0.5250496890272512
556,0.10374666600841918,0.12811987492931473,1.900270516758873,0.22296965504597052,0.4890785868174297,0.5220385370630898
557,0.10314160587956563,0.12720631028459245,1.8893833868830008,0.22169220556103916,0.4896657676428912,0.527116916066816
558,0.10272849219761816,0.12648839890830654,1.8957385115766208,0.22042486304972372,0.4868631527672937,0.5298234748116293
559,0.10222144627711253,0.12630599418250044,1.9020389089043601,0.21917807171576695,0.48979716949884705,0.5382296583599401
560,0.1038283098843419,0.12628482374299072,1.9025971969219544,0.21792738131794667,0.48728580844388236,0.5522908763756356
561,0.10311625423242499,0.12628482374299072,1.93168492148075,0.2166838045620018,0.48450516976866,0.5491392939896703
562,0.10285988572696732,0.12595178565290083,1.92637368586353,0.21544855999172868,0.4817431618676276,0.5460088277668
563,0.10475730726105795,0.1251978140638482,1.9381823617321456,0.22561212944417028,0.4791335590351435,0.5485945907393039
564,0.10441867944527833,0.12410850820467634,1.9323797980966335,0.2247935311492236,0.47640763026959126,0.551162766077528
565,0.10390438896977354,0.12338102950737088,1.9384477258429846,0.2235158943056824,0.47369991916302684,0.5480301765713768
566,0.10348951548865161,0.1226734250291211,1.944473698611035,0.22224822565197716,0.47101028858312505,0.5505964253907439
567,0.10275372854889729,0.12267342502912108,1.9447886574311204,0.23233207037505907,0.46833860253472376,0.5474733072260832
568,0.1020828842130819,0.12233803999486116,1.9507652858957916,0.23101835002104856,0.4656856618261473,0.5557032247567363
569,0.10150966074012627,0.12080118937770411,1.945383086832866,0.22971057536262657,0.4630494560560376,0.552557437442118
570,0.10114634733190576,0.12030262907943523,1.9456919593706588,0.23406675801056329,0.4604307935882808,0.5494325845699566
571,0.09991463213080373,0.12030262907943523,1.9459987781834036,0.23274437399590137,0.4578295428747055,0.5463285091636706
572,0.09942608310185025,0.11923232102406033,1.9402748143528399,0.2318155643054262,0.4605047395102553,0.5492737998499688
573,0.09910009770142476,0.11801383408296566,1.9462498777530866,0.23614682939992784,0.46354658321579134,0.5461768216685984
574,0.09851167551777694,0.11678706548246469,1.952168563773981,0.23483343991005964,0.472189764960773,0.5487442282119198
575,0.10046143787376478,0.11611204440738576,1.9468106649063754,0.23351202071009886,0.46954400267184354,0.5456564177224742
576,0.1044290620189451,0.11591770047931094,1.9414882402832863,0.24344219943098722,0.4669328205912409,0.5425890513935157
577,0.10408207997443211,0.11551454687841742,1.9474326368023456,0.24207507530637948,0.46431061653174144,0.5395419766314492
578,0.10376748163841894,0.11551454687841743,1.9468610582626562,0.24719367187519253,0.4617057444360719,0.5421252349365453
579,0.10324722259667073,0.11457345066300771,1.947158880002332,0.2458082538185318,0.4591180751387418,0.5390868477328804
580,0.10490499338839852,0.11456601682507882,1.9530537202357279,0.24443197742051886,0.45658990897956164,0.536068509278055
581,0.10680913728747672,0.11456370857562524,1.9477218849453872,0.2430658112014544,0.459650560189225,0.5386655309566606
582,0.10613665137726858,0.1138380836561531,1.9424262075452146,0.2417076088178423,0.4570821262190513,0.5356555773786618
583,0.10557559032986757,0.11251340163854373,1.9371653847688077,0.24594055761613395,0.4545305969416927,0.5382476463333089
584,0.10735397316084573,0.11186465500988028,1.9319391578607206,0.2501456699817128,0.45786085488478945,0.5352460370355266
585,0.10684364865059416,0.11078336249526077,1.943458403947852,0.24875413588144435,0.4553100852232829,0.5378352086062061
586,0.10619218440077993,0.11063818048005382,1.932642104966511,0.24736969714014007,0.45277606134039927,0.5404073822900934
587,0.10491495681434197,0.10989276509249372,1.9496963928953175,0.24599433952480593,0.4502586592042244,0.5374027563508281
588,0.1068711416334082,0.10988986739524134,1.9444214272790281,0.24462799582538514,0.4478019466764423,0.5344178223413313
589,0.10620905927546499,0.1089704619371925,1.9336321849278684,0.254368237165959,0.44531717477451244,0.5314524346320998
590,0.10544383748594872,0.10878160942662225,1.9284568069877503,0.2585014774709951,0.44284866017112845,0.5340497216288933
591,0.10539735042681517,0.11313878276517841,1.9286554539691714,0.25726750555052197,0.4403962828216656,0.5314934515612927
592,0.1050393721596143,0.11306089493443,1.9235179486990495,0.2558442509301482,0.4379599236593216,0.5285531248806483
593,0.1088092457887754,0.11240631862643133,1.923940639600618,0.2544302847086977,0.4355398945330768,0.5256319872662355
594,0.10834944654720643,0.11133154377762278,1.9243605742852068,0.2530255384579019,0.4386563600819258,0.5227298973508938
595,0.10732382529652745,0.11640935991213597,1.9302556998677924,0.25166764313905576,0.4362368958069155,0.5198779693604334
596,0.10706634660499766,0.1207142843950586,1.9304556218376623,0.2504653030301,0.4338331813078976,0.5170966217494902
597,0.10619668408244454,0.1207142843950586,1.9253338307681467,0.24908659036269787,0.4369497062530704,0.5142502088769209
598,0.11174640039912356,0.12071428438511567,1.9147462206120345,0.2477168374025978,0.4345468747138117,0.5114222937137016
599,0.11100377371205758,0.12053444853480394,1.909720964167932,0.24635597839556392,0.4321596448644671,0.5086127405073239
600,0.11048355512949988,0.12053444853480393,1.9047283096605916,0.24500394811991574,0.42978790244694826,0.5058214146047629
601,0.11008904868914388,0.1202876695745333,1.8942853872068528,0.24914331286956212,0.43291416496256724,0.5030481824427969
602,0.11204206477770372,0.12501829023997796,1.8890648359592308,0.24810113235806214,0.43086602629952286,0.5054482436090714
603,0.11129017055433676,0.1245869802618484,1.8842001606260121,0.24674360317693816,0.4394518200770262,0.5026825942396969
604,0.11079046459977628,0.12341253782611993,1.8845347766320668,0.2456932213554242,0.4425158928778549,0.5108672422352144
605,0.11031361032304549,0.12286913946868612,1.9015474353217867,0.24435165367156128,0.44009942675303254,0.5135382711376855
606,0.10981907990742479,0.12241529329618303,1.9020479017812162,0.24305526591782636,0.43769855840093275,0.5161920591190743
607,0.10963234739372155,0.12151886337026807,1.9023419556768317,0.24742025758213326,0.43531317405038644,0.5188287319357808
608,0.11062265600611142,0.12150695069614509,1.89741734123008,0.24608512206207592,0.44401701530882004,0.5214841623630669
609,0.10970139361600029,0.12066958719347368,1.908853172494771,0.24474667863826347,0.447040976137398,0.5186478387288362
610,0.10928117521375347,0.11997809437372711,1.9092833767198643,0.2434818882871418,0.4446119751084363,0.521263269880412
611,0.10878331385056052,0.11955858020456413,1.9043477157197601,0.24758832752869392,0.44219858667320705,0.5184338122461853
612,0.11083976695308324,0.11955544317525751,1.904866404821413,0.2462457420572446,0.4398445947026797,0.5156225258209431
613,0.11264521601241406,0.11955287581853466,1.9053817656337162,0.2449117715979698,0.43748523466366424,0.512829278669397
614,0.11205348814184432,0.11866413453699637,1.905893822303847,0.2435863536478226,0.43511764416703663,0.5100539399142422
615,0.11179187826272789,0.11866413453699637,1.9009961898323915,0.24226942620460967,0.4327652202399631,0.5072963797269293
616,0.11136043904047441,0.11835128989544971,1.8961299046840807,0.24096092776262565,0.4358288582614125,0.5045564693185222
617,0.11089806342781738,0.11767442642149234,1.891294739950509,0.239660797308328,0.4334772970487763,0.5018340809306416
618,0.109611841389544,0.11767442642149233,1.897270898599209,0.23836897431605264,0.4311407616402065,0.4991290878264939
619,0.11113812772719087,0.11708608347338133,1.8924392504769356,0.24247022525471135,0.4342399125444017,0.4964413642819836
620,0.11035974882147005,0.11642379737399675,1.8876384231700833,0.24654531454107717,0.4411308983884347,0.5006821634053684
621,0.1097738709852541,0.1143332735175106,1.8936163295022985,0.24522036334924144,0.43876023111104895,0.4979914636029015
622,0.11164588543282489,0.11433088947740974,1.8995561565115382,0.24390386054818103,0.43641882413744254,0.5006865985579456
623,0.11115744688278895,0.11367122923534526,1.894731539787219,0.24259572360063333,0.4340781658666944,0.4980012509900819
624,0.11294894596838599,0.11367080964647407,1.8845796258410732,0.24129590309414975,0.4317523882600819,0.5006943578838552
625,0.11269480121002087,0.11332674597009901,1.8798377129501205,0.240011438545578,0.42944138425901607,0.5033669483965221
626,0.11650623370931627,0.11332668714203885,1.8858275168097547,0.24407529828385433,0.4271983188184056,0.5006753122602454
627,0.11591709428315594,0.11215648763204328,1.8757535775437235,0.24277146762631385,0.43025817943464345,0.49800074491898433
628,0.11683184328709463,0.1115112420124702,1.8764166285796233,0.24147589814500173,0.4334496328737133,0.49534312385215923
629,0.11647266046088386,0.11119979360294177,1.877075482007327,0.24018853058598394,0.4364700525876098,0.49270232751128845
630,0.12169291972082627,0.1105564301962467,1.8777301679115832,0.238909306165124,0.4341459182335739,0.4900782353115931
631,0.12123250695726406,0.11451687797465936,1.8730601213846507,0.24295876131815944,0.4343290152895632,0.4903141177805586
632,0.12088786828495938,0.11378739830940633,1.8737286091041068,0.24167360112093164,0.4373325967242912,0.4930263557725467
633,0.12025399613479733,0.11348486819803785,1.8743991056690867,0.24039032295120347,0.4350103762927514,0.49040840347436854
634,0.11916675742853915,0.11283701869780653,1.8962840028728956,0.23911513476860283,0.43270279550352897,0.4878069551586412
635,0.11871155656672973,0.11260498244979696,1.8968310275214804,0.2378505820387797,0.43040974983121355,0.49052124787194995
636,0.11881132918690547,0.11578318198720641,1.8904462440673122,0.23822829503946502,0.4285669966161421,0.4929300742381527
637,0.1184119098520067,0.11553944124371314,1.90160318186079,0.24225712791522105,0.4263004057278384,0.4903230820440249
638,0.11986836987569273,0.11488043847582502,1.9126900208282307,0.2409771670695444,0.42404941335074525,0.48773246953182053
639,0.11955713046813488,0.11403610598665902,1.9131508603430087,0.23970524143402847,0.4270893956231661,0.48515812010770276
640,0.11886166104765962,0.1130356872843004,1.913449882397791,0.2386002207348884,0.43522430719803934,0.48803176921515146
641,0.11832265141562924,0.11295503201204957,1.9139057984668049,0.2373433573392402,0.43819935010809336,0.4854609867374542
642,0.1180447202288321,0.11597017310231614,1.919591895741466,0.23612371711204824,0.43589337469861344,0.48296575467407993
643,0.11753174003091849,0.11571481408821159,1.9200146115320413,0.2348823842305801,0.43885895609469294,0.4804267413160295
644,0.11726571190172307,0.11506826203277881,1.9099309354264113,0.2336488113862519,0.4365541238591806,0.4779036002821972
645,0.11895327522930274,0.11506238451672969,1.90515468238517,0.23242512985684988,0.4396261473757546,0.48064721705324154
646,0.11985261655587863,0.11441785117395988,1.905642315057396,0.23645777033131843,0.43735687184958905,0.48337883089232103
647,0.12152441342502264,0.11377013959116897,1.916608199718155,0.2456923999778967,0.43516290794903767,0.48608416850877845
648,0.12136529879982279,0.11329547663643319,1.917044414647702,0.24440720535942886,0.43288661032036363,0.48354150639327914
649,0.12088928860991215,0.11285426874637285,1.9122522332238792,0.2431300113100852,0.44630152556587616,0.4810146728096786
650,0.12034340278873007,0.11098641391645671,1.9074898589669258,0.24186076135400228,0.4439716273000395,0.47850355602467476
651,0.1200711581860681,0.11098641391645671,1.9027570816281707,0.24059939945650038,0.44165620874635136,0.4760080451778149
652,0.1195252026506654,0.11011582591714993,1.9032637198862614,0.23934587002032875,0.43935516784773676,0.47352803027406704
653,0.11877190920795071,0.1100110560514888,1.8985623949355668,0.2433049377448385,0.4370684033432582,0.476268222039353
654,0.11833142939778728,0.1098111409060838,1.8938902140521106,0.24203984509752877,0.4399954324059221,0.4737918093884879
655,0.11762829042617765,0.1098107082805076,1.8996248010562102,0.24079360081637693,0.4377099110565439,0.47652515606730234
656,0.1173615840132901,0.11288371236887552,1.9053036009340114,0.23957536652489483,0.43543853417934814,0.47405242762385497
657,0.11709334871755883,0.11706080124013028,1.905188820640351,0.2441231303087412,0.433181202457227,0.471634437044692
658,0.1168279650205962,0.12458092282026118,1.9212147735989602,0.24286049369958806,0.4309381459921141,0.47437273375164024
659,0.11645334934124209,0.1242036248410468,1.9164486990557792,0.24160401014142285,0.42870860801013555,0.4719184789186656
660,0.1159683221772667,0.12379537004270497,1.932386075104446,0.24035527659082143,0.42649282184855436,0.46947936196266155
661,0.1199787844519136,0.12313655722943591,1.9275718418738037,0.23911423879476237,0.42429084339129225,0.467055276912691
662,0.1208695164920629,0.12647580334642347,1.9278724926756217,0.23795379007717113,0.4221395531597813,0.4697686419817452
663,0.12282967001320733,0.12646773678488665,1.9385502300396016,0.23672760681082938,0.42000975647146754,0.4673479095880175
664,0.12221046073813967,0.12576787201424094,1.938866566117307,0.23550896135989655,0.42814335756993566,0.46494205835801067
665,0.12560080508183954,0.12510538659753223,1.928895488630211,0.23429780111624574,0.42594155373692427,0.46255098443270104
666,0.1270340067211244,0.12510313443143453,1.9292606744166056,0.2330941942820895,0.4237930646461286,0.46531224007003075
667,0.12811284792217748,0.1250971371585051,1.924491281096482,0.2370303077189906,0.43702115264257646,0.46809827860781167
668,0.1272031718001753,0.12402712510269848,1.914623778849718,0.24094230525659774,0.43990773108319947,0.4656981841718227
669,0.12857227698187076,0.12402712510269849,1.920183298815732,0.2397081492739728,0.43765650966941555,0.46331278240735824
670,0.12807470411574925,0.12296751245231176,1.920591727722198,0.23848154211248448,0.44053406954606145,0.4609419711577982
671,0.12998796204453097,0.12231863837539576,1.9158835964331817,0.23726452416971977,0.44343725994721717,0.4637018059914355
672,0.12912423293553885,0.12167358985244182,1.9060994436168182,0.23605284702675547,0.4411726871287691,0.46133374493621776
673,0.12792372013608344,0.12115491268511891,1.9014767439624838,0.23484856263827872,0.4389219310526465,0.45898013203172594
674,0.12722810290449385,0.12070930532718739,1.9121710180913745,0.23365280163552074,0.4468776216374832,0.4617381163800351
675,0.12650067269608242,0.12039599547511017,1.917709769197992,0.23246314339406404,0.44460231553465757,0.45938714711409373
676,0.12590807527348566,0.11894914572421773,1.9130418612282794,0.23128072538334385,0.44742733207549845,0.4570504857891615
677,0.12527545755631445,0.11866071661704031,1.9033209470460857,0.23010549752816065,0.44515377874348655,0.4598094247020395
678,0.1251585098344828,0.11806632410909002,1.89796738745435,0.22970543040186767,0.4428940390953861,0.46255160081919294
679,0.126806211170009,0.11806601868324124,1.8984848191803572,0.2285405393502651,0.4406505089033216,0.4602058912739025
680,0.12641998625810277,0.11768756688722548,1.8939329424125642,0.23244888406712866,0.43841809854827185,0.4578744100288413
681,0.12578188801417794,0.11745061724034009,1.9147141842083473,0.23127243555880908,0.441260324239798,0.4555570589740581
682,0.12659256576911976,0.11683105130130018,1.9202014410713217,0.2351591588001523,0.43902929098817756,0.4532537407495327
683,0.12792386329030783,0.11595635827115718,1.9256554973176196,0.23397137125559342,0.4419162560385214,0.45096435873892365
684,0.12700099672213563,0.1157601934777961,1.9159387442040148,0.23279076441635918,0.43968637059805904,0.45373476278270763
685,0.12631556827880716,0.11561097683800843,1.9062806841898434,0.23161728891758374,0.437469954563102,0.45648843247108384
686,0.12576702509376791,0.11526735983256661,1.9016117062420355,0.23055596752587174,0.43526691540586804,0.4592254827603355
687,0.12899835590578382,0.11465840145243668,1.8920450199451462,0.2293960795172127,0.43307718364711306,0.4569151971648668
688,0.13056590170156762,0.11347172908623629,1.8875617780765774,0.22824318018457554,0.4360181116164842,0.45461883173878015
689,0.12995520020554185,0.11279221734091928,1.880417792800307,0.22978495540286908,0.4442252075658259,0.46704393936352034
690,0.1295111982884392,0.11252229276497193,1.8860333492251422,0.22863240905625415,0.4470128409225773,0.46470135873164947
691,0.12907198810237525,0.11217415924954093,1.891615154765432,0.22748678979855705,0.4497837199126265,0.46237285758940766
692,0.12861366085365306,0.11217415924954093,1.8971634402273874,0.22634805025871868,0.4475322199169844,0.46005833965387677
693,0.1282179311341944,0.1104226133329664,1.9026571225561075,0.22523745553538474,0.4452942294529484,0.46275844532942906
694,0.12776124071755507,0.10976296470623101,1.9031434220407795,0.22411222828268917,0.45306113171520457,0.46044662550860044
695,0.12715946818494137,0.10957385859310766,1.908617552952418,0.22299374141652012,0.46078150833276454,0.4581486540540771
696,0.1266091613269334,0.10957357429377791,1.9190329661735106,0.22687941505433754,0.45848416405696607,0.46085019277781336
697,0.12608174265215102,0.10949666978608052,1.924412371921813,0.22575402582798,0.4562005585274159,0.463535575562104
698,0.12554310053525833,0.10883248136610939,1.9190968741104653,0.2253465317936205,0.4589063928965441,0.47118070707479676
699,0.12463486957604254,0.10831248332148322,1.9145282077232109,0.2242263744366648,0.4566252511897445,0.46883855194472
700,0.1259364518463185,0.1129549581036077,1.9148859109118719,0.22317963638466062,0.4643253654116128,0.46659777827784954
701,0.1259381019218032,0.1190728918832613,1.9202203887379587,0.22212112027860056,0.4620219017132851,0.46428369909567774
702,0.1255020178175359,0.1179807761445117,1.9205358700222042,0.22110020426066182,0.4646481336936894,0.46697862274861135
703,0.12707874214511541,0.11797633303701141,1.9110273395602249,0.22000554205717063,0.4673876383491752,0.4646666219529964
704,0.12642444185846416,0.11734802151198175,1.9164134302453002,0.21891738820006593,0.470021954695267,0.46236836722623786
705,0.12642444185846416,0.11708677017132661,1.9217675243959464,0.2227767843569933,0.4676995359162313,0.4600837654791249
706,0.12613170225025724,0.11699456489275072,1.916878853125624,0.22201581652646896,0.465390902195935,0.46274887144872656
707,0.12531415466377308,0.11640151370240578,1.917288741242793,0.2258522225933048,0.46309596032107175,0.46046695799141046
708,0.12663947743519066,0.1163977796961203,1.9127699157531595,0.22473961024513378,0.4608691238696694,0.45819856666232206
709,0.1260913149853553,0.11578811961449927,1.9131892211553139,0.2285649317173307,0.4684237717026524,0.46088493768197875
710,0.12542579908010584,0.11551912641035521,1.9136160213122744,0.2274412054931118,0.4661207934095485,0.4586190236288937
711,0.12477029832948341,0.11533489797211735,1.9042172426614161,0.22632412164624466,0.46383142808597927,0.45636650345757696
712,0.1260462937241244,0.11532070922657021,1.9046862312709443,0.22521461630915451,0.46175475100435026,0.46884665324983227
713,0.12561829802518196,0.1152711871097739,1.9002517174264881,0.22411067850234853,0.45949136093020765,0.4665485006938434
714,0.12512205758839118,0.1149317929485922,1.8956245475657405,0.22323205317099606,0.4572413165183869,0.4691607142565997
715,0.12423398358897196,0.11419826604742067,1.901027065163664,0.22214001957588253,0.45989644918406863,0.46686561705080903
716,0.12399169050288746,0.11404061678692562,1.896623717385919,0.2210544142712627,0.45764892068486684,0.46458403000772414
717,0.12319962308966678,0.11345784154152123,1.9019150391899977,0.22007071757655597,0.4554464525095773,0.47204831540666464
718,0.12256959473098365,0.11345783901217629,1.9170247104184448,0.21899789123869534,0.45322522187615216,0.47950044078722215
719,0.12205926698438549,0.11274537956879907,1.9125566060817436,0.21793084755224382,0.4510169306966886,0.47716412642776074
720,0.12167378034501561,0.11253101265818195,1.9227172838935285,0.2217375867949504,0.448821595611761,0.4748415192777419
721,0.12124130155179455,0.11224626103241793,1.9230930832703048,0.22065935286214428,0.4466391299271664,0.47253252761696435
722,0.12284582986684274,0.11166906287463857,1.923466681478365,0.2195874344661598,0.4444966244284905,0.4702370604070604
723,0.12235980892282304,0.11114768905067392,1.9286910350984512,0.21852178941046,0.44233950814700096,0.4679550272859584
724,0.12154021709158,0.11068801102249763,1.9241886561172417,0.2174623758117558,0.44019500580039594,0.46568633856239344
725,0.12091841613748101,0.11041316639131972,1.9196502880554767,0.21647144743415597,0.4380630332359901,0.46827415090002084
726,0.1202745169547241,0.11344746407092621,1.9103622427632647,0.21542407092982624,0.4383575313490608,0.46855178361099853
727,0.11976422778777297,0.11321289499323763,1.9059619441587454,0.21921637272317376,0.43623870002800236,0.47112057517011746
728,0.1194843969626323,0.11270904057462863,1.9112447669919133,0.2229865720795116,0.43896095548524827,0.4688456574756226
729,0.1190039252687043,0.11134316926927054,1.90631717260372,0.22244273497961492,0.4368434467274227,0.471407898964297
730,0.11834294663508631,0.11067350399286215,1.9115695923931648,0.22138889952079635,0.43956339414554235,0.4835873662622822
731,0.11919296740070774,0.11011892680000582,1.9071547953712988,0.22034932481596048,0.4422430103363408,0.4861260216657738
732,0.11893575091309962,0.10954949049272919,1.9124107921476168,0.2192895632541298,0.44011605966955664,0.4837880173519537
733,0.11854430286593984,0.1095494904927292,1.9128316280113584,0.21823595271209692,0.4380014541529757,0.481463583176304
734,0.11804252027564695,0.10954606742126502,1.9131908006137606,0.21724767511463206,0.4358991119785691,0.48395248125579166
735,0.11770829801734267,0.10929915090705954,1.9183842377226457,0.21622383298377454,0.4338149093846132,0.4912160544252193
736,0.11906211357238446,0.10874391571629997,1.9235647181421203,0.21997906851124552,0.43176114533976184,0.49365363398700796
737,0.11861332905918454,0.10841014616072238,1.943072353812172,0.21892640403022848,0.4296949701844425,0.5008622088457267
738,0.11808839141255704,0.10814210562574528,1.9337831253326103,0.21787978454472362,0.4319112055987905,0.5037586490815292
739,0.11732755279000052,0.10791070875240615,1.9245475459825514,0.21683920971884163,0.42984843539502154,0.501352741761353
740,0.11888770952301644,0.10788837030907333,1.920134569694934,0.21580647096509342,0.43267614260948045,0.5037355198000262
741,0.1202036000957951,0.10788185720457548,1.9252815358996895,0.21477792980870766,0.43546269179467506,0.5061009484088544
742,0.121183334784248,0.10581048713390628,1.9208757094046855,0.21851684825361833,0.43371372274377146,0.5036910948873766
743,0.1206798660877261,0.10580025929734697,1.9211915276110874,0.21753796095151223,0.4316506128420273,0.5060519605062553
744,0.12017648636117695,0.10580000736439624,1.931059777585256,0.22126673373571587,0.42959936910851193,0.5083992473872416
745,0.11975057037100124,0.10535035052852462,1.9313870604675136,0.22021630465631567,0.4465492855486252,0.505985701779258
746,0.12316049556092949,0.10481610534606027,1.9317124640593235,0.21917190724383723,0.44443157424135177,0.5035860149871556
747,0.124405666222745,0.10480093558694427,1.9415117162977624,0.21813350191317543,0.44721998956846226,0.5012000960571915
748,0.12379627630707753,0.10449021615171246,1.9323223038741546,0.2171010493682542,0.4460961259593409,0.5073012160219916
749,0.12328331866068765,0.10448927897170228,1.9373458162119304,0.2160993964643618,0.443995104092602,0.5143509850589304
750,0.12198976802081915,0.1041285106309518,1.932918108092628,0.21507861519478894,0.44662148525247114,0.511921363041818
751,0.12123566315785834,0.10329527317687029,1.937953608021836,0.21406367120614003,0.44451390337480323,0.5095056346830982
752,0.1210917456947523,0.10181469223666582,1.9335318812003086,0.21305452633117858,0.442418363646309,0.5071037091386684
753,0.12053335288706574,0.10087795446483128,1.924425882321573,0.2120511426803867,0.44395103506127753,0.5105182800838405
754,0.12153250508439865,0.10038326374113751,1.920075903729388,0.21105421438676522,0.4420471342457788,0.5128219296383549
755,0.12005373239802301,0.09988160803841839,1.9251516616128928,0.21006223717631126,0.43996946579271146,0.5104116121343887
756,0.11936714443820445,0.09988160803841838,1.9255031051289653,0.2184667259662177,0.4379036294714962,0.508015021168201
757,0.1205713418936152,0.09938054425566238,1.9164711181977778,0.21744196074586036,0.4361179156643265,0.5056320673210656
758,0.12014005232310897,0.09922986102868993,1.9168625367896919,0.21642302185595996,0.43407425535456656,0.5032626618226653
759,0.11979064999484697,0.09862856097356787,1.912549799174428,0.21543046074432487,0.4367029586865955,0.5056086491653855
760,0.11938994407411016,0.09805223258272765,1.912958774404042,0.2144229648058709,0.44401397410325766,0.5032440872611806
761,0.12069796356728468,0.09797242559396703,1.9086869579774761,0.21342766508449526,0.4420930582987855,0.5102369158331939
762,0.12050172109166297,0.09771257973625794,1.9184477857684368,0.2170988501017412,0.440029668398314,0.5078554767239047
763,0.11983508885633185,0.09729320744307815,1.914120509980539,0.21613146334808353,0.44259574668283447,0.5101950473450029
764,0.11973790853576605,0.09986098271692298,1.909435656333566,0.2155516089811144,0.44053413791816626,0.5080105788470437
765,0.11917509455841481,0.09969898334359793,1.90983432457001,0.21457133258976416,0.43848418309690784,0.5102999725604725
766,0.11869323124866873,0.0995004993649261,1.9102534766901118,0.21357385734722667,0.4410944951031482,0.5079277470504143
767,0.11811060932233174,0.09824559192431997,1.9199583471707802,0.21258201139821237,0.4436900757036918,0.5055689092948885
768,0.11739757740696449,0.10158353913730189,1.9295898196472743,0.21625383178696794,0.44627724448592604,0.5125901582029997
769,0.11696623954186268,0.10143427048400526,1.9391856310281608,0.2152515958869886,0.44420885516758857,0.5148491873667805
770,0.11626826409402524,0.10575881789410693,1.9393546221366915,0.2143675402355033,0.4423209911683968,0.5262050336303888
771,0.11759384734190269,0.10575677595756383,1.939635022453088,0.21337609761637522,0.4403159618137307,0.5283966311319522
772,0.11711415000363322,0.1052250288198317,1.9306722023992926,0.21701099201942736,0.438281314734839,0.5259549738783738
773,0.11721338176221768,0.10688573138518129,1.9217597154032475,0.21600921261743025,0.4392539822880142,0.5301690230880536
774,0.1166621739146991,0.10591777513232783,1.9175088848367998,0.21962470149932528,0.43722829791155293,0.527724070622605
775,0.11607059158366259,0.10559239837209118,1.9132818867133552,0.21861288219551017,0.43521397061147693,0.5252928258760049
776,0.11558365538689606,0.10393041849960961,1.9090785679512103,0.2222091641108186,0.43781336051339365,0.5228752008001691
777,0.11443799880257621,0.10343792838177389,1.9140944424489517,0.22118748349598763,0.43580036782184356,0.5204711079772154
778,0.1138445314489967,0.10285074827062818,1.919067034468963,0.22018674688067916,0.43839694734698953,0.531855096167746
779,0.11329070853796483,0.1015890885667776,1.9102611143033073,0.21917638774275397,0.43638529874385823,0.5294146011603131
780,0.11265728657726033,0.10146417886019347,1.9060884226367667,0.2181716700059795,0.4343848823019641,0.5269877328038667
781,0.11209578629685502,0.101130484570396,1.924836402048394,0.217172557567868,0.44155458282882304,0.5245744038938295
782,0.11157677805703621,0.101130484570396,1.9343300703891395,0.2207539157382892,0.4441094154127532,0.5221745278476575
783,0.1113488685297915,0.10063733521236744,1.939200532083055,0.21974499781679188,0.4420796894764448,0.5197880186999807
784,0.11083931090928283,0.10048330130310795,1.934912367395629,0.21874169478651512,0.4446270199902795,0.517414791097785
785,0.11049122256297451,0.10009858770509393,1.9397704419292199,0.21774397082057398,0.4425989885526414,0.5150547602956349
786,0.11005610779560245,0.10009858770509393,1.9400448862283122,0.2167517903469402,0.44058222513808126,0.5127078421509367
787,0.1098440953156881,0.0991734647136259,1.934558181190651,0.21697266004251947,0.43857665795483713,0.5149260368593773
788,0.10926795247594398,0.09901624558391085,1.9257607122188782,0.21598596950872936,0.4365822157211449,0.512584393234454
789,0.10892371776239258,0.09873789911726442,1.9170120031206788,0.21500474769620873,0.43914181633202676,0.510255728143183
790,0.10828161125395852,0.09873789911726442,1.9173886398252247,0.2140289598391795,0.4371487940546954,0.507939959078375
791,0.10785304989434465,0.10298706388855638,1.9268281358014965,0.2130614516072425,0.43516679999063007,0.5056543855868879
792,0.10764087460923981,0.10298706388855638,1.9181007987335774,0.2211551755578711,0.4331957641344891,0.5033640846612931
793,0.10739522163466032,0.10279405365618531,1.9275210866042198,0.22467933390729633,0.4312356169765444,0.5010864361668956
794,0.10676211462705468,0.1023055965267279,1.9233283848210339,0.22818403949967148,0.42928628949883685,0.49882135990632365
795,0.10654530213760643,0.1059331073863792,1.918612244309242,0.22770016598542878,0.43131696273136433,0.4972517071713727
796,0.10624593421805634,0.10556697392170504,1.9189736165502194,0.22667873474433725,0.4293711630375494,0.49951975493851136
797,0.10800208043722702,0.1055666514381836,1.9148312591240175,0.2256578778965077,0.42744894910493625,0.5062821039272334
798,0.10768262653372855,0.10354446690310228,1.9152147130866757,0.224641901769651,0.42552445202205674,0.5040026774971011
799,0.1070466382052523,0.10306183066757714,1.9066004887370696,0.2326270811098819,0.4236105344487871,0.5017357817244779
800,0.10662533557428806,0.10306183066757714,1.907020159793518,0.2315818202560747,0.4217071296224569,0.49948133753384977
801,0.10640702542321522,0.10574022163823657,1.9073090648247302,0.23067075885121527,0.41981417125048254,0.49729601311633526
802,0.10630474255995755,0.10747294828088587,1.9075954463335072,0.22976563275750858,0.4179315935067397,0.4958922106540647
803,0.10588137332077556,0.10735726784084991,1.9169690629662526,0.22873632178938097,0.4205391609998137,0.49367069786597084
804,0.10559136552826974,0.10718035338083987,1.9128653032869625,0.22771264614702957,0.4231324524453551,0.4914613475328246
805,0.10541687820392584,0.1059290015526177,1.9221950386157474,0.2266961623101081,0.42124067833711737,0.493734962449893
806,0.1051090168508583,0.10556891274141246,1.9225425475216422,0.22568364416302117,0.41935924449738565,0.49152973936963656
807,0.10440434009943164,0.10538125784702648,1.9228881585262012,0.22467665582973567,0.4219500324509817,0.4893365599974949
808,0.1040501323604585,0.1051595597017714,1.927689370262688,0.22367516261858658,0.42452668250867176,0.4871553487764417
809,0.10365292749941742,0.10498724719236353,1.9280010419595266,0.22268945989370037,0.42708411839398747,0.48944422705292023
810,0.10335589105114999,0.10468827055337554,1.9372182063887402,0.22169909793641984,0.4296327083890629,0.49171554810836343
811,0.10256113550864777,0.1045152850737556,1.9330530828063486,0.22071383736986724,0.4321674972362274,0.489530298172656
812,0.10181795625701504,0.10451528507375558,1.9289106141331525,0.2197339358252567,0.4302488064866184,0.48735693423213783
813,0.10492462448425408,0.10403823754057155,1.9203554038437922,0.21875935980554895,0.4283405760612787,0.485195381992348
814,0.10645945341176363,0.10403815882452724,1.9207075629202575,0.21779080799036085,0.4264522330683233,0.48747675552960085
815,0.10641698821104861,0.10714515452416007,1.916244360546085,0.21721456883351453,0.4249523763830493,0.4894810764774069
816,0.10604829822833611,0.10664320820932358,1.9119674985644153,0.2164793104615104,0.4230732501087719,0.49173857537851284
817,0.1075708935693112,0.10663758274511274,1.9035212878145904,0.21552300242776634,0.42565956696186114,0.48956629596237
818,0.10816758709302737,0.10623543329474253,1.9039470612989038,0.2145718705395525,0.42484856385157205,0.4874057742999985
819,0.10764236522671904,0.1059935974119489,1.8999618090406702,0.21803460564941005,0.4273842472536986,0.4852569372210727
820,0.10704922591696847,0.10941877423001616,1.895614788762076,0.21745761582146672,0.43067283547370927,0.4956331680034961
821,0.10834036332429788,0.10892760808739313,1.9048739036191527,0.22090073534965307,0.42883183935389263,0.4934524244756409
822,0.10762970779769951,0.10892760808739312,1.9008965152510684,0.22432527918986028,0.42694690183620265,0.49567896281066604
823,0.107175467418042,0.10799780945144846,1.905663937537222,0.22339911594761247,0.42944362312238504,0.49791312429544893
824,0.10676283373582514,0.10799780945144846,1.9236247026597786,0.22241912334590397,0.42755976797942413,0.49572891163178945
825,0.106144167475601,0.10753877467595487,1.919577056013673,0.23020910476676762,0.4300684013870859,0.49355645407325327
826,0.1056447706308013,0.10753327005232043,1.9150240318589409,0.22972839987319216,0.4281855749288584,0.4957736486050859
827,0.10522705698532273,0.10665756442684153,1.9110220882582984,0.23309725510929089,0.4291168627409602,0.49954852625910884
828,0.10487965399751845,0.10641440186843978,1.911410852559023,0.23207880131992328,0.42724195565663975,0.4973658875604976
829,0.10437768241628329,0.10617386840091231,1.9161623869268056,0.23106581087894962,0.4253771062408309,0.4951949573122384
830,0.1043776824162833,0.10474725796892577,1.9078069745138493,0.23005825005967886,0.4235222524048925,0.49303566323497805
831,0.103976939688741,0.10427863505421371,1.9082085797374269,0.22905608536811076,0.4216773324885519,0.490887933548041
832,0.10704144442826562,0.10427143479809321,1.9129598164513621,0.23241106413383794,0.4199118008451347,0.48875169696565385
833,0.1085395836068947,0.10380480260005273,1.9133351950421509,0.23575112665938752,0.41809315014453585,0.4909773362807427
834,0.10791857857251262,0.10333991844523546,1.918054673449031,0.23472723930554087,0.4162773357506501,0.48884497961816153
835,0.10754137661869585,0.10289299652985859,1.9314264208257421,0.2337088446401323,0.41447121461883885,0.49106275081216194
836,0.10702379982662083,0.1027879532627702,1.9230548302359052,0.23269585509859206,0.41267472717171266,0.49326869261775086
837,0.10648295841991327,0.10191143987477697,1.9190579326721313,0.2316882643619658,0.41088781424126186,0.49113280169206674
838,0.1060766390421613,0.10127043605602136,1.9150823195801199,0.23068603929614784,0.4091104170657692,0.48900828491579973
839,0.10563624055960455,0.10063015587144643,1.91112786042587,0.2340105714932004,0.41166390178554546,0.48689507253324965
840,0.10503609237109399,0.10063015587144641,1.911511530804808,0.2330003232301277,0.40988670540037847,0.48479309526706593
841,0.10490279669815941,0.1004669136600168,1.9162050905052088,0.2319963044961946,0.40811894999860243,0.48701507460153676
842,0.10454859078580711,0.10035422539108432,1.9208642165523957,0.23100713540648415,0.4063640385626956,0.49353027861094984
843,0.10375843986248993,0.10035422539108431,1.9125964840283565,0.23001284065611743,0.4046149773072078,0.49140603875010563
844,0.10341013269163812,0.09989061179113606,1.9084412588272215,0.22925499281013897,0.40287518497703806,0.49359292732956966
845,0.10320307777355282,0.0998460320180297,1.9042881302651071,0.22852106340925712,0.40139545726536363,0.49981295746503307
846,0.10450585624489182,0.10341801564534588,1.913279688605231,0.22754214392303057,0.3996730718565564,0.4976682350945387
847,0.10352570993385378,0.10295700811414253,1.9136514578014636,0.22656667279527773,0.39795967698642526,0.4955347358395671
848,0.10479747448447432,0.1029538325973959,1.9097385570639647,0.22559635430729919,0.3963045578654815,0.4934125061678838
849,0.10456146469951162,0.10240310725677189,1.9058463083261161,0.22463115708827658,0.3946089982970999,0.49130147746688135
850,0.10423301462850396,0.10195345512390463,1.8977004366243366,0.22367104998107207,0.4057448284740269,0.48920158159130317
851,0.10551675877340704,0.10548482077118324,1.9023985962824554,0.22272452627316744,0.40401522556695857,0.49137982345870457
852,0.10550875016297781,0.1070619056951243,1.9070599422311532,0.22179506349973852,0.4022918543570003,0.48933003804410136
853,0.10695193174722643,0.10659749963573875,1.907455675643627,0.2208502343129342,0.4006626512501251,0.4957675255736921
854,0.1067551065572902,0.10570053520652721,1.902432712925567,0.22106990075653427,0.3989569955382455,0.4979140870199286
855,0.10595696638109828,0.10550589349660423,1.9028476501974896,0.22012972762807445,0.39726029849657446,0.4957965421018021
856,0.1057563653381184,0.10887720016840374,1.911754502991058,0.21919755786772152,0.39557250585904047,0.4937064549835888
857,0.10503385974084578,0.10854807583836289,1.9066308001307681,0.21952112159892032,0.39389356372746614,0.49585533426888245
858,0.10648104363376627,0.10854255959862125,1.9155068792454335,0.21859033173023695,0.3922751680038934,0.4937528617682484
859,0.10614329472744077,0.10844943620957048,1.9073930706952806,0.21766441487669258,0.39061354744452664,0.49589725101747584
860,0.1056585704566457,0.10745185111011997,1.9025894951265339,0.217707173762221,0.3889606190233451,0.4980304227070913
861,0.1050698748056567,0.10745185111011997,1.8987738961316056,0.2167868403461099,0.38731633027965207,0.4959250532223085
862,0.10618583009158603,0.10731391050226123,1.894978224736603,0.22009447956336267,0.38571234425047707,0.4981474377115316
863,0.1057591857885425,0.10673235986484991,1.886983415860611,0.2191659130628085,0.39505755217888455,0.5019490539253743
864,0.10517368269400339,0.1062737548902169,1.8832450218911876,0.2182421883199933,0.39339249199373133,0.49983347511905385
865,0.10517295761063178,0.10871162005258875,1.88793149891788,0.2173389133452621,0.39174131918083166,0.5019342639682358
866,0.10491865100244673,0.1080924112456183,1.8926092005666861,0.21642471912762565,0.39009353488260307,0.4998229743022917
867,0.1046199487317155,0.10765105693363974,1.8846562619362797,0.21551528018544489,0.3884543217042508,0.5019247696378116
868,0.10424197428390468,0.10746371075345794,1.89773417247397,0.21461056796401848,0.39102153108559307,0.4998177381877111
869,0.10385913887061578,0.10696584713073501,1.898130863606951,0.21374273589503032,0.3977369337255849,0.5019475378864332
870,0.10343604642137302,0.10669688801909408,1.8943681304395983,0.21284725739159377,0.40444963966476444,0.49984462090004755
871,0.10470608488867524,0.1057986809215464,1.8989955482693386,0.2119564360605595,0.40276684655706363,0.5019379400048019
872,0.10420103057229899,0.10557211400645117,1.899417862510998,0.21107021550269275,0.4052639648718361,0.4998392647794907
873,0.1037383724088604,0.10530798563247479,1.8998379906573668,0.21018858243536498,0.4035711911587074,0.49775145327501635
874,0.1030719459010097,0.10508681482634404,1.8960831548766897,0.21348430033286417,0.4018871729639363,0.4998472314413266
875,0.10254846519225774,0.10472106182979188,1.8923010721860782,0.2126410177199934,0.4043338258214817,0.5019788307270117
876,0.10226267577397925,0.10455117416993943,1.9010784867006207,0.2159199377156438,0.4026499963405952,0.4998883631480457
877,0.10371585460859149,0.10411030959779956,1.9139708995893487,0.21502165116532812,0.4051423138089773,0.5019689745481005
878,0.10329152245968959,0.10399543980818587,1.9142327239557546,0.21422371659214207,0.40756675950254695,0.5040867197776404
879,0.10274488735561321,0.10381992132781502,1.9228888347988626,0.21749019436444245,0.4100252128452442,0.5061470583560482
880,0.10239567675177061,0.10369380173285003,1.9273565078519315,0.21658808220363568,0.40832449832877604,0.5040476468500084
881,0.10211164040459915,0.10675486108053046,1.9235138361207023,0.21983429313215688,0.40663253089919404,0.5020312625985668
882,0.10192706100893249,0.10612688288323255,1.9238304537892794,0.21892427989793753,0.40494925856115205,0.49995308322788096
883,0.10140199518070371,0.10946609094992361,1.9240282779253703,0.21813610722573068,0.4073514500762555,0.498369416455268
884,0.10095652651012789,0.10871697316335344,1.9367359505092934,0.21723492786524992,0.40566857086868463,0.49631051736828846
885,0.10061264597630436,0.10800645560025102,1.9328699084753411,0.2163383685286375,0.4081214609129616,0.4942621735196349
886,0.10028051115393706,0.10750122953230656,1.933146686960678,0.2154464018323075,0.4105617859867277,0.4922243223468004
887,0.10008839385278924,0.10685187375458062,1.937538672278858,0.2145612727780376,0.40887072481261927,0.4943157974010902
888,0.09966405819204073,0.1066794800106713,1.9542548022744928,0.21367840058838442,0.4113030910583801,0.4922817972072009
889,0.09929972892972946,0.1066794800106713,1.954374029764752,0.21286885576750042,0.4096123613690944,0.4943688572315825
890,0.10036707695607523,0.10667115580977758,1.946348280381225,0.21199469756547307,0.40800704281713196,0.4964478565862608
891,0.1017937047887005,0.10666714989089456,1.9383634779953614,0.215227452300263,0.4063825847292173,0.4944112025764499
892,0.10161232861659268,0.10592245633390113,1.9509111440571463,0.2143453743072084,0.40471708559832487,0.4923849311289585
893,0.10069605183349234,0.10592245633390113,1.9552063827316188,0.2134677894046491,0.4030600701144272,0.49036898101478826
894,0.1006117966354157,0.10576805070701815,1.9472092677649246,0.21259467111461466,0.4014114882830373,0.48836329140988977
895,0.10020623644581325,0.1047919140669132,1.9433388987218065,0.2117259931341348,0.403857366426504,0.48636780189221634
896,0.09988768682174631,0.1044797199781459,1.9394881969284803,0.21086172933396702,0.4144547997650183,0.48438245243880135
897,0.09934785116558674,0.10318537404308258,1.9356570467352938,0.2100018537573344,0.41276468956312545,0.4824071834228584
898,0.0989200935804032,0.10303882132130715,1.9358180288498736,0.2133213172790655,0.4150558494531039,0.4846169122712969
899,0.09875547777535094,0.10286191012158245,1.9482885273291197,0.21652291411923114,0.4133666699630672,0.4826446356492176
900,0.09839979272048674,0.10268925120227375,1.9566197257947235,0.21971873212913556,0.4116860464995173,0.4847480455937084
901,0.10109938785869652,0.10268924819758703,1.9608575534780568,0.21882631529072735,0.4140756523609063,0.4827791769675275
902,0.10077786287842463,0.10226998842748951,1.9610163768251425,0.21793841146986076,0.41645308336739345,0.4808202650546948
903,0.10051066122135484,0.10182088805597572,1.9571006359147705,0.2170752381782073,0.41879825723705916,0.48294501327915684
904,0.1001508785199731,0.1015451031891019,1.9532248891503707,0.21619619931810216,0.4171023478106995,0.4809893437263824
905,0.09965861397370274,0.10136204185500641,1.9655503706186517,0.21532159513785962,0.4154149941100571,0.479043540368127
906,0.0993914835227398,0.10105750927331497,1.965675059050007,0.2144659351837405,0.413736146149548,0.48114892101679785
907,0.0991138490429237,0.10065149602034096,1.961703539932014,0.21367282846406974,0.41617585471250923,0.49124560506301035
908,0.0986798473627208,0.10064695876087222,1.9573770338420107,0.21325868812983848,0.4144972923128007,0.4932975645612796
909,0.09780163344704225,0.10041642444988126,1.9736658002688294,0.2123994623770487,0.4128271795124346,0.4993684662280742
910,0.09759509596893044,0.10331474350819574,1.969317602923875,0.21197345972700501,0.4147617357140974,0.49814025342737556
911,0.09707623404860719,0.10331474350819572,1.9654197645522247,0.21112106802112543,0.41309388793780394,0.49613712237062396
912,0.09669851999558764,0.10253689051094797,1.9655586802671832,0.21027295250868913,0.4114344072533958,0.49414404042137994
913,0.0962240951960609,0.1023729464231294,1.9656968996414521,0.2094290883319701,0.4137964296316556,0.49216094916367964
914,0.09585606895386033,0.10178635836032573,1.9578160798591504,0.20858945079547248,0.41213744798037366,0.4901877905628023
915,0.09659722080257173,0.10178521272555374,1.9700005314038047,0.2077540162165367,0.41049780871590763,0.4962348394843476
916,0.09625707325068802,0.10547076657601519,1.9741078519647517,0.20693663381596783,0.4088553400324535,0.49428287374972996
917,0.09714344541177806,0.10546235935350169,1.9782085110584173,0.20610947416678327,0.4152691395614419,0.4923071440738894
918,0.09959282978929447,0.10546226442851674,1.9743023593840892,0.20927961301924666,0.41361259398156724,0.4943345986137448
919,0.09924879969115463,0.10508240887402408,1.9783186512643334,0.2085201576424497,0.41196261988884647,0.4963517877032766
920,0.0987495310202253,0.10862510518593534,1.9783197443535865,0.2077744763235675,0.4103208704064388,0.4945186076214775
921,0.0984356630762447,0.10791377247776653,1.978279204905719,0.2070741361178954,0.4087507245167989,0.5004488144798906
922,0.09808144923689308,0.10765936920991705,1.9743180982843864,0.20632082224723128,0.40712502969223596,0.5024356434399233
923,0.09772399685648446,0.10679872063115979,1.970446886216083,0.20550105747181335,0.4094806718014113,0.5004393396353904
924,0.09758713215518403,0.10609919824493037,1.978502753820064,0.20468536592857284,0.4078553277510301,0.49845295502857917
925,0.09859430779231597,0.10609050912184252,1.982553311346153,0.2038737241424174,0.41066880265784467,0.49647643245258305
926,0.09836643729014294,0.10562679837743726,1.9786610729426752,0.2030661087902489,0.409041999443854,0.49450971511063435
927,0.09805835560860675,0.10535725652276864,1.9826928920523998,0.2062299070538735,0.40742826955027883,0.5004625201157485
928,0.09723864307211268,0.10511467067565598,1.9788078785230399,0.20541459029973522,0.4097709640060261,0.4984839735349073
929,0.09698521218162165,0.10446942660341946,1.970992607252264,0.20460330853580475,0.41159135123198676,0.5009754166358079
930,0.0967316661922422,0.10408087516826897,1.9671615198929162,0.20379603859043366,0.4139129393878484,0.4989987995414217
931,0.0980749538549698,0.10365598520264108,1.9672906925526403,0.2029930207227956,0.41237009149318105,0.5049151361747655
932,0.09771550320811315,0.1033699302406063,1.9595441826545283,0.20219370445996288,0.41074632078785006,0.5029269551119001
933,0.09721536603006992,0.10704012796007828,1.9636266258719566,0.20140874819715873,0.409134032764146,0.5048788399357828
934,0.09695980872718378,0.10696121147737321,1.9598397789881936,0.20454704129958678,0.4075262233746822,0.5028947738977998
935,0.09650676485714187,0.10632292721446451,1.9599974423394522,0.20374401852708168,0.40592633302337877,0.5009204800969803
936,0.0962165594253662,0.10601234884341651,1.956232395001852,0.20294494777889518,0.41610012070513275,0.49895590265462547
937,0.09879111409454154,0.10557917991373152,1.968157921478787,0.2021498064730599,0.41447192750647827,0.49700098605121606
938,0.09838503268816048,0.10539558628693706,1.9682825545178257,0.2052726709007263,0.41284964346220854,0.4950556751238684
939,0.09922448943489255,0.10538734425851584,1.9723167622334132,0.20447001645655344,0.41910786090863306,0.49311991506380987
940,0.09893344997216234,0.10493900220761627,1.9685186223122726,0.20757757801089727,0.42108592647552107,0.4953909905892721
941,0.10044476764796648,0.10493714765648503,1.980348596506078,0.20676753266173054,0.4233618222624957,0.49345778965403003
942,0.10167562345698365,0.10471813879648952,1.9765267333796561,0.2098599284976663,0.4256311403814715,0.4954910524936911
943,0.1028186619085551,0.10429001721385683,1.9805122643609265,0.20904307737438982,0.4240360304394193,0.49745605632493844
944,0.10379404353364108,0.10386491528034111,1.984478703863868,0.20822982229994927,0.42630209213118914,0.49941133994863546
945,0.10344667877856398,0.10343930330962134,1.9845390319710883,0.21130727122916199,0.4246451429887484,0.49747023009548835
946,0.10292834504175652,0.10343930330962132,1.9884727542610667,0.21049600605842722,0.4229962837530647,0.49942150839454336
947,0.10406670754894558,0.10343893089277105,1.980759409019769,0.20967948576004058,0.4213769016338363,0.5013728821869693
948,0.10355664310943184,0.10242819887842118,1.988584274839671,0.20886694571474468,0.42361915455071786,0.4994299856612283
949,0.10299676946944253,0.10224682322709665,1.988628468303365,0.21192964295217354,0.4258504859475071,0.4974965525565331
950,0.1024311673618153,0.10193588497516164,1.9886593171974876,0.2111231535659603,0.42806439291234105,0.4994465042740419
951,0.10342335342303943,0.1018997814772888,1.988693322631074,0.21418082437221234,0.4306477616635941,0.5014000347122383
952,0.10313122412902344,0.10147072254174515,1.984089718648062,0.21414171528599188,0.4289855977570107,0.50332447259373
953,0.10247358148885916,0.10147072254174513,1.9841510659148576,0.21331602222317742,0.42733150419732185,0.5013837413129968
954,0.10204224266043131,0.10123988995959371,1.9803601440654492,0.2163463064785333,0.4292777701437498,0.503564033700332
955,0.10203539636193437,0.10280604418378353,1.984268802228888,0.2155288194498121,0.4276258571503704,0.5016702435785854
956,0.10160045797484661,0.10222810821365282,1.984329277283093,0.21854454259158132,0.4298262209000385,0.49974168507878697
957,0.10124476263528473,0.10197612660709748,1.976708593854577,0.2177052369414623,0.43201593503644975,0.4978224606730306
958,0.10091196987974285,0.10170876105538129,1.9729613591520705,0.21686999025282114,0.43035846512783,0.4959125178179575
959,0.10048717160462052,0.10148318538665997,1.969232232061442,0.21987153939694903,0.4322871274145871,0.4980992008404738
960,0.10012660678434984,0.10066622982233503,1.9655211107963007,0.22285859577406533,0.4306319307567304,0.5000209432951079
961,0.09977379342046262,0.09984891203087773,1.980953403437869,0.22583124079297662,0.4289847197639984,0.4981083122625122
962,0.09952047772352944,0.0995170150773412,1.9809512824101638,0.22504318007354476,0.4311292765756241,0.5000636319461755
963,0.09927566981602452,0.09892500053404078,1.9772065408278816,0.22418408689599176,0.429483458115236,0.49815465939074444
964,0.10026068507516914,0.09853312255550341,1.977293466960651,0.22714277239246916,0.42784556121593365,0.49625487499492676
965,0.09979412055978748,0.09828950034259126,1.9735701430393806,0.22627739659023166,0.4338352055016574,0.4943642272933086
966,0.10027746080823942,0.09828905898484322,1.9698616703353622,0.22541922067847697,0.4321952875028363,0.49629173052081177
967,0.09983187828934209,0.09823013218507703,1.962371822997641,0.22456212722095392,0.4305519859592677,0.4944047202030053
968,0.09926951389035023,0.09764499050627524,1.958716330975238,0.223709146029097,0.42891656884470436,0.49252676360935627
969,0.09883980832743572,0.09731179501645289,1.955078363832218,0.22286025413422433,0.4272889921213928,0.4906578101711206
970,0.09807220590909264,0.10078665764756381,1.958927795298076,0.22591794831148815,0.4256692120285776,0.48887270969760965
971,0.09771880721689323,0.10031898496022572,1.966656595108619,0.22506321289975625,0.4278440202205677,0.4908085762353264
972,0.0989689666468231,0.09991592324102377,1.9743488737340338,0.2317786342909803,0.426310710871069,0.49273516820303265
973,0.09975825726408413,0.09952430972223944,1.974445377500382,0.230903076775342,0.42473450161747367,0.4946525849296527
974,0.09934759272701484,0.09901871512469508,1.9744440382039359,0.23012908245802377,0.42313083268706475,0.4965606238234194
975,0.09909889184172035,0.09901871512469508,1.9896281274802368,0.22926105315566703,0.42153481554060096,0.4946876351195519
976,0.09856253268724552,0.09901871512469508,1.9858990567905175,0.22839716231639418,0.41994640765113345,0.4928235761771411
977,0.09796242645564132,0.09879497840243198,1.9784233637462676,0.2275373869558003,0.42212995398536785,0.49096839740162773
978,0.09755228514960021,0.09780541016052983,1.974743880656255,0.2266817042332988,0.42054248164463204,0.489122049508776
979,0.09702154093924162,0.10041755828837483,1.9747463388017379,0.22592251716111056,0.4226732130252837,0.4881898124400037
980,0.09813318788015729,0.10353890987118824,1.9823460146515617,0.22507593079994848,0.42108698304641234,0.486357691467126
981,0.0977306782617201,0.10603167660451722,1.9749134862868039,0.22423204016353557,0.4212440798977971,0.48657143613591614
982,0.09745760180729716,0.10534415194576657,1.9750074506403232,0.22339215388307476,0.4234118751721691,0.4847489281955851
983,0.09726081432445959,0.10482371962151385,1.9751009694741986,0.2225562498131309,0.4255693921298916,0.4829350614373475
984,0.09699453029990066,0.10454685426482417,1.971455916721108,0.22172430594629597,0.4277166875733629,0.48112978810631457
985,0.0967661058086636,0.1039468856885536,1.975296903794408,0.22463069268160615,0.4261194256818098,0.47933306074504833
986,0.09655475663505435,0.10348434270885551,1.98658104187198,0.2237926719992259,0.4245297190944224,0.47754483219151606
987,0.0963807510451357,0.10320702927549634,1.9827205636994607,0.22314217091810326,0.4229475261457137,0.4794919865256962
988,0.09607605835171693,0.1066207262427178,1.9902289548425018,0.22231372219201498,0.4213728054292116,0.47772033410697945
989,0.09571377158177151,0.10585732686334375,1.9865458135582286,0.22520631427589632,0.4198055157956811,0.4759434607119108
990,0.09539005275669181,0.10504490898278707,2.001458873819895,0.22808526701555779,0.41824561635135943,0.4741749657494616
991,0.09502966935884077,0.10473722923693292,2.0014292565410905,0.22726280427760978,0.42040511945677983,0.4798389091462033
992,0.09459698097232587,0.10796255288354528,2.0013330886874603,0.22651090357340378,0.4188461131577055,0.4781896319585622
993,0.09433215586169456,0.10751997302777132,2.0012866165180427,0.22571329661522582,0.4172944406370357,0.4801227495968906
994,0.09685790871526583,0.1071146598432323,1.9938799877775926,0.22487794670781439,0.41575009279003794,0.4783458472148143
995,0.09617081343968763,0.10683560442261843,1.98828938332501,0.2259625173443636,0.4142129672262794,0.4802745249170989
996,0.0959245978548591,0.10650922212310679,1.988332636945104,0.22512791596068304,0.41268305545308637,0.4785006122002766
997,0.0955687622719736,0.1063709121841087,1.9882802143957694,0.2280825490172052,0.41475469199581183,0.48052033868093963
998,0.09650742814545342,0.10636842280720712,1.984637256030173,0.230927959756635,0.413258772180619,0.4824442712885132
999,0.09633311894401204,0.10594067160663159,1.9920577574547715,0.23007859489636,0.4117369570644668,0.48435015734447834
1000,0.09727371495354248,0.10593795270699141,1.9847293865088345,0.22923218304720017,0.41022226144772167,0.4862613323036777
1001,0.09691424545216823,0.10593795270699141,1.984785507807041,0.22838972784978645,0.4087146464537996,0.4844742647931083
1002,0.09653556465120901,0.10560786067437584,1.9885128111413648,0.22755120771371068,0.410885517621181,0.4826955445754165
1003,0.09640369533824532,0.10480969386506725,1.9958904926935253,0.23038437574799128,0.40937848216990186,0.48092512613365407
1004,0.09716642973143165,0.10479263833383527,1.9959055503746923,0.22954022236969676,0.407983238680028,0.47916296423090193
1005,0.09686921058437235,0.10479263833383529,1.9922600915398303,0.22870000270099525,0.40648983792394006,0.47740901390836676
1006,0.09660382142493273,0.10402987184419944,2.0032587579360452,0.2278636953369687,0.40500339087171944,0.47566323048349196
1007,0.09645448800411706,0.10740121488054528,2.0105506946803775,0.2270337031271053,0.40352385971201454,0.4739381341306421
1008,0.09594473255811475,0.10710184428886654,2.0141616715802484,0.2262051478357159,0.4020512068654939,0.4722085056947913
1009,0.09568030302410034,0.10686073323298599,2.0140625653774253,0.2254279165621796,0.4078533250467947,0.47780231712600624
1010,0.09554669199290612,0.10578650316122881,2.0139825399887616,0.2246356721613522,0.4063678458281607,0.4797042601979161
1011,0.09537421659394787,0.10524693772836206,2.013931663825906,0.22745687359166647,0.40852780576221975,0.4779588325371277
1012,0.09513624097182943,0.10518513642138566,2.0138675682198595,0.2266435429384699,0.4070428428545288,0.4798564066043903
1013,0.09490896536578813,0.10480547995971788,2.0065546520026745,0.22582053686456996,0.40556475648302465,0.48174519342405686
1014,0.09430911598406694,0.10445378116706734,2.0061870474044206,0.22897281571274253,0.4077211595745602,0.4872528906784603
1015,0.09399531813507925,0.10418931518472072,2.009788649692617,0.22814301266494366,0.40624356818532076,0.4854870743632125
1016,0.09522851231015285,0.10418876514224956,2.0061328087594212,0.23093744531154906,0.4047809258967177,0.4837294159467362
1017,0.09616320723397356,0.1041541095699808,2.0024938442249876,0.23371897806439015,0.40686579035543446,0.48609256549060803
1018,0.09587085973910682,0.10415410956998078,2.0060980020627905,0.2328745120109656,0.4053957156909788,0.48433623113651125
1019,0.09542097128559665,0.10354579320849415,2.009685548130524,0.23203393814998718,0.4039324166849183,0.48258799182812795
1020,0.09503316582446515,0.10325864480047785,2.006044673132306,0.23480318491126487,0.4096877556320954,0.4916656521529055
1021,0.09474942925631376,0.10301495566490061,2.0132273932687967,0.23395753814565143,0.41181421530105206,0.49349689682201026
1022,0.0945932321842202,0.10291798922738411,2.0131762747296036,0.23311910122052007,0.41033220107222607,0.4953196721851811
1023,0.09439812225109753,0.10254836742884958,2.009533756310887,0.23228100360500198,0.4088569961770098,0.493538924773218
1024,0.09427001676097205,0.10140129032743983,2.005907960893039,0.23144675374138005,0.40738856402798407,0.4917663528698163
1025,0.09409456362567,0.10095470153749053,2.0022987986841176,0.23061633096965914,0.4059268682597835,0.49000191257766357
1026,0.09527479184172773,0.10058294897005508,2.016628072850738,0.2297897147551515,0.4045907471926535,0.4882455602656942
1027,0.0948407386424291,0.10021162410656412,2.023730122907516,0.2289668846876364,0.40314199030558723,0.4864972525673038
1028,0.09455327416372596,0.10021134419282178,2.027219768277229,0.22815050420415545,0.40169986396887664,0.4883341632683812
1029,0.09411255760929102,0.09994579902915435,2.027122494584757,0.22733517610300003,0.40026433268014866,0.4865890320557381
1030,0.09397012919067463,0.09994579902915436,2.023455595785518,0.22652357370049014,0.39883536115180485,0.484851875341933
1031,0.09356659060631652,0.09979545787032149,2.019805440051649,0.22928217839628295,0.4045459169506362,0.4831226504882666
1032,0.09601407036393612,0.09942301098089046,2.019734874524373,0.22846526053072025,0.40310484318951584,0.4814013151136535
1033,0.09583518216591469,0.09926525936133501,2.0196258464131978,0.2312502266215877,0.40519063287122287,0.4832859868223964
1034,0.09544993986718442,0.09908856594598389,2.0231103207110017,0.23042950055498654,0.40375036799195657,0.4886786263778071
1035,0.0951691019421415,0.09847056711136955,2.030132754373619,0.22961095417958158,0.40942066779026676,0.4869427109789714
1036,0.09491350646933094,0.09847056711136955,2.022928395224815,0.22879613072784147,0.41151646453357515,0.485214690893966
1037,0.0944862105175597,0.09847056711136955,2.0157567774860343,0.22798501037698507,0.41005757019810796,0.4834945240840353
1038,0.09555799734357222,0.09847056711136955,2.019242595907724,0.22717757342353434,0.4121499255758872,0.4817821687634333
1039,0.09520683973052113,0.09846635605770758,2.0152315598769523,0.22677867127498094,0.41069170487541645,0.48361566653200944
1040,0.09532343259538299,0.09990386805342139,2.008108629576256,0.2259771114436756,0.41163988034702303,0.48689274110997677
1041,0.0965262474706046,0.09990257799747096,2.011610980151277,0.22517921487013048,0.41020250383559353,0.49223554408431536
1042,0.09632729140800736,0.0998420209858703,2.0150975073857245,0.2243848986145772,0.4122830055326894,0.4904991906892971
1043,0.09610681858424465,0.09952530452389059,2.0150443043876582,0.22359417541622587,0.4143540961651694,0.48877069161807934
1044,0.09605976034380843,0.10114840348973378,2.0149236013449903,0.22287476675574774,0.41289538872737136,0.4879133840414715
1045,0.09575431934122795,0.10055805129737364,2.018388034453684,0.2220909344336098,0.4149601876164086,0.48619743258414694
1046,0.09549118030700354,0.10055805129737365,2.0183234298776553,0.2213106394708668,0.413502265234472,0.4844892250496453
1047,0.09622120395401446,0.10400952892838704,2.0145314666688576,0.22075162173719295,0.4153430910097871,0.4830065407655428
1048,0.09710616235824444,0.10400576623328753,2.0179867259300517,0.22348413629495129,0.4139753056206439,0.4848194035196145
1049,0.0968179833550459,0.1034539205433496,2.014420841993493,0.22620417711114085,0.41252520037384316,0.48662401861588483
1050,0.09638117246251965,0.10299454088458426,2.007371623041395,0.2254126033053627,0.4134479393883588,0.4895535720455093
1051,0.0972786018928724,0.1026162992422365,2.010841657435857,0.22462466308438064,0.4155220034792101,0.4913380815404745
1052,0.09816591088891312,0.10223901588459368,2.0038190227256942,0.22384018711636908,0.41410396643251324,0.4896221394357884
1053,0.0978963690988493,0.10193982466597312,2.014272352901765,0.22305926311116858,0.41265920113723525,0.49140279424760747
1054,0.09757927431102441,0.10159474305345093,2.0246787684973,0.22576728177254612,0.4112209154815406,0.4931754629862279
1055,0.09856071837415162,0.10141162056255953,2.024588784031904,0.22846715632947762,0.40981598252114215,0.4949442425061761
1056,0.09834117765137905,0.10121721175245958,2.03146014149977,0.22767244609997364,0.41186890462826464,0.49322260663136125
1057,0.0976236882346883,0.10121721175245958,2.0348257859178958,0.2268812917756035,0.4104376736183112,0.49150867416040184
1058,0.09726071617766995,0.10040745993902472,2.0347048884056997,0.229565168850969,0.40901284163407364,0.4898024046717847
1059,0.09725827204158118,0.10333441015259943,2.0344946794303453,0.22885888282108444,0.4075943751217208,0.4881096517051296
1060,0.0970273900175057,0.10332402783299013,2.030534071464287,0.22844252896571057,0.4061822407265331,0.489883125559316
1061,0.09660291166246114,0.10332402783299012,2.030428390133758,0.22765186760766445,0.40477640529159414,0.4881875933872101
1062,0.09645368211696895,0.10319408316579642,2.0268487839674396,0.22688149029514962,0.4033768358564923,0.4899572543443134
1063,0.09625146668804575,0.10291417269630423,2.0267520365986704,0.22610180762417117,0.4019834996560309,0.4917190337975035
1064,0.09611078598931946,0.10253541255902196,2.030110450159383,0.22532159188739953,0.400596364118948,0.49002224538050565
1065,0.0957634200387788,0.10157123543947076,2.0231120939551435,0.2245448455973587,0.3992153968666452,0.4883330022061232
1066,0.09552676749789517,0.1014453887600959,2.0264763327556516,0.22377155064986443,0.39784056571192583,0.48665126490195076
1067,0.09667275390792754,0.10143895738141913,2.033266025582969,0.22300168904768436,0.396546990504175,0.48497699432817887
1068,0.09655756533174084,0.10125993938392952,2.040025345829564,0.22223549333168535,0.39518414005703945,0.4901839933866734
1069,0.09633325745526732,0.10082797240970033,2.0398342003388645,0.22152616177925322,0.39388098639027674,0.49874777146308186
1070,0.09594321366373228,0.10075633297895001,2.0362674804646694,0.22419639335022676,0.39735185157988656,0.5059354543018548
1071,0.09679615654456696,0.10039540542800972,2.046423174666442,0.2234281492536366,0.3961230196855075,0.5042017871352475
1072,0.0964896613256097,0.1001461632317001,2.049687489235346,0.2226633028948163,0.3947669987442633,0.5024757875139406
1073,0.09622970907697692,0.09973043102094309,2.046097757107335,0.22190183662954444,0.3968367808192342,0.5007574156208922
1074,0.09581119278291506,0.09973043102094309,2.0391074846125403,0.22114373291736947,0.3954810307216409,0.4990466318732339
1075,0.0966671688593001,0.09972314739973365,2.042386989198413,0.22038897432093363,0.3979418519018991,0.49734339692074525
1076,0.0992665083262381,0.09937062146783562,2.049061585507307,0.2196375585100218,0.4000273877556483,0.49904322020011577
1077,0.09907086039885439,0.099205881196516,2.0522910108058894,0.2188990597790943,0.39866803829695224,0.50415250957659
1078,0.10037134163120709,0.09848152864949629,2.0487103233982165,0.2215569540992489,0.39732244868208055,0.5024370026264686
1079,0.0998270164243205,0.0981758838954263,2.058742148585119,0.22080445378678887,0.3993711623700953,0.5075277477598726
1080,0.10092729313834133,0.09681091643631262,2.0687305286462045,0.22005461174130414,0.4015420567529815,0.5058042062370735
1081,0.10191141503179676,0.09610759970660017,2.0752824781325154,0.21930806304794745,0.4036293381370108,0.5040882346140633
1082,0.10178235302335369,0.09507990050878677,2.071638162872745,0.21856479071066878,0.40226136963926457,0.5023797938247506
1083,0.10291215060666047,0.09441162814549098,2.071395216221335,0.21782517323476572,0.40094520730562555,0.504064825389676
1084,0.10405345323050501,0.09407728962696972,2.071153729144306,0.21708840168098642,0.3995944985416895,0.5023598772466642
1085,0.10349651687356293,0.09401211487530586,2.0742923172817442,0.21635485609473606,0.4016232794537273,0.5006623942498292
1086,0.10334152404170745,0.09364048294421846,2.0706658925944237,0.21562451987363296,0.40364318416383227,0.4989723379799355
1087,0.1031085071723731,0.09355830307088635,2.0704251256355164,0.21489983924332673,0.40228199174493884,0.5006619368185989
1088,0.1028864891358936,0.09306077883394827,2.0668189747160057,0.21417586403541114,0.4009267455537843,0.498975258824423
1089,0.10371444569666474,0.09300838287284749,2.0632285647496578,0.2134550490002374,0.4036772788167934,0.49729594322852144
1090,0.10356327715853325,0.09520145740991418,2.062959489230965,0.21279386857411914,0.40234829455169996,0.49897024478390023
1091,0.10334704392002116,0.09498873230719827,2.0694654766600067,0.21207928844435261,0.4043556515452208,0.5006531439725059
1092,0.10275418898923062,0.09498873230719829,2.075943283566111,0.21136766756282094,0.40299885745506886,0.49897322871878796
1093,0.10225180078945471,0.0949887323071983,2.082392901688341,0.21065914336625086,0.4016479675815637,0.49730062377374407
1094,0.10306996388761651,0.09498567997917588,2.085465596063129,0.21330257924389412,0.4003812033701195,0.4989841029106703
1095,0.10279592263517785,0.09488791385841222,2.0885250758634695,0.21258899763368033,0.39904176966606897,0.4973148034540569
1096,0.1024893058008471,0.09472815000139775,2.088208284659774,0.21524150218732224,0.4043503843423639,0.49903667522678197
1097,0.10224759731111549,0.09441998661964171,2.0845621280313553,0.21453581541833677,0.40300037487664103,0.5007092474725677
1098,0.10198138895173763,0.09412401282610157,2.080919371986979,0.21384559276283555,0.408276297928757,0.5024252387721894
1099,0.10125871245953111,0.09379212124960652,2.0806497453046107,0.2164650916473177,0.4069159044778783,0.5007511371702856
1100,0.10097425538920332,0.09365770116035864,2.083702217759858,0.21575232065146174,0.4055665848972619,0.5090652281439401
1101,0.10077842448224561,0.09318012994949727,2.0834238757617367,0.21503486138172442,0.40754330414004597,0.5073723908862456
1102,0.100395543452633,0.09304668078672866,2.0831319448442516,0.21433529444651253,0.4095040849760173,0.5090163252905585
1103,0.10004884121297425,0.09270101859773512,2.0861747912298614,0.21362397140243022,0.41146378719341314,0.5073270326198004
1104,0.09977568200607875,0.0922809867965861,2.0857486432401844,0.2130561598026667,0.416590013894638,0.5091008938446053
1105,0.10040672288736181,0.09217269894688526,2.085450961184246,0.21236416783426543,0.41949380891960203,0.5107404783231727
1106,0.0999825084750685,0.09217269894688526,2.0884770195523417,0.2116614976220801,0.4181057884888013,0.5090505410614636
1107,0.09970830527208026,0.09206233186789604,2.0848292032161018,0.21101171749906297,0.416723743474006,0.5106733701896967
1108,0.0993345847079478,0.09168482534534018,2.0878338333070303,0.21363454002271776,0.4186411132856793,0.5122979360989867
1109,0.09914544821250446,0.09165201520726511,2.0875440794294624,0.21622867069691423,0.41726006362273316,0.5106079231749701
1110,0.10012990776460036,0.09165201520726513,2.0872555700708117,0.21551606973621876,0.4158891566606027,0.508925169008187
1111,0.09985497663330023,0.09133162509292884,2.083676003267038,0.21480652711335843,0.4178122222599868,0.5072496368787283
1112,0.09984879675419013,0.09385190687676633,2.083332916965964,0.21416790287413104,0.41972704078257705,0.508903885439318
1113,0.09901159520296625,0.09352365103430693,2.083059108529259,0.21346420761404045,0.4183479362334508,0.5072317709570848
1114,0.09875131479797791,0.09308247017175669,2.076221605358323,0.21276352553043273,0.4169747369186362,0.5088492499401926
1115,0.09855053329194387,0.09283217299482845,2.0759716630685303,0.21534499421128897,0.41560741304712856,0.5071806555030727
1116,0.09824856174062542,0.09222500481845741,2.0724469141006288,0.21463955086910616,0.41424593499852225,0.5055191949336316
1117,0.09810683295875279,0.09436046004693384,2.0721418503944165,0.2140050951122485,0.41289027332192657,0.5039112445463098
1118,0.09779241709407897,0.09426202857075112,2.0719059948734673,0.2133054418192215,0.4115403987348894,0.5022637923608596
1119,0.09745823189370542,0.09416035816523188,2.0651390206567544,0.2126087729410742,0.4101962821223281,0.5006233674857427
1120,0.09802266873617936,0.09415111502327177,2.058400889301475,0.21191507347337146,0.41216809279815314,0.4989899345904752
1121,0.09899884335680867,0.09693916425715923,2.061465816833203,0.21122857789812963,0.410826065638392,0.5006216125271908
1122,0.09852058246401374,0.09677293469337728,2.0580093881209387,0.21379703761443056,0.40948830140095704,0.5022477278192451
1123,0.09813075532073431,0.09639631010763178,2.054273953136311,0.2133952554925941,0.41111554543912276,0.504160632836118
1124,0.09910046850839299,0.09915323237328555,2.0573429642085466,0.21270615312291483,0.4097810071697094,0.5057705697438157
1125,0.09869244056012462,0.09880528320654947,2.05066374951322,0.21201559734857825,0.4107579829500714,0.5083142825262329
1126,0.0995079339259285,0.0988032005765765,2.0472561530276376,0.21457125122205867,0.4094537504843772,0.5099172108907576
1127,0.09913546343734692,0.09868787861081312,2.0535831175166748,0.21387603219015383,0.411367142840273,0.5082650596930176
1128,0.10022674591951898,0.09835136994049724,2.046936080309625,0.2131837583145372,0.4100405031653609,0.509858493805501
1129,0.10008899621983333,0.10106012475701558,2.0403171804409967,0.21249441487901172,0.40871461074564114,0.5082312354130818
1130,0.09972391913880381,0.10080430488864361,2.036956609975898,0.21503831981513524,0.41385499175752116,0.5162804771958397
1131,0.09945808996985782,0.10066604767318982,2.043291554850272,0.21434436882616084,0.41574654256810206,0.5146143864821184
1132,0.09905978933068933,0.1004097948169707,2.039928109788162,0.21365334865488866,0.4176301046436161,0.5129553323001333
1133,0.0982707002337684,0.10170051563576274,2.039482225925804,0.21650318993768222,0.4162850617043544,0.5113169381539526
1134,0.09782960587115977,0.1015427636275154,2.0425726313918053,0.21580660455462145,0.4149456907267107,0.5096718080968299
1135,0.09756547497537695,0.1015427636275154,2.045650014750222,0.21511295438828223,0.41361196348519125,0.5080336101594016
1136,0.09837364960948669,0.1015387565812435,2.048714440759034,0.21442222484204848,0.412321754834188,0.5064023098687482
1137,0.09929761010891665,0.10086689366132065,2.0581815713978857,0.21373440220431536,0.4174641545454766,0.5079856726233557
1138,0.0988777057636161,0.10060377533258992,2.0611997161407456,0.21304947043531333,0.4193309448376302,0.5063577852931495
1139,0.0997346876356819,0.10053446983877243,2.073809352013038,0.2155688059974596,0.41856262040836334,0.5047367365388341
1140,0.10093586570958868,0.10053302033260457,2.0831678663199105,0.2148793759507774,0.4204357500236084,0.5031224924452881
1141,0.10058636510524237,0.10037745224137778,2.0794548459781446,0.21444514362658315,0.4195970723067998,0.5105953883432218
1142,0.10024411302245216,0.10001233532803502,2.0760094417526442,0.2169524777977118,0.41825780227496867,0.5121574700951952
1143,0.099947461991735,0.09972237029953787,2.069389857234711,0.21626070095206099,0.42267580197884763,0.5143385690013896
1144,0.09956817342874971,0.09966357509177086,2.0659833981781706,0.218757242148096,0.42132940075398984,0.5158856060981465
1145,0.0991718558186826,0.09919300046298585,2.0656928496330185,0.21814167787206007,0.41998862982810753,0.5174261738890084
1146,0.09875666738086665,0.0989025850214921,2.0654730493102393,0.21745915161926002,0.41865346139223686,0.5189603043269311
1147,0.09854625264450925,0.09859242829349807,2.068439791704075,0.21676973126707488,0.423674827214013,0.5204888318845707
1148,0.0982736051206267,0.09828408558079164,2.0650499455477247,0.21608198447399002,0.42867604475534404,0.5188374734459515
1149,0.09749448607400732,0.09828408558079164,2.064843767426593,0.21856664056711111,0.4273173407512503,0.517192999579801
1150,0.09685321338447203,0.09814070984747134,2.058305712828689,0.21787457821747908,0.4291306646222896,0.5155553763744769
1151,0.09668190735786003,0.09791115934519722,2.06128333769923,0.21718654195571377,0.42777323725572125,0.5170877730170589
1152,0.09586697507404897,0.09758397163141437,2.0579296385349815,0.2165002235161706,0.4264214561645543,0.5154537543053641
1153,0.09574023617322476,0.09991717009327473,2.0608944586681313,0.2158259432899357,0.4250783554636629,0.5169947141486586
1154,0.0954569542364878,0.09953068130056243,2.0670093734808725,0.21514578277056656,0.4268913777516149,0.5185181051354482
1155,0.09540602759014923,0.09921366254771369,2.063195220362245,0.2149204094346283,0.42554642429161754,0.5200350501340444
1156,0.09515619404143633,0.09888598157352464,2.062996318059318,0.21424396327086045,0.42420704825481187,0.5183982781047458
1157,0.09484115092791028,0.09881078462583945,2.056509678933415,0.21357032015163832,0.4228732222985533,0.519912569015011
1158,0.09538245696521565,0.09816380141771149,2.0563318463362306,0.21289979425295774,0.4279054697379028,0.5214210816572239
1159,0.09512830680136887,0.09783090604134986,2.052955005779754,0.21229378815690464,0.42662477621089134,0.5259987866152891
1160,0.09463482996899442,0.09751050281618344,2.059058722772201,0.21162827646816051,0.42528736649324883,0.5243498531076399
1161,0.09414582603463051,0.10047152544239167,2.0651357992042327,0.21096693887011062,0.4239554819209895,0.5227077428917021
1162,0.09358280730757619,0.10025260416934327,2.0602581521911922,0.21185217296141845,0.42262909549945815,0.5242009986601189
1163,0.09462725938239216,0.10025232709657533,2.0538188744325896,0.21119003507155681,0.4213081803840909,0.5256907219640051
1164,0.09440858258218375,0.0999465577356506,2.0500532754758862,0.2110058367397365,0.41999270987948695,0.5271716803084349
1165,0.09380406203738258,0.09961862461014613,2.0498971479665875,0.21034766171673364,0.41868265743848776,0.5255273123697345
1166,0.09348395944163827,0.09951002745987361,2.04350944511149,0.20969219548485762,0.4173779966612617,0.5238897120067183
1167,0.09329573952581413,0.09919293292683924,2.0402115801759027,0.2090888507294655,0.4192411215709431,0.5315484035952805
1168,0.09300875376143758,0.09893496914073782,2.040069983188788,0.20845515255384933,0.42104721371255704,0.5361151161968701
1169,0.09300875376143758,0.09861090717929939,2.0399454947814157,0.20780752937348093,0.41973911490910176,0.5344495273527406
1170,0.0928017761921321,0.09838645957243371,2.0429251865837443,0.21026623291350002,0.42154005286951846,0.5327907727020881
1171,0.09280177619213212,0.09806462621613989,2.04279209415411,0.20961428830857812,0.4202330395682442,0.5311388190574047
1172,0.09268260208961612,0.09679544498752238,2.0395620787229274,0.2089650147001296,0.41893138105922073,0.5294936334146739
1173,0.09244467212420367,0.09679544498752238,2.0332509142061963,0.208318399135067,0.4176350513742024,0.5278551829522422
1174,0.09218243624267988,0.09650644833584783,2.042421923360996,0.21076574983169588,0.41634402468834136,0.5293147145609852
1175,0.09192700736413383,0.09643043906059363,2.0392027266132287,0.2101148651935338,0.418146465116187,0.5276800902601394
1176,0.09162583052773013,0.09888677633640255,2.03574511765079,0.20971820051731002,0.41685644013921813,0.5264204519113488
1177,0.09131216129744682,0.09873410583551376,2.038716033609655,0.20907278139288507,0.4155719925839636,0.5309617407860343
1178,0.09108532080160815,0.09834780385906625,2.032438951078658,0.20842905902932243,0.41429247172278616,0.5293269419161717
1179,0.0918777337653658,0.09834399084052114,2.0292633116408094,0.21086382177764296,0.42222763645235356,0.5308394439191155
1180,0.09166551719244465,0.09778910855146854,2.0290891787255583,0.2133728824522979,0.4299801568943355,0.5355222879046024
1181,0.09140730402794973,0.0974549230429071,2.0289998832042846,0.2127178882723678,0.4317299560037061,0.5338783864970335
1182,0.09118464353002001,0.09735659063279009,2.031976918198073,0.21206623792226373,0.4304059922179998,0.5353078173888005
1183,0.09095270290798979,0.09735659063279009,2.0349425370978618,0.21141655543533505,0.4290874078070494,0.533667857546626
1184,0.09073328354376084,0.09694659399145931,2.044017157094826,0.21383003145893867,0.42777417687643526,0.5320345559757723
1185,0.09245672010134645,0.09694658650452113,2.0438825698478693,0.2131762607779471,0.43258127580125777,0.5334653553838807
1186,0.09212215790876832,0.0967190434021395,2.0468029405307258,0.21252513395751269,0.4343144028783263,0.5318359356755351
1187,0.09173298562919098,0.09878756310705572,2.0462616233352064,0.21532650264180864,0.43604050931211724,0.5339752868643483
1188,0.09163979188338153,0.09855682838367695,2.0400239975740004,0.2146701221845728,0.437759628806553,0.5323475683130109
1189,0.09130445475189512,0.10039977450764345,2.0338116014903957,0.21401639662648508,0.4378445810383564,0.5324310110862155
1190,0.0920971334212758,0.10039952980063764,2.0367509520496077,0.2164075258800251,0.4395633313635249,0.5308112427340058
1191,0.09176591060813445,0.10016788040269613,2.039678431535679,0.21574982619789898,0.4412665947658262,0.5291980160950733
1192,0.0927873292677831,0.10016788040269614,2.033485693897378,0.21509478075127594,0.4399268501238858,0.5275912998491605
1193,0.09261294660093712,0.09968874920252688,2.0303510287709434,0.21444237684081988,0.4385925081359818,0.5259910628469331
1194,0.09229333973578017,0.09933309593851586,2.026868473743095,0.21415312308497517,0.43726354297020287,0.5274273422043293
1195,0.09193104221217781,0.09916316388695418,2.020733062727003,0.2135048731133924,0.4359399289354351,0.5288578383258604
1196,0.09170959182354502,0.09885580042446082,2.0236943796700317,0.2128592313847637,0.4346216404805076,0.5272585648106644
1197,0.09142144431569896,0.09843308476912664,2.0175808161245823,0.21221618545333285,0.4333086521933442,0.5286867126741122
1198,0.09242899183622465,0.09812162466207232,2.0175277577132316,0.21157572294105345,0.43202339096274334,0.5270911509619616
1199,0.09231386261158574,0.10003012781689279,2.0265195839697427,0.21093802657310395,0.43072085963477735,0.5255019948455794
1200,0.09197527290683224,0.1000268085211924,2.026185862091146,0.21055653987300046,0.42942355333605886,0.5269311553727434
1201,0.09165742136807091,0.09930712932986221,2.026107070621067,0.20992298962922487,0.4281314472012262,0.5253456555248607
1202,0.09254740327277873,0.09838671728213016,2.026021396161993,0.20929917560534114,0.42686000892469045,0.5267760298226796
1203,0.09249479162367272,0.09801152197228785,2.0379549353272197,0.20867066695989353,0.4255781825379927,0.5251941636351968
1204,0.0923798860931173,0.09770773014559059,2.0318412367896515,0.20804467198360066,0.42430148271156315,0.5236186239927364
1205,0.09215047182832571,0.09770773014559059,2.0317458111504467,0.2074211787462522,0.4230298851140605,0.5220493808686688
1206,0.09186135407890302,0.09725902195525621,2.025662917440154,0.20680017538222284,0.42176336554586263,0.5204864043989155
1207,0.09252008138658346,0.09696065595994567,2.031568022232806,0.20618165354270226,0.42052761610275063,0.5219205978891126
1208,0.09206434200484681,0.09687853480308793,2.028485756083164,0.2055655945745149,0.42524698909440545,0.5203611290445934
1209,0.09304134143031324,0.09658206232631536,2.0254157710886864,0.20495199026644165,0.4270278379458557,0.5188078738357317
1210,0.09303201592066428,0.09783990641919858,2.025289716936827,0.2043910940212564,0.4257795850576562,0.5202741854202594
1211,0.09257563780085723,0.10056580347475558,2.0281842051537726,0.20379138074624842,0.42451119094716533,0.5187430029245067
1212,0.09223473290807889,0.10048476736562902,2.0221482989245,0.20318489457926583,0.4232478393564553,0.5171992160659031
1213,0.09200840840037075,0.10048476736562902,2.0220824511396334,0.20258081770311276,0.4219895064810395,0.5156615619630386
1214,0.09187779416433986,0.1004353844345915,2.024986933469213,0.20197913875173668,0.4237062373717921,0.51413001168407
1215,0.0916228185196125,0.0997663467597661,2.0219456945924046,0.2013798464202754,0.42541615867726196,0.5126045364529122
1216,0.09162265914188711,0.09896569356408658,2.024840583752389,0.20078712483952416,0.4241551679534708,0.5140492421741564
1217,0.09116772847503032,0.09895002340859944,2.0216510478553005,0.20034736643928228,0.4228991716003815,0.5154882258898451
1218,0.09224360954717142,0.09865563225205463,2.0186280429604095,0.19975544073969703,0.4217425332642844,0.5228371945638841
1219,0.0921263444869692,0.1009827625921797,2.015295147944245,0.19948770132844879,0.42312884284976704,0.5217131312716915
1220,0.09167554373252819,0.10368904262628098,2.021153470777657,0.1988998780690852,0.421879638860718,0.5201728853561374
1221,0.09233272751398602,0.10276123810335953,2.0151923800843217,0.19831325254598384,0.4206419246613545,0.518638713018087
1222,0.09213936899751714,0.10253398582796602,2.012201214244001,0.2036217477235134,0.42824175294638034,0.517110594375472
1223,0.09294971083175925,0.10241327952983624,2.015108726683467,0.2030224274885377,0.4299487613351948,0.5185319803002618
1224,0.0923872143792562,0.10241327952983624,2.0121237831806495,0.20242543678209576,0.42868449010201876,0.5170072286900012
1225,0.09217782017351277,0.1020078629108896,2.0120881686339858,0.2018307964741348,0.43036277340548684,0.515488480144495
1226,0.09171741559255794,0.10161545937256522,2.014987335094504,0.201238495565026,0.42909981321116725,0.5139757065700032
1227,0.09137614622429537,0.10143260302675605,2.0106586515830784,0.20200156041887415,0.42942048839144126,0.5167536250483385
1228,0.09121661797648857,0.10112973116953552,2.007681451215512,0.2014271488689253,0.43107438274376353,0.5181861522184263
1229,0.0908299070023813,0.10079264980508355,2.0164364751429438,0.20083785500313772,0.43273897385462123,0.5225217175087693
1230,0.0915721224749423,0.10079017591215589,2.0163884325460684,0.20609667241340746,0.4315438865925932,0.5209944253117206
1231,0.091145428833673,0.10079017591215589,2.0163405782523665,0.20549486924126986,0.4302837765829222,0.5194731193432783
1232,0.09071104510226255,0.10048920391028596,2.0279612544529635,0.20489542308297118,0.4290286019023902,0.5179577717003931
1233,0.09265603235992197,0.10048919072087173,2.0366222810155983,0.20429832296238057,0.42777854207451277,0.522276694908199
1234,0.09242877441053217,0.10000919422340018,2.036507820259126,0.2037114018214553,0.42653316861723156,0.5236674704277021
1235,0.09227747385426951,0.09985848246682107,2.042218237424629,0.20311903889960942,0.42529266188986353,0.5250528110081646
1236,0.09212618472825666,0.09856755162242467,2.0450010155678213,0.20252888857100398,0.4240569992679474,0.5235273011857948
1237,0.09297927784284322,0.09856755161091414,2.0535780081173893,0.20194104160386653,0.4257414203434958,0.5278128175561775
1238,0.09372030471051669,0.09856532018233692,2.0476233801041244,0.207154757469953,0.42451246444965623,0.5262823526910703
1239,0.0945200341855736,0.09827154100169351,2.050382165143551,0.20945142199108716,0.42342351906749115,0.5247578508807704
1240,0.09431888291639057,0.09742842306264893,2.047342524929579,0.21173914481098663,0.42219819822826765,0.5261331266573159
1241,0.0939853645840981,0.09730825176014418,2.0500966098510265,0.21112701757610505,0.42097764443844216,0.5246121022086349
1242,0.09684195628303761,0.09730825175466183,2.044175807264291,0.2105172700228494,0.41976183573258974,0.5230969908344371
1243,0.09666066669470695,0.09707688112735391,2.0469335260507986,0.20990989113995603,0.4185507499397669,0.5215877651737423
1244,0.09710594326594274,0.09706944025569332,2.0439159600906827,0.2093048699743955,0.4175280291299591,0.5200843980102715
1245,0.09680247622468306,0.09679070740913912,2.049547438792527,0.20870308307750074,0.4163257951311818,0.521466271352902
1246,0.09645745137077262,0.09660648605568008,2.0465283829318968,0.20810274216597252,0.41800475214043853,0.519966257399783
1247,0.09721445616633455,0.0964934126993206,2.049268300744804,0.20750475810615196,0.41969915317265194,0.5213457303448384
1248,0.09701479533506156,0.09619836051602636,2.04612374146234,0.2070413936529292,0.4184942876434977,0.5227198432672269
1249,0.09680424541654138,0.09597148508009865,2.0545951902154425,0.20644763229941862,0.4172940818289015,0.5240886419252149
1250,0.09660677930362033,0.09542379823458683,2.0630339162824263,0.20585614992987647,0.416098514267448,0.5225871028262996
1251,0.09753959985999706,0.0954233944203873,2.0599913172408746,0.2081291360313242,0.41491396980344064,0.5210913621976778
1252,0.09728702139795992,0.09497615822497879,2.056668436495178,0.20782605003867782,0.4162948975393578,0.5227527395251189
1253,0.0971892038234947,0.09477826401726906,2.0536500993452713,0.2072324020542346,0.4151057654415662,0.5212595142527168
1254,0.09823216964439355,0.0947770544834926,2.056350613516098,0.20664104146127135,0.4167857911753005,0.5197720425427882
1255,0.09817153997605944,0.0972095717348718,2.061890322088914,0.20605312416175833,0.41844839402807316,0.5212150627186474
1256,0.09805703710294937,0.09869636789054792,2.0645533658589734,0.20547491094846354,0.41725669101847573,0.5197307283435659
1257,0.09787427526348463,0.09842870518311247,2.067213848914759,0.20489124318737764,0.42175908075447804,0.5210977386740319
1258,0.09763729193131807,0.09799819760295783,2.0670228124348053,0.20430889739846889,0.4262447871170756,0.519616664768647
1259,0.09855909056114508,0.09799675761348696,2.0639903348797675,0.20373158338111824,0.43073728281100293,0.5238256254076704
1260,0.09844452686861017,0.097433192113981,2.066645363983308,0.20315369054160595,0.42951547916467375,0.522339772929364
1261,0.09809287763428574,0.09723148231982019,2.0664565106726624,0.20257801288399419,0.42829835894256846,0.5208596160286659
1262,0.09788609486648062,0.09715290779464328,2.0690991435936206,0.20200465028734158,0.4270859007449245,0.5222160015347944
1263,0.09777468718042004,0.09710704573168268,2.068822191540307,0.20434295244265116,0.4259596199604621,0.5263137021355774
1264,0.0975665891729005,0.09700013350871188,2.0658025371648585,0.20376563930738933,0.42475619170049644,0.5248267518401106
1265,0.09743307007438178,0.09661437967084151,2.065616816547122,0.20601292556263726,0.426379755776133,0.5233454845097599
1266,0.09728955911339032,0.09618755361364364,2.0626122332306527,0.20543205729037398,0.4251775473642612,0.521869874246211
1267,0.09799286144824337,0.0961850860337126,2.0680693753223216,0.20485340805340163,0.42399248560088765,0.5232166496763233
1268,0.0977147617171946,0.09589493047147347,2.0706917707590304,0.204276963167647,0.42561333530500894,0.5217443502173416
1269,0.09748551337241174,0.09572035480540599,2.067569637197646,0.20381499905015035,0.42722800855693505,0.5258999130183689
1270,0.09721481282534093,0.09572035480540597,2.0814214613785933,0.2060509383006741,0.4260282172118131,0.5244230197637083
1271,0.09698426893028024,0.09555317227557322,2.0755820141005357,0.2054728604759148,0.42763850038937995,0.5229517461018707
1272,0.09671532194336245,0.09555317227557322,2.0809755903931992,0.20489698062176206,0.42924266093961005,0.5214860665246432
1273,0.09666394988993647,0.09711780059292256,2.0804238105464132,0.2074482486377225,0.4305156706598005,0.5204145448699402
1274,0.09643533465452747,0.09696450922143372,2.0801988566724883,0.20966509941292913,0.4293114729571264,0.5189588905417014
1275,0.0960435867885407,0.09688085432502361,2.076437142108295,0.20982253463589373,0.4281118437515567,0.5203030683714038
1276,0.09582247765515459,0.09605697025081139,2.0734322497750877,0.20923681151189713,0.42691676236062204,0.5188506336309678
1277,0.0956425157173884,0.09574267081477154,2.073227467303336,0.20865330723994466,0.4257262082090579,0.5174037010427617
1278,0.09660472737037921,0.0976659592328703,2.0700767587497655,0.20823277374657723,0.427165469198755,0.5161231387028296
1279,0.09705748477169045,0.0976558364718151,2.0698817242845124,0.20765322970943173,0.4261137198245187,0.5146866881283774
1280,0.09683620668808329,0.09754517549571247,2.0724618179793928,0.20708185832518472,0.42493295277435184,0.5215927981352154
1281,0.09763356444561704,0.09715402494006227,2.075038142488255,0.20650666899359119,0.42656748805784606,0.5201440250975876
1282,0.09753980681488982,0.09666408501535972,2.0720551074980684,0.20593365060943505,0.4253838409924429,0.5187007201900878
1283,0.09747448567034668,0.09646031530864078,2.0718553675419398,0.2053627933896435,0.42420465810467994,0.5172628587713478
1284,0.09757427499119804,0.10042169078578872,2.068252141357823,0.20542905287848814,0.42729858082003885,0.5171009449867419
1285,0.09734090317611349,0.09970020179015357,2.068063321410415,0.20486073220475015,0.426116456802349,0.5156703822044695
1286,0.09719546041086949,0.09945178482986024,2.0734026934645033,0.20429455025860446,0.4249387814020877,0.5142452029745407
1287,0.09708602838704215,0.09940673240901561,2.0731191472394777,0.20657235875872468,0.4238464176021199,0.5182664568311914
1288,0.09673275991172088,0.09933114503705902,2.0696789941240907,0.20648284276082526,0.42495531946279586,0.5200754390816112
1289,0.09663259469144067,0.09922850949451556,2.0639760724783858,0.20866934906692644,0.4237843712642094,0.5186423910160134
1290,0.09822564603172335,0.09894503275929357,2.0582945493808893,0.2080949433156816,0.4255693529346049,0.5201793992281708
1291,0.09891334274960854,0.09892766925952352,2.0526343289080415,0.20752269127390952,0.424703268617005,0.5242488415065611
1292,0.0987249869697061,0.09886631471822033,2.0469953156289944,0.2069525832934882,0.4235365204350918,0.5228086209387052
1293,0.09838826702754155,0.0985929237940227,2.0441218766849967,0.20912907185803561,0.4223741405143256,0.5213737925022852
1294,0.0983132970550708,0.09854270245606993,2.0494843448815385,0.20855569870996324,0.4212161093115884,0.5199443320735008
1295,0.09804184440832357,0.09843920264328596,2.057565744247673,0.20798446910525512,0.4228013860272785,0.518520215652239
1296,0.09866118507648501,0.09817613780728784,2.0574082304961268,0.20741537346651615,0.4273087981599441,0.5171014193613662
1297,0.098433690238424,0.09801432134573966,2.059984810904747,0.20684840226539722,0.4288742530881436,0.5156879194460239
1298,0.09822872511757182,0.09790615493138836,2.0570902319210327,0.20628354602231466,0.427703094419761,0.5142796922729292
1299,0.09800401479085323,0.0976440219773042,2.0568438874212487,0.20853943971778424,0.426536301297757,0.5156047589410638
1300,0.09789299812547195,0.0976440219773042,2.053963651825289,0.20797110344353825,0.4253738542678892,0.514199572046553
1301,0.09846231910930314,0.09737498235863183,2.0510770213727785,0.20742199793499663,0.42692639273745336,0.5155564400937398
1302,0.09844315431307644,0.09933275001785695,2.0480086466250533,0.20706741550492316,0.4259747862873209,0.5166990661602959
1303,0.09833183935181325,0.09933275001785695,2.0505953539561097,0.2065047814013563,0.424817347095643,0.5152951151079584
1304,0.1001434549420371,0.09905915936745875,2.045029139118602,0.20865867531842497,0.42637878880100694,0.513896378243625
1305,0.10001691878045697,0.09882038689008389,2.047618757811001,0.21080457564942753,0.4279342919809746,0.5125028324072342
1306,0.0996504898704737,0.09839105079747319,2.0420717279217047,0.2129425178765483,0.4294840265538379,0.5111144545566858
1307,0.09943726714832182,0.09830641011332344,2.0446635788430556,0.21236682735478538,0.42832171078912734,0.5124375290867618
1308,0.09896013351607702,0.09802018632549594,2.0418392239206917,0.21449627426308188,0.4298673015638428,0.5110521017712207
1309,0.09884515410295673,0.1001584793933704,2.0363244201281145,0.21391694125148053,0.4299748771765321,0.5111679372425205
1310,0.09862915344940278,0.09959814436647312,2.0389246101210903,0.21333975043997938,0.4315129192843413,0.5097887036260322
1311,0.09815106672728008,0.09959814436647312,2.0334286812661557,0.21276469235076537,0.43034977460866297,0.5111100699950402
1312,0.09808714555211583,0.09883207783262751,2.0333386641938134,0.21219175755412498,0.4291909246233789,0.5097337479146327
1313,0.09864967121705374,0.09882972331403475,2.0305588611581795,0.21162093666817122,0.4307430005162904,0.5083625039373026
1314,0.09954155532140212,0.09882904188080587,2.038539024334097,0.2164270789954607,0.42959232921011453,0.506996315639824
1315,0.09932722040369242,0.09858067132720237,2.041119367672656,0.2158469603688909,0.4311234165076159,0.5083202147813111
1316,0.09884814886794999,0.09838470916361974,2.0410090830683414,0.21795010573790818,0.43264917754104526,0.5069568695519179
1317,0.09864931402108217,0.09816018669002466,2.0408789497121824,0.21738638925276146,0.43415919824603,0.5082880462546698
1318,0.09825985714237224,0.09766275452010069,2.0407695289836667,0.21680451087161742,0.4329970838546803,0.5069275110963917
1319,0.09808293778260066,0.09735780672948142,2.0406605102150284,0.21622477003576288,0.43183923852061734,0.5055719738992218
1320,0.0979296111089488,0.09671057763719643,2.037880538618626,0.21564715734340287,0.4333569964864468,0.5042214126800914
1321,0.09773214787475785,0.0965487444200867,2.0404406320558315,0.21774784485722054,0.4322042532437575,0.508209422363058
1322,0.09720679344123136,0.09835087358843175,2.0402500034434845,0.21725013894875386,0.4389672236434352,0.5097050926633697
1323,0.09683515074662939,0.09803141367814845,2.0360081917144295,0.21814278645420088,0.44074062161004535,0.5133951002722474
1324,0.09672407417532333,0.10011614305919946,2.0329789807100385,0.21783509180942456,0.4395679479083386,0.5120922201649862
1325,0.0969234810848639,0.0998548213107663,2.0355493511943235,0.21991410928035038,0.4417105051794001,0.5107310638905235
1326,0.09671773086326922,0.09951403310330074,2.03534371248219,0.21944139724518702,0.44573710292979685,0.512141497288044
1327,0.09642873670473384,0.09943331723189341,2.0352406829222667,0.22152127238753305,0.44455468771728496,0.5134356487315032
1328,0.09620980840374997,0.09889809180666798,2.0404474276380884,0.2235842935251065,0.44602665526034124,0.5120750096304639
1329,0.09610426809662456,0.10048253636264948,2.0429771811136117,0.22300295623979305,0.4448458359487428,0.5107193613762236
1330,0.09592389475955956,0.10042930618782354,2.037573971016022,0.22241316412851236,0.44366931986481917,0.5120133974093262
1331,0.09572973990017389,0.1001878084405523,2.040116824893787,0.2218255198214821,0.4424970882163728,0.5106605918805268
1332,0.09642172738008215,0.10012968685787231,2.0505688904168604,0.22387950229913217,0.44183717684539864,0.5093127091955171
1333,0.09729941097565577,0.09986778695868079,2.058346098383053,0.2232891655921344,0.44331744860483707,0.5079697278841826
1334,0.09738464692950582,0.1035778206129599,2.054984675765342,0.22327448581826448,0.44627110091408595,0.5077791715029809
1335,0.09717172398855184,0.1031640449494817,2.052056033918104,0.2228392841782793,0.4475759203587402,0.5092268542776213
1336,0.09700132220478289,0.10314030073215547,2.0492902296421094,0.2222534505105187,0.44639926497684934,0.507888121581258
1337,0.09667767386026849,0.10298347704835,2.049132207446909,0.22169831106202523,0.4478389147462678,0.5091948517895079
1338,0.09647615394964867,0.10498629875497585,2.046112548189996,0.22138369376222194,0.44666392030532864,0.5078925867863374
1339,0.09618237110637341,0.1049306743032901,2.043370607223632,0.22342450662776495,0.449244924914598,0.5132939224026958
1340,0.0959019436755689,0.10466649987140687,2.048492916302233,0.22284051947116662,0.4480685965373921,0.5145683411856016
1341,0.09575855633783845,0.10466649987140686,2.0483660666144616,0.22225760442968565,0.44689652098687394,0.5132223129737717
1342,0.09559169513911937,0.10451528512398706,2.045617828239802,0.2216854172541407,0.4457286798232012,0.5144943725978012
1343,0.09535268319354054,0.10424263418598959,2.055941190088505,0.22110668240265405,0.4471756677854184,0.5131512268554957
1344,0.09510127600026129,0.10412764949033654,2.0557952952533634,0.22313803911823885,0.4460094319540415,0.5118129265167549
1345,0.09484264221701075,0.10391468388798628,2.0582543166251543,0.22255768273055215,0.45266258471124354,0.5130858544993748
1346,0.09468999112166256,0.10282645357090506,2.0633082786661383,0.2219784111554535,0.4514843977117349,0.5117503982372043
1347,0.09445087928408477,0.10253071631578639,2.0605434735268275,0.22140122477941163,0.4503104518221403,0.5104197492058007
1348,0.09424656805031212,0.10221659080770652,2.0577886136480847,0.220826114596308,0.44914072872481353,0.5090938866424028
1349,0.09405568946057495,0.10213300872540218,2.0628284230020344,0.22025329366324906,0.4505701509941026,0.5103678416976409
1350,0.09482426012292647,0.10187054129362715,2.06525747574201,0.22227518435606755,0.44941901918000915,0.5116374020304968
1351,0.0946196960069433,0.10160983563880396,2.0599088481816534,0.22428934502716352,0.44825510863598794,0.5103123576030816
1352,0.09612044912190618,0.10134282429660937,2.054579404667584,0.22370905847895772,0.4499143809023667,0.5117630610789262
1353,0.09601629195561986,0.10108503534762502,2.05443226626589,0.22313692220743747,0.4513331173506606,0.5130280115868396
1354,0.0965731792954203,0.10082706967724388,2.0517092917964455,0.22256114441703134,0.4501677510016294,0.5142857731419221
1355,0.0964221763479161,0.10070413537031267,2.0464169631882396,0.2219870539665066,0.4540322987944425,0.5156718624108905
1356,0.09707578213339431,0.10070318597246378,2.0462964289141428,0.22141593933499837,0.45287136411879303,0.5169203863736116
1357,0.09686464333089821,0.10064141780280497,2.051325885438696,0.2208459440413369,0.45427984784591924,0.5155896683218057
1358,0.09760790065538703,0.10063967653520386,2.046050396048447,0.2202779843412523,0.4531390518125134,0.5168403267685959
1359,0.09739988449613007,0.10049152914037153,2.0433629088307015,0.21971205150522047,0.4519748579895313,0.5155124731804196
1360,0.09719258936927191,0.10031130223919928,2.0432328755400677,0.21916687455868594,0.45337205472095654,0.5167653314869576
1361,0.09783900437238567,0.10031018398872153,2.048250051771067,0.22116902156489715,0.4547828378430774,0.518004404174679
1362,0.09760241821545648,0.10016669039111722,2.04300350087613,0.22060250160947456,0.4536179208434052,0.5192390261010627
1363,0.09727635423773169,0.09994250657658113,2.0428841978370773,0.22004725811255665,0.45245714910727647,0.5204692547245219
1364,0.09716814742129773,0.10165858575721658,2.0453215609865607,0.21949410886547407,0.45130050491526724,0.5192174634468114
1365,0.09671274139381819,0.1013996290552658,2.045205818477745,0.21893356332649938,0.45014797063507694,0.5178914823788127
1366,0.09652187800259307,0.10131756622141683,2.0501927763709094,0.21837522717750096,0.4515507281930378,0.5191215185311292
1367,0.09617159189001105,0.10058913029793867,2.0500648498284244,0.2178186533077742,0.45039985893274365,0.5177984313102859
1368,0.09586803615916313,0.10033440640382363,2.047391220049331,0.21726405285807734,0.4492530702600832,0.5164800353028914
1369,0.09669014497884527,0.10032945656288243,2.0523578990485123,0.21671141741994596,0.44817271166653194,0.5151663105203469
1370,0.09666065672503177,0.10190906405836399,2.049438423559065,0.21640609945469727,0.4470338736153707,0.5138572370720432
1371,0.09647164326402193,0.10142712725219168,2.049312922647791,0.21585674612318587,0.4484375946034011,0.512552795164823
1372,0.09639929534631068,0.1012700414106374,2.0491526349295146,0.21788055807601678,0.4498011222315648,0.5138241881520936
1373,0.0961634217239631,0.10100456700436095,2.0490281088026636,0.21732856687448393,0.4537284856856996,0.5125224362495868
1374,0.09593105411032941,0.10092841335193432,2.048904022306062,0.21677852443692222,0.45258013263737773,0.5112252800855626
1375,0.09557853937826563,0.10080254458388507,2.046251977615684,0.21875881844999198,0.45143583085932476,0.51246109611179
1376,0.09528274777497234,0.10302827337356697,2.046072051831054,0.2182693617263217,0.4527898823150264,0.5112181861598314
1377,0.09509770696701143,0.10288714838555167,2.040909107746275,0.21771859299410384,0.45164733758281433,0.5099282067048542
1378,0.09584097438887682,0.10262723452376071,2.043326805298466,0.21716976314533795,0.45051883375452195,0.508642768393323
1379,0.09532775914527329,0.10243885122053309,2.0432176952931407,0.21914116654615887,0.44938429101564403,0.5073618520002076
1380,0.0950565695966873,0.10241997822063184,2.0481405399018517,0.21858985437020376,0.448253736518629,0.5060854383941682
1381,0.09567919744918756,0.10216811109612627,2.0505328206814104,0.21804047882776556,0.44968504488947225,0.5048135085370441
1382,0.09557714164213255,0.10191651760659166,2.050328283348401,0.21757069333516146,0.44855599412135705,0.5060568024710995
1383,0.09529768627739868,0.10177501658848521,2.0527102969414037,0.21702497175592916,0.44993915326440714,0.5047874857575643
1384,0.09603389098883323,0.10169234976051242,2.0500724760228537,0.2189869055512052,0.45144635739133204,0.5035226183071154
1385,0.0957595882493336,0.10164190176445623,2.047443894700306,0.21843872920818314,0.45532275571132297,0.5022621813561584
1386,0.0955180219595563,0.10137445294439004,2.0448245140332,0.21789247161182873,0.4541841136994328,0.5010061562322169
1387,0.09688479808882805,0.1011209867223113,2.0422142731792094,0.21734814677146605,0.45554802940693984,0.5047510415850672
1388,0.09669294429988175,0.10097970133289624,2.039512198856962,0.21690668136262284,0.454411100178838,0.5059870539913593
1389,0.09649356782467057,0.10097970133289623,2.0393875831421693,0.21639198197482415,0.4532781419548538,0.5072187493212377
1390,0.09708118145202244,0.1009642066097856,2.0442709808220627,0.2158530066565638,0.45227848590701797,0.5084461466400441
1391,0.09677222801180387,0.10086016104356134,2.0516256135693776,0.21531590749048252,0.45612962491787273,0.5071809986322051
1392,0.09664817523656523,0.10060783292296142,2.0490115073130073,0.21478068026360234,0.4549957886069003,0.5059202600152211
1393,0.09664817523656523,0.10010527300540754,2.0513730894141218,0.21424731712190692,0.45386590121213227,0.5046639122887966
1394,0.09615557608168004,0.10010527300540754,2.048764832609968,0.21371581024934067,0.4527399461758764,0.5034119370420538
1395,0.0958810416493389,0.10005288320921452,2.046165646880959,0.21566448223127527,0.45518072553860445,0.5085148188895537
1396,0.0956859439872978,0.09930587562283436,2.04109964096895,0.21513052861727563,0.4540537648499006,0.5072558108113145
1397,0.09640214559272105,0.09929652435631443,2.0434713646504985,0.21459842935947449,0.4556727113108833,0.5060011751155682
1398,0.09624460343629937,0.09927446981501457,2.0408930444584903,0.2140681767024923,0.4545467866402879,0.504750893515922
1399,0.09695947347954778,0.09927143590036079,2.0432605394034002,0.21353976292832347,0.45344505394796675,0.5035049478141069
1400,0.09777334136115673,0.09902405561161559,2.0406878905872308,0.2130131803561341,0.45233614457270344,0.5022633198995016
1401,0.097670132622138,0.10097185779087342,2.0378779294752865,0.212734642733727,0.45122181226303815,0.5010822187586617
1402,0.09756766611529637,0.10288007488829423,2.0350682584067603,0.21246650294994562,0.45231696953620226,0.5001808989101457
1403,0.0973025419503914,0.10274699748437283,2.0300648745566994,0.21194413645675933,0.451204910807392,0.49895116274705736
1404,0.09791338464281334,0.10249432985418508,2.0324471169244203,0.21142361505731153,0.4525706882949268,0.5001818282145739
1405,0.09874873195767395,0.10249304445420569,2.0299138318241896,0.210904851156399,0.4514816223884383,0.49895454678577134
1406,0.09847201659225013,0.10239417665296836,2.029828537810886,0.21039984605025194,0.4503749424546161,0.5001827184798296
1407,0.09832696050403346,0.10223425432260323,2.0346529294360995,0.20988472707026798,0.45172082141333075,0.5014066804726378
1408,0.09820005276758569,0.10218887825999881,2.0345453806316405,0.20939405837221872,0.45063854409990034,0.5074962641096363
1409,0.09786162073450881,0.10218887825999881,2.0320170805372886,0.20888232536615572,0.449537239609158,0.5062560064308014
1410,0.09857003724748276,0.10218864927595138,2.029496740884803,0.2083730924684376,0.4484453161289539,0.5099028820586087
1411,0.09837420846171036,0.10188771065604545,2.0294247985514997,0.20786487203390625,0.44979055393189715,0.5086592326928545
1412,0.09807783307707077,0.10138258411196864,2.0415358720469254,0.2073584034692499,0.4486946145782617,0.5098564114202203
1413,0.09799968653071464,0.10127696309132013,2.03896735880068,0.2068869587953963,0.44760243826355367,0.5110494794911531
1414,0.09774010034768112,0.10097786824535447,2.0412985846514435,0.2063895788992465,0.4489475974655706,0.5170999256838668
1415,0.09754737163827303,0.10081972724554147,2.0460567022166276,0.20588827561229192,0.4502862274289313,0.5182730311176639
1416,0.09725427928920756,0.10081972724554149,2.0410912743326843,0.2053886201611039,0.44919346016250655,0.5170152715661228
1417,0.09715683398906329,0.10032157162884438,2.0385672500678953,0.20489067548153636,0.44810443442481473,0.515761818460836
1418,0.09779164235906156,0.10024658009047918,2.033629882413455,0.2043944345094589,0.4494871767257231,0.5145126540195948
1419,0.09770339041412338,0.10015424988219387,2.0287093959087734,0.20631944873249924,0.448399616198494,0.513267760544885
1420,0.09758982644506643,0.09981709661390342,2.0286302931073035,0.2058304538727201,0.4473157714744297,0.5144442605924049
1421,0.0973163655280968,0.09957439036611483,2.0285611588446257,0.20533343008704733,0.4510650757134096,0.5132020195677829
1422,0.0972176809706183,0.10104169411814817,2.0284490451683954,0.20488131733912002,0.44999857423927897,0.5143631553624503
1423,0.0970356574960926,0.10085658984930534,2.0283804858254046,0.20438757393140006,0.4489141228485928,0.5131235917925133
1424,0.09754616287542199,0.10036527557558317,2.025904000787037,0.20389618105985782,0.447837103193161,0.5142964106810577
1425,0.09743296322239937,0.10032332072461674,2.0306518687370017,0.20340579348825022,0.4491651016906778,0.5130594842873929
1426,0.09831074907086973,0.10032077507768158,2.030578222082048,0.2029170743038803,0.44813447332621803,0.5118267661410995
1427,0.09814242926908781,0.1001601070827915,2.0281045465396943,0.2024300166569436,0.4494591047096012,0.5105982389646107
1428,0.09803428226602624,0.09996742202903086,2.0328327117334397,0.20194481758144692,0.45317701408091693,0.5117718676781513
1429,0.09782533919444127,0.09966837362948014,2.0279630944967324,0.2014610621012826,0.45859946179257804,0.5136198348680054
1430,0.09803209043009153,0.09918974017149479,2.027895962803199,0.20097916131829424,0.4599304309231369,0.5147839995126574
1431,0.09788194175217393,0.09895552268691309,2.0230478773407032,0.20049868097407336,0.45883087647023707,0.5159440041091857
1432,0.09778019587462868,0.09860551050451306,2.0253802085215864,0.20002075962525395,0.45773504709670215,0.5171000788328693
1433,0.09955292811781867,0.09837814670950265,2.0300914881044805,0.19954353262957034,0.4590571943489351,0.5182402019023875
1434,0.09943847150839825,0.09801311800421296,2.032403299944509,0.19906791343902144,0.46273008697666285,0.5170049577324034
1435,0.09939461054527218,0.09919365181144947,2.029733896203823,0.19880499501722304,0.4618393484105762,0.518120128540764
1436,0.09910443973160964,0.09863087177977502,2.0344207133476018,0.1983320829282822,0.46311951080240576,0.5168876380176295
1437,0.10078450779744266,0.09863086850340883,2.0343389160989185,0.19786076734149308,0.462019077251824,0.5156593082546409
1438,0.10048672655224984,0.09838870824043758,2.0295093530275543,0.19739104174775735,0.46265754182338636,0.5174478565457551
1439,0.10024694532760225,0.0981129230366526,2.0293690192614657,0.19936489568460125,0.4638615810496629,0.5186626483620728
1440,0.10069801731723838,0.09809853759764971,2.0292994359023826,0.19889254490565675,0.46763957807347223,0.5174337925741871
1441,0.10050338100941068,0.09765526109056091,2.0339639057763486,0.20078869374641595,0.46889962701008236,0.5162090736182967
1442,0.1004038748292595,0.09951866019889918,2.0338378937924495,0.20035962293431586,0.4677908933196657,0.515030978173554
1443,0.10024727249254056,0.09938675733936392,2.0313887371975365,0.19989338233912463,0.46668588683775547,0.5161765624940202
1444,0.10000042721465796,0.09938675733936392,2.031314665446385,0.20178148946190788,0.46794441183119484,0.5149584790252095
1445,0.09980416742046504,0.09938557705506412,2.031217227160368,0.20132941270812582,0.4668412512398403,0.5161019453805745
1446,0.09951842456281589,0.0991848957204226,2.0264334983624703,0.20085526090567085,0.46629259387698224,0.5190458777806705
1447,0.09942112180837923,0.0991848957204226,2.021665805822891,0.20508819969055309,0.4651955237175693,0.5178246923032325
1448,0.10009004956702341,0.09895095468408018,2.023965021117442,0.20460642099368728,0.4641441873858318,0.518958083454803
1449,0.09988953338065508,0.09852574996144066,2.019212650541306,0.20412599493657985,0.4654024034964605,0.5177395440530218
1450,0.09985069149605448,0.09973225028941854,2.0166104809056886,0.20385857558713716,0.4643107077377834,0.5166241333428484
1451,0.0994630419572111,0.09926673664733188,2.016505147501595,0.20344727098666782,0.46322266136357126,0.5177568562164182
1452,0.10004688374906273,0.09903450055581905,2.014125492521057,0.20297099763687704,0.46214227996612317,0.5165447790472755
1453,0.0998592619139447,0.09895795199825377,2.011753781248816,0.2024963141715825,0.4610614787606923,0.5153367480056356
1454,0.09955831578457454,0.09886264793546842,2.0187353368636445,0.20202321417389307,0.46465696055413164,0.5141327467610294
1455,0.0994619531738133,0.09873861177713084,2.016354975317417,0.2015543208196447,0.46357244951730625,0.5152667626981657
1456,0.09922889150269505,0.0985083981160931,2.016316840899002,0.20574770409874654,0.46249155117216184,0.5140653302323488
1457,0.09990700917425577,0.09827920804265247,2.0162788334239825,0.20526844768065014,0.46141686915713587,0.512867897143538
1458,0.09961852257446749,0.09759440400729488,2.0208921963440436,0.20479356579340086,0.4603431465099506,0.514001459451226
1459,0.09942566854541444,0.09750377967952296,2.023126928084802,0.20668355800292995,0.4592729931170276,0.5151312535864639
1460,0.09929835913423288,0.0974668501181168,2.0207508562212606,0.206203563807345,0.45820639462697266,0.513934931953166
1461,0.0996805455170947,0.09724164046502376,2.0230227549180704,0.2057251629725138,0.4594817292411338,0.5127425815594306
1462,0.0995053769455484,0.09646979898767231,2.018333949230355,0.20524834909985382,0.4584167780238379,0.5115541864576428
1463,0.09936631337625025,0.0963004955606093,2.018291498692484,0.20708852191973331,0.45735535702000507,0.5103697307742243
1464,0.10013069899526514,0.09621045085336988,2.0228753721582615,0.20660950746594695,0.45630821122771553,0.513815382410174
1465,0.10013067823351222,0.09783854213188613,2.0274430749787165,0.20613307542445897,0.4552537833782644,0.5126280681445989
1466,0.10086413420088466,0.09761698913510018,2.03661360461492,0.2056572233440834,0.45428255272219753,0.5114446814795369
1467,0.10067049510679464,0.0976169891351002,2.036529167675633,0.20518294427039005,0.45323490311963693,0.510265206692154
1468,0.1005002506775168,0.09745533724135244,2.0341411516986483,0.20471023191033055,0.4591022881683521,0.5090896281323989
1469,0.10126564998003464,0.09745516952519974,2.0294594634380254,0.20423907999997093,0.45804563888364147,0.510221213913125
1470,0.10113057584816434,0.09726417057197367,2.0247932189200473,0.2060687371562074,0.4592917300779289,0.5090480853115097
1471,0.10103356800661649,0.09726417057197367,2.029330183461107,0.20559540618020322,0.4582367568400251,0.5078788238777828
1472,0.10075754782042924,0.09720543312447699,2.0269682196972165,0.2051236344326896,0.4571852588539275,0.5067134141795916
1473,0.10135551179818447,0.09658150340143976,2.0269063986289098,0.20465341569530163,0.45862590946401527,0.5055518408558152
1474,0.10107355422719974,0.09636123792769252,2.0222646285217327,0.20418474377836024,0.4575756211831321,0.5066841648181929
1475,0.1008792138544071,0.09817857246689285,2.0244935727079425,0.20372551887125265,0.458813937321996,0.5055449082648643
1476,0.10065584614073861,0.0978182777254295,2.022072562533955,0.20333943354171793,0.4621772600910608,0.5068340446299355
1477,0.1003401858190284,0.09768744011276867,2.0220221661000917,0.20515838190747782,0.4611220094519192,0.5056768328938387
1478,0.10028238886710472,0.0975801954096545,2.019691000795025,0.2046904291391232,0.4600702204932327,0.5045234173148827
1479,0.10015929231396067,0.09705777379671227,2.021921753992456,0.20422704260854355,0.46129952312185657,0.5056534479485202
1480,0.10005741220062286,0.09702493048246275,2.01944727874581,0.20391034107846087,0.46024943155089637,0.5067787670122152
1481,0.09986847463514112,0.09904858605425547,2.0193611102054354,0.20348857168822246,0.4592237492875012,0.5078908253247743
1482,0.09939332944254704,0.09892547889711963,2.0284044204008653,0.2030262999133468,0.45818047483647806,0.511280638508131
1483,0.09927213256833278,0.09866078312365748,2.032878347963134,0.20483580087137368,0.45714060768048737,0.5123898154382337
1484,0.10002843173721461,0.09843878945666802,2.030536513664886,0.2043713787979168,0.45611163642249175,0.5112280793574719
1485,0.09978541334804814,0.0982643144138859,2.025937300933144,0.20617349624803152,0.4573435562966618,0.5100701357915318
1486,0.09963641415156269,0.09826431146654968,2.032666613812956,0.2079700105152188,0.4563086978128024,0.5111787292536933
1487,0.09944782762339481,0.09826431146654968,2.032592771001457,0.20749989474589403,0.4552772129655862,0.5100232108163465
1488,0.09928447226769688,0.09818062525365548,2.032518378611663,0.20703210062977626,0.45424908842646033,0.5111296952750798
1489,0.09975545357747098,0.09818062083448019,2.0324448373409654,0.20656522047274284,0.453235669624536,0.5144885590032325
1490,0.09966138002313986,0.09818062083448019,2.034625442104859,0.2060996789499425,0.45221420036005117,0.5133290424753604
1491,0.10031911589480513,0.09818042303642284,2.032295345956408,0.20563631480261907,0.45120112541738594,0.5166762434163679
1492,0.10012895183283213,0.09810141694243259,2.0277242592884286,0.20517379274896339,0.4518856190337135,0.5183132243871031
1493,0.099980517147863,0.09763353245539916,2.0276619635568474,0.20471277226190357,0.4508702431156149,0.5171485872667626
1494,0.09980567435473096,0.0974487031605447,2.029844599581906,0.20425324743125625,0.4521028909653196,0.5159877284968993
1495,0.09933807686956973,0.09722880615785914,2.029777673483756,0.20379521237377482,0.4510890565403834,0.5148306332151642
1496,0.10014857515063842,0.0972254559665218,2.0274707195269603,0.20333866123301142,0.45015319117060937,0.5136772866269076
1497,0.10069979711169218,0.0972230521642393,2.025170602635253,0.20288421989073094,0.4514080536841366,0.5147669429851295
1498,0.10041779230749778,0.09700335697189551,2.0273500956607364,0.20243061770820767,0.45039880970020335,0.5136160431815142
1499,0.10023066274941042,0.09694967404370007,2.0272890082916524,0.2019784820370472,0.45162636265568057,0.5124688642763083
1500,0.10006451175283258,0.09676712415308729,2.027228118283748,0.20375910872809697,0.45284994963089875,0.5113253916787377
1501,0.09959955670223085,0.09675206079016548,2.0247849674088862,0.2034583011627973,0.451840514752819,0.5124146822794621
1502,0.09939590337367668,0.09645432509523157,2.022452349049328,0.20305581403501352,0.4508343366585225,0.5135004584544015
1503,0.09916436323369922,0.09627841691640666,2.024626440582871,0.20260467077167987,0.4520560203285284,0.5168073516864502
1504,0.0994494776766724,0.09683295980489035,2.0222145300382692,0.20228918998569922,0.45418987015818707,0.5169948623256947
1505,0.0993571484106917,0.09863019824366115,2.0197647874230094,0.20202032257889035,0.45336173967811494,0.5178932818072866
1506,0.09912814016872644,0.09814743729437261,2.0170571179739736,0.20201812900866042,0.4523562042507748,0.5189625722711128
1507,0.09910837754644822,0.09972817961251226,2.016820792341222,0.20398477853418356,0.45135390185834295,0.5178433298180809
1508,0.09892465089496699,0.09972817961251226,2.016783559140584,0.203533253657578,0.45035481988611686,0.5166970720076829
1509,0.098650002363658,0.09950689708895002,2.016746445488684,0.20308317854162963,0.4493589457764288,0.515554494613498
1510,0.09849317161571206,0.0993618308652372,2.0145003511400525,0.2026345475366741,0.45057536680794946,0.5144155832930787
1511,0.09912909160465848,0.09891715294648852,2.018882134002249,0.20218735501856164,0.45183017594138614,0.5132803237687497
1512,0.0988548313741661,0.09848113318056279,2.0298639305007327,0.20174159969009922,0.45083403228023866,0.5143533878225689
1513,0.09861901892363913,0.09845791200946274,2.0342026928074683,0.20129769509930653,0.4520434537314732,0.5154231228775195
1514,0.09834455206725068,0.09840157495456689,2.0316604253827935,0.20112151445824178,0.4510488310956126,0.5164893281876995
1515,0.0982167323585938,0.0978680425367788,2.0293927513279666,0.20067943290797277,0.45225547069568195,0.5153540423704778
1516,0.09855580081746672,0.09786209305966372,2.027132323364872,0.2002387639784724,0.4514112593223391,0.5142223842285633
1517,0.09828003351354347,0.09772285918124726,2.024879113378298,0.1997995021886988,0.4526146929996745,0.5130943396863877
1518,0.09815643379709382,0.09772285918124728,2.0248245908639153,0.19936164208226456,0.45162278903855574,0.5119698947316966
1519,0.09803293321895057,0.09768810567488798,2.0269595492936374,0.19892517822731176,0.4528233551502942,0.5108490354152281
1520,0.09772304999037534,0.09752830521121615,2.0290877044241857,0.1984901052163877,0.4518329766456846,0.5097317478503942
1521,0.09727870126176856,0.09752830521121615,2.031209082587285,0.2002413505101694,0.450845751935078,0.508618018212964
1522,0.09783288327354682,0.09752830521121617,2.0267754629871675,0.19980427390196268,0.449861668819487,0.5075078327407478
1523,0.097766128870815,0.09746451913438686,2.026717077286927,0.19936858722687786,0.45106128249975475,0.5064011777332839
1524,0.09829852535577088,0.09724784136131143,2.02448009125706,0.19893468312042012,0.45013441268367704,0.5074768254243709
1525,0.09901870825325336,0.09703274413799995,2.0222506068550925,0.19850175936054193,0.44917100080508376,0.5063724489935362
1526,0.0987373579043084,0.0968449610482781,2.0221957681561706,0.1980766745905613,0.4481944871280962,0.5074456127864607
1527,0.09857649128414925,0.09678111743182843,2.0221475619997196,0.19764647928948045,0.44722107033012437,0.5063435106907643
1528,0.09833152862651591,0.09668812651317274,2.0286085837781536,0.1972176473598575,0.4462507384767711,0.505244901368088
1529,0.0980659187314489,0.09668812651317274,2.032881620237333,0.19679017355093864,0.4452834796869862,0.5041497713667116
1530,0.09794750743736319,0.09645816784510618,2.0306450631283677,0.19636405263542775,0.44431928213279803,0.5030581072950104
1531,0.09794538594610584,0.09800108313424868,2.030545380389716,0.19597267098039955,0.4433915256100773,0.5062836259191231
1532,0.09768685798420992,0.09926925165888649,2.0261573103222634,0.1955491681028609,0.4434647650036533,0.5063730285263718
1533,0.09757224937364024,0.09907376004766211,2.0304185807559176,0.1951270028043191,0.4425073820767565,0.5052798348153716
1534,0.09802684782274938,0.09907180111155915,2.0281962640749156,0.1947061699492595,0.4437234577795041,0.5041900914562598
1535,0.09785538120862404,0.09862963692609704,2.0302900705309663,0.19428666442504516,0.44492198724836046,0.5031037852099033
1536,0.09768968670158903,0.09835094419363631,2.0366820843743247,0.1960208845735074,0.44396433563616594,0.5020209028961136
1537,0.09740393289081338,0.09793082424846453,2.0366032086452153,0.19774964235811904,0.44515995249342816,0.5009414313933507
1538,0.09794856394884492,0.09793082424846453,2.0322283753320343,0.1973248557725998,0.4442037030965917,0.49986535763842915
1539,0.09774727716868965,0.09766953775356918,2.027867302864828,0.19690140533462197,0.44539641743776637,0.4987926686262255
1540,0.0975910277470101,0.09751273949714472,2.0278075606340087,0.1964792859331404,0.44444157169234694,0.49772335140938756
1541,0.09730898515573969,0.09735557116024045,2.032031342613207,0.19820016075460517,0.4434897252782495,0.496657393098045
1542,0.09770921659375843,0.09713974668464485,2.029823282992148,0.19777610602508358,0.4448801316501051,0.4955947808595219
1543,0.09737561381673614,0.09702031539571575,2.0254847605911395,0.19735338150834184,0.44606663887182274,0.49453550191805057
1544,0.09729394775093299,0.09695220887695959,2.0211598383865232,0.1990672350264308,0.44724942668639106,0.49347954355448714
1545,0.09871619858875401,0.09695220556588227,2.0211147019393136,0.1986426009824042,0.44842855352750466,0.4924268931060287
1546,0.09854715953678256,0.09669897072572235,2.0168077334717154,0.19821929624965842,0.4474729582620996,0.491377537965932
1547,0.09833963628661278,0.09641386531404209,2.0231585224296587,0.19779731576519616,0.45503577939253914,0.4903314655832333
1548,0.09807823251183002,0.09625233664185727,2.0252308593091737,0.1973817946544422,0.4583197861316432,0.4935438347422184
1549,0.09777547911969005,0.09609128262950087,2.0266766341811393,0.20183686604658385,0.4594706416905221,0.496744456451498
1550,0.09909586389045087,0.09588594334281504,2.024497533827337,0.2035309511262321,0.4585050258710814,0.4978126173989022
1551,0.09896939651237269,0.09575493227638764,2.0286862302817914,0.20309946921547367,0.45965317008571716,0.49887745375218606
1552,0.09870984300699821,0.09554966804697032,2.0265072269685236,0.20266925599465294,0.45867951480475116,0.49782071206299
1553,0.09897259711952351,0.09554871284149248,2.026450002908735,0.20435763653414285,0.4577314583584353,0.49888451615998886
1554,0.09885172694440228,0.09541354824562223,2.0242800806468115,0.20392562310567297,0.4567638109536323,0.49782987091211817
1555,0.09868346349173115,0.09514852216349261,2.0242184128619503,0.2035053446736279,0.45579917428115185,0.49889040090754627
1556,0.09853791351376022,0.09491280159330348,2.0241673172664933,0.2030759925594321,0.45905710291358454,0.497837850426746
1557,0.09922593852909059,0.09490990531003636,2.0199010319145034,0.20264797451714542,0.4602188381514256,0.49678857040388213
1558,0.09913975015725084,0.09490990531003635,2.0177535613067663,0.20222128549990206,0.4592498162589759,0.4957425484666363
1559,0.09891092623710264,0.09481485886019796,2.0177098685370343,0.20180226929122344,0.462484378645179,0.49680958422902094
1560,0.09942515836277331,0.09481252040256583,2.015570747963607,0.20137875497040195,0.46363774129243107,0.4978680588783031
1561,0.09993644050031526,0.09481018273210785,2.0134382584194954,0.20095655061222556,0.46478747318538566,0.49892324875441485
1562,0.10053494681422116,0.09440606875915192,2.0155072384025368,0.20053511213234734,0.4680188048851503,0.4978769257811633
1563,0.10102091995910506,0.09440161785002713,2.017569815789965,0.20011497782176255,0.4694030854574923,0.49683384072366427
1564,0.10073945429288698,0.09400010320949545,2.017533042656458,0.201789114822517,0.4705136099735069,0.4957939813777331
1565,0.10073945429288698,0.09379942786765745,2.017496383165919,0.2013671979715346,0.4695298224147033,0.4947573355926376
1566,0.10055731427689686,0.09361092297280049,2.013282256297149,0.20094658412233943,0.4693241153589338,0.4971264295829216
1567,0.10040708908816917,0.09339872484860653,2.017427741533159,0.2005274721195341,0.4704314271441767,0.4981758280815578
1568,0.10013849094911344,0.09329121754019574,2.013222177586996,0.20010944916406495,0.4694507578451434,0.4992219392265991
1569,0.10082200722940564,0.09329090486774287,2.011112108645695,0.20177524788530765,0.4684781557474369,0.4981822929060982
1570,0.10056371197323377,0.09305499412423085,2.0110338804388666,0.2014105742030262,0.46750350951400926,0.4992263004699216
1571,0.1003580688754679,0.09305499412423086,2.0089325755145433,0.20099196802219288,0.466531863117497,0.4981887222998668
1572,0.10240079057471538,0.09285682029948351,2.008914028851968,0.20057464938825995,0.4655634932932926,0.49715433550781346
1573,0.10211721616548147,0.09276631776065011,2.0088955391966397,0.20223283329573102,0.46667203208845087,0.49612312813111753
1574,0.1020453911854443,0.0926603787003819,2.0130213996104453,0.20388592384790172,0.46570501920624024,0.4950950882592649
1575,0.10180235377396667,0.09254964215333136,2.0150645198565984,0.2034638645866828,0.4668110501700797,0.4940702040336148
1576,0.10166918255739607,0.09232591341206715,2.012965359845849,0.2030430999950555,0.46584568189060194,0.493048463647145
1577,0.10216522723895062,0.09213068486299657,2.0088066951703407,0.20262362523190316,0.4649042760628367,0.4920298553441983
1578,0.10206967727297167,0.09188442792315016,2.004660770043288,0.20220543547715816,0.4658267806061855,0.4932601079596979
1579,0.10206889670709934,0.09141819795927736,2.0046418694703543,0.20179781687413104,0.4648663334702949,0.4943049102300145
1580,0.1027857004503628,0.09285809829406999,2.0024814732065237,0.20147324780923057,0.46587759070470774,0.49337794871815016
1581,0.10337436140635015,0.09279510088541545,2.0004186748377126,0.20311637012709488,0.46707949949058364,0.49236272873152254
1582,0.10313666755344064,0.09231283324785482,2.004528977013716,0.20269894526114077,0.4702305712511692,0.4934063001640159
1583,0.10363291350513369,0.09212016588879479,2.002466095403902,0.20228268656071885,0.46926491468973275,0.4923930503662843
1584,0.10505764743436213,0.09212016570773944,2.002461036105251,0.20186769791130585,0.47035375430741705,0.4934344205075581
1585,0.10477891351267415,0.09198311593375232,2.0004065143348977,0.20145397451942093,0.469389774668122,0.49242313755224915
1586,0.10453922807934592,0.09191688530272968,2.004500540980734,0.20104151171360327,0.47047616168460066,0.4914149359049555
1587,0.10428073709843284,0.0913331847506536,2.0044913356503993,0.2006303048088694,0.4695138577079324,0.49040980411395835
1588,0.10427709321478144,0.09282159337152564,2.004442765030454,0.20025974244043948,0.4705978205780258,0.49147102801207027
1589,0.10478842353560662,0.09280958845379099,2.0023923996367934,0.19985095295044708,0.4698226539714381,0.4904677899751151
1590,0.10465936757517075,0.0925781640338038,2.000340959055675,0.19945071142026813,0.4708965156194212,0.4915141623995732
1591,0.10451956298089841,0.09242209215341762,2.002377482328303,0.1990443868646817,0.46993719681793,0.49051284095940734
1592,0.10425682065602172,0.09204156863685632,2.0044078254007243,0.1986392953748483,0.46898078924379166,0.4895145582112395
1593,0.10415691250251527,0.09187127406500023,2.0023657161249844,0.198235432384783,0.4680272821168671,0.48851930290293494
1594,0.10404937323651435,0.09176056606081573,2.002068887758214,0.19812481667252801,0.46896176842648574,0.48970419087821315
1595,0.10453598893894557,0.09175982005237797,2.004093775093533,0.19975188980744496,0.47004329681053125,0.4887105393104868
1596,0.10492714436468835,0.09174710715736288,2.0000313623493073,0.19934698129821163,0.46912456597216984,0.4877198950862465
1597,0.10453497886608164,0.09165189394029473,1.9980062676696506,0.1989432974474529,0.4681745741035001,0.4867322470965058
1598,0.10518593952594449,0.09146267644503642,1.9959872938534817,0.19854083373408707,0.4672420870415749,0.4857475842800413
1599,0.10484558305607415,0.09139357852749265,1.9939744183180892,0.19813958565645992,0.46831878287484374,0.4847658956231606
1600,0.10472299524818059,0.09131804912663759,1.9939195133174048,0.19982558435248635,0.46764154532026136,0.4936137142980481
1601,0.10536932447597913,0.09131543992242397,1.9898978828903136,0.19942254669485984,0.4687350337051622,0.4926181214873093
1602,0.10510789923815093,0.09131540992933221,1.993947543737925,0.19902128076047323,0.46779070401991757,0.4956552531940429
1603,0.1047745157457045,0.09120558188359304,1.9939403008825691,0.1986400933189281,0.46885228437648635,0.4966801704654725
1604,0.10463150111809212,0.09097443227644718,1.9939478984484897,0.19824523478885364,0.46991807825425985,0.49769459301152014
1605,0.10462901827131911,0.09228041460428506,1.9939218588902008,0.1978851784172139,0.4689740619184121,0.4966950794306192
1606,0.10451648559110448,0.09219913513051198,1.9939120965251205,0.1975100056064684,0.4680328836617824,0.4977051558637527
1607,0.10443951918434626,0.09195825243304243,1.995927793058703,0.19711541216246853,0.46709453306410903,0.4987121976414927
1608,0.10421081491295059,0.09173926047305553,1.9979301003703416,0.19873221866951507,0.46815751428559776,0.49972057925663044
1609,0.10403565108892296,0.09147409095573956,1.9979342419828674,0.1983345801394409,0.4672207891432429,0.4987207003345626
1610,0.10386425434639877,0.0933123719990326,2.001935327343755,0.1979389299943429,0.46628687265536134,0.49773370184190985
1611,0.10375394137760179,0.09295795503673268,2.003928340994365,0.19954054831120985,0.46735263279841566,0.49673978823158293
1612,0.1036250756310174,0.09280459546753606,2.0039205044161186,0.19914248838657822,0.4684152016478949,0.4957488507788272
1613,0.10344716757848886,0.09264034075344847,2.0019198027896765,0.198745619611953,0.46947459087839327,0.4947608785960727
1614,0.10329622371182545,0.0924859105978382,2.0039068772667163,0.19834993763243056,0.4685399155088583,0.49377586084214486
1615,0.10310481602564858,0.09227135795755503,1.9999212934435107,0.19994434481606274,0.46959694003402813,0.49279378672204094
1616,0.10293882962345165,0.0922039372998146,1.997928527729541,0.19955307494570815,0.46866388904929057,0.4938015642785337
1617,0.10271101812441409,0.09220393729981462,1.9959477065967697,0.201141908354867,0.46773362269273316,0.49480633419039727
1618,0.10264792341454061,0.09218510203292662,1.9979385702322257,0.20074317500466082,0.46680613080822625,0.4958081074271494
1619,0.10254488747653445,0.09199721104245921,2.0019043917188175,0.2003457054789806,0.4658814032827984,0.49680689491169344
1620,0.10261472207706558,0.09470525023602824,1.999572098814888,0.20029876108082414,0.4649620312760816,0.4958263217593578
1621,0.10240028017683214,0.09462169331131838,1.9956189267933608,0.19990276862887876,0.464042797158841,0.49484606866226893
1622,0.10294760625329988,0.09425031529463453,1.9936525465852062,0.19950795406960442,0.4671298332133223,0.49386873136050174
1623,0.1027303121264421,0.0940435637595621,1.9916920115584198,0.1991143131199383,0.46620815852611003,0.4928942992516179
1624,0.1025717201792505,0.09366367999622757,1.987766213617856,0.20069292836864863,0.46528922175376053,0.49192276177810884
1625,0.10235676145619559,0.09351652282159996,1.983852069867478,0.2022668573134236,0.4663421297047026,0.4909541084271808
1626,0.1021646169138531,0.0933449020420735,1.9799495380069057,0.20186896834428478,0.4673919140475501,0.48998832873054043
1627,0.10271608582371088,0.09316191143983626,1.978023758368865,0.2014722589896578,0.46848260447032297,0.4890254122641822
1628,0.10336066210495246,0.09316141819008242,1.983956557289459,0.20500316148105718,0.46756816055153533,0.48806534864817636
1629,0.10316025804367115,0.09281246860115477,1.9820267665710234,0.2065623538140865,0.4666511396833031,0.48710812754645827
1630,0.10290692896497053,0.0927608950148575,1.9798514232455116,0.20640889953790884,0.46573683209266314,0.48811303440788806
1631,0.10328285977656528,0.09275693980049654,1.9779335233840014,0.20796222509887066,0.46684290438632964,0.48715763249808475
1632,0.1030885014811827,0.09269676657575793,1.9759743644902317,0.20760250590008325,0.4678385034776062,0.48820736095178685
1633,0.10299532901886134,0.09261301471159025,1.9818815767934075,0.20719696962994633,0.46887804193343796,0.48725368367628674
1634,0.10284089911698997,0.09245838410208723,1.9838684086408453,0.2067926300869521,0.4699145127379212,0.4863028206779919
1635,0.10333328182881917,0.09227490016327677,1.9819503338477362,0.2063894829509256,0.4691831027599564,0.4853547617973853
1636,0.10311845355195949,0.09227490016327676,1.9780903366018159,0.2059875239198782,0.46826933340178595,0.48440949691771745
1637,0.10297364113024837,0.09209032765855489,1.978117110282707,0.2056026030959214,0.4673582552120036,0.4854126445268182
1638,0.10283834480312298,0.09190714218294893,1.978158223691286,0.20520439663724382,0.4683928323929916,0.48641354969384343
1639,0.10270495924539756,0.09178701030188811,1.9859675995423072,0.20480594280719458,0.4694250759291235,0.4854690604672993
1640,0.10261384346576471,0.09155934135275348,1.9821152187528315,0.2044086601527229,0.4702867989990989,0.4866346341935268
1641,0.10252201140513598,0.09139932046722901,1.984087738575556,0.20595040605319098,0.47131330986612735,0.4856916036265555
1642,0.10233161452924677,0.09129567364067638,1.986054468214545,0.2055517015753273,0.47233680748763185,0.4847513412549596
1643,0.10216487997710187,0.0911873976502272,1.9880154284719846,0.2051541666930259,0.4733573026891921,0.48381383713354226
1644,0.10208050674033538,0.09277851812842083,1.9841744699060286,0.204757797206846,0.47434860965330217,0.48485760287199325
1645,0.10186460092013258,0.09243592342955614,1.9803447639113634,0.204362588934937,0.4753631828731714,0.48392176678678955
1646,0.10233379777489632,0.09243254850231934,1.9823108280863437,0.20396856916181103,0.47639307688815796,0.48491688797869703
1647,0.10287535047728365,0.09206623598118077,1.986197440662704,0.20357567078225802,0.47743969706084655,0.4839828074961616
1648,0.10274580852669836,0.09206623598118079,1.986224001533955,0.20318392117631184,0.47652093887884994,0.483051458119329
1649,0.1026051598879031,0.09175722269168225,1.9843280642505823,0.20471573677751695,0.47560486523541506,0.482122830071531
1650,0.10306744647211996,0.09168699714705902,1.9862785937605485,0.20432264790663074,0.4767805671705511,0.4850379342941965
1651,0.10353396306305603,0.09150836149033731,1.9843863398228652,0.20584921820040875,0.4758658257259463,0.48602989342068253
1652,0.10414212572773482,0.091503111682695,1.9844162659308595,0.2054546748412896,0.4750068178942991,0.4850983384288349
1653,0.10514916363203206,0.09150311060569352,1.9825313571559866,0.20506128272698604,0.4740973347969879,0.4860842473368296
1654,0.10489978687067057,0.09309569276653344,1.9844708545811627,0.20467578444936702,0.4731927159033421,0.4870651565708698
1655,0.10470065958733668,0.09309569229608872,1.9902331743055783,0.2042847821952942,0.4722885055970664,0.48995623148267037
1656,0.10453526193415995,0.0929141813676659,1.9902518192792757,0.20389480038237262,0.47138690183757204,0.48902089984733016
1657,0.10431503368094024,0.09273747881827217,1.9902481718631881,0.20352819028789618,0.47430212375247127,0.49380959445515377
1658,0.10420022066311467,0.09261542394302698,1.9883615546249773,0.20314042911532412,0.47339848506045756,0.4928687902004586
1659,0.10402759577425062,0.09248618519912656,1.9883837059866027,0.2046570856747295,0.47440076158571687,0.4919307169051177
1660,0.10467412234470207,0.09238009740032835,1.988405784434212,0.20426796143467538,0.4735113019638461,0.4928967589858801
1661,0.10435937064400379,0.09234302023486908,1.99222678624652,0.20387995661501607,0.4745113616447644,0.49196050683582304
1662,0.10416888200210178,0.09227195976082507,1.9998318999122293,0.20349307588062318,0.47550852406179334,0.4910269670934327
1663,0.10408778019736627,0.09217440554807524,1.9979344008039026,0.20310943883651317,0.474607105320514,0.4919918243093427
1664,0.10368979975380056,0.09350638368827778,1.997895192451744,0.2027679104792191,0.47934657276897874,0.493071071016795
1665,0.10436337959008651,0.0935035705688775,1.996007267971174,0.20238429253520712,0.4785034496894384,0.49213822661321943
1666,0.10430232515385439,0.09344948439030053,1.9960148142970704,0.20200178306129998,0.47948908631471643,0.49120807767827346
1667,0.10491058046454019,0.09327112677860032,1.9960223388319946,0.2016203781319683,0.4786136558472458,0.49028061466624057
1668,0.10470157697526153,0.09319148021103688,1.9922573629227653,0.20124007383791875,0.477710875928887,0.48935582807088573
1669,0.1045378995950575,0.09319148021103688,1.999809369066816,0.2008608662860183,0.47681069949621924,0.4884337084252706
1670,0.10515317489139192,0.09319145618668771,1.9998094778795585,0.2004830016436136,0.47591766103087607,0.4893968419801547
1671,0.10488426422500025,0.09293291366719733,1.9998098361733867,0.2001059754906439,0.4750226554523594,0.4884764876005086
1672,0.10448596931665458,0.09425523899925861,1.9997693814775979,0.19977084645635612,0.4797255423616802,0.489550879461985
1673,0.10424577665724795,0.09597953382370589,1.9997309946041373,0.199434729903194,0.4806826001073474,0.4886668093199295
1674,0.10450492320775814,0.09597428599234396,1.9978565431639004,0.19906079859695466,0.47991123485789366,0.4877505806449464
1675,0.10588100342356922,0.09579820372818343,2.0016067177274035,0.19868794533515427,0.4809072111369525,0.4887007495898905
1676,0.10581447744623437,0.09531925692803778,1.997861291923181,0.20018736818390637,0.48000733292307735,0.4877862880316604
1677,0.10570909537160697,0.09526660935335723,1.999734629269298,0.1998131500542031,0.4791100363154047,0.48687444991690776
1678,0.10566149479007914,0.0951285629105559,1.9997351248414337,0.19944000479707646,0.4782153122312072,0.4859652260157113
1679,0.10563752277669135,0.09633848414552196,1.9977040074593435,0.19923393574216688,0.47748915872712294,0.48678159971159773
1680,0.10615701351133662,0.09633676224489482,2.0051632456108828,0.1988626155571294,0.4766214361887777,0.48773810525375194
1681,0.10598449686401382,0.09623680964550406,2.0051536322828816,0.19849235783657074,0.4775959026740098,0.4868299969168737
1682,0.10574478202105919,0.09612576364106164,2.0014240144326085,0.19812315887395202,0.4784816777168784,0.4878704062760297
1683,0.10556700168456978,0.09606559880926925,2.001335758642163,0.19784062470353905,0.4794079357220198,0.48886482829840705
1684,0.1067800955635805,0.09606559118046655,2.006902178146676,0.19747337321431738,0.4785181316723659,0.49166994805158937
1685,0.10665518386806096,0.09599785716482348,2.0031804898024994,0.19896161415865557,0.47948519076083945,0.4907581735093268
1686,0.10653779142709827,0.09593794734808979,2.0013220068541915,0.19859301970228366,0.48044949170882056,0.48984899943100185
1687,0.10697470928052377,0.09593699492118973,1.9994688210270286,0.20007621496565647,0.47956737913101966,0.4907946310148344
1688,0.10681761739401913,0.09742163680403988,1.9974513274643153,0.19987588251855148,0.4803600151166379,0.4901003153316835
1689,0.10661749151721261,0.09733774993096839,2.0029971590421223,0.2013537448551331,0.481319811660027,0.48919507977966026
1690,0.10729092282740267,0.09715267276506441,2.0011456615624845,0.20098297977969418,0.48229849178945533,0.4901391583792033
1691,0.10788637655169932,0.0969686609457061,2.0011435497061356,0.20061249760957073,0.48142216378951413,0.48923565988765016
1692,0.10780282105701386,0.09673208489208689,1.9992736588587279,0.20026934443599678,0.48053562076481104,0.49017623678055716
1693,0.10768208950972497,0.09651202481016617,1.9974289248554897,0.19990731762227681,0.4814848604536241,0.4911205454980038
1694,0.10810286260172633,0.0965105292539835,1.9974336500524679,0.19953992211648305,0.48064876947354146,0.49021794981834055
1695,0.10794392357285355,0.09632961922889878,1.993766377270631,0.19917356835787467,0.4813663976521543,0.4913898024087756
1696,0.10837524295592438,0.09632822382333903,1.9901094962833854,0.20247656715165332,0.4804870001549361,0.4904885162569773
1697,0.1082838267061588,0.09602586736123593,1.9894972645470683,0.20456824280187677,0.4808085619365941,0.49205246070770103
1698,0.10809431434225553,0.09567590337850254,1.9858555045920174,0.20419378215395995,0.4799284454377634,0.4911517623357445
1699,0.10791696771065974,0.09545648837942859,1.9858564376355625,0.2038453130135635,0.480879481041478,0.4939109372647185
1700,0.10827855601391952,0.09538969743065401,1.9877090966080553,0.2034729354383228,0.4819655167843122,0.4948354880834947
1701,0.10812191426039497,0.09521277237924522,1.9895565369396773,0.20310159543510561,0.4810859252250333,0.49393240870666727
1702,0.10796744306546055,0.09509681024824743,1.996868318192317,0.20637767405045407,0.48203200169727833,0.49303187843880086
1703,0.10839358594560618,0.09509588318514033,1.9950526591741746,0.20782314834912816,0.4811609524165324,0.49395669096893713
1704,0.10813182090090988,0.09473758283088544,1.9950616610710434,0.20926454779408832,0.482105002111562,0.493057915779138
1705,0.10792064993630712,0.09472313392034751,1.9914351898840446,0.2088841626321439,0.481228668345353,0.49216167264039967
1706,0.10782464542323136,0.0945828480628327,1.9914485206057113,0.2085070705867026,0.48216959777331425,0.49308497092619713
1707,0.10750046926852344,0.0945342135271811,1.9896499417294156,0.2081288195681964,0.48492308183477284,0.4921904694019173
1708,0.10765533897180765,0.09452332271690608,1.991480885288071,0.20775172460288996,0.4841900709544265,0.49311079271165603
1709,0.10802234001119333,0.09419115272026288,1.989684051139395,0.2073773870999361,0.48348591458036116,0.49403028938200555
1710,0.10783028348321817,0.09410652639207363,1.9878940512358962,0.2070023123450491,0.4826114539487632,0.4931367575833461
1711,0.10766784799701859,0.09508212190495408,1.987878690005465,0.20666552504736857,0.4817580647930756,0.49405017903813686
1712,0.10743536282263046,0.09490568850744975,1.984290481055624,0.20629248463482885,0.48088847018026554,0.4949634408407175
1713,0.10784893141780692,0.09489872307975707,1.9807123289234312,0.20592048975766816,0.4818585598145506,0.4959314149054032
1714,0.10776393246856504,0.09488056225310226,1.9788369921102138,0.2056581814225021,0.4810991662248515,0.4985322562174041
1715,0.10766933045619166,0.09474153744238595,1.9788728862254976,0.20529026292839272,0.48203190366155996,0.49943581203785614
1716,0.10754961880714556,0.09465295656928241,1.9807087078328325,0.20492118419629804,0.48116528816165843,0.49853790712195706
1717,0.10807972769864735,0.09461485705108912,1.9807433557947243,0.2045531372391881,0.480302322947291,0.49764251233668966
1718,0.10868159546666864,0.09461399615262557,1.978983660573207,0.20418611851199572,0.4794553764002555,0.4967496190575166
1719,0.10886555781110174,0.09461399615262557,1.9790213313746228,0.2038201244839142,0.4792330839541231,0.4958592186945941
1720,0.10864620210307492,0.09435137286687142,1.9754775741101833,0.20345515163833244,0.48195626268939906,0.49497130269261363
1721,0.10827868072120958,0.09423019153905421,1.9728213835697461,0.20400238277453914,0.4810941047643307,0.4958747342433125
1722,0.1082106439317301,0.09419545306967747,1.9746566566915889,0.20363819451097787,0.480234349314657,0.4966676032871907
1723,0.10816407180335244,0.09362358273563051,1.9747019021001693,0.20327463974233015,0.4793769881099918,0.4957809038345585
1724,0.10797840542524971,0.09356617228941434,1.9747395651216149,0.2029195532200019,0.4785220129529673,0.49668018521771057
1725,0.10782650798545881,0.0933957855132,1.9765663029270577,0.20255800525938586,0.47766941567908383,0.49579523497415684
1726,0.10768496849002661,0.09309426460271521,1.976575280505337,0.20401014510424742,0.4820935707433498,0.4985381102075293
1727,0.1075949042180514,0.09297249052461531,1.9730605924177118,0.20364738025849397,0.4812363261208332,0.4994297950058948
1728,0.10751458759756907,0.0927036352993417,1.9713320540658639,0.2032856224093188,0.4821578544540458,0.4985426112462707
1729,0.10746811733540801,0.09265235607467999,1.9696083108833669,0.20292486811910365,0.48130220852840827,0.497657888639081
1730,0.10719810994111571,0.09265235607468,1.9678893465103982,0.20256511396397653,0.4804489347478466,0.49677561878753856
1731,0.1070275543662458,0.0924168197592622,1.9644040725107947,0.2022063565337494,0.47959802502399285,0.4958957933284154
1732,0.10693742280648709,0.0922300176529848,1.9680053601584426,0.20184888863794895,0.47874947130078765,0.49678770588671495
1733,0.10682581755036145,0.09216724842416406,1.968061911757374,0.2014921139578295,0.4779032655543341,0.4959096169556784
1734,0.10671065317336113,0.09199925641732112,1.9698840738631935,0.20113632585497862,0.4788251666799133,0.49503395617503315
1735,0.1072110578157847,0.09199844636367104,1.9699371587374521,0.20078156065308667,0.4779991848476454,0.4959247371276009
1736,0.10689840522661154,0.09166282423804822,1.96993896905489,0.2004789031703567,0.47715683609827125,0.4968130381555752
1737,0.10666407740864935,0.0916627956445927,1.9735123251685431,0.20012648527189816,0.4763169423888314,0.49945923484086235
1738,0.1064306055835915,0.09314929614515392,1.9788349728746426,0.19977460965786167,0.47547927141265683,0.502098226967407
1739,0.10684449705227124,0.0931476084757334,1.9788721589825649,0.1994236136420829,0.4746576732832011,0.5012160604223341
1740,0.10650973824461894,0.09314760847573342,1.9753988346414204,0.1990735845164934,0.47382455223349507,0.5020915279912941
1741,0.10636976161763202,0.09297061313023017,1.9736885218674596,0.20047796868300477,0.47474717440372805,0.5012111357624714
1742,0.1067885154042487,0.09295942069061995,1.9702312173951118,0.20012679200540057,0.474114961521492,0.503836559878801
1743,0.10655659954256702,0.09295942069061996,1.9667834185962765,0.1997765808692664,0.47328528580606766,0.5029548729627566
1744,0.10693136560780103,0.09294891046538042,1.9668414877313143,0.1994273320073533,0.47257679638917005,0.5020756086555412
1745,0.10682550319791809,0.09284417616759165,1.9686458473010757,0.19907904216537223,0.4717514646952564,0.5011987587641996
1746,0.10663843395246626,0.09266091603071458,1.9669558467137986,0.19873170810193563,0.4709283978802742,0.5003243151282576
1747,0.1064760102077649,0.09254025786424164,1.9704993623280092,0.19838532658849942,0.47010758829364196,0.49945226961957523
1748,0.10628459737600726,0.09245538322300348,1.9722919477720453,0.19803989440930514,0.46928902831507624,0.49858261414220173
1749,0.10582696022461123,0.09228727332198468,1.9740796233636113,0.1976954083613226,0.46847271035445515,0.4977153406322307
1750,0.10574137068446518,0.09216405464732352,1.9723133157417165,0.19742547630222107,0.467658626851683,0.4985881804921608
1751,0.1055140592716331,0.09216405464732352,1.9723613798965678,0.19708274516923055,0.46684677027655536,0.4977226301326207
1752,0.10590531153493032,0.09200069249680515,1.9776121149415857,0.19674095098350536,0.46610941467097633,0.49685944598660575
1753,0.10579005992535845,0.09182092822711733,1.9776509027142692,0.19640009059118316,0.46530186424918774,0.49599862008919415
1754,0.10569516791998129,0.09155909794042685,1.9758364640775203,0.19618247899776534,0.4644965186843562,0.49687094686707
1755,0.10542591036355432,0.09130297418523477,1.975511561427299,0.19793902086021328,0.46505575983245,0.4981075765918359
1756,0.10512569578452996,0.09125765655994315,1.9738265171752531,0.19759711203765862,0.4677071368856557,0.49724717335109064
1757,0.1048280830337323,0.0912556964491837,1.9772888454435296,0.19901582531653675,0.4669227682397474,0.5015432529285756
1758,0.10530568884913068,0.09092847683315168,1.975604104064708,0.1986727433326235,0.46614213787371844,0.5006786460363379
1759,0.10585608484453234,0.0909268371227832,1.9722017780487673,0.20005276505207248,0.4653620924401779,0.4998163923188393
1760,0.1056931521922779,0.09071588787065075,1.9704944317655753,0.199743307602927,0.46628190950018567,0.5023973811637702
1761,0.10558815328387365,0.0905809915593856,1.9688075190701484,0.19941889870084503,0.467180330563443,0.5032715209630306
1762,0.10566357272842147,0.09047697863707796,1.970578088088182,0.20079350540191906,0.4676353783337437,0.5024073981351836
