0,0.5,0.5,0.5,0.5,0.5,0.5
1,0.4974938026790246,0.49998588607873773,0.4950049975008331,0.4950049975008331,0.49990520308288894,0.5003388172890588
2,0.4972688338458532,0.49751693199978947,0.4900648377322716,0.4900648377322716,0.5249242649450364,0.49534542589240554
3,0.490561980187256,0.4948709434072367,0.4951489142242333,0.4951489142242333,0.5196907464255464,0.49040680972798795
4,0.48914487120457134,0.4963352900072577,0.5001772713728498,0.5001772713728498,0.543357940297706,0.5065988059561519
5,0.4850554315658836,0.49472189729799315,0.49520044510460454,0.49520044510460454,0.5428719370294341,0.5070026847821394
6,0.47901155576216925,0.4934979749559699,0.4902780637221897,0.500218243362729,0.537475692453554,0.5019629870171691
7,0.4727126475394587,0.490424568933441,0.4997447806387766,0.5007761448691026,0.5608116911042893,0.5080314350607624
8,0.4697740263501512,0.4891655009057155,0.49478715292210745,0.49580828569011043,0.5651685792947679,0.5029916010875549
9,0.4656853360953575,0.48787020070969384,0.49548539000013414,0.4952032516128831,0.5694779342535486,0.5089605645116829
10,0.46594249812360905,0.48548723954023376,0.4905798377201864,0.49030049264356923,0.6038507444295022,0.5039216012888862
11,0.4612180824827294,0.4829773784178198,0.48572770740961535,0.5052323307996991,0.617659502148768,0.49893751289436905
12,0.45557126458969627,0.48284219094148817,0.4908090864597875,0.5101209901834536,0.6331395578673001,0.494007652464603
13,0.4507552450813567,0.4795139391589971,0.4958352291843078,0.5149565081701472,0.6367607790892573,0.4891313813013387
14,0.44844983891886997,0.47923043127677145,0.4909458101657312,0.5098785346890595,0.6357379287856538,0.4890552860536212
15,0.444808337646616,0.4777285970978244,0.48610944437280756,0.5048556603663644,0.6346503260370467,0.48929602481681383
16,0.44308610271667975,0.47770032679813673,0.4909297154202144,0.5001243041915577,0.6480213536387104,0.5046374079731613
17,0.4412219519343781,0.4772288807631742,0.4861031709270644,0.49520736367957413,0.671144683164373,0.4996760971663678
18,0.44280534969611307,0.4757106869399402,0.4813288550051607,0.49034362992414454,0.6793055935754831,0.5046415622602908
19,0.4411367658657957,0.47104209105842765,0.4766061556153305,0.4855324794232566,0.6831062718971175,0.49969012339809316
20,0.4396956320356398,0.46923498498834415,0.48173645513415825,0.4807732965014765,0.686590647351624,0.49479216743790017
21,0.43452917839168015,0.4658172453329086,0.4868113900519345,0.47606547320554826,0.6798674215237966,0.48994706869914395
22,0.433786058219222,0.4651804894490979,0.49158134205188625,0.471658674665725,0.7130615329140672,0.49474320541795924
23,0.4309407752043457,0.46371141193684595,0.486777302018784,0.4670493313867546,0.7276512882230841,0.48990826568039214
24,0.4323660227051587,0.4616648165950939,0.4820249647808295,0.4624895955069058,0.7321713629475561,0.4851253612916317
25,0.42777544754798336,0.46033060409145066,0.477323727520871,0.4579788886398272,0.7250304230716956,0.4901469846774745
26,0.4254688347897711,0.4595396223342608,0.4726729949526067,0.4632599905208967,0.7278513454362134,0.48537131061510264
27,0.42249653368120105,0.458550874197824,0.4778057916358291,0.46848440974092037,0.7366192099698029,0.4806468944000965
28,0.4164306710440111,0.4575026335559845,0.48288354737007216,0.47365280550833466,0.7545427840427004,0.4825025437456265
29,0.41336270344581116,0.4562528137975157,0.48790690173138496,0.4787658288158848,0.747213031207065,0.4875295992388774
30,0.40971306292215565,0.4559944178255453,0.4831720309956578,0.4741196672139845,0.7593706463905937,0.48279839001833674
31,0.413273036208398,0.4559925785089461,0.47848779617921955,0.4695231928531956,0.7617682903039538,0.4878125590401832
32,0.415767276209741,0.4487985905591986,0.4835386761995701,0.464975829826024,0.7548190531730071,0.4830880622976701
33,0.41228830497500757,0.4464358487373345,0.4885356386527032,0.4701523949755784,0.7562748362892556,0.4890058216991272
34,0.40804642751390796,0.44458353111367654,0.48381359237948734,0.4656080358973737,0.76829632931769,0.48427923077056495
35,0.40368039636915104,0.4434229099303597,0.4887979162894564,0.4611120994842182,0.770533672511466,0.4796030042884339
36,0.4045168518008968,0.44097412478154463,0.4840847242904985,0.4663084796540226,0.7921983010758251,0.4846307620162476
37,0.40166811426163834,0.44092133735707845,0.4890564766811312,0.49072506017895945,0.8043109541187357,0.47996049101813676
38,0.39714597099535576,0.44086945148410456,0.48434826669185543,0.4860007865204205,0.825809423631997,0.4753398492599402
39,0.39455906388470063,0.43951471058381686,0.482935144536934,0.48769907686634145,0.8306120083574948,0.4868759734497424
40,0.39020965858273154,0.4373304441459588,0.4782951546702681,0.49262121003248954,0.8706710478584812,0.4821981205150672
41,0.38743725164905973,0.43424405405481165,0.483302629748092,0.4974911794577744,0.8815106761140696,0.4775698424903028
42,0.38413933437013315,0.432042101600947,0.48825708468845025,0.4927208868769401,0.911412927851191,0.47299056958953567
43,0.38658652306443775,0.43190727413568064,0.48358001446141036,0.4880010573803066,0.9124755336983321,0.46845973904949456
44,0.38745370708833476,0.42944929338812765,0.48852191595020367,0.4833311119491954,0.9136918778371567,0.4639767950374925
45,0.38338655842500047,0.4270997785848244,0.4838516587355169,0.4787104786900452,0.9164850711919923,0.45954118856064413
46,0.3807967603277435,0.426239163438213,0.4983315116036512,0.4741385927411512,0.9363835130506168,0.45515237737634
47,0.3785986739371124,0.42382222225157234,0.49357699345321915,0.4696148961806955,0.9369904699353906,0.45080982590395935
48,0.3764176949011936,0.4218466374976032,0.4888725443633752,0.4651388379360483,0.948214023099815,0.4465130051378034
49,0.37460078463004143,0.42029369797795996,0.4842175922476702,0.46070987369432237,0.9684442187793104,0.44226139256123154
50,0.3728460899687789,0.419160683057626,0.4796115720316015,0.4563274658141619,0.97825668090042,0.4380544720619825
51,0.37390817210985494,0.4191334865927102,0.48455671226650415,0.461493869944073,0.9881868916485367,0.4433956624288912
52,0.36992304940886045,0.4178163672967648,0.4894499641891623,0.47609935275484133,0.9977923255646175,0.4391863794111245
53,0.3643601861987617,0.4178647146686281,0.4942919186825135,0.4810679217785798,1.0154127339727657,0.43866812952324497
54,0.3598031785936156,0.4170556084607638,0.49908315941008957,0.4859844508985866,1.0198337480653978,0.43451204682315087
55,0.3605170279436238,0.4165219923834549,0.5322188173484754,0.48138468024946823,1.039113661128278,0.4303994548339011
56,0.35797286967640124,0.4131923300936785,0.5271864801418725,0.47683299970352866,1.0481992175137347,0.4263298595477876
57,0.3551211690490871,0.41000624498448296,0.5222067079159503,0.47232886346754666,1.0949619116618325,0.4317604360423383
58,0.3576637137761131,0.4006095497053575,0.526715404065558,0.46787173239570634,1.0851913889704692,0.4276861289145719
59,0.35459560116382427,0.4003035754842082,0.5217500222972388,0.46346107390343944,1.0998481375892544,0.4236543028265483
60,0.35119371184489845,0.3987909852091185,0.526254010969118,0.4779316525541331,1.1083254485778369,0.4196644768575242
61,0.35049320876562834,0.3969392453505089,0.5213028909336671,0.4734351604966583,1.1182227577497397,0.4157161759301642
62,0.35006227431144077,0.395574443243763,0.5164032542734344,0.46898542444309826,1.1194487191427256,0.41904222077636255
63,0.34656801875544135,0.39517847817925505,0.520943954356407,0.47397135114462785,1.135813528285304,0.4306329493613395
64,0.3468795105909553,0.3925584396312726,0.5160574740197907,0.4695254761745479,1.1818730362539058,0.43597370054240975
65,0.3441032745859871,0.3888084469273137,0.5299630166059721,0.46512570570504835,1.1801687632065139,0.4318883328457444
66,0.34083306963311016,0.38734727015482245,0.5250018692381927,0.4607715204161892,1.1878434564492415,0.4278452928627009
67,0.3387775527546851,0.3843476038632465,0.5291537228677254,0.4567527133639215,1.1948580932802888,0.4318724461081808
68,0.33845836217160497,0.38413620459888054,0.5242100487905099,0.46182805803674304,1.1944436728708816,0.427837632547921
69,0.33835252728503484,0.38409948986374504,0.5193174565454971,0.45751769355499905,1.1928820002033589,0.4238445097759363
70,0.3352354707808909,0.3820482161356292,0.5237993108740336,0.453251826855316,1.2097314567518709,0.4198926097607748
71,0.3317473466691492,0.38000324732049184,0.518920319902015,0.4490299588127866,1.2264071259989748,0.41598147011299313
72,0.3315891946601138,0.37761349871213923,0.5140916060006844,0.4448515963145853,1.2248017052570208,0.4214555871748262
73,0.33056803593487644,0.3732508389715478,0.518608614464467,0.45001226048311993,1.2402242307053772,0.427913473472695
74,0.33012275425822923,0.3708593971330038,0.5323658769369388,0.4644065578780237,1.236874159348898,0.42506068084853643
75,0.32718160400644347,0.3692796745067213,0.5274268871902205,0.46009805628722766,1.2532314444913144,0.4211172080690203
76,0.3245320041800985,0.368163424249475,0.5225386093219898,0.4558337929354929,1.2508558606946083,0.426510981330676
77,0.32212243249401373,0.3664574428758994,0.517700477357101,0.45161327409739355,1.2573674354435944,0.43224553279181294
78,0.32173744254229447,0.3618271811470853,0.5136627189098887,0.47443415795836336,1.281734761944024,0.4298819638071008
79,0.3194280242952125,0.3605611095756996,0.5089162703101712,0.4700501969236232,1.2883290251707695,0.4351928764142877
80,0.3164235669530623,0.35869217685709015,0.5042183810295168,0.4841734136473314,1.2948985762719074,0.4311755398337972
81,0.3142314646510879,0.3569192811614377,0.5180123847574506,0.47970839697102374,1.3106229140342602,0.4271992662063977
82,0.3150971200215916,0.3563326856467745,0.513240081914106,0.47528897802621795,1.3188326130965016,0.4316690073823238
83,0.3150902112497699,0.36034044182490854,0.508516470932216,0.47091465046434283,1.306694722011955,0.427721871697078
84,0.3150902112497699,0.3580841908878198,0.5038410115560733,0.4757792265393938,1.2946805623160316,0.42378926311953996
85,0.3124127234555785,0.3562475060431788,0.4992131699710782,0.47140913589699923,1.30115900799543,0.41989670667781254
86,0.3156273666243113,0.35179776247146793,0.4946324187219323,0.4670835128605636,1.2892606249268168,0.4160437587202535
87,0.3143934423530911,0.35174047905256345,0.4901030566863477,0.4902973580952711,1.2962459064190228,0.4214015718870008
88,0.3127248256710561,0.35073478433016453,0.4947724934048222,0.48580740671022654,1.2935330023091431,0.4175425411577625
89,0.31428902569001405,0.3507162097542125,0.49939454488538876,0.4813630191538412,1.2909127238614286,0.41372267170219046
90,0.3189722039523051,0.34625512783704443,0.49483042240213787,0.48610300426014347,1.2882552786761388,0.40994153118496685
91,0.3150024680829294,0.34403936390872536,0.49944271011568137,0.48166479773803494,1.2856234569292235,0.40619869240091644
92,0.31266052518892473,0.3433081943373779,0.4948872674376886,0.4955136113052222,1.2921393221657143,0.40249373321014287
93,0.3110835603363564,0.34300289733315836,0.508601756828926,0.4909985234859263,1.2803654326473695,0.3988262364740327
94,0.30944009523259847,0.34053092931106727,0.5039720427080586,0.48652904856377727,1.3051217973099218,0.39519578999211596
95,0.30721369194517434,0.33640584638377813,0.4993890573543848,0.48210468507781246,1.3114408316127046,0.39160198643976973
96,0.30482652251943326,0.33442191079662564,0.4948522874681355,0.47772493749409917,1.3449500643689063,0.38804442330675415
97,0.30303500590711846,0.33287924096833643,0.49036122581173053,0.47338931613107504,1.332743889280233,0.3845227028365685
98,0.3021389101860012,0.3328299769536021,0.5040483492085527,0.46909733708588447,1.339012377851775,0.38103643196661574
99,0.2997242311207613,0.3301474395622509,0.49948296804068315,0.4648485221616964,1.3540566521205564,0.377585222269165
100,0.29905143776957244,0.32883213719611015,0.5019348434815354,0.46271938874394886,1.346121516443698,0.38890465546839464
101,0.29664378994840707,0.3276177069139022,0.49739768862774186,0.4585367153395248,1.3520123951516214,0.3944482930499187
102,0.29374991705557163,0.326656582378373,0.4929060405101154,0.45439599329475705,1.348833619197865,0.39088630839762445
103,0.2929671699741786,0.32449062890970026,0.49748067189956907,0.45029676447282574,1.3550282930200788,0.3873600175739233
104,0.29050150071452463,0.3240088343202245,0.5020095032088412,0.44623857611792744,1.3518286882303792,0.3838690311034519
105,0.28862947018168267,0.32679633508166567,0.4978656175921629,0.4598516421931989,1.3661038351548362,0.38363281518515435
106,0.28630894384571504,0.3310617112729139,0.5023819379940028,0.46470986965949057,1.3802866645569802,0.3808994129295675
107,0.28131412119063953,0.33087154146294384,0.49786790730466035,0.4785048456354864,1.3781881804688736,0.37747693391612597
108,0.2785189644893292,0.3307194590669916,0.493398907574923,0.4831859300551098,1.3935372700758202,0.37408859678713535
109,0.27786282606129614,0.32854284394124456,0.48897444949109464,0.4967876631971986,1.399797633303444,0.3707340305513528
110,0.27552300948250513,0.32788275479020434,0.4845940494596751,0.5012956110833015,1.4230911336911,0.3674128685545131
111,0.2740407059649028,0.3279916910931761,0.49811255508720215,0.4968527718404711,1.4460716430160612,0.3642172996395051
112,0.2746135086577819,0.32792420373568504,0.4936592083925567,0.4924106881656,1.4424307632634175,0.3699126870237605
113,0.27268784217973535,0.3266230425186501,0.4892500879140751,0.4880127188537671,1.4473851635711315,0.3755658490297177
114,0.2724636793787787,0.32344488753250794,0.4848847150805001,0.4925809661029005,1.464669790891196,0.37221483286217266
115,0.2704445044722738,0.3199106873447781,0.48947627833236174,0.48819026613973,1.4605278816942293,0.36889703585943984
116,0.26810063558489344,0.3190000395732124,0.4854208513107398,0.49244456704933415,1.4650285092834938,0.3837248415824286
117,0.26743471105595623,0.31880601262725955,0.48110261929295167,0.4880638530963256,1.4730253555452428,0.38031128220922156
118,0.2692352832313904,0.31695856888377655,0.47682707930626966,0.48372644889961974,1.4880751213625996,0.37693147085658013
119,0.2703284683055852,0.31633463021837566,0.5081060833305213,0.4794318877519401,1.502585265381537,0.37358504385478863
120,0.268612269650101,0.3202081909174902,0.5052623097928168,0.4823861895709438,1.4964650107953819,0.3719576339399728
121,0.26646430069470706,0.31913117326980167,0.509603782804869,0.478154155049048,1.5008423599299894,0.3776064444520729
122,0.2650415433076396,0.3180748519199501,0.5227960006055966,0.4827732650317301,1.5052606456373252,0.3742640671696446
123,0.2631950231821339,0.31538293577957605,0.5270157421685283,0.47850427647649607,1.491950172721126,0.3709545860216412
124,0.26498795491758725,0.31534281343387144,0.5223601913439329,0.4742772661603408,1.4789183996431574,0.36767764798989594
125,0.26264221514405534,0.31517088435113116,0.5177503788349876,0.47891675300265896,1.4931950549131778,0.3644329041348892
126,0.2609858351702391,0.31284395868019366,0.513185814625901,0.47469455180445447,1.4800308256176273,0.37003615801330625
127,0.25805814766350466,0.31221489517729395,0.5089607270294364,0.47902638109476237,1.484020943871663,0.37224757413584925
128,0.2561702581808728,0.3094043022223459,0.5044826188741487,0.4748116512937058,1.4973593368241331,0.368972341276031
129,0.2547984623476741,0.30835030832974275,0.5176278273044541,0.4794279201489129,1.5017774173936946,0.3657291704561507
130,0.25629626976021946,0.3116732666331895,0.5142833741965841,0.4827982266038697,1.4961729797364451,0.3637513408728708
131,0.2543517610707879,0.3102857252270844,0.5185441667713041,0.48733521248956624,1.4911649856135383,0.36998810375299196
132,0.2538998637946349,0.3058008604203439,0.5227633616110882,0.4918279041898568,1.4988758932333441,0.3755157985370927
133,0.2513397760737019,0.30508726366265754,0.5181867508658488,0.4875221225754244,1.4932624659114793,0.38222888275029604
134,0.2490361842382186,0.3032688944196033,0.5224006416727186,0.4832583025286364,1.5239320439763333,0.3788859469177176
135,0.250318471105599,0.30129447335953247,0.526573503260544,0.4790359978448902,1.5242252182137093,0.3755755601123476
136,0.24800064649336148,0.29935420437279964,0.5221620781585159,0.49212688715468733,1.528193250417951,0.38121053575718533
137,0.24735418902154283,0.29887737647289214,0.5176089803048209,0.4878356872239077,1.514867860276546,0.377886493386504
138,0.24896577598484648,0.2987643458862171,0.5131000952490269,0.4922971438520891,1.5372779420528122,0.37459472908633007
139,0.2536593365580856,0.29874420815756225,0.5086349544061238,0.49671531640757133,1.533001914000837,0.3713349007606936
140,0.25201523462699454,0.29696494798895606,0.5042130945418772,0.501090663251883,1.5457553826746138,0.3681066702200205
141,0.25035224231685305,0.2963179935865012,0.499834057707601,0.5054236375166021,1.54101555550807,0.36490970313351345
142,0.24858002593545936,0.2949191219033611,0.5041736037406329,0.5010384746022037,1.5363215895475866,0.36174366898214744
143,0.24664782708345936,0.29565269131934074,0.5083561657975848,0.4968107366441413,1.5486629815038755,0.3593444277793439
144,0.24418792926590738,0.2914224484182623,0.512613249522032,0.5011677908250891,1.543912175968897,0.3562329084058691
145,0.24300860004600586,0.2906438022591942,0.5341296994295494,0.4968325777085615,1.5427740315446896,0.35315141433276154
146,0.2416503114061514,0.2881699103942015,0.5295139764869319,0.4925391607163621,1.5334670698216015,0.35009962918189946
147,0.23895715704754544,0.28650610256397585,0.5249427142183425,0.4969200395796441,1.5288616807363322,0.34707724016821523
148,0.236727081352384,0.28564972129159366,0.529037346677918,0.4926368559287315,1.5415420071850836,0.35271547736595676
149,0.2364393193032433,0.2814497704531738,0.5330950154416497,0.4970081400784299,1.548764815559129,0.35829783366798007
150,0.2350015829752809,0.2789802919954474,0.528506624121819,0.5013374311375437,1.5526486327840479,0.3552139356342416
151,0.2366952216990949,0.2787144278674388,0.5325607490636382,0.49702669277339034,1.5567366387752921,0.35215963678337375
152,0.23468823595799373,0.27701453368011497,0.5365759974487656,0.49275729173031174,1.5777239847158542,0.34913462677390406
153,0.23268115249092194,0.2789672619357899,0.5511265781974165,0.49511758774505826,1.5641873316288042,0.3461432199018376
154,0.2312714844062854,0.2749747054959202,0.5464019242421723,0.490873083194213,1.5593507114886593,0.343175830924991
155,0.2312771068529086,0.2811612076164166,0.5417647411830195,0.4951910374322724,1.5800836790615433,0.3404069189951361
156,0.23055673982473546,0.27844635296724923,0.5456852150533487,0.4995099769053372,1.582325488405148,0.33749453631501436
157,0.22880252361858175,0.27726444337022754,0.5410212213719197,0.5037876854467048,1.6200835317611038,0.334609956814842
158,0.22909503602600106,0.2743507986907995,0.5364017128528323,0.49948609539293404,1.6345516207681308,0.33175289042813366
159,0.2331017888913255,0.2706186116814176,0.5318262257727496,0.4952254971856752,1.6207110280381978,0.3289230503520068
160,0.23090085177165434,0.2706186116814176,0.5358157395113958,0.4910054638700304,1.6069002396756797,0.32612015300795394
161,0.22883485863180988,0.2701664864480057,0.5313554416745877,0.49523743492907685,1.6100445486280686,0.33205895685297954
162,0.2345582558080919,0.26645521650542026,0.5268365760560202,0.4910257317221318,1.5963724686500855,0.3292349906605353
163,0.23254812124922705,0.264043186497676,0.5223606189285032,0.4868540203725723,1.582809828822158,0.3264378391907058
164,0.23127256068948684,0.2669211015346251,0.5179271248499034,0.482721885716457,1.5764750519744086,0.32542210608379935
165,0.22910329534412827,0.26484956184163494,0.5220145904074167,0.4786289172392127,1.5715871563030799,0.3226628725346045
166,0.22773096103386764,0.2612770262434767,0.5175928854774514,0.4745747090199964,1.5667455488205042,0.3199297688236728
167,0.2262981650214795,0.27073663953940225,0.5211886441895458,0.47104522809282295,1.5779010468216232,0.326658833856325
168,0.2247107912653591,0.26846657734144624,0.5167827559999485,0.4670632291940412,1.5814692765084803,0.32389741087798435
169,0.22569114313933317,0.26842262643407633,0.5124184796143652,0.4631188386390552,1.5856469898908956,0.3211620684052829
170,0.22394578122678632,0.2657227403417967,0.5080953851881206,0.45921166793842766,1.6228891273714752,0.32688939094193276
171,0.22578787787644716,0.26397797236252873,0.503813140314813,0.46376945602098835,1.634998871684578,0.3325628829558868
172,0.22775661415836784,0.2642553651911722,0.5164107220650461,0.4767041972531449,1.6289745984551416,0.3304446924119579
173,0.22784931126914248,0.26384356687143645,0.5120669972346663,0.4726944589385056,1.618551179963479,0.3276651978078233
174,0.23054067605179943,0.263800793108368,0.5161670831195551,0.46872242206464204,1.6136062486891831,0.3249118373159378
175,0.22907409350745256,0.2591383166382984,0.5118340823014084,0.4731822689923931,1.6168498581623754,0.32218434208627894
176,0.22746996461454938,0.25797789310550195,0.5159278597763554,0.4692141470900563,1.64522121515814,0.32786897458439734
177,0.22746344758629383,0.2629006570008994,0.5116055204644269,0.4652831658196138,1.6314378844068615,0.3251556324521466
178,0.2278694708817078,0.262481970488776,0.5156931010576373,0.4613890136155179,1.6360073745425023,0.3224342670217914
179,0.22625605518339484,0.2608351148563369,0.5113813606169109,0.4575313128535087,1.647411797351293,0.3197383750935446
180,0.22672255576896017,0.2651394534214902,0.5071099444449682,0.4537096900893644,1.6336519153783842,0.3170682523678212
181,0.22477353974639994,0.2637878436604387,0.5028784397610567,0.4582681295963876,1.6533975605062876,0.3144225227588653
182,0.22250962165710408,0.26121144468901913,0.5218542743180469,0.46462421797050346,1.6470307275631775,0.3210576079192219
183,0.22130465812966094,0.26121144468901913,0.5175084381021733,0.4774103385541445,1.6333147801488264,0.31838394239889933
184,0.21950926136919668,0.2591205855661777,0.513203100117777,0.4817579490548092,1.6197266497035754,0.315735192388448
185,0.21696518146038304,0.2576443037245031,0.5172488900063575,0.49437612377945905,1.6145760749697156,0.31311110367887884
186,0.21534165812242195,0.2554757225831143,0.521257045002117,0.490271449363823,1.6011706761483464,0.3105114248620766
187,0.2178747549906421,0.2554641303401604,0.5169335110918792,0.4862049235357888,1.6211241008039818,0.3079359072977971
188,0.21624622163940987,0.25309038689439345,0.5126501239923577,0.4987484521767355,1.6159773751545532,0.3053843050810771
189,0.2143586653527303,0.25129658213066874,0.5084064754393951,0.4946198797872676,1.6191562626256788,0.30285637501005247
190,0.21241600778382264,0.24956126845755833,0.5042021616531894,0.4905295755130671,1.6140360933585134,0.30035187655417706
191,0.21070747449504224,0.2487110129798532,0.5082764284332018,0.48649883156915374,1.6171813055019404,0.30617525917219096
192,0.21077334722970945,0.2480346629835516,0.505332204249666,0.49773924457566776,1.6142813554860158,0.32840757978337126
193,0.20952790040199304,0.24691411251549963,0.5086213366787924,0.4944247886046315,1.600971896698145,0.33394473822774196
194,0.20786615731973485,0.24485186345959253,0.504432036836441,0.49858899879531204,1.587785365125872,0.33119417599544015
195,0.21129859568620474,0.24460531734770444,0.5002813952110128,0.49448643571196965,1.6095384993714337,0.3284689955298866
196,0.2106490459173787,0.24403479927489158,0.4961690209345595,0.49042169671159314,1.5963078959847448,0.32576894019950636
197,0.20926613041561343,0.24644075003046534,0.492634198220729,0.5022785415292346,1.5990833069188575,0.32558356289561163
198,0.2076857152015952,0.24576932545215516,0.4885927757722789,0.4981579997957483,1.6023723066050923,0.32291257349884395
199,0.20597308333520203,0.24484070711817632,0.4845885141996048,0.49407534643979284,1.6138265628755017,0.32026614384717556
200,0.2042134082453565,0.242597824782677,0.48880834653874883,0.4982175071658935,1.6088009760346784,0.31764402643580175
201,0.20458814322292415,0.24079625714468292,0.49298264509925077,0.4941493257608292,1.605940651147654,0.32323870381548037
202,0.20219122321428915,0.2446290899947727,0.4889545089105093,0.4901116566835767,1.5996740698555814,0.3225467530752007
203,0.20126250051489925,0.2475984350124169,0.4891546722193449,0.4900823717100926,1.5866162784896227,0.32026656378819524
204,0.19964031332798404,0.2463915791882222,0.4933204236423645,0.4860859343809745,1.5899872671871536,0.3176549104730079
205,0.1982481208796999,0.2437589936144189,0.5055945483780809,0.4821260483610865,1.5851809517478441,0.31506714326939045
206,0.19610463643808604,0.24219153562643364,0.5096181834743261,0.48634067787297747,1.5722802248435837,0.31250302264496443
207,0.19512529976785534,0.24117799903802103,0.50547488750277,0.49051682909586314,1.5838878671623637,0.30996231166405575
208,0.19364172809016614,0.24000369518780543,0.5013693848976608,0.48653281689369027,1.5872593341032497,0.31557507140731816
209,0.1923036647483642,0.23612201828687968,0.49730129759562647,0.48258511279757316,1.5743803874890305,0.31301451031304084
210,0.1919934794064493,0.23447509175857187,0.493270251622311,0.47867335389983856,1.5804872684294393,0.3104772640048426
211,0.1922740479948516,0.23404541496267026,0.48927587704503345,0.4747971812148868,1.571161523668999,0.30796309963736884
212,0.19203328886135854,0.23374606943110388,0.49340528161822833,0.47095841291728446,1.5852533101461854,0.3135701269893039
213,0.190900908635522,0.2312817712752397,0.4974993579256452,0.467152333599556,1.596686672346306,0.3110359907635623
214,0.18950606008459914,0.230343384886543,0.49348280489393426,0.4633807867786442,1.5999428159836995,0.30852484671529334
215,0.18794720553175542,0.2294661789720246,0.5217643191794085,0.45964342870745467,1.6112348573589708,0.3060364659732909
216,0.1865368855068873,0.22754671982479358,0.5175602798672001,0.45593991933961703,1.6143672753546083,0.3035706221303381
217,0.1849521012216423,0.2254080438690805,0.5133942820653302,0.4522699222868274,1.6174713487267265,0.30112709121480535
218,0.18409468261628426,0.2241169127258496,0.5092659480271815,0.456674359193379,1.6125061045166131,0.2987056516625966
219,0.1825156018238063,0.22255250675423527,0.5132081212450544,0.4530057948847397,1.6075857099540145,0.29630608428943866
220,0.18123773812377633,0.22759731017138807,0.533075223608159,0.44946020815503857,1.6186702264470412,0.29434621715603054
221,0.18007660533013978,0.22630522891322866,0.5288014706219981,0.44585681069499256,1.62974457765143,0.29198639443528746
222,0.178601327015616,0.22483969009914553,0.5325753720403055,0.44228587499520383,1.6407191638596486,0.2896478305404884
223,0.17821241337518465,0.22396717950114522,0.5283141574049253,0.4387470800330348,1.6648444301213106,0.2953317020278873
224,0.1769771592335187,0.22282965955012876,0.5240912623877717,0.43524010822072706,1.659530227971339,0.2929710710369877
225,0.1766049584298274,0.2221789986212658,0.5278914708440984,0.43176464536603865,1.6605922625189633,0.2906316495184843
226,0.17496349122663488,0.22709800670109045,0.5395872711083811,0.42836785658231935,1.6791829275891796,0.29683779869625093
227,0.17546974639627522,0.226768631919237,0.5352871880063261,0.43292331193146544,1.693011431911476,0.29447223658874794
228,0.17657253669014253,0.22620660395320424,0.5310256368428167,0.4294767044186959,1.6980026548312612,0.300094155118406
229,0.1751382059084304,0.2249409666168855,0.5347555237678296,0.43401423897874764,1.700404525887816,0.29770742067536826
230,0.17459037617824016,0.22910445245370636,0.5348641469288974,0.4341537505467999,1.694839576576183,0.30340937134570395
231,0.17245141416032767,0.23204300444047482,0.5385561137654025,0.4386450955457902,1.696135426098613,0.3104528221097829
232,0.17111892167508616,0.23117040888754015,0.5422151151725354,0.44309633749865174,1.6905943556324223,0.3159416513172111
233,0.16974579333571277,0.2302859443186553,0.5379199387615071,0.43958633402700076,1.7009668592362093,0.31343890823605003
234,0.17006926610477235,0.2300894337162285,0.5336630457660596,0.4440212337905718,1.7064536587831114,0.31095847240010993
235,0.16878950418608596,0.22904736355238497,0.5294440612909923,0.4405109313500617,1.7087743505869237,0.30850012536286386
236,0.16947008110110762,0.22815683036901882,0.5252685763744608,0.44492370592819586,1.7067875055776933,0.313973381650677
237,0.1732883336530136,0.22657246036295617,0.5211242530681721,0.4493032095302734,1.717186456769183,0.31149615902275885
238,0.1718627044368366,0.22579003134795855,0.5172749437920258,0.45338561034204355,1.7191573946172267,0.3250631978470426
239,0.1709144551018344,0.22466131242618415,0.5132018439018223,0.44981558457167403,1.713494642264327,0.32250360185007837
240,0.17021134510799465,0.22684613146931384,0.5159718876322156,0.44733645605264716,1.7068228484284251,0.32185813633206906
241,0.1691339023641747,0.22512921644134826,0.5119171657587399,0.4516795162348585,1.6974016250045036,0.3193288411188539
242,0.16788340664285387,0.22380292007562594,0.5078983284250027,0.45598414006543886,1.6997771922405773,0.31682193032494566
243,0.1664262228264968,0.2221547014169387,0.5039150265162435,0.4524079863475894,1.7021317541996797,0.3143371861760259
244,0.16648996949474507,0.21999896140613337,0.5156366672815537,0.46453317840339575,1.697847745673609,0.31187439319244686
245,0.16533050177670214,0.2194493205786279,0.5272548464507393,0.46089725613439314,1.7002127050806217,0.30943333816331525
246,0.16467762834708555,0.22201893343314108,0.5231321236243442,0.4572933980546066,1.6934423473933387,0.3083875467595407
247,0.1635250403600313,0.220951199208144,0.5190457257257796,0.4615327001688835,1.7036484009022979,0.30597860613801886
248,0.1620586375022828,0.22020251268631993,0.5227989002276991,0.4735382827171967,1.7059610100729203,0.3035908716607173
249,0.16100365845517628,0.2194733775042398,0.5187232647004485,0.4698466730988236,1.6926616796846405,0.3090199377580734
250,0.16027339424339399,0.21892899115939338,0.5146834438529878,0.466187503529495,1.6862996821421916,0.3066132880629667
251,0.15904931724904184,0.21801288568131308,0.5106790915171014,0.47812090788980255,1.6809601170791875,0.30422776808766433
252,0.15784759472018542,0.21579044936310826,0.514482312530556,0.4977220804336901,1.6678949430201517,0.30186317376845834
253,0.15673614889817405,0.21471898829959882,0.5260168802525671,0.4938574283383776,1.6704736321215128,0.29951930317709247
254,0.1550792643137472,0.21342961331020263,0.5374504464759968,0.5055404527938888,1.657515905101798,0.29719595649680103
255,0.15412569785237182,0.21191541215136905,0.5332892698111638,0.5093684858876577,1.6834029037417895,0.31040572801095573
256,0.15285154099275913,0.21129356020583878,0.5369022734464123,0.5054252506625997,1.6935952344238245,0.3080027469968878
257,0.15184916264472226,0.21087499285448602,0.5404837240622482,0.5247174988425943,1.6882311893485986,0.3056207516540894
258,0.150350149398053,0.21450221732958832,0.5363079725798293,0.5206635564645057,1.688460116380862,0.30551854622654606
259,0.1492611994222056,0.21332990415586994,0.5321686241730392,0.5166449552631145,1.6985828831590353,0.30316048374710114
260,0.14782634840682052,0.21225424762431175,0.5340769140069743,0.5143602875508495,1.69149751735202,0.3102324072959404
261,0.14682857612809527,0.20995324295002665,0.5453686398346113,0.510398268397768,1.6861710439162454,0.3078427462560772
262,0.14531612495285215,0.20880634066345033,0.5411719680312398,0.5141658076947104,1.6731957718547448,0.30547386238795254
263,0.14931587719983008,0.20874627382525973,0.5370117523764802,0.5102131997093129,1.6760292040773053,0.310812985475456
264,0.1497208657309152,0.2129530453102709,0.5328876442133821,0.5062948973397096,1.6631609410316057,0.30842938294899497
265,0.14853051121735947,0.21158653788571694,0.5290053883319868,0.5098765424309577,1.6653330106704618,0.3141473335346871
266,0.1481212990519321,0.20985141116539585,0.5249508840492217,0.5059686491078175,1.667898029423513,0.3117395854524761
267,0.14711989995151556,0.20898016845686043,0.5209314764916374,0.5020945834115418,1.6627841140673694,0.3093526793935687
268,0.14600846864076214,0.20771858441399857,0.5169468310937387,0.49825402287453086,1.6730125824290116,0.30698641667783705
269,0.1449948055797953,0.2066859203357869,0.5129966167486488,0.5020880809192213,1.6755112347271985,0.30464060067903725
270,0.14377508265676195,0.20489035542840267,0.5167143007131164,0.4982552434659745,1.6703545204793495,0.30231503680202887
271,0.14108886489336137,0.21020978331422446,0.5127737522165942,0.4944554667850998,1.688100480612282,0.30027511503213256
272,0.14208407814099067,0.2087644871341279,0.5164851083000038,0.4906890345886822,1.70050429239858,0.3056083902700717
273,0.14134615148286833,0.20821106330604355,0.512554177391555,0.4869544357367417,1.6951728047521035,0.3032824268533373
274,0.14043892810510253,0.21342623825509924,0.531376230790593,0.4833427600149206,1.7050030293993095,0.30142293694018624
275,0.14114740123824235,0.2131962980174967,0.5425306684718408,0.47967224221494387,1.7081261593290926,0.3067303621675165
276,0.14119496594852599,0.21193373542961833,0.5384138756061311,0.48362055652335695,1.7071012611610004,0.3044028525168186
277,0.14009603404532409,0.2112392456801815,0.5343324050090318,0.4875349941167859,1.6941605032805391,0.3020953130039822
278,0.13894835724874902,0.21060056148501402,0.5378588909047206,0.4914158753177128,1.6889036478529877,0.31495349123094607
279,0.13845557969771943,0.20847581548836477,0.5337897737720364,0.48769811813020075,1.6906743160810211,0.3155930070993137
280,0.1384786407719353,0.20830994801875585,0.5297554774483141,0.49157001246054444,1.688182718707037,0.31320780646248586
281,0.13943886298357966,0.20809337209286552,0.5333059568396229,0.49540880293254586,1.7068934332826988,0.31839374249220637
282,0.13882686242745018,0.20687160708140892,0.5292833703491342,0.4992148015464962,1.701561522137755,0.3159921822793876
283,0.13886112954424937,0.20599224140728387,0.5252951154197026,0.49545311923291874,1.7229278588782582,0.31361111865782265
284,0.1379744546329033,0.2044766803590956,0.5213408690045521,0.4992511798582389,1.732541231985458,0.3112503587624766
285,0.13720812772208402,0.2036271048657786,0.5249404538992392,0.5105370249072351,1.7345525600453544,0.30890971169796255
286,0.1382998223304953,0.20343080832925853,0.5209967725131123,0.5067015510985395,1.745120780505705,0.30658898851694644
287,0.1372920816057163,0.20291344066768763,0.5170866306285388,0.5028986965273456,1.7470336789423782,0.3042880021988038
288,0.13649517567803984,0.2015449917968615,0.5357025614406544,0.49912815525291276,1.7639255551037492,0.3020065676285257
289,0.13562428659032877,0.20066163236712253,0.5466703279788627,0.4953896244494672,1.7656937815098588,0.29974450157587035
290,0.1347421243719186,0.19918639980963784,0.5575450644314061,0.49168280437214756,1.782412280930963,0.29750162267475816
291,0.13522155830560204,0.19896946400870688,0.5533773276627652,0.4954825551035277,1.7874061451572651,0.29527775140290613
292,0.13540613684719108,0.2000777158103056,0.5641675969022838,0.49179510099253054,1.7932724735057666,0.2983907701892707
293,0.13473421712657183,0.2000777158103056,0.5599587817187532,0.5030466434662064,1.7798942638103847,0.29616470897786173
294,0.13316249031238594,0.19856878253517504,0.5557855405568312,0.49929755509145823,1.7666291302896584,0.2939574630258983
295,0.13305829835486488,0.19782123818871825,0.5590928575234765,0.5030254429530164,1.7735589113905463,0.29176885685995707
296,0.1319235569777151,0.19632720452016558,0.554934395138258,0.5067218772287909,1.7678052774592938,0.2895987167837545
297,0.1341470194027176,0.20211754161648243,0.5508109883426462,0.5029567106607143,1.7769185031682606,0.2875160445881521
298,0.13324391568503408,0.20077021963457428,0.5467223109967007,0.5066462696566063,1.7637284133130162,0.2853818091371844
299,0.13251383864728453,0.20030571000326478,0.542668040256024,0.5028891865714162,1.7803116956846152,0.28326553347871175
300,0.13611085913144363,0.20606067405467673,0.5459628474092423,0.49925688318102296,1.781769792336519,0.28144159732664503
301,0.1350613527982647,0.20459719611149674,0.5419222977281114,0.4955619939596922,1.7759840878693882,0.2793587106215672
302,0.13414918262622988,0.20314623448617444,0.5379180197353458,0.4992891363156556,1.7776356031062546,0.28469140565817747
303,0.13335912721673276,0.20126069862488852,0.5339449621023665,0.49560139126655217,1.7792779845323614,0.2825886775085417
304,0.13257185464795218,0.19990222850497533,0.5300051911786287,0.4919445425468116,1.7735279972436322,0.2805035662441859
305,0.1319493472885061,0.2005989036718469,0.5274611142001367,0.4943268229073965,1.766463426397311,0.2800035219297549
306,0.13246522526202154,0.19953030484121526,0.5235769611323329,0.49068666632712393,1.7863715285506967,0.27794161346025836
307,0.13175595784622124,0.19671538207428707,0.5270817700806235,0.49443343292678926,1.8026474989604155,0.28326204106209146
308,0.13108727950753657,0.20035108089821577,0.5232081654138676,0.49079976589085217,1.7967487195409386,0.28867592507184275
309,0.13027540715055583,0.19896146117736097,0.5193668716761918,0.49453821609061027,1.8129245667574267,0.2865565219422698
310,0.12939356832323817,0.19781945909862853,0.5155575911642454,0.49091104059732776,1.821631135390631,0.28445478185422207
311,0.12816579650840532,0.1969614121947854,0.526434306673074,0.49464120604338996,1.8156109300531609,0.2823705421970023
312,0.12762928172352048,0.1945106767000721,0.5225809047899703,0.49102052378414657,1.8023209934206774,0.2803036419869621
313,0.1266876358892305,0.1936798464702847,0.5260720315062808,0.4874299366332797,1.8183915192348334,0.278253921850005
314,0.125946179515211,0.19239676758609744,0.5368393557774912,0.4838691681972282,1.8197182037435742,0.2762212240042909
315,0.1262650770093154,0.19094275274034161,0.5373267974531786,0.4832305980175479,1.818416751396313,0.29609905847120965
316,0.1255462265984462,0.18927945284665476,0.5334093656580631,0.5015793431816283,1.8124500067285032,0.2939403203035679
317,0.12745010336422316,0.18804713940996906,0.5295244488042089,0.5052094265081817,1.8219569132903757,0.2990830405281571
318,0.12661266598723553,0.1866961573788992,0.5266325511000568,0.5078485995670363,1.82229142280317,0.31241989670457554
319,0.12595068723827105,0.1856107177593451,0.5300733433444857,0.5114259277623523,1.823583142999834,0.31014899286426184
320,0.12506841908983565,0.1848831341341452,0.5262242208660054,0.5077122133125608,1.8321256826789134,0.30789684893908426
321,0.12577200174863468,0.18416400018730936,0.529661100525403,0.5040291508690747,1.8289297775122515,0.30566329360781413
322,0.12485101264766084,0.18284274818254004,0.5402507700962856,0.5076892924626171,1.8300378206681605,0.3108268388044878
323,0.12465670806651737,0.18242059307244912,0.5363394957727672,0.5257329703547998,1.8167888253214786,0.308576533759185
324,0.12377765792021823,0.1816819213141514,0.5324604190696118,0.521930605372438,1.832578905434005,0.30634475323084437
325,0.12320402316091339,0.1804472098262714,0.5286132468945166,0.5181595139815924,1.8330061825821498,0.3041313285923042
326,0.12209313532190168,0.18025722455486073,0.5247976890569808,0.5216374636048196,1.8269935007446447,0.30193609288591994
327,0.12127594670044045,0.1793720940930356,0.5354351330979438,0.5322976955177611,1.8138193476246223,0.29975888080578983
328,0.12095868336609816,0.17805813792745687,0.5315780564045963,0.5356668499615607,1.8045968072519822,0.2975995286801824
329,0.1209516980073624,0.18388518730769657,0.5277525920431207,0.5318119608827833,1.8129573798340042,0.2963080407587793
330,0.12001154470487042,0.18321371554619575,0.5239584534051206,0.5279886384787672,1.8071128362876914,0.2941778119296973
331,0.11918014835168528,0.18211077479860202,0.5273774083995457,0.5313786484756715,1.8013161101774833,0.2920650116782477
332,0.11844495729388846,0.1809686748298635,0.5307684155792252,0.5275660740365032,1.802741641899514,0.28996948224496294
333,0.1175865338928881,0.18000587364621887,0.5269640257763608,0.5237846376633322,1.796987829074302,0.28789106742408344
334,0.11691178645984641,0.179319195100264,0.5231906799388124,0.5415156714214352,1.791280967580325,0.285829612547099
335,0.11581799873130248,0.17816587512023332,0.5266014786044888,0.5447953844437156,1.799927395176215,0.2837849644664756
336,0.11485006835143649,0.18133432871944588,0.5228382627628121,0.5409021507470614,1.8011189402896206,0.28347612770853603
337,0.11446422814472648,0.18077835012454258,0.533383850984609,0.5370406024776542,1.8025387697557855,0.28145236657381084
338,0.1136601096564514,0.17942719308656405,0.5367117353719593,0.5332104542066829,1.818210959703279,0.2794450615577282
339,0.11278208844425859,0.17830748273255015,0.5329436360291487,0.5364803702207266,1.819394419561927,0.2846906441780085
340,0.11488999091179118,0.17821914056804086,0.5362680046184675,0.5326618621580484,1.8139718339338908,0.2826643006610677
341,0.11409339527506682,0.17709388949488647,0.532454823199767,0.5288743225365554,1.8010734256163485,0.2806543909708978
342,0.11327264941156494,0.1760927594948451,0.52867253992228,0.532220955328341,1.8024864969661722,0.2786607675431985
343,0.11253029878972026,0.17532723815144874,0.5249208775649656,0.5284441120594003,1.8109777762177781,0.2837864005262027
344,0.11337576253547789,0.1740259450820935,0.5211995616145362,0.531787108160932,1.8008720604707953,0.28177455663900197
345,0.11271266602147914,0.17363914553059456,0.5175083202369971,0.5280208836238184,1.7952001215333042,0.2797789718779909
346,0.11189217207510375,0.1727682540193276,0.5209220091205703,0.5242850699376498,1.796649106247035,0.2777995007156559
347,0.11105914349190059,0.1717915078850229,0.5172401046040388,0.5205793951280706,1.8051544544817184,0.2758359990427242
348,0.11041282511472186,0.17029162694472516,0.5135878780380996,0.5169035898692677,1.8065302566889767,0.2738883241532888
349,0.10984330111267675,0.1696612550788686,0.5240729270339187,0.5203113187589107,1.7937871163620445,0.27195633473009995
350,0.10919351974273026,0.16892412820597372,0.5274267284328576,0.5166447468661582,1.802287154889694,0.27003989083002133
351,0.10867421909071681,0.16843007653382921,0.5242581090446443,0.5265429477667382,1.7963669941132767,0.275450880954928
352,0.10725885277894179,0.16731461409262513,0.5276039071956478,0.5228398758814264,1.7907663033456975,0.27351368966336326
353,0.10703409830484537,0.17053577879254178,0.524461412731357,0.5256279638303409,1.783292474185251,0.27439975859419763
354,0.10799850800016234,0.17004200502622066,0.5207803493619572,0.5219387127307958,1.795357788761397,0.2724738153781413
355,0.10722578195912331,0.16971697452407597,0.524140510286868,0.5252907515193885,1.7897809511681109,0.2705633013450126
356,0.10654977339652638,0.16883713355691923,0.5344785019254523,0.5216112336283671,1.7912534780476972,0.26866807949868615
357,0.10704068873413912,0.16864493358719185,0.5447338183173663,0.5179611416703416,1.7955372840398778,0.26678801416816256
358,0.10865930212396581,0.16848304067659645,0.5479164616131199,0.5283216762900584,1.8055101947084617,0.2649229709937683
359,0.10787291450173274,0.16738456118169445,0.5440899535783807,0.5246320132102179,1.82781759638573,0.2700586562064542
360,0.10677003170647413,0.16634772397343112,0.5472707300404439,0.5279485431157708,1.8220421089926964,0.2681745208955962
361,0.10601557434717702,0.1653710743872071,0.5434563679873057,0.5312386426322108,1.823282438119132,0.2663054008057147
362,0.10593797488388547,0.1654937769803352,0.5532317294815612,0.5279060166277718,1.8241465963480172,0.2653752485630496
363,0.10760322457661262,0.16538083358079306,0.5563403655244666,0.5381447261004649,1.8192818274721105,0.27048715179917265
364,0.10821433247831133,0.16495868575997472,0.5524744053116365,0.5344052057838194,1.8235792093185639,0.2686075603984093
365,0.10749780066407735,0.163245519686006,0.548639146493005,0.5306953827431505,1.8109199835213672,0.26674289571011844
366,0.10674235153377598,0.16241495437404788,0.5517693466556404,0.527014995397936,1.8191662867442722,0.2648930262563407
367,0.1059086726081287,0.16182882914093147,0.5548747318540557,0.5233637846789887,1.8134910237007558,0.26305782182138676
368,0.10523235863543558,0.16138127625968038,0.5579555203149318,0.519741494002489,1.8078607125542272,0.2612371534387848
369,0.10455566012830729,0.1605094909147223,0.5540976740684641,0.5161478692443017,1.8022749583065822,0.25943089337837194
370,0.10399390204798563,0.15970038211700174,0.5502703312084101,0.512582658714578,1.796733369743452,0.2576389151335283
371,0.10330112006415983,0.15930428215262296,0.5524700857160824,0.5099491909578537,1.79123555939516,0.26966197223972754
372,0.10260605589680631,0.15782277552601914,0.5486616097415213,0.5133273770005101,1.7926746859233516,0.2678030459936185
373,0.10183816147780353,0.1570347253209426,0.5586564726461487,0.5097922698244377,1.8078757679371613,0.2659587795233633
374,0.10121091612610043,0.15620987030233247,0.554813045097905,0.5062850167097567,1.8023177691774923,0.26412904452526037
375,0.10182671745117912,0.15601931490705317,0.5647456600974329,0.5096782668576952,1.8000713991010946,0.2623137139200652
376,0.10591785251599678,0.15598717430116682,0.5608681032194487,0.5130448273168637,1.8087092676744354,0.2605126618404001
377,0.10712930801847889,0.1555400633086855,0.5570210187461107,0.5095257703800052,1.8260897987468416,0.2587257636183024
378,0.10744473943436225,0.15431204657099212,0.5573277896284572,0.5087630006013527,1.8250742059918077,0.27750981079288545
379,0.10904216746402165,0.15422203989446875,0.5535126266963856,0.5052802858018668,1.8209998787589519,0.2756101295583842
380,0.10838984380836927,0.15352713176008365,0.5497273674472913,0.5086634830110335,1.8085467633263155,0.2737253382424542
381,0.10816347770977051,0.15810230271983267,0.5495139983967471,0.5084779386816853,1.7961911717158334,0.2727257848528747
382,0.1083420390958473,0.15630688341867302,0.5594134936051259,0.505007601903542,1.8083718742470505,0.2708644448624382
383,0.10756623399366017,0.15495762301742222,0.5555993402453797,0.5083825239242488,1.8164965485199542,0.2690176561377867
384,0.10670701485414158,0.15361809812380345,0.5654376070733572,0.5117310850553076,1.8109351339261484,0.2671852923371704
385,0.10588041671135015,0.15299372510757236,0.5615931905489832,0.5150504067231415,1.8190168115613432,0.27218105648855284
386,0.10517373406276806,0.1522838392165271,0.5577756455654035,0.5115492458658409,1.8202304373913376,0.2771451996883098
387,0.10448208797420842,0.1517497075164915,0.5539878408266993,0.5080753604910017,1.8214512364824016,0.2752631313172098
388,0.10408633499273715,0.15093784391963963,0.5502295189343486,0.5114126379649881,1.828286257242663,0.27339571225789855
389,0.10348087534383213,0.15018408245263082,0.5532777676209372,0.5215013046565965,1.836227362823793,0.27154281582317796
390,0.1044666247737439,0.14782734158464533,0.5563023312051714,0.5179704442228213,1.8403016039094975,0.2697043165214412
391,0.10504136875852702,0.14737225074926272,0.5525396126293156,0.5144669949239496,1.851672612918752,0.2678800900445088
392,0.10662962030025243,0.14648489098525497,0.5555631208751235,0.5109907202742789,1.8543321845928455,0.2660700132555966
393,0.10591289607154011,0.14507243957226326,0.558563197574091,0.50754138601493,1.8485651967469632,0.26427396417741505
394,0.10569181760920501,0.1440865519501035,0.5547965039945837,0.5041187600912393,1.8546094798559603,0.2624918219803972
395,0.10488977409433219,0.1432612786334145,0.5510669757041132,0.5074513880074928,1.8555728967383471,0.2674763173943267
396,0.10381942390817454,0.1430375011289156,0.5473582580585249,0.5040362061875752,1.8430847668952985,0.2656761838682161
397,0.10305724998436658,0.14204125737568826,0.5504015225038139,0.5006473992718681,1.8643097821678423,0.26388995248606767
398,0.10232628672389664,0.14104177334582632,0.5467046844774822,0.4972847407984815,1.8585045415596528,0.26211750388040345
399,0.10167787658912694,0.14020592810893087,0.5564561609078436,0.49394800642847403,1.859453962928625,0.26035871980274616
400,0.10103051025400922,0.13947282312823156,0.552726123713878,0.49063697392439054,1.8603912744839497,0.2653214802777366
401,0.10044900372368398,0.13829495347592927,0.5490247928890554,0.4940479237394106,1.8546296637892028,0.26354475482310996
402,0.09977755449988628,0.13750302214144167,0.5453519227355612,0.49743264571201457,1.8422225484345913,0.2617816911570665
403,0.09926159263005474,0.13622353107050614,0.5417072698520258,0.49410824315473584,1.8432769942334073,0.26003217244125
404,0.10613546733368262,0.13622316470329068,0.5447670343230616,0.490809358516608,1.857683344009785,0.25829608292853806
405,0.10546314763040081,0.13545004137117125,0.5678126369652646,0.4942055420183638,1.865302331211814,0.2565733079520489
406,0.10600187588932772,0.1348523650809497,0.5706923453074906,0.49091260024391814,1.8693524197722626,0.25486373391426603
407,0.10703770328292088,0.13457138661157111,0.5668935648664557,0.48764486904093635,1.8657255910043498,0.2598241324108939
408,0.10624231590422115,0.13248957553066262,0.5697560999622636,0.4844196648788038,1.8665834250225328,0.2647812080378037
409,0.10560890946474014,0.13035966340575833,0.5659711291006903,0.48120159610084623,1.8541834456719404,0.26302222878829384
410,0.10478156318516178,0.12940970900099277,0.5666955284358981,0.48680063735820545,1.8462744210235236,0.27015341768498147
411,0.10583693085494299,0.12873595580667171,0.5629384111404023,0.4968329513815861,1.8358329918802776,0.26836233583045727
412,0.10506532673310008,0.12808056855937092,0.5592099333841973,0.5001655488936809,1.8302970670678016,0.2665849069324716
413,0.10427282952553599,0.12706113788187884,0.5555098521731673,0.4968561421049525,1.8313329500463307,0.27152461530140226
414,0.1046665080877333,0.1266636293677997,0.5518379267659267,0.4935719182792156,1.8290742556348174,0.26972983501133885
415,0.1041617729309909,0.12447523149642711,0.548193918651284,0.49031266408856966,1.8169961415608558,0.2679487002616799
416,0.1054443294245529,0.1243606779965155,0.5445775915259462,0.4870781681798909,1.8197124966450589,0.2661810955510342
417,0.10491807497780782,0.12384975128363604,0.5475789204719036,0.48386822115510475,1.8209006290082128,0.2644269064464164
418,0.10444537506967216,0.12329069178129899,0.5439738676887002,0.48726623783591677,1.8286633739024176,0.2626860195725809
419,0.10396358014677254,0.12271462634808514,0.5469731706924292,0.49063850930022446,1.8297902620802917,0.26095832260147
420,0.10325049768028194,0.12193242168736336,0.543379300869153,0.49398525277622995,1.8309086197503088,0.2592437042417743
421,0.10773988151634757,0.12033106548070667,0.5398126129251415,0.4907427824745857,1.825576623711905,0.2575420542286048
422,0.10968987765744849,0.12027726711170046,0.5362728778732522,0.4875248150040333,1.813986335765495,0.25585326331327474
423,0.10904478011451048,0.11787775679680779,0.5393106551662489,0.4843311441098239,1.8152048715345637,0.25417722325319014
424,0.10833203011883917,0.11687082974051922,0.5357812774411618,0.4811615654352468,1.8164142149878457,0.2525138268018485
425,0.10790801601380745,0.11631495368462812,0.5388161991861673,0.47801587650277333,1.8096265768088216,0.25086296769894284
426,0.1072510406468722,0.11555261470391796,0.535297102535289,0.48795620353781594,1.8239322635891515,0.24922454066057212
427,0.10664548855938248,0.11470151444663945,0.5318044840451142,0.48477246715889666,1.825081041396465,0.24759844136955445
428,0.10750366462235261,0.11453774920307701,0.5283381217136965,0.4816126648821535,1.8349710393630612,0.2459845664658439
429,0.10704979338044263,0.11400839254337693,0.5248977955745092,0.4849881954863903,1.8295340425344624,0.24438281353704863
430,0.10639128092896925,0.11344091274599076,0.5279883786235281,0.48833839411365004,1.8436516037842952,0.2492996892576367
431,0.10544955543905664,0.11265120279053728,0.5245571990971879,0.4916634726525157,1.8316704695534611,0.24767959301246217
432,0.10458976222405258,0.11232774524061066,0.534135912108275,0.49496364105317125,1.8262711868819985,0.24607163387048964
433,0.10411443062209667,0.11194831877978471,0.5306717176097986,0.49175350242850097,1.8338835282448136,0.24447571047166664
434,0.10507541430240352,0.11118548786163784,0.52723343051501,0.4885673712194882,1.8375276448210076,0.24937152455447859
435,0.10463072059125761,0.11032642442092266,0.523820834806263,0.49187769392149283,1.8374809697372354,0.2477574307862836
436,0.10427660923041412,0.10857544187051708,0.5204337164362626,0.4886971255626739,1.8320656693355781,0.24615538732149722
437,0.10407662122930207,0.10811723553163798,0.523531577622762,0.4855402817454141,1.838557497306142,0.24456529384252215
438,0.10458854400087711,0.1077446856717432,0.5265971519339494,0.4824161643867394,1.84211505988442,0.24946790657076812
439,0.104040903562912,0.1071230943495777,0.5232022813093532,0.4921997356897069,1.8431329137472752,0.24785963492576152
440,0.10472940982609642,0.10661750781997595,0.5198326680617831,0.4890297901273902,1.8469316234410393,0.2462633286036759
441,0.10414198994896876,0.1058461305557193,0.51648810258909,0.48588340812474146,1.8607843083433486,0.24467888830847603
442,0.1038098282204381,0.10503687966185957,0.5131683771925273,0.48918789064483614,1.8552516203394132,0.24310621564583662
443,0.10327746592586308,0.11051371436791164,0.5098732860580786,0.4860467799428048,1.8559731101892825,0.24203526435566083
444,0.1040744229314656,0.11036720563355268,0.50660262523798,0.48934361212870037,1.845525327958279,0.24048269182861126
445,0.10475606228087764,0.11011851089394366,0.5161726781530845,0.4862077794689662,1.8539928186935317,0.23894162035971753
446,0.10418949799572998,0.10883599821757209,0.5190591179733439,0.4833061003453097,1.8547165887952954,0.25042657450171174
447,0.10344192326338852,0.1138015437730093,0.528505349853841,0.48024018093788634,1.8683990651934017,0.2559740257780518
448,0.10284012580215783,0.11351267357290636,0.5251287044182655,0.47717190392727077,1.8628508228897915,0.2543385957374507
449,0.1021407843622839,0.11298735188602774,0.5217769859234539,0.47412627743201136,1.8828739595156956,0.2590981227289438
450,0.10545940077784763,0.11214186382960381,0.5184499889725224,0.47110311481286843,1.8927424415252612,0.2631117395523618
451,0.10516896163766508,0.11673147773803481,0.5182693280292331,0.4713503215283366,1.8806858455067292,0.2618471108638313
452,0.10445211437491264,0.11612391612180424,0.5213348412471638,0.4683508641032784,1.8814451061039195,0.2601808358555446
453,0.10374211868331182,0.11498553147924141,0.518020621124443,0.4717306540674421,1.8821987810627183,0.2585268191017901
454,0.10468888881695476,0.11435857921650791,0.5147307616050283,0.47508560146849094,1.8783972429621254,0.25688495991286464
455,0.10875800247028762,0.11433118289831434,0.5114650627476207,0.47207143052395945,1.873444410467872,0.26159965431599574
456,0.10836874120645654,0.11380810288223922,0.5082233264080015,0.4690793764763095,1.8742465373059483,0.259941599509139
457,0.10965381216518283,0.11348546009805084,0.5113371596222007,0.4661092580851725,1.8828665792936874,0.2582957004054024
458,0.10920753844940767,0.1124809955791152,0.5081027093241001,0.46316089573678587,1.896258453314308,0.25666185747133585
459,0.11046398028249868,0.11242774774175704,0.5048919308441336,0.4728724163262021,1.884767200396564,0.2550399720661322
460,0.11007592606627382,0.11207056651186911,0.5143303035673692,0.48251292300796,1.8786258314320723,0.26029876121562157
461,0.10958775636463956,0.1116381354690288,0.5236997192852133,0.47946994234021867,1.873084754101835,0.25865718010878125
462,0.11070345675116666,0.11105750396897945,0.5204009391856841,0.4827487528634072,1.8688840563258242,0.2633290957420127
463,0.11008304093784622,0.11046579739826042,0.5234195003400278,0.49229822042952326,1.869709290415353,0.26167172181416204
464,0.11120972027649965,0.10982908957882488,0.5201301942500031,0.5017763347644272,1.8721292996004577,0.26631670838734994
465,0.11057979694645914,0.10959386854105979,0.5231444249591242,0.4986245014562379,1.8666511493070226,0.26464387965098346
466,0.11006436791707237,0.10903869923422725,0.5198616555864181,0.4954955963895552,1.8612128502178409,0.26298322002938807
467,0.11368511325086356,0.10902924872721524,0.522871350938692,0.49238962948220943,1.8496832092656392,0.2676038241566032
468,0.11292845292734892,0.10801916050527666,0.5258593859158182,0.4893060220774527,1.8443620382276866,0.26592794577838014
469,0.11264371866699462,0.10662754886264023,0.5225694645489124,0.4862447886372912,1.83282320058327,0.2642642271982696
470,0.11187256201212219,0.10523382882318336,0.5316939876835703,0.4833151989031144,1.8337586081474544,0.2689720436910605
471,0.1132824605332399,0.10516506351474035,0.5283742096387126,0.4802974871681088,1.829970258217321,0.2672926425580585
472,0.11252215188029968,0.1047883521252043,0.5354157765828775,0.4794393653396595,1.8310308247046954,0.28433800069786475
473,0.1118513620692331,0.10415074924260914,0.5320794398731602,0.4764518344811647,1.838315023158758,0.282566205111731
474,0.11125049553165522,0.10388965190555025,0.5287672067705282,0.4734858872565276,1.8330711315368868,0.28705760232062544
475,0.11125194608983219,0.10378680244541155,0.5254788825281348,0.482979050408509,1.8293376992491694,0.2852724339883467
476,0.11055805144976104,0.10317659286318606,0.5222142741240654,0.47997847794141535,1.8366105966241724,0.28350014053105854
477,0.11128908146046347,0.1025527300618525,0.5189731902448104,0.48320595266879,1.8463611573935994,0.28174061808831613
478,0.11072170648012689,0.10168466325447933,0.5157554412689069,0.48020996850510517,1.8411135303511252,0.2799937637182543
479,0.11021046753830106,0.1011852915963822,0.5125608392507489,0.477235536028442,1.842097677091971,0.2782594753887985
480,0.10943203351635412,0.10035547663202218,0.5155770318226246,0.4804703157097624,1.843074750441402,0.2765376519689657
481,0.10898233403459918,0.09949132659924079,0.5185715646651924,0.4775002167780681,1.8316815089271323,0.2748281932202541
482,0.10954134541921255,0.09934136591387366,0.5153691412044553,0.4745514282194351,1.8352855329007072,0.27313099978812144
483,0.11033216446200837,0.09839774119580132,0.5121896752719008,0.4716237789315042,1.8321091341628586,0.28387987402757475
484,0.10931842130026738,0.0979064573223808,0.5090329826843684,0.4687170993185917,1.8269205525013528,0.28835360011883565
485,0.11055989319439788,0.09742079079351285,0.512055852847018,0.4658312212773322,1.8352833725506938,0.28657821508613507
486,0.1100817268680741,0.09691377567602619,0.5150571085260072,0.46911679625560426,1.8301456964866196,0.2848155246214164
487,0.11056202683170072,0.09679326974649254,0.5241815930521697,0.47237889852605386,1.8279172905554522,0.28306542711790944
488,0.11048337733740272,0.09618445642467927,0.5209638892832573,0.4694791870858036,1.839215860166045,0.29360866608026404
489,0.10988227940754833,0.09524034555808426,0.5239015271046745,0.46660015607854205,1.8402018517430758,0.29180814227239754
490,0.10922678372704345,0.09454812171931082,0.5329025991558456,0.4699098011068823,1.841097023780838,0.29623050611017954
491,0.10982470322366025,0.09365775323109107,0.5296411602482928,0.4670338869889964,1.837727849955908,0.2944175337212998
492,0.109016891106864,0.09355827354918676,0.5264029216641125,0.4702924544130308,1.8326059620620405,0.29261745795470234
493,0.10852080506963195,0.09300455094535467,0.5231876985784804,0.4674199491624003,1.8336283902307025,0.2908301760697525
494,0.10793161502615752,0.09249899345572359,0.5255875708110025,0.4650773872584435,1.828032205188962,0.2956669388570174
495,0.10751195872959152,0.09185533112178183,0.5226223849493216,0.46809947681991704,1.8286031847113524,0.30043763441291127
496,0.10881941265330486,0.09144298327524855,0.5255294315080489,0.4652489305640208,1.8245211508759052,0.2986080844639898
497,0.10842069881543094,0.0948857960561078,0.5223594401421162,0.4684750220394442,1.831590963694263,0.2973255273154826
498,0.10851397006221994,0.09410358903977409,0.5191848271026674,0.46562788882171613,1.8307305981323132,0.3016021100218066
499,0.1088930109649643,0.09375817869047078,0.5160394358087281,0.46886548781155907,1.8293714870950453,0.30585589437375277
500,0.10939103692995508,0.09324764480530294,0.5129094984143401,0.47815228806942356,1.8323476075970444,0.30400078459983765
501,0.11108176417605875,0.09317189177081196,0.509801654448285,0.47525504653280537,1.8217297456367099,0.30215876957181526
502,0.11081054513148796,0.09281434620306128,0.5188221053498484,0.4723782383375968,1.8335436488293058,0.30032974570157983
503,0.11165423245162012,0.09157570022419949,0.5217318544543731,0.47556883991259463,1.8483337331713343,0.30456078031229217
504,0.1156112997787562,0.09045843355228125,0.5185800233682663,0.4726958839287438,1.8433008738694354,0.30272090006192653
505,0.11497153515452481,0.08992874566548499,0.5214854197684584,0.4758781936686901,1.8382115060780082,0.30089396255206985
506,0.11494901920145982,0.0988637483888152,0.5183413718056276,0.47300911275359186,1.8449529211120175,0.30045660360171217
507,0.11580197107407426,0.09874364485184023,0.5152194029129235,0.4761831776579437,1.8472816404146488,0.29864695416781784
508,0.11605528863870926,0.10416691082245881,0.5252926687042857,0.4781955977829579,1.8361729345616737,0.29686036247559383
509,0.11534692893617154,0.10388217243429304,0.5223165088106981,0.48115078983314935,1.8309653740707115,0.3012682646408695
510,0.11568064194720518,0.1036900031756417,0.5251838901645739,0.47826258750421297,1.8406482243335776,0.30546846538518746
511,0.11486149088190495,0.1029362223533672,0.5220333362532148,0.48139246615514764,1.8416041682791364,0.30363597416365634
512,0.11436191962525108,0.10252356321522617,0.5189048124578998,0.47850750138247405,1.8305675120698517,0.3018162965601098
513,0.11420128557439106,0.10498682359431188,0.5219604651087305,0.4874412769577726,1.8312311965421344,0.3006491828709168
514,0.11367474181854131,0.10432768614152471,0.5188386279492726,0.4964878663895445,1.8262596161046671,0.298851004936403
515,0.11321272847299013,0.10389896815391089,0.5276885759545314,0.49352134843565953,1.8153477040391688,0.29706536840488534
516,0.11268192397425746,0.10351949563964613,0.5305078188686474,0.4965445366900185,1.8283879677118975,0.29529217514241596
517,0.11357470989057625,0.10217309619779762,0.5333074326121442,0.4935836079141105,1.8429186743132022,0.29353132785868985
518,0.11283683265676446,0.10176304821097788,0.5301304627513971,0.49660038494788433,1.843854424701958,0.29178273009918637
519,0.11436680192431103,0.10119534200756045,0.5269756341759823,0.49959613414121135,1.8515010040449644,0.2959976769666311
520,0.11382728218573013,0.10068222824313565,0.5238426557480098,0.4966259324668771,1.8523105098086763,0.3002564667160224
521,0.11306568594401822,0.09993484405018163,0.5266706795619598,0.4996156035650827,1.8531876765695656,0.2984731645189318
522,0.11251716991550853,0.09933103800225027,0.5235457702244919,0.49665122083919466,1.8718587429386402,0.2967022256476725
523,0.11383099698760367,0.09926652125762515,0.5204425068113783,0.4937073720863958,1.8733079971256803,0.29494355388713667
524,0.11323212136633065,0.09795074442109344,0.5232821931545317,0.49078389762933733,1.8799796724491729,0.29319705384518024
525,0.11273921407896875,0.09753595423865027,0.526102242913818,0.4878806391554624,1.8806896591351303,0.2914626309449936
526,0.11233592839097765,0.09716685345416272,0.5348124495979042,0.4968167217979941,1.8695754583291835,0.2956498324643639
527,0.11177464526452752,0.09641449148948385,0.5316550589632686,0.4997873822066938,1.876249184536786,0.29390439439003263
528,0.11112090708017519,0.09585392723770766,0.5285194459055964,0.4968397194029897,1.8710812126751695,0.29217099518462736
529,0.11205724999696932,0.0957106223572546,0.5254054417335907,0.4998043089277553,1.873637072740873,0.2904495415938611
530,0.11183297933615524,0.09526272168135498,0.5281989288893699,0.5027484856235236,1.8964957001605436,0.28873994115763163
531,0.11278431953961145,0.09481627480202416,0.5309731977844309,0.49979224077562395,1.893462743084996,0.2870421022026889
532,0.11409349009969542,0.09467742859521538,0.527854107577367,0.4968563165326028,1.9014686490426764,0.28535593383537533
533,0.11434177949880742,0.09430003395664541,0.536493275043525,0.49980897398550056,1.9057702681503776,0.2836813459344379
534,0.11410645542758797,0.09372661316687564,0.5333480550399853,0.4968788176237078,1.9106624497521103,0.2820182491439112
535,0.11511858082181921,0.09360652946754783,0.5302243992720315,0.5056821367825471,1.906901756677602,0.28036655486607126
536,0.11434736701574656,0.09325143745953925,0.5271221416059525,0.5085743110822427,1.9132972986590353,0.2787261752544586
537,0.11365148474912026,0.09295416664183058,0.5240411173157519,0.5056016986986259,1.9077883691837607,0.2831127292104394
538,0.11303687780394421,0.09243986450384574,0.5268203122217391,0.508488564120186,1.9024876574980758,0.28145959175788393
539,0.11244619578869895,0.09182912142941291,0.5237472044874232,0.5113557041299114,1.9088897904265236,0.27981774988454994
540,0.11185025701015988,0.09143844633525788,0.520695076806415,0.5200307527481596,1.9094207335805473,0.2781871168372655
541,0.11126393174753334,0.09095759452951169,0.5409503999868694,0.5228249695340922,1.915769713041351,0.27656760659583324
542,0.11141392466169905,0.0900872173902957,0.5378043194421831,0.5197843035784568,1.924818900574594,0.2749591338663136
543,0.11078268487011218,0.08958289507481736,0.534679662216149,0.5167643431180423,1.9252557047375365,0.2733616140743741
544,0.11045772348670627,0.09313965250098993,0.531576264280846,0.5137649296209521,1.9193127960738348,0.273643806249665
545,0.1099805408645923,0.09256516948056204,0.5284939629902287,0.5165843237242618,1.913982236362609,0.2720571051235079
546,0.11017747142042308,0.09240520929939662,0.5254325970674987,0.5135919458436933,1.9175282554251305,0.27627562491893515
547,0.10956952474378974,0.09185976386052377,0.5281788391794405,0.5221935404088265,1.93536600336465,0.27467686412970466
548,0.10895413289029636,0.09133418813276975,0.5251254116159839,0.5191747141487278,1.9357396556434299,0.27308894381604637
549,0.10822144496055737,0.09095856122902819,0.5278679408115986,0.5161763397441863,1.9361107765137167,0.27151178129833037
550,0.10769296070148358,0.09046847365022685,0.5305919058318317,0.5189677594346083,1.9364793852674744,0.26994529459096894
551,0.10864901522052706,0.0903426376054421,0.5275337165561209,0.5159765686175255,1.9437917384671033,0.26838940239609566
552,0.10827706249914541,0.08996065838906653,0.5302541635440632,0.513005590685063,1.937096586337719,0.26684402409730573
553,0.10761156288585408,0.08969716966411849,0.5272040273010391,0.5158068874972815,1.937458420331702,0.2653090797534582
554,0.10800332500693563,0.08957687043769033,0.5241744671745421,0.5185892868554054,1.9408593792228488,0.2637844900925379
555,0.10923016693465162,0.08940876063069263,0.5211653269582188,0.5156122096100321,1.9362038544836613,0.26227017650557816
556,0.10877033683669977,0.08898870448071633,0.523911436510078,0.5126551814464894,1.9250997548883504,0.2607660610406421
557,0.10900680577533643,0.0887971043641626,0.5266390681695813,0.5154473030350383,1.92852614028522,0.259272066396863
558,0.10813387177447195,0.08823899488032044,0.5236248356378121,0.5124971268648181,1.9289352227975984,0.25778811591854267
559,0.11114086945623602,0.08808506050153721,0.5206308506275689,0.5095667679299577,1.920176377125133,0.2677747459098682
560,0.11038826099741363,0.0894213098383225,0.5177184672415271,0.5123066597817323,1.9205093224502143,0.2699230212581359
561,0.10971782578610215,0.08890078397726996,0.5147641682080998,0.5093832425857499,1.914333237895943,0.27501242622775096
562,0.10942419974150067,0.09305114741289987,0.511829663504181,0.5064794128054668,1.9083969510367684,0.2742920431596077
563,0.11027329075247662,0.09256103400211078,0.51460978382923,0.5092900027014823,1.900135098555397,0.2727299554472304
564,0.1101774906520949,0.09226964980013097,0.5173713085185921,0.5063925052455166,1.8945283890317133,0.27117831620852106
565,0.11158655436180051,0.09208306177329251,0.5144307761902144,0.503514372059534,1.8955181428948589,0.2696370467325437
566,0.11214742460211446,0.09186928507461876,0.5115098790337856,0.5006554573801644,1.8869933575462607,0.27946191037546025
567,0.11165704232002162,0.0915874702708904,0.508608469360666,0.49781561665277335,1.8876343589794322,0.2778767337771832
568,0.11111451960139672,0.09133719823679787,0.5057264007060381,0.5006612827344018,1.8882710874480904,0.27630212408718674
569,0.1106091131994836,0.09102518354395225,0.5084891884177248,0.49786233490587295,1.8832074107023324,0.2804341662875444
570,0.11002031035217905,0.09064592326256185,0.5056135527041857,0.4950467967522767,1.8725573937313358,0.27884823973838335
571,0.11051230553722927,0.09051781440073225,0.5027570373861829,0.4922499793994032,1.8756496928342719,0.2772728581768119
572,0.11142407762100104,0.09493089815910669,0.4999194992001456,0.48947174257772946,1.870377890310763,0.2760495845936363
573,0.1104974111708166,0.09450428730295503,0.4971007960654114,0.4867119471759196,1.865417343851802,0.2801845269639699
574,0.10992633757803633,0.0939461135257339,0.4943007870736193,0.4952358123328795,1.871808083243674,0.2786063375885562
575,0.11108967754509395,0.09386061139475375,0.4915193324782049,0.49244909630480665,1.8677728841356918,0.28267607188709776
576,0.11071990731496893,0.09694955915031538,0.48877388949312217,0.49528465955633205,1.8740848259026166,0.2815299845078772
577,0.1101124949755931,0.09667994012034209,0.4860290302313908,0.4981190429113664,1.8747919410723164,0.27994896677750514
578,0.11320852399870837,0.0961463696199926,0.4833023136467216,0.5009346918625653,1.881401873718976,0.2783783990889664
579,0.1127010239603019,0.09542368686300853,0.4805936045318291,0.503731746027025,1.8764619816021528,0.27681820356390907
580,0.11218779559328902,0.0979234407511706,0.4835234126601331,0.5064886836705608,1.8771536689492496,0.2882403611186355
581,0.1116691532735834,0.09751900234640616,0.4920056538183031,0.5036556962082789,1.8778407960793801,0.28662812109136604
582,0.11090721078828358,0.0969479396857817,0.4892564261566111,0.5008413704759654,1.8952867875654753,0.28502650136808094
583,0.11192053559573134,0.09632943639751272,0.48652529311975246,0.49804556782524134,1.9027764916156453,0.28343542304463054
584,0.1112053848341456,0.10053197513663013,0.48384457126647773,0.5063889647794473,1.9088466275161298,0.2827141011076142
585,0.11121207056232739,0.1003283151599977,0.48114904479789217,0.5035678421730909,1.9185345030004937,0.2811390842781741
586,0.11239455017571422,0.1060839667223974,0.48227708716740997,0.502524857821564,1.9078569177492126,0.27958666977786634
587,0.1119760295639024,0.1053620321640622,0.47959566146246163,0.49973085597699674,1.9028092989830676,0.27803218812602903
588,0.11136245580094452,0.10484173230930385,0.48804055044871136,0.49695516565912473,1.8977947616574247,0.2764878943458713
589,0.11179123182337183,0.10465656933539133,0.490881320714705,0.49974647033981723,1.9065160592371062,0.2805026968541632
590,0.11232770585028354,0.10444254211160908,0.4881602316183183,0.49697623930022594,1.910071878460552,0.28449435982169763
591,0.11174696234785383,0.10393906094377775,0.4909946632592506,0.49422411790505194,1.910569876327945,0.282918906203283
592,0.11268361094561032,0.10365727997695795,0.49381058124998556,0.49702216991525394,1.9127673438990098,0.2813537429714039
593,0.11195725899071858,0.1031563736799605,0.4910814541379093,0.49980196136764216,1.902196113926345,0.2797987942579038
594,0.11147492681052855,0.10234981272592236,0.48837012269273394,0.49704248274592283,1.9081816992922864,0.28937182091798014
595,0.11090038902846021,0.10195935299901096,0.485676455913078,0.4943009824746362,1.9086881346676061,0.28777575427762647
596,0.11034063643297837,0.10173447684679351,0.4877059550059349,0.492381809954606,1.9036811605547315,0.2972103029931813
597,0.10978195967685433,0.1011153353076169,0.49052593158841234,0.48967144236927534,1.9097159631927367,0.2955742775450981
598,0.10944958920751913,0.10082864581273002,0.4988266858377295,0.49797689554331415,1.9041666999976208,0.29999462844300523
599,0.10901268082326028,0.09999755266350752,0.49608632795374813,0.4952412060734316,1.9046931705066483,0.2983465757855472
600,0.10848794305162816,0.09889635627171553,0.49342270252952053,0.4979524270000543,1.9050983173395917,0.3023152395599967
601,0.10901121652365972,0.09850759492952524,0.4907174479305861,0.49522233759337186,1.9134723293991933,0.3006577566595241
602,0.10996790304527132,0.09820510237799893,0.4880297143222686,0.49250993002369536,1.9320549214277658,0.29901100869777353
603,0.10926149849690978,0.09773183049013681,0.4853593735134571,0.49528675160679553,1.9214833415625554,0.2973749171333113
604,0.10874744779761156,0.0971979420718377,0.48270696403768565,0.4980449533832713,1.9328422826552543,0.3012182745583784
605,0.1087266592414235,0.09660081840775712,0.48007102475146685,0.4953252572596756,1.9365661016664988,0.2995733985926497
606,0.10823467971595789,0.09615842521152677,0.477452099890352,0.49262311619368004,1.9423660208161666,0.30339584337694603
607,0.10768748771457694,0.09582080632333631,0.47485006535001734,0.48993840213755246,1.9481288587798786,0.30719331150967827
608,0.108719183746123,0.0954714621801686,0.4722647980255776,0.48727098807475605,1.960602807780045,0.31096525989052864
609,0.10796975250551553,0.09502412248180543,0.469696175802833,0.49005969292801455,1.9499391971042257,0.30927393697085365
610,0.10735556366701607,0.09426863449482138,0.4725775862403437,0.4873969493275063,1.9447776942210804,0.3075934943465016
611,0.10843856715839255,0.09363696366225903,0.4754404441047456,0.48475135280194187,1.9523148116457483,0.3113520591265465
612,0.1081383243067111,0.09689558478519111,0.47286229577616384,0.4821227146507274,1.9465680989839098,0.31153004100381354
613,0.10783335194780923,0.09940857984716486,0.47030069073641617,0.47951094376804587,1.9460370297927292,0.3118571448707796
614,0.10729894945420974,0.09900671947158994,0.46775550896176504,0.4769159177796443,1.9517408856359524,0.3101694307401093
615,0.1081322669551917,0.09845405384697287,0.46522663139025544,0.4743375152918877,1.947846566504137,0.3084925279527801
616,0.10875133822000334,0.09790498110294497,0.46271393991333126,0.4717756158832111,1.9452714898056143,0.3068263581908184
617,0.10819521572788507,0.09761407739964972,0.46561292430833,0.46923010009565147,1.9509623902758788,0.3051708437629436
618,0.10764943155084199,0.09728805602122177,0.47388359905234567,0.46670084942645923,1.9620071415493763,0.30352590759911263
619,0.10718276844548771,0.09696881297034873,0.47133181808506813,0.4641877463197886,1.9514420734789042,0.3018914732451153
620,0.10714832868151106,0.10389495424458078,0.4687963147870656,0.46169067415846515,1.9449653285659487,0.30163226977823837
621,0.10700779818862012,0.10355876744059048,0.4770251069320006,0.46458358487622775,1.9548094666059026,0.30001127756395635
622,0.10740265000508446,0.1031012401200272,0.4852014965123763,0.4674580729703559,1.948373009533599,0.29840060814646674
623,0.10772840072258191,0.10289942253165849,0.4825992006603683,0.47031427118427516,1.9571809547412202,0.29680018714529943
624,0.11299023727673022,0.1028993819745995,0.48001344882550256,0.4677943416277939,1.96276951739681,0.29520994077222357
625,0.11326140230103429,0.10266398241099851,0.4774441219822359,0.4652904189522659,1.965301517054499,0.2936297958261161
626,0.11254606873595178,0.10155627138345599,0.4748911020514002,0.4628023880843182,1.960139794668905,0.2920596796878779
627,0.11194138620776845,0.10100707900630779,0.47235427189201346,0.4656720546195962,1.9603527246871901,0.2904995203153975
628,0.11146598545321247,0.10049173061916677,0.46983351529316686,0.468523538716206,1.955227725058672,0.2889492462385618
629,0.11087609690712708,0.10000422540841457,0.47265996355791356,0.47668821738104017,1.9554664170968659,0.28740878655431285
630,0.11172284992178885,0.10971905394271349,0.472005525873494,0.47761242250083974,1.9485179809460023,0.2877427788879367
631,0.11133239901361651,0.10932620874371833,0.4694941757486108,0.4803918351053047,1.9541124906606435,0.2862118161680466
632,0.11159046233192907,0.10880702282776777,0.46699868423969854,0.48315369633902205,1.9511413049455038,0.28469052113630555
633,0.112231253274023,0.10855125655009401,0.46451893794553584,0.48058816750898203,1.9594936034222923,0.28317882466135647
634,0.1134482225043158,0.10846847795719675,0.4673594812500886,0.4833434690642362,1.9607679499768238,0.2869815491390888
635,0.11275612083725572,0.10786644420066598,0.4701821323841032,0.48078206049119954,1.9609758545326912,0.2854607320652772
636,0.11228050688937857,0.1113569338440891,0.4703395794665059,0.4808842118244754,1.9505943342749321,0.28394948634244976
637,0.1118147952133873,0.11087548757416099,0.47314082989538947,0.48891846091725133,1.9455668625527673,0.2824477437361268
638,0.11130717778136297,0.11052266537834494,0.4706409994797949,0.4863352696935793,1.940570978338948,0.2809554365497786
639,0.11156572489447157,0.11000134580961199,0.4681568622495218,0.4890464947713833,1.9376837683365236,0.2794724976202073
640,0.11120991753323915,0.1096341303625599,0.4762341550631035,0.49701363813526683,1.9274665086241731,0.28327178455340263
641,0.11066804869719572,0.10914306850008516,0.4737255183342158,0.4943955422802582,1.9331162439084286,0.2817796068180739
642,0.11018465086980285,0.10868827030392948,0.47123259041030996,0.49705622958191115,1.9492553790384468,0.28029677293423744
643,0.10932556896909172,0.10804331913897981,0.4740105072768293,0.49444502248489425,1.954773634114629,0.28408599088770414
644,0.1085912138509905,0.10780067502978263,0.4715210635000286,0.49184825919526476,1.9497592826493946,0.28259400686786756
645,0.10811569066901185,0.10709618515569155,0.46904716910170124,0.48926771561526383,1.955269502295285,0.2811113419675937
646,0.1077694219239948,0.10690001068358543,0.46658871398536694,0.49194465832025325,1.955503951894776,0.2796379302033922
647,0.10734864051017992,0.10647474806039077,0.4641455889170347,0.48936876591019374,1.950500796893822,0.2781737061086837
648,0.10694038029689572,0.10536791663511823,0.4669485946488687,0.4920398314951807,1.9402979044652784,0.2767186047293887
649,0.10718370395650041,0.10516382617310699,0.4645084703261922,0.48946858837695295,1.943049657295377,0.27527256161955765
650,0.10662387091619602,0.10467183417478831,0.46208352347415704,0.48691333828275923,1.9485674219219278,0.2738355128370409
651,0.10648858923184214,0.107915395056211,0.45967364703652924,0.48437396840375524,1.9429665359371153,0.2731733440696157
652,0.10781808040418724,0.107852123661893,0.4572787347927984,0.4818503668117274,1.9387766397611232,0.27175010349319595
653,0.10731926872535265,0.10722530721644491,0.46010350121396326,0.4897520621773893,1.9338904764596747,0.27033569315679135
654,0.1083482582729148,0.10671625448887209,0.45771113893072146,0.4872055387134259,1.9303806965668138,0.26893005091669553
655,0.1078788983612725,0.1064092702308656,0.455333594749969,0.4846747882140945,1.9203534872607846,0.27272753573916797
656,0.10708235756187305,0.10918031485514439,0.4581599933473507,0.4873489286452791,1.9259234032537096,0.27277910679125844
657,0.1066293063644847,0.10839085507021648,0.4557848726228174,0.48482249124936505,1.9211233772882583,0.27136500839950206
658,0.10592334052833957,0.10779153910817516,0.4586032869667874,0.4823116630954291,1.9163530076154651,0.26995964681793283
659,0.1055660531162049,0.10653209666097123,0.4614043027187046,0.4849900191905917,1.9271288764706498,0.27374090841104237
660,0.10636205402594437,0.10616030091189467,0.4590195284227008,0.48248334180425356,1.929339834005368,0.2723260748728702
661,0.10596816757980791,0.10564259926379091,0.4566494511271998,0.47999211268858366,1.9348680244057652,0.2709199607381471
662,0.10843268997556263,0.1054794933805631,0.4594521546737778,0.4826744104299584,1.9379892420263192,0.26952250501389174
663,0.10794738382297613,0.10461502253719347,0.46223761449932277,0.4801871742108226,1.9383087853869685,0.2681336471795897
664,0.10754127785736471,0.10355933667611535,0.4650059510427529,0.4828631085643123,1.9283306032237764,0.2667533271832044
665,0.1102234877010299,0.10372625193583672,0.467757156950321,0.48037999828292954,1.9308868148032874,0.27021316358638037
666,0.11035174347403394,0.10504451001289047,0.47049080403533855,0.4779128014956956,1.93951241414702,0.2722657895239645
667,0.11109865800368654,0.10487372758660107,0.4680760287632068,0.4754599331178466,1.9363868510361668,0.2760012237698682
668,0.11064888803205009,0.1042859090374966,0.46567604840951776,0.4730220930484369,1.931585686464938,0.2745860743626404
669,0.11006303868937582,0.10413009625322271,0.463290760028975,0.4705991767182068,1.9319361186327406,0.273179588083449
670,0.10956826485967143,0.10393456825183507,0.46092006146981424,0.4681910803639468,1.9322844073520713,0.271781704698464
671,0.1103827942483538,0.10287051771049516,0.4636758226169126,0.46579770102172385,1.9399477515110195,0.2703923644378298
672,0.10985717695748476,0.10246743650435862,0.461307938859834,0.468525753749195,1.9504679752956353,0.2741185482439728
673,0.10931994368026983,0.1023620944988866,0.46405621513609485,0.4712372064840342,1.9405171606265532,0.2727200618778892
674,0.1104237698709742,0.10754444885560932,0.4651592374477449,0.4704639714932429,1.9306270077007344,0.27134035178407645
675,0.11025246247315622,0.10714970161717785,0.46788241353030613,0.46806857397573975,1.9251378619847326,0.2699588049612687
676,0.10992653407642183,0.10596658851654986,0.4655025412435426,0.4656877547884898,1.920432171205375,0.2685856661983741
677,0.1127178009213081,0.10595600715407409,0.46821853195575636,0.4633214131042096,1.9213854538937916,0.26722087734320216
678,0.11262226528824677,0.10808166336115094,0.4658417084148615,0.4609694488684779,1.9312004828862532,0.26783429276181175
679,0.11203257562199638,0.10750142027153493,0.46347931394884323,0.4637030014207837,1.9315493816549945,0.2664760411505865
680,0.11157397991365978,0.10704983650869895,0.46113124898827884,0.4613538032214767,1.926726214926572,0.270295977437872
681,0.1111066972058605,0.10679116723154411,0.4587974147253656,0.45901884258793485,1.9321581676267774,0.26892798076738794
682,0.11102646428927383,0.1100332179768969,0.4615337608169631,0.461754069129695,1.9267794564051686,0.26849491156147737
683,0.11051766169381765,0.10977125715524365,0.46923560936361347,0.4594906874970686,1.9220638310128857,0.2722242072559256
684,0.10997812322672115,0.10847498246347877,0.46686787194918533,0.4622180681487538,1.9174111469718322,0.270850578682623
685,0.10952130764229655,0.11147509374604825,0.46954044207901463,0.4599029688662856,1.9228236810912158,0.26987201374865166
686,0.10994679254217776,0.11138406260747777,0.4671759003110249,0.457586960101861,1.9192942124293086,0.268512975013469
687,0.10969181276464034,0.11458571160450154,0.4648256175119278,0.45528491763626605,1.9140373168320894,0.2678519454516811
688,0.10980946051044707,0.11437367260073106,0.46248949587746047,0.4580225479229572,1.9066848473975198,0.26650577454149504
689,0.10990435328593723,0.11367166981797729,0.46016743834730656,0.46576447587124464,1.9105064418766062,0.2651677079559405
690,0.1094989134895298,0.11339692229520314,0.45785934859892213,0.4634283127220635,1.9009237987661876,0.2638376901899425
691,0.1089231285664725,0.11277517874951977,0.46558662591544614,0.466116937928866,1.8964094971505745,0.2625156661600354
692,0.10942379065500464,0.11260824792844529,0.4682617598879612,0.4737951564918667,1.8891963989139975,0.26120158120086856
693,0.10892232636319675,0.1121763119244869,0.4659201064680211,0.47142583201656535,1.889747202502043,0.2648994129827664
694,0.10830201996630524,0.11132874850142786,0.46858822953791845,0.46907071220512536,1.8853022588407626,0.2635760449931807
695,0.1078120140816399,0.11087041032468972,0.4712403698978802,0.4717204446173791,1.890865430439156,0.2622606043016099
696,0.10738626188934768,0.11016772898201761,0.47387663651778794,0.469368561471851,1.8914095487992426,0.2609530368598526
697,0.10810483087544515,0.10965617150147919,0.4715163645775292,0.4720115161956383,1.8835488271884435,0.25965328902853596
698,0.10753810267263086,0.10940563769014493,0.4691701959580372,0.46966288380335797,1.8940798536795105,0.2583613075737407
699,0.10705826396663705,0.1086848387541607,0.4718088560943003,0.4673282735016419,1.8896355424321458,0.257077039663656
700,0.10700285516484909,0.10841482737384685,0.47443177569086376,0.4699734430128848,1.8834737115514306,0.25580043286526427
701,0.10671272376805507,0.11186140204062676,0.47453174322211894,0.4701492750576999,1.8790908959447505,0.25958425543557273
702,0.10601323966273915,0.1114705596188235,0.4820918590373338,0.46781924757002,1.8747341818958585,0.25829777371025353
703,0.10716972290464757,0.11097166145759327,0.4797050329443248,0.4655030848595738,1.871440446337968,0.26197098896614557
704,0.1071994436205982,0.11070384176243879,0.4773323977961827,0.46814672226244197,1.8757257024570224,0.2606752727790553
705,0.10660488995829148,0.11023083636433119,0.4749738574909693,0.4658335691676441,1.8713986666742175,0.2593872539052884
706,0.10591181178102484,0.1097464877262514,0.4775654637756728,0.46847029326029055,1.8720334617761827,0.2581068802572631
707,0.10570054034169689,0.10974648772625138,0.47521048653904036,0.46616016625080325,1.8628020651968689,0.2568341001386622
708,0.10532621746157243,0.10916355043798807,0.47286946439087324,0.4638637285569841,1.8585516565856852,0.2555688622412241
709,0.10478123223413612,0.10856625161261897,0.4803850248607922,0.4665022486272672,1.8543264140532614,0.25431111564156217
710,0.10438299670765808,0.10799736022246913,0.49277256568442196,0.4642087173908663,1.8648754937350216,0.25306080979801215
711,0.10402191195843367,0.10903312018131485,0.49526382742537756,0.46684027127221883,1.860024012393858,0.253396066627856
712,0.10491372478702778,0.10892623507997638,0.49283375656083006,0.46945628288297314,1.8562444122599553,0.2521527486938483
713,0.10454339787047609,0.1085246182433141,0.49531974081728564,0.4720568568469865,1.8520473463942897,0.25091676784617956
714,0.10391537409191261,0.10797348961753753,0.49289425144000065,0.46974528152017303,1.862565303414273,0.25458506101466843
715,0.10359559592800568,0.10767355191796017,0.49048305164245853,0.4674473246574408,1.868129544226805,0.25333965097837274
716,0.10306516828539942,0.10728541866953259,0.49786010873320335,0.4651628947908759,1.8785480626007942,0.2521015720878705
717,0.1036337760535428,0.10716527790081964,0.505193776576621,0.47753834229403547,1.8712329697500774,0.2508707751406323
718,0.10310109828824067,0.10671934133143691,0.5027298114665915,0.4752092601305789,1.8718417015137654,0.25454377811539053
719,0.10259881976298321,0.10615942760208913,0.5099986856047469,0.47779266052834984,1.8724133112003054,0.25822876128041417
720,0.10213044473653064,0.10585235540617043,0.5123837780567994,0.4803345165340167,1.8730343422863425,0.25697182695934423
721,0.10166802772860038,0.1056705971103295,0.5098922312509295,0.4828614717790887,1.8785143902602464,0.2557222609854033
722,0.10115654185371162,0.10520584291654635,0.5074152781757117,0.4853736258957495,1.893677934449426,0.25448001409100474
723,0.10178521213744951,0.10509959063360148,0.5049528213248038,0.4878710777760457,1.9006210300078497,0.2532450373745556
724,0.10464779279404975,0.10457151507368809,0.5073528552733797,0.4855058342202208,1.9017958793972936,0.2520172822974863
725,0.10410338622570138,0.10433288229124643,0.5097388664335478,0.48315441018138056,1.9119579974602066,0.250796700681306
726,0.10366685452823604,0.10382910180672708,0.5169493531518393,0.48081671353276734,1.9172223851782713,0.24958324470468388
727,0.1034606867518966,0.10738041956901238,0.516942559128954,0.480834305426202,1.9079553587246632,0.24851909441616968
728,0.10284915515195603,0.10686265322432133,0.519275116817181,0.48334122040127847,1.9083998181564021,0.24731906088950184
729,0.10381671789406276,0.10640060769541897,0.5167701796608324,0.4810096251775383,1.905298788148683,0.24612601565195494
730,0.1032701094761932,0.10589495695805319,0.5142822890308302,0.48350821512762204,1.910566837731555,0.2497664161281454
731,0.10279712882554351,0.10559312660009715,0.5214349400188473,0.4811804744760073,1.9206259398491075,0.24856397235978844
732,0.10172154673018077,0.10693974734115037,0.5189271188267969,0.47886625558026513,1.9113887636181068,0.24756110283303956
733,0.10141868279077881,0.10643875977526199,0.5212385077117426,0.47656546876845285,1.9118145099756128,0.24637165731693034
734,0.10112040907273881,0.10582630466848975,0.523536492038452,0.4742780250297208,1.9170376393227053,0.2451891098143028
735,0.10092651506786664,0.10484553122048496,0.525821160569151,0.4767988905987339,1.9222033513178112,0.2488356208806655
736,0.10048729909293869,0.10452459941996287,0.5280926014125832,0.47451489902393257,1.9177857557105342,0.24764363307866322
737,0.10001042589048074,0.10408523899133476,0.5303509020292692,0.4770295943458236,1.9181791898442966,0.24645854089537908
738,0.09947130938922479,0.10380358179388134,0.5278154582545553,0.47474906326590927,1.9137896588713976,0.24528029877144328
739,0.09903380596339177,0.10333494372475305,0.5252946577143918,0.4724817031944926,1.9189773046135343,0.24410886148220734
740,0.09980210738881709,0.10324541658761235,0.5227895323961139,0.484539716114726,1.9204465532640016,0.24771645188143235
741,0.09930746215642926,0.10286629439135726,0.5298304646446971,0.48699659075464014,1.9112929936561485,0.2465357435173861
742,0.10026039448721352,0.10244424506465734,0.5320692269193574,0.48467770466508137,1.9083454893900296,0.2453618373400644
743,0.10503040457068184,0.10244420585629024,0.5295382549143071,0.4823721668893262,1.91353952051367,0.2441946885744592
744,0.10445284122918964,0.1021677082772785,0.5317739327466907,0.4800798896282347,1.909198296011672,0.24303425277338825
745,0.10407715872564698,0.10169838267042336,0.5339967624892019,0.48254812872445496,1.9096293628454346,0.24188048581487026
746,0.10448979898873977,0.10142730167464929,0.5314642304957785,0.4802595969201334,1.921826427095451,0.24073334389952328
747,0.10518672223277946,0.10082297398842552,0.5384219441484873,0.4779841952419953,1.9284282846268292,0.2395927835479852
748,0.10486663671080018,0.10032606459407913,0.5359850061219458,0.4803434810041323,1.9285440845285158,0.24341484169171537
749,0.10429425114106869,0.10001179630380745,0.5428841906612024,0.4828238720953495,1.9288354528858127,0.24703877575533376
750,0.10490853843548571,0.09968235416879553,0.5403197873244001,0.4899905046697425,1.940516252991134,0.24587184720636465
751,0.104353237770486,0.09937047377708758,0.5377700483854717,0.4876782668084414,1.9313590650295827,0.24471159167340942
752,0.10383007754625197,0.09914364947604891,0.5352348779608116,0.48537924044489794,1.9316826540222767,0.2435579655247526
753,0.10480789843717078,0.09889814830274193,0.5374236966305803,0.4878028550255759,1.9426145730071454,0.24241092544615883
754,0.1056416853218081,0.09878731164107904,0.5348952209985237,0.490212644560344,1.954195703584389,0.24127042843834598
755,0.10518841309815714,0.0980146174927905,0.5370812628294497,0.4879085930961591,1.9497108824922398,0.24013643181447988
756,0.1048757293204958,0.09756994460288818,0.5345594469616185,0.49031307138480146,1.9499470104365328,0.2390088931976907
757,0.10443751939710097,0.09723958055459765,0.5320519807695155,0.4880131523448676,1.950179223086427,0.24258105752308154
758,0.10502292647109472,0.0971331697731255,0.5295587708444623,0.4857263095570201,1.9568084575538796,0.2414443161479781
759,0.10452807612041123,0.09673417405786108,0.5364424110016189,0.4834524579650226,1.9523293087171,0.24031403242265853
760,0.10437350768980634,0.09627384172670572,0.5339336499451218,0.481191513128566,1.9560937601404143,0.23919016437362403
761,0.10389544506357436,0.09575703150104373,0.536111107245527,0.4789433912183886,1.9609708795948717,0.23807267033111457
762,0.10341241604578252,0.09562246196841202,0.5382762252863618,0.4813753293000928,1.9564857207117319,0.23696150892670384
763,0.1037621580355302,0.09483138606743881,0.5357664287909941,0.47913084206904133,1.9686574710087101,0.2358566390909148
764,0.10336216056526538,0.0985041087475276,0.5472287634249339,0.47691510597526876,1.9734454063661302,0.23519259751552096
765,0.10318041560502007,0.09781042225743018,0.5446823223086664,0.4746958581652237,1.9782205331072473,0.23875328596892148
766,0.10277626878343375,0.097449088627439,0.5421502639717335,0.47713783338138355,1.9922678439490753,0.23764339636272794
767,0.1023349330434772,0.09705058289678598,0.5396324954126202,0.4749219852760071,1.9969451636567668,0.24118644307768405
768,0.10209014940228667,0.09606378625097395,0.5371289242995854,0.47271863211734866,1.9923199360542252,0.24006748264279923
769,0.10185282137597496,0.09713384973500853,0.5346394589653823,0.47052769323052074,2.000775815819365,0.2418300104261345
770,0.10148037967351042,0.10091673913456511,0.5321640084020242,0.46834908852084,2.000643095079784,0.24106009173115378
771,0.10090405081072246,0.10044843085429943,0.5343279851223168,0.4708082413359828,2.000640120441649,0.23994506758579878
772,0.10068586514568649,0.10350676867894079,0.5318589197956342,0.46863269310237676,1.995509283011015,0.23942120759921692
773,0.10010165559211828,0.10462880781939982,0.5294463056951341,0.47104303778937656,1.9954448422437048,0.2409750909324341
774,0.0995365724456342,0.10407901804839453,0.5270046861472922,0.47348240065773156,1.995465849023999,0.2398637988406117
775,0.09987383213355723,0.10373412534096978,0.5245767556321699,0.47590808714552646,2.0073508741761064,0.23875873725010524
776,0.09927722487705098,0.10324047607269934,0.5267648592966394,0.47371775202462074,2.002714609194738,0.2376598661408566
777,0.0989226397456955,0.10286979080074843,0.5243428824737163,0.4715396769390069,1.9935064619905454,0.24116497872155596
778,0.09851347125531981,0.10248547198862898,0.5219344511315744,0.4693737832557637,1.9889430509447237,0.24005725071990983
779,0.09804853064627994,0.10219563651842102,0.5195394784569269,0.467219992904013,1.9844051409089707,0.2389557128647659
780,0.09804925032859768,0.10857610462110565,0.5171578782565766,0.4650782283705211,1.998223335767129,0.23788095816666768
781,0.09768753694747341,0.10814407816073991,0.5147895649525653,0.4629484126953369,2.002810950306714,0.2367915874702446
782,0.09723704322434618,0.10781802026916648,0.5124344535773656,0.4654053706223043,1.9982231893320723,0.23570828936327118
783,0.09674217737990756,0.10742985729189553,0.5146627883094825,0.4632783151741073,1.993660981400208,0.23463102504119224
784,0.09632394821271835,0.10698850927296535,0.5123129612817379,0.46116309734392386,1.9936899238409158,0.23355975597586845
785,0.09591485616671656,0.10653154815271505,0.5099762009305303,0.4590596415995733,1.9982799023593316,0.23249444391342003
786,0.09543424763277224,0.10607489811077898,0.5122090620436088,0.47063778724820887,1.9891744640204236,0.23143505087208838
787,0.09507056452145808,0.10558019202721,0.514429527240866,0.4684954046293826,1.980119575286462,0.23038153914011594
788,0.09475543971502703,0.10516562390348486,0.5120901415102803,0.4709124398116741,1.980209982192423,0.2293338712736437
789,0.09447358183738078,0.10484594225513666,0.5097637217989928,0.4733160786034481,1.9757568993483599,0.22829201009462669
790,0.09408776927127233,0.1043663298000646,0.5074501856793704,0.47116795821547175,1.9713284774460587,0.22725591868876674
791,0.09386041144610319,0.10412992097482159,0.5051494513081358,0.47356563603583735,1.9714584715997254,0.22622556040346287
792,0.0935381211444991,0.10374117028698882,0.502861437421829,0.47595005738254953,1.9715877470312777,0.22520089884577876
793,0.09312966820647779,0.10332250881118811,0.5051109163438801,0.4783213063436169,1.9671914552881158,0.22418189788042744
794,0.09270323853745971,0.10279628167251856,0.5028276481031384,0.48067946641213993,1.9673397607508205,0.2231685216277727
795,0.09308877516196307,0.10264139677121151,0.500556972800302,0.48302462049092265,1.9698704440678128,0.22216073446184748
796,0.09265384430205824,0.10224173275342946,0.5028101095265949,0.48986814969107595,1.9700063674971544,0.2211585010083888
797,0.09333099966995816,0.10208124088776463,0.5005440500787166,0.487660416935131,1.96733063335619,0.22466884987311259
798,0.09379315107072697,0.10527316801416915,0.4982904580035781,0.4854648306509849,1.9639567971038294,0.22931924015662153
799,0.09340818783607734,0.1049424897619487,0.4960492545671274,0.4832813141311419,1.9641166573423403,0.23278785100062524
800,0.09436037353652657,0.10450079979663178,0.49382036159006965,0.48110979120858427,1.9562384830124715,0.23174186776113337
801,0.09510545890710687,0.10420948454476306,0.4916037014435831,0.47895018625259866,1.9579470451563372,0.23070162519016202
802,0.09470170131928948,0.10374799371669875,0.49388350908755246,0.47680242416463753,1.9671042478131269,0.22966708711410178
803,0.09452052279489485,0.10699966280854857,0.4939181421677076,0.47689911311929595,1.958291955246025,0.22876244456951528
804,0.09612430378797474,0.10899137807405215,0.4917076844341164,0.47476482153787963,1.962972103867525,0.232292892891507
805,0.0957467034960237,0.10877553103620052,0.4895093187430468,0.47264220534123264,1.9631376511205922,0.2312543394131336
806,0.0953576589800398,0.10838795732694205,0.48732296912272327,0.47499760179637573,1.967768704128166,0.2302214625754212
807,0.09500558311107299,0.10787699971252326,0.4851485601341208,0.472878187936672,1.9679125184441302,0.22919422673941212
808,0.0945769611856021,0.10769008577840951,0.4829860168668697,0.47077033969062215,1.9635980612406074,0.22817259651589644
809,0.09403745890952205,0.10735080409762018,0.48528829640311816,0.4731270160217384,1.954854097283549,0.231609568231417
810,0.09338645179712993,0.10687176196457764,0.48312945227213294,0.4710222723274857,1.9461577711488933,0.2305792343849954
811,0.09295502157812909,0.10943085609365727,0.4849695495625814,0.46938593093057446,1.9414959740980648,0.23006951883709678
812,0.09299159299497223,0.1088953218138845,0.4872561263351078,0.47174169417618333,1.9403222063716608,0.2290480809446529
813,0.09267390241784702,0.1086729038206516,0.48509502120403913,0.46964939950666074,1.940586892599397,0.22803219431698946
814,0.09234538037852769,0.10841326478395245,0.48737647345063234,0.4675684666710118,1.945280963376497,0.22702182428087794
815,0.09196399024743322,0.1077176976529628,0.4852191535068329,0.47435161130241266,1.9410967780785324,0.22601693640491757
816,0.09189650165841351,0.10959443905429611,0.48307352940679155,0.4722540431381139,1.9498964175904068,0.2269188953088652
817,0.09302077728811906,0.10954036198980913,0.4809395883459181,0.47458532685113775,1.9509666082249353,0.23033419948961095
818,0.09256737473315972,0.10914282751388885,0.48323027149283215,0.472490918212794,1.955596133145612,0.22931770380417155
819,0.09210592761746779,0.1087405173214933,0.4810998430494382,0.47481655966840125,1.9557918974975659,0.22830670555431246
820,0.09181496945191528,0.11594894596429017,0.4832906090502383,0.4728199517844767,1.960201699203365,0.23189801191441023
821,0.09224116962931325,0.11569508182205544,0.4811641717256239,0.4751394988857963,1.9669270769922609,0.23087768050551374
822,0.09191690191051526,0.11808649773258767,0.479049206566273,0.47305101527661364,1.9622223349333834,0.23070877746472163
823,0.09245039301269521,0.11761305025988501,0.481336765782987,0.47097378989638283,1.9686219261407423,0.2296957067545541
824,0.09290989689506594,0.11734674306708527,0.4792252692025429,0.47329448740591556,1.9798052471019463,0.2286880926809315
825,0.0926886543351481,0.1161945299181675,0.47712513638016296,0.4712203453446952,1.9755113976511378,0.22768590143520295
826,0.09306473364956389,0.11597686329862099,0.47503629695888816,0.4691573569200433,1.9823463648303308,0.22668909944276422
827,0.09327022557066596,0.11561950604455665,0.47733227505214865,0.471479047110088,1.981092635460196,0.23007213274803587
828,0.09248048666973618,0.12215553413723099,0.4752467040998593,0.46941905021346403,1.9810065375874544,0.22924015865345443
829,0.09206833668043148,0.12182602944081794,0.47317232089200334,0.4673701038729421,1.9898189663521426,0.23260460004368816
830,0.09168289786392715,0.1214316735029917,0.47110905636368267,0.46533213987052385,1.9855028678134887,0.23159032934524656
831,0.09287557080489892,0.12123542428987126,0.46905684192649916,0.4633050904588679,1.9893385556423464,0.23058149071016945
832,0.09248657837376244,0.12078074750546645,0.47136739005761097,0.46564066895039036,1.985033171316328,0.22957805065386946
833,0.09259336972649979,0.12054779628652347,0.46931815285970185,0.463616328277278,1.9966220452835943,0.22857997592246754
834,0.0922645583012881,0.11927236336184326,0.4672798638875436,0.4659458885473344,1.9966367160305172,0.22758723349104865
835,0.09259626114934258,0.11897238428542373,0.4652560353039678,0.4682594335512641,1.9900325697981787,0.2309421148789688
836,0.09276201757581426,0.1186456435224318,0.4675738339498554,0.4705642142430461,1.9927186606225604,0.2299411174736981
837,0.0925046501726991,0.118127770762564,0.465549888622236,0.4728560265232764,1.9970782106498821,0.23327758567869392
838,0.09292945364921554,0.11790351523215398,0.4678617800422217,0.47081057559788064,2.008074081250538,0.23659425932241238
839,0.09379660832877888,0.11742969383860445,0.4658838935056586,0.4773749094180316,2.008990985512186,0.24425862691325909
840,0.09339604461709657,0.11709823490869414,0.46387262371043353,0.4753140316978639,2.00895217048157,0.24320413671649116
841,0.09309524013894636,0.1168378138860048,0.46187203836454105,0.47326410195873486,2.0132263519345606,0.24215524827792884
842,0.09279422300339278,0.11615078261075573,0.4598820720852905,0.4712250532052913,2.0131693664663763,0.2411119273180307
843,0.09242605411445905,0.11575319604205565,0.46220683326359596,0.473500992226821,2.0174168565566584,0.240074139791852
844,0.09201573710879395,0.1153226800136232,0.46877265794410233,0.47581135823095755,2.0172489902570874,0.24343469924932842
845,0.09164051305953218,0.11455219757299352,0.46675901049862334,0.4780630491125814,2.0128793223681134,0.24238900758626472
846,0.09120981224147347,0.11432533863397941,0.46475601681942474,0.4760115466368007,2.012824053587617,0.24134884844807508
847,0.09210261578284876,0.11427349357740602,0.46276361194865884,0.47397088941077825,2.0137388342033344,0.24031418810200253
848,0.09172571778461543,0.11612492906605934,0.46078173137153067,0.47194101135729033,2.0135736922587726,0.24023459179333242
849,0.0913122605664883,0.1156558833726048,0.45882847544156824,0.4741821080275032,2.01347928936906,0.24352152042798472
850,0.09098880860240391,0.1153291334586749,0.46114152334498565,0.4764295322126518,2.009147527554089,0.24248067308716692
851,0.09064143465704176,0.11685952967043266,0.459172505619356,0.4743952365648961,2.0085115906671165,0.2479361145315105
852,0.09026919849879511,0.11657770151271872,0.45721385498811234,0.4723716517069492,2.0127404697745703,0.2511445487671383
853,0.09294325485882542,0.11568387762367628,0.45526550851670217,0.47035871261781914,2.004582281770222,0.25007433492723385
854,0.09320502601759219,0.11620741638665538,0.4533274036980962,0.46835635471821024,2.0075442198218445,0.25164275457204677
855,0.09328063617761037,0.1169769210385025,0.45139972618570884,0.4706170980419405,2.0146854847381346,0.2536771578562766
856,0.09298814908229465,0.11677246648816099,0.4494819177932659,0.468617643084627,2.006125929854457,0.2568479710559865
857,0.09281852724234224,0.11948158488126386,0.4475741660714289,0.46662867293902693,2.0018555946105208,0.2604490624034364
858,0.09244155285086024,0.11912986939221652,0.4499165027252983,0.4688902167205935,2.010327009968788,0.2635857286285382
859,0.09320869895429047,0.11872912083099363,0.44801072185537766,0.46690406595771594,2.0203627424402284,0.2624692178178399
860,0.09268925002775022,0.11829722030481665,0.4461149103557676,0.46915992581296057,2.0160449542121235,0.26135854761027877
861,0.0929863797679828,0.11748663090187485,0.44422900805714033,0.4671766032160788,2.026999133546138,0.2602536827553672
862,0.09274649807174007,0.11719654194969015,0.44657612123584894,0.4694268048902324,2.0226619456831267,0.2591545882407953
863,0.09260485963384575,0.11691311128516887,0.45312993111714595,0.46744631902639794,2.0301927433147795,0.258061229290663
864,0.09228916460067402,0.1165720507237303,0.4512201116418743,0.46969088801579023,2.025850760961913,0.2569735713637263
865,0.0918580303932215,0.11632276419261353,0.4535307578823128,0.471923762765524,2.0215314004052436,0.2643126112042041
866,0.09147899550892696,0.11600438334170024,0.4516230682284235,0.4699387064843227,2.021432920230956,0.2674150507938949
867,0.09110248160997629,0.11575002106772139,0.44972530161890845,0.4721660785886228,2.0171407539838295,0.26629134523060477
868,0.09076779627531863,0.11535148236792572,0.4478373984674047,0.4743818741422996,2.008672992946672,0.26517348001806434
869,0.09038156696935225,0.1149300708632103,0.4459592995882725,0.4723924555069729,2.008636620954543,0.26406142011127265
870,0.09001756258046978,0.11450831202533535,0.4440909461936335,0.4704133599960974,2.0086004376972513,0.2629551307007511
871,0.0899697939811157,0.114291234392733,0.44223227989043296,0.46844452575551176,2.0203145173328365,0.2660399410693486
872,0.08966225266153416,0.11400345495105453,0.44456433253782573,0.46648594632083273,2.028591649164938,0.269108954277355
873,0.089327463475055,0.11359244675289905,0.4427074025338156,0.47289138204616915,2.0326491886047626,0.26798489538425224
874,0.08893320830572808,0.11295996517345545,0.4408600771122802,0.47091810518953886,2.032512950367596,0.2668666504509229
875,0.08830356218733483,0.1123967908616882,0.4390222988908737,0.4772922668587843,2.0240401758324658,0.26575418474200474
876,0.08791992250590892,0.1120893925469055,0.43719401087134646,0.4794690589912811,2.0239400616342285,0.2646474637546414
877,0.08789235730649297,0.11141697312660344,0.43537515643671915,0.4774743280422574,2.039042008084522,0.2635464532167714
878,0.0874101539832175,0.1107919882978039,0.43772181242471986,0.4754898811944251,2.030567478150877,0.2624511190854312
879,0.0870191311456154,0.11052687256655822,0.44005637966323896,0.47351565718322736,2.026288583602345,0.2613614275450715
880,0.09131302187658139,0.11052655432307076,0.44237893011544716,0.4715515951530946,2.0344835343296137,0.2602773450058875
881,0.09096339536689342,0.10998884299170639,0.4405458519035051,0.47374131801536473,2.0301969621212637,0.25919883810216154
882,0.09059910742184109,0.109341806331315,0.43872219395732825,0.4717802460513499,2.0342115022845912,0.2581258736906198
883,0.08993347712439034,0.10890945448207089,0.4410433045964864,0.4698292440044754,2.0299346196157084,0.25705841884880165
884,0.08944091059688099,0.1084301225991134,0.43922123520946244,0.46788825210252966,2.0297347497642,0.2602039136396512
885,0.08938169358956913,0.10811365828764925,0.44153564865249223,0.47008435270378546,2.032255921412513,0.25913001520863355
886,0.08908236669124155,0.1077821323895919,0.44383820647373035,0.46814618708883066,2.0362459463652822,0.2580616178403924
887,0.08871332400565224,0.10765170691098623,0.4461289788925379,0.470336837470853,2.031977757394616,0.2569986889528227
888,0.08845842408899661,0.10720818753153871,0.4442932568008347,0.4684015053943975,2.0359609548556326,0.25594119618017075
889,0.08818095745043708,0.10676007904269624,0.44246691555431106,0.46647606318670937,2.0440344636542096,0.2548891073714541
890,0.0879754859606968,0.1063564872503447,0.4406498997115614,0.46456045239802046,2.0356405185409727,0.2538423905888941
891,0.08788398847849817,0.10592851337221049,0.43884215419858547,0.4626546149659042,2.0387272540648462,0.2528010141063611
892,0.08791757627599825,0.11230480433829008,0.43704362430611055,0.46075849321245227,2.0383597475434403,0.2519880119734831
893,0.08857097128155035,0.11206695795785067,0.443442768318903,0.4588720298414738,2.0397247102988847,0.2509563084639083
894,0.08812206185132494,0.11167721597307599,0.4498093428370375,0.45699516793571643,2.0395622297146945,0.24992985597882633
895,0.09076135551073447,0.11165490132996929,0.4479713876828088,0.4551278509541095,2.0358575445744664,0.2529947117695529
896,0.09039354089020357,0.11135122249210372,0.4502247640359915,0.45735201468180836,2.031617504403213,0.256055659354868
897,0.09072159075125541,0.11117809481918986,0.4483887870675176,0.45548697341239075,2.028875313759471,0.25501148690862435
898,0.09099832236687734,0.11081040815552078,0.45470979688246843,0.4577052302519529,2.023813451733092,0.2539726119003495
899,0.09066938966523366,0.11037732021640352,0.4609987638267971,0.4558424778333498,2.0277863009242427,0.25293900322426793
900,0.09119933100371204,0.110275065263725,0.4591244827212981,0.45805485721967565,2.0332119195995717,0.25191062997950775
901,0.09082480519552864,0.10994590999352147,0.4613212814773057,0.45619444558409483,2.041200134608662,0.25494925063205026
902,0.09089845382538367,0.10960026251610759,0.4635070098791223,0.4543434031683137,2.0520558471742656,0.2539147753521347
903,0.09074039852829187,0.11204707964270051,0.46162817597112055,0.45250171410308865,2.051719857521306,0.2531773828225686
904,0.09046790760292305,0.11119235455546839,0.46380829452576916,0.4547187899574486,2.0434114871150504,0.25215214954461146
905,0.09015666803285527,0.11094204813380446,0.4619319957078304,0.45287926199263706,2.0513267071687844,0.2511320884855159
906,0.08992766387416691,0.11030102999370117,0.4600651550788604,0.45509038231371185,2.051119276674287,0.25011716942734485
907,0.08963202121493319,0.10988304404130564,0.4703197257167963,0.4572903655837662,2.058987563170776,0.24910736235029246
908,0.08938433184093594,0.10906206422687229,0.46842278479989763,0.4554459759952637,2.070849550928203,0.24810263743125405
909,0.08978037046554853,0.10867662029638951,0.4665353831619334,0.46166940040890764,2.068252796289007,0.24710296504240764
910,0.0900500509879885,0.10832265227233992,0.4727079497116913,0.4638363114776473,2.063113036469186,0.24610831574980654
911,0.08975072339825543,0.10784207955276952,0.47080708751811046,0.4619711240843835,2.0668804641372005,0.24511866031198287
912,0.08943940403349443,0.10753477608733361,0.4728129301905523,0.4602353247669134,2.0585773923480275,0.24815116947953805
913,0.09061680544058051,0.11010103347121787,0.4709154446161255,0.4583883154449922,2.058279410534756,0.24723118393975382
914,0.09025071247109952,0.10971185216835022,0.46902746292759606,0.4565505571898951,2.0580457582704996,0.24623999124593127
915,0.08976327001764313,0.10948673647753318,0.467148929957639,0.4547219963018393,2.0538081090969778,0.24525375914090672
916,0.08954480768835806,0.10889909956063609,0.46527979089849353,0.45290257943104084,2.0495916509799996,0.24427245885053872
917,0.08915625833238305,0.1085689110606403,0.4634199912993828,0.45109225357520366,2.0453962610879244,0.24329606178810295
918,0.08884054049268943,0.10834335290938972,0.461569477063954,0.45727730361175534,2.045214986155993,0.24232453955294803
919,0.08977952101990234,0.10826231510892971,0.45972819444773816,0.4594423208322225,2.0538996470340405,0.2413578639291621
920,0.09048853386636017,0.10791361893195536,0.45789609005562987,0.45761135570090544,2.0632135064366084,0.2403960068842495
921,0.09034210948899368,0.10740867174800088,0.4560731108393864,0.4557895100711286,2.062961840368864,0.23943894056781803
922,0.0899984250062398,0.10724824470754313,0.45766816903989493,0.4545449943221489,2.0587341987796326,0.2464410933004631
923,0.0896276094351785,0.10687527308268205,0.4558497377263586,0.45671222492621405,2.054527580207466,0.2454619205475496
924,0.08918638794706772,0.10680749507829629,0.4540403418009737,0.4588686870346118,2.05034186340449,0.24448761309024772
925,0.08883835719979771,0.10652893650524038,0.45619898991957225,0.4570553819798576,2.0501297351758736,0.24749596400261842
926,0.08848568163631806,0.10625482014606369,0.4543918256591821,0.4552448252500442,2.0420084519892843,0.24651554565312758
927,0.08866158019103697,0.10598378858601294,0.4525936193162324,0.45344324325377455,2.040710930741405,0.24553998713117112
928,0.08833908912597051,0.10552546575939054,0.45080431937464716,0.4595574565267873,2.036596546604934,0.24456926048837313
929,0.08886162560807143,0.10539923743312866,0.4490238746512413,0.46564141065136494,2.0381869461813107,0.24360333795695674
930,0.08834289396284555,0.10519202183150293,0.4511977713970665,0.46380420518861326,2.0340907410645586,0.24264219194845846
931,0.08798571308014033,0.10480102057597679,0.4494193331766414,0.46197607753020903,2.0497227433747427,0.24168579505245272
932,0.08759753858992708,0.10458039618908228,0.45382921527081266,0.46185274355930844,2.0495269524196122,0.25254708178126045
933,0.08749534469022807,0.10427015546189818,0.45597769724316606,0.4639696632321678,2.064308905249247,0.2515536327218302
934,0.08725160999962532,0.10376227412516409,0.45418580225447347,0.4621463615236026,2.0758455444156754,0.25056508065758026
935,0.08698151756332843,0.10344380421930395,0.4558977874011837,0.46076284447589577,2.0676960682180336,0.2535072562222762
936,0.08656602906989384,0.10305174963488292,0.4541097860222533,0.4589557626605199,2.0713525034139812,0.2525130173024558
937,0.08739680739647043,0.1028180127721981,0.4523305771668365,0.4610755819814792,2.0677661284585143,0.2515236675673886
938,0.08720169024161213,0.10253824456806841,0.45056011063008505,0.45927088663250587,2.067500885141309,0.25053917910008605
939,0.08686645253259614,0.10226569467747715,0.44879833652943457,0.45747505177237946,2.0672306105104523,0.2534760443237509
940,0.08657174673882939,0.10198557304867945,0.4548577620094951,0.45568802688033566,2.066967989031917,0.2524858963386566
941,0.0871244699786663,0.10192726672317519,0.45308273689272244,0.4578121357872149,2.079817224969291,0.25150060193441903
942,0.08687059566104073,0.10169052870927171,0.45521487940664335,0.4638243144686109,2.0834045332288147,0.25052013347632995
943,0.0866671621584936,0.10122204713144377,0.45344200997118994,0.46591249200391227,2.082538262797415,0.24954446350661189
944,0.08700653648173871,0.10107827197084665,0.45556849464334737,0.47188114241432877,2.0765571944920733,0.24857356474316944
945,0.08766464956636215,0.10068208177956489,0.453797792973204,0.4700470368148264,2.073457865972956,0.24760741007835047
946,0.08738355126273542,0.10034082422286325,0.4520357365964128,0.47598770778483745,2.0731726356277065,0.24664597257771662
947,0.08753874203749584,0.10000869373990094,0.4502822764646102,0.4780203671269774,2.075313919428397,0.24568922547882335
948,0.08715857799608706,0.09956191863833753,0.452412516637426,0.4800431179602351,2.0788923206643295,0.24861719359868917
949,0.08777150967846654,0.09926598679264999,0.45066110130042497,0.485927295998833,2.072132374769731,0.24765472693409007
950,0.08750685449640634,0.09895491248703008,0.4527856201794895,0.4840480158010423,2.0641185888162146,0.2466969445085117
951,0.08713577351152327,0.09863927588083521,0.4626268969425458,0.48604141938464945,2.063870863778544,0.24574381982189633
952,0.08682083064055013,0.0982599084880109,0.4608413037065747,0.48416545351108986,2.0597646593384993,0.24479532654285086
953,0.08642953740170475,0.09783568404124822,0.4629202054968729,0.48615442145237636,2.0518225664680148,0.24770726389726044
954,0.08685294302119202,0.09762493164300202,0.4611370500623774,0.48428176848038873,2.068847593577009,0.2467531025784467
955,0.0865859465080782,0.0971736596716803,0.4632106601362338,0.48241819342142017,2.072430781121222,0.24580356667266354
956,0.08624197625212258,0.09698077787267641,0.4614299508610922,0.4844079203490086,2.079840887757208,0.24485863010555564
957,0.08667790036341551,0.09663538831648272,0.4596578600996422,0.4902284500252125,2.0811232067131265,0.24391826696817887
958,0.08650431120224347,0.09630782413919195,0.45789433933666057,0.48834764230871575,2.088061268737225,0.242982451515843
959,0.08615480678394852,0.0961531326392278,0.4561436838431486,0.4903043393687288,2.0877150640972384,0.24589260482838965
960,0.08583738254617196,0.09567396373654638,0.4543971421278883,0.4884269989336586,2.079721351637379,0.2449510995373628
961,0.08525471777969416,0.09530647057348984,0.4564841286260182,0.4865587159190274,2.0755913075034496,0.24401413663465674
962,0.08500414516185835,0.09456219166855828,0.4547397755690507,0.48469943948358557,2.0714811733988125,0.2430816906228685
963,0.08474149533582669,0.09403074057821792,0.4530038249900299,0.48284911910734474,2.0712082969296377,0.24215373616571095
964,0.08443115993757214,0.09334897227060546,0.4512762297909519,0.4848213483242808,2.067123090119234,0.2412302480868898
965,0.0843816344082322,0.09315408236398413,0.4533667751684247,0.4829742604384155,2.0664878245589824,0.2403112013689892
966,0.08410002991081741,0.09294545838251425,0.455447274379419,0.48113604877815236,2.070040794368048,0.2393965711523658
967,0.08377748978923444,0.09266559836321679,0.45751778361550344,0.48310888364377863,2.0659722639145435,0.23848633273405095
968,0.08355174834349388,0.09219367082107474,0.45957835871433805,0.4812738333774367,2.061923253943839,0.23758046156666163
969,0.08331143032063046,0.0920173219994177,0.46542367826959563,0.47944758056828574,2.05409903231861,0.23667893325731923
970,0.08289557042203324,0.09165168083470374,0.46745016643099274,0.4776300761137542,2.050103121682278,0.23578172356657665
971,0.08257935283734669,0.09128603263686091,0.46567991327704233,0.47582127121992435,2.053700420529358,0.23488880840735354
972,0.08229113289959271,0.0906246711347664,0.463918126812806,0.4740211173993917,2.0534972580752453,0.23400016384387956
973,0.08201066890847583,0.09040705329551063,0.4621647598822106,0.4760090414007221,2.060854016392605,0.2331157660906456
974,0.08418961093074963,0.09035175958294946,0.4604197656250205,0.4742117753265486,2.0613203969436507,0.2360112919277688
975,0.08467396866394616,0.09023886452381864,0.45868309747478947,0.47996693184158407,2.0628147556905465,0.2351210753810716
976,0.08432761826176703,0.08997187488647453,0.46449101615168675,0.4781583427687148,2.058809906551772,0.23423510307855508
977,0.08407197851507005,0.09260806964157174,0.46462409349784295,0.47824115544332063,2.0510597488359434,0.23338322522534918
978,0.08382075624912974,0.09230981341419138,0.4666374413672481,0.48020329465293643,2.0508677322821858,0.23250555849893204
979,0.08358201453200599,0.0921460482542135,0.4761549449703801,0.48591296718673094,2.050676629029464,0.23163206627681754
980,0.08333962119824054,0.09178447721411101,0.47436788261417645,0.48784239287863507,2.0429802120391645,0.2307627254235818
981,0.08304329478449932,0.09121410739053765,0.47633866652022655,0.4860132962447464,2.039069704008494,0.2298975129482809
982,0.08336656095458601,0.09090335153396033,0.4783000988350586,0.48419287888003887,2.04120207969407,0.2290364060034549
983,0.08299228752954883,0.09052313020605356,0.4802522312761171,0.4823810927852349,2.033564169873445,0.22817938188413955
984,0.08269209312854132,0.09018883948677948,0.4784569867090495,0.48057789026022485,2.029700574163019,0.2273264180268851
985,0.0828532839427329,0.09141238182315088,0.4878732917554872,0.47878334959128016,2.0396564724115054,0.2280427723605933
986,0.08260294030546673,0.093971409178918,0.4935188835802192,0.48445412972340823,2.032047208118961,0.22723018395224304
987,0.08239706188415453,0.0939074279182072,0.4954065037279037,0.4826486026341476,2.0317099867171353,0.22638331274720722
988,0.08208140096831866,0.09352849522291151,0.5009946826019389,0.4845885408782162,2.031564458949929,0.22929111190465373
989,0.08280925608115797,0.09729339731274185,0.4991312406275663,0.4827861212942744,2.0314591104916166,0.23589095229039522
990,0.08257526157395506,0.09693311721648398,0.4972765852797851,0.4809922006000554,2.031342215769827,0.23501443649545414
991,0.08228926520534505,0.0966118456686513,0.49914272123985637,0.4829187850591396,2.0349379248043085,0.23414205045128283
992,0.0818858202829116,0.09646323576726311,0.49729172892188567,0.48112795665814073,2.0311000201993274,0.23327377146361636
993,0.08255038533142214,0.09608946275864569,0.5028583260503134,0.48305057937364,2.035365839889275,0.23982002111093934
994,0.08292166202219493,0.09575881991089075,0.5009972808110368,0.48126284128817537,2.044493402293752,0.23893246315385566
995,0.083963417462683,0.09570386055898693,0.5028422108527908,0.4794834997340541,2.0522097135322266,0.23804907382094925
996,0.08386725722743645,0.09546205781553589,0.5046784825654903,0.47771250869964205,2.0479146451046306,0.23716983026883368
997,0.08398704575402728,0.09496818744431547,0.502816295995873,0.4796396698237592,2.046562046382286,0.23629470979529985
998,0.08457567330359936,0.09485373601194146,0.5009628349985016,0.4778716415639557,2.050964267026577,0.23542368983835243
999,0.08611929486094062,0.09410406959818735,0.4991180518595777,0.4797943662147767,2.045912417893561,0.23455674797525328
1000,0.08647612230129895,0.09398249791909873,0.49728189915961085,0.47802930138157373,2.0506853419430686,0.23737306012623677
1001,0.0861758012059007,0.09372234108200977,0.49545434510099967,0.4799475896780458,2.057849240951954,0.24017586502379487
1002,0.08603119087443432,0.0962687855281948,0.49363531213141415,0.47818548889533996,2.053622616117586,0.2403114315209543
1003,0.08571929566283751,0.09603554499256793,0.4918247690884463,0.4764316123210945,2.046090391316976,0.23943002336437963
1004,0.08539377039434394,0.09563092372161974,0.49368677833515334,0.47468591514106045,2.0459215111166116,0.23855272575063316
1005,0.08596147035508499,0.09748950028306953,0.49187966437032066,0.4729483528165162,2.057849172065456,0.23897756211396962
1006,0.08572932317849316,0.0971257060775225,0.4900809648483726,0.4712188810823956,2.0576376299227808,0.23810367189677395
1007,0.08541910138357016,0.09678596038602996,0.4882906340150659,0.4731505887167892,2.0574270720080463,0.237233847569987
1008,0.08524966998460001,0.09590912115948928,0.4899054799964211,0.47167646227836973,2.0533153836436036,0.24027017637010364
1009,0.08498555428854013,0.09558888833139013,0.48811936603511114,0.46995680828612857,2.0567668384226843,0.23939419123822844
1010,0.08467864525504074,0.09513841613521241,0.48998373245676236,0.47188732619027723,2.052917893027331,0.23852227215774705
1011,0.08527285545398566,0.09507949424616442,0.48820090242808273,0.47017034083023856,2.053930256805524,0.23765439708120203
1012,0.08495927236754394,0.09472796130092835,0.490061247465469,0.4684613126892368,2.0610040504216816,0.2367905440960746
1013,0.08518459325328795,0.0944809834279706,0.49187824254741347,0.46679493378845466,2.0557908377132224,0.2395967061309606
1014,0.08565237124295084,0.09431785251126036,0.49372153050955453,0.46510156508376777,2.0680599964170745,0.23872753310756165
1015,0.08560763566752624,0.09594851568126418,0.4919322716863817,0.4634160257107152,2.0746650200629695,0.2391744324549024
1016,0.0855591398903329,0.0957613348340932,0.4937716811495105,0.46173827336480816,2.0740308420409743,0.23830852484085996
1017,0.08534721349907592,0.09514201575019882,0.4956025993767914,0.4600682659996403,2.0773798720064587,0.2374466145019869
1018,0.08520717808403498,0.0949654847711806,0.49381190366765915,0.4584059618251476,2.073487116971813,0.23658867986994228
1019,0.08520717808403498,0.09463740062639732,0.4920294613776953,0.4603608764605891,2.066002746713552,0.23573469950779471
1020,0.08494322065700081,0.09447522126702287,0.49025522803580646,0.45870083843353576,2.0693706935502587,0.23488465210913737
1021,0.08588518691874959,0.09434140758493131,0.49209150469620133,0.4570484396448764,2.0695920496172637,0.23403851649720944
1022,0.08559254296754311,0.0939246089933647,0.49032059299682973,0.45540363899048114,2.069341605596844,0.233196271624024
1023,0.08534225694908748,0.09371045930319177,0.49215294336824233,0.4537664180250833,2.076282518170394,0.23595313396988252
1024,0.08498895269036315,0.09349348839427707,0.4939727356306079,0.4521408593189793,2.0760002092052847,0.23870558601385392
1025,0.08475357128938923,0.09327653403270988,0.4922003789150961,0.45051859389708665,2.0685515938328356,0.23784911880850962
1026,0.08446293878460846,0.09299743904774367,0.49043614646769174,0.4489037647430251,2.07547463594052,0.23699657754490183
1027,0.08669696482368162,0.09297210421528551,0.4886799947272196,0.45087712788047885,2.072404420440627,0.2361479411726869
1028,0.08652209992368484,0.09231743852405098,0.4869318803963718,0.4492642426033982,2.0721454141249303,0.23530318876903136
1029,0.08618262097226417,0.09200694114377081,0.48876540190086737,0.4512323747400459,2.064740309359943,0.23446229953775796
1030,0.0871470962043961,0.09171276873709776,0.4870204753952274,0.45319151335957397,2.0581240045601814,0.23362525280849764
1031,0.08687652081956121,0.09139923919389262,0.4852835162266072,0.45157520522872596,2.0579167052211633,0.23279202803584795
1032,0.08653709647516754,0.09065807167792005,0.48711074532199233,0.449972944505756,2.0576970054638064,0.23553888760886435
1033,0.08622031776209764,0.0905587231387735,0.485376935295545,0.4519306973017918,2.050372889266974,0.23470051627569952
1034,0.08574722063346381,0.09022575982952005,0.48365102332514814,0.4503237140614612,2.0430821367486076,0.2338659639905731
1035,0.08612778664689004,0.08989952318600962,0.485483306277942,0.4487259702595451,2.041068527245467,0.23659132385970627
1036,0.08651106803691641,0.08960559065011352,0.48376046520183985,0.44713357043141516,2.0392907727984277,0.23575172907709693
1037,0.08687794807304595,0.09282588576165347,0.4896326262091149,0.4485967343286185,2.032065299503667,0.23492201707059274
1038,0.08663916499333799,0.09453926555634345,0.487983296391886,0.45400645544952667,2.0318669719549027,0.23540270717185796
1039,0.08661091821346209,0.09696132464562424,0.48941569230272736,0.45277930461931004,2.0278369790719597,0.23500110058605309
1040,0.08631861557772377,0.09647048977436813,0.49122037644363026,0.45117893496819267,2.0242040411465263,0.234170478193377
1041,0.08618651655332528,0.09632649766033916,0.4930168844373953,0.4495858158145146,2.0239698593136253,0.2333436189472508
1042,0.08587302206662427,0.09597973059175056,0.4912777748761655,0.4479999086872799,2.0203578212091378,0.23252050288049333
1043,0.0882220888218601,0.0953439515658032,0.4895465321061417,0.4499451344149825,2.013292169200724,0.2317011101457098
1044,0.0888256448146962,0.09499740285721238,0.49486365346801303,0.451881902563334,2.017371300507747,0.23792729891192282
1045,0.08850032506608772,0.09466967218677831,0.4931232584816906,0.4538095890725495,2.017310207064942,0.23709052806558237
1046,0.08895327716102011,0.09445276044415865,0.4913907177294713,0.4522151730856887,2.018802533248347,0.2362575334850721
1047,0.08885135788963854,0.09675572214013475,0.49143871380061027,0.4523651142126294,2.011716755625768,0.23605146969506274
1048,0.08856375388157986,0.09645363201277757,0.4967283078254097,0.4507789487534884,2.011675672190103,0.2352237827757001
1049,0.08835693892956217,0.09639171742024598,0.4984912074754131,0.4491999248120609,2.0114142219938027,0.23439982241636423
1050,0.08812083717150383,0.09594017600593736,0.4967467985644566,0.4581261371794995,2.0078749018311677,0.23357956895387985
1051,0.08773250709558268,0.09681615941701008,0.49503870493959645,0.45999198959955623,2.0077904251102052,0.23478723805094837
1052,0.08769262623188687,0.09849539557285186,0.49355860778678434,0.46162913691305774,2.0033405348149027,0.2355183827060791
1053,0.0874265189801639,0.09828386972398843,0.49532552867350127,0.4600185612838339,2.0068177751294902,0.23469668377702718
1054,0.08716314441713234,0.09749744523804003,0.4935991171435338,0.4584152089383041,2.006794012401928,0.23387867009216246
1055,0.08739944083060214,0.0973123316415018,0.4918804423963898,0.45681904189516104,2.008913626761816,0.2330643222738171
1056,0.08715101584200376,0.09698035693475046,0.49016946377895726,0.4552300223990601,2.0054041771203224,0.2322536210596071
1057,0.0867231694347002,0.09668261705767581,0.4884661408798278,0.4536481129191313,2.0019104303973694,0.2314465473016731
1058,0.08643534695674912,0.09637920977602696,0.4867704335277052,0.4520732761475018,1.9984323041961696,0.23064308196592656
1059,0.08615474367423995,0.09614588656203263,0.4850823017898263,0.45050547499782895,2.0019057653977206,0.22984320613130127
1060,0.08590212252495759,0.09588647595669458,0.48686626407369327,0.45240923070714456,2.0053637208660695,0.22904690098901045
1061,0.08655688638054351,0.09551800456723258,0.48864226275205597,0.4508434053269879,2.0101865182778598,0.23171526740458587
1062,0.08629005004867676,0.095183206560462,0.4869527157164423,0.45274218888981754,2.0101512970064483,0.23091408037474334
1063,0.08604573887377652,0.09469762567281785,0.48872487338688175,0.45463251587794523,2.0100985744667152,0.23358829971221157
1064,0.08630255793759287,0.09454314318702355,0.4870384170017033,0.4530637029300821,2.0086045658073153,0.23278225013093562
1065,0.08678739296505791,0.09403869052396178,0.48535945991488105,0.4515018661462422,2.013354180665778,0.23197978487378035
1066,0.0866072789196012,0.09382577047145134,0.4836923166360277,0.4533864484734893,2.0132994838132716,0.23463342551384614
1067,0.08673230115809306,0.09356374617137102,0.48546861688142584,0.4552670127513407,2.008753774470379,0.23382619481643846
1068,0.08648777064707877,0.09313241231459643,0.48380008444609834,0.45370228178605193,2.0121307019003587,0.23992638825293572
1069,0.08668580209963393,0.09295682314865722,0.48213894864365797,0.4521444872999543,2.017460094509844,0.24253615763281788
1070,0.08649633801403946,0.09280903412486874,0.48048517098401716,0.45059359319747627,2.0208302900727135,0.24170423795431722
1071,0.08626667459992744,0.09258843988517056,0.48226537000737557,0.4524762203992238,2.017332255014033,0.24087600048290012
1072,0.08598585938998572,0.09207521998932372,0.4840376956875007,0.45092728938591514,2.0138496908270356,0.24005142608387306
1073,0.08671569817751826,0.09201029175272979,0.48238237857150484,0.45280501391832956,2.0077722948906014,0.23923049573514998
1074,0.08703152683569092,0.09173144138430406,0.4875671556330297,0.4580908388588648,2.016239260491345,0.23841319052651824
1075,0.0868234293204144,0.09138499082492808,0.4859030998752692,0.45994036266161004,2.0230097913658307,0.23759949165890973
1076,0.08629493460837033,0.0910793869751401,0.48765594733129497,0.45837216550963467,2.0195217716756715,0.23678938044367717
1077,0.08608896815157224,0.09073575642128079,0.4859949139205655,0.46021703571821704,2.02626759426734,0.23598283830187555
1078,0.08589373484442789,0.09045492780385483,0.48434119280102855,0.45865103037590127,2.026178212106838,0.23517984676354875
1079,0.08563470731409943,0.09006482883120058,0.4860940990679763,0.45709191366100393,2.0260892231253274,0.234380387467021
1080,0.08543978635785757,0.0900088548056366,0.4878393005135668,0.45553964997412627,2.025793851239018,0.23358444215819368
1081,0.0851387034245518,0.09149912706606646,0.4917359605643216,0.4586202022848566,2.018921222028091,0.2338401298255107
1082,0.0849154962949683,0.09127128658836657,0.4900693837332969,0.45706586039273495,2.0188570947875077,0.23304760584153408
1083,0.08465152470013523,0.09106317927204276,0.48841011531302386,0.45551833472941516,2.0154074661058026,0.23225855729937187
1084,0.08440811333152802,0.09075164222055522,0.48675811763894017,0.4539775901668396,2.0187377504814052,0.23147296628801722
1085,0.08499025883240306,0.09056716524801213,0.48511335326645066,0.452443591782104,2.0300954291195668,0.23069081500106653
1086,0.0848258429362231,0.09010663109808414,0.48685142549953786,0.45091630485613016,2.033369478299296,0.22991208573604233
1087,0.08464738388050809,0.08975423115299197,0.4885818992862388,0.45276796144910875,2.0332517021927417,0.2325142728006846
1088,0.08432550738488995,0.08963702139684167,0.48693591768213423,0.45124263327677594,2.0331396806663724,0.2317309563980901
1089,0.08401677943864905,0.08922007111378585,0.4886626496190307,0.44972396320607405,2.0296626193335614,0.23095105919427017
1090,0.0837799262043098,0.0915285276960207,0.48879343048826945,0.4498003367068487,2.022838558840762,0.23020258125577123
1091,0.08354020725487066,0.09129542696775564,0.4871516689375181,0.4482895453331131,2.0261206530402878,0.22942937580083722
1092,0.08300720141288477,0.09662633559173724,0.4855170571721174,0.446785333376484,2.025884246531439,0.22881384512681152
1093,0.08320848764204843,0.09637315130718546,0.4838895585730154,0.4452876671391642,2.027932699123398,0.228046839710837
1094,0.08296632457399035,0.09611587765058478,0.48226913673380156,0.44379651311903456,2.024490416550049,0.22728316942102772
1095,0.08290956028853001,0.09851119715431492,0.48370127166700655,0.4426117178702119,2.0206671326594026,0.2271466257860867
1096,0.08266060499807815,0.09837715517708738,0.48208471669748276,0.44447453868588993,2.017256009674665,0.22638748987259288
1097,0.08317375632051512,0.09822098811967228,0.4804751746863371,0.4429905662260277,2.0253335296732553,0.22563164725172752
1098,0.0829972764178093,0.09782649649821368,0.4822079847592743,0.4415130266014118,2.028584407774252,0.22487908111420915
1099,0.08491806711373123,0.0999673465912444,0.48726533030640623,0.446705969426276,2.0250087592177994,0.2242908196156891
1100,0.0846189107681797,0.09974151552475329,0.4956294974318729,0.4452190144249027,2.0249255122899714,0.22354422033379903
1101,0.08439464718371875,0.09949272592095514,0.4969795209595762,0.4440656922970219,2.0181918578155567,0.22612623379710986
1102,0.08474543250071229,0.09936066565894111,0.4953285251382373,0.44923459952952843,2.0198327288793396,0.2253750288654191
1103,0.08447641321055177,0.09903518045536558,0.49700339838152274,0.4477437068435169,2.02308564888397,0.22462706781678884
1104,0.08636888219024336,0.1011361887448464,0.5019864672639888,0.45289009241997846,2.019546975868332,0.22404119246956652
1105,0.08621688239942113,0.10094651020320494,0.510260159924288,0.45139007114928764,2.019482234157107,0.2232991436594026
1106,0.08554059223864598,0.10356243630562977,0.5085718119393138,0.4498965124180409,2.026033654593509,0.22271111083451567
1107,0.08609525511446527,0.10349151189349262,0.5068913485329642,0.45832524086292675,2.0268205115919695,0.2252810486916988
1108,0.08585046696861336,0.103308047780423,0.5052174983159948,0.4568117650340705,2.0201275704658186,0.22453712845450582
1109,0.08559732830708601,0.10303374001152386,0.5068497298037705,0.45860368155877196,2.0200611718883126,0.22379640587440083
1110,0.08543653755680573,0.10511074378082075,0.5051793611000167,0.4570923120303742,2.016390725519419,0.22365789637533065
1111,0.08551752744414447,0.104850703778827,0.5035161612777086,0.4555874289914236,2.021818886975297,0.2229215484518936
1112,0.0852592684128926,0.1045588188691732,0.5018600940964622,0.4540889996511884,2.021747124546541,0.22218835836034417
1113,0.08577770566407657,0.10422639100814446,0.5002111235238182,0.45259699140706966,2.0294527419090564,0.22474402832880588
1114,0.08558939114798222,0.10416575216304616,0.5018516473158278,0.45111137184340455,2.029158711335284,0.22400632098288611
1115,0.0854743146904802,0.10376830208329614,0.5002059990868698,0.4496321087302764,2.029063095465685,0.22327177003068235
1116,0.08527186584343063,0.10343484907689195,0.5006188516951162,0.44938358022439095,2.022416137839353,0.22581623483481744
1117,0.08514763058055859,0.10505932813226662,0.49898052592174,0.44791292705357894,2.022261493182637,0.2254064970189921
1118,0.08536013860530256,0.10492648305448567,0.49734919388296606,0.4464485518514931,2.0238903457687916,0.22466956877984762
1119,0.08506265056212875,0.10469163203899555,0.4957248203930315,0.4449904230334179,2.0205462560332044,0.22393578395419675
1120,0.08494562440021161,0.1040439649613686,0.49737016841338816,0.44680130714128274,2.023729705385195,0.22648023499670575
1121,0.0846910158005155,0.10392574511177693,0.49574897205659785,0.4453449418476881,2.0236523575377334,0.2257420143409858
1122,0.08436899351397352,0.10358930230731177,0.4941346751532796,0.44715105339456757,2.02357533886562,0.22500693538925806
1123,0.08402027217961855,0.10324490813200646,0.49578026730722147,0.4489494844080485,2.0267516719375993,0.22427498237869886
1124,0.08375706761497169,0.10272393150132057,0.49416909406881243,0.45399004621926253,2.0234149622591313,0.2235461396362964
1125,0.08419222028069692,0.1026455152880431,0.4925647619119956,0.45576268100623396,2.02782165490596,0.22282039157828282
1126,0.08399939290230025,0.1043144772096146,0.49096723658346797,0.4542845151222619,2.0274617506175843,0.22292773793993736
1127,0.0838906763640879,0.1041368187078627,0.4893764840247232,0.45605265409209783,2.0302630724931094,0.22220544357257618
1128,0.08372073406344469,0.10344145037657823,0.48779247037082196,0.4545765030007362,2.0301651169893145,0.221486209060743
1129,0.08348181024915353,0.10488982373213927,0.4899082468297283,0.4558806446968458,2.0300675761375024,0.22808894732396662
1130,0.08363622751975697,0.1046239722682698,0.48832568026651296,0.45440799860488273,2.0416923898116055,0.22735214416988675
1131,0.0834499269771116,0.10422218553099714,0.4899769064317709,0.45294157680480157,2.0415578441400837,0.22661845519097465
1132,0.0853908593022455,0.10392810647151102,0.4948450371993618,0.4547052266145096,2.0452571156510024,0.22588786485833798
1133,0.08514029152218015,0.10370786800546644,0.49647196760594214,0.4564614335464413,2.0386700458689315,0.22838101381956444
1134,0.08498615083631308,0.10341148964931536,0.49809203734915475,0.45499279762181155,2.0349250857664942,0.22764621228596532
1135,0.08528157643664522,0.10312803173842577,0.5029195017831973,0.4599587925464648,2.0428283681514086,0.22691450700129837
1136,0.08495603037328499,0.10287785335595936,0.5013046229385147,0.4584818609085478,2.045901854491712,0.22618588256814612
1137,0.08470838914408832,0.1025267493097916,0.4996972428278104,0.46021823790399874,2.045753201649329,0.22866953178167432
1138,0.08521457385508065,0.1019755055644931,0.5013005095409481,0.46194801875993247,2.043514649979419,0.22793673900098585
1139,0.08497357575106916,0.10177507189918343,0.49969565109869357,0.4604691429884546,2.043375342613773,0.2272070246022898
1140,0.08475881829996304,0.10128797837398426,0.5012957195734542,0.45899647507958297,2.0464348102354792,0.22648037331870882
1141,0.0845374248573612,0.10110557428911704,0.4996940829444217,0.45752998426711444,2.0398964640597144,0.22895176359593375
1142,0.08423207590770676,0.10080027750031274,0.4980991592556274,0.4560696399581696,2.0333855220568684,0.22822099530426482
1143,0.08403820562465376,0.10056803844323729,0.496510915282989,0.4578040217570919,2.0428448987214995,0.2274932875507259
1144,0.08441598637503812,0.10015337079757572,0.49492931798935985,0.4563457222926967,2.040678880226821,0.22676862519822968
1145,0.08419207522858618,0.09990744734846697,0.49653657370126497,0.46125799941235646,2.037367191122546,0.2260469931948044
1146,0.0840255558711766,0.09925174271502893,0.4949580548715227,0.45979163323510946,2.037248398634891,0.22532837657306226
1147,0.08383019868762105,0.10179355309480549,0.4937118167007598,0.46118158101436396,2.033628531350281,0.22496587288358674
1148,0.08406714208583069,0.10155699030827711,0.49214541387939126,0.46289109385799926,2.0384696764530434,0.22425212213653894
1149,0.08391935368984672,0.10301564117265362,0.49095412943463435,0.46422489169421494,2.0348096218099165,0.22400937662795148
1150,0.08372059369185154,0.10284524379889355,0.4893995881400594,0.4627549849945009,2.0346994017479845,0.22330008057469056
1151,0.08349490088140855,0.10244213911123434,0.48785151793931225,0.46445439998867943,2.0409160463169496,0.2225937371102919
1152,0.08325449235974448,0.10197447919556916,0.4894699282876568,0.46298670490882415,2.0407867499212906,0.22189033171081385
1153,0.08368691768177952,0.10176742192045121,0.48792472907762985,0.46152511013183584,2.045362013105654,0.2211898499335745
1154,0.08325877314428275,0.1017674219204512,0.48953967495195994,0.4600695856907423,2.038911498636118,0.2204922774166465
1155,0.08295084840871278,0.10147700102246278,0.4911479186789255,0.4649212525240917,2.0356383296579086,0.21979759987835534
1156,0.08365018986894764,0.1012385099361842,0.49589691950573284,0.4634579471146549,2.0394699666138503,0.21910580311678104
1157,0.0846171547830754,0.10120794295913373,0.49748196099940756,0.4620007053219053,2.0366604766000913,0.21841687300926313
1158,0.08484250073490184,0.10076018493052473,0.49591930160373554,0.46369063524620796,2.0415789795350925,0.21773079551190913
1159,0.08466738335243315,0.10065548337873724,0.49436310770882097,0.46537357308814387,2.041448504770549,0.21704755665910627
1160,0.08578478174510402,0.10055306263025232,0.49281334768277196,0.46704955305585905,2.037530891759113,0.2163671425630366
1161,0.08572021364380185,0.10026668142688508,0.49440171858371645,0.47498206619491534,2.040086659419109,0.21568953941319527
1162,0.08546075819062468,0.09988408141184602,0.4928549341823453,0.47349603808598,2.0337040476610544,0.21501473347591216
1163,0.08521959696622967,0.09969833500643771,0.49131453022251986,0.47514161111679826,2.0398496492592133,0.2143427110938768
1164,0.08572872234830649,0.09941552314903529,0.4897804755730188,0.4799027487534922,2.0406323586524184,0.21367345868566628
1165,0.0854970948042869,0.09919769186646746,0.4912761252647346,0.4785016639554996,2.03426716387701,0.21612618936560327
1166,0.0858452122839431,0.0991048430411945,0.48974525533250035,0.47701060063651823,2.0384508931708427,0.21545271661198662
1167,0.08559385348764957,0.09862220263841832,0.48822068109454675,0.47863866370871905,2.0352182013542914,0.2147820135114109
1168,0.0854267372792188,0.09825991345312766,0.4898122548792058,0.4771501534830377,2.0382185598328735,0.21411406658684168
1169,0.08521292823937002,0.09811470789780867,0.4944738117290058,0.47880478625375955,2.034962792616248,0.21658589320026975
1170,0.08501348561033048,0.09778747622533734,0.4929391284841836,0.47731873448403095,2.0410616184915336,0.2159136821883315
1171,0.08556802090136044,0.09762826833273967,0.49451130483875655,0.4789393429213689,2.0388870723608528,0.21524422728689038
1172,0.08530312305033246,0.09743636742919723,0.49297957175938467,0.4774558435000473,2.032571684333764,0.2145775151210549
1173,0.0851321831966133,0.09735979708137803,0.4914541093999799,0.48216716205019194,2.0324708954141415,0.2139135323898363
1174,0.08481253639228746,0.10251222893481098,0.49302554228329426,0.48067727319050496,2.038549342275043,0.21326004842721744
1175,0.08451443213164075,0.10235333878611433,0.49150298583401364,0.4791928505398458,2.0353421047926727,0.2126014609215823
1176,0.0842954617140519,0.10197407578502467,0.4899866484238565,0.47771449116686976,2.0383181739044893,0.2119455634846574
1177,0.0844225478905223,0.10189617724275249,0.4884796651154654,0.4793210201957624,2.036766340436956,0.214380692976969
1178,0.08429272192529069,0.1015160830233533,0.48697566596987835,0.47784521996021734,2.0481772698221503,0.21372062787683527
1179,0.08409228801694099,0.10130631330085263,0.48855365787537547,0.4794512958549936,2.0449532214922943,0.21306325278084692
1180,0.08457095057629657,0.10289201805449957,0.4870524363580663,0.4779780439608835,2.0549828441511715,0.21338093349825418
1181,0.08548962734030315,0.10284650607072651,0.488627039770334,0.47651078704739663,2.0522261927114367,0.2127259146038984
1182,0.0853078035940876,0.10230388750130948,0.49019524061189823,0.47504949621784914,2.055132681317199,0.21207355911338804
1183,0.08516225554111996,0.10210680714480813,0.49175706972327593,0.47665772557181485,2.054785891233444,0.21142385419738388
1184,0.0849634100651977,0.10181311571869406,0.4902520369897142,0.4782594254809068,2.05155769708852,0.21077678709695172
1185,0.0850261417916273,0.10149981003369447,0.48875311011670347,0.48291208914938083,2.050636647590258,0.21013234512313264
1186,0.08679509025896469,0.10148919394570054,0.49031466561379256,0.48143707963373544,2.0509858652955044,0.20949051565651594
1187,0.0876032042491962,0.1013360452108478,0.4918698954788791,0.4799680451650311,2.051199773735007,0.20885128614681514
1188,0.08731757441084373,0.10116580101837111,0.49042938544756176,0.48149440169071894,2.0509848427805837,0.21437010894395186
1189,0.08709900154909557,0.10083858362645938,0.4889359022350789,0.4800281277944814,2.050829580863082,0.21371729700309774
1190,0.08680827587496992,0.10060984616799412,0.4874484552528233,0.4816099927968964,2.0476327338289932,0.2130671235406257
1191,0.08655816277141455,0.09994512670586446,0.4859670155812179,0.4831854691652361,2.0474879697605037,0.21241957591558663
1192,0.08632493616100935,0.09977566975240705,0.487527688754362,0.48171845319109213,2.050379924202635,0.21177464155605918
1193,0.08607222808019199,0.09953330028552874,0.4860489686780866,0.4802573531053391,2.053260216549729,0.21113230795873045
1194,0.08592452444796564,0.09938505833318652,0.48457620720529904,0.4788021406221193,2.0500687663714205,0.21049256268847913
1195,0.08565648161965166,0.09912861708929949,0.48613641540688424,0.48340686669339045,2.049917206235804,0.20985539337796177
1196,0.08550007625792519,0.09872512330518182,0.4846663320733485,0.4819450375534198,2.046742241889248,0.20922078772720157
1197,0.08599696117069545,0.09867616206729894,0.4832021591976233,0.48048908568534304,2.0475925878814505,0.20858873350317994
1198,0.08575840399113302,0.09831347327770543,0.4817438685957192,0.48205695509468033,2.0504669268135913,0.20795921853943086
1199,0.08858843790860434,0.09803672518091826,0.48330638780459867,0.48060357479396215,2.047542450143134,0.20733223073563786
1200,0.08840444935643443,0.09766206034026251,0.4848626390578514,0.47915602464443957,2.0443873129159793,0.20670775805723365
1201,0.08813087946726973,0.09746481754343818,0.4834037205015431,0.4807232085835117,2.0442537545238464,0.20608578853500245
1202,0.08794994292763968,0.0972585607490158,0.48495656978800333,0.4822841152857615,2.0436066166125006,0.20546631026468493
1203,0.08839966313602375,0.09716604286033745,0.48650320391942303,0.48083585475084795,2.0476518801827823,0.20484931140658583
1204,0.08808114917683875,0.09953904026627983,0.48804337560785344,0.47939366322173405,2.053507658035304,0.20441944109219048
1205,0.08793102192327858,0.09937321456025762,0.4865807486570023,0.477956958766885,2.0498525626447375,0.20730154960209587
1206,0.08782031743050077,0.10156383661409603,0.48512396259680163,0.4765259916831496,2.0437154586862074,0.2067565429418668
1207,0.0875603212608203,0.10128127492995023,0.48367298974276673,0.475100734776702,2.0495656319478885,0.2121209534990505
1208,0.08719192831783079,0.10098125616257705,0.48820368797572183,0.47368116100075025,2.04344164726373,0.21148714824286907
1209,0.08732121734582231,0.10078719134960111,0.48674642132183843,0.47226724345465115,2.042471800442613,0.21085586835611297
1210,0.08720165971881252,0.10069695798128392,0.4852949567357343,0.4708589553830308,2.0363812051005703,0.21022710189315674
1211,0.08741017306409252,0.10047392083169296,0.483849266790569,0.47243526248690537,2.044058198048065,0.2096008369728442
1212,0.08794720775658812,0.1003619612326468,0.4853853390161123,0.47102928814960077,2.041789995255422,0.20897706177810088
1213,0.0884895350342335,0.09973163878719454,0.48988834941399345,0.46962889910222,2.0428659737448944,0.20835576455554916
1214,0.08827390579199423,0.09941419028366434,0.48843334734761445,0.46823406899564085,2.0427386588568166,0.20773693361512582
1215,0.08813759513516049,0.09929027587133514,0.48698411669288244,0.46684477162259425,2.0366776486901323,0.20712055732970236
1216,0.08792571656783564,0.09887304373108405,0.48554063025905086,0.4654609809168136,2.036568931205323,0.2065066241347074
1217,0.08760851683068564,0.09800626179113964,0.48410286100157723,0.4670438428250907,2.033499472441915,0.20589512252775202
1218,0.08837476771337693,0.09795394046564447,0.4826707820212471,0.4686204402212486,2.0309529086093514,0.20528604106825712
1219,0.08822135008130065,0.09735363562830344,0.4812443665633044,0.4672355471124503,2.0279061794100137,0.20467936837708367
1220,0.08831623188303345,0.09757436674726822,0.4886359581055983,0.4659006617454914,2.0270232295482202,0.20573059172676256
1221,0.08868576364187633,0.09843815034969679,0.4871947992305271,0.46452655723591096,2.0344339291446576,0.20688007532014774
1222,0.08840233640802017,0.09824449565590036,0.4857593270287765,0.46315787480962023,2.043171658266364,0.20921694976609356
1223,0.0881871726280834,0.10015696237524642,0.48585319466230875,0.4632143672488541,2.03715766822927,0.20861943995615317
1224,0.08795529841183151,0.09983628187848367,0.4844245355456952,0.4618522779675921,2.0488104697075467,0.2080059911447209
1225,0.08800947902319196,0.09958178502985948,0.4830015011702732,0.4634331283401781,2.044889308220861,0.207394957528599
1226,0.08832126218740104,0.09929707079035421,0.48451743280395204,0.4620743918332686,2.04320736227219,0.20972351530624345
1227,0.08813952674139619,0.098959756230864,0.4830969693054993,0.4607197247713004,2.0401489831941673,0.2091086672572564
1228,0.08834928132229894,0.09889941442012186,0.48753964073827877,0.45937037921766777,2.0414483120735594,0.20849623450211513
1229,0.0881579775235025,0.10126792449641038,0.48903902296474266,0.46095218048258657,2.038136867606583,0.20817526669121716
1230,0.08792403050280016,0.1008317210468319,0.4876095981986536,0.45960485147237784,2.040948322150018,0.20756678583811136
1231,0.08761098337276346,0.10062239691273281,0.48618577606933716,0.4582628033242588,2.034988744248755,0.20696068992843447
1232,0.08740247963957924,0.102919408335258,0.48768461622895604,0.4598430971902505,2.0348312886327276,0.20654606657990188
1233,0.08721030650492712,0.10260030856059074,0.4862634202828476,0.45850303616756305,2.0405581246104756,0.20594415620024334
1234,0.08782110808078802,0.1023772904448903,0.4848477822895759,0.45716821579869454,2.0556683590632776,0.2053445997461721
1235,0.08805554564210397,0.10224360034390469,0.4834376763941082,0.455838611704655,2.0600496526400587,0.20474738626746508
1236,0.08787418193863222,0.10187286369121865,0.48203307687881985,0.4574196403657624,2.0598751819334713,0.2041525048720949
1237,0.0875840791997692,0.10172320046117711,0.480633958162681,0.4560919630534311,2.05679885527677,0.20355994472588532
1238,0.08783913880249453,0.10160770936577918,0.4821399304557415,0.4576690981905624,2.061087916084106,0.20296969505216844
1239,0.08759537505544111,0.10139340804267678,0.48074329765390206,0.45634335096544243,2.063807697897657,0.2023817451314447
1240,0.08775564204911811,0.10191349090573085,0.4793522133765436,0.457916496552673,2.068255957261379,0.20392185901960824
1241,0.0874985314682929,0.10168446400914179,0.4779664301989905,0.4565926829560343,2.0709495825001514,0.20333233116539398
1242,0.08788275852264624,0.1014198620743797,0.4765860343373044,0.4581620760436307,2.077792407906242,0.20274509513634725
1243,0.08766067313280143,0.10089159082178313,0.47809617452542524,0.4568401988888429,2.077567963299838,0.20216014032773388
1244,0.08744461078215028,0.10067721626044471,0.47960045266631846,0.45552345298370434,2.080226679870857,0.2015774561909039
1245,0.0873824305690202,0.10054690081218735,0.47821948676751175,0.46285004186035783,2.074236856277658,0.2009970322329609
1246,0.0871369612415808,0.10030863999835544,0.479720404647174,0.46151863931500997,2.074023311650959,0.20041885801643342
1247,0.0874133573615301,0.10003052075748531,0.4783418532193418,0.46019239349966506,2.078389921466846,0.19984292315894853
1248,0.08719870717742856,0.09980216052848702,0.4798391242596424,0.4588715773480434,2.0810347746013624,0.20214089127879598
1249,0.08713666663081263,0.09967264782358638,0.4784629867017081,0.4661593162695856,2.0750665449012207,0.2015611684958481
1250,0.08725193780479719,0.10340090500327268,0.47753924890827615,0.46724171382139557,2.0715487921205376,0.20144129961355162
1251,0.08729937341678641,0.10315197490271091,0.4761724435422603,0.46590438189917655,2.07051866799727,0.20086473747781416
1252,0.08709308811592914,0.1028495792810276,0.47481091243727375,0.46457221050516145,2.067457708706757,0.20029040019374844
1253,0.08673799233545734,0.1025955325778384,0.47345463134976057,0.4632451759185762,2.064408552370801,0.1997182775346486
1254,0.08654470160279118,0.10230839431646119,0.47210357616359855,0.46477686520991396,2.0585175341055737,0.19914835932756447
1255,0.08642042047279473,0.10214781940036852,0.4764592398538415,0.46345189861906577,2.058350714748862,0.19858063545298632
1256,0.08684121190795739,0.1018424738225399,0.47795023637436157,0.4649799388656882,2.0558607808717517,0.19801509584453172
1257,0.08750711489095213,0.10175189954130459,0.4765904380020818,0.4721922297915724,2.0564200781172133,0.19745173048863449
1258,0.08740081989797593,0.10380002039516896,0.475235863593302,0.47085015605383296,2.056208496340041,0.19700809553272478
1259,0.08717733931590894,0.1035083974570731,0.4767258674549544,0.4723526125979698,2.0645670338315463,0.1964487150363163
1260,0.08749169712241321,0.10335270189519238,0.47537361533655237,0.47101276539305875,2.0770640407341596,0.1958914803461087
1261,0.08758319400192657,0.10320590079059508,0.4740265466781499,0.469678054097567,2.073187448280126,0.19533638165087405
1262,0.08733012254800139,0.10289243235296269,0.47551551064896147,0.4683484552442116,2.075811136773321,0.1947834091907053
1263,0.08709853694075745,0.10254789719710738,0.47417073214943256,0.467023945488388,2.075596739588635,0.1942325532567167
1264,0.08764810343389437,0.10225695632946277,0.4728310970470015,0.46570450160745497,2.072872664207329,0.1936838041907463
1265,0.08739370134687939,0.1021424720741197,0.47149658188676247,0.46439010050002333,2.078311748329011,0.19595957185305668
1266,0.08812018467169894,0.10098798545349787,0.4758063072945403,0.46308071918524946,2.07578438881575,0.19540704973520961
1267,0.08874847044588885,0.10080299481170482,0.4772828318790574,0.46177633480213354,2.073331409483995,0.19485663618209556
1268,0.088616105110285,0.10064228835328529,0.4843816027688715,0.460476924608822,2.0731250594097452,0.19430832159729142
1269,0.08838868296420836,0.10050752511141195,0.4830199450811337,0.4591824659819145,2.0672972437812187,0.19376209643435802
1270,0.0899940947138549,0.10023416661132789,0.4816634723358493,0.4607012526335594,2.0678654407917048,0.1932179511965496
1271,0.08974639175382625,0.10009852914335111,0.48311767028746533,0.46221426028760904,2.064869534360802,0.19267587643652515
1272,0.08945442191299581,0.09989705928617545,0.48176363388158994,0.4609188099776011,2.0590823137831653,0.1921358627560614
1273,0.08999434416680553,0.09979291016330125,0.48041474200713313,0.4624281855006869,2.0625454711041376,0.19159790080576794
1274,0.08976156585773805,0.09970265353313386,0.4818680767325786,0.4611347251307583,2.0595734194403055,0.19106198128480398
1275,0.08935324531491033,0.09970265353313386,0.483315897782429,0.4598461719035203,2.0538183334931324,0.19052809494059683
1276,0.0891151329349889,0.09957260987087747,0.48196671334893815,0.45856250360338946,2.050876581943474,0.18999623256856238
1277,0.08895749945993633,0.10068299570341846,0.4806226399320958,0.4572836981299339,2.0507087258153778,0.19086187841795102
1278,0.08874527874673337,0.10043196674658256,0.47928365442383175,0.4560097334972069,2.0533533936975115,0.19033014880713242
1279,0.08911706770840482,0.1003239070917847,0.48073288860389474,0.4547405878330847,2.054326591050506,0.1898004305459502
1280,0.0889238960066074,0.1000601378095308,0.4821766448625618,0.4562566123831406,2.0541755428633213,0.1892727145526117
1281,0.08878059885631942,0.09985806667803176,0.48083735389660476,0.45776691076567977,2.0512474711781152,0.18874699179228444
1282,0.08936304310309878,0.09960624864238775,0.479503117840624,0.4564966909863116,2.05176323075574,0.18822325327682515
1283,0.08911474411423471,0.09931669682252174,0.47817512680129937,0.45800209339619685,2.0543881465094973,0.19047717310699214
1284,0.08951262632574687,0.09922268040743011,0.47685092898628384,0.4567337602325612,2.0524478681515115,0.1927209780818026
1285,0.09007122940078598,0.09917454869708488,0.47829784696695393,0.45547058059678813,2.053123483001567,0.19495545114014182
1286,0.08989552559196191,0.09898486270845008,0.4825034371607703,0.45697551872276904,2.050212922755489,0.19441664482255083
1287,0.0915466346452973,0.0989675159242294,0.4811712556150523,0.4557138192072803,2.044819558017847,0.1938798646745439
1288,0.09192461644424636,0.0987464480496637,0.48535957798178075,0.4572160191222326,2.0427092731661083,0.19610519947640379
1289,0.0920657887184377,0.09864420899838768,0.4867776500648501,0.4587116397099072,2.0441579989537804,0.19556483906780692
1290,0.09177287374763902,0.09848939063559153,0.48819040124650825,0.45744894058715385,2.0440364448842634,0.19502650620385673
1291,0.0916156872775215,0.09809044522188594,0.48684789887986957,0.45894093239900496,2.043915346576463,0.19449019179565158
1292,0.09138113875498083,0.09788448293233222,0.48551042647770026,0.45768012623609083,2.0437937905758172,0.19670400613081157
1293,0.09178390567562472,0.09781053653192166,0.4869224236039258,0.4646574267304906,2.044578639324043,0.1961641594445663
1294,0.091480352132758,0.09772360434184615,0.48559605394371597,0.4661165508346294,2.0444391476296375,0.1983853210273279
1295,0.09168542169754339,0.09752197585831386,0.4842660167226863,0.4648398675565979,2.048625412285436,0.19784194786988696
1296,0.09144951933177721,0.09722246600878862,0.48294094817650124,0.4635679536368879,2.04849236143706,0.19730060461393742
1297,0.0917982761010721,0.09698550845032715,0.48162082611958273,0.4650342939402226,2.046997668004156,0.1967612821957874
1298,0.091649836701434,0.0966183678784965,0.4830364025003693,0.4637643903717019,2.044138553972875,0.1962239715981323
1299,0.09140219457495709,0.0963787004030364,0.4817186576454259,0.46249922042559666,2.04947394030303,0.19841699940946625
1300,0.09101795758673323,0.09623082890253627,0.48040582115036534,0.4612387630074024,2.043888472225757,0.19787625000329132
1301,0.0908280792035994,0.09595474371785515,0.4790978711563315,0.4599829971303797,2.0492141696849497,0.197337513317313
1302,0.09066547486650907,0.09573596535349554,0.47892259158374517,0.46032396898874794,2.043640567923362,0.19952065313545259
1303,0.09114753451481705,0.0955996848757464,0.480338439267256,0.46179035199828194,2.041618241986673,0.19897852474916736
1304,0.09123140215361537,0.09649284959713653,0.4871778640821715,0.46053689188071123,2.0488638537608908,0.19949583817271038
1305,0.09101617318300788,0.09630903185952627,0.48585677151795886,0.4619997676666342,2.043307897709014,0.19895486025102696
1306,0.09110895278372583,0.09619155391383541,0.48724959322604783,0.4634572183555466,2.0554454620338642,0.20112490357039792
1307,0.09139331281506788,0.0960750707108625,0.4859309460854319,0.46220296069319317,2.05907351751398,0.20058059777171308
1308,0.09116431842913066,0.09584226128988575,0.4846171820303807,0.4609533476755645,2.056210203847346,0.20003830759320934
1309,0.09177230379087806,0.09579493806945479,0.48330827942820737,0.4597083587262969,2.056578847769102,0.1994980241054343
1310,0.09151941921749895,0.09565759367497798,0.4820042167561423,0.4584679733735764,2.0618225878178436,0.19895973842430667
1311,0.09162191779494407,0.09543804580056645,0.4807049726007084,0.459927674961479,2.0633132957775895,0.19842344171085857
1312,0.09182352293393052,0.09513975425805413,0.48210333521262555,0.4613819868790171,2.0647626108884984,0.19788912517097948
1313,0.09158687869537914,0.09475986617238857,0.4808064203083926,0.46014081484882546,2.067278509909192,0.19735678005516177
1314,0.09141107931370944,0.09446004374218284,0.47951428703795973,0.45890421893238803,2.061722845032273,0.19951382697669187
1315,0.09110773035478925,0.09423326846901182,0.48359640076578403,0.457672178936293,2.0615571350417885,0.19897818357994748
1316,0.09086880801174638,0.09385513044770447,0.4822993662848331,0.45644467476936307,2.061392035122576,0.19844451218650558
1317,0.0907116435312218,0.09461212930073618,0.483686482548994,0.45790106555391347,2.058307012176121,0.19862014295987385
1318,0.09055724095176498,0.09453029260766634,0.4850684994946264,0.4566754012808902,2.0554742406621584,0.19808849621029878
1319,0.09031570504353355,0.09440907340736951,0.4837714138564486,0.4554542395172885,2.0499778496988514,0.19755880247881488
1320,0.09013003061266919,0.09413017917042799,0.4878217956685359,0.45423756045923763,2.0498443412191425,0.19703105317525296
1321,0.09087163288151749,0.0941179130264561,0.4865199539344934,0.45569402740469933,2.044743601165977,0.19650523975280354
1322,0.0906460993422602,0.09387555949673283,0.4878888997746867,0.45447913999476675,2.0419582983721423,0.19598135370777217
1323,0.0904172408010225,0.09350971100129127,0.4865894804003775,0.4559320535062402,2.0365198467581345,0.19545938657933612
1324,0.09071287428309724,0.0932894278172251,0.48529481714672007,0.4573796490794917,2.0403711218092595,0.19493932994930277
1325,0.09069081430361027,0.09449218301457175,0.484005711512912,0.46413718686016275,2.0455787768873543,0.19464372995343074
1326,0.09056569698062601,0.09420932016854439,0.4827204958680182,0.46556010244686397,2.042802375348984,0.19412687826972916
1327,0.0903467140885413,0.09391032771213853,0.48143997411213574,0.4643251023899841,2.047994270369767,0.1936119142415726
1328,0.09103502074827044,0.09386555216023817,0.4801641257069876,0.4657446770006176,2.04566550554447,0.19309882960945757
1329,0.09080574749411614,0.09361103620253278,0.47889293021746987,0.467159074537809,2.0455446098307615,0.1925876161553719
1330,0.09074954682078135,0.09566187867280851,0.48291591253706884,0.4712130902375545,2.040134609468015,0.19218111439415453
1331,0.09110338847721884,0.09551539203511646,0.48428211548393196,0.4752523427148277,2.038613921261114,0.19167334706736447
1332,0.09099458755190452,0.09534645560590427,0.48300385848016186,0.476637408044912,2.0358725119118577,0.19116742750004764
1333,0.09076384257464824,0.09523715716828937,0.48436709985144016,0.47801743679219666,2.033141071287452,0.19066334763352719
1334,0.09065613587567686,0.09660542840124998,0.4830914042374501,0.47939221961092227,2.038321274706358,0.19041082902918607
1335,0.09054860853082239,0.09795288577240031,0.48182033634030114,0.48076201491904913,2.043482686136041,0.19015649785532165
1336,0.09025815571141353,0.09777040303159808,0.48318260553821263,0.47949811490447775,2.040739420775456,0.18965658564730195
1337,0.09003070736576832,0.09761795476838674,0.4845399353877483,0.4808651214196425,2.0406324258630097,0.18915848603297264
1338,0.09061944557488934,0.09715357430516589,0.48326864852154067,0.4796034761585786,2.038160559913242,0.18866219113267096
1339,0.09035082096043656,0.09701402422817852,0.4846230408989906,0.47834639878084817,2.035439461716098,0.18816769310608134
1340,0.0900148812402504,0.0967908420129149,0.48335407645745426,0.47709386945483045,2.032728208334823,0.1876749841520155
1341,0.08958180922087539,0.09859744200292365,0.48468749929419636,0.4758639084449766,2.0326065165991354,0.18765115393702786
1342,0.08936177401095198,0.09835467841486585,0.48342090180101516,0.474620368980044,2.0351345334404605,0.18716077924918195
1343,0.09000046932126646,0.09811643257679874,0.4823317158179237,0.47842970605777624,2.0300891640082095,0.189369207431369
1344,0.0899518656679414,0.09920265822288628,0.48370637088813084,0.4823733929052152,2.029961542896996,0.18900826023410733
1345,0.08964684289579776,0.0987877211687453,0.48244612372251877,0.4837220157551455,2.0272780841020617,0.18851581866506215
1346,0.08930073843758722,0.09861389360749852,0.4837932093204249,0.48506578047022103,2.024604291912364,0.18802515101490813
1347,0.08904647545912227,0.09839413236373348,0.48253565544095145,0.48640430693948583,2.0271393042121124,0.1901376444302911
1348,0.08960984364463151,0.09814933567634004,0.48387981699310845,0.4851408267112031,2.027414139999056,0.18964374429214984
1349,0.08944373387277296,0.09788864605099606,0.4826362320175936,0.48905979930755716,2.0273309190450504,0.19175869714399632
1350,0.08918333892979834,0.09775976464176725,0.4839774471981987,0.492976764622036,2.0272600662992812,0.19126158139770905
1351,0.08898002487307294,0.097562100858569,0.4827240368398871,0.49170004772797143,2.032369090865343,0.1907662499547694
1352,0.08954259151221113,0.09753034677395059,0.4814751221175232,0.4904279100639458,2.030461462646031,0.19027269512858266
1353,0.08932324603149586,0.0972681990829438,0.4828153207296939,0.4917449689686644,2.040721279032171,0.1897809092706183
1354,0.08911296007434857,0.0971182784739059,0.48156866564070355,0.49305731075596015,2.043198188210296,0.18929088477019884
1355,0.08897566169709015,0.09663280093191388,0.4854854181857923,0.4917854827627682,2.0508251784861105,0.1888026140542902
1356,0.08870020500778551,0.09661826084760658,0.48423437335518543,0.49309509808964025,2.053271102110829,0.18831608958729315
1357,0.08921802661188176,0.0964562680298885,0.4829877995327653,0.4918257139338167,2.051381307178775,0.18783130387083627
1358,0.08954880224707967,0.0963937444795528,0.48174567753248165,0.4905608630614481,2.0548801854163217,0.18734824944356993
1359,0.08933469173475937,0.09609842775572618,0.48050798826295543,0.4893005260318133,2.054739188579677,0.18686691888096163
1360,0.08911287740386852,0.0958487621817853,0.4818413204964914,0.48804468350006214,2.057165302322506,0.18638730479509255
1361,0.08887066316046766,0.09570212298755082,0.4831698118668063,0.4867934056936779,2.0595825020746568,0.18847371071007374
1362,0.08867811354308298,0.09545928285360798,0.481932182209888,0.48554649427478974,2.0619913623898745,0.18799093912916104
1363,0.08944410267651878,0.10141948227689433,0.48069895655866157,0.48430401988999766,2.069509377671521,0.18750999783500333
1364,0.08922775363939271,0.10129733000071517,0.4820264356327538,0.4830660058715645,2.0718879214979284,0.18958714317182968
1365,0.08907302756293034,0.10125147518153323,0.48334924002287444,0.481832348640301,2.0715474741590016,0.18910297424401093
1366,0.08885635290366843,0.10107466174792602,0.4821160932298927,0.48060307182287487,2.0713649383629362,0.18862052448114117
1367,0.0886575328582259,0.10090028945993582,0.48088732189380884,0.48192686098145354,2.066085641740046,0.1881397865486511
1368,0.08846531732613246,0.10057222105583914,0.47966290735939804,0.4832459564377529,2.0710096909731055,0.1876607531479702
1369,0.08819583984782746,0.10043275989569957,0.47844283106294283,0.4820167662548944,2.0733726818116507,0.18718341701632887
1370,0.08791702181125233,0.10018075358843638,0.4772270745317304,0.48333299770115745,2.0808094455073407,0.18670777092656163
1371,0.08775966920811432,0.10001637677597233,0.4785541491795967,0.4821060424850818,2.0806043083221186,0.1862338076869116
1372,0.08786690680781796,0.09978483704852237,0.477340539429641,0.4808834251602179,2.0895668279500783,0.18576152014083624
1373,0.08769775444503392,0.09948437237527998,0.47613121731193203,0.4796651272909844,2.086806456360151,0.1852909011668141
1374,0.08760012414202785,0.10078969815125106,0.4749261646162101,0.4784511305319626,2.086547170069484,0.18502549073015268
1375,0.08735701924747749,0.10067612414899936,0.47625375917927104,0.47724141662740227,2.091385136470595,0.1845576730272548
1376,0.08701403180413664,0.10053816065529671,0.4750508046557585,0.47603596741073084,2.086102571951504,0.18409150455438084
1377,0.0869450040688019,0.10034428174551917,0.4763754321733898,0.4748347648040652,2.0880150638248303,0.18362697832049454
1378,0.0867896595152322,0.10017284358380128,0.4802162187118133,0.47615861295431255,2.0852723713670014,0.18316408736866985
1379,0.08662258142402277,0.10000166813673296,0.48152519154638374,0.4749595014934677,2.085057629734659,0.1827028247759043
1380,0.08675693023933667,0.09990668824508979,0.48282956296747076,0.47628039078258827,2.086315328424464,0.18224318365293377
1381,0.08657683277770574,0.09972532687269949,0.48161608142769524,0.47508336908735566,2.0835851236099194,0.18178515714404817
1382,0.08626666112606945,0.09964717520187366,0.4829176185103582,0.47640130823624155,2.0783537435340635,0.1813287384269083
1383,0.08594242772070812,0.10108920037331943,0.48421459012677454,0.47771462438453877,2.0806616502006308,0.18139746934480178
1384,0.08578833586170564,0.100766899037032,0.4855070155429592,0.4765175945531027,2.0779537903886234,0.18094293399865766
1385,0.08577222254769096,0.10239980971020231,0.4842916759333968,0.4753247576037414,2.0750363178204436,0.18074019237801187
1386,0.08623647049582693,0.10232917518410313,0.483080590299504,0.4766368318765454,2.0807586528974453,0.18028820887027525
1387,0.08664117603770458,0.10216792465061715,0.48187374072426964,0.4754460803339619,2.0814848557560355,0.17983780628183765
1388,0.08707297322832393,0.1028633042468032,0.4806711093775872,0.47425949075344753,2.0819593456110086,0.1807839808958448
1389,0.08683991830540382,0.10265297895961689,0.4794726785157825,0.4755702906731637,2.08175500087866,0.18033324213123286
1390,0.08662494360508599,0.10247687468000381,0.47827843048114366,0.4743857625229318,2.0840421224074865,0.17988407655904232
1391,0.08641496326085257,0.10231153535766435,0.47708834770145464,0.4732053657269896,2.0788564763821604,0.17943647757023193
1392,0.08620169970398679,0.10210500517985624,0.475902514177043,0.4770005344897892,2.0811460810919877,0.1814763673374205
1393,0.08603189225450535,0.10167426622346867,0.47720400126261375,0.47829929487031864,2.080944571679249,0.18102570852905953
1394,0.08584360224636296,0.10150379127653536,0.4760201488359209,0.47959353516197795,2.075782143714526,0.18057661815310105
1395,0.08575039406301502,0.10278966297728329,0.4797588632146673,0.4784431551015835,2.075556119366716,0.1802798967921842
1396,0.08556282433684434,0.10262241447734848,0.48104690347930396,0.47725860050666413,2.08279661103687,0.18230940577255578
1397,0.08547141146506598,0.10246063177698063,0.48233047099186055,0.4760781592706339,2.0825918236663172,0.18185848557947465
1398,0.08523426569846472,0.1023304049934847,0.4850790587886745,0.4759032463741512,2.0823877469912233,0.18882184980461564
1399,0.08504378543412086,0.1020569445732048,0.48388167176845887,0.474728509267359,2.09205812541099,0.1883557549938981
1400,0.08544531098956507,0.10182709026444699,0.4826884342568079,0.4784897824553727,2.092561548131722,0.18789127542067383
1401,0.08522583365004904,0.10169926196585342,0.4814993289327083,0.4773110205305692,2.097260532108832,0.18742840434256608
1402,0.08613166365404326,0.10159018648175824,0.480314338558471,0.47613633776185205,2.103906791396807,0.1869671350496329
1403,0.08595563865268281,0.10140422917117155,0.48159202879555446,0.47496571714362773,2.1061099107612575,0.18650746086419212
1404,0.08579422734824017,0.1011116273111542,0.4804091783511706,0.47625526721435174,2.100937040582954,0.18604937514064754
1405,0.08602360050176969,0.1009201101146131,0.48168408305585,0.4750866936839858,2.106833667218615,0.18559287126531585
1406,0.08596420618161792,0.10076517911056013,0.4805033703031594,0.47392215257167086,2.1036798643358905,0.18513794265625486
1407,0.0860194369220194,0.10059976960348063,0.48667303334723294,0.47276162710955066,2.1026798646568783,0.18468458276309258
1408,0.08583411466645544,0.10031117509152397,0.4854824750884088,0.4716051006101487,2.104874997373796,0.18423278506685734
1409,0.08635142193600072,0.10026112171289037,0.4842960163689055,0.4728964319514252,2.1003263098447187,0.183782543079809
1410,0.08782188336115992,0.10004368561648215,0.4879965058374301,0.474183319908078,2.1029796910515968,0.18333385034527108
1411,0.08759225697038729,0.09989182627581136,0.48680628596158865,0.4730267902907633,2.107606509583239,0.1828867004374638
1412,0.08742241507850479,0.10133576462555999,0.48562015574671713,0.47187423457283684,2.10471591503382,0.18282967334597863
1413,0.08755728529308554,0.10121391997891041,0.4893062867202598,0.47072568684154786,2.1058928191737745,0.18481883940283378
1414,0.08727772575274197,0.1019147872301462,0.48812816802932146,0.47200099524703043,2.1056118793186704,0.18559385189347438
1415,0.08710208388613241,0.1016251383265787,0.4869423796827201,0.4708543839338424,2.1029260648784733,0.185142996890239
1416,0.08696520928967144,0.10150606544727345,0.4881874823288164,0.47213852937997536,2.1075299371979206,0.184693686664242
1417,0.08691718430203763,0.10110287950998548,0.4870039193871772,0.47099387555962646,2.1048448388742798,0.1842459148327158
1418,0.08677795021237573,0.10095438089313276,0.490668364555451,0.4746970967224316,2.0997469482725704,0.18622165433012422
1419,0.0865664748456441,0.10070246376691559,0.4894821049077717,0.47596715666329686,2.1019223396922864,0.1881934621782929
1420,0.0864089743546096,0.10469881775644167,0.4906850956217718,0.4748476799270209,2.104031130080346,0.19021916147211443
1421,0.0862248678314406,0.10457510284371822,0.48950022642865454,0.4737010537254327,2.1037799235891415,0.18975983465257182
1422,0.08605851940588066,0.10443633933920562,0.4907317105048408,0.4725583395956016,2.1107665063260534,0.1893020749692725
1423,0.08588367908239793,0.10430343288903735,0.4919496367439242,0.4714288806506377,2.1080803113348456,0.19126513480202545
1424,0.08560185168795524,0.10417576064516508,0.49076527246053375,0.47029391990120634,2.1054126180470543,0.19080466572674223
1425,0.08544026329992062,0.10390810412578291,0.4895850069833266,0.47156784131642515,2.11237407952542,0.195156199771832
1426,0.08539313120318731,0.1034991750343921,0.48840869051175834,0.47043481434196704,2.109701399738198,0.19468730172747647
1427,0.08515148042009271,0.10328709428645999,0.48723637325674085,0.4693056394093176,2.1118383650123236,0.19421999783304994
1428,0.0853392369432053,0.10323379376325433,0.49086379918984435,0.4705781809036571,2.1105145558772076,0.19375428154769503
1429,0.08512291416480397,0.10308574011712235,0.48968794305391455,0.4694509186317937,2.1078543365725397,0.19329014636152617
1430,0.08504205250831402,0.10480132152352965,0.48851607611503456,0.46832748069795255,2.1073466465690793,0.19551554028064894
1431,0.08492828508450298,0.10468165564575267,0.49212957669523855,0.4719892460993037,2.1045474679043714,0.19759066712409093
1432,0.08473365797144482,0.10448045438778238,0.49095421977532794,0.4708619904885934,2.1090743920224484,0.19711875978725985
1433,0.08463234931739304,0.10422109633764984,0.4921687626461859,0.4721244718254752,2.106428228458363,0.1966484500553801
1434,0.08438180393991077,0.10408948155176156,0.498146044128843,0.47338290665763694,2.1085577521578744,0.19856360415601124
1435,0.08415657379237168,0.10398122702100195,0.49695988186254075,0.47225570922626575,2.1082992594711576,0.19809079370717445
1436,0.08398447207707893,0.10365382206760253,0.49577772677719667,0.4758898671298669,2.105662866366836,0.1976195805415098
1437,0.08384499982494396,0.103175383540961,0.49697595861678306,0.4771353604013975,2.1054117695441326,0.19714995814260813
1438,0.08440903034378915,0.10469182437989963,0.5005439711903507,0.47600282898084323,2.109915032798004,0.19668818281274986
1439,0.08421716783940174,0.1044696011456337,0.5017285051068591,0.47724556584940386,2.107282704975422,0.19622170766763372
1440,0.08402262918927152,0.10432628171247303,0.50053977100504,0.47611483862682696,2.109397698135563,0.19812618347875866
1441,0.0838700078439015,0.10398160132294659,0.4993550386691846,0.47498791789529515,2.1091387636852814,0.19765723673417612
1442,0.08367003149408155,0.10376549421639171,0.4981742918249567,0.47622933194165934,2.1088807003018664,0.1971898675470449
1443,0.08350018547442316,0.10367975675008842,0.4969975142744552,0.4751043923453861,2.1062613240399575,0.1967240695058299
1444,0.08372075701473831,0.10349259419039213,0.49818450930125874,0.473983231780716,2.1119391432451238,0.1962598362290914
1445,0.08350924584244715,0.10339268528951595,0.4970100588665719,0.47286583490826023,2.10931310457569,0.19815930789642938
1446,0.08374555514655097,0.10323092356346425,0.4958395482487742,0.47175218646054845,2.110275402777194,0.19769262202202842
1447,0.08423170404754567,0.10289911845428205,0.49467296147604056,0.47064227124165003,2.1083571040484266,0.19722750059568706
1448,0.08498648313505479,0.10286508979786212,0.49351028265134284,0.4695360741267976,2.1107426686248085,0.1991143386931789
1449,0.08484427975305071,0.10270813125523565,0.4946995457091175,0.4684335800620126,2.1081345895715864,0.19864680831858292
1450,0.08528940627412493,0.1025611569986036,0.4935391275595489,0.469680476944671,2.11784693760245,0.19818084192802088
1451,0.08522207280397438,0.10241800415741426,0.49472594687419275,0.46857984727694757,2.1196243821435803,0.19771643319717622
1452,0.08501522901177902,0.10366557377507343,0.4935677854360792,0.4674828942806025,2.1170033233679826,0.19983329065043068
1453,0.08485103846014475,0.10351878007249163,0.49475215913278203,0.46638961043682553,2.1214070137818983,0.20170465090305295
1454,0.08466807457689846,0.10341496268853104,0.4959325892720898,0.4652999662893618,2.1187870270537466,0.20123340049898225
1455,0.0844890490024893,0.10314899307249312,0.4949691512858048,0.46635388763204155,2.118315707218555,0.2056257987697307
1456,0.08424689165850242,0.10297976170400835,0.49614671696985374,0.4652665038888575,2.115708163136632,0.20514634709860438
1457,0.08409064756117357,0.10288238438767092,0.49499102242897497,0.4665120801693072,2.113109299152958,0.20466849144560106
1458,0.0839397726415337,0.1025975990254805,0.49383917232018676,0.4654265009043395,2.110519080322259,0.204192225385299
1459,0.08401323838345844,0.10245169863094457,0.49269115117590906,0.4643445303072421,2.116585176138943,0.20371754252217558
1460,0.08430701036417249,0.10222938307147057,0.4915469436004949,0.4632661538681451,2.1174543445901524,0.2055669090403139
1461,0.08411740621572104,0.1020675742198711,0.4927265758151993,0.4621913571446189,2.114861804085677,0.20508998527099226
1462,0.08386930757141063,0.10182802445365575,0.49158457226355634,0.46112012576132166,2.1192310110683694,0.20693238676520279
1463,0.08370587617193655,0.10159577253156023,0.49044635434664235,0.4646832576081398,2.116639536758877,0.20645325425475522
1464,0.08355265906083581,0.10136219506970343,0.48931190688131365,0.465921494402383,2.1140566469464948,0.2059757089148369
1465,0.0833309713576251,0.1010258482334208,0.49049199466960625,0.4648448523712568,2.1161038670523578,0.2054997443837453
1466,0.08310368518945743,0.10066644697812485,0.4960437883516221,0.4663215731204894,2.1134067089396336,0.20745449011435646
1467,0.08356139687160619,0.10062263564359271,0.49720561413168307,0.46524653895031964,2.1138868687245767,0.2092833673504172
1468,0.08340985806215481,0.10038967989748099,0.5006678389445398,0.4641746770067319,2.1113206315920197,0.2088012081979925
1469,0.08322266177720912,0.10022382403059173,0.5018170795046714,0.46540790859555603,2.1156673664053898,0.21062236105164964
1470,0.08361698749456573,0.10017020290622909,0.5029625290017377,0.4643378172036203,2.118311950659694,0.21013808656608987
1471,0.08343081715371407,0.10004592128457385,0.5018072458276313,0.46556821006811067,2.1180401932264634,0.2096554084705058
1472,0.0836504443811427,0.09980124137320122,0.5006557683424213,0.46449988888267474,2.1141668047597864,0.20917432039433
1473,0.08347055415102146,0.09960061291432364,0.5040928162158652,0.4634350844691251,2.1139050924956964,0.20869481599640025
1474,0.08354214716907324,0.09945968443546359,0.5029384052538511,0.46237378281101155,2.1198771226734534,0.20821688896480658
1475,0.08416155280052591,0.09925426124404116,0.5040755764429421,0.46131596995650564,2.1199740223423724,0.20774053301673973
1476,0.0846194169683928,0.09912615891887136,0.5029235113970805,0.46026163201806597,2.117991133921825,0.20726574189834016
1477,0.0844166666353003,0.0990136546775684,0.5017752282540792,0.461493971440542,2.1222881671821976,0.20679250938454818
1478,0.08422909442472888,0.09882697446000231,0.5006307119785551,0.46272226825443336,2.1242901701136203,0.20632082927895473
1479,0.08411736409671998,0.09849480023837037,0.5017686020035755,0.4616678841222259,2.1262856101699925,0.20585069541365308
1480,0.08391421078809433,0.09827779437386086,0.5006263875569388,0.46289333090663787,2.12599813652624,0.20538210164909143
1481,0.0837566877643401,0.09813989563832129,0.5017620062621285,0.4618406720696916,2.1302597766533817,0.20718917411156404
1482,0.08353180465171954,0.0979790332726671,0.5006220889458729,0.46079144918538983,2.1276920200771667,0.20671847580367525
1483,0.08324877121251481,0.09792704384366954,0.49948589808561406,0.46428477224500597,2.1228630996598765,0.2062493162359276
1484,0.08306051317981906,0.09776337879854545,0.4983534189219885,0.4677666833527285,2.1203172438732714,0.20578168931383745
1485,0.08288408975198183,0.09760537883747926,0.5017546835768184,0.46897220427279457,2.1200447224996606,0.205315588970858
1486,0.08299009048596237,0.0973101982421355,0.5006193333921122,0.4679110329550749,2.1236755401291614,0.2048510091682353
1487,0.08281131500755408,0.09716127752056118,0.4994876844467982,0.4668533210537855,2.1233959718320286,0.20438794389486487
1488,0.08343003977330302,0.09714138443609327,0.49835972211803187,0.46805729342044,2.121246929216459,0.20392638716714945
1489,0.08322623935318778,0.09696833538080883,0.49723543184984503,0.4670013648680482,2.1187174169890364,0.2034663330288573
1490,0.08302126895667404,0.0968388468646477,0.49836852570819645,0.4659488714906396,2.116196133838386,0.20300777555098143
1491,0.08277894168647544,0.09655447160869828,0.4994979359077366,0.4648997997419645,2.1136830473140122,0.20255070883159956
1492,0.08267747700169867,0.09767036472346165,0.49860475857361125,0.46587305452951977,2.110947819898742,0.2023902320542664
1493,0.08255525410062049,0.09756221382755116,0.499731381400605,0.4670732246938149,2.1151924738795613,0.20193546615991081
1494,0.08297752531937902,0.09737188712781471,0.5008543492042258,0.4660247715753024,2.113423958081067,0.20148217563063156
1495,0.08280343008457419,0.09706422299293505,0.49973119031440305,0.4672222035746515,2.1131696064376397,0.20103035466299912
1496,0.082632950666795,0.09680367933307071,0.498611670172808,0.4661755115177215,2.115156323510767,0.20057999748001915
1497,0.08246693547280852,0.09661681983839879,0.4974957744840792,0.4673702136895113,2.1148986030188035,0.20013109833099682
1498,0.08229257207904787,0.09644649485610607,0.4984990512593733,0.4664454884371196,2.112285741222858,0.20203962659046065
1499,0.08210309535953203,0.09620925680078228,0.4996191706890008,0.46540366657063553,2.114268481219085,0.20158836421126286
1500,0.08192858030829726,0.096014573650495,0.49850436963331013,0.46436521062407976,2.109550910570973,0.20113855977135764
1501,0.08182403482013122,0.09581813800711655,0.49962223920778914,0.46333010740688196,2.1068134590977015,0.20069020755728448
1502,0.0821751476760275,0.09575077436574685,0.5007365021508935,0.4645251872462608,2.111742572017643,0.2024701541294021
1503,0.08209634956720319,0.09625462888197771,0.49962255485140034,0.4634917962798407,2.111456962088258,0.20260050559285347
1504,0.08189757264282786,0.09601904721378697,0.5007345907941748,0.4624617347899763,2.113431655001458,0.20215024739990747
1505,0.08189320130947005,0.09583527836649101,0.4996228734064131,0.4614349897613873,2.1170631083155906,0.20614215045785567
1506,0.08169984794426809,0.09570007441640384,0.4985147329182538,0.46262950211283815,2.1145855138657734,0.20568493667642668
1507,0.08151360330038644,0.09554444029618676,0.49741922667630056,0.46602683954188545,2.112111349813944,0.20744946563142933
1508,0.08191321511876078,0.095326477686902,0.5007450765218496,0.4672089474481806,2.114495672697428,0.21141775545631022
1509,0.0817109804834331,0.09517001907648824,0.499637773934552,0.4683871136222297,2.1120311772889426,0.21095024526281317
1510,0.08191334466796854,0.0951116000380107,0.4985340242382764,0.4673523997527622,2.1129275945747517,0.21048423512249784
1511,0.08170384431206783,0.0949785730110296,0.4974338135961424,0.46632100358151696,2.1148852673780945,0.21001971919334528
1512,0.08152840695710219,0.09482840289936458,0.49633712823372317,0.4652929121956111,2.116836667433331,0.20955669165970492
1513,0.08126756031613194,0.09468401327091065,0.4952439544387278,0.466470595151682,2.1121743719057764,0.20909514673216034
1514,0.08177389990812133,0.09464225196633362,0.49415427856068606,0.4654442287502412,2.11240156248158,0.20863507864739622
1515,0.08163960820775122,0.09424704405478396,0.4952661688591119,0.4666192260880243,2.1077583309503933,0.20817648166806565
1516,0.08150739775646144,0.09412021920015484,0.49417862137461716,0.46779046885690173,2.105325821197045,0.20771935008265854
1517,0.08134310893152868,0.09389060160917509,0.49309454663614044,0.4689579716247954,2.1029010789101115,0.20726367820537045
1518,0.08126676476982475,0.09551631028248034,0.4920139311776078,0.4679302514096826,2.098292576485703,0.20686839828035372
1519,0.08111423641461261,0.0953768206998752,0.4909367615934826,0.4669058083962416,2.0980773838518636,0.20641549983089122
1520,0.080943750418221,0.09520545969543642,0.4898630245384593,0.4658846298924086,2.102237114694012,0.2059640445962492
1521,0.08075140805270684,0.09494763707263965,0.4887927067271587,0.46486670326311286,2.0998288006204096,0.20551402699055915
1522,0.08072513252745804,0.09480254925053921,0.48990658907633305,0.4638539707905856,2.0992161743199165,0.2072521001773225
1523,0.08054124108794326,0.09461423927304506,0.48883831476603706,0.4628425059689782,2.0968192594249735,0.20680017301546955
1524,0.08031419919430392,0.09446714696107239,0.48995182317957825,0.46401264333701364,2.092251573789505,0.20852806989522576
1525,0.08048399666138915,0.09465920309014315,0.4888856247250419,0.4651790248060501,2.0955068789388247,0.2098557668064829
1526,0.08082766605172448,0.09459368395363042,0.4899968054937611,0.46634174456329325,2.100349451242471,0.21157357947612818
1527,0.08067931919378751,0.09434061227622194,0.4889325998082418,0.46532891441747387,2.1023033685297556,0.2111140707535003
1528,0.08052073162414716,0.09421689517420631,0.48787176679474675,0.46431929412473527,2.1020814017581175,0.21065601830218805
1529,0.08182268140716605,0.09420724995054552,0.48681429346410116,0.4633128713229672,2.1021618655898657,0.21236694948065632
1530,0.08222932013200761,0.09415306612178553,0.4857615828259296,0.4644735744376765,2.1003439960053085,0.21407528784414134
1531,0.08264283001247126,0.09406884011726296,0.4847107870623293,0.46563202113081187,2.102982576185523,0.213612201808705
1532,0.08250825872925505,0.09394869844496485,0.48582434265838254,0.4689478368055355,2.1049210580069286,0.2131505793707866
1533,0.08234423799793492,0.09370530056988292,0.4847755108957776,0.46793543923081704,2.1090122877220354,0.21269041490756016
1534,0.08217438537578023,0.09356888380882426,0.48372998946931545,0.4712396620906881,2.1087771795534103,0.21223170282126258
1535,0.08201443834324014,0.09332243520416413,0.48268776567710897,0.4702243494196646,2.1042336991059734,0.21392899445076521
1536,0.08186537443381814,0.09310010873394695,0.4816488268738234,0.47136464034800757,2.1083141529977287,0.21346853294896811
1537,0.08157807314935256,0.09310010873394693,0.4849136646786259,0.476801843850643,2.1037807460541065,0.21300952178683188
1538,0.08143188412738406,0.09281815412475672,0.4860201231430743,0.4757776244143732,2.1014097114029844,0.21255195540964952
1539,0.08187881347394321,0.09255435945595294,0.4871231012910359,0.47475662661534024,2.097582606870606,0.21209582828740303
1540,0.08176086528198756,0.09244854951000402,0.4860788014211829,0.47373883813010464,2.0952295971889257,0.21164113491463982
1541,0.08159378052925742,0.09218463406580678,0.48503778187312446,0.47272424668993895,2.095025646981804,0.21118786981034965
1542,0.08147200712635676,0.0920703564177802,0.4840000301144131,0.4738523677575602,2.096961864657067,0.21073602751784237
1543,0.08128440771649295,0.09201187389467956,0.4829655336681783,0.4728395608154423,2.0967546194129203,0.21028560260462634
1544,0.08111826521040826,0.09180166878909465,0.484069533010705,0.4739651816708464,2.1050890354228637,0.20983658966228733
1545,0.0809760405119994,0.09350385270176775,0.4830369552318198,0.4729541576728792,2.1091252692179268,0.21167753580782905
1546,0.08174773589181535,0.0945967995401686,0.48200760992406855,0.47194629867221877,2.111051819480605,0.2133875992680283
1547,0.08197984675774189,0.09455620557597304,0.48098148477581826,0.47307044935242154,2.1097397464470964,0.21293332763947834
1548,0.081904630782218,0.09613699240805237,0.4799585675298792,0.47206435673450653,2.1094641489484305,0.2125805424204312
1549,0.08174348670856083,0.09599825196542008,0.47893884598323333,0.47106140725400636,2.1113555713689567,0.21425410935164396
1550,0.08156196493318799,0.09579255306736667,0.48004478772503223,0.4721840686998975,2.115364180901518,0.21379935934570454
1551,0.08141253660662379,0.09570436285860279,0.4811472790851029,0.47330322760094967,2.11087885086195,0.21546638641484567
1552,0.08123944565161836,0.09553960401918371,0.4801280941437344,0.4723006582355171,2.1127622219743807,0.2150099771074447
1553,0.08107721273609451,0.09537917526162765,0.4811009583132482,0.4714284606220814,2.1102802334081727,0.2167983597644119
1554,0.08090658945683557,0.09525876264620013,0.4843119211802468,0.4704318576616748,2.1142751138005003,0.2163400465627282
1555,0.08077567880600556,0.09503539006716256,0.48328910582384954,0.46943835552573254,2.1182575645459725,0.21588315935398716
1556,0.08064742190532642,0.09479808845939237,0.48437925367818885,0.4705577254574243,2.118006971104598,0.21753857136859822
1557,0.08060765485236043,0.09446231003875288,0.483358339993264,0.46956594305176047,2.115650576589402,0.21708007092122614
1558,0.08037971838057445,0.09426085117896946,0.4844461639535109,0.46857724019771463,2.1133014988389522,0.21662299414883204
1559,0.08010226042654316,0.09426085117896946,0.4855306124359428,0.46759160525233,2.108856247066778,0.21616733566888358
1560,0.07995955927500355,0.09415260706236869,0.48660229042531356,0.4666184343929752,2.1065167323447405,0.21782385860368442
1561,0.07984096706302792,0.09400830162548564,0.4876800459073091,0.4656388807909853,2.1104916467896704,0.21736658960278832
1562,0.08021896574431744,0.09384761264982747,0.4866576116296919,0.4688563750410478,2.110985721212746,0.21900836361368392
1563,0.08001258583766709,0.09350322389425766,0.48982816392976547,0.4678740899549271,2.108658132716706,0.21854952662059707
1564,0.07987249490352825,0.09326647566234303,0.48880296726960887,0.46689484255815145,2.10633774222344,0.21809210856816683
1565,0.07971441471439704,0.09309264124223947,0.48987181898874566,0.46800950153997095,2.1082062828827044,0.21763610411147388
1566,0.0795463075545783,0.09295232515434569,0.49093736978331154,0.469120718131087,2.105891472352285,0.2171815079289958
1567,0.07940055704843557,0.09279558373537729,0.48991292952167675,0.4681418027320971,2.103583805796414,0.21672831472249124
1568,0.07922718577716903,0.09273041048742632,0.4909762656446237,0.46716590642278705,2.101283256354331,0.2162765192168852
1569,0.07909647236394426,0.09256831617449343,0.4899537912140699,0.46619301785857786,2.09690726396669,0.21790864947612135
1570,0.0794949565198278,0.09242172855993722,0.488934636604587,0.46730340691909494,2.0952142352974565,0.21953609415034453
1571,0.07936520590602264,0.09229920124387028,0.48791844834477965,0.46633217641029545,2.0908595998343684,0.21907981638890633
1572,0.0792343446448647,0.09210305937947341,0.4869053856719895,0.4674402282857306,2.0885946534163837,0.218624942044437
1573,0.07909371390364427,0.09352243221002747,0.48589543687018516,0.46647065449919145,2.096707751201955,0.21837448450018462
1574,0.07891726143540229,0.09332690249192194,0.48696073691211184,0.4655040589008753,2.0965073585604608,0.21792198054636344
1575,0.08030883868985078,0.09332402884081957,0.4859526914081119,0.4686805813945364,2.092270755242703,0.2174708655876801
1576,0.0802391265037281,0.09322329856445477,0.4849477380904017,0.4677113469123607,2.095890560991519,0.21702113442713364
1577,0.08050596568845117,0.09318285921574032,0.48394586539646783,0.4667450835600257,2.0942131262876473,0.2165727818903319
1578,0.08041268572302235,0.09305778048628398,0.485010936420333,0.46784565484073093,2.0939051245963864,0.2161258028253808
1579,0.08023361681102212,0.09291486577625156,0.4881345586928164,0.466881045166195,2.0978351334323637,0.21568019210277362
1580,0.08010837217810682,0.0928007562206922,0.4891888740382258,0.47003888843901176,2.0996933684022463,0.21523594461528142
1581,0.08008835098913696,0.09271405641369966,0.4881822738781461,0.4690716930560902,2.1053093053461596,0.2168507529138011
1582,0.07993369682772637,0.09258019507452415,0.487178749018215,0.47221872378005686,2.1030371921925695,0.21640498678690953
1583,0.07970684258144535,0.09243988865263647,0.488231868989843,0.47535614636382495,2.1007720159848318,0.2159605816201797
1584,0.07952333760304618,0.09201579680087235,0.4892785015542836,0.4743842140212312,2.100558730712602,0.21757560939657133
1585,0.07937352857824809,0.091804448374073,0.4882761210530648,0.4754610669849566,2.100351867833397,0.21917994089774398
1586,0.07923582343422778,0.09156582825795344,0.48727641012959577,0.4744875939809441,2.098098974983425,0.21873118542584377
1587,0.07908507137270815,0.09141196540940107,0.4862797432091606,0.4735170850885643,2.095852941929129,0.218283796361958
1588,0.07962699014665331,0.09133622588533181,0.48732944769638836,0.4725495292983732,2.0959466308174908,0.21783776863090915
1589,0.07949560625120063,0.09123040504661264,0.4883759602458223,0.4715849156485005,2.097792071699469,0.21739309717945057
1590,0.07958718528402699,0.09105070141391285,0.4873800365813281,0.47266248934176025,2.1029466049449965,0.21694977697615941
1591,0.07945267844399695,0.09236446709283958,0.4884220577087423,0.47170187029499566,2.1047672058772666,0.21664543850181406
1592,0.07924281051400933,0.09218116646526464,0.487428030084345,0.470741871289724,2.1106595306218123,0.21620452567412415
1593,0.0793907707291137,0.09197338890037358,0.4884701645119926,0.4718179311396844,2.1117349226474937,0.21576494997969958
1594,0.07944712786684013,0.0918594908871344,0.4895091406308367,0.47289072986592884,2.1089281736603485,0.21532670647021074
1595,0.07977749454210652,0.09180944417054065,0.48851588483669717,0.47396027952955844,2.1093723314628114,0.21488979021863902
1596,0.07961875946570239,0.09162869874749022,0.4875256351882122,0.47299953492581465,2.107123570275369,0.2144541963191732
1597,0.07950960271078542,0.09152460215574494,0.48653838058082005,0.4720416961242313,2.1109567040463717,0.2140199198871063
1598,0.07935819533107426,0.09139757792064689,0.48555410995770304,0.47108675239743475,2.1107322378406423,0.21358695605873318
1599,0.07918305739647566,0.0911986652691671,0.4845728123095556,0.4701346930641479,2.108487464476847,0.21315529999124844
1600,0.07905552059168844,0.09105913103124337,0.48359447667435385,0.4691855074889665,2.106249466883661,0.21272494686264504
1601,0.07931470165312651,0.09100702052599967,0.4826190921371259,0.46823918508213647,2.1089542894619084,0.2122958918716134
1602,0.07934441052827272,0.09093422045284548,0.4816466478297242,0.4672957152993328,2.112218124340562,0.21186813023744114
1603,0.07917944543276136,0.09182123100033782,0.4806771329305985,0.46635508764143935,2.107966403808552,0.21204295089755845
1604,0.07954070330989228,0.09166937183645159,0.4797108059912977,0.4694388332264705,2.1084480978352507,0.21362786201161021
1605,0.07943439243684275,0.09158381062214276,0.47886300369804186,0.4723976841322744,2.1061633980802204,0.21526554480443144
1606,0.07973775057036267,0.09152674107326186,0.4799088671038736,0.4774702980234783,2.106687146806645,0.2148335310394426
1607,0.07956639207109077,0.0914225343371692,0.4789467065634593,0.47651302652576577,2.1044683699174684,0.21440281520880702
1608,0.07946008066525577,0.09129634083158501,0.4779874347927418,0.4775615070124473,2.102256254635344,0.21397339254993147
1609,0.07930649091709051,0.09112544099707932,0.4770310411981985,0.4766059656465844,2.1020516525478907,0.2135452583205742
1610,0.07915787611760042,0.09098554472073014,0.48007526751305263,0.47965104163481664,2.097849911652985,0.21311840779874658
1611,0.07950308011166674,0.09093984351228665,0.4811134939101241,0.47869323689560744,2.1002029591353963,0.21269283628261554
1612,0.07984806327844853,0.09077124232386741,0.4801537290766305,0.4777383001901958,2.104685638602122,0.21226853909040624
1613,0.07976796776714488,0.09061397074884696,0.47919683623254566,0.47678622102655716,2.108253284398413,0.21184551156030548
1614,0.07959307369039767,0.09044645322598538,0.48023370148363104,0.47782788556327427,2.1120195565137223,0.21142374905036543
1615,0.07941873774759547,0.09027937623957241,0.4812674681594757,0.47886643718253247,2.115774573475564,0.21100324693840802
1616,0.07929817744740267,0.09005831611430097,0.4803112287830952,0.4799018872515456,2.111570701216258,0.21058400062192983
1617,0.07918543369037571,0.08992973657395648,0.48332770897142147,0.48093424708916904,2.1093643079983506,0.21016600551800743
1618,0.07932085453381345,0.08980764880036068,0.4823692948102852,0.4799805790407002,2.1122442919319706,0.2097492570632032
1619,0.07919862171528928,0.09076890307235923,0.4850713364538335,0.4793340880210314,2.109691350452458,0.21010131741560625
1620,0.07903066606610787,0.09063252049815088,0.49202733455270875,0.47838549209657344,2.1114532596877416,0.20968552964168322
1621,0.07888324435093123,0.09034840092730918,0.49105459208749175,0.4774397196765734,2.1072788976050205,0.20927097946387774
1622,0.0787288526287945,0.0901421370150634,0.49008474307697303,0.4764967604879784,2.1110164633355692,0.21083331620534834
1623,0.0793308352040487,0.09012204938130283,0.49109083592635583,0.4755566043012939,2.1091417903077962,0.2104173296488255
1624,0.0791945598654118,0.09003665593505475,0.4901228532356983,0.47461924093037455,2.110897749213414,0.2100025788165681
1625,0.07917945144107041,0.09148517790710511,0.49111112307848387,0.4737003980206085,2.1105039349902786,0.20991907599644768
1626,0.07948815416246098,0.09138672714474137,0.4940793317497295,0.47276855893657604,2.111084452892655,0.2095061339758903
1627,0.07945281188931709,0.09266206025441823,0.4931083757160182,0.47183948245968144,2.108715200006933,0.20931725285644107
1628,0.07926120991313525,0.09242526472071942,0.4941035146055903,0.4728763768287359,2.1124282048497105,0.20890631740476517
1629,0.07920519668028807,0.09227758550311001,0.4931344511145567,0.4719489451893905,2.1082851923225,0.20849659863276893
1630,0.07906530218249111,0.0920296397755295,0.49608683895684563,0.4710242650412921,2.111991606268263,0.21004740269688305
1631,0.07923042184451053,0.09191669801489553,0.4951158296209802,0.47010231161931465,2.116804780369127,0.20963626905459204
1632,0.07908245913157616,0.09174097656775508,0.4941476895023778,0.4691830824602009,2.118531763578969,0.20922635026338463
1633,0.07942791170848577,0.0916415189542735,0.4951358348927715,0.4702199943795988,2.1170067084536672,0.20881764193237337
1634,0.07930820930942994,0.09146004687216787,0.4941695900796443,0.4693023721866982,2.1167783728795135,0.20841013968917518
1635,0.07913925404191809,0.09119279120968307,0.4932061947455445,0.47033697979654876,2.11655071067242,0.20800383917982318
1636,0.07899731210924255,0.09103465281433115,0.49614078893749913,0.46942096317611987,2.1182712945667173,0.20759873606867899
1637,0.07900199353762648,0.09089557371982307,0.4951754832477615,0.46850764434255565,2.119272617841143,0.2071948260383455
1638,0.07889547784864356,0.0907880736586672,0.49615670253629846,0.4675970135744356,2.115153421761539,0.20679210478958002
1639,0.07879368366615612,0.09150807728491896,0.49519329462852507,0.4666890611911946,2.1149113183513855,0.207457423983669
1640,0.07864535866544808,0.0913718133226352,0.49617251888909203,0.4696633783987469,2.1127486129045416,0.20705499798488988
1641,0.07855479160240424,0.09099422362338205,0.49521100522169964,0.46875323577654937,2.1105922601059723,0.20665375405685027
1642,0.0784076156948248,0.09081563514756387,0.49618823870451423,0.4678457648096364,2.114250011216264,0.20625368795021423
1643,0.07834819799457668,0.09228014090988332,0.4952286157407489,0.46694095589964724,2.1138094862464936,0.2080541198666088
1644,0.07820599015193087,0.09214939764706447,0.4942783165803523,0.4679643455933367,2.1116510325308986,0.20959071483942723
1645,0.07839091868182003,0.09210587880769949,0.49525442296212435,0.4670611156169459,2.108702370206806,0.20918617842933787
1646,0.07827839093707195,0.0920324417267498,0.4942994751334774,0.46616053002391644,2.106564574213562,0.20878282637913453
1647,0.07809421972164746,0.09308172970817305,0.493347321261967,0.465262579336658,2.10250676368406,0.2085293034927934
1648,0.07809145049230833,0.09294523418037232,0.49432229526787114,0.46629159804515385,2.103600553416748,0.20812802139381945
1649,0.0779087359128096,0.09274842553867865,0.4952944204770333,0.4653951894967083,2.09955654849257,0.20772791180932204
1650,0.07779118779488785,0.092634083610511,0.49434320799510345,0.46450139846055444,2.0955243520597486,0.2073289705445124
1651,0.07765118510058082,0.092436186617048,0.49339477122702047,0.4674473746719934,2.0934225014445906,0.20693119342211458
1652,0.07750041973767816,0.09234219507681886,0.4924491002542883,0.4665514360863293,2.0951586776236852,0.21036932653101545
1653,0.07745597977861592,0.09224680052736452,0.49150618519977374,0.46565810848645345,2.0929551923761345,0.20996652265769788
1654,0.07765232739920017,0.09212908153612524,0.4905660162275115,0.46668021498705986,2.0957301250609848,0.209564891883232
1655,0.07848076564090846,0.09228214652940564,0.4915394801336761,0.46578845013655884,2.0969623995345326,0.21083460866023315
1656,0.07825506496384879,0.09363712409567769,0.4925101366515315,0.46680826564342437,2.0965862501407275,0.21264385450289494
1657,0.07810209601085981,0.09343262250286438,0.4915708693212944,0.46782511695178225,2.0964020502582152,0.21223832086887032
1658,0.07794257912743242,0.093243642454989,0.49253952666356676,0.46693381822971686,2.0943131890345335,0.21183396518699438
1659,0.07783597765139366,0.0931225536631083,0.49350537219475643,0.4660451067627264,2.0941336834829736,0.21143078326568168
1660,0.07803717070349796,0.09301469411138145,0.4963685146412172,0.46706165422506246,2.0930727425591016,0.21293274288003994
1661,0.077932852899271,0.09269901738643795,0.49732515728981913,0.46617447558165426,2.0947954412363488,0.21252827940020463
1662,0.07816804135794687,0.09246399498223877,0.49638143763596587,0.4652898671754988,2.0934427997097718,0.21212498768787183
1663,0.07801433345210226,0.09227398337852648,0.49545568109917515,0.46628828319665916,2.0932351990077493,0.21364901949325396
1664,0.07784370181396062,0.09213443388531202,0.4964111868440656,0.4654052267104814,2.0911648308080952,0.21324441110134748
1665,0.07791057069062242,0.09197469755763676,0.4954720232533791,0.46452472349978524,2.0884191904306353,0.212840972596875
1666,0.07778970337588759,0.09188549487594257,0.494535573390713,0.4636467645170156,2.0862108147856406,0.21447996182840204
1667,0.07771704338092111,0.09173577810551403,0.4936018276456873,0.4627713407520589,2.0896275568290688,0.21407499651847006
1668,0.07756654414431371,0.09151460771948923,0.4926707764476706,0.4618984432320678,2.089458497803175,0.21367119983294197
1669,0.07738624389095634,0.0913468148252461,0.4917424102655945,0.4610280630212866,2.0911742803874627,0.2132685676381956
1670,0.07784458212608522,0.09117403097536826,0.49458166092054334,0.46016019122087787,2.089576030725228,0.2128670958176869
1671,0.07793414538556395,0.09100154743486764,0.49553214515342714,0.4592948189687494,2.0924219082470055,0.21246678027187
1672,0.07776056042293941,0.09091330880647963,0.49647989369342527,0.4584319374393828,2.09412698380956,0.21206761691811776
1673,0.07764121121940035,0.0907533950640492,0.4955480844870179,0.4594483695507339,2.0920734915947836,0.21166960169064275
1674,0.07750345355437137,0.0905481269054075,0.49461895372515624,0.4604618799727242,2.0900259020529837,0.2112727305404185
1675,0.07776615391607682,0.09051079515865888,0.4936924919675609,0.46147247900295846,2.0887319615757156,0.2108769994351014
1676,0.07766173568303122,0.09039768407129102,0.49276868981282707,0.46248017689663673,2.0904371351222713,0.21048240435895277
1677,0.07749994608204525,0.0903150823821466,0.4918475378982433,0.4616156444918543,2.0902680774246343,0.21008894131276148
1678,0.07754931989082131,0.09019393339528615,0.49653143980925324,0.460753590676523,2.0895657543158372,0.20969660631376694
1679,0.07766670830296614,0.09139688759403071,0.4956051085543513,0.45989400673554254,2.0927682087001833,0.20977802139345722
1680,0.07757040220291199,0.09125239855562882,0.49546388158349813,0.4601181717746027,2.08886783338034,0.2112507895145236
1681,0.07742753739900467,0.09111354550521292,0.4945413888017337,0.45926148835529035,2.092426126313964,0.21085746653839393
1682,0.07728828451413211,0.09086545303938239,0.4954815499088669,0.45840725463607024,2.0903941962337904,0.2104652682756755
1683,0.07713268212367178,0.09074213255058307,0.49456086743838873,0.45941361894345245,2.097658857310816,0.2100741907811017
1684,0.07793352408276678,0.0908913219298452,0.49549909112783475,0.45856083240073287,2.0988598464600763,0.2113076975983818
1685,0.07792158464425088,0.09219803618480713,0.49625948080107213,0.457885636041348,2.0966468928883826,0.21111497137891966
1686,0.07778078820277277,0.09205352932953197,0.49534011505145864,0.4588899521257331,2.096467845743561,0.2107238617247462
1687,0.07822436506917366,0.09362676917117625,0.49810757999828664,0.4580579345222316,2.096323758217329,0.21040285850524354
1688,0.07857798394359458,0.09345482537274084,0.49718663421179204,0.4572110360976581,2.098411758496181,0.21001384690656943
1689,0.07875853536369842,0.09337493330117537,0.4962683099357207,0.4563665484046174,2.101276350629675,0.20962594264556456
1690,0.0787244361517514,0.09307989153044458,0.4953525980124992,0.4555244630218379,2.0992442807496454,0.20923914185402911
1691,0.07895120754040165,0.09284973197055893,0.4944394893219567,0.45468477156244347,2.0979193716956344,0.20885344067956238
1692,0.07927320866900836,0.0926770675333504,0.49352897478115176,0.45384746567379386,2.0964500302818188,0.20846883528548946
1693,0.07919143929032278,0.09258904393999795,0.49630038124278336,0.4566918729359098,2.0943077894796276,0.21005012662356207
1694,0.0793610749428669,0.0925156241253971,0.4953882659097326,0.4558525512760283,2.0930258994990405,0.2096640903672069
1695,0.07921590037717009,0.09238660752656844,0.4944787368728285,0.4586875940869368,2.091019112374487,0.2092791487137447
1696,0.07911750604713053,0.09229097917605364,0.4935717851295942,0.45784628892650064,2.094520483444115,0.2088952978530406
1697,0.0794095991127847,0.09210459183010794,0.49449972568943645,0.45883969016956294,2.092877451193137,0.2085125339904707
1698,0.0792543945594048,0.0919314567905808,0.49542504018423705,0.45799978752720977,2.0927074397090752,0.20813085334685064
1699,0.07917196737337398,0.09172968565559016,0.4945190747491855,0.45899092325605456,2.0922991380338343,0.20775025215836426
1700,0.07951874759645962,0.0916496923279797,0.49361566987632066,0.4581524224623682,2.0927290018804796,0.20737072667649292
1701,0.07937856902872589,0.09152279036770423,0.4927148208617422,0.45914129515787283,2.0962097724941455,0.20881729921696157
1702,0.0792656695693062,0.09140639237564228,0.49363969570332256,0.46195056597662515,2.096034364258791,0.20843658660308112
1703,0.07918920572204102,0.09111878736994353,0.49274059865222747,0.4629305492795979,2.092216724931358,0.2080569479273702
1704,0.07905342540224707,0.09096517282761386,0.4918440361940762,0.4620882274730516,2.0902293901868356,0.20767837946928203
1705,0.07927978685416068,0.0904515088698867,0.49094999955322494,0.46306600253749214,2.092704183017061,0.20730087752335036
1706,0.07908778466073912,0.09030217001502884,0.4900584799895811,0.46404102476696346,2.0907199337914335,0.20692443839912023
1707,0.07898293631972882,0.09021716680365242,0.48916946879843987,0.46319921163442623,2.092369451528089,0.20654905842107896
1708,0.07882392841442909,0.09013724089568911,0.48828295731032184,0.46235976549440083,2.092202052323613,0.2061747339285876
1709,0.07869404001517075,0.08985210633176217,0.4873989368908116,0.46152267817087733,2.088414188528031,0.20580146127581275
1710,0.07855551080522716,0.08947439712235129,0.48651739894039653,0.46249659944706706,2.0864456195789924,0.20542923683165862
1711,0.0784333774478927,0.08928118278975014,0.48563833489430736,0.46166093738668057,2.0880962754686365,0.20505805697969948
1712,0.07842892059867607,0.09194555028504912,0.4847617362223588,0.460827618977639,2.0897247842475637,0.20492306975828592
1713,0.07833155812521728,0.09160848434507533,0.4856908345120116,0.46179987622686397,2.08956298892015,0.20455354426492117
1714,0.07821560878357851,0.09139812060947253,0.48661733045504185,0.4609679724994433,2.089401646771403,0.2041850537895199
1715,0.07808143175988147,0.09119651155388646,0.4875412330086513,0.4601383973848375,2.092840030655757,0.2038175947695802
1716,0.07793604963859173,0.09102985396017473,0.4884625510939516,0.4593111428727513,2.0962687962160254,0.20345116365695415
1717,0.07807015950476624,0.09090087957830092,0.4875852520665359,0.4602822425147401,2.0989409662594616,0.20308575691778225
1718,0.07797834818534019,0.09085775793898102,0.4867104039902535,0.46304487553623697,2.0987634417883445,0.2027213710324281
1719,0.07786362132710913,0.0907558598584866,0.4858379984488596,0.46221488934317434,2.0950015068847962,0.20235800249541364
1720,0.07771530526640215,0.09062213744799444,0.4867586885390619,0.46138721894575413,2.096622052825075,0.20199564781535445
1721,0.07781047380845951,0.09042446150100501,0.48588793969023886,0.4623507281138637,2.1012818913532065,0.20163430351489545
1722,0.07774320547089517,0.09037353130190588,0.4850196172561404,0.4615244686477428,2.097526724662323,0.2012739661306471
1723,0.07800118350834745,0.09017971914283744,0.48593901046897137,0.46070051014709207,2.101476869451526,0.20091463221312167
1724,0.07788920449370372,0.09007967523742066,0.4850723318588485,0.4598788447339123,2.1012946182511825,0.20234107733640963
1725,0.07774485107723708,0.08995769251213098,0.4842080636818696,0.45905946456179186,2.1011141385385623,0.20198056006392917
1726,0.07757465825405695,0.08982794325132938,0.4833461976949407,0.4600223114935431,2.1027141101380313,0.2016210448311256
1727,0.07742661823924625,0.08964516143549253,0.48426489630576397,0.459204313335722,2.1025314669253525,0.20126252821328075
1728,0.07776508426911909,0.08950444142463031,0.4834046513711312,0.4583885858536722,2.1011984071509153,0.20090500679938594
1729,0.07793936369381113,0.08931499295960543,0.48254679285745355,0.4575751212959112,2.1037875582072516,0.2005484771920798
1730,0.07781270249203101,0.08917216170302938,0.4816913126229076,0.4603096001413505,2.1053764031467606,0.20019293600758623
1731,0.07804627422457808,0.08913791550693785,0.48083820255820986,0.4594943586319712,2.1039331764439173,0.1998383798756529
1732,0.07831873599455746,0.08899352168569474,0.4799874545864691,0.4604506763198376,2.102638342913296,0.19948480543948982
1733,0.07821049687144112,0.0888841738617185,0.480906594200266,0.4631718813816565,2.102456926199992,0.19913220935570844
1734,0.07813601338701898,0.08854649836902242,0.48005742526040956,0.4623540278104485,2.100510244265186,0.19878058829426082
1735,0.07798682347539337,0.08844543658378821,0.48097460500362416,0.4615384343793588,2.1003329439929943,0.19842993893837935
1736,0.07792043441495446,0.08839606151148209,0.4801270128531592,0.46072509340449613,2.096631655612752,0.19808025798451662
1737,0.07812727970093208,0.0883221393806475,0.4792817600381206,0.4599139972325793,2.0953055452392233,0.19773154214228555
1738,0.07799887013648898,0.08820771447485545,0.47844444994595664,0.46085824483646487,2.093373600410077,0.1991481173925984
1739,0.07788217334359161,0.08811069751114735,0.4776038421430426,0.46004853529402884,2.096723443699344,0.2005552053844709
1740,0.07774313935271801,0.08801328847332567,0.47676554996595094,0.45924105626184814,2.0965536743234723,0.20020319008452184
1741,0.07768969945748587,0.09075452876978192,0.4794335856851985,0.4601921290973457,2.0998776639921406,0.2016360760215322
1742,0.07756956323533183,0.09069531547291947,0.4803454603667525,0.46464110319517754,2.097951011470922,0.2012828706906544
1743,0.07746016773425322,0.09044686627130062,0.4812548278976993,0.4638280062229329,2.0995295487469954,0.20093063647892015
1744,0.07735115444867974,0.09189082461492581,0.48041349954879015,0.46301714339510835,2.09932584295191,0.2006840541304599
1745,0.07718610323133808,0.09330242562775744,0.48132080295977125,0.4622086355315165,2.102644761622162,0.20044477518890794
1746,0.07734442070954127,0.09316371819898757,0.48222574479176156,0.4614022181317317,2.1050835459455093,0.20009505832517518
1747,0.0776569351131457,0.09298592064868715,0.4831282031780768,0.4605980139782439,2.1074072044486103,0.20148926773989181
1748,0.07805240105824073,0.09281858627455739,0.4840281898565805,0.4597960122453683,2.1077142026709903,0.20113843092127962
1749,0.07795824216755692,0.09275966261975575,0.48492571149118274,0.45899620717776324,2.107526836180514,0.20078855503706877
1750,0.07781610478667256,0.09259450534340384,0.48582077639402393,0.459936330802767,2.1108154614260246,0.20043963684698368
1751,0.07771089235781359,0.0924928098054876,0.48497739028072934,0.45913788015337753,2.1106230855008965,0.2000916731235602
1752,0.07765305931777486,0.09228888177809695,0.48413630978906175,0.4583416122824999,2.1169464689550463,0.19974466065208818
1753,0.07753185729787625,0.09208624446297238,0.4850300611862725,0.4575475198426738,2.1167438552181026,0.19939859623055428
1754,0.07794022016677027,0.09203835954108859,0.4859213723717852,0.4567555955154426,2.1187422181922293,0.19905347666958492
1755,0.07803839955545742,0.09190318198856322,0.485081179127111,0.45769490443414096,2.126558062510366,0.19870929879238974
1756,0.07837314891887232,0.09176579171442241,0.4876979648734165,0.4569043083035833,2.130244550507202,0.200093404936282
1757,0.07821662448039263,0.0916958980567984,0.48685638461643815,0.45956710159429787,2.126568562733277,0.1997481202082851
1758,0.07817558847777313,0.09225702787413916,0.48616309787641154,0.4603527485102689,2.124480477534909,0.19979485469495517
1759,0.07891036295099214,0.09240251063372759,0.48704799469219484,0.45955996049649955,2.125563693355574,0.20094461821536386
1760,0.08000207477211584,0.09239735779564764,0.48793044281589326,0.4587693706435891,2.1220034430402674,0.20231947086944815
1761,0.0798561787010456,0.09232250522651399,0.4870918225896756,0.45798087039922936,2.1199375216557477,0.2038279690404029
1762,0.07976217162900638,0.09229409043223935,0.4879724916643762,0.4571945121247299,2.1196381582370942,0.2034779941388538
1763,0.07984197813644195,0.09216400745313055,0.4871354748763074,0.4564102886518942,2.1256886981494647,0.2031289693474852
1764,0.07969139970182341,0.09204795148054593,0.48630072898237836,0.4556281928406707,2.1254733204360674,0.20278089148856124
1765,0.07958943559637656,0.09185948443052615,0.48546824639178054,0.4548482175790273,2.121834790961218,0.20414562526166596
1766,0.07946617343571477,0.09175522149325763,0.48634817639611105,0.4609109831933599,2.121626434358567,0.2037965042216896
1767,0.07946378657187707,0.09157210915453942,0.4855172760454209,0.46012354095309044,2.119662527445302,0.20344832858323647
1768,0.07940085781673728,0.09278683403599267,0.4846886243105985,0.4593382297206066,2.117617385229748,0.2035188225225901
1769,0.08066112587209537,0.09248762012240533,0.4838622136927632,0.4585550423892375,2.114062049728266,0.2031718159962842
1770,0.08054718604799599,0.09358442476499387,0.4847398550017109,0.45777548348905306,2.1155665594913224,0.2029316957310847
1771,0.0803869109643721,0.09348301748060835,0.48561520128088864,0.45699795468553944,2.1153670392526385,0.2042908780184725
1772,0.08044385207050939,0.09340823849422719,0.48648961769977345,0.45792101832407106,2.119768156757583,0.20394359851407703
1773,0.08030612977916353,0.09330604000609985,0.487361675181244,0.4571433642323206,2.1195647631734564,0.20359725587522803
1774,0.08029528634893118,0.09448706895348268,0.48653485139209335,0.4563678067195985,2.1175102893648545,0.20341878768561542
1775,0.08014311696054031,0.09438848893841768,0.4857102553429369,0.45559433881836503,2.117311128872922,0.20307402650731582
1776,0.08015381262155154,0.0943185171967821,0.4865810201422768,0.45482295358826264,2.116771357216564,0.2027301936469878
1777,0.08002494240186185,0.09415025014771489,0.4857579935450754,0.45574509232941074,2.118265292726437,0.2023872860231383
1778,0.07988356761605073,0.09400321089190694,0.4849371802785514,0.45497499359113347,2.116375695437333,0.20204530056628311
1779,0.07974709340019545,0.09383322380502417,0.4841194137049934,0.45589419254309077,2.1178647918639686,0.20339482501888673
1780,0.0800912574767877,0.09367675159514519,0.48330300369515367,0.45681176249596694,2.1215225228513632,0.20305182375433464
1781,0.08031509937455243,0.09361239174334884,0.4841734810240021,0.45604217357703036,2.1220515075997626,0.20270974317243942
1782,0.08019135183494445,0.09334150943839338,0.483358611206499,0.4552746490897939,2.1184800692775463,0.20236858022589457
1783,0.08030943439614774,0.0932594015334258,0.4825459259165107,0.4545091822052869,2.121014114604815,0.20202833187923763
1784,0.08017503875690105,0.09316475062416989,0.485094716771735,0.45374576612106704,2.124170152157176,0.20168899510879795
1785,0.08003417312077926,0.09302773282624636,0.48595871270392677,0.45634033528110696,2.1239617982912167,0.20135056690264455
1786,0.08023123884547945,0.09288367702424859,0.4868203967612941,0.4555753749532824,2.1262167571791912,0.2010130442605344
1787,0.08012755989854115,0.09265587440610464,0.4860051585511634,0.45481246021978433,2.1260053923228788,0.20067642419386073
1788,0.08000026602738083,0.09253688246836186,0.4851920990198286,0.45405158433349974,2.125794022997762,0.20201421729672947
1789,0.0802519061188016,0.09248908322999476,0.4860524831188148,0.4583065569737951,2.1261980726233745,0.20167659656480147
1790,0.08013076730255568,0.09231438179969702,0.48524096906832875,0.4575413675686764,2.132665778893888,0.20133987697699815
1791,0.08025941235544504,0.09223932557078858,0.4844316196772789,0.45677821925510176,2.135104624606954,0.20100405556616743
1792,0.08012361078015967,0.09207408248393854,0.4836244278223153,0.45601710531635203,2.133213238557206,0.20066912937663475
1793,0.08001409015302098,0.09203596323587321,0.48281938640762767,0.4552580190616757,2.1313268913501,0.20033509546415246
1794,0.08031459261199925,0.09186719452372633,0.48367942350614657,0.45450095531375884,2.133489586019599,0.2016648934750919
1795,0.08023979863008061,0.09178841802051112,0.48619844824928676,0.4570684535027409,2.131498889435332,0.2030988064611477
1796,0.08015093993966191,0.09171752227631569,0.48548899574452237,0.45953167513542564,2.1295723133050637,0.20447007954440333
1797,0.08003239332212132,0.09162468174921229,0.4846840766934816,0.45876979216152647,2.1260415776126522,0.20578903258815998
1798,0.07993237195599857,0.0914936040784083,0.4838812953451163,0.4580099325951607,2.1241765170103766,0.2054481845904561
1799,0.08158408458483514,0.09134813298906283,0.4896992154845026,0.45890673250261776,2.1256304807007855,0.20676288395011852
1800,0.0814089014845075,0.09119033044462593,0.48888974812567687,0.4581481647758169,2.1287287926773515,0.20642110720169407
1801,0.08129124333904517,0.09105924461635705,0.48808242653278405,0.4573916078883269,2.1285162180951396,0.20608023644768117
1802,0.081172326826007,0.09087769613635165,0.49057661610170805,0.45663705526103504,2.125004834246162,0.2057402687238254
1803,0.08162652057013314,0.0921693526967309,0.491415403201376,0.4558852620023505,2.12644662898683,0.20540554108001993
1804,0.08147090615835725,0.09206203716511199,0.4922527318633329,0.4551346970052171,2.1278848386375007,0.2050673634239256
1805,0.08185608755345308,0.09201404239210142,0.4947325909891577,0.45603086125139525,2.131283963904382,0.20473007999231696
1806,0.08194727400090487,0.09188498872057442,0.4939196955506399,0.45692465729321063,2.1386754522492075,0.2043936878661779
1807,0.08184170583569281,0.09170170618202823,0.4931089469352649,0.4561746344928075,2.13844782226824,0.20405818413769394
1808,0.08171037195057755,0.09160113754169293,0.49230033814321694,0.4554265912410014,2.1349411576230963,0.20372356591020366
1809,0.08165792749290746,0.09137653096635434,0.4914938622015137,0.4546805210870927,2.1363579582129537,0.20502832943022828
1810,0.08201593803010393,0.09125274091960568,0.4923260535319166,0.45393641760509756,2.136659319924446,0.20469279208749822
1811,0.08186430047406325,0.09109822942602416,0.4931560525326426,0.4531942743936396,2.1348009891862496,0.20435813868629374
1812,0.08169250800632145,0.09093851251654692,0.49398386633546953,0.452454085075843,2.132947551008672,0.2040243663511009
1813,0.08161793503741,0.09086151858175708,0.4964411411458938,0.4549791215012265,2.130992223478486,0.20542987732498386
1814,0.08153670856864227,0.090759904226211,0.4956319379765608,0.4558675100445609,2.1307787050699347,0.2050950249245092
1815,0.08126520279494076,0.09075990422621101,0.496453240379348,0.4551251849261738,2.1273089895941752,0.20476105247570978
1816,0.08112462761854813,0.09066270507166008,0.5005258888727884,0.45763831237785274,2.1271018895020037,0.20442795712261685
1817,0.08149218896980052,0.09058651103634736,0.4997124714471676,0.4568945926498719,2.1240117366465854,0.20409573602016384
1818,0.08184362772443991,0.09049888765792392,0.49890118761662045,0.4577763249668379,2.122459955428425,0.20376438633413888
