0,0.5,0.5,0.5,0.5,0.5,0.5
1,0.5035175870292766,0.5038829759090937,0.5107035540048732,0.5192664609901281,0.5049952633798513,0.5049952453420028
2,0.5177145517901974,0.4916297923082241,0.5155867423153128,0.5140841713310375,0.5099597615273176,0.49995538270031464
3,0.5199708832984126,0.4843671255412014,0.5104463193162097,0.5089587290321957,0.524817785441874,0.5248807142502372
4,0.5113302114483147,0.4811351251210439,0.5073733181225392,0.51183845439398,0.5378343471797451,0.5618504656560704
5,0.5181761585572827,0.46968744002377644,0.5023248903271027,0.5266458474473298,0.5324828372476292,0.5662101082542824
6,0.5246477987234542,0.463017777450305,0.4973316906793371,0.5214108931167593,0.5371514145441437,0.5705220621826489
7,0.5311807633338704,0.4586367855523267,0.49239306543643585,0.5261633999213281,0.551677858957451,0.5946473719580183
8,0.5629245548861673,0.4542995536070629,0.48750836908086187,0.5209436910699168,0.5462050385319844,0.5986685993958255
9,0.5597401961310868,0.4446537732351869,0.49128136639788966,0.5170869304239566,0.5507023335106392,0.6026459651338072
10,0.5622389646298124,0.4419072851864108,0.4864174360466267,0.5119675121289555,0.5558199107310274,0.6158214941938109
11,0.5759342462390558,0.4379099879062422,0.4816064743976519,0.5069038448262536,0.5602142320703315,0.609730648406579
12,0.5745572551108502,0.435754272503267,0.484107753994532,0.5045160915150203,0.6232413713039613,0.6537122383752981
13,0.5817139790240323,0.43178226491365457,0.4892000445086518,0.4995360932170511,0.6664436613563622,0.6571303899318124
14,0.6059568745718457,0.4279417712126124,0.4843760548832191,0.4946101800691311,0.6598718767816645,0.6605114187367185
15,0.6131989392696982,0.42413420459785606,0.4894555279300168,0.48973771613077793,0.6632296475180379,0.6638557612843325
16,0.6192653004448098,0.42310630490161255,0.4846386623601367,0.48491807346972016,0.6571105809026707,0.69628007325254
17,0.6313720548521616,0.4120654016524191,0.489705404804193,0.4899820689010984,0.6703131134181745,0.6992660765313354
18,0.6325781337713011,0.4187890125429786,0.4947173194684368,0.49499126627839185,0.6826695895125463,0.7029236279628037
19,0.632009917065235,0.409886495185774,0.5094868424732278,0.5097581013736201,0.6955949636927702,0.6960266863929043
20,0.637409529690794,0.4030269614152455,0.5044928592026328,0.5047614592268822,0.7182879371243209,0.6990062287800879
21,0.6408137183120991,0.4007352207939918,0.5093449590961164,0.5096109289379896,0.7306169297221345,0.7021754495666515
22,0.6541025764160496,0.3999122882427112,0.5043623417710331,0.5046257097889,0.743034545652521,0.7148712914993629
23,0.6538860541645944,0.3945691173775239,0.49943339782262447,0.49969419204365845,0.7553914118470416,0.727375733301883
24,0.6541722988390142,0.38700846476249007,0.5041458347047336,0.4949902723770153,0.7581191828893264,0.749338413410435
25,0.6650569849709678,0.3808289203381423,0.49922885040778037,0.4901625831869462,0.7604782704739271,0.7420300415898071
26,0.6700973220327185,0.3822378779221272,0.4944382423481688,0.4950565542315489,0.782078055102027,0.7350208439412454
27,0.674041607079915,0.3802018905296311,0.48962557213387753,0.49023786560903304,0.7939087337256833,0.7278905396673329
28,0.6728739246025014,0.3714564129551689,0.49458839351251155,0.48547084981926064,0.805638048030011,0.7499842682248076
29,0.6738488428977087,0.3589658236016565,0.48978388042659016,0.49046907069859647,0.8075304661879055,0.7426987975623625
30,0.6774471316529236,0.36469485844597704,0.4850307946349497,0.48570933550856504,0.8469979920044636,0.7561183284462618
31,0.677250875176172,0.3618054108743138,0.48990208812373676,0.48112170931075043,0.8775655843793039,0.7875669720524199
32,0.6839043156582789,0.3601909200885762,0.4851591308353137,0.4861453030282571,0.8884346588946579,0.7896261765914281
33,0.6875940278936422,0.3593573174026851,0.48046502916911504,0.48144165976582776,0.9281664037997487,0.801386245220884
34,0.6862516189550991,0.35679398523126676,0.4758209911074181,0.4767881818710774,0.9388056085008601,0.8226367147280937
35,0.6871387838036492,0.3457062366836537,0.4808821714781714,0.472184609892853,0.9491000710468102,0.8243503058071276
36,0.6878168799154112,0.34096948272750266,0.4858830928789796,0.46763642522996846,0.9593437520281319,0.8453456550914202
37,0.6905578489242168,0.3374547768155211,0.4812007573277479,0.4727666820927795,0.9597355763086577,0.8757463018611508
38,0.6903427501477861,0.3339860246023616,0.4765755541009238,0.47783504673732585,0.9890059707054423,0.886593536988069
39,0.6910389026962059,0.3316906587067075,0.4719920853297399,0.4924744789697071,1.0179642384172198,0.8780667173588403
40,0.693276824258578,0.33169059926267674,0.46745723522025695,0.4877428361852457,1.056223548654694,0.8696303450697451
41,0.6970836450818677,0.3307896257746008,0.4629704445065643,0.48306133836430615,1.1132734734454977,0.8881980497143795
42,0.703501499455232,0.32970921311252355,0.45853116082120876,0.47842940916910176,1.1121878558477543,0.9180356507384055
43,0.7065745452537152,0.32521789262068085,0.4637179525053662,0.4738464793652405,1.1398809072104354,0.928399910476447
44,0.7072454079176513,0.3254498040181604,0.4592803852073531,0.4693119867286081,1.1666580320851767,0.9201087081045272
45,0.7134743205364329,0.32893785292313427,0.4548896762902174,0.4648253759535417,1.1650646481993483,0.9113126294271041
46,0.7189687163130162,0.32783653266116164,0.4505452889999723,0.4794869378060889,1.163488850665931,0.9121596310312389
47,0.7220837593919468,0.3291039434227445,0.44624669317718646,0.47491221335938905,1.1528135104599009,0.9984402466905364
48,0.728731317368414,0.321565754016527,0.4515247030415736,0.4703856645949031,1.1704196690988757,1.0175177889678741
49,0.7295973712730401,0.31566501221050053,0.46626889017451345,0.4754286547995498,1.1687970676111645,1.026872696741227
50,0.7328614034551454,0.3190282470849563,0.47132252279812803,0.47092961228334823,1.2051237235130285,1.017221655202022
51,0.733939443450009,0.31688244712824365,0.4763464320998863,0.4664544686245985,1.2222086923537996,1.0075552147806002
52,0.7360123619584428,0.318203257855825,0.47183197859747084,0.4715119296880105,1.2390934191132013,1.0359564495303757
53,0.7364173794000415,0.31769610403803655,0.48632481866959865,0.46704020479037983,1.2368448380116321,1.0261316456250082
54,0.7427068191634019,0.3176959903538966,0.4817172211956362,0.472089637004942,1.2440771145021698,1.0164097449593816
55,0.7439275433555469,0.31528812897953146,0.4866226907110852,0.4676213787159977,1.2607021131491463,1.0162544292121987
56,0.7469768205759999,0.3132612949338828,0.5009322652937754,0.4726552270816732,1.258309573769567,1.0444669111407043
57,0.7511498015068817,0.3122394727107306,0.5245383109052628,0.47763649453177404,1.255874389965446,1.053492820028904
58,0.7546145985375418,0.31118382548398926,0.5195885054110533,0.48256577747562013,1.2534600918645493,1.052988035065369
59,0.7557737242778096,0.3051900858202436,0.5146903093987811,0.4780165972257219,1.279352598746763,1.0713427222386587
60,0.758648375861299,0.303514854023358,0.5098431386070683,0.4735148064484037,1.2767217594118154,1.0706708431283531
61,0.7606191814596212,0.3069824212485607,0.5050466574944111,0.4784678598815553,1.2647103060457043,1.070005816775878
62,0.7610682201336864,0.3050246037545932,0.5002998103903108,0.473970822347733,1.2622223405313813,1.0693478440843547
63,0.7612125332038414,0.30317295206012884,0.4956022782996977,0.47890993865307374,1.2597647859126295,1.0780861420929977
64,0.764479035574178,0.3059421969349931,0.49095519051005576,0.4837961031219683,1.276089965582961,1.1054921538035494
65,0.7682113899459655,0.30210086464494407,0.4863546091600236,0.49800395651807255,1.2735028190975304,1.1232449704213885
66,0.7687208838338053,0.30052449940881887,0.4911400747210244,0.493364915251377,1.2709425808239543,1.1220913069918415
67,0.7713454926476979,0.29958276393194694,0.5052508603340715,0.48875099024192237,1.2684087642923652,1.1209495149520459
68,0.7734186528970999,0.2980305169707549,0.5005309429169227,0.4935269459982858,1.2752620383615902,1.1198391690788676
69,0.7759804710872956,0.297098521417863,0.5145258876834925,0.48892072734061226,1.272692969654385,1.118720678144605
70,0.7779776511741392,0.29178948451431713,0.5283763537508974,0.49368600164584564,1.2893308966381065,1.1269376800957633
71,0.7794854772198095,0.28948923227171525,0.5234547293686945,0.4890875046737462,1.2773222445920278,1.1350689489884278
72,0.7794510869225921,0.2877109189115978,0.5185838213863339,0.48453639433520485,1.2840469850686203,1.1710333265198911
73,0.7809172919152942,0.2841965780839254,0.5230583392885695,0.4800328708817233,1.2907717934272112,1.1973318548134997
74,0.7823885897235189,0.28509313632458216,0.5182008445493202,0.47557494148871104,1.2973489144744066,1.1862228242145743
75,0.7853042844536826,0.2825046607507412,0.5133932699679143,0.47116282594643866,1.3038677143328352,1.212327458682723
76,0.7876940111820556,0.27994006437035024,0.5179032200040604,0.47606417458187766,1.3010576551144082,1.210359573384676
77,0.7937138728005083,0.28212812863352205,0.513108008456608,0.49017413994683195,1.316787991550646,1.199152983999244
78,0.7989999713190171,0.28072379912441076,0.5268612304395092,0.485640203524208,1.3231137237394404,1.215810178273722
79,0.8002937895009169,0.27900603712187094,0.5312332215682763,0.4903930933989389,1.3201459342064088,1.2045756068210058
80,0.8015491088594434,0.27814879467178194,0.5263293208625432,0.4950973580560885,1.3356529441728506,1.239611789809187
81,0.8052699444052794,0.2755875058364786,0.5214755450693256,0.4905316014535864,1.3417796153363166,1.2466240419140553
82,0.8080915422084094,0.27782356798039726,0.5258840566881064,0.49522519094781386,1.3478430536786552,1.2443525520082224
83,0.8092857193980973,0.276822287315305,0.530247588211531,0.4998708916938039,1.3538451732108985,1.2421036649716253
84,0.8095835815639201,0.27650211859699303,0.5253728117585998,0.5044687494286245,1.368980846395551,1.2490733707770874
85,0.8118116357646619,0.27784020533253,0.5297323395652089,0.5182053689046828,1.36559171199773,1.246786756070067
86,0.8093714470455968,0.2750567809652286,0.5340474884886526,0.5318022309581434,1.3622399249910782,1.2353463127207511
87,0.8091851945550759,0.27475841759148845,0.5291520298428549,0.5360940603082336,1.3864195510159079,1.2240223184876007
88,0.8080225136799429,0.2754458535474958,0.5394008298935759,0.5344053708575507,1.3934282840788292,1.2321876445047952
89,0.8099362890061343,0.2716664928528617,0.5344661452774706,0.5295163869773163,1.3989774787521738,1.2575088531443268
90,0.8109660015673142,0.27141648316445655,0.5295815536753113,0.5429555341167852,1.4136096622690677,1.255155460897194
91,0.8132014656785046,0.26906828465247146,0.5430067345145856,0.5379982539279913,1.4372239013742947,1.252825846348876
92,0.8139408485837477,0.26842544411860025,0.5471749936221524,0.5422121956449023,1.4332359234489027,1.241398794355112
93,0.8168643580618251,0.2659841422501804,0.542189170683705,0.5463835283246508,1.4384002413678303,1.2483111197254741
94,0.8190087565129008,0.2623278260047216,0.5372537161242377,0.5505127208729935,1.4436087009362863,1.2551536140283017
95,0.8168596651167698,0.262971723465041,0.5324511603013481,0.5545171524722832,1.4305644321171467,1.2527502321173138
96,0.818998765805891,0.26282891570733,0.52761403310687,0.5494795636791436,1.435737537530684,1.2504541104157982
97,0.821245997532106,0.2626880656878738,0.5228256404019704,0.5535682888160678,1.4408585355548427,1.2481810993801037
98,0.8256278372461853,0.26472267242719694,0.5180854474647215,0.5485493679939876,1.454994474380324,1.2459309685821336
99,0.8245102865005695,0.26388590443210697,0.5224503533832141,0.5526383491737082,1.4509036643470614,1.2527376633700922
100,0.8239430847507702,0.26099822984424426,0.5267743958362792,0.5657316244039096,1.4559736227923585,1.2504568966951655
101,0.8234962397316147,0.26087823047580855,0.5220127203520049,0.5696571074138247,1.4789698819674826,1.2391536664379346
102,0.8267556013007167,0.26348017804143864,0.5172987968188206,0.5735432253123195,1.4746446648258256,1.2731151979542816
103,0.8296103287639657,0.26604651535739166,0.5216533745740379,0.5773904069070164,1.4703628168791734,1.2977151118203356
104,0.8305788702856988,0.26857806926380484,0.5259641968778417,0.5721869769889828,1.484148136140077,1.3040444396637685
105,0.8282552363311658,0.26682742610194093,0.5276010069871298,0.5696664877921654,1.4831981857374832,1.3131231909425864
106,0.8313536487815034,0.26881026209661674,0.5228556334867906,0.5645427669891342,1.523823404314115,1.3193013909672904
107,0.8355410380622866,0.2659103818113798,0.5181576413872357,0.5774407187525331,1.519116719241062,1.3433881561849432
108,0.8346106338859522,0.26445707023549264,0.5224827913694352,0.5722574515079841,1.5503620881694313,1.3403058093321536
109,0.8322316542560375,0.2635995333931185,0.5356607509890847,0.5671972314878234,1.5455914923160914,1.3730389789178554
110,0.8325263207069774,0.2613520585995157,0.5398201942049188,0.5621163513540838,1.5317461804285124,1.3786621507242267
111,0.8351553682581717,0.2572212059330009,0.534989134112435,0.55708575431175,1.5359853853767376,1.4021215188777387
112,0.8338048558788596,0.25697532828217656,0.5302060944806518,0.5521051611159733,1.5489370338943995,1.407615740176595
113,0.834647261585505,0.2536145565246422,0.5433335684501428,0.5471740302249314,1.5529657129484582,1.4218381307047911
114,0.8348312799073614,0.2548207789759419,0.5385928469786057,0.551107190446612,1.5484125810827967,1.4533838660959533
115,0.8353806108897606,0.25482077896423877,0.5427056741262027,0.5461948075343348,1.5613515401461247,1.449342555811638
116,0.8361977251887235,0.25543092627656416,0.5467777490327017,0.5413310958652567,1.5563528615284772,1.454246006154426
117,0.8356120360215337,0.2533757662570305,0.5508095442978692,0.5365154973620098,1.5514036371687059,1.4768926484559455
118,0.8341992084109676,0.2522025679709524,0.5459145216202694,0.5406344658414342,1.5553906378334057,1.463767561787762
119,0.8338482492030476,0.2504377053973612,0.5499459279181798,0.5358346708813585,1.5448893091627531,1.4596501946635334
120,0.835531359722269,0.24853731616569866,0.5450683450925796,0.5310822436782956,1.5311873702718974,1.4555734630328925
121,0.8374674505495331,0.24665517111659035,0.5402388544520684,0.5352370142418669,1.5264808702453252,1.4603972670354566
122,0.8374256257292718,0.24478678416822094,0.5443084227308945,0.5304993725426832,1.5129698384055588,1.4917280028777664
123,0.8372581632354035,0.24469983609883592,0.5399445839228616,0.534201713200349,1.5256159965116998,1.5035643898587512
124,0.837764044123884,0.24352037436076,0.5351748232020502,0.5471502788884405,1.5209728218063157,1.4991185370926983
125,0.8385830940216975,0.2443693160966378,0.5392768909897255,0.5511466636506129,1.5252002230371435,1.530013706345579
126,0.8376197694622199,0.245156945924367,0.5488353313958722,0.549607184229602,1.5308935755752395,1.5354403951148483
127,0.836136542666836,0.2458044978444663,0.5440015538251585,0.5447666086910787,1.5174104803635218,1.521917254532413
128,0.8360810990211099,0.2464475658295873,0.5480136715626749,0.5487719950675051,1.539253621781487,1.526123689481771
129,0.8382301690382485,0.24584045873111213,0.5431967740620085,0.5527381717561124,1.534516824667498,1.5214991992246585
130,0.8387625597775605,0.24467841072529645,0.5472082771738978,0.5654461768867494,1.5473877851829625,1.5344842511699321
131,0.8413167105679379,0.24288286934991246,0.5511802466474998,0.5692581602623946,1.5689025644397532,1.538567838061259
132,0.8393665621522582,0.2422855600195227,0.5463500281893481,0.5642695176361806,1.572680512373691,1.542611558562668
133,0.838196445819636,0.24485621587918008,0.5415669244118239,0.5593295349838653,1.5677921553214198,1.5465346837165879
134,0.8395092598255159,0.24366240268067277,0.536830433897903,0.5631835950883749,1.5978099063905171,1.5592465469644798
135,0.8415024255490531,0.24306508823733208,0.532140060978153,0.5670001295229514,1.6013264081882288,1.5630974800149655
136,0.8427692085016057,0.24326470730198588,0.5362237418995469,0.5620511107529333,1.5873493486123524,1.5494540988221288
137,0.8440255344508353,0.24345458225120858,0.5402677327067374,0.557150192490838,1.573508134907836,1.5359433204129014
138,0.8434236899337247,0.24363540733882946,0.5355614675552044,0.5522968644529911,1.568512346249984,1.5574076660741574
139,0.8462733212167437,0.24251015418323835,0.5309008615549167,0.5561929026228076,1.5635651352839652,1.5699615089003702
140,0.8443438606552448,0.24194708388606972,0.5262854311931857,0.5513575938191526,1.5673593802665096,1.5737000853661358
141,0.8455613617375676,0.24258185831972423,0.5390843596856478,0.5552541301871331,1.5884862295242788,1.5687259661140416
142,0.8433517455442994,0.24526298247736272,0.5344071491906242,0.5504366273261135,1.5978720125806365,1.6013616936429458
143,0.8435986679528171,0.24417371161706578,0.529775153480546,0.5456656954620733,1.5840245145274168,1.6139196465933119
144,0.8475127084663657,0.24348250430067872,0.5425056502954803,0.5582585980208893,1.5789675808850352,1.617262669071124
145,0.8482234087964361,0.2406730280048282,0.5378128559165474,0.5620797591884001,1.599910055737455,1.6292236565477387
146,0.8480848432700068,0.2385603215107643,0.5331653049863307,0.5745056574221212,1.594725887217976,1.6497109025056058
147,0.8483201900208343,0.23801226180325386,0.5285625210187104,0.56954598468168,1.5982459652587329,1.6354690476394944
148,0.8493534805498141,0.23921854004364326,0.5240040333755229,0.5646340428958821,1.6103355195718168,1.638613270689517
149,0.8492282784883847,0.24397814375210206,0.5279868575101697,0.5598875404720404,1.6223084703285289,1.650342560684631
150,0.8486093276970155,0.24185122870391818,0.5234424355576723,0.5636756204718694,1.6083451351338618,1.6447450076223387
151,0.8510177430487557,0.24415556386269896,0.527540104806804,0.558828868622851,1.611712770473076,1.6306027055285097
152,0.851425019281175,0.24202263038941454,0.5230085971303041,0.5712083597468051,1.615487022985099,1.6337757849973946
153,0.8534289002593705,0.23933480066715138,0.5185205049107001,0.5748879482564603,1.6187866435554314,1.6454997610529165
154,0.8545267467239259,0.24049655652663113,0.5140757770448501,0.5785319115880487,1.6134835843956865,1.6742566516892277
155,0.8537156458321821,0.24165681916623327,0.5096731540664712,0.5735772764906226,1.6253599856737697,1.6856105189688635
156,0.8524198072175114,0.24179920015350315,0.5137645167593192,0.5687736570881198,1.6370948530120266,1.688491568248046
157,0.8539615359302049,0.2401926577667805,0.5093733505818122,0.5724593661436788,1.6316495779370477,1.6911540434577892
158,0.8550495471442706,0.2435826328454311,0.5050240673384638,0.5675714230940028,1.626256239393028,1.6852527570932088
159,0.8552237034242939,0.2426843686088339,0.5009069359394601,0.5710693176028417,1.6217876289427824,1.7131456294974154
160,0.8543520231348529,0.24111341911803452,0.496638488596351,0.5662029858821973,1.6506442383686184,1.707068603550667
161,0.8548173334739712,0.24336208790753894,0.49241074586813793,0.5869216055429508,1.653618310108629,1.7180751922605035
162,0.8552539843349446,0.24243369534577283,0.48822308198969133,0.5819301823710644,1.6650684424584405,1.7119685071720399
163,0.8572012740653349,0.24139222276232586,0.4840751817053008,0.5769861548189149,1.6679140744157066,1.7059196854708194
164,0.8547293271276514,0.23887330703947848,0.4884540493914827,0.5720890339105303,1.6970649176216492,1.6999282782124203
165,0.8545655656774375,0.23896851957039872,0.4843124783527064,0.5757172639577282,1.6911545481652193,1.7024725673558663
166,0.8537349614813122,0.23703664622237816,0.4802101747762627,0.5793110878625376,1.7022410373580106,1.7049928950475373
167,0.8546244152657696,0.23875775177733163,0.47614663814370434,0.5744089596886115,1.696298681663711,1.7074892521135294
168,0.8561067873059547,0.23935773911838215,0.47212151427943444,0.5695531715211115,1.7326801728403518,1.7099620239595847
169,0.8550672090283433,0.24206819646343786,0.4681344060565436,0.5647432442780982,1.7394059481889392,1.7164301965474373
170,0.8531742192925678,0.24357975518963898,0.46743932083824224,0.5651609523280026,1.731258143214477,1.7123324007080865
171,0.8536076926216196,0.2410809683456386,0.4634996413993283,0.5603976538969445,1.733523159251586,1.7147569319205782
172,0.8529902352815023,0.2390715534485728,0.4680101873537851,0.5556858976931425,1.7358886176856076,1.7255889015604862
173,0.8551680813928851,0.23756801131557878,0.47248495377509386,0.5510118145872585,1.7381101579310636,1.7110743242318767
174,0.8549484788487879,0.2387558196411476,0.4723138316105772,0.5509854941361764,1.7363451397007872,1.7098171577101542
175,0.8560096967076724,0.23994464268755553,0.4683489599910582,0.5463602077222304,1.738558408936168,1.7122531301283344
176,0.8580967734496983,0.23943802179924534,0.464421301387801,0.5501645125998447,1.7407509051347523,1.706280047292197
177,0.8599135629050867,0.23952679671454533,0.46053047360982996,0.5539331433768192,1.7596792942114863,1.7254972164189388
178,0.8613121913692708,0.2401195146539969,0.4650455178017281,0.5492970470383888,1.7784294680754833,1.711055822190578
179,0.8612547116513778,0.23936899506370882,0.4611572447925063,0.5447043420228871,1.7635599143762888,1.7050997972800916
180,0.8589539444844244,0.23835322449470608,0.4573053356989895,0.5401545889137062,1.757182128210166,1.724268415055028
181,0.8595352487768543,0.2353352547829838,0.45348941828071465,0.5356473480321923,1.7508649294090963,1.743257924068817
182,0.8574905405527562,0.23237108531568618,0.4497091244112831,0.5311821845590946,1.7612777364908623,1.7453981294551917
183,0.858492267887183,0.23058478844452437,0.46261945310107555,0.526758668520546,1.7549380579463545,1.747518372735296
184,0.8576807867989567,0.22962271202798287,0.4587707562758798,0.5306957325550103,1.7486593948533735,1.7412994998741864
185,0.8590821192833803,0.23075441747185133,0.4549578928674101,0.5262850975875252,1.7590593027736028,1.7351385655235079
186,0.8598762024057517,0.22930327215851734,0.4511804976146472,0.5385209632875684,1.7693676313515234,1.7456403760266814
187,0.8606646237515934,0.22995582167102693,0.44743845071370925,0.542348430775992,1.7546924467888283,1.756059531391391
188,0.8600379666121134,0.2301242590966888,0.44373090990528136,0.5378544519141365,1.7484392964969264,1.7497960727235442
189,0.8590279793464338,0.2340611875923596,0.44005776530705165,0.5334021653355343,1.750521682363857,1.751867227409887
190,0.8608168685038857,0.2341942169376442,0.4364186674222179,0.5289911474086404,1.7608543782469657,1.7456495927832896
191,0.8621870091550992,0.23272676037045287,0.4328132705898678,0.5328823050329746,1.7628300381639062,1.747750864385402
192,0.8629634730833707,0.22934901961613927,0.43749430162486297,0.5284843907685608,1.7565344331153503,1.7415796251424238
193,0.8633367923245301,0.22904926367142828,0.4339113682932913,0.5405926433901062,1.7669573090037396,1.7520918299148045
194,0.8640430382805846,0.2296966828283103,0.43033742301082367,0.536140009352929,1.8100596783699223,1.762370325329969
195,0.8651863699036095,0.23002970621484684,0.43502480400752763,0.5317284636610065,1.828079266447776,1.7890106642719223
196,0.8637100851956853,0.2311519374884895,0.439656006020155,0.5273705538557744,1.829505453930984,1.7989521847441836
197,0.8628811814947097,0.22837763671627465,0.44425749839796536,0.5230398362797438,1.847329351942189,1.7841793580218772
198,0.8638427381941786,0.22888630921853403,0.4488166423263621,0.5187489751588238,1.8321744188507845,1.7695424884428532
199,0.8647963270321225,0.22576889051068982,0.44513836601291595,0.514497568486244,1.8418061264270464,1.7632357036616286
200,0.8644739049575894,0.22444162887955754,0.4414938813166194,0.5184725261999885,1.8350293077034197,1.7569868582372796
201,0.8649670538804309,0.22350391579291506,0.43788284797678106,0.5224109992695462,1.8291440796540435,1.7426162443029891
202,0.8666496050319537,0.2213234284473869,0.43430492943563376,0.5181424054915023,1.8550529825519388,1.7528902631955607
203,0.867938598682358,0.22437291971132173,0.4389218189015982,0.5139136780837457,1.848074883719852,1.7630686360087524
204,0.867102178699077,0.22433543507329903,0.43534260587676404,0.5178774998832218,1.857468399593218,1.7731553458544695
205,0.8671892841792523,0.22540054288906325,0.4399424738559389,0.5136587230570934,1.8423368581529165,1.766871365165116
206,0.8673591783830309,0.22603072896289084,0.4445004072499112,0.5176167292324715,1.8436199729580536,1.7850453046237944
207,0.8666294723565858,0.22860707543849518,0.44088671644659383,0.5215384151601651,1.836761546510491,1.7949227553318532
208,0.8670407705972604,0.22877372327332857,0.43730580370686684,0.5254245136250173,1.8299653118995138,1.796588408299949
209,0.8678318677691057,0.22787978095218836,0.4337575252503972,0.5211612441545613,1.8232310170572592,1.8144667849614078
210,0.8678514982340391,0.22677572687048617,0.4302415901703354,0.525042600587716,1.8286143447857308,1.8075050922646396
211,0.8682055761818184,0.22368905318794433,0.4267576053481984,0.5207909417680776,1.8300036016527261,1.8090655247255154
212,0.8664075228372242,0.22325148356868704,0.43139493395241635,0.5246675738767148,1.8475640940400864,1.8106101204355851
213,0.8658993690328808,0.22089360790736262,0.4279085893180388,0.5204274406784453,1.8425605336416206,1.8183761668971794
214,0.8660518360232647,0.22202639261533974,0.4244538762328063,0.516225778140913,1.8359355314263854,1.8196668880906566
215,0.8672263624486567,0.22072322448418114,0.4210304798265497,0.5120622033153286,1.8211279505548443,1.8372521781721134
216,0.8671908938567039,0.22017259984052825,0.4176380886189398,0.5079363373756658,1.814401354492964,1.8385632568922115
217,0.8664221498377673,0.2193874528739356,0.41427639448041337,0.5038478055711388,1.8250724493859398,1.8319259365570888
218,0.8692737759467121,0.2172301373565022,0.41898634701024307,0.4997962371792626,1.8264790863249116,1.8493599716954072
219,0.8694243204970703,0.2201212574261917,0.4236092520007013,0.49582576932893324,1.8278730350879944,1.8505701049434555
220,0.8709933347029059,0.21864790342490953,0.4282348961031123,0.4998718623045513,1.8132040460896337,1.8678196838995222
221,0.8710766521917412,0.21694532727217433,0.42480166551023024,0.49586430620437844,1.814751684252144,1.876896556699816
222,0.8712860132178484,0.21651951842795683,0.42139936370320924,0.4918928527897361,1.8242746390248012,1.8858916647345787
223,0.8729618885699827,0.214400599385594,0.41802768481938707,0.5039594420178379,1.833681792567522,1.8948058109622656
224,0.8728404628857812,0.21467907705900846,0.42267947761246555,0.5079243692703996,1.819024896486324,1.9036397953764452
225,0.8723717817252097,0.21495535869736815,0.4352741524538074,0.503868996154487,1.820469534604451,1.8884394102383972
226,0.872536438568897,0.21480994154606486,0.43977823095300617,0.49985038377494373,1.8139245644663473,1.8813522488223149
227,0.8736886034366877,0.2155035875032704,0.4442427527648808,0.49586697407885855,1.8313458463584023,1.866359371743947
228,0.8729868227819956,0.21679678227213753,0.44440926458720537,0.5041385058487672,1.83578678115205,1.8707270445956028
229,0.8733166570598018,0.2167959013929915,0.4488279664892516,0.5001290182095681,1.8609541342673528,1.8717555330202336
230,0.873710556296237,0.21698348910291199,0.44526187747806206,0.49615532510402305,1.8702509503733105,1.8732859154969177
231,0.8733941434947112,0.2181026433007084,0.4417287741973674,0.5001534231681312,1.8554093906433469,1.8822257542045955
232,0.8718133456956985,0.2167918114999026,0.44615556393967226,0.4961874762887675,1.8648040704958309,1.8752297276555392
233,0.8729813510535591,0.2174837531427771,0.45054286243168973,0.5001784451992091,1.865875026728869,1.86037503151015
234,0.8754305455547603,0.2177409078128559,0.4548910564131183,0.5041338421315181,1.866936440555329,1.8693935883559922
235,0.8776434971960423,0.21799522039601313,0.45129482032354795,0.500148306932513,1.8917055343801574,1.886237543594873
236,0.8780802030106192,0.21756251311969962,0.47142400126815703,0.5119938457420141,1.8846630165848657,1.879238210750424
237,0.8779638819032772,0.22043662868720415,0.4755944198487034,0.5158441717840995,1.8776831119112973,1.8723011026068848
238,0.878893792677809,0.21869973459749015,0.47184577183279786,0.5196603010511508,1.8944112824003843,1.865425601841903
239,0.8796632280674171,0.21783558796606392,0.4681303880035401,0.5155684185028913,1.903116852700373,1.874359409504596
240,0.879745711463577,0.21734853944789428,0.4723142225560509,0.5193790922907529,1.8960394794866062,1.8753477364573437
241,0.8801990827333445,0.21571648991740675,0.4764609587879136,0.5152976334485969,1.889080468234951,1.8841034506920318
242,0.8812700494833318,0.21598817973293724,0.4727204725973264,0.5112522575444303,1.897801857816359,1.9007144740348512
243,0.8798836742321139,0.21555815630071942,0.4690130605909793,0.5072426517249953,1.9142887990090107,1.8936504269945784
244,0.8824194567708851,0.21782073185976425,0.46533840125817116,0.5032684682730229,1.8992905829847557,1.886649105211848
245,0.8828571146249421,0.21940132033645937,0.46169617647334127,0.4993293631323095,1.907935652279046,1.9031615269094802
246,0.882583681907734,0.21637298205485564,0.4659052937071116,0.4954249958664075,1.900843803101677,1.903918728452903
247,0.8804740066906527,0.21508380073125155,0.4622659178646904,0.5071778434883545,1.8938069498266508,1.9359148861050752
248,0.8799280151228768,0.21603582023037052,0.45865857981024777,0.5032200307565899,1.9024392376459405,1.9208080886705128
249,0.8802231308487564,0.21417724519285308,0.45508296937583637,0.49929702817475125,1.9031998033942161,1.9214254602319047
250,0.8790927888069685,0.2136160085912666,0.45153877964671274,0.495408499009474,1.8961656761913213,1.9064764842573356
251,0.8784531148728807,0.21223626071282184,0.4484862724113691,0.49887376828559327,1.9126916348597542,1.909044126419538
252,0.8786029240771925,0.213917677824671,0.4450004364580902,0.4949962981719872,1.9133703667288713,1.9175234360522044
253,0.8794538994058866,0.21459955493067917,0.4493098298147171,0.5144468473537155,1.9373370712683233,1.9337141387340566
254,0.8797032548218457,0.21214187148722044,0.4535814883194787,0.5104563253329476,1.9533371388808551,1.9574990667873098
255,0.8798462241244857,0.21013747644988026,0.46556493942091653,0.5142498811057664,1.9615680451702222,1.9500792528433468
256,0.87887678295938,0.21084176332805513,0.47744363514511284,0.5180102867031943,1.977348405234336,1.9659485496794253
257,0.8771612667246793,0.21043793805499691,0.47375123783225465,0.5217378419394506,1.969790803764849,1.9816792570477069
258,0.8790657738990847,0.20962969051187025,0.47009105835671505,0.5177069202485288,1.9700241990260632,1.9895467545553123
259,0.879643664739937,0.21074868074767386,0.4664634946283926,0.5214286619872528,1.9779727006244088,1.9819109451668484
260,0.8805062016195181,0.2117571565879214,0.46286682045586564,0.5174081780201657,1.9858530567446806,1.9746556250580907
261,0.8805969215379762,0.21151841963452617,0.4593014456546651,0.5134226815483484,1.973392293913937,1.959445229550162
262,0.8810235432610557,0.21181273597746134,0.4557671546509482,0.5171668634000505,1.9735972960231025,1.9828772951480271
263,0.8808150925761602,0.2116721398173447,0.4522634821708062,0.5208786034233531,1.966112845400549,1.9682766422053999
264,0.8804202530649838,0.21126401831193659,0.4564699536947715,0.5245581289718955,1.966373711085229,1.968520269199153
265,0.8799409140114113,0.21034751128517057,0.45296788905017316,0.520533687795341,1.9819784600790065,1.9534176698192203
266,0.8793187797835026,0.21147292357303982,0.449519894079289,0.5241847770494519,1.96686100424947,1.9613698056980435
267,0.878697346502857,0.2086523101867782,0.4460780412994442,0.5201712353668634,1.9594723653716923,1.9540088559872135
268,0.8771199481181083,0.20824280648228638,0.4503150334627821,0.5161924051124833,1.952133367725187,1.9467115680153568
269,0.8759189378104274,0.20625376317131666,0.45451541406188806,0.5122479556626484,1.952501865488035,1.9394773354179284
270,0.877232734376489,0.20428939227468204,0.4586795315357079,0.5312389446390656,1.9681320482632478,1.9323055580854058
271,0.8758846541432035,0.2027343956331557,0.46280773072663384,0.5271876288119199,1.9683750785202596,1.9251956421025453
272,0.8768766535820404,0.20309371846554372,0.45928181030943976,0.5231712273978778,1.968616334711735,1.9257658624246627
273,0.8765759818306303,0.20191614822479106,0.4557862495952175,0.534411264652847,1.96124426567685,1.941552708815885
274,0.875666039730976,0.2001713947924025,0.4532523724134833,0.5370196732779261,1.947263908319261,1.9343970512961455
275,0.8742401777806453,0.20279347503340567,0.4577437459590204,0.5553893542582263,1.940393948912948,1.9276179911537603
276,0.8740956966773156,0.2020149369077131,0.46944658579024523,0.5511749880719558,1.9256700380707534,1.950976149370174
277,0.872510021978897,0.2001529982914591,0.4658881156570463,0.5545771354371173,1.9187826789087732,1.943767771056267
278,0.8735404059243984,0.19941015623543618,0.46993292798050584,0.5503773404176067,1.9421166397485927,1.9366206477235812
279,0.8731327844778304,0.20015646463284636,0.4815084958611481,0.5537789153163836,1.9274237525975033,1.9371001377054426
280,0.8714205359247531,0.20015360038119212,0.48542714725135805,0.5495935674097132,1.9204144560934882,1.9300177061699015
281,0.8706052064953388,0.1990502906356133,0.48931231809629916,0.5454439802457933,1.9361159162688877,1.9229958089633359
282,0.8692087721997377,0.19868279894078586,0.4931643008910509,0.5413298398389295,1.9290557458261175,1.9084911576216512
283,0.869358193590253,0.1998004973419093,0.4894482102971768,0.5372508123781538,1.9371259267965226,1.9167165145857998
284,0.8688047867918666,0.20164917289843276,0.48576380742694814,0.533206567464158,1.9526193976394715,1.9174766233505451
285,0.8692576593365648,0.2034583012328853,0.4821115758006768,0.5367161391671503,1.9680136620938833,1.9105846563386477
286,0.8687064613387516,0.2026890585567186,0.4784896517645339,0.532683991459834,1.9682539771549667,1.9187690236490897
287,0.8678828661882159,0.20220817714234904,0.4749613942332561,0.5361283894881745,1.9614798856558888,1.912472052016823
288,0.867845855226892,0.20342887663348935,0.4745624761853797,0.5364441605970452,1.9724042501171672,1.9253467512039755
289,0.8679612393065568,0.20158367648982808,0.47100794531649004,0.5324261283590035,1.9950953599690229,1.9184157913295903
290,0.8679651710586647,0.20048893370125723,0.46748403574991243,0.5359243420033837,2.01760333114031,1.9190286126830989
291,0.8677881147070622,0.2019431499426996,0.471464675422585,0.5319182241726391,2.009996588668005,1.9345841981142253
292,0.8675466625626846,0.20190821562711994,0.4679439255683002,0.5279460262374096,2.0099219372651005,1.9276050174045958
293,0.8684743670466116,0.2018911058080798,0.4644529602775129,0.5240074319907473,2.0173081391945273,1.943065542802097
294,0.8695472598440117,0.20439430533960773,0.46844426646518517,0.5275548927011374,2.0246318721488303,1.9434899168081121
295,0.8691417749803199,0.203292321900486,0.46495655093167887,0.5236270798837556,2.0318937960256047,1.9364653363529343
296,0.8701023697495545,0.20326272565715064,0.4614982625600928,0.519732407493871,2.039095062381966,1.9295006388507794
297,0.8703998833708942,0.20286986269399201,0.4580705693592212,0.523299565077067,2.0239891953849085,1.937477412975506
298,0.8710020230345223,0.20286986268703255,0.4546703053858774,0.5194151053946056,2.0238111241029952,1.9453645323742097
299,0.8722230077877865,0.2039404714094158,0.45129865495451216,0.5229789279007445,2.01621895643131,1.9383540927489085
300,0.8721739643276056,0.20491569747234037,0.455345418121569,0.5191227210866957,2.030904458992139,1.9462495073346044
301,0.8715196765927352,0.2033435223877163,0.4593762856202978,0.5152808092146551,2.0158829111844425,1.9392465249565713
302,0.8719659479907512,0.20509741014408517,0.4559807240872041,0.5188637404923829,2.01576634818202,1.9470883801625505
303,0.8717273036613307,0.20363553924890063,0.4526128545794724,0.5150314175937121,2.037810924953359,1.9622511668359548
304,0.8716147180803744,0.20341734445297138,0.4492732014490055,0.5112312023133623,2.025540386158861,1.9551676045670079
305,0.8717483235369589,0.20165183563636688,0.44596150366624726,0.5074627976239271,2.018221659603111,1.9407556071452114
306,0.8714886670026037,0.20168670765894964,0.44267750282532375,0.5037259094835068,2.0223957316854815,1.946496261097737
307,0.8723869175179856,0.2016716946078616,0.4394209433450863,0.5220897646013054,2.014874471418282,1.9468898615980652
308,0.8734256789764839,0.20588706866027123,0.4361915715219033,0.5182528469474929,2.029463463042799,1.9619784825340398
309,0.8734397414139217,0.20500503437338144,0.4403309445835768,0.5144479342050907,2.0365923752555175,1.9549158215034843
310,0.8734541696669247,0.20319538134766904,0.4371013507317494,0.5180092009940132,2.02898983515892,1.9552464099949165
311,0.8737194153841538,0.20316585223462882,0.43389864848332554,0.5142136757000502,2.021450420280111,1.9482471870001399
312,0.8740133191914768,0.2055889762124185,0.43804300084810194,0.5250887621022449,2.0212928130483756,1.9413067887354498
313,0.874320841592395,0.2059018603425256,0.4494648100387466,0.5212490509884804,2.021137109371635,1.9417359827915204
314,0.8753294959154703,0.20517452257205743,0.4534865743581273,0.5174412274869091,2.042898269614306,1.9348564222422042
315,0.8740479559801346,0.20372608670948913,0.4574749685348484,0.5136649989778284,2.042585202815408,1.9280339440822907
316,0.8747626535468414,0.20473286564471868,0.45413970451862323,0.5172106697882237,2.071437168346237,1.9212681499596764
317,0.8757491217558656,0.20401255366515478,0.4508320653793771,0.5280102805138787,2.078200177030023,1.9145582706863424
318,0.875821718984213,0.20360269538310308,0.45482782658475557,0.53144449087389,2.070382463724872,1.91517995072673
319,0.8756526109437236,0.203413889818071,0.4660593053044425,0.527581550815146,2.073359191540896,1.923065242275134
320,0.8762114924075347,0.20268930427160944,0.4699365105175189,0.5310120128348603,2.0728264945013217,1.9163624129065953
321,0.8749404551209806,0.20124654079237764,0.4737817143152345,0.5271599282282055,2.072298194177329,1.9097149069000365
322,0.8750794182311207,0.20328418843142668,0.47759520578601966,0.5233396126909486,2.0717794163303878,1.8958752486280837
323,0.875916106924116,0.20299316001358594,0.47413754136641423,0.5195507707255158,2.085769385030819,1.8821496075165836
324,0.875491111709384,0.20193233433266616,0.4707083404492678,0.5157931185169572,2.07791897059312,1.8757694571804204
325,0.875905980043852,0.200869119085347,0.4817578908057655,0.5192916458846127,2.077356017291615,1.8766812910127366
326,0.8754702560053128,0.19982103768069376,0.48549858923338485,0.5155433718467183,2.076797657829249,1.8703533599769644
327,0.8758819067419849,0.1987830495940397,0.48199773783379934,0.5190367098343465,2.069037374798098,1.8712882208215507
328,0.8765740536705496,0.20121768248797664,0.4857292345716816,0.5225013915150578,2.061335532735422,1.8578090450443518
329,0.8769706838985712,0.20086720883098025,0.48223371805478743,0.5187412467386133,2.0608941359628807,1.8516358821546652
330,0.8788620062541753,0.1998166879442312,0.49314530007371904,0.5150118928007087,2.0604563708543657,1.8598917443440717
331,0.8794883555715765,0.19877057012842433,0.48960350503770894,0.5113130507654403,2.067204456421327,1.8680800607688508
332,0.8802760826602066,0.19912789328351502,0.4932655351853568,0.5148193176746424,2.059547400893958,1.8762014417083706
333,0.8785846455094837,0.19877912149627283,0.4968976567926627,0.5182969481933518,2.059120583359657,1.8627533889918855
334,0.8786691346053388,0.19860396270200212,0.5076606779719447,0.5145856632926451,2.0515591217754,1.8494150728964436
335,0.8789273226466802,0.1989605675151982,0.5040291877929757,0.5109046360562028,2.044093126108308,1.8433638438073061
336,0.8787610639535033,0.20002277703660426,0.5004274453901941,0.5143996579031764,2.0437783597684516,1.8587753308658523
337,0.8781985133482124,0.2010739374534564,0.49685497636952014,0.5250053633217648,2.057745087935477,1.8455080562790316
338,0.8783633011690954,0.1995742346900954,0.49331143009036454,0.5212610498093407,2.064562953168091,1.8465161074898768
339,0.8784366508041186,0.19714362361353005,0.4969214972225117,0.5175471563155111,2.071227778066954,1.8547344777770822
340,0.8783469584109758,0.19716830873856145,0.5005022607054803,0.5209811124781816,2.0833454574828365,1.8486514445559352
341,0.8788745881295903,0.20030536657207332,0.49694339479495947,0.5172766298678325,2.0756422357457627,1.8497276193171326
342,0.8786836100537365,0.19912193247269985,0.507620262544021,0.5136022324759614,2.0745143982004444,1.8578985344879755
343,0.8785196143715133,0.19708325923365172,0.5111143773069885,0.5170538968944878,2.1023711793097983,1.8589069407864358
344,0.8794430730673548,0.19677313000988247,0.5074909396308391,0.5133883522457955,2.1158240189631665,1.852817901022506
345,0.8801832433534308,0.19677312736870373,0.5038967855043686,0.5239168385122139,2.1220859610715235,1.853860274604126
346,0.8808263247821178,0.1957623856197959,0.5003316528247969,0.5272851863287514,2.1141473215561195,1.8407439816677946
347,0.8798313195976086,0.19640983660993677,0.5109313566711846,0.5306263917568852,2.1133435310127946,1.856211451587693
348,0.8804763682706968,0.19882908840525004,0.5073236761035025,0.5268796447677929,2.1266634144437657,1.8501675288471682
349,0.8809899656495074,0.19814572057556937,0.5037450497440353,0.5231630719488102,2.1116665130259182,1.851224434620128
350,0.8811184777760716,0.19816168483279065,0.5001952183759415,0.5194764040909804,2.132019395536397,1.8452269692631575
351,0.8815051098084907,0.20225142238214913,0.49667392957258055,0.5228592078680543,2.1662891668002002,1.8463165676381155
352,0.8826569098410028,0.20257343072446854,0.49318092055765994,0.5262148442101566,2.1721524894984316,1.8403647276855049
353,0.8845388707513728,0.20526962051705125,0.4967417158215063,0.529543550660343,2.177968757301739,1.8344605167690182
354,0.8853135217962502,0.20626860300817362,0.5002739597389677,0.5258268170373428,2.1907571384903153,1.8215855028982901
355,0.8850765633256484,0.20639203169967094,0.4981638921703782,0.5277538728907056,2.1828611551306247,1.8244171240425768
356,0.884623884790723,0.2043011061354917,0.49467439050182643,0.5240571015088751,2.1955906203838773,1.8256470341054885
357,0.8851156952520919,0.20190052433607492,0.4912127951637583,0.5203898940400907,2.187224970306953,1.8268671082127201
358,0.8849435917573807,0.200883228170298,0.4947695895218466,0.5167519884058017,2.178934921219877,1.8350681643751976
359,0.8862707093888672,0.20054422328099,0.4913142456103385,0.5131431250586763,2.184669035465061,1.8362200060124145
360,0.8865325640876328,0.20189854395197968,0.48788646496125515,0.5165398076878368,2.1903593378753596,1.865272101497816
361,0.8861071649626164,0.20526374919646684,0.48448599876411275,0.5129396337095313,2.189032572754693,1.859241337184838
362,0.8866963615990945,0.20591368284853054,0.48111262319305725,0.5163309341477563,2.1807544746902936,1.8532595173435948
363,0.887863613234533,0.20621184422391742,0.47776606905683855,0.5196952705522925,2.179497171085364,1.8403684955645785
364,0.8879582594913243,0.2072429583239774,0.47459012283415014,0.5228888577025015,2.1646400535740664,1.8411898880634088
365,0.8869350803358458,0.20618812488006336,0.4782375006048176,0.5192589807645166,2.1634971910143945,1.8284084095241684
366,0.8872858118429969,0.20782836327155157,0.47492150019842705,0.5225923431427396,2.1623639991809864,1.8365329156753687
367,0.8876367012581964,0.20839499289503058,0.4785592946891068,0.5258998694356272,2.1612391348923534,1.8238092572400673
368,0.8877529323239413,0.20527400312850952,0.48216827043307814,0.5222600310505889,2.1601263033928007,1.8181075467357795
369,0.8881050524179102,0.20256106064364113,0.47883443649017504,0.5186489924872795,2.1590192414743403,1.8193652366174005
370,0.8884287388275541,0.20333877747372756,0.48243600785530166,0.5288794905549077,2.158225906198833,1.8209092479309676
371,0.889586054388812,0.20416062827435283,0.48600742682678605,0.5321304290877744,2.1433332026238503,1.8160951659364633
372,0.8901578165190697,0.2041259181548187,0.48955065618481053,0.5284621656504999,2.149238680715392,1.8173638293658922
373,0.8885160851683339,0.20379520031987325,0.49306594334691994,0.5248228304469565,2.1413255683834262,1.811734928847311
374,0.8885725630298787,0.20343874491876765,0.49652702234717705,0.5212386808131882,2.1541883261332333,1.8337501899433233
375,0.8892687356525396,0.2060344527690011,0.49311444882419014,0.5245291525630521,2.1600015025543877,1.8486385891717674
376,0.8896138969062254,0.20728921919418297,0.4897293454824184,0.5277931145260663,2.1589424759312137,1.8428142589479584
377,0.8882239293825289,0.20955224512565948,0.48637022364035515,0.5310320469983894,2.1509931450407853,1.8644698616102886
378,0.8884098652327946,0.2094229797495501,0.48303746652181456,0.527393253444046,2.150031312482194,1.8907508001943043
379,0.8892174741116661,0.20838740897817382,0.486576310863868,0.5237830060660967,2.149004279714972,1.8914986607984472
380,0.888870775460438,0.2093522636147031,0.48324990064787127,0.5270385729113514,2.134311372351123,1.8990759928534995
381,0.8889852829055737,0.21057690598265344,0.4799484441750348,0.5234379619114526,2.1470507101101064,1.8861087805042644
382,0.8899052169199229,0.2105766410673363,0.49032272084971185,0.5266904742468618,2.139223911114102,1.880061131911304
383,0.8894378751405406,0.21083667593329428,0.49379768781899935,0.5230995091188252,2.145092737711,1.880883599374917
384,0.8888474964674392,0.20904674330104472,0.49043427658057814,0.5195365139667949,2.1523368370649254,1.874895019954955
385,0.8882681407257292,0.2105938582510291,0.4870997342379743,0.5228032100016844,2.1580995302550576,1.869052148688543
386,0.8885017891353706,0.2098179666662042,0.4837885750834895,0.5260470518600535,2.1706202357576796,1.8835377062190444
387,0.8886044894694756,0.21128059788236747,0.480518688569772,0.5292501455070673,2.162731964364773,1.904640062139264
388,0.8889560652698669,0.21118946984359196,0.47725879047482384,0.525659647193204,2.161630713878782,1.9052871198419254
389,0.8897735282232349,0.21339914945606395,0.4808015867952616,0.5288744143206808,2.1673125989821678,1.9059290662233523
390,0.8901221950689676,0.21329106342619508,0.4843168684348026,0.545605326885353,2.172950363166208,1.906566005122046
391,0.8906847261363399,0.21191554290673661,0.48104104524435864,0.5554425638447931,2.1853081787324853,1.8936703710016096
392,0.8911424045878529,0.2114340890646894,0.48454767225140966,0.5584464567298117,2.1908131210782487,1.8876318103218093
393,0.8918256917144852,0.21109058379157103,0.48127683616795347,0.5614270700828705,2.1962753651338414,1.9153914778087253
394,0.892135407955761,0.21074620313949807,0.48477486686391363,0.5576410638629348,2.194951863848749,1.9092184982476428
395,0.8918597702329377,0.2098515914268766,0.48824583574304486,0.5606211477175239,2.2274049167572993,1.896356474319301
396,0.892415886990995,0.21140119247736006,0.49842000292077643,0.556848169428374,2.232604514422619,1.8970540235929931
397,0.8916343428095188,0.2102081875154627,0.5001808454632215,0.5547157401578802,2.2363398516041424,1.8982032259587494
398,0.8928220611037608,0.21114502641524957,0.5102545612078458,0.5509899251697761,2.2414690678055136,1.8921703369229597
399,0.8927855142118816,0.21030102580474194,0.5068308005489093,0.5472928340064925,2.2264290187868245,1.8861839569219727
400,0.8924205781065371,0.20927861268579181,0.5101366125537029,0.543624220429631,2.211505074118618,1.9070564900553983
401,0.8926407645515892,0.2079243421651475,0.5067205902643617,0.5466802332680848,2.1967151670061953,1.9076788059448617
402,0.8930814477508858,0.2075238576604187,0.5033307270810446,0.5430230477670263,2.1953996331825474,1.928372647030666
403,0.8916601363179033,0.2077974694950929,0.5133331488891728,0.5393939590663309,2.180731678177957,1.9154850993108257
404,0.8916280162619322,0.20729544955636636,0.5099059102980895,0.5357927270081447,2.1661721513279524,1.9093687007658209
405,0.8917503577195282,0.20921212101387057,0.5065049561192044,0.5322191137647342,2.1648227434912357,1.9051822513301917
406,0.8918305239017812,0.2080531823966037,0.5031300620980711,0.528672883696741,2.1837145390888226,1.892487828281604
407,0.8923841306710185,0.2086488586735179,0.5064374479730701,0.5318102452637294,2.1824917975766147,1.899952694658655
408,0.8929352105074635,0.2086488586735155,0.509719534697826,0.5349236082455361,2.1945778432436405,1.9006179881080059
409,0.8935498529720585,0.20986266733550726,0.5196196799303163,0.5313700345839393,2.213214664583442,1.9212076292756777
410,0.894042950891116,0.20952078895366366,0.5161712226247012,0.5344800985216367,2.2117996649688996,1.9084575300383515
411,0.8938901068654985,0.2084960572737983,0.5127490748740157,0.5309365653164315,2.217025330230497,1.915694313967069
412,0.8944781592940579,0.20808858787313902,0.5093530132758923,0.5274200435539034,2.2155879189786853,1.922875933850022
413,0.8917309005954241,0.20974680058441963,0.5137365718842827,0.5360264171547846,2.206407709965527,1.911290126768932
414,0.8917045447521637,0.20940422862385077,0.5169507777697858,0.5324832774383549,2.198434369936685,1.9184865093875152
415,0.8918985059222664,0.2116753397930385,0.5135371435527543,0.5289670758694114,2.183925926442635,1.905826574677923
416,0.8910974752720823,0.2129670803072933,0.5167461567172982,0.5254776707552161,2.1827126036362716,1.9064478182657014
417,0.8903092923187105,0.2119195859203754,0.5133406914415239,0.5351950813741867,2.1749182825549607,1.920244765113277
418,0.8900814365032692,0.21216904687699567,0.509961052413522,0.538255179206696,2.186934171865172,1.914186474487723
419,0.8908355619393612,0.21370330855601374,0.5131840596510655,0.5478691356963427,2.2054358222704953,1.9147509663957907
420,0.8916895968624713,0.21335278879273137,0.516382668305481,0.5442693789635016,2.2040860698678135,1.9087406242618596
421,0.8928486647567403,0.21265135921530132,0.512993183585378,0.5472607496490288,2.196183850888745,1.922467334866696
422,0.8925736284382934,0.21224032716541932,0.5161866530547751,0.5567868554172094,2.208012104006464,1.936090423731493
423,0.8928844214526174,0.2118886732564848,0.5193560109131188,0.5531394636970337,2.2132012098478486,1.9365090817168022
424,0.8931942475195274,0.21118542032221085,0.5225014590579755,0.5495195878530251,2.2052744569706375,1.9369245823850205
425,0.8935048886807854,0.21083336256754284,0.5256232002415132,0.5459269948258492,2.2104710879927163,1.9373369504136542
426,0.8938154755681716,0.20977868004699682,0.5221902692227581,0.5423614564065932,2.20909668086499,1.92468388618856
427,0.8943082893236118,0.2083852030010031,0.5187831680427988,0.5388227455822077,2.214257062681324,1.931699931902524
428,0.8942408728657757,0.20837926736507284,0.5154016801354413,0.5353106374209708,2.2454510820830027,1.938612869608358
429,0.8938863773127835,0.21033106616729869,0.5250674146850899,0.5318262838720461,2.250363027579879,1.9325024003203983
430,0.8940917488629186,0.21287118070928907,0.5281547372227077,0.5283688626509897,2.2552394842918417,1.9394466066109894
431,0.8918421100879271,0.21213884433603147,0.5247224766001869,0.524935210515293,2.2535980164764955,1.9333415291262432
432,0.8919139212128939,0.2119685777968166,0.5213159290805239,0.5280193756739573,2.251974301055691,1.9207900946358074
433,0.8915655049307097,0.21221944067834858,0.5244204848450714,0.5310804555323105,2.2503401374838625,1.9343118544474238
434,0.8919894253387262,0.21247178532254127,0.5275018146913152,0.527639528291452,2.261676395308259,1.9347374722269082
435,0.8925980615822222,0.21267131556660585,0.5370327745463395,0.5242243046771283,2.279869134566045,1.9289559230998008
436,0.8923558985966018,0.21327538152696068,0.533560242337646,0.5273007377531725,2.284525595124322,1.9229491635179485
437,0.892852676879078,0.2128833614106049,0.5430330242309921,0.5238945256296695,2.27623077318354,1.910527461281073
438,0.8925693899461046,0.20926821669150916,0.5395286921161998,0.5205136991808034,2.261745107874678,1.9067457492673827
439,0.8940331710405055,0.21118137278868515,0.5360504543375385,0.5171580474068446,2.2729513030822672,1.9073469415039324
440,0.8952630792538923,0.209793271650461,0.5325980941762231,0.526708089648645,2.2776337646193814,1.9079436609458944
441,0.8962718379825302,0.21074909851809462,0.5291713968829467,0.5233192882149158,2.269413563199336,1.908535945167101
442,0.8964069522015563,0.2104007169493617,0.5257701496585465,0.5199556553976459,2.2676819085681212,1.9026963336915568
443,0.8971008968332901,0.21005159371097668,0.5223941416348726,0.529459126802433,2.2531209596103077,1.896900055474806
444,0.8978102414541086,0.2083138718493629,0.5190431638558572,0.5260628295865811,2.2579119303906032,1.9039760601761004
445,0.8977638568806583,0.20656613756685452,0.5157170092587827,0.5226916912674078,2.2437380964913043,1.9045914048932946
446,0.898246639821503,0.20753639453990025,0.5188173103763628,0.5257473416026157,2.2293742239640943,1.8988002535123294
447,0.8986303467933551,0.20684754357697335,0.5154992458727756,0.5287803955892275,2.227947149532386,1.8866565921606846
448,0.8988228160817449,0.20837362583923838,0.518594746825252,0.5381800836140164,2.220101734749658,1.8746026577739123
449,0.8975980140945296,0.20823793573167465,0.5152847323884617,0.5411277235555221,2.2250795609592875,1.8754030265198447
450,0.8979870085106442,0.20789922311938103,0.5183754133899617,0.537677340853902,2.210891827461863,1.8634449288663872
451,0.8993326597790353,0.2081728313861713,0.5150734094785665,0.5406222938539752,2.2159183885285048,1.8706846877097252
452,0.8989317603816996,0.2094328343482116,0.5117957183602044,0.5371820213445719,2.239987694572958,1.8715185182126786
453,0.8992108629803723,0.2090126453251036,0.5085421408465145,0.5401242384855184,2.2321048688144725,1.8659781172268186
454,0.9002525113792059,0.20833263963762683,0.5053124775187485,0.5430448300412506,2.2242811955813746,1.879530813258011
455,0.899570630116844,0.209309630307396,0.5207358269349592,0.5400036380288358,2.2165138264262993,1.8739509286605005
456,0.8998551255104631,0.2114535898736154,0.5174353312091159,0.5365810202501734,2.2088034367117957,1.874749801869455
457,0.8995625273288692,0.21042492976074675,0.5204908358199886,0.5331834947214413,2.2138131378461376,1.888206468301042
458,0.8999420189236219,0.20832373622945852,0.5171984841741186,0.5298108559820266,2.212460756966007,1.8952391314266117
459,0.9002262698278647,0.20825739654748354,0.5202493887210232,0.5454203495951337,2.2174373367133127,1.89590114789797
460,0.9008867701083745,0.21078718162358528,0.5169651394141777,0.541977200128873,2.2097518546305817,1.8902454709477285
461,0.899935676017179,0.2101085531732598,0.5200114116952275,0.5385592064053739,2.208477090287907,1.897244167597745
462,0.9005937549597839,0.20877296023500377,0.5230354470307194,0.5351661630912061,2.1946153157412165,1.885291105498634
463,0.9008659796755876,0.21004802932939218,0.5197435004617018,0.5317978666890334,2.180964733728568,1.885978334403728
464,0.9011092317745429,0.20913978534256433,0.516475542754087,0.5347417510645303,2.1798268936001137,1.8741199899918517
465,0.9005561460617767,0.20811241458023227,0.5195127296122264,0.5376642014558846,2.1661397918557665,1.8749106865273852
466,0.9007376919233602,0.20998664126988048,0.5225278221646154,0.5342903194962485,2.171372327835954,1.8882457812822342
467,0.9010072558365244,0.20930899168077854,0.5192521992806,0.5309409598583258,2.164031181900455,1.8889464006196803
468,0.9003438302423372,0.20941916658539036,0.5285254345527902,0.5338784586315444,2.1567413956612067,1.8771168073366817
469,0.8999646715973149,0.2084253064210721,0.5314751094817943,0.5367946435653789,2.149506631800381,1.8841418743174163
470,0.8995876806592423,0.20901855867273314,0.5281533779921751,0.5334396648670752,2.1423223021371802,1.8848659029826202
471,0.8985571184061144,0.2083553769459194,0.5248557067203694,0.5363527629894063,2.1351908946220997,1.879340998685389
472,0.8983803942019354,0.20736340357147282,0.5215819008119518,0.5330072437886284,2.1405851718351485,1.886331148573918
473,0.897723349658546,0.20885954975346813,0.5183317671421724,0.5296859153710262,2.145914902764484,1.8810788066320545
474,0.8982471663951362,0.20976226379600021,0.5213301868250271,0.5326136546576888,2.1450065863102896,1.881819730876418
475,0.8978812848470985,0.2106858752135831,0.5180891555849821,0.5355192172086696,2.1316702499891163,1.8887704062575044
476,0.8990457242564054,0.20999220368231342,0.5148704568558484,0.5321922318717346,2.1308524186088236,1.8770361654599292
477,0.8984088301596102,0.21077421170304386,0.5116749518298336,0.5288892205431426,2.1362467184429916,1.8653866561952936
478,0.8988795639100476,0.21136074852140846,0.5085024535520917,0.52560998997833,2.1354019400002575,1.853820863438654
479,0.8982325058307794,0.2089441384955306,0.5115468015669942,0.5285483734875387,2.122179036333104,1.8547275543747006
480,0.8983274150636545,0.20822053569883603,0.5083814632770978,0.531465609493282,2.127610913499829,1.8556265559612983
481,0.8990538791659288,0.20753127231847165,0.505238827423014,0.5529068722538558,2.120644790574214,1.8688823202968838
482,0.8991561108022511,0.20753121887948775,0.5082942105070156,0.5494924121099571,2.113724407777454,1.8696920336753444
483,0.8979591895608865,0.20741382142904363,0.505158391952199,0.5522717277559294,2.1191921062029033,1.8704959424021488
484,0.8981485733786476,0.20671342127502357,0.5020450347675516,0.5550311355309415,2.1307837801700766,1.8836203587189357
485,0.8975978520177256,0.20629396785581514,0.5051109294997355,0.5516138244182093,2.123821576230564,1.8966508487976468
486,0.8979546385892608,0.20626429792382892,0.5020040840770142,0.5543717661993379,2.1169152529414226,1.903437348709604
487,0.89749831636056,0.20499656829841245,0.4989194344763253,0.5509653344560901,2.110070453829444,1.910175381374317
488,0.8967856694738521,0.20558898276090057,0.5019953319240517,0.5537217466514897,2.121671842304317,1.9107267727300097
489,0.8971683339973456,0.20823287480588104,0.49891689912901965,0.5503261071389051,2.1147933102313843,1.9112742304966523
490,0.8967177766270564,0.2084867780954211,0.4958604025199088,0.5469546641524845,2.1079639587650236,1.8995653501131142
491,0.8962413000966841,0.20769769307776798,0.49282641303879426,0.549726619399771,2.0959489556826068,1.9001703116455824
492,0.8968192989046158,0.2067492225491834,0.5020413080066765,0.5463655778431502,2.107590379332703,1.8946666490636603
493,0.8971069198463145,0.20821607266090622,0.4989751248507985,0.5491360959666307,2.1191483390535097,1.8892052839076476
494,0.8971057924597317,0.21078191959032522,0.49593047452655614,0.5457853730360279,2.106217904143957,1.877677731661881
495,0.8973896108917776,0.21455300488371426,0.4929074266334257,0.5424584241857217,2.1116661397749334,1.8845190816957929
496,0.897484119408619,0.21232162684467068,0.48990589423139563,0.5452445921222241,2.1292865118426505,1.8791331235461048
497,0.8976764994684823,0.21098154053042711,0.48692553710597203,0.5419275803769794,2.128532360681312,1.885956585279027
498,0.8978704019233282,0.21112933253390845,0.4839662718174637,0.5386340429563986,2.115596314037316,1.8805722285226187
499,0.8982336409506675,0.21110110838401996,0.48102793113508213,0.541435168654085,2.1088289644175044,1.887368694249795
500,0.8980577945460382,0.21017056604141263,0.4781103492509664,0.5381511983537312,2.1021043898411795,1.8759212244573518
501,0.897807899859723,0.20802043121396624,0.4812726061540678,0.5348904087606363,2.1075449588257653,1.8827322923957324
502,0.8972537806233187,0.20741109025254878,0.47835937253852984,0.5316526165000657,2.119000346752074,1.877388947535326
503,0.8971285426239661,0.20639896486454823,0.4875609135472525,0.5284376695564748,2.117959301224406,1.8841775207536735
504,0.8972256725205429,0.20579286392059987,0.48461551232137573,0.5252453280121392,2.135370329748483,1.8909183106416854
505,0.8963112131409732,0.20605222586448296,0.48169083106222693,0.5281104985500912,2.146623486786324,1.8795065292436537
506,0.8953112558110836,0.20574891377744536,0.4848157293334746,0.5309555315452104,2.145739571604631,1.8862620109513895
507,0.8964815190522464,0.2066170052274283,0.48791868301326397,0.5337805853021771,2.138838784796031,1.8869470545968745
508,0.8967073593355804,0.20681964924231375,0.48498288716956206,0.5305688394143151,2.1442015796623095,1.8879604246650707
509,0.8967594979187049,0.21082216027958692,0.4820676726166814,0.527379609355101,2.1493457821739774,1.8946449090642292
510,0.8972429868478261,0.21189767770847545,0.48517783112134516,0.5242127203398786,2.1484489696082596,1.9012825153032513
511,0.8978403170126045,0.21096698986508053,0.4882662255450711,0.5270669462652747,2.1595563586947413,1.901874716936537
512,0.8983141887291444,0.21142111209886527,0.48534006667114493,0.5358941719648539,2.152607186279389,1.8964698197462926
513,0.8984854813109409,0.21140136670295867,0.49440828709572243,0.5326857907508982,2.151693878280846,1.8851157157817005
514,0.8984995127112935,0.21277631003869082,0.49743222281052785,0.529499805791606,2.1507866137220333,1.8858028507368731
515,0.896224138239234,0.2121545419824861,0.49446006232141215,0.5263360413034988,2.1498856802663475,1.880510173436575
516,0.8947320504303177,0.2118106305736197,0.49747764736073957,0.5231943236160902,2.1430467158548554,1.8692853444117454
517,0.8944434136896648,0.21087893074404854,0.5004742222589049,0.5200744803518523,2.1362379551662833,1.876027872640275
518,0.8931239150300229,0.21022577829283015,0.509378181538395,0.5170052180249892,2.1475145188348588,1.8827913290184317
519,0.8935139224546982,0.21099816880649466,0.5063467955522054,0.5198795923463363,2.14068548951485,1.8894402777114916
520,0.8935216200758255,0.21091788437562609,0.5092816652883609,0.5227340068248356,2.1507757981917077,1.8841529763417433
521,0.8930602486863166,0.21176276469108984,0.5062569074119364,0.5196293519507531,2.1439410535675405,1.8848410374671227
522,0.8927354563947735,0.21229612721557495,0.509186341805621,0.5165463259167253,2.1549554588829887,1.8973909695962798
523,0.8923150279124434,0.21136440312619015,0.506168192419551,0.5134845509859332,2.1481110855456333,1.8920717765092723
524,0.8924128276351677,0.21295717062700464,0.5031709315618479,0.5104439665146954,2.153155064498886,1.8808684654537557
525,0.8927070108118565,0.20959533229317476,0.5001943969242593,0.5074244078486909,2.14633351448483,1.8934043017429
526,0.8925782035021893,0.20869239084473534,0.4972384275889319,0.5103353527826044,2.1631976591980284,1.8999438851172703
527,0.8930635646001684,0.20779456375464647,0.49430286399905926,0.5073224684254608,2.1622521044652303,1.8946308562481304
528,0.8931263580893753,0.20600975400978747,0.4972853815470986,0.5043303649372758,2.1730909277970176,1.9129458066504688
529,0.8930919195630292,0.2068531105372241,0.5002473392144455,0.5013588873907034,2.1720713423018996,1.9193509068634838
530,0.8936707403753955,0.20680371143938442,0.4973028585151455,0.4984078640635976,2.1828325201959653,1.9257135244188628
531,0.8933442172416214,0.206210550224634,0.4943786348618262,0.5072374759718319,2.1817574354549594,1.920270174681471
532,0.8939205296421561,0.2050287453237811,0.49147451170643264,0.5042578162629027,2.1806897434938293,1.932487109469436
533,0.8943034805162717,0.2064224736328041,0.4885904222402645,0.5071669502124697,2.1678927247097715,1.9328831512777476
534,0.8950119514503899,0.20610691375528373,0.4857260352273177,0.5100562098522508,2.1669092851626175,1.9274140748049327
535,0.8943937650000875,0.2055139017624861,0.4887379799061171,0.5070689672687538,2.165933311983906,1.9219824953766567
536,0.894569515352688,0.20494405432821589,0.4858784526060733,0.5041021883104487,2.176969013946037,1.9165900121040427
537,0.8942943252966523,0.20417571091024045,0.48888348853723385,0.5070007066663993,2.2052313266990202,1.9053875603086052
538,0.8940613857948048,0.20366358037277152,0.48602882492994637,0.5040402539202449,2.2091235371697757,1.9061067626590298
539,0.8950089463460283,0.20265158656260662,0.489026979626492,0.5069333423153362,2.2079049873853274,1.924154409872702
540,0.8946309214776411,0.20206475590192338,0.49783214849656127,0.5039791971222924,2.200865942181001,1.9362513637711514
541,0.8941099095823756,0.2018259350477943,0.4949339400095162,0.5068668605747081,2.1949843698539757,1.9482658024342825
542,0.8938813871554715,0.20210568331784406,0.5036871602276282,0.5097348456017394,2.1938503722432117,1.948566680340738
543,0.8943499799869772,0.20210515816569705,0.5007607245930125,0.5067732727562054,2.204354498042101,1.960485561826571
544,0.8943102391296525,0.20210320313353308,0.4978786598002634,0.5096116085772535,2.2032003495276276,1.9665270587271344
545,0.8942594609081139,0.2011342048669797,0.494991751300409,0.5066566675379722,2.2020220562715997,1.9585290085619773
546,0.8948244701344676,0.20141751431134797,0.4921244510366754,0.5037217968201522,2.2008518558607126,1.9529766308996461
547,0.8953861196366156,0.20140688148953473,0.4892766092266356,0.5008068431116116,2.211265196478798,1.9590375156867688
548,0.895383656350007,0.2013491528045611,0.498010174640412,0.5094737516823911,2.198846716764239,1.9700793349141772
549,0.8954768688512741,0.20249424196831134,0.4951340311762769,0.5065314029600829,2.2092445235592537,1.9587061266668482
550,0.895093898149246,0.2027668348421648,0.49227735632275604,0.520917465302122,2.213817647793926,1.9531857326093915
551,0.8956533115182026,0.20218002657351075,0.48944000182255626,0.5179150369039355,2.20682152894792,1.9476918259870195
552,0.8931311134350742,0.20188644742148207,0.49237979130146126,0.5149328973279954,2.199873739580311,1.9364770736393515
553,0.8941655103001941,0.20275366711397239,0.49529973216392137,0.5234753233968992,2.198724097114186,1.9483469037285166
554,0.8943523255234017,0.20242243303544158,0.5039464411886175,0.5204671903558037,2.191835681252423,1.9486437268862522
555,0.8950544217333501,0.20177826286636827,0.501053424458467,0.5174793325873425,2.1907374110536018,1.9374571037806536
556,0.896338355868271,0.20234705348184015,0.5096498602233782,0.5145115965019931,2.1896435349083014,1.9320808015784938
557,0.8957404814902409,0.20140976031311997,0.5124592000564803,0.5172930822196833,2.201302079545121,1.9324699454546759
558,0.8963794675164402,0.20053850423700434,0.5095261263721003,0.5143323416838452,2.2230440323554173,1.9443035079977684
559,0.8963490571573991,0.19982013693035433,0.5066127550404536,0.5113914893474409,2.210333098769015,1.9389041641247418
560,0.8955690503360954,0.20158129680381023,0.5037189370650482,0.5084703748085369,2.2085488435672938,1.9341238988059808
561,0.895556993090342,0.20123277401800205,0.5008445246902699,0.5055688489177818,2.2017233624691483,1.9344997195222662
562,0.896095782176601,0.19950839046679789,0.497989371390164,0.5026867637670837,2.206376863155167,1.9405737479043161
563,0.8948783445055487,0.19921994270645754,0.5008483119026232,0.4998239726783959,2.199507381936923,1.9295222191335766
564,0.8944146680918785,0.19980180880218598,0.49799884165607455,0.4969803301926132,2.192683041399405,1.9299231898161573
565,0.8931821276863455,0.20182807859681334,0.4951684205056866,0.4998392877292504,2.185904329513079,1.9473722597030165
566,0.8935502697582695,0.2012695444217914,0.49235855866013656,0.5026774954115886,2.185027033449852,1.958942162416419
567,0.893448576304644,0.20213467990251188,0.49212744049379037,0.5029367702985056,2.1813560589417706,1.956827533995429
568,0.8919504837628399,0.2012531168742235,0.4950053390591413,0.5057534169726978,2.1803283941763856,1.9684053254372207
569,0.8916445671386518,0.20153624403109846,0.49220315716256835,0.502890391147836,2.179307649664758,1.9742451489712767
570,0.8921157434126156,0.2012425835973519,0.4894196230987317,0.5000464180571194,2.166984467641251,1.9800460535925388
571,0.8919727886953254,0.20182002150458558,0.4923041989964499,0.5028709567932196,2.171690673826786,1.974509183488725
572,0.8922507297048168,0.20093851051117104,0.4951696113429942,0.5056767308323483,2.1651139304118083,1.9633651421522593
573,0.8917368165867863,0.2016853621287006,0.4923776895676869,0.5028255666176301,2.169821280969755,1.9522952769818223
574,0.8919230286405428,0.20195279602307212,0.48960428553637736,0.5056259891649403,2.174497410293444,1.95256398563553
575,0.8914472750908574,0.20123103445468898,0.48684925838377663,0.5027808071059559,2.1738242629508515,1.9584438304166043
576,0.891520408345851,0.20151337189405993,0.48973389625906455,0.49995446303408925,2.1784693145079115,1.9699202928920132
577,0.8920780961961975,0.20208565678306833,0.48698364578573317,0.49714681584220227,2.1718529358333596,1.9700892125040834
578,0.8925408117173872,0.201792283065014,0.4898617664621393,0.4999679191747419,2.159668422096632,1.959036632113041
579,0.8919585633083548,0.20176651914284555,0.49272087978318424,0.5027703916993409,2.1699827151832376,1.953661635278495
580,0.8914700782568634,0.2020289768321577,0.48996214362555146,0.49995538848864174,2.1690310104406723,1.9595200709476293
581,0.8904046284095538,0.20030770065493342,0.48722159550545413,0.5083457192389319,2.190459104656231,1.954153103395457
582,0.8914352291120027,0.2011603160626471,0.4956746939626033,0.5110929835043203,2.1782192642153633,1.9432336927740868
583,0.8917013025111227,0.20087325919418922,0.4984899446798246,0.5194043779473241,2.1828066319670105,1.9379683624440385
584,0.8912152150147186,0.1997298889829117,0.5012866819349433,0.5220844830949339,2.1762105542899612,1.9438909225212262
585,0.891774653921295,0.20001417130186758,0.49849398444539994,0.5191759198360002,2.1696578174672956,1.9386324508627475
586,0.8923308977475806,0.20001407142579614,0.4957196209883748,0.5162864512672612,2.174279079063166,1.9501049720945398
587,0.892792177648304,0.2022584299594605,0.4929634628844048,0.5189758564783025,2.1788700062819726,1.9392625509167802
588,0.8901896769728508,0.20168997396956886,0.5013341021489606,0.5216476427846043,2.1778768791178957,1.9340455387244422
589,0.8898073108710577,0.20083939750944652,0.5041011089040978,0.5187531144889913,2.1768899019759242,1.934411508085351
590,0.8899935824542389,0.20306895007860248,0.506847940859803,0.5158795953373041,2.181452625861183,1.9403183940629145
591,0.8906410997880227,0.20253052752775874,0.5040411526236003,0.5185605245611812,2.1749100595890836,1.9351111624773158
592,0.8906111529619257,0.2017499061676084,0.5012526974792362,0.515691745385413,2.168410225234739,1.9354701403343026
593,0.8903185663920937,0.20230326497341772,0.5040090307930706,0.5128417657622915,2.1619561264513547,1.9303034240516503
594,0.8897468710985774,0.20145365191452658,0.5012288491146836,0.5155289117656559,2.172136095234171,1.9306973206353408
595,0.8907777636238279,0.20117015241190894,0.4984642584136368,0.5126854472721307,2.171186852590494,1.9365951939305381
596,0.8917721547363457,0.20172828361021095,0.506737889707864,0.509860492631914,2.181263819304397,1.93143444877349
597,0.8913261890722222,0.20078577424214017,0.5039746115648122,0.5125324032293882,2.1750587492898346,1.9427688584396339
598,0.8919647551278249,0.20077482076291855,0.5067023065527291,0.5097139344573673,2.1795951866725742,1.9375844748377349
599,0.8921221460569998,0.20161047093741036,0.5094122903241823,0.5124073735280129,2.1786085785809397,1.9269401558271875
600,0.8925729281213801,0.20381725867237663,0.5066165836611006,0.5150833313369172,2.183116448493834,1.9163649058172456
601,0.8921859731080735,0.20783905435367758,0.509321622868349,0.5177419504909929,2.187595119566683,1.9223060771639968
602,0.8918908519703245,0.20863993093140085,0.5065328992247632,0.5203824428540611,2.175616063277874,1.928206055282254
603,0.8926116351595685,0.20835338699450495,0.5147046683379527,0.5284784317422943,2.1691985706807264,1.9395422419030033
604,0.8936785705427117,0.2078606579114836,0.5228236011789601,0.5255896588472531,2.1682763473223803,1.9453389243103199
605,0.8939435266536081,0.2077533713406665,0.5199686048775335,0.5281802827165739,2.167358906957374,1.9456388560915494
606,0.8943841972529838,0.20826728340266853,0.5225873034749972,0.5252989181545886,2.160990635839762,1.9350248545787458
607,0.8946480078789039,0.20769777962505656,0.5197392895814703,0.5278859601040925,2.16011406860029,1.940828792007492
608,0.8949113583484554,0.20712885822786858,0.5169096279698785,0.530456331445313,2.1592444865002625,1.941150942947192
609,0.8953516434007353,0.20653392146645871,0.5140981849762337,0.5330101535947531,2.1583352741743362,1.9414710197269254
610,0.8948218071942764,0.20705559585747918,0.522171845344672,0.5355475470407731,2.1466079408874377,1.941789037358623
611,0.8941544297359769,0.2073439529544839,0.5193374558920492,0.5326405532374048,2.1505515378199758,1.9373663582691185
612,0.8944187394585642,0.20780833549471422,0.5219439218544416,0.5351748811252788,2.1497351565776213,1.9268607098181934
613,0.8934591962414622,0.2069596672496501,0.5245336628213114,0.5322757143173465,2.1435067738163607,1.9435086201377394
614,0.8939898024266236,0.20667706966849506,0.5216949820685504,0.5348069530565818,2.148141959332217,1.9654616134724687
615,0.8935363357884062,0.206393995758468,0.5188744856469233,0.5373219769102813,2.163560270486696,1.9656483421158892
616,0.8939783601784064,0.20719972566538575,0.5214729374270396,0.5344200077410619,2.1572762045497216,1.9766355571623062
617,0.8939100981915225,0.20701280560460725,0.5186592744264189,0.5315364874379919,2.1476629274603063,1.9713766618907445
618,0.8940486909229417,0.20701275545948244,0.5212538039589836,0.5286713920055408,2.1414768971611617,1.9715309478094283
619,0.8933924688784545,0.2055907610700274,0.518446942656496,0.5258245882782929,2.1353317157404192,1.9770690752273472
620,0.8942763169010997,0.20635720986804776,0.5210374305424514,0.5229959441542359,2.1346037063034755,1.9879513196133622
621,0.8940278135984833,0.20562349840802233,0.5236114077783552,0.5255593962055545,2.1608152731965404,1.9772679347957032
622,0.8941980803376807,0.2057275906758548,0.5208002971827628,0.5227378274518194,2.166614628902256,1.9835745494648647
623,0.8945468730883427,0.2065334521208894,0.5180074074772619,0.5252972078174787,2.1710839306721867,1.978300232176508
624,0.8951545185439018,0.20540384599150002,0.5152319395477054,0.5385565900891057,2.170167275209149,1.9730585292961604
625,0.8959149790007123,0.20512211863695506,0.5178267159930862,0.5410265186768015,2.1585527751019007,1.994613193737874
626,0.8958449783864294,0.20456208586847013,0.5150577596570843,0.5434807712093874,2.15235770849214,1.98929473406862
627,0.8962171520677257,0.2039991937878153,0.5176482821906679,0.5405775405413563,2.140860445090246,1.9840100009854633
628,0.8957884667608279,0.20369074720661734,0.5148858104595289,0.5430292854820142,2.1454467579458183,1.9787587523978256
629,0.8953140925955072,0.202289091750553,0.5121408272374179,0.5454655090462659,2.155333847548698,1.973540748135714
630,0.8948546126971257,0.20160089198763848,0.5094132071819425,0.5425604044677649,2.154801060451305,1.9789949647489349
631,0.8939990624691055,0.2010446014694113,0.5067028259441254,0.5396736604259547,2.1539774271761356,1.9950685082916937
632,0.8934971140668599,0.2017510953457342,0.5040095601593706,0.5368051455289825,2.1584742719178545,1.9844643559712898
633,0.8935500627670016,0.20158350030222388,0.5013332874391111,0.5339547294245343,2.1490637643909825,1.973926921287444
634,0.8935733335815791,0.2007868461364276,0.4986738863624028,0.5311222827908813,2.1535776938511555,1.979369886730192
635,0.8936252666427835,0.1999516436531508,0.49603123646759595,0.5283076773280099,2.1474645009084243,1.974179858138513
636,0.8942262914341884,0.19911979823839474,0.5092873927753452,0.5255107857488337,2.1466838152615604,1.9637284351174942
637,0.8939817055069523,0.1977746245874893,0.5065938905385724,0.5227314817704863,2.145908039532241,1.974497800494475
638,0.8942353790705246,0.20027364059213976,0.5039173115246608,0.5199696401056957,2.139853680489202,1.969349972256022
639,0.8946586079291484,0.19972107522735913,0.5012575352707409,0.5225033362562497,2.128562273689353,1.9695117492263905
640,0.8943639335213097,0.1989017547750038,0.4986144422682025,0.5302940642237702,2.122611450328415,1.9802183599349712
641,0.8947026906118866,0.19757530657426126,0.5012555678827505,0.52750065860076,2.13250088354111,1.9908578706729811
642,0.8952089218019722,0.19598262012837736,0.5091425439923792,0.5247247449739649,2.126541223803851,1.980381202251613
643,0.8956244794164641,0.20035489326395595,0.5066035666153832,0.5270856776381541,2.1308578079181926,1.9755025146771916
644,0.8959594638984613,0.19848246222766508,0.5039429481758025,0.524317489718491,2.1354224345720194,1.9703792977289691
645,0.8943913397614676,0.1969255287225323,0.5065455737142024,0.5215665922482244,2.1348203071374563,1.9757813318795598
646,0.8948135375644837,0.19640077056677052,0.5038905751567243,0.5188328628033214,2.139355044093716,1.9811496525747039
647,0.8954008005602511,0.1953611645336025,0.5064882748784293,0.5161161799188119,2.1281931874161266,1.9707760703699815
648,0.8956331233980415,0.19434066956149285,0.5038388807366105,0.5134164230806048,2.1332878603919148,1.965698645357817
649,0.8958840068816973,0.19386409960254164,0.5064316603893502,0.5159591535538569,2.1378179528873558,1.97633007060014
650,0.8963013267019383,0.19233097737881186,0.5037878552941069,0.5132656105829171,2.131878022317079,1.986894554002155
651,0.896468021138938,0.19106647654226688,0.501160480760368,0.5158040472006533,2.1259750134518187,1.9765324222088785
652,0.8965923695424474,0.19054865156755857,0.5037594482669583,0.5131166940404914,2.1305346203314204,1.9662346343574404
653,0.8970090796875088,0.18986241977812482,0.5063422909472369,0.510446014079522,2.140264850871941,1.9560007372780486
654,0.8966180956584279,0.1896131272269697,0.5037095070724027,0.5181911228318894,2.1291399695083117,1.9614291215722564
655,0.8967851681311602,0.18707149475763926,0.5010932043827029,0.5258880850637653,2.1284692336477065,1.9616296623064973
656,0.8956894309326163,0.1865922094911552,0.49849291709423943,0.5231591314663396,2.128701882569833,1.9670248558723198
657,0.8960231804312722,0.18520337661765396,0.5062767929149022,0.5256310948460222,2.1334606664492455,1.9671958011983008
658,0.8966948582658838,0.18506147427030378,0.508833716636537,0.5384455067645322,2.1275907352234547,1.9570079681662795
659,0.8971479963428803,0.18585089307736846,0.5113748559958874,0.5408334440659568,2.1269306350733457,1.9572310591806568
660,0.8977280840841978,0.1864164750143404,0.5087318082284176,0.5380381391929244,2.1469486501672117,1.9574521115063472
661,0.8985328363756542,0.18641165707503943,0.5112683965751181,0.5352600613591079,2.151353349395352,1.973161842726363
662,0.8989400141696735,0.18826189134871252,0.5086311787581728,0.5324990900572018,2.160888094473627,1.9681430116969556
663,0.898705522473204,0.18930771428174092,0.5060101865061448,0.529755105717391,2.1652116098372227,1.9683076260848094
664,0.8986349215469503,0.19115238661515147,0.503405306491436,0.5270279896940925,2.169508965996179,1.9633229288546774
665,0.8990399173540246,0.192493676806088,0.5008164328608877,0.52946035293875,2.168639324939738,1.9635156765207533
666,0.899599713747915,0.19224655632091336,0.4982434408032621,0.5370153902419355,2.167966809431322,1.9534279279781357
667,0.9000004057005766,0.19076523664354594,0.4956862262306619,0.5445241003566772,2.16710472648629,1.9485344971937404
668,0.8995248349716017,0.191560727710052,0.49314467927793454,0.5417321454975077,2.161120609781413,1.9487983919719134
669,0.8981903601157724,0.1913135981839086,0.4906186909273943,0.5440794875870448,2.1551735543362356,1.959305067972206
670,0.897820716519525,0.1900825929536011,0.4983423245574258,0.5412953861790848,2.1543795199500058,1.964630393207982
671,0.8962816570651514,0.19113492947208904,0.4957948129217407,0.5385282997272999,2.1535848319170863,1.959704757369546
672,0.8958254641629126,0.19119201964200733,0.4983696907933997,0.535778138461641,2.1476936425758413,1.9548036822736854
673,0.8964738190864527,0.19100324524509815,0.5009288869980085,0.5483500008854129,2.1418384937222252,1.9448307479011517
674,0.8968761577182028,0.1904097511309941,0.4983758236199084,0.5455552482928212,2.1360202272683537,1.9502085850456252
675,0.8964185229269007,0.19126190632735962,0.495838346557791,0.5529606116877288,2.145511927400473,1.9402811816064498
676,0.8969825104271294,0.1922983260740565,0.4984027522981625,0.5552344664439028,2.144771810995942,1.9354984762815934
677,0.8975426028568797,0.1925937093599036,0.5009515641656683,0.5574944941361983,2.1491175600109753,1.93582646397054
678,0.8977189438762206,0.19235305558247395,0.5034847895113529,0.5546645783398728,2.1535014071753555,1.9361111757290261
679,0.8977366001590399,0.19087682322615604,0.5060027366259175,0.5518517419048959,2.162865507095779,1.9516488870850899
680,0.8976750472881003,0.19245678250183598,0.5085054079184526,0.5490559699932792,2.1671065712437705,1.9518938451100516
681,0.8981489333389314,0.19221282431229242,0.5059318080019851,0.5462771393721951,2.1612264050224104,1.9622464650939635
682,0.8983977978829727,0.19147379469577736,0.5033737926430256,0.5435151360929764,2.1705233330713942,1.9674933964770438
683,0.8975849944630457,0.19334388743372252,0.5058822487304258,0.5458208384878774,2.164611026518115,1.9626065929536691
684,0.8964807236142325,0.1933438874336652,0.5033295943629567,0.5481126018837209,2.1637804082146705,1.9577493323365505
685,0.8960382489544723,0.19240439047967234,0.5058332613509627,0.550390522106305,2.1579139050289453,1.9630032161057853
686,0.8963526065985045,0.1940026800749024,0.503285953884098,0.5476188303379376,2.172226262400732,1.963189528306452
687,0.8958308565266793,0.19229956530638298,0.5007540076589545,0.5498946832186486,2.1763924315738006,1.9583438856624509
688,0.8957836742332028,0.19257699947719178,0.5032631192906926,0.5521568235325799,2.1805317212363917,1.9586297951097695
689,0.8960192337484602,0.194880515379886,0.5007363464099798,0.5493845661703296,2.1746045539002306,1.9538175759179155
690,0.896334191907954,0.1951555338323969,0.49822477272727156,0.5466289846592768,2.173728799884648,1.9590649811918541
691,0.8967267944472047,0.19596756859657175,0.500739041661009,0.5438899648756742,2.1628367938719064,1.9492486013584471
692,0.8966748973720952,0.19794688571068395,0.5031365833957129,0.5412690219737551,2.1671301918493255,1.959413097695946
693,0.8957053302335298,0.19770306118812003,0.5156227380627383,0.5385622785131836,2.1712951579612403,1.9596160620776795
694,0.8953418512784009,0.19845844028104206,0.5180425701671543,0.5458632277186426,2.1754351399831062,1.9598178301307911
695,0.8949375827979803,0.19870976306495236,0.5154571520697645,0.5431389638281519,2.1745666037109252,1.9650161292226116
696,0.8953691255757938,0.19943306635684727,0.5178729645924921,0.5454167615854498,2.1736962703676856,1.9651911508978097
697,0.8953691255757938,0.19918772888481753,0.5202743298964972,0.5427001645242892,2.162869582748531,1.9554029799409265
698,0.8955277746673976,0.199437387913123,0.5276371410170915,0.5499513892961958,2.1620598685639534,1.955625713392453
699,0.8950863678434433,0.19918745991083497,0.5299851473137245,0.5472177042746493,2.176324035584921,1.9558463694291344
700,0.8957226816679691,0.19943770074299047,0.532319171991545,0.5445003015817331,2.175448450054657,1.9461339239243438
701,0.8958019899158062,0.1989523256474397,0.5346392764821702,0.5417991041584357,2.1745780554027476,1.9364794005696353
702,0.8956756845583429,0.19797798355430624,0.5468574347514514,0.5440699163000887,2.173712858561204,1.9367942042938109
703,0.8961504770883452,0.19781531153465792,0.5491009335335052,0.54632721602412,2.1728528102438336,1.9321561569825518
704,0.8956822672171447,0.1977937311506212,0.5468212240911223,0.5481349350427775,2.1735829448898265,1.9346330620108418
705,0.8957030934391934,0.1987891506573198,0.5535190774289646,0.5508500666659936,2.1772065205946167,1.935555584675492
706,0.8953378466360462,0.1987965684499416,0.5557229729519678,0.5530671368188053,2.171395872857683,1.9408099021531557
707,0.8954980068844711,0.1985693944736458,0.5628450110937304,0.5503398448715402,2.1656194792945773,1.9411017814674225
708,0.8949711226384471,0.19955024690109235,0.5649968003597415,0.5476304747815418,2.1549527818911955,1.9364638855646383
709,0.8951324933272216,0.19834324961218588,0.5622162472115978,0.544935387588652,2.1591115642560035,1.9318552167991365
710,0.8956155316700667,0.19738437235228987,0.5594521436549992,0.5422562443756609,2.1583293061668494,1.9272738046970062
711,0.8954891862889515,0.19908657855896822,0.5567046783201126,0.5494156941059503,2.1526401393580183,1.9227194739899967
712,0.8943569517246039,0.19860466064860835,0.5588797595312814,0.5516265395849499,2.151894228330067,1.9181922660163035
713,0.8945191928816537,0.19742050032786282,0.5610420037111519,0.5489226250486708,2.14134626648674,1.9234949806838246
714,0.8945611159132337,0.19647302508662332,0.5582946845391626,0.546234652237795,2.1406543889571856,1.9385600581047306
715,0.8941183962733363,0.1957656095410414,0.5653473932177456,0.5435625154071495,2.1399663258008803,1.9290767752180478
716,0.8934576669435788,0.19571334264155726,0.5625845226183734,0.5409061081949545,2.144141593473804,1.9294601470172048
717,0.8947386733721044,0.19524407369869276,0.5647200493022309,0.5382653250328535,2.1532021672910164,1.939568827058668
718,0.8951385376806812,0.19597593790033413,0.5619657586459922,0.5356400611394482,2.152454962158482,1.9398635660451506
719,0.8951753326573924,0.19503562770054733,0.5592276408889058,0.5330302125138904,2.1517124116222175,1.9547737519061321
720,0.8946957992097786,0.19553344431326497,0.5662406328255273,0.5353031985137303,2.141238903032911,1.9549938916620944
721,0.8944581033925844,0.1952572851308775,0.5683498560524965,0.5424255173567486,2.1502774329351793,1.9649380558909797
722,0.8952001503419929,0.19502179879540577,0.5655889276886832,0.5446483214170179,2.159263010121854,1.9651083797064082
723,0.8950810888714341,0.19552210874310724,0.5628441592359498,0.5468581149075044,2.1681969509207866,1.9701316032345693
724,0.894148797913088,0.1950512170279879,0.5601154394202371,0.549054988076025,2.1674190872272465,1.965428316858482
725,0.894538223562415,0.1946118639236794,0.5574026627349321,0.551239025558932,2.16660823547698,1.9704390017010727
726,0.8945782612303674,0.19390962236780965,0.5547057229799698,0.5485719079760663,2.1609637343495955,1.965743624914367
727,0.8951186435209723,0.19297758471907617,0.5520245146608079,0.5459203478742121,2.169852842809171,1.970742774341073
728,0.8948472917219601,0.19371700663885155,0.5493594388974997,0.5481124735847969,2.1593767191287934,1.9757112791164535
729,0.8953075357643959,0.19348313465325254,0.5515332890380233,0.5502923389755092,2.1634318113582274,1.9710045343528917
730,0.89576243795174,0.19278419351281265,0.5488754005348089,0.5476404307222086,2.1578251288682795,1.9615060863067595
731,0.8959914135048979,0.19213358505608247,0.5462329644477493,0.5546324864473096,2.1570653163019595,1.9665056797943674
732,0.8955634211617355,0.19214837902235452,0.5436059362457003,0.5567744061614401,2.165928800161255,1.9716061762716488
733,0.8958698446084006,0.1916876613517356,0.5409940976492739,0.5589039519145429,2.169936224107764,1.9765472530746686
734,0.8955508262692465,0.19196701754709927,0.5431972580672675,0.5610211476819575,2.1595208512903725,1.9814596748322244
735,0.8950977656371178,0.19127222072390182,0.540592597561833,0.563126075242568,2.1540629655083756,1.9767535221137666
736,0.8943441068612922,0.19080616245704354,0.5380030174210723,0.5604285538414803,2.1534000023423996,1.9864454026956109
737,0.8943936165494895,0.19069267763977948,0.5449993660632718,0.5577466375321851,2.1478959427542548,1.9769393197408858
738,0.8947378820777079,0.19046255213713179,0.5423938925086481,0.5598609141939667,2.14719011630377,1.977049565727043
739,0.8942553729218178,0.18992789472916372,0.5403230222675669,0.5662193370877818,2.1512699239000175,1.9867098607702096
740,0.8951659699672274,0.1896980948726856,0.5377450659395645,0.563517825838165,2.174403890004006,1.9820021307186568
741,0.8951686371496891,0.1890087274536737,0.5351822008308568,0.5655980344968009,2.187886760672384,1.982089050513972
742,0.8953953578675482,0.19011257511288396,0.5326338738313534,0.5629048792686626,2.1965153305624234,1.9774127291241883
743,0.8957724675192971,0.19091103401989226,0.5301002158872283,0.560227226777493,2.1908236908561682,1.9822770208122364
744,0.896329318527794,0.19066738594663699,0.5418374086626886,0.5575649750533362,2.199422212586198,1.9918654274862788
745,0.8963915961111762,0.19076958171858258,0.5392651206338611,0.5549180228723065,2.2032387353553577,1.9873131133714912
746,0.8961935690529417,0.19014883709399039,0.5414502009644784,0.5522862697509054,2.202274855729588,1.9873732821750132
747,0.8973814552679945,0.1892523842022278,0.5388848869055743,0.5496696159389612,2.2060543640281507,1.9826952479668112
748,0.897033160493155,0.18725857234705204,0.5410674011358048,0.5470679624154806,2.2098122062003616,1.9780440311626821
749,0.8974014356031565,0.18894272901628262,0.5385090226052865,0.544481210881679,2.2182760992026886,1.9734202718714853
750,0.8976197892499174,0.1892258085973244,0.5359652860990066,0.5419092637555146,2.226692410902447,1.9782835421386598
751,0.898205507949653,0.18856164059090927,0.5334360958084795,0.5393520241659641,2.220903717837042,1.987823909337884
752,0.8988588959846351,0.18746092537428413,0.5356355842602284,0.5509520788595321,2.2292907841752174,1.9831670825636074
753,0.8990756351662537,0.18644789642363738,0.5331130000312801,0.5483573613577873,2.2329204533644043,1.983246357540924
754,0.8993641823265982,0.1878994016896394,0.5306048054016744,0.5457774449258458,2.236529008317995,1.9786207791154238
755,0.8974504990005362,0.18746392373990267,0.5328110126413217,0.5479123391491946,2.244817509387292,1.9834213698702334
756,0.8974503604855898,0.18645742090772857,0.5303092473420531,0.5500350753451625,2.24366799043896,1.9741083965283903
757,0.8981071454088804,0.18675117719028755,0.5278217176269626,0.5521457327142292,2.2472157286853904,1.9695391983372255
758,0.8978307287582888,0.18754776526617348,0.5300343572092657,0.5495583635038482,2.2507432949185375,1.9650002553171255
759,0.8988406819213594,0.18733116603644584,0.5275530844364303,0.5563483787024364,2.2448881362147417,1.9651641011364702
760,0.8992694388782521,0.18668268023351997,0.529762560045965,0.5584231883881302,2.234389548077737,1.984033674020399
761,0.8989178991143655,0.18697404235057927,0.5319594797176559,0.5558142657866055,2.237966466659947,1.9841114563391269
762,0.8987915023366846,0.1872643999526318,0.5388112950225366,0.5532201025871767,2.236855800942143,1.984185613261327
763,0.8987660237411851,0.18676296824894034,0.5409616589826758,0.55530328324434,2.2469474898144055,1.9808873972039853
764,0.8983875264868904,0.18645047134723597,0.5430998120111613,0.552716728598548,2.2504555574395346,1.9850931571246726
765,0.8980025796994362,0.18611015482263657,0.5498792629263021,0.5594514287376942,2.2494828905036206,1.999122541624726
766,0.8977032245153549,0.18629736420213663,0.556619834076309,0.5568513015772472,2.2483686893253223,2.0054745095089452
767,0.8980619072604461,0.18573600708435933,0.5633229520897679,0.5542652607833878,2.2425712127861632,2.005449085657065
768,0.8986326650020253,0.18488632300054547,0.5607094714670284,0.5563332026265222,2.2600034287850357,1.9961450047460851
769,0.8989874208488245,0.18704172801027802,0.5581107158822372,0.5537547300111982,2.258798418425562,2.0007975909197486
770,0.8994114215352281,0.1866463823140859,0.5601567210151693,0.5558209039279671,2.2576001604174487,1.9961637672864463
771,0.8999038538449986,0.18600696376191364,0.5575657144962994,0.5532499527434637,2.2656608581219477,1.991556008925137
772,0.8999044207369853,0.18648276221582624,0.5688519093590344,0.5506934513678903,2.2690541612141155,1.987073202407351
773,0.8996530601606668,0.18638504713228476,0.575458462625268,0.5481513066083815,2.2703251254122123,1.9917491368353366
774,0.8997915347839556,0.1881043333501958,0.5820278201896272,0.5502351987079392,2.273690128469813,1.996398834057379
775,0.8984865796972016,0.18881623383659343,0.5839534338255374,0.5523072821530943,2.263215350651491,1.9918082768341443
776,0.897266768972578,0.18816987669413043,0.5858682603024102,0.5543677579251187,2.262004798434684,1.9964479400426596
777,0.8974780107085942,0.18915967669791783,0.5831745602101992,0.5564166762330254,2.260800121489908,1.9918709334197997
778,0.89775937575274,0.18965175539447823,0.5804959010051313,0.5538609223415873,2.268788654177375,1.9965015351018571
779,0.8983891001674188,0.18965174881668767,0.57783221054048,0.5559080968436111,2.2675554166685097,1.9965175883204482
780,0.8987367628447217,0.1894946645513705,0.5751833941662516,0.562527899722305,2.2571647777636468,1.9873664569633769
781,0.8988061011410322,0.19004210522143639,0.5771288326129262,0.5645312937317208,2.265146262190021,1.996585460321254
782,0.8983971513357825,0.1900983515164339,0.5744885252501154,0.5619486188640858,2.26850811417171,1.9920262149141323
783,0.89874527668797,0.18966812154826088,0.5718629239470492,0.5593803290530692,2.262725023333212,1.996632986272056
784,0.8990241374124686,0.1896198949990401,0.5692526780295433,0.5659571102068633,2.2691321482162254,1.9992582858377108
785,0.8991625782064723,0.19080836999021664,0.5666562044121081,0.5633756683235531,2.258785873076019,1.999259080460604
786,0.8987050742958075,0.18985383746351764,0.568630795261776,0.5608085692882755,2.2485013756957968,1.9947058183911723
787,0.8984310520085049,0.19012208860175325,0.5705944240046603,0.5628078054588255,2.247370189274735,2.003860520443202
788,0.8981673047473403,0.19124538697229415,0.567999626500272,0.5602484178664874,2.2419619904992896,1.9998260272555348
789,0.8984595204699761,0.19081402736689065,0.5699621993028441,0.5577032156513103,2.231777188217418,1.9952838289409849
790,0.8985854956701329,0.19312141559532223,0.5673754555262313,0.5551721086339545,2.239650675510027,1.9909182850643885
791,0.898934428230131,0.19388200815085235,0.5693369370416838,0.5526550072745622,2.2294962969442085,1.981891637212022
792,0.8980997907933547,0.19578971550827903,0.5690500328183408,0.5523893636095717,2.2285111216373723,1.9819193755496838
793,0.8977614317732525,0.19581268948521272,0.5710000140359143,0.5498898869733477,2.227479777985119,1.982004471872813
794,0.8971388849469975,0.1962833110209025,0.572883498774071,0.5474599399381597,2.230969039148038,1.9821977856676374
795,0.8973524686787935,0.1958488451240886,0.5702964644047996,0.5495035259207459,2.2299260282326983,1.9867939895030229
796,0.8970143888011294,0.19630348181134813,0.572235382829465,0.5605580503262917,2.2334000733717985,1.9778401119252356
797,0.8972949894544201,0.19586621472188592,0.5696564382714651,0.558031733050726,2.22785317643799,1.9779399813938763
798,0.8976507175921801,0.19609395662575674,0.5670916825129293,0.5555193150306112,2.2268273164510095,1.9781198270661777
799,0.8973835857476679,0.19544234264738486,0.564541025948638,0.5530207084892587,2.2213096386796005,1.978218239383672
800,0.8977540549417828,0.19611715664743132,0.5620043796047262,0.5505358262684501,2.2248085214864957,2.0007846006187804
801,0.8979631795622312,0.19635358986052998,0.5594816551338085,0.5480645818236628,2.232777037480345,2.0052829086409187
802,0.8978769920920215,0.19488829132495505,0.5569727648101447,0.5456068892193335,2.223680426690079,2.022280608432923
803,0.8977508113360624,0.19513133960240786,0.5544776218773502,0.5521223227153526,2.2271582066058233,2.0177009657630482
804,0.8979625973936493,0.19561272126794815,0.5564714910706017,0.5496513812062489,2.226141593585019,2.017621747703781
805,0.8981036247546096,0.19509716716822598,0.5584544534848738,0.5516648355083026,2.2206598092629233,2.0086012044661614
806,0.8968088542528825,0.19488251764358666,0.564892987824517,0.5536672844487662,2.219674390338503,1.9996299667131348
807,0.8969663380764453,0.19467332027722445,0.5668343300713241,0.5511969326168245,2.2232148805984178,1.9995949107264857
808,0.898025366115717,0.19424341244289517,0.5687651602954715,0.5487399796059149,2.2133049297793863,1.9951392296798958
809,0.8971181212622099,0.19371798367761978,0.5662324311388172,0.546296423209022,2.2123637507574525,1.9862548119072423
810,0.8975401489299429,0.19328837512682875,0.5681620811575318,0.5438661795049127,2.211425674825513,1.9996617004719237
811,0.8980756819466762,0.19283458481872306,0.5656370925617933,0.5592257023796477,2.2060455177136045,2.0085514725306948
812,0.8965896175831983,0.19198144950190513,0.5675655302573736,0.5611826046754428,2.2273441697503507,2.0085135066967044
813,0.8962613375571302,0.19148788572890446,0.5650482324475286,0.5586936167676817,2.232358775749422,2.0129110020431034
814,0.8958467982537025,0.1915389387263254,0.5627356377117928,0.5604579334103413,2.2229361987518246,2.0131742732072313
815,0.8959887991511579,0.1911638764952074,0.560244749015346,0.5624035189122206,2.2308021878646347,2.0219687468692245
816,0.8957326953171436,0.18928247643919718,0.5621893331435963,0.5643385570267084,2.2297815877234126,2.017449632656762
817,0.8956280503805986,0.18921892189950498,0.5597079306602432,0.5662610163131132,2.234128148356771,2.018884634366111
818,0.8954442984353739,0.19009799565425056,0.5616509985581445,0.5681751645659631,2.224269699906509,2.0188388482838975
819,0.895261647635331,0.1912445937111032,0.559174844702162,0.5700789508222049,2.2276896898280323,2.0275764350698013
820,0.8949382836774898,0.19214214630406753,0.5567272729098282,0.571957247984399,2.231106400584943,2.0362484015853477
821,0.8952961485714159,0.1935253596255475,0.5542777205482113,0.5694406850356839,2.2256896497499943,2.0448887459472735
822,0.8940120014040486,0.1925270514879197,0.5562368977328117,0.5669377015314192,2.238912911262253,2.0402959439612314
823,0.8939682936982757,0.1922883276279202,0.55379439287799,0.5644482081266917,2.2334726823074877,2.035727885589631
824,0.8940423365474589,0.19147571595773633,0.5513650443357435,0.5663588577757048,2.2236762933896523,2.035571156880767
825,0.8937807470140048,0.19113771083552653,0.5534101348700684,0.5725625597571317,2.2351689949047255,2.031424712187459
826,0.8934314064974099,0.189891824179258,0.5509873220318687,0.5700558981818468,2.238517401995877,2.035665105512793
827,0.8934593212712072,0.18977963329968073,0.5485779446036599,0.5719358817103661,2.2330202593933297,2.031136237831447
828,0.8921427604429296,0.18915931527183152,0.5505503080392866,0.5738061891198634,2.2276332051680767,2.0397386418296795
829,0.8917512779919571,0.19118920769977216,0.5525120910158676,0.5756664635351408,2.2223041804850325,2.0439009225160505
830,0.891584759809219,0.19037443151200378,0.5501028659861527,0.5731562740293034,2.221440531279456,2.0349885071302998
831,0.892022411908253,0.1897561173771254,0.5477065438856467,0.5706595281815283,2.216119771983519,2.0261238233857966
832,0.892242820304185,0.18878929922949736,0.5453230451774902,0.5681761431217693,2.2108274855633656,2.0260101382394327
833,0.8927553333064691,0.1886467648923237,0.5429522908728316,0.5657060365509534,2.2186057895936906,2.0215496299723514
834,0.893192219432016,0.1878372421110975,0.5405942025266928,0.567592212465895,2.226342541712166,2.0171129523527638
835,0.892706846666859,0.18850781541536282,0.5425874470481532,0.5694683195117345,2.2340380160766875,2.0300549621856234
836,0.8930687283569008,0.18709806054389938,0.5402356515477427,0.5670000113362688,2.2373940252566906,2.025590283388375
837,0.8940741019625876,0.18756737048579733,0.5378963901205714,0.564544858197218,2.227705939093422,2.02547947551653
838,0.8936145176250537,0.1880371705467277,0.5399020982873849,0.5707475111661545,2.231035871623398,2.0210599722146814
839,0.8935292851149852,0.18768880780146047,0.541890376631691,0.5726024933875709,2.229358275910837,2.0123261141372137
840,0.8930680221021488,0.18708604310450921,0.5395509788503225,0.5701305081661994,2.224082529230946,2.0079557957718457
841,0.8927308158387317,0.18762272606179528,0.5440024337164706,0.5695188103350848,2.2242427777342813,2.0087829699042725
842,0.8925561043737497,0.18830256721401084,0.5502755696045717,0.5756820094337247,2.2275846110209323,2.004446362527795
843,0.8927734223518548,0.1879008694851615,0.5479070881758481,0.5732041742843761,2.2223346883617934,2.004427224614852
844,0.893136387038084,0.1874965784994309,0.5455511582100371,0.5707394701039273,2.225678549301111,2.0087080594229687
845,0.8934980915111326,0.18910180336234803,0.5432077030671418,0.5682878167138828,2.224709130486685,2.00867065331296
846,0.8935703331733129,0.18895815877123193,0.5451678525849275,0.5658492086846229,2.219453955869218,2.0215071528058774
847,0.8928651165995902,0.18895800456174913,0.5428307228963037,0.5634234182081107,2.231376310982863,2.012840969794193
848,0.8920351668830804,0.18875301968939143,0.5405059384089358,0.5652931474295568,2.2346681019290036,2.0127859756935993
849,0.8916592402245405,0.18834137152988475,0.5424718495470677,0.5628745827734192,2.2337305701349983,2.0127312711186627
850,0.8919522495321918,0.18793640701594455,0.5444273931799724,0.5604687727585017,2.228457427980616,2.0126768557648753
851,0.8920102112856653,0.18787559683041014,0.5421027846168992,0.562345487563092,2.2190420169691603,2.0083528151095384
852,0.892521893223186,0.18794082076374266,0.5397903857944639,0.5599467412733794,2.2181077445970194,2.008317222936629
853,0.892208878983617,0.1876027372497423,0.5374901521467081,0.5575606144190959,2.221441255992229,2.0082817804669624
854,0.8917503629356457,0.18706898517115195,0.5394590967471847,0.5594441173181607,2.2119844194303324,2.0167606971517515
855,0.8910572277824499,0.18666979585571294,0.5371648678859546,0.5570648955237079,2.211082906135496,2.0124365848132344
856,0.8916441986985192,0.18607286953691726,0.5348826793244725,0.5589467412834519,2.201693266917094,2.0081351657681275
857,0.8917173855755095,0.18527947655139734,0.5326124633788186,0.5608187137589289,2.192348769065318,2.003856307850158
858,0.8920103460533726,0.18282957752740145,0.5303541373278887,0.5626808829732611,2.183053007655381,2.008080049282247
859,0.8925208758301704,0.18547811356771907,0.5281076343365995,0.5602974485890033,2.190749330886984,2.016517532517542
860,0.8926661176573281,0.18451205103621574,0.5301045022318212,0.5579264839039988,2.1941769363729624,2.0164475185676776
861,0.8920413059517027,0.18517014688051237,0.5363183108790023,0.5597953164652791,2.189128712796159,2.020605350152636
862,0.8923794077674733,0.18516716501337044,0.5382765156414662,0.5574312078959169,2.1883300049817054,2.0247414963767802
863,0.8929199640416507,0.1847342371357338,0.5360055566358097,0.555079436297454,2.1875378964432137,2.016199223396798
864,0.8928978874180528,0.1843269425537947,0.5379610251198629,0.5527400693298465,2.1966358975330134,2.0161108039689037
865,0.8932878301031951,0.18497633517770978,0.5399064473973391,0.5546232642122131,2.195807971718225,2.016043572317761
866,0.8937156747051933,0.18420073271654297,0.5376354350660535,0.5522903484296445,2.1949843459665024,2.0243887023559726
867,0.8934023127227647,0.18362138671186293,0.5437804413756233,0.5499695676341464,2.198367142381155,2.0200841158636456
868,0.8932328242327809,0.1838604415450459,0.5498935081773892,0.547660850305007,2.2017323192854152,2.0243541616612406
869,0.8936601362976111,0.18347399087020883,0.5517811229694195,0.545364121106839,2.200892802675908,2.0368331487508056
870,0.8927517263759648,0.183752697596485,0.553659154785823,0.5514581287703106,2.2000527147401616,2.040869715198139
871,0.8929153663612471,0.1826423126694281,0.5555272376545511,0.5533354236550068,2.203400759179221,2.040698662441451
872,0.8931300221512967,0.18424133476034632,0.5532044978141637,0.5510218481064028,2.2109125418091886,2.0363474096105154
873,0.8934870097891205,0.18620398206913105,0.5508937815574629,0.548720248702841,2.210031612094856,2.040372508748989
874,0.8933884515352672,0.18562514323407503,0.5485950169978188,0.5464305538413178,2.2049831405246296,2.0318584609078165
875,0.8937436024986162,0.1856993382443847,0.5463081365799913,0.5483213087453341,2.2124660318853215,2.035894696102493
876,0.8934980792768604,0.18596211425683495,0.5481975153212155,0.5502023037243657,2.2115812377219997,2.0441004297937915
877,0.8931158642851338,0.18603392438912084,0.5459170694325413,0.5520733777031164,2.206545755056895,2.0564012285307194
878,0.8929949315331492,0.18648949896926081,0.5478042985196291,0.5539350203537734,2.2098434564904106,2.052010684443622
879,0.8927585247879277,0.1862968283350213,0.5455298265648146,0.5557870727910615,2.2006682365712535,2.0434907791318904
880,0.893111679712652,0.1855352092243786,0.5432670620660975,0.553481762987789,2.1957298586237415,2.0474582159287102
881,0.8928750295792355,0.18599292932415679,0.5451596187413995,0.5553319931768449,2.19491881741072,2.047261564781268
882,0.8926398610731587,0.18644894407289128,0.5470424132375362,0.5530332094577771,2.1899752267709425,2.042929207502868
883,0.8922436224891619,0.18625607091165303,0.5447801717026556,0.5548815978346356,2.1933250108221176,2.0551578907027293
884,0.8918901305032048,0.1856653560405864,0.5425295372112756,0.5525892316150364,2.2007912281153215,2.04666747663426
885,0.8914412681597372,0.18516895782296122,0.54441758264977,0.5544357592689378,2.2053854550685674,2.042406573144712
886,0.8914262189104403,0.1856289583363929,0.5421729398898067,0.5521498113999316,2.208661664070784,2.0463547467913408
887,0.8902480752917785,0.18447987536386684,0.5399397861000639,0.5498755639170451,2.2119211042948157,2.0461638164241958
888,0.8903913736610056,0.1847498291798963,0.5459476110042573,0.5558425052927078,2.211049783939037,2.0459747086204634
889,0.8900951502244266,0.18417857186450823,0.5478140687831377,0.5535576223294791,2.202009447680227,2.0457857219480293
890,0.8898007872417913,0.1836931088010285,0.5455644388103404,0.55539096362106,2.197073326763199,2.0455977002592953
891,0.8901533419930807,0.18415345470319894,0.5433262863293251,0.5531124982836333,2.196264842698149,2.0454106378360435
892,0.8904265458363582,0.18377524081565672,0.5410995436201742,0.5549440008471854,2.203671724785931,2.0452245290295004
893,0.8907819406921466,0.1824615875037639,0.5388841433961311,0.5526719178666992,2.206965551605139,2.040945111827622
894,0.8904158609101117,0.18255104963188915,0.5407701574271606,0.5504114245201952,2.210209451134774,2.04077777713269
895,0.890335953765946,0.18162207540221004,0.5426466054591397,0.552248477602227,2.2052792417102753,2.0365250390929277
896,0.890974451514155,0.1805157976000593,0.5445135183352318,0.5540761957134994,2.2044412934985784,2.032293952224496
897,0.8899396786812263,0.18048457707826343,0.5463709521251706,0.5558946337465944,2.2036075998942914,2.0330673548963643
898,0.8892619510767295,0.18009419632566626,0.5441451264014325,0.5617776823594343,2.198704481532208,2.028858807783936
899,0.8896908539450137,0.17992755878780167,0.5419305839770049,0.5594913795877656,2.1979082045186855,2.0328111235650113
900,0.8890422500118852,0.18035225418705253,0.5478586436608945,0.5612823621665206,2.19710580894449,2.0409559673120494
901,0.8893995251026416,0.18008645771625142,0.545633442952688,0.5630642721711201,2.1963052375206105,2.044851252137889
902,0.8894292882632765,0.17882700883843955,0.5443026365738663,0.5639540296000032,2.190961282238537,2.054019113764527
903,0.8904211463882975,0.1781061966919804,0.54209629615611,0.5616680319111159,2.186133820935031,2.053800146326154
904,0.8905620310134434,0.17774693250035625,0.5439505610293546,0.5593935768889198,2.177281357292039,2.053582285188066
905,0.890250656441438,0.1772154693782337,0.5417500531757379,0.5571305955678281,2.1765642271335928,2.0493201036596465
906,0.8903919879428339,0.17733014949896153,0.539560637808514,0.5548790216541083,2.171809290004057,2.045079407516179
907,0.890673733363637,0.17726491293856864,0.5373822501680118,0.5526387885495313,2.1711159415536003,2.057014639819186
908,0.890359761633943,0.17706623568516394,0.5392481266990301,0.5504098300927767,2.162359177965486,2.0567846826293863
909,0.8901352941739022,0.17735608201074202,0.5411046201672862,0.5522213500500264,2.161704997262273,2.064641744174304
910,0.8905578421445548,0.17735876612158968,0.5389265495043153,0.5580490033158946,2.153078341645179,2.064344672074985
911,0.8904779783320211,0.17765122374208767,0.5367594078184297,0.5558049660552231,2.1484415610117136,2.056043490149007
912,0.889689802724755,0.17849050728179253,0.5346136610882416,0.5575788632011085,2.1598757988577875,2.059856600144007
913,0.8897604624244899,0.1783100888620071,0.5324687326654255,0.559353806004372,2.15120904304389,2.0636284959167246
914,0.890043797505433,0.17845674984995433,0.5303339731698938,0.5571112595871349,2.15060281976608,2.059364224811059
915,0.8904671254158334,0.17838624043217097,0.5322150636929109,0.5548799363682021,2.154004796691397,2.0551220789381692
916,0.8901384947170112,0.17841569331525695,0.5380878093512326,0.5526598725063039,2.149387544385245,2.058902840426818
917,0.8898494847064675,0.1778846749166011,0.5359369841667015,0.5504508003964945,2.1527878672626053,2.0586673960551334
918,0.8899909941676836,0.17735521967795692,0.5377900661076158,0.5482527574523808,2.1521777623000866,2.0504467897068155
919,0.8889877265370889,0.17863387611900328,0.5356447260253462,0.5460656798362203,2.1435923618431736,2.0462596452335022
920,0.8889206506665402,0.17873236428934575,0.5335100797995702,0.5438895041252454,2.140260704518076,2.0432854188765623
921,0.8883466700120863,0.1792840751357991,0.535306412958758,0.541785027184302,2.1436793551802924,2.0432350587463066
922,0.8881967125174725,0.17932466105265524,0.5331773773071854,0.539630224606862,2.1455157918973073,2.0459755909467323
923,0.8886279712054568,0.17861560713420893,0.5310589288238695,0.5374861373302348,2.144937624768705,2.0418196655482883
924,0.8888428080926803,0.17942661629272352,0.5289510064485143,0.5353527035551341,2.148356509453576,2.0376968334561134
925,0.889196575306271,0.17924854658217523,0.5268535495164325,0.5371951760734206,2.1477682293047105,2.0296167252859636
926,0.8892667794442769,0.1780097385374089,0.5287278512287573,0.5429898566041023,2.1392772934999016,2.0334607512899012
927,0.8892885190814614,0.1778017247266335,0.5266354681309882,0.5447984246553754,2.1318030125087266,2.025413551022149
928,0.8896422081597459,0.17826378463512282,0.5245534484732937,0.5426445989101423,2.1312819308490374,2.0174062149306877
929,0.8898539475933768,0.17854765267403408,0.5224817513073496,0.544450898421838,2.126814228532702,2.013388125176903
930,0.8896716637267454,0.17845964700354544,0.5283113543776397,0.5423027472023076,2.1283055483091524,2.017280838859036
931,0.8899528769280842,0.17955598474760642,0.5262290035790408,0.5441067659143762,2.1199167108472103,2.0172126714675485
932,0.8898037283035083,0.17959903192300733,0.5241568958827403,0.5419642617772188,2.1218364427212038,2.0200159879653365
933,0.8901553820019507,0.17853396526834311,0.5260287285758264,0.543766045310465,2.1213571724862206,2.0160035324791905
934,0.8897892461724572,0.18088324327538918,0.5278913344690184,0.5455589473362051,2.123461773898979,2.0094297060344757
935,0.8892181076882981,0.18115533929632824,0.5258189077045272,0.5434171600208206,2.1347563207916584,2.00546849318332
936,0.8894856614095403,0.18113555122754238,0.5237566802534955,0.5412859133723331,2.134236581521216,2.00544704610985
937,0.8901170236812375,0.18140770717534344,0.5217045938367869,0.5391651471611041,2.1376286654575276,2.0015076897191997
938,0.8900404219969047,0.1818580006874647,0.5196625922312381,0.5448829973188958,2.1370899724346897,1.997587690586326
939,0.8897549899857263,0.18230653899572224,0.5176308284882922,0.5466623757634147,2.1287380550556825,2.001507170661967
940,0.889470878942393,0.1819459958774024,0.5234213750944313,0.5445269603588098,2.1282351686741925,2.005407561588332
941,0.8900281069003215,0.18239423994520368,0.5213787891147094,0.5424020124913123,2.143364446670929,2.0092957591357394
942,0.8905136393994282,0.1834678579728982,0.5232446814109865,0.5480844196319756,2.154500964555053,2.0092595863760656
943,0.8909276300781624,0.1835492591738301,0.5212068646793636,0.5498444396815959,2.1616884027753698,2.009223524226043
944,0.891128671478027,0.18318569218425582,0.5230696976851329,0.5477051684708844,2.1610593249187917,2.0052969539550096
945,0.8909788245565504,0.1834488406157416,0.5210366326286532,0.5455763503722649,2.1604333333440615,1.9975027828408503
946,0.8911850373223412,0.1825475316614874,0.5190134940937462,0.551223747488382,2.1520445647721917,1.9936295688499053
947,0.8912199576495489,0.18244743786214795,0.5208656753918033,0.5490991138311168,2.1493606291510816,1.9935414197022845
948,0.8907634910835581,0.18554052138480412,0.5188472413139924,0.5469712708654255,2.141142220482989,1.9934557556026893
949,0.8905158111274856,0.1858795818595451,0.5168386385840059,0.5448537921541537,2.1425159553876862,1.9934996536774519
950,0.8910009349931279,0.1853337645730862,0.5148398115435378,0.5466140292565912,2.138097377957958,1.9935247931833477
951,0.8914131531590476,0.1846197420474831,0.5205777944035046,0.5483657062469233,2.1376411461665543,2.0051404447068135
952,0.8913593332909314,0.1845606170692527,0.5185685290654387,0.5462491883739156,2.1308758212304904,2.0012705289707453
953,0.8908880101437512,0.18469218676330193,0.517823466133869,0.546744325504874,2.1316255729087006,2.0049963947399707
954,0.88884337976899,0.18415880869968984,0.5196807963962773,0.5484902534414703,2.12869185516995,1.9972732057865157
955,0.8894717590637843,0.1853917471651375,0.5215291230243646,0.550227717780068,2.1243485123569315,2.0049799417646845
956,0.8891211877082295,0.18510233513434649,0.5233684595185591,0.5481125282389299,2.12771496802794,2.008805282163593
957,0.8888414037240433,0.18510090559626882,0.521358498071071,0.5498479717497562,2.127232102935144,2.0126118989620867
958,0.8885636449237343,0.18632873229145708,0.5193601507998971,0.5515731286789649,2.122909276497822,2.0125616305312755
959,0.8884961040564159,0.1854237321667301,0.5212023278459103,0.5532918411214266,2.118617456417731,2.008680689968245
960,0.8891196706127783,0.1845245780578612,0.5192066812110515,0.5511733260230919,2.1296500651951713,2.012476381083654
961,0.8890736172811569,0.18350916898846956,0.5172206627769612,0.5490650319169617,2.1329779210939948,2.012429978897704
962,0.8891901935317937,0.18298315753057975,0.5152442184984769,0.5546094587399811,2.136291055916742,2.0085612018298757
963,0.8895339310273571,0.1830652850694697,0.5132772946719427,0.5524922597115361,2.1319533141745857,2.0047110616861725
964,0.8899447647615831,0.18332345069675504,0.5151334815641911,0.5503852511702634,2.131450091141416,2.000879451743926
965,0.8901896689437776,0.18373936166052282,0.5131709318376761,0.552098185532378,2.127139475450586,1.9970662882529966
966,0.8902577265586091,0.18356185241778858,0.5112183239423479,0.5538023775959892,2.119044665840208,2.000882478264935
967,0.8896987626518895,0.1833842211608839,0.5092745594332947,0.5631033589925922,2.114789926335837,2.000879122887274
968,0.8901082246950642,0.1823227209695151,0.5073401209504405,0.5609644561409126,2.121950771459068,2.000875783609643
969,0.8892773340302821,0.18161989372170106,0.5092095795116015,0.5588358074531753,2.121488014243717,1.9970778372334588
970,0.8890023733460937,0.18363181306619517,0.5072792523672753,0.556717355696272,2.1210274736844155,1.9932980843797932
971,0.8893405057182231,0.18310182395574037,0.5053581648141504,0.558396085442293,2.1167822202548505,1.9857493819211374
972,0.8894064925331181,0.18222925875525095,0.5110127775981719,0.5600667865832977,2.120181030913155,1.9820200407669455
973,0.8877771772808505,0.18265450452385446,0.5166401983367926,0.557950197345287,2.11216789813534,1.9745767834955383
974,0.8879141785664462,0.18394837083987073,0.5184651852207577,0.555843579702326,2.1041930917173075,1.9784483709038458
975,0.8881879953615832,0.18377254643086674,0.5165095741862179,0.553746980221917,2.1113439308550235,1.978529662007006
976,0.8877810564594324,0.18462827418618127,0.5183299123264011,0.5516619046005233,2.1033895908670224,1.9748408841055172
977,0.8881910230203982,0.18445186473094582,0.520143105052251,0.5533496228003933,2.1067647796396636,1.9711712055326616
978,0.8882513947045121,0.18506737093623,0.5181870420325595,0.5512686825291359,2.1025534582642753,1.9638080663719184
979,0.8883198151989701,0.18633507201223945,0.516240282764789,0.5491976399717309,2.105924605103047,1.9564307431749641
980,0.88845661539217,0.1867544933553665,0.5180547824601839,0.547137544489448,2.098021173616312,1.9490880450063994
981,0.8889355441126952,0.18586924924860462,0.5161124087087428,0.54883548875399,2.097653656972995,1.95302829199488
982,0.8886628723935742,0.18573897887687396,0.5141792521356373,0.550525375685594,2.093542271666927,1.9460423311208195
983,0.8889360326024814,0.18580626959358945,0.5122552614410403,0.5522072501697521,2.0894503802584605,1.9425023650972766
984,0.8894798356303619,0.18493127763470094,0.5103403854338843,0.5501430284937209,2.0853778747628002,1.9427172986466825
985,0.8890668232031524,0.18441189429155574,0.5084345742437744,0.548088578621068,2.096295780194338,1.9391968225249192
986,0.8893387272654204,0.1842379096922238,0.5065377778453525,0.5460438466248404,2.10339785332053,1.9394236584966988
987,0.8896100016563033,0.18448576566359545,0.5046499465244474,0.5440087789135422,2.1104673920769166,1.943376951509972
988,0.8892676185758072,0.18522040484322844,0.5027710308759376,0.5419833222288304,2.1063329001638627,1.9510341822920196
989,0.8891286427123852,0.1845287883632572,0.5009009818016299,0.5399674236432289,2.1022179120506994,1.9437773408224919
990,0.8888574274323672,0.18435622164210744,0.5027555174094662,0.5379610305667671,2.101838100789275,1.94027048348329
991,0.8889923628118725,0.18315471932940852,0.5046013152830856,0.5396761437096342,2.094041853650748,1.9442027368227726
992,0.8894652459507173,0.183574406995561,0.5027300806271803,0.5376748395661675,2.1085264887810737,1.9444096526031136
993,0.8890568543492876,0.18399509118958382,0.5008676485144831,0.5356829498305302,2.1155287419566937,1.948329324342017
994,0.8888534011371013,0.18389852692381017,0.5027149041695642,0.5374013563696444,2.1151011780521722,1.9448196206227062
995,0.8885152829415951,0.18363277703209652,0.504553258132317,0.5354146831866038,2.1072816085649095,1.9450232076406422
996,0.8886512014015185,0.18303225270087975,0.5026896709660614,0.5334371081414939,2.103191820799325,1.9415327280872925
997,0.889260387454522,0.18219184431126603,0.5008348228076859,0.5351586539991341,2.102811058835468,1.9454383107626536
998,0.8887205372015704,0.18360175058395117,0.5026748251992941,0.5368721332790206,2.098745921525284,1.9419532744812646
999,0.8888522509450661,0.18471706960351977,0.5008421299505195,0.5385591978400482,2.098363966314338,1.9387197675484813
1000,0.8889189479405281,0.1844504271902277,0.5026784259776538,0.5365779524284239,2.090644572913748,1.9389469598693132
1001,0.8880457124903257,0.1833554585532118,0.504506141175632,0.5382810828849898,2.0903116487136266,1.9465216403809242
1002,0.8876439523766889,0.18228125380517635,0.506325319217647,0.5399762581139855,2.082639041215836,1.9467185706880652
1003,0.8879159077345513,0.18292697151077342,0.5044682327750841,0.5416635208088221,2.0786681684244575,1.9505820181414768
1004,0.887739849998203,0.18258768308387024,0.5026198063722226,0.5396788068302585,2.0747240858580307,1.9544271996288893
1005,0.8882845598572917,0.18282816227919668,0.5081008862336152,0.5413637878607223,2.0781110086988814,1.9582544627676177
1006,0.8892170245100567,0.1832307340116606,0.5062428691465706,0.5393841354031,2.0741689098275145,1.9547506538429256
1007,0.8892438936116005,0.18266172967419325,0.5043934967310246,0.537413693541708,2.0798884254377783,1.9533880242074384
1008,0.8895746516331292,0.18418359039311444,0.5025527220138677,0.5354524122283348,2.072297938614426,1.9608570693102052
1009,0.8897707577242029,0.1833029797666917,0.5080121659244687,0.5371460755288922,2.0793296419800575,1.9537081103158012
1010,0.8902967869719994,0.18265670641988768,0.5061618891976394,0.5351896875737923,2.0753985187191235,1.9465923345726028
1011,0.8906238748247648,0.18257236527896586,0.5079587435645804,0.5332423734509085,2.0824012763034725,1.9395095621816232
1012,0.8907148167332297,0.18255264640146932,0.5061123578787312,0.5313040839777935,2.0784670217154315,1.9397293755780503
1013,0.8909107565665079,0.18374233330867795,0.5079058019981618,0.5330060498961567,2.078182076988599,1.9363169731593637
1014,0.890525435162787,0.18380852100524234,0.5096883427290839,0.5310750952801773,2.081893171637851,1.9367456598242032
1015,0.8897227557233338,0.18364732870906478,0.5150892683871108,0.5363985148272967,2.0779729790615153,1.9333508707935794
1016,0.8895207483563871,0.18427121055756035,0.516844839553834,0.5344565371828497,2.0813110862964384,1.9299750718534852
1017,0.8893849073741128,0.18498496823353858,0.5149755236697207,0.5325235236014689,2.0810168602707346,1.9302304593663706
1018,0.8894199547340537,0.18488964558720947,0.5167176820067902,0.5306097432022,2.0879857238296213,1.9413778377689694
1019,0.8897500890801753,0.1864327957579376,0.5148525600107822,0.5323040341519311,2.0876681343105723,1.9343703235247458
1020,0.8894818127306579,0.1861096719102405,0.5166019771317538,0.5303845727384509,2.0873707025067447,1.9310010314155908
1021,0.8891473398501775,0.18594802366486496,0.5147409984508631,0.5284739443896788,2.0906583083258807,1.9348519347773532
1022,0.8887495997373718,0.18633463812656303,0.5128946343170864,0.5301647889765142,2.0903200666884567,1.9279013020728635
1023,0.8889477877296234,0.18688072134350833,0.5110507023193109,0.5282587682208295,2.089996665604957,1.9317544831148947
1024,0.8884866144000976,0.1888372720726306,0.5128066535477743,0.5263616348899632,2.0932648553174635,1.9319997273819136
1025,0.8883568297786774,0.1876931731858949,0.5109667214019632,0.5316489972553594,2.089342259664733,1.9430076039200124
1026,0.888422320593884,0.1879088572923595,0.5127207947932365,0.5369109299646821,2.0818552548554083,1.9396267296582204
1027,0.8887535821783791,0.18774608047163344,0.5108848462754987,0.5385691574061005,2.081562147914061,1.9326813222250838
1028,0.888460828314553,0.18735343964284296,0.5090573003746567,0.5366425787198995,2.085960682571771,1.9364993526260244
1029,0.8885284584621296,0.18670452425972575,0.5072381121000501,0.5347248105508872,2.0856536683603073,1.9474472055550576
1030,0.8887898610951568,0.18697988246902716,0.5054272367563976,0.5399559449455091,2.0817778092086012,1.947634822677872
1031,0.8885296852094998,0.18757319010587734,0.5071911386854149,0.545163186480074,2.0850526425977356,1.947821597597368
1032,0.8883357847320128,0.1869296664320755,0.5089469853434105,0.5432208046806805,2.0811866881898293,1.9444445696197743
1033,0.8882897839047565,0.18835797734861295,0.5106948273865295,0.5448466533328051,2.077338346499989,1.9410829406448145
1034,0.8886828074728053,0.1877144540479125,0.5088788896035167,0.5429092778774898,2.0699517538960825,1.9377366211263434
1035,0.8890090500528439,0.18861949744536644,0.5106234813499366,0.5445329847072293,2.066151019903715,1.9415100488798722
1036,0.8897219110148922,0.1879767356883115,0.5088114249996647,0.5426005932506855,2.062367555577208,1.945266326269536
1037,0.8902359343533927,0.1876561793213235,0.5105527702226959,0.5406769838689521,2.058601285834461,1.9525506990124266
1038,0.8892597808153656,0.1878686228317329,0.5087445847955803,0.5387621098343206,2.05131061952791,1.959801991086194
1039,0.8884855082245298,0.18738856713709576,0.5069446041604637,0.536855924700132,2.058207011404609,1.9670203813450158
1040,0.8882938918294632,0.18792189661182945,0.5051530506528589,0.5384926631877565,2.0509329872421636,1.970670705461973
1041,0.887913719156752,0.18829382556254612,0.506900362178384,0.540122252073351,2.0578151711940045,1.9707742677192104
1042,0.8884885353348095,0.1873352199646309,0.505112278860586,0.5382169790442424,2.05408374496713,1.977932330625981
1043,0.8887450154187471,0.1877077074603876,0.5033322838647853,0.5363203244400131,2.0538932442039473,1.9885818852741342
1044,0.8884257300779382,0.18691097291083755,0.501560334334293,0.5344322425951771,2.050187425877232,1.9886220726165027
1045,0.8887460967253024,0.1865266440168611,0.499796387669194,0.5325526881178511,2.046494929969649,1.992179006050116
1046,0.8889381471288322,0.18532673965622068,0.5015538045581047,0.5341950189214005,2.0498449782915538,1.9851796784192495
1047,0.8891932128102157,0.18759554361577307,0.4997934051795985,0.5323200524257543,2.0601956619433244,1.9852357362048856
1048,0.8883662394647287,0.18726998359484706,0.5015473211928583,0.5304535343226632,2.06002328603896,1.9817811221728479
1049,0.8884304790935978,0.187323393717754,0.5032935800997909,0.5356009375409094,2.0633159243141783,1.985347972450671
1050,0.8887991069960354,0.18750451674842813,0.5085311204891264,0.5337266680431262,2.0738299502793325,1.9820477673601689
1051,0.888290863381949,0.18772839874871852,0.5102492350624346,0.5318608253178447,2.0701042745637612,1.989610102862522
1052,0.8871308297319938,0.18718166801277827,0.5084672479150464,0.5300033621610412,2.0698706475863933,1.9896464123285675
1053,0.887389351374066,0.1860881565112155,0.506693259030318,0.5281542360330601,2.073115771811314,1.9861936398195013
1054,0.887967927098612,0.18577729603517212,0.5049272263227179,0.5263134030658385,2.0693768539564803,1.979270944739126
1055,0.8869622555821617,0.18562186645849887,0.5101329565033792,0.5279627439255278,2.0691353859559127,1.9723792731936722
1056,0.8869079195527377,0.18614833497171246,0.5083584999000366,0.5330831308540616,2.0723733407477156,1.9655184935381618
1057,0.8861212419895514,0.1856852646068608,0.5065919706936474,0.534705651745252,2.0711057498353536,1.9621633482647436
1058,0.8864444408046486,0.1871576256143647,0.5048333396419452,0.5363209183421146,2.0708589066152547,1.955351709698814
1059,0.8858907695911069,0.18684631474688956,0.5030825653050309,0.5379289687084124,2.0671451437203876,1.9624425998472605
1060,0.8865346539758201,0.18638023616461605,0.5013396065267759,0.5395298406441724,2.0599867003107533,1.9660372777455766
1061,0.8867761666727356,0.1860763247273086,0.4996044842581027,0.5411235098622726,2.052908757756487,1.9661306591610024
1062,0.8864548945247337,0.1861362309754796,0.49799376113474786,0.5425934104105498,2.0461013900678604,1.9664419416033763
1063,0.8855344085289847,0.18665830724961613,0.4962736010429576,0.540719195102049,2.045942406498483,1.9596495232016384
1064,0.8854859780653993,0.1875411793388392,0.501462547599164,0.5388533240354514,2.0423331852880264,1.9563540348454527
1065,0.8855030556365044,0.18759275935158973,0.5066284236025086,0.5369957465403622,2.055976740119672,1.9633995481982007
1066,0.8858232710667119,0.18712632210710034,0.5048836799225253,0.5351464228717611,2.055784078090668,1.9704132600262887
1067,0.8862827762344051,0.1869709783467078,0.5065870735949263,0.5333053099987595,2.0521517681765857,1.9705150499766793
1068,0.88585268695884,0.18746060750236884,0.5048459580331407,0.5314723651353376,2.051768021241825,1.967476240486102
1069,0.8854171311599928,0.1871270850761724,0.503112560866486,0.5296475457479148,2.055029890385036,1.9641543943915072
1070,0.8863643539748762,0.18764746173705926,0.5013868419305127,0.5312608947278852,2.054841133265697,1.9677074331378521
1071,0.8863902159227824,0.18685719320494337,0.49966876129743415,0.5294404459685408,2.0479385129879115,1.9678180886817922
1072,0.8865297900988508,0.18670623419451762,0.5013814235583791,0.52762813614188,2.0512405509065266,1.9679000873571244
1073,0.8869040792613084,0.18577715924574364,0.5065064148597483,0.5258237479869531,2.0476455078176863,1.9611702422930013
1074,0.8875239284257092,0.18681863295488751,0.5047759902757164,0.5240273278159738,2.0474827333433088,1.9613029022657285
1075,0.8876345575188035,0.18680664996073212,0.5030532011516069,0.5222388343089741,2.0439077639424017,1.958021997038652
1076,0.8878810409020074,0.18732715615527604,0.5013380079192216,0.5204582263886885,2.036946437050199,1.964983380107501
1077,0.8879369179816216,0.18923932397106488,0.499630371242627,0.5186854632189751,2.0300346778089784,1.9684830871886358
1078,0.8880643966869485,0.18908256797703935,0.4979302520166446,0.5237260121300534,2.026529794416646,1.965187577525216
1079,0.8881797949979346,0.1889244737271289,0.49623761136535044,0.5219456825865456,2.0230412521434484,1.9653059183724195
1080,0.8867968649473491,0.18860946547964577,0.4979483658970358,0.5303610441715332,2.029880065500612,1.962027782664841
1081,0.8869302997608299,0.18917187408132943,0.4962590456915745,0.5285617619778975,2.0263861345579506,1.968941727724921
1082,0.8871764427563533,0.18917187407850367,0.494577139355526,0.5267703762405863,2.0262967078215124,1.9724361596270583
1083,0.8872962048750668,0.19020516379161678,0.4996530946242833,0.5250079255809578,2.0329792383978,1.979301052685983
1084,0.8872427052309553,0.19040316684963046,0.4979630690055931,0.5299969363671265,2.0362500881509398,1.9759886667043602
1085,0.8875491266670033,0.19209579811868782,0.4962807294527052,0.5315847985625238,2.04288506108612,1.97607037456901
1086,0.8880979810817197,0.19130345689363956,0.4979811046381239,0.5399172809614486,2.0494915784590675,1.9727755118524495
1087,0.8880978328495925,0.19057273835193644,0.49630177960309374,0.5414688025374081,2.0493246783604766,1.966122786930375
1088,0.8880799012478264,0.1902378835540461,0.4979985196238122,0.5396448173537591,2.0570141926235577,1.9662186824809362
1089,0.88760192459596,0.19023788239996342,0.49968802005545193,0.5378286271880088,2.053456803047312,1.9629668456937486
1090,0.8876780579826128,0.18955870583138287,0.4980079865149488,0.5360203586355262,2.056677748475642,1.963054549685103
1091,0.8879828459348202,0.18944558496022565,0.49633527595173477,0.5409375790941852,2.049771970922313,1.9564616104477364
1092,0.8887094730369642,0.1898008136147891,0.49466984907683204,0.549188833521338,2.046249546384763,1.9566077162284317
1093,0.8887691625004537,0.18999892347868755,0.4963647868601424,0.5540510644444372,2.0393920694043772,1.9534004122633684
1094,0.8890702379035322,0.18977044520938285,0.4947025886857969,0.5521956897438277,2.0392601554823226,1.960253948590726
1095,0.888692293091356,0.1907855750855388,0.4931148154571685,0.553626569656132,2.032644961073745,1.9635772363956665
1096,0.8889281795722779,0.19137570389315028,0.49146679993154085,0.5517763206804499,2.0292038150487035,1.9705917339424162
1097,0.88910885704792,0.19160123425406692,0.4898259339104656,0.553272810377391,2.029106311924584,1.9706899196727454
1098,0.8894093748578004,0.1911822746783156,0.4915275556955992,0.5580981879624879,2.032344606382291,1.977458429620621
1099,0.889461774015097,0.19057191216730224,0.4931779470696664,0.5562824415653397,2.032152869442219,1.9742886176215793
1100,0.8891574636880755,0.19100749069290354,0.49153630029269557,0.5544307381736789,2.0353745531825096,1.9677169205791738
1101,0.8896357401003273,0.19069705946574422,0.4932271372374775,0.5525870431843091,2.031931535426837,1.9744750417880585
1102,0.8890891379263768,0.19054185159648798,0.49491066712855525,0.5540733759021832,2.028503397235768,1.971237777164187
1103,0.8893873769750396,0.19089044464998522,0.49326819154010276,0.5555532862038962,2.0250900617015275,1.9646957581929132
1104,0.889684701782546,0.19173977747446982,0.49826362946320324,0.55371140703856,2.0283222932179066,1.9648128149680384
1105,0.8896181491120246,0.1920847959212315,0.49992543492258706,0.555189563424653,2.031540595524041,1.9616172499319708
1106,0.8899097520336646,0.19474041446099785,0.4983554243641001,0.5565772095664957,2.0345767486009176,1.9586037373143883
1107,0.8901391737546546,0.19457736663523928,0.5000135963866712,0.554737458204524,2.0345228095443644,1.9587405081867877
1108,0.890490763652386,0.19441901880160592,0.4983624577960801,0.5529056111677495,2.0344089256219196,1.965481118135393
1109,0.8903666076015574,0.19573415705376934,0.4967184164381674,0.551081638118492,2.0375879085253636,1.9623025634219835
1110,0.8905419149360976,0.1953132591730223,0.49837702599624284,0.5558566784187302,2.0374640342048096,1.9558356194809534
1111,0.8903007050931685,0.19484195819613132,0.5000285171407187,0.5540266338841283,2.040632987430971,1.9493964303428593
1112,0.8905927449126795,0.194841694486243,0.49838392083854094,0.5522044375050017,2.0470828769888207,1.9561408757740424
1113,0.8909900044171315,0.19437051359448815,0.5000320896470043,0.5536757672915315,2.053499621808063,1.9562849844729433
1114,0.8911615370125636,0.1945478928330531,0.4983907675239153,0.551858363359485,2.059888897597366,1.9597210230423427
1115,0.8911612201259631,0.19524906081771046,0.49675646804857937,0.5500487354681439,2.062996436756597,1.9696856822128275
1116,0.8915523974802294,0.19573502522074174,0.4984050310923427,0.5547985949659018,2.0726181495653946,1.9697852158479527
1117,0.8908763188836388,0.19535264032834818,0.49677395027056764,0.552982960508494,2.0723858573188725,1.963338894707205
1118,0.8909878961720437,0.19568218385039177,0.49514983225592635,0.5511750766863606,2.0690268083410714,1.9667324193487115
1119,0.891845501282902,0.19616793631794283,0.49353264201825686,0.5526409668818566,2.068801362550767,1.9701071357896933
1120,0.892001113205187,0.19713703488221895,0.49518514265090574,0.5508378110929184,2.0718396773277044,1.9767302694684887
1121,0.8925636280888528,0.19666560707049788,0.4935710684659532,0.5523018717674584,2.0650895814805685,1.9800656547901145
1122,0.8917455030177198,0.1957268053188551,0.49196386342408155,0.5505034228516847,2.061623547920513,1.9931556315388301
1123,0.8919148200546543,0.19494984962942707,0.4903634931907013,0.551965645974239,2.067929135890375,1.9964309209961821
1124,0.8919006544871629,0.1944855889952693,0.48876992323759944,0.5501718830192407,2.0677084694822017,1.9931927468700679
1125,0.8915365867941139,0.19433097819883483,0.48718311962210303,0.5483857364263068,2.070735176939129,1.98996832211173
1126,0.891788218563012,0.19387732373301111,0.4856030484651524,0.5466071680603042,2.0705057630805674,1.9835142981064375
1127,0.8923469247174566,0.19420983832697183,0.48402967608035613,0.5448361400029721,2.07027732198461,1.983567712540371
1128,0.8920906116419869,0.1946653717563281,0.49132159593770747,0.5439243866695967,2.0718305401596284,1.9900767980035838
1129,0.8923692488069034,0.19373930664674838,0.4897328758648982,0.5486327010963308,2.0780654129027467,1.996576014352408
1130,0.8921308174851185,0.19424809129182255,0.4881508758082214,0.5468604350161819,2.0778132328534276,1.9933567469308504
1131,0.8921752752388111,0.19420262790845197,0.48657558354542924,0.5483227421431491,2.071177750831363,1.9901510563166533
1132,0.8923759195278863,0.1945181316779131,0.4850069450851818,0.5497788726465677,2.0677244178313243,1.9869589435232775
1133,0.892415114753466,0.19469371111323838,0.48666556048930165,0.5480082240867766,2.0707273573998766,1.993442261308497
1134,0.8921958420347615,0.1942738033398088,0.4883171817300223,0.5494624791693713,2.073188612595376,1.9929599776739013
1135,0.8919435398701434,0.19366051032750423,0.4867476222856653,0.5509106064262326,2.0761675906946353,1.9865541634363162
1136,0.8923317898543345,0.19320156730081428,0.48518467148510647,0.5491416277318798,2.0727173886777543,1.9833863295344334
1137,0.8919839157600632,0.19322841622184236,0.4868359605914794,0.5473802267505086,2.0788997271294556,1.9898552219253518
1138,0.8927021268819755,0.1929238032138803,0.4852758494803866,0.5488306889071843,2.078646888635229,1.993092324809395
1139,0.8928120159479532,0.19345977826587457,0.4869236822327413,0.5502750578316374,2.0751937192996475,1.9867116589990628
1140,0.8930166445575115,0.193444026447973,0.48536640768140965,0.5517133637363671,2.0717583569696765,1.9899523478658507
1141,0.8926512889127607,0.1934440264403093,0.48381566510234686,0.5499506430555706,2.071529089557036,1.9963744373033951
1142,0.8928142847488314,0.19377351631928214,0.48546289290053146,0.5481956399472465,2.0681149558874647,1.990005830774407
1143,0.8934140968434453,0.1936460337759501,0.4871035510784548,0.5496362678590421,2.0710863748277144,1.990037698755822
1144,0.8928859088733143,0.19349403487616434,0.48873734322794665,0.5510708668537024,2.070859976293361,1.9932548559081575
1145,0.8930483197536875,0.19367224453709306,0.49036433460621626,0.5556816745855174,2.070657596116461,1.996459253618566
1146,0.8931570768048771,0.19294181504660196,0.48880543768581414,0.5539151300183419,2.0672539246675536,1.993291458863864
1147,0.8928656782877529,0.1932708618380583,0.48725304975434736,0.5521559614481878,2.0606885720924533,1.9869610022742799
1148,0.893029224107013,0.19311996823346975,0.4888798454572034,0.5504041325088427,2.057323322895311,1.9870023711908658
1149,0.8935719620470352,0.19407742621648824,0.48733032336080884,0.5486596069915927,2.0571416355733207,1.9870435694064823
1150,0.8943775430463805,0.19455494945025542,0.4857872563687146,0.5469223489371267,2.0537944709870977,1.990250961989192
1151,0.8945907728639498,0.19552504720456396,0.48425061312494716,0.5483555250622466,2.056787511487363,1.996608205573479
1152,0.894776854500564,0.19537297291776748,0.48272036119425665,0.5466226989631399,2.05344801936946,2.002939006357741
1153,0.8954088897332587,0.19500346917851677,0.48435335240178984,0.5543677236283369,2.0532792911151083,2.0060866110841733
1154,0.8955358200396378,0.1956290106609323,0.4828258339048114,0.5526193988820106,2.056281067356922,2.0029217229636234
1155,0.8955830329897979,0.1948842109499834,0.4813046547249774,0.5508783298154424,2.0530460408185816,1.9966113671171504
1156,0.8955530113862759,0.1958325390795175,0.48293720779905525,0.5491444831672073,2.0560265063504795,1.996622034926365
1157,0.8956570183676226,0.19568009174207754,0.48141871774648426,0.5474178188687285,2.0558520015276907,1.9903440951656306
1158,0.8955222047574817,0.19552744431758542,0.4799065152114866,0.5456983040620107,2.052535744732458,1.9872332878870111
1159,0.895359230139145,0.19492062528307721,0.47840056941206577,0.5439859037450634,2.052391232479821,1.9904113461520794
1160,0.894731454190788,0.19461792085468105,0.47690084979329833,0.5454154448640962,2.0522499207536598,1.9873065436149413
1161,0.8948355693593139,0.19440634975573334,0.4754073266157217,0.5468390794653691,2.0489630174944033,1.9873462970711966
1162,0.8948875820611967,0.19410283761096825,0.47704856638848964,0.5482568379739802,2.0456812355590324,1.9873869285242542
1163,0.8939236018900258,0.1937998199933534,0.4755575647778169,0.5465432769529921,2.0424129903712327,1.9936772929497237
1164,0.8939517033593478,0.19328163164809928,0.47407270884851554,0.5448367789693408,2.0516479035922837,1.9874523398235275
1165,0.8937207667409754,0.19391887099559074,0.47260325596554076,0.5462472488745374,2.054615316273715,1.993720644730586
1166,0.8939304102487925,0.1940939323434517,0.47424667823555455,0.5445450863776267,2.0606773464269317,1.993740218777259
1167,0.8939086260061163,0.1941236486912422,0.4727813776551463,0.545951888300002,2.0605033892586704,1.9968764052994323
1168,0.8940659237120046,0.19464224403307884,0.4744209658665315,0.5473639247869416,2.0603152307973307,1.9937762363563056
1169,0.894094949114246,0.19404192843073997,0.4760538214781601,0.5456633884296171,2.069461208770533,1.9937955721873244
1170,0.8941405643006967,0.19345226895341777,0.47764073027250636,0.5440090765951519,2.0691705440976302,1.9907891474635344
1171,0.8937369922096254,0.19425192156728527,0.47615977304567375,0.5423223398443172,2.0750044455901544,1.98787486544386
1172,0.8931696749763406,0.19425180401589973,0.4746848832538659,0.5406425136007236,2.071675462540336,1.9848149543864888
1173,0.8930981087585935,0.19410160119750744,0.4763104038298253,0.5389695643516329,2.0745480870046986,1.978673197857928
1174,0.8932034771157781,0.194595826350575,0.47483799522792713,0.537303458769366,2.074317605711421,1.9725566039818745
1175,0.8928690675606542,0.19414693991231152,0.47337311084116923,0.5387308480417703,2.0802802954850095,1.9726468860740691
1176,0.8926399914699812,0.194619834557072,0.47807952619512717,0.5370721938767908,2.0892864566172697,1.9789031805539543
1177,0.8928508246077734,0.19446944713079806,0.4858521344681371,0.5415809660639064,2.089011969562128,1.9789682014328656
1178,0.8928392298524529,0.19463118638918925,0.48739195174575706,0.5399566839401372,2.085690676089126,1.9790246433442418
1179,0.8925855901523452,0.19446556157399303,0.4858928015035103,0.5413717135610486,2.088503820296474,1.9760132989305663
1180,0.8927804854622895,0.19401523054119596,0.4843997562320965,0.5397081933884749,2.0913047330407712,1.9791597923490558
1181,0.8930965521056905,0.1931189479260615,0.48905221875385374,0.5380514424393046,2.08795473749639,1.973084333601714
1182,0.8928679450418762,0.19314538006598297,0.4906191157211586,0.5394680760376097,2.0846184891275863,1.9762335605884247
1183,0.8925872475130622,0.19317168677693503,0.4891160634184469,0.5378153708984389,2.0843593028685308,1.979369949058563
1184,0.8926928767701163,0.19307647777425613,0.4876191150183835,0.539229895083978,2.0871616415893244,1.9824936129779023
1185,0.8927981749439545,0.1933976068488562,0.4891847668578807,0.5375821534218597,2.0807804785569224,1.9764322173226074
1186,0.8927808970193887,0.1943314239256355,0.4907450017925835,0.5359401614489624,2.0835881459475423,1.9765042050075676
1187,0.8930440444515544,0.19464175386513238,0.4922989185500875,0.5373561718212658,2.0833331566001205,1.97967393359175
1188,0.8918979862930714,0.1945230971804748,0.4907982422037478,0.5357181473076496,2.083364708977449,1.9798363912388395
1189,0.8912522756775125,0.19519124804587074,0.4906720192445845,0.5357636210626134,2.079774329978209,1.9771789358415253
1190,0.8913026286829049,0.19430747305233256,0.4891792906252169,0.5341337142022071,2.073490500739255,1.9772477827186115
1191,0.8912386396735692,0.19357319240691678,0.49073176259592594,0.5355495619498143,2.0702369638344558,1.9742777319807314
1192,0.8917092867733226,0.19342662868073468,0.49227796935724805,0.5369596958534578,2.0639523299195734,1.9865003654238567
1193,0.8909416743006737,0.19313361074837318,0.49685103839247907,0.5383641454233055,2.0667923642309876,1.989574417356078
1194,0.8916861323367342,0.19330573380777996,0.49534554591288604,0.5397629334979451,2.060529842628341,1.9926360756768102
1195,0.8920553014655308,0.19452730938562765,0.49384611535854256,0.5381290497550373,2.0573195772309183,1.989631327271518
1196,0.8918184446616698,0.19605951158146673,0.4923527177842993,0.5365017399665406,2.057146241861917,1.9866386684319783
1197,0.8918056976706347,0.19548445334643227,0.4938863159153603,0.5379019642762913,2.056973603550265,1.9866790329012447
1198,0.8920671337310627,0.19506201329440262,0.498431724889332,0.5362785911930418,2.053783686777216,1.9867192352071295
1199,0.8917351669550974,0.195025702160253,0.4969289753852514,0.5346617350686782,2.0566392542055194,1.9839426851386845
1200,0.8915394419580771,0.1957590517633387,0.4954322540740763,0.5330513648693419,2.0536181796136144,1.9813034984127917
1201,0.8914229788390939,0.19546626691618788,0.4939415322682742,0.5344563814116737,2.0474389859467843,1.9753418915438246
1202,0.8915799596691547,0.1951737710362543,0.4954626845563499,0.532849867146083,2.0443283809649966,1.9814278604598106
1203,0.8913060134515518,0.19519146760701858,0.49397497046894245,0.5342525609104615,2.0411954217185575,1.9904945314322648
1204,0.8916966633299895,0.19503552385611356,0.4924930858589344,0.5356497652293002,2.041072267893669,1.9875231286483683
1205,0.8916771164454244,0.19416756623397105,0.49101712348245924,0.5370413857326289,2.034955339294689,1.9815666808433336
1206,0.8914104264903379,0.19403456703741379,0.4895470552506532,0.5354335243311134,2.0353464457741204,1.9756340196643243
1207,0.8915560439602283,0.19374455302455446,0.491073785371608,0.533832078991687,2.03224979675463,1.972715964513166
1208,0.8915923285770089,0.19366085529559807,0.4925946995716206,0.5382126329114907,2.029908882256516,1.9697895639765695
1209,0.8917486170626695,0.19279342255692364,0.49112432594019256,0.5366060917444364,2.0268362752052487,1.9698797402696135
1210,0.8920090693202646,0.19385477429165146,0.492641503450994,0.5350062228825249,2.0357007890212517,1.9640069920008931
1211,0.8913071612118192,0.19370969312644878,0.49415292051163845,0.536391435769683,2.041556573109734,1.9641142168113872
1212,0.890710497301261,0.19387729234071419,0.4956582951618797,0.5347951606628267,2.0414330632947,1.9612544049228287
1213,0.8908595642595022,0.19373236237952648,0.49715772336594577,0.5332051931078865,2.0413099206561576,1.9583965568563346
1214,0.8910685202179722,0.19435691062931137,0.4956811349161826,0.5345916016089663,2.0382171705476786,1.9614901880553488
1215,0.8916401603902446,0.19481292345375603,0.497177499494682,0.5389396150754772,2.038103814050179,1.9675386515150424
1216,0.8917411939870208,0.19489947033866953,0.4957037985029524,0.5373421255550819,2.0416461304543745,1.9710576195870897
1217,0.8916250784594457,0.1947538425899385,0.4942359343575354,0.541673306912565,2.0415237105111017,1.9681821510770023
1218,0.8918267845807455,0.19460397660781864,0.49573208338255914,0.5400709307326013,2.041454789337365,1.9682762194783696
1219,0.8918780724812551,0.1933017042576043,0.4972223213652477,0.5384748856974101,2.041333389414304,1.965414723480784
1220,0.891832708278531,0.19279620220089902,0.4963381803035849,0.542205939504315,2.046532154890534,1.9663928957248453
1221,0.8919880147991603,0.19168915547056434,0.49782365571620923,0.5435561348026635,2.0493442666855337,1.9605933132886117
1222,0.8923493195410205,0.1912666451674181,0.4993032695867486,0.5419545993945832,2.0491988785917883,1.960709421267241
1223,0.8926577322273375,0.19129867321095412,0.4978335913653253,0.5403593787736776,2.0519975218831337,1.9667119875343202
1224,0.8929138408252936,0.19234460680221976,0.49636970369992695,0.5387704433478866,2.0577249297150804,1.9638700801402151
1225,0.8927401138879072,0.19218504755030794,0.500786308174322,0.537188188988869,2.054775620127389,1.9669080070741942
1226,0.8928936318514227,0.19204379739397962,0.4993166801967328,0.5385463754541339,2.057549514640673,1.9670051201970158
1227,0.8926721216574777,0.19149707486043094,0.5037162446701566,0.5398992230090742,2.0603128601311487,1.9700335608573538
1228,0.8919745963528369,0.19079521752504183,0.5080985268336331,0.5441755332805006,2.0601362172743327,1.964263770933188
1229,0.8922319360596583,0.19128070660383906,0.5066119066752965,0.5425833572069155,2.0570344180550335,1.9672941800749657
1230,0.892381634360496,0.19117124528527735,0.5051311179672898,0.543920351810024,2.0539447853180515,1.9644668511113412
1231,0.8925356075773969,0.19106434187218593,0.503656132924696,0.5423321020373499,2.047947258352158,1.9645706074082787
1232,0.892351513031782,0.19151380530909062,0.5021869247877727,0.540750072781395,2.0478073920940023,1.9705081295128144
1233,0.8926920468522063,0.1909572462010981,0.5007234666471083,0.5391742350663624,2.041841267036633,1.9705940738411463
1234,0.8928439884535866,0.19067957447096934,0.5021769891624399,0.5405158174965996,2.0388082195693173,1.9677684313976334
1235,0.8928776435152282,0.19085190521301174,0.5007164839093432,0.5389438096032226,2.0386955019544644,1.9620455569580353
1236,0.8927600724634956,0.1909984624068203,0.5050725617503364,0.5373779418598486,2.041488515196772,1.9651618413795204
1237,0.8929616942037084,0.18961994692516881,0.5036065700828596,0.5387207193809123,2.0413680932574723,1.96236042367367
1238,0.8931629391518872,0.18979409377802248,0.50504592648679,0.5371586292592607,2.035448894808652,1.9740680868222982
1239,0.8939123312697916,0.18996753275860484,0.5093764159659303,0.5356026217311031,2.0411399786393063,1.9712467623324015
1240,0.893692848879304,0.1906528176579269,0.5079023610082213,0.5340526722729454,2.0439147682130314,1.968436127485449
1241,0.8938419922943756,0.18916543573587985,0.5064340407875492,0.5325087528155802,2.0408968632611955,1.9743092766318546
1242,0.8939902603066607,0.19004635867532008,0.5049727115428755,0.5338576129249009,2.037897558415876,1.9743863088972715
1243,0.8936013679432125,0.18977691320312642,0.5121712985618269,0.5352025146628923,2.0435585696774567,1.9686898615199717
1244,0.8938493561482563,0.1896422232471214,0.516459652246229,0.5336599058442332,2.046315311482167,1.965897816486861
1245,0.893476635379004,0.190680998166975,0.5149725536334222,0.5321232806650155,2.0433417147395585,1.9660050567300464
1246,0.8935761154658524,0.1892820166257322,0.5134913237249685,0.5363455690523412,2.0432170796195956,1.9661029551750524
1247,0.8937749221628428,0.19031524409815237,0.514889379278293,0.5348042994121625,2.0488402581918828,1.9690740226778642
1248,0.8939236398364192,0.19074670665887514,0.5162829030222342,0.539009683457465,2.0515709397058086,1.9720336679449662
1249,0.8941687617774586,0.19302620159212514,0.5148772755913039,0.540256736480676,2.0541408975709787,1.9693960150512946
1250,0.8943506831465255,0.19247582664090795,0.5162671754673938,0.5415739229839004,2.0539992278518766,1.963753600998999
1251,0.8933462816153719,0.19167580975996218,0.5176517074654015,0.5400238390989636,2.0538466703578613,1.9667195308098961
1252,0.893078896180511,0.1909924965211851,0.5161715737222127,0.5384797361918363,2.0571449523528833,1.9639612235072026
1253,0.8933778614374056,0.19142015010643804,0.5146971525045393,0.5397980478170327,2.056981727047897,1.9669206296707993
1254,0.8935766137857248,0.19062722795621176,0.5160820178866746,0.5468185063497263,2.0568191233991957,1.964161414648233
1255,0.8934388722810195,0.19023249522801502,0.5146107926966503,0.5452596588545014,2.0538063875636143,1.9614128233171715
1256,0.8928586008128075,0.19066171313987537,0.5131467168758669,0.5465532290685776,2.05080524271155,1.9586748069420012
1257,0.8931063957126869,0.19046414310066023,0.5116867823110434,0.5449982508832136,2.0563508239384234,1.9587924049257734
1258,0.8928745352387779,0.19033326326974817,0.5130746754272445,0.5462914655097751,2.056190899068406,1.9589095259363605
1259,0.8920024717995025,0.1897082806164375,0.514457239011498,0.5447403389977018,2.065104654527495,1.9561868343014142
1260,0.8917918579876303,0.19027112452604034,0.513006615828812,0.5460230458667743,2.067765178546087,1.9619755371508023
1261,0.8915085914850067,0.1902457348821934,0.514386611479301,0.5444757775603767,2.070408783041842,1.9677506956245214
1262,0.8919559612246677,0.19024573029077874,0.5185921940920587,0.545765308715915,2.0673789918099876,1.9791653474084068
1263,0.8921897598027368,0.19054149182867058,0.5171255928624021,0.544221860738901,2.067188441097179,1.9792242687100738
1264,0.892508880097042,0.19028771127943298,0.5156646009673022,0.5426843160134993,2.072649795455166,1.976457747888407
1265,0.8921682788428986,0.19037350126606514,0.5151098282702561,0.5430744051379532,2.0733453437499225,1.9792510261469427
1266,0.8911497516662975,0.19084309182082876,0.5148462951054269,0.5431738836686352,2.074772189146475,1.9805168563010462
1267,0.8912982599560029,0.1904513433621861,0.5133960998387741,0.5416438965587845,2.0774101276103862,1.9777549817039106
1268,0.8917931195234129,0.19074634589870426,0.5119514348027827,0.540119743960893,2.0828201772139994,1.9778175778183897
1269,0.8916828465556764,0.19117224407158687,0.5133233641996835,0.5386014359227146,2.0882095413093658,1.977880009723965
1270,0.8917811195533927,0.19117197608315034,0.5146900930084934,0.5370888858556158,2.0963875385651596,1.9779421942425122
1271,0.8918776564236942,0.19199372355036592,0.5132607307964273,0.5383729816606619,2.0961025681858896,1.975375423310393
1272,0.8913616666406382,0.192285901428875,0.5118222122781726,0.5368640809063706,2.0930305158205234,1.9726417335413406
1273,0.8916576825790976,0.19339972671014227,0.5103891592730173,0.5353609130757321,2.0899705318914257,1.9727179375899977
1274,0.891854499072839,0.1936890197252325,0.5089615470048636,0.5338634521804312,2.089718954534282,1.9811854848750565
1275,0.8920509636154823,0.19368901972268873,0.5075393508261933,0.5323716723670231,2.0894682523119434,1.9840323681390708
1276,0.892337104044056,0.19289545165008215,0.5061225462173223,0.5308855479161523,2.092058149573048,1.986868441888696
1277,0.8921765954984403,0.1933188372710962,0.5074998354334066,0.5321937798895209,2.089013037321869,1.9869049396635827
1278,0.8920166942783098,0.19305233626264598,0.5116578502694942,0.530711120364947,2.088765057385645,1.9897273610973383
1279,0.8920166942783098,0.19291912346680498,0.5130169820520231,0.5292340691797737,2.082951700956561,1.984189641904909
1280,0.8918080507250407,0.19278585694102354,0.5115906034842591,0.5277626010607476,2.0799406926645,1.9842336005978227
1281,0.891955304465438,0.1924126491576575,0.5101696125148134,0.5318518788257827,2.0797186502566367,1.9870549873023045
1282,0.8919316817935141,0.19162108279829343,0.5087539847850481,0.5303760867571758,2.0767277050029294,1.989857826709572
1283,0.8923726907126338,0.19246718916253827,0.5101157404897391,0.5289058607573934,2.0709709237896545,1.992657985488951
1284,0.8923097873193483,0.1928892562291641,0.5087031028271537,0.532979710650774,2.0735436501829474,1.9871397980311647
1285,0.8920393361318518,0.19275675118147687,0.5072957727242283,0.5342717250069384,2.0761066994168456,1.9954748933639272
1286,0.8920265837527165,0.1937331361144406,0.5058937387434779,0.5327951364885849,2.078660075986789,1.9927236838371576
1287,0.8911562401946457,0.19404111553709055,0.5044969770813972,0.5313241006496383,2.078442897221101,1.992743773590013
1288,0.8905550655766942,0.1946117248084395,0.5031054640570439,0.5298585925498991,2.0782263464935715,1.990005853388908
1289,0.8901470033682609,0.195593144971818,0.5044746380268753,0.5311540492930469,2.075255334859475,1.987277929963732
1290,0.8899466509894937,0.19655464098264688,0.5030859667402895,0.5296919373821449,2.0695548351308277,1.9845647566955475
1291,0.8902819797329894,0.19696739785670403,0.5044524587155012,0.5337352205943935,2.0638637152248487,1.9791073228412597
1292,0.8905718554657636,0.19711153502978962,0.5085610384983107,0.5322689392336357,2.060941060522234,1.9764175114525913
1293,0.890570634769502,0.19753154586469893,0.5071653120116616,0.5308081473123697,2.0580307110784046,1.9764810282615037
1294,0.8907155050046661,0.19822820039798483,0.5085165262355882,0.5320945395257299,2.057871607178778,1.9847706676459609
1295,0.8908044695120203,0.19876712455888604,0.5071237109101981,0.5333761220093176,2.060452885916498,1.9957692891451992
1296,0.8908488669995637,0.19984572281397256,0.5084656773113045,0.5319233383035187,2.0602874805714495,1.995780869751551
1297,0.890959884338781,0.19995182444357248,0.5070757832500551,0.53046932258144,2.0629387894991256,1.9959699165001787
1298,0.8896326286118393,0.19955161050715264,0.5056910738747451,0.529020730736677,2.062766932819214,1.9959809292033526
1299,0.8901647736446722,0.19915214656042227,0.5070395706770201,0.5275775385828805,2.0598676578919934,1.9987199380191658
1300,0.8902467411194261,0.19862598257882022,0.505657726643662,0.5261397220573357,2.059704788863601,2.0014486387575006
1301,0.8905833229013839,0.1982288451360185,0.5042810259638846,0.5247072572202569,2.0677100189528295,1.998722100727718
1302,0.8909291108734236,0.19808675950466653,0.5029094457473181,0.523280120254085,2.0702457290607703,1.9960057037096317
1303,0.890730856195272,0.19782250378157148,0.5042601174486094,0.5218582874627975,2.0700688477541136,1.9932994026004334
1304,0.890294068138301,0.1975545736015899,0.502891334406021,0.5204417352711875,2.0699174901053166,1.9987464678237756
1305,0.8900498253851722,0.19796293555152508,0.501535562182115,0.5217342346185458,2.0643290915048076,2.001438608809078
1306,0.8903837418870256,0.19849917915394957,0.5028859098114185,0.5230298637416324,2.061445927994972,2.004143707178029
1307,0.8907631025831709,0.1981015495667593,0.5015249459927761,0.5243206915126153,2.055869725057661,2.001426185713371
1308,0.8903392195372906,0.19927796942612647,0.5049407542631683,0.5235386092805143,2.0526973400122825,1.99633286459714
1309,0.890382976152877,0.20074251367940732,0.5035769597224354,0.5221245837910456,2.0471707126022087,1.9990266139007653
1310,0.8901869638231572,0.2004726220607735,0.50761460921324,0.5234139875087352,2.044345235995256,1.9990292402914676
1311,0.8900391403295554,0.20007578228156292,0.5062463321498738,0.5220031231625274,2.049616710670913,1.9936408495539977
1312,0.8900247229875938,0.20007350282442196,0.5048831071892114,0.5205974681644616,2.0629471503234456,1.9963275963770906
1313,0.8901103907179605,0.19980893391377288,0.5035249120082542,0.5191969994967419,2.065467933147451,1.9990275936684423
1314,0.8905341474840812,0.19980893060542126,0.5021717243971563,0.5204891235766902,2.0652920594661204,1.9990302069417272
1315,0.8905245553095454,0.19993439335379343,0.5034731618472571,0.5191268475683514,2.0624575864292494,1.9990256281057797
1316,0.890280888201457,0.20088730034701358,0.5021228167038375,0.5177345183032508,2.056993921501701,1.996278362893758
1317,0.8904687301230789,0.20259828488039536,0.5007774393171849,0.5163473112494325,2.064875919099977,1.996291765997479
1318,0.8908441234707044,0.20351613564531595,0.4994370103092386,0.5176419024191798,2.062025652328647,1.9936251289240123
1319,0.8909764186313994,0.20377282186034837,0.4981015029037454,0.5162577146641587,2.0645338237153723,2.0016642545433814
1320,0.8908729948497316,0.20374926277238758,0.4967708980699426,0.5175499609587515,2.061690078033303,1.9965427645545386
1321,0.891287051460727,0.20294825627846905,0.49544517401843946,0.5161687841753222,2.058856764278434,2.001889356823746
1322,0.8912778885584947,0.20240777691163847,0.4967903250821846,0.5174586857700072,2.0586998512235968,2.0018843197688803
1323,0.8913017945459362,0.20233460819276755,0.4981200495502995,0.5160910111850221,2.057069466481883,2.0017951658323327
1324,0.8910759776533804,0.2018937194885201,0.4968049205515134,0.5173683289715428,2.054388879711162,2.0070913404949944
1325,0.890789593154019,0.2018875990114468,0.4981423073547979,0.5159932692516269,2.0595603739751507,2.01238855121369
1326,0.8905500884236086,0.20162373065738592,0.4968195537765505,0.5146231147131005,2.064712965397158,2.00970028201446
1327,0.8907362709177447,0.20083494786443987,0.4981543500282928,0.5159106831232521,2.061888581252258,2.007021831049381
1328,0.8913832355530241,0.20018171458378572,0.49683420739956047,0.5171935524654281,2.059079149472128,2.0096532901747657
1329,0.8910432954200744,0.20161225938223482,0.49816612676551614,0.5158244957455683,2.0615699897683095,2.0096279050406833
1330,0.8901720938223682,0.20168315366519463,0.4968574477291737,0.5170961727666546,2.056183826537933,2.015347258610627
1331,0.8908166810041389,0.20180852446280603,0.4955446861770071,0.5157299378888581,2.0639617716920564,2.0205909684010592
1332,0.8911371693863551,0.20154636516529978,0.49423670174905887,0.5143686747240981,2.0611534570613497,2.023176107133564
1333,0.8911287021971583,0.20193420632451423,0.49557032174645615,0.5130123636381577,2.0636290526925567,2.023114997260231
1334,0.8913109187610655,0.20308359057287217,0.49426488314354544,0.5116609789529256,2.0608272258867992,2.023054106973365
1335,0.8916636889118462,0.20269002203594946,0.4955957664497054,0.5103145012561926,2.0606671540839288,2.0177302746969654
1336,0.8912380501535506,0.20242806099203978,0.4942928692219725,0.5089729091886864,2.060507673873952,2.015054711176757
1337,0.8909560324609397,0.20305293124127757,0.4929946960703001,0.5076361814979201,2.0629605253108494,2.0125152940537907
1338,0.8911365246658383,0.20355494574655594,0.4917012264583007,0.5063042970375945,2.060171637073324,2.009863692997482
1339,0.8913143510337879,0.20329135501536252,0.4904124399521356,0.5049772347670048,2.0573988004923938,2.009837839188116
1340,0.8902437442424739,0.20302943713851007,0.49174677290574514,0.5062734304362541,2.062485417684875,2.0124305359181234
1341,0.8899636290662087,0.2026395788308484,0.4904604422545389,0.5049491003799258,2.0701935475948834,2.0097821801478153
1342,0.8900073866802396,0.20289313584218005,0.4891787587624563,0.5036295547641287,2.072606985913113,2.0045491754361553
1343,0.8899982325121587,0.20333142694600467,0.4890648870645108,0.5037622011728995,2.0761868464924893,2.0087240729371967
1344,0.8899940962949385,0.20344586092955713,0.4903974077697739,0.5050563912274296,2.0785961551331207,2.0087404008521648
1345,0.8898075524259831,0.2036963977495242,0.4891199391865891,0.5063457044694258,2.0731835500056843,2.0113226927728274
1346,0.8894217865263992,0.20378882784580676,0.4878468612406446,0.5050277914224628,2.0729929786581907,2.0113815690149828
1347,0.8895593565858926,0.2033959545338477,0.4891785532157206,0.503714626714908,2.075403395309492,2.0113519917804012
1348,0.889418571796153,0.2030039685205749,0.48790786662584035,0.5024061813280741,2.0700123596990583,2.0087249113306225
1349,0.8888658073603662,0.20312454398791427,0.4918317401173637,0.5011024391520266,2.0646420564901358,2.0035122776066503
1350,0.888897098575424,0.20305308188447857,0.49314904193688053,0.49980345478458854,2.0619137692743665,2.0035024510124093
1351,0.8889888736605233,0.20367304067228767,0.49446169037666676,0.5010988695494586,2.061753440197264,2.003493409820326
1352,0.8891722680396013,0.20379143052937088,0.49318240772731076,0.4998024150376071,2.061593682373165,2.006071596154961
1353,0.8892008617470493,0.203714199639633,0.49190771020251245,0.4985106071966248,2.0572374404150233,2.0008866291769807
1354,0.8891081761257286,0.20345351259348635,0.4906375780755726,0.49722342603502023,2.0570896502703695,2.000884339852827
1355,0.888924244555466,0.2033126061242151,0.4893719917173627,0.4959408516601822,2.054362916787876,2.0008820583665257
1356,0.8887407820070133,0.2029233562848211,0.4906878263566651,0.49466286427783246,2.0567997242168983,1.9957259958731812
1357,0.888833082850846,0.20266427548850854,0.4894246392865729,0.49338944419148145,2.059227822753035,1.9983113176780074
1358,0.8891059868068754,0.20252666060350766,0.49073770948715767,0.4921205718050601,2.0539320187205403,1.998316225016285
1359,0.8892422758554538,0.20175442149673822,0.4894769181079902,0.4908562276096829,2.0512242826344678,2.0008897266178622
1360,0.8886953178972501,0.20238354387883228,0.48822232116975506,0.4921613016489214,2.0510945571254764,2.0034567987638665
1361,0.8885138883097409,0.20225501505658355,0.4895345408526602,0.4908993791897193,2.050963552633006,2.0008838924726176
1362,0.8887862778085948,0.20174950585743368,0.4882806080717518,0.49220343008693057,2.0585694833448906,1.9983201487162148
1363,0.8893299584152196,0.20199988196185195,0.4870311373099609,0.4935028406237344,2.060978528237119,1.9983244473204647
1364,0.8896002291938943,0.2016156504368829,0.4883424713376863,0.49224126879207314,2.0582663223947892,2.003441454327342
1365,0.8893279885040831,0.20110145124940962,0.4870953390332472,0.4909841797123396,2.060671885949347,2.005989767697888
1366,0.8892359244946046,0.2016063406868804,0.48585263498932074,0.48973155424718234,2.0605169997142916,2.0059758552142246
1367,0.8888647581834912,0.2013375622720822,0.4871387323490749,0.48850768556810226,2.0578427515555404,2.0059706195068294
1368,0.8890000852754066,0.20184419267276987,0.48589840074329727,0.4872638683927494,2.0602492988947447,2.011040403100815
1369,0.8888059568066531,0.20186811981458058,0.4872019668994949,0.48602856700911456,2.0692155901215745,2.011039708685901
1370,0.8877692863471996,0.20174104952531796,0.4859639527945251,0.4873346041904577,2.0690436968551054,2.0110116560178155
1371,0.887545679368891,0.2011081070564598,0.48473031882065765,0.48863602057301614,2.0739454906399697,2.0084451728055996
1372,0.8876370028062519,0.20172570959067224,0.48603704155497635,0.4924688256733569,2.071221970230011,2.0033517735164
1373,0.8876677558561206,0.20199243406748343,0.48732868126564816,0.4912316404412274,2.071054340663718,2.005871388222504
1374,0.8871446023481059,0.2016079464030548,0.48862621419944474,0.4899883697384779,2.0735324892179876,2.0033254641314553
1375,0.8869473389211902,0.20129579556769167,0.4873911013593608,0.4912775533780945,2.068632454456707,2.003312651977306
1376,0.8867077770511121,0.20099894909054467,0.4861621474932577,0.49256038742421,2.0669151500680476,1.999840214666364
1377,0.8868916475715256,0.20174375984149603,0.48493539304861466,0.4913174880178219,2.066747270042133,1.9998416089990312
1378,0.8870752990726337,0.20174375983915815,0.4837129571750037,0.4900789640179347,2.066579012330318,2.0023628304111805
1379,0.8873500774872048,0.20186404560024762,0.4824948215896597,0.4888447969011693,2.0638930441024597,1.9998385775148326
1380,0.8880322378413786,0.20210973901636653,0.48128096809891685,0.49013075376501436,2.061216517417142,2.00235476917035
1381,0.888076252517826,0.20254757923296454,0.4825846489600967,0.4888989229942865,2.0585512605451872,1.9991894527502863
1382,0.8878666146993871,0.20216151988511816,0.4813729952153676,0.4876714156292749,2.0634272256863366,1.9941699698635686
1383,0.8885393068164561,0.20228051098744496,0.4851820906160942,0.4864482140527939,2.0682848881624785,1.9916765983646878
1384,0.8889375699056531,0.2025227697473923,0.4839663492372444,0.4852293000946538,2.0656080414929585,1.9892065173852054
1385,0.8890262826946245,0.2018941854255225,0.48275486628212055,0.48401465567295415,2.0679470459568274,1.9867303037732151
1386,0.8893603297072669,0.20161601112662467,0.48154762380346494,0.48280426279360245,2.0677783715074822,1.9817620157581841
1387,0.8896687170392445,0.20111582420860702,0.48034460394112277,0.4865945765999587,2.0651108098802444,1.984305815081622
1388,0.8897089729110337,0.20246767551057407,0.4791457889215679,0.48538016327653255,2.0599739404737676,1.986824027404212
1389,0.8898408925295301,0.20245245664848543,0.4779511663155543,0.4866632313764599,2.059825059556562,1.9868575185390964
1390,0.8897057970437898,0.20281870465096427,0.47676098490283686,0.48794154958592173,2.054695379109826,1.9893801798891404
1391,0.889699275440358,0.2029327046356186,0.4805253604299779,0.48675326699343624,2.0521227082023206,1.996825771031312
1392,0.88970241355139,0.20262073412434267,0.47933088521070705,0.4880290802323081,2.053322270001738,1.9942704356258842
1393,0.8893908471155674,0.20199930920953255,0.47814056666560395,0.48681716152922944,2.0507072560557145,1.9967679557915348
1394,0.8896557437362427,0.2017514033773821,0.47943520073177026,0.48809027061266813,2.0530625607808517,1.9942951639452986
1395,0.8900034318287503,0.20138023175756145,0.47824700191638336,0.4868806216747957,2.057888388077711,1.9918309720500404
1396,0.8896518842545071,0.20212661567330023,0.47706293251183535,0.4856751766945191,2.0574538342260817,1.9896665857157394
1397,0.8900020748433508,0.2022438319012581,0.47588297523684725,0.48447391807858664,2.0573117291387844,1.9896921441620767
1398,0.8902200650269531,0.20224362392117495,0.47470711289346906,0.48327682831858004,2.0621160752828156,1.994659426938059
1399,0.8905243516084909,0.20187182399778852,0.48094063889398353,0.48208388999045537,2.0619627456740797,1.9897357361204622
1400,0.8899495926970543,0.2019889714570245,0.4822196018271727,0.4808961074464403,2.0568817537439044,1.987294056874345
1401,0.8901666940465743,0.20149973780871863,0.48103165147406185,0.4797114175282246,2.054303242102687,1.9897888629298746
1402,0.8909013867235107,0.20222923029764175,0.4798478120739868,0.4785308272801702,2.0492475142514324,1.9873530513937436
1403,0.8908708463888669,0.20211591705034762,0.4786680664887956,0.4773543196111624,2.056062631023969,1.9898505334674679
1404,0.8908141115440542,0.20199221427509323,0.4799485231250225,0.4761818775122083,2.06329331055544,1.9898754618306476
1405,0.8908926573735673,0.20100658898613863,0.4787708875613413,0.47501348405599425,2.060684339057869,1.9849929629828744
1406,0.8906847335369219,0.20088388352493824,0.47759731568636776,0.4763003405167046,2.0678892430061016,1.9850297485047401
1407,0.8905504772121983,0.20112638511026604,0.476427790601949,0.47513399142374346,2.065274270271362,1.9850663797044492
1408,0.8905931202606934,0.20136396269339016,0.4777086160746538,0.4764179819440086,2.070007334529068,1.9899966803895828
1409,0.8904104138443101,0.2013854009850233,0.4789813991166636,0.47525730778453695,2.0786190422870816,1.9900460144115257
1410,0.8900581214159902,0.20150336920535003,0.47781199872094676,0.47897986413517313,2.0759856663506833,1.9876288835672122
1411,0.8903862212663797,0.2012437178999546,0.47664661878279074,0.487567606257942,2.0733631104540278,1.9925370418669057
1412,0.8897548017518214,0.2010233609639837,0.47548524315421226,0.49125273073538034,2.0732480981829418,1.9876821160827396
1413,0.8898372952131941,0.2015041331416501,0.47432785524943943,0.4924910823868011,2.077938044054515,1.9877121007792067
1414,0.8898784093616238,0.20113851205639247,0.47317567909436764,0.4937239444867842,2.0728949021236187,1.9950298381867912
1415,0.8901347089290067,0.20125671421906877,0.4744554701859944,0.4925245626876268,2.0727178216139075,1.9926126559701083
1416,0.8896579359173575,0.20161991253660838,0.47572900173741106,0.49133116492004836,2.0725432305073506,1.9950555390275664
1417,0.889185170826644,0.20211336918609238,0.4745869359959667,0.49255309007505665,2.0796179801415025,1.9975145154488745
1418,0.8889013496194859,0.20194878311810838,0.4734587423330964,0.4937608699141482,2.07719880899197,1.9953255756429007
1419,0.8887293163220967,0.2020642063515504,0.47231318120010957,0.4925661865954368,2.0770151213498416,1.997759543590488
1420,0.8885146930782716,0.20157963927634884,0.47358727521795246,0.4913769840684549,2.0768736176953118,2.0001841390845203
1421,0.8883882504853987,0.20255436259350507,0.4724594580731176,0.492589402865551,2.0767195237253677,2.0049816154275084
1422,0.888471930645978,0.20327139767769126,0.4713357367944654,0.4937974371516263,2.081314250866293,2.002628063011776
1423,0.8888580917736837,0.20362899143893023,0.4701998649839581,0.4926074348980822,2.0787083922082155,2.0050316291462593
1424,0.8886440457645256,0.20399058542979603,0.4714680635340406,0.49142877743581126,2.0785116120432288,2.002619315108797
1425,0.8885593452520152,0.2044663794704618,0.47273922757200015,0.4926519342675203,2.0735133843608313,2.0026312716932595
1426,0.8886030899978159,0.20457617632174815,0.474006066761471,0.4914682490672634,2.075739770505017,2.00743031487652
1427,0.8887311979910381,0.20394894477465525,0.47286831982567185,0.49028858801727043,2.0731576946351034,2.0074124800462325
1428,0.8886855410327483,0.20405814632671995,0.4741323182442631,0.48911293491951024,2.0753801526905487,2.007420210635114
1429,0.8875407010318559,0.20414427397812432,0.47299826924088495,0.4903350293127975,2.072807196367375,2.0075289632350883
1430,0.8876694949533082,0.20472965761436301,0.4718663421805329,0.4891616138387654,2.067847164666928,2.007510571613935
1431,0.8874640555397639,0.2048377757260453,0.47073825257921303,0.49038287380154966,2.065294265304982,2.007492616107703
1432,0.8875911122877498,0.20459307568639443,0.4720022925531003,0.48921168854583147,2.065139332479791,2.0050864136070263
1433,0.8868776899907442,0.2038743239607132,0.47326205321966736,0.4880444682451318,2.065033892146239,2.007460198540358
1434,0.8866697360792289,0.20375273068813132,0.4721340160855964,0.486881196692906,2.0624954124063857,2.0074424171871286
1435,0.8865483110156617,0.20350964756063958,0.4733909460947036,0.4857218577590819,2.062346650820487,2.0098058492885005
1436,0.8865711362230607,0.20286397384075003,0.4722648561733516,0.4845664353896531,2.0598264505813466,2.005024976038962
1437,0.8863843151533065,0.20250980905602442,0.4735189639067527,0.4834149136062784,2.0644370714346065,2.0002602425215392
1438,0.886220441364019,0.2023891789633476,0.47476884087374704,0.48226727651344853,2.0642841003857475,1.997885603361102
1439,0.8866939709647186,0.20190743248079926,0.473642856278353,0.48112350826779576,2.061759993075017,2.0002622660152083
1440,0.8864871294851865,0.20130764503865012,0.47252066487491107,0.4823528707098889,2.066352225061241,1.9978923670480704
1441,0.8865730643168714,0.20118795083497956,0.47140225122735385,0.4812111851209991,2.061461357923434,1.9978973556660133
1442,0.8863663104682806,0.20094866314907386,0.470287599972443,0.4848024277466795,2.0660451462108647,1.9931732399264768
1443,0.8864441708472914,0.2008986181348736,0.4691766958190002,0.4836572369514841,2.0659132172893333,2.0019783474584005
1444,0.8862372687876978,0.20125863738840882,0.46807682586902843,0.48486841030218264,2.0610606676127263,2.0043122767829433
1445,0.8863656901838348,0.20196899263175247,0.46697475116206233,0.48608141476870775,2.0585653477724057,2.0043041884339137
1446,0.8866234504893957,0.20148932010946977,0.4658749768320917,0.48493664224961947,2.053717240384428,2.001938947137306
1447,0.8863249612239812,0.20123409875378673,0.46477888922141325,0.4837957072950353,2.055947881758713,1.9995816347225435
1448,0.8864956555831798,0.20146867252895653,0.463686499761474,0.4850089669709318,2.05111566305538,2.0019373818104986
1449,0.8865037578800592,0.20146867252170356,0.4649457905454179,0.48387014178386306,2.0603878401064906,2.001932832741609
1450,0.8864265449206317,0.20110631577725432,0.46620086874559746,0.4827351261986768,2.0602461881759795,2.0019282988902787
1451,0.885931627228322,0.20098416257265359,0.46510839304680385,0.4816039048096109,2.0577618471668697,2.0019239692987556
1452,0.8857704123544362,0.2008652859110647,0.4687015990988281,0.48281747845653006,2.0576283613874504,2.0089416459601717
1453,0.8854798661711158,0.2012137201334815,0.47227826292877023,0.4840315484465764,2.0551631982783576,2.008924069583131
1454,0.8852764821869058,0.2007373156417474,0.4711748610981694,0.4875733641705205,2.0550343203029016,2.0089032211586715
1455,0.8855337727508009,0.20061920152457366,0.4724091408967671,0.48876936980327296,2.0572398736383697,2.0065484373690765
1456,0.8857054248110262,0.1999130581795416,0.47363930909833263,0.4946247329407544,2.0571064091102795,2.004201497766879
1457,0.8854705591509267,0.2007341580645991,0.47486538226621205,0.4958019239152358,2.0569733844586486,2.001862375143891
1458,0.885727131531094,0.20108214100566124,0.47376036476601774,0.4946481868288604,2.0591678185198767,1.999627070544185
1459,0.8858955253403243,0.20108094315528344,0.4749837068216251,0.4958229712512744,2.0590302740234065,1.9996279375404256
1460,0.8856182374707745,0.2018985748489782,0.4738806456277837,0.49699382992842916,2.0565708681116677,2.001951117806811
1461,0.8854187331692698,0.20177304488107406,0.47278122284239243,0.49584078359521516,2.0587868501233553,1.9973065080417498
1462,0.8854298635394102,0.2017675680391613,0.47168544708736476,0.4946915621736218,2.058653543443209,1.9926802422539092
1463,0.8852833226150949,0.20246448486490537,0.4705933037819766,0.4981769624560873,2.058517771195789,1.9926972908018536
1464,0.8854953527854887,0.20245723091880677,0.46950478128777035,0.4993377221929504,2.0630086867032467,1.9950275105458404
1465,0.885294937950607,0.20245009216335522,0.4684199017925013,0.5028053797201443,2.0582416344769303,2.0019712338185047
1466,0.8852655639300424,0.20335847848385477,0.469647038655896,0.5039531387293403,2.055798719162075,1.9996582150265467
1467,0.8853629899728931,0.20324008550426487,0.46856395604476947,0.5027909406604618,2.0602897136152856,1.995046677291549
1468,0.8854903612914022,0.20253286625001007,0.4674844512433916,0.5016325817480225,2.057846957102768,1.9973619470314947
1469,0.8860810821973879,0.2019469446124313,0.46640850994719285,0.5027796018992833,2.055416537848873,1.999669573912902
1470,0.8864249202185006,0.20136320768325722,0.46533611791774454,0.5016235834601964,2.057588375957549,2.0019695884985533
1471,0.8865500238651574,0.20170362355156923,0.46656421772867485,0.5027683325323443,2.057456109929294,2.0088559236473698
1472,0.8867997340891436,0.20135491344368245,0.470082932918585,0.5016146496790155,2.0619135940573186,2.0065409413677004
1473,0.8869235871204786,0.20100729924807603,0.4712976975403825,0.5027571320205007,2.059493003163582,2.00194121227955
1474,0.8873014754274043,0.20077569604109807,0.47021838989918885,0.5016057798770758,2.054776607269979,1.9996466905535075
1475,0.8867752834860154,0.20071504704721943,0.4698917289564031,0.5019969011255819,2.05469178120301,1.9980020643226315
1476,0.8869469466274854,0.20105945185238444,0.4733887923617291,0.5008495869005151,2.054566783141118,1.9957214946614623
1477,0.8867956526886677,0.20089397530714667,0.4745911596381501,0.5019892552441009,2.0590086336497726,1.9911648308775818
1478,0.8869061961661555,0.20032098068288093,0.47578958262764415,0.5031251849804934,2.0565931500711683,1.9889040399828788
1479,0.8863122225145238,0.20020572367420528,0.4769840770013433,0.504257390963634,2.0564641939756223,1.9843720150424062
1480,0.8863929405417008,0.20065195621633888,0.47817465835833683,0.505385887979178,2.0540955920214965,1.9844640525747541
1481,0.8861222484938831,0.20190890076061824,0.47936119294243584,0.504236738383692,2.0562465255079934,1.9844995321820422
1482,0.8862130303311134,0.20144750185928129,0.4782721664363305,0.5030911989000278,2.0561195244957853,1.9822629179095905
1483,0.8861745486079596,0.20150705098352736,0.47718670002120417,0.5019494042515527,2.054261680636384,1.9807763515494363
1484,0.8860194128345704,0.2013917979160929,0.4761047795966146,0.5008113396061085,2.051871365308192,1.9808199371269937
1485,0.8859467244461624,0.20184360894416,0.4750263911267557,0.4996769901995274,2.0585489425909924,1.9808633834994243
1486,0.8861605077210319,0.2020686395594184,0.4739515206401237,0.49854634133528086,2.058416460414023,1.9809066850605055
1487,0.8865268343851239,0.20194772740498038,0.47288015422924334,0.5042008720450123,2.0560239122494792,1.978689347571602
1488,0.8860095707174978,0.2018890366911988,0.4725423668380154,0.5045904159455228,2.055965369047342,1.9770769431961035
1489,0.8862133851380408,0.2012016858421257,0.47147632004337475,0.5034520693478948,2.053583130806024,1.9816406200044725
1490,0.8860684149979787,0.20120169622599765,0.4726674678960469,0.502317426049838,2.0489557660006628,1.9861891844773636
1491,0.8861089202257455,0.20097029334463593,0.47160372003968404,0.5034374947659714,2.0488449323653564,1.9817187134124628
1492,0.8861583390233632,0.2010813020974547,0.4705429778195475,0.5023051512682292,2.044236622022963,1.984009055703816
1493,0.8861723951283528,0.2010187154872641,0.4694859106495591,0.5034232280271365,2.041836827145998,1.9817983964441481
1494,0.8867376992833286,0.20056362355710397,0.46843204170333363,0.5022931789781835,2.0484771037443426,1.981839254123418
1495,0.8871781967446479,0.20090243897852983,0.4696240754307414,0.5011667935349353,2.0461259193178902,1.9796374933227767
1496,0.8869103888030814,0.20169304334605914,0.4685720245608386,0.5022842800053074,2.0437823852256662,1.981923311066844
1497,0.8869492664485924,0.2011274876763233,0.4719993686591572,0.503398170773716,2.045957117509497,1.9797257621245665
1498,0.887148792305261,0.2016883196787031,0.4754156123057518,0.502272701207936,2.0480901308511013,1.9797710973797573
1499,0.887466969664642,0.2017972008087141,0.47435375536245156,0.5011508580429185,2.0479827199078624,1.9798162793219292
1500,0.8872732139344648,0.20122960641602208,0.4732953290685233,0.5022639409321843,2.052338262319825,1.9776300136892924
1501,0.8871251245887368,0.20234945577270136,0.472240319979567,0.5011443587385858,2.0522215964169077,1.9754508067496341
1502,0.8872440257552717,0.20188474406495355,0.4711887147125693,0.5022552321596602,2.0521053071015807,1.9732786305053291
1503,0.8875208283987188,0.2021046708069179,0.47014049994482,0.5011379062664663,2.0608878652243123,1.9733380759371575
1504,0.8879143919327216,0.20243020186185215,0.47131805663602006,0.5000241802793406,2.0607525483845515,1.9778421176864776
1505,0.8878389845226989,0.20220536639538092,0.4702716490413354,0.5011342130640986,2.0606250967418798,1.9778913120171604
1506,0.8880348528563108,0.20231158916370207,0.46922860990865606,0.5066765804259218,2.056054846506843,1.9779404453239084
1507,0.8882692942181806,0.2026351598404063,0.46818892270222573,0.5055539183645243,2.0537149066999083,1.9779893234740633
1508,0.8886194118313344,0.2024105229921357,0.4671525760342522,0.5044348634416652,2.0513833135950055,1.9736109997990001
1509,0.8884263083288757,0.20240386663719565,0.46611959390692725,0.507741984532048,2.0468471617652573,1.980303191447928
1510,0.8884636201853445,0.20262215190982036,0.4650898892147631,0.5066203318259277,2.0489387327692627,1.9759447669216952
1511,0.8886578931525422,0.201951049927266,0.4640634861623635,0.5099160591430796,2.0532445229301586,1.980411637793193
1512,0.8886894198827044,0.20203393446414636,0.4630403718934958,0.5087918543487132,2.048928676191755,1.9780392252795236
1513,0.8889993148877223,0.20192220896006077,0.4664254984412334,0.5120762140610536,2.0466241761811865,1.9824925583221247
1514,0.8888092420985029,0.2023559049087683,0.46755347951851917,0.5109955352579209,2.0464924918013185,1.9804760342427241
1515,0.8888077086090833,0.2025711118509493,0.4687238402919792,0.5098723255057127,2.0485883791139488,1.980531122529418
1516,0.8885956090382124,0.20308550959513375,0.4679062451264767,0.5107369210267996,2.0502542370777492,1.9788016825873325
1517,0.8888276677289595,0.20241272755551246,0.46687980383910144,0.509616522510667,2.0545313912804017,1.9788481851259112
1518,0.8888278568522306,0.2019661412349023,0.4658566379234631,0.5106911966679843,2.054411988394311,1.9788945392749986
1519,0.8886740397787445,0.20184956669045745,0.46483673468671344,0.5095731368142428,2.052103557319574,1.978940745310353
1520,0.8887896067694274,0.20162701473069258,0.4660072003625552,0.510645758660837,2.0498090345194564,1.9746125666646182
1521,0.888827809541436,0.20151560167582153,0.46717267742806345,0.5095312933119652,2.051895498252008,1.9790391530581117
1522,0.8887510109236095,0.2018444950070406,0.4683356627658849,0.5084191573587873,2.0561476378024417,1.979084992076142
1523,0.8889816249877642,0.20195028376529925,0.4673144253131053,0.5073105151466204,2.0538446457939217,1.9856733390032277
1524,0.8890584711496149,0.20172326162253668,0.46847482078789965,0.5062053963936703,2.051548969390902,1.9835261602477758
1525,0.8894362002950488,0.20172229970452465,0.4674553209324553,0.5072799974280802,2.0514369349061807,1.9835619744350221
1526,0.8899687522560971,0.20182829965460455,0.46643905649540834,0.5083511881785389,2.0469770382948185,1.9857717467310854
1527,0.8901579298379128,0.201496101697574,0.46542601500145314,0.5094189817946462,2.0447031481334133,1.9836307860437228
1528,0.8903075197477923,0.2012836703985233,0.46441675992079884,0.5104828154774713,2.044664989944669,1.9879776719924496
1529,0.8907961305191515,0.2017221758270096,0.4634101258606148,0.5137113784009952,2.0467357017258667,1.9836686855090007
1530,0.890563954092622,0.20225510608106803,0.4624066776521725,0.5125990100396963,2.0487880424538734,1.9816415741896019
1531,0.8904453691982629,0.20215169271123345,0.4635695881307916,0.5114901670674756,2.050865079560454,1.9795175110733523
1532,0.8902906224176961,0.2014877461892459,0.46256780021041144,0.510384821324612,2.0550774773539886,1.979561774409491
1533,0.8902784009019558,0.2017965420334179,0.46372445469319684,0.509286558624902,2.0592747192288146,1.9817715355042287
1534,0.8903911501260898,0.20200868238664935,0.46272433434375854,0.5081881739142808,2.056990290976773,1.981818752117839
1535,0.8902322029227524,0.201898356648603,0.4638819253426851,0.5092478104834284,2.056867676359454,1.9818579246511268
1536,0.8903819982652459,0.20254862651066005,0.4628834642946714,0.5081517037485554,2.0567460820301697,1.9818977989289461
1537,0.8904911044186327,0.2024300256540223,0.4618881484446032,0.5092093012894842,2.0544738118333545,1.9797864712089643
1538,0.890486190561736,0.2030771719983702,0.4630440659035388,0.5081154694833662,2.0565048972236135,1.9798298941360832
1539,0.8907098602698471,0.20383300120761422,0.4620503937594889,0.5070250760949935,2.0542377645654826,1.979873150583515
1540,0.8911919406155608,0.20469836519809237,0.4610598450361996,0.50593811015235,2.0498338670591276,1.977772501554133
1541,0.8910038576679865,0.20447285226385908,0.4622140760571769,0.5048545585637491,2.049756343417464,1.977820105209157
1542,0.8902831491540353,0.20380757895396512,0.4633646834715657,0.5037744087170303,2.049651389464004,1.9800070887561514
1543,0.8903894389474756,0.2036969812243042,0.46451168201150694,0.5069724251646364,2.0516826589506563,1.9779124321703583
1544,0.8904541850228812,0.20347589502868824,0.4635198320964037,0.5058899108246703,2.0537075563012195,1.9800948476114295
1545,0.8901627999697354,0.20374984016141967,0.4625310892690695,0.5048107875895622,2.0528192343967238,1.978866341404796
1546,0.8901998317433585,0.20329910278968702,0.4615454424938165,0.5058660283895611,2.052707168424946,1.9789118547319242
1547,0.8906798591856343,0.20405024506434508,0.4605628783685783,0.5047891120863978,2.0504661056769686,1.9789567483711992
1548,0.8909366320657234,0.20414889725871713,0.45958338598546034,0.5058422913943204,2.0503587779746866,1.9811300667519676
1549,0.8910203986331825,0.20403846592224598,0.4586069536163462,0.5047675772030639,2.0545075090616445,1.9769209513148331
1550,0.8912398149135307,0.20489871642793644,0.4576335696494669,0.503696218247916,2.052269735006165,1.9769695393618096
1551,0.8912636548820678,0.20527112300555558,0.4587835801295719,0.5026282024737563,2.050040073639698,1.9743627859530886
1552,0.8910383203676462,0.2050358239473313,0.4620476416356202,0.5015641190564674,2.0520517250147132,1.9723002421052855
1553,0.8909225804616334,0.20567077661681007,0.4653015461507618,0.5005033383299362,2.0540571090362896,1.970243336242641
1554,0.8909891804050993,0.20576606333928033,0.46643190230406034,0.4994452708825699,2.0602848568991923,1.9724202534422928
1555,0.8908703917356972,0.2056469506597725,0.46967022262840297,0.49839090817192383,2.058152253458769,1.9745857824178301
1556,0.890864464450529,0.20627936105890682,0.4707891010805719,0.49733941380265395,2.0601393455239254,1.9746394031943006
1557,0.8909370353794916,0.20604153594884866,0.47190450497231357,0.4962911846197123,2.0600125917401395,1.9768005291188775
1558,0.8910095895907022,0.20547587957673108,0.4709108781179661,0.4952462099618777,2.0577806714682345,1.9747438145429124
1559,0.891118349984963,0.20650916232418517,0.47202379757502244,0.4963079409457961,2.055555655384005,1.9705900275710346
1560,0.8913354825287492,0.20627310369855836,0.4710319053116656,0.49526501893763514,2.0512361914887625,1.9685504678193069
1561,0.8919466615729343,0.20689490067894337,0.4700430866849424,0.4942253286950688,2.0469301125776047,1.966517307780854
1562,0.8921609764481454,0.2065665587766961,0.4732516544766481,0.49318885802213974,2.0447345303298987,1.968684688607517
1563,0.8922625474926986,0.2062289547876682,0.47435522706597577,0.4921555947766222,2.042545760004929,1.970845362331148
1564,0.8925115708598981,0.20746764102858722,0.47336241483032493,0.491125526868737,2.0466426570424927,1.975092326297566
1565,0.8923950439942283,0.20797340338207246,0.4723726707620471,0.4900986422624203,2.0423756278731178,1.9751503068887586
1566,0.8924656745894735,0.20847816790514123,0.47138598331093645,0.4890749289740402,2.0381114481634324,1.9752006952562942
1567,0.8924835371050671,0.20847590790872841,0.47457574607820474,0.48805437507239235,2.0401186707775554,1.973165741478309
1568,0.8924006104930993,0.208234964647234,0.47775567123815,0.48703696868400365,2.035865816277897,1.9794861735403333
1569,0.8928240929407503,0.20812565211690412,0.47676072913590456,0.4860226979706118,2.0462037911699023,1.9774463609514068
1570,0.8928571580126367,0.20747391944467122,0.4757688514075671,0.4850115511623223,2.0419764146252097,1.9774928722344958
1571,0.893138060465737,0.20745437269723585,0.47478002655363677,0.48816026135717244,2.0439675444130208,1.9733829056063759
1572,0.8930555716892884,0.20745441307558488,0.47587053816922376,0.48714669663939036,2.0480297140358923,1.9755140353982283
1573,0.8925410509923632,0.20680374049233619,0.47488347806682896,0.4861362473055945,2.04585718947523,1.9838616728791743
1574,0.8926282124891185,0.20699526287064154,0.4738994498644434,0.4851289017152658,2.0436900270977576,1.981823251222936
1575,0.8927336400928101,0.20645555207579125,0.4729184422999153,0.48619472368648187,2.047739737983677,1.9839309542368453
1576,0.892768576955084,0.20701256280706876,0.4740084497337766,0.4851892704905519,2.0476422515345707,1.9798281747557533
1577,0.8929440903764877,0.20688768722726192,0.4771610559500118,0.4841868988294821,2.0434119465346203,1.9819357880034383
1578,0.8924646998054496,0.20667430929840958,0.4782401299698018,0.4852514723905656,2.04332355964366,1.9799093438406055
1579,0.8926405094758028,0.20633827106100067,0.48137771237026267,0.4842509751970654,2.0411724228557158,1.979950766991602
1580,0.8922917415405881,0.20611358705229124,0.48038619415447203,0.48737304073944243,2.039027936372017,1.9779323124369337
1581,0.8925375037159091,0.20569000778147895,0.4793977072006617,0.4863701770054882,2.043063013410604,1.9800354132074407
1582,0.8926424711139817,0.2058866590952627,0.47841224020869566,0.4853703771563934,2.0409191135080187,1.9821321478914382
1583,0.8928522661127424,0.20567519907221454,0.477429781927432,0.48642721076609735,2.0408350827946604,1.9842224219615578
1584,0.8930264153964936,0.20556936628736636,0.4764503211544836,0.4854292915120519,2.0387012791765007,1.9801517332431664
1585,0.8931306273371299,0.20587230723209832,0.47547458210860805,0.4864831574504949,2.0447677345494784,1.9781462765643987
1586,0.8933044738555852,0.20558951652153637,0.4765485109109674,0.48753454697119253,2.0487709347253835,1.9802384499995935
1587,0.8932567802427873,0.20533392705912804,0.47761916972551743,0.4865373520620314,2.0507173542338477,1.9782334868679012
1588,0.8932094063857816,0.2058330222682226,0.4766432319869926,0.4855431914563083,2.0465270803485702,1.9946246869475224
1589,0.8934511394855033,0.2057272984131907,0.4817941510568687,0.48659335028416284,2.044391392929376,1.99463565955467
1590,0.8935409619776691,0.20613403803530578,0.48081164938702625,0.48560106181793783,2.046349881005782,1.992612219152874
1591,0.8933897036329953,0.2059224985369741,0.479832131302725,0.4866490045275303,2.0503315920126384,1.9926272697019929
1592,0.8928690311555842,0.2058051584274601,0.48089076742009157,0.4856585853884866,2.0482021417145884,1.9885719111858293
1593,0.8929596071523935,0.20601539646379052,0.4839660152245407,0.48671764271724505,2.052288249436073,1.9926442272975298
1594,0.8929406769083332,0.20566729933657046,0.4829830244051083,0.4857290630248779,2.0521820224325027,1.9898078638278716
1595,0.8928827803413238,0.2058634671123345,0.4840320959423963,0.4867725626156104,2.0541052259441717,1.9877994592566317
1596,0.8928024049271919,0.2059374304596212,0.48710504806875754,0.48578584833067795,2.0560226087695583,1.9899161027519887
1597,0.8932487106595622,0.2057266866469735,0.486118645163392,0.48682714801582333,2.055909163110369,1.9919615541281523
1598,0.8933854286983921,0.20551615821441202,0.4851352236681209,0.4878653003649557,2.0578190656895696,1.9940008231128397
1599,0.8932575901914848,0.20520085032394067,0.48617575773789207,0.48687933183530496,2.0597231993727405,1.9919919622053248
1600,0.893108681400686,0.20580417098329995,0.4851955425034172,0.4879139479057084,2.0575850170873964,1.9920067787339395
1601,0.8934482591194716,0.20559403184944963,0.48825082314873575,0.4889467984468845,2.057471685735031,1.9879890061915564
1602,0.8932997138720112,0.20546703625629206,0.4872670316126715,0.4899765352085642,2.055340952675951,1.9841589684998056
1603,0.8933336013531015,0.2060517714566513,0.48628620334545547,0.4889902529345212,2.057242280193208,1.9801652431667345
1604,0.8932406560879158,0.20579734487667445,0.48530832776916344,0.48800693977017495,2.053105472253236,1.9781942233775507
1605,0.8930176537948473,0.20610062360742126,0.49025591443595573,0.48713075104185666,2.0509899039448207,1.976229230739574
1606,0.893051876075229,0.2056946664878886,0.4892720260735633,0.48816002182620033,2.0468743060365533,1.9762769360176455
1607,0.8931037608941763,0.20531228167646998,0.4902959733661629,0.48718132060942315,2.0447932445777632,1.9843440191497257
1608,0.892990190710264,0.2051040742697497,0.49131684829331096,0.4862055559122721,2.0447035716050426,1.9863782540611241
1609,0.8931933423930771,0.20519503671358577,0.49233466021164174,0.48723359489294227,2.042613249504945,1.988406385287512
1610,0.8936983658864357,0.20498716957251167,0.4933494203468312,0.48625967528513814,2.038530318616422,1.9864306833465941
1611,0.8934572194767387,0.2044811135059741,0.49268756893479065,0.4869622448508888,2.034782929055118,1.9844615202958094
1612,0.8934778146111411,0.20457291677572176,0.49170471518292436,0.4859908124471777,2.0307237764749275,1.9864874001053323
1613,0.8933307038259387,0.20487169446777748,0.492716608932526,0.48502336902402227,2.030662547433404,1.9865143292233527
1614,0.8933181475341436,0.20466510619131922,0.4937265577140305,0.48604863425074896,2.0325924050582063,1.982559384587735
1615,0.8932981792080611,0.20437925432381404,0.49274458165326646,0.4890597422722179,2.0367153443029604,1.9885607924578592
1616,0.8933984117814698,0.20366006779762086,0.4917655381960095,0.4900749390601972,2.0346554785489537,1.9885835212250582
1617,0.8935317843148289,0.20375272708730352,0.4907894193153857,0.49108710337434897,2.032601762281625,1.9905932419467347
1618,0.8936521071700408,0.20393825543346814,0.48981622734467795,0.49209623327491425,2.0305541731915295,1.9886289536068986
1619,0.894183240452928,0.20423543998905594,0.48884591757808976,0.4931023738595411,2.030493646632817,1.9846895453388955
1620,0.8940693785498597,0.2037236974268617,0.4878784978666793,0.4921265306765226,2.0343912740845007,1.9807618705478212
1621,0.8943661332436927,0.20341750337780662,0.4869139576889011,0.49115359209967674,2.032347840889072,1.9788228955064595
1622,0.8943836323009869,0.20301038595432216,0.4859522865678454,0.4901835475608697,2.032284047769823,1.9847898199026637
1623,0.8944167685534059,0.20261633201672338,0.48499347423831224,0.4911894452958964,2.0282747161964174,1.9848198304984137
1624,0.894711503033734,0.20200987133007828,0.4860085968308009,0.49219235509128767,2.0282189842753366,1.982878665077274
1625,0.8948093623814487,0.20220630316477517,0.48505158916114494,0.4912231708796504,2.0261945190864057,1.9848815761914929
1626,0.8951996387880323,0.2020324898922073,0.4860645692166507,0.4902568618971781,2.026144149531418,1.984911316378017
1627,0.8945970329771203,0.2016299295716895,0.4870745461077908,0.49125860016829975,2.030028183970462,1.98494096839433
1628,0.8946984291928269,0.2013287759868597,0.4861183124678342,0.49225737057099284,2.029969339321475,1.9849705325600653
1629,0.8947634384278512,0.20062732865263785,0.4851649164518324,0.4952144334257329,2.027949309989655,1.9850000161288772
1630,0.894811969367372,0.20052658831859288,0.4861736306385011,0.4981627533778284,2.027894550046652,1.9850294060324238
1631,0.8946336480834167,0.2004252988633975,0.48717936221334035,0.4971876807847625,2.0258826136004027,1.9889733833749865
1632,0.8946882802275754,0.20198916068038508,0.48624609051211226,0.498151520874114,2.0258513528280635,1.9909309760842926
1633,0.8946774039167114,0.2017435052864608,0.4852962444345805,0.4971784184114898,2.0218940007820665,1.9889952650953424
1634,0.8947748002439816,0.2019322550363339,0.48630067527212756,0.49620818781745163,2.0218512752041486,1.9890167405517194
1635,0.8943858213725712,0.20183348009630983,0.4912011917130163,0.49524081818872073,2.0237582006201222,1.9890381526764598
1636,0.8943797741361168,0.20192271933041053,0.492169503412984,0.4942989116935384,2.0217809891971315,1.9890549804819797
1637,0.8939262395015228,0.20211861300612963,0.4912175721220804,0.4952771704225001,2.017853573883629,1.9871249991237867
1638,0.8939449022256218,0.20182262327084005,0.49026280043283016,0.4943145081573687,2.015875196666937,1.9852063401498357
1639,0.8937122248611538,0.2017793812198081,0.49125257815111734,0.49529641850786293,2.0139037738119066,1.9852364121948403
1640,0.8938101885950529,0.20225069442213847,0.4922394466151737,0.4962754427286851,2.0138768032671486,1.9910844518760649
1641,0.8936333616292828,0.20244152138354932,0.49322264596433185,0.4953144999343481,2.009975730278683,1.9911001887578614
1642,0.8937544382053146,0.20275305234103835,0.4922678040618645,0.49435560836011333,2.008020488708303,1.987245573441394
1643,0.8939498845279662,0.20255686364101574,0.4932497529204907,0.49339952968464623,2.008007520532799,1.9930722095976043
1644,0.8939778049577577,0.20285136653058175,0.49232587852106846,0.494349198427314,2.0041861603560176,1.993027407777033
1645,0.8940469163595743,0.20264908574899718,0.491375627725638,0.4972552936261544,2.008038331796507,1.9949709913839135
1646,0.8943373937620444,0.20255143183466123,0.4904281589762624,0.496296487725762,2.0060946503810184,2.0026934741687636
1647,0.8940588931865027,0.20234095105793445,0.4913938988820949,0.4953563197245627,2.004175472908517,2.0026957675410144
1648,0.8943489780286132,0.2024322792685319,0.4904482880172498,0.49632742772577854,2.0060917818198387,2.0007662649174796
1649,0.8945582146897716,0.20271739480609355,0.4914278606975704,0.49921811877294503,2.002235231455331,1.99884237128817
1650,0.894622142821264,0.20251713468810606,0.49240457281193384,0.49825937104646084,2.004151451764638,1.9988446061335312
1651,0.8947339455739571,0.20260781577346612,0.49145985546970883,0.4992220003550492,2.002224907347168,2.0007654024054977
1652,0.8950830786761329,0.2025050570948677,0.49243455500281363,0.5001818224805845,2.004137305406146,2.0007639356517024
1653,0.895114665590694,0.20278193852267537,0.4914916677987644,0.49922410122539707,2.00604422230844,2.0026773613626543
1654,0.8952727905655011,0.2029680249656141,0.49055152659585766,0.4982691691730428,2.006032654165484,1.9988465817203038
1655,0.8950997483787587,0.20286542413177125,0.48961412159939105,0.4973170163747234,2.00795497986077,1.9950269446968958
1656,0.8951078980097547,0.20306320319317867,0.48867944305544153,0.4963676329230615,2.0064444071757372,1.9967831892908434
1657,0.8951710909343721,0.20342528093786538,0.487747483213769,0.4973281095240447,2.0083425381817674,1.9986964693258382
1658,0.8954367706774085,0.20350675965959347,0.4868182284721936,0.49828579819239827,2.0083266440094234,2.0006041491932
1659,0.8952616264526767,0.2031150127807605,0.48779496330527194,0.4992407068901423,2.010214088833876,1.998699707447331
1660,0.8956384938044569,0.20294999017860516,0.49067025453908725,0.49829145570180977,2.01019549501589,2.0006035696113442
1661,0.895826332279163,0.20256789395476127,0.4897382316105463,0.4992444457443183,2.0139751090565285,1.998702933775732
1662,0.8959200826830319,0.20180732047709274,0.48880890883722666,0.4982970840663097,2.0158461826765435,1.9968078042528814
1663,0.8960137486033762,0.20123722263543645,0.49167366499251963,0.497352465184534,2.0120247548027477,1.994918161500578
1664,0.8963250322075926,0.20188943230381093,0.4907425336846988,0.4964105793681313,2.010108182962407,1.9949277854181313
1665,0.8963050340837955,0.2018894322986132,0.4917060012360431,0.4954714169267325,2.0176566856484275,1.9949373815742728
1666,0.896130216028725,0.20170066581856066,0.49077666921381086,0.49453496821003334,2.0214033459042384,1.9930569343272213
1667,0.8961014159763623,0.20175264339010765,0.48985002075555273,0.49360122360766534,2.019879584758165,1.9918328538388341
1668,0.8961946049908383,0.20146636208256188,0.4889260463849848,0.4964426522577125,2.0198420873448746,1.9937344984152343
1669,0.8962059232682104,0.200903864527658,0.48800473660023813,0.49550717852610754,2.017920460301204,1.9975150129758235
1670,0.8960001990794568,0.20127313583542755,0.4889679204859361,0.49457503297636424,2.014122416433063,1.995636588085106
1671,0.8960218709097703,0.2012197445265371,0.4899291512248148,0.4974059294335669,2.012674231544205,1.993751794618934
1672,0.8958164280857954,0.20093913073157618,0.4927661314510856,0.49647145238880247,2.0126518764447234,1.9956422468481392
1673,0.8960456717432354,0.20103019748315418,0.4955949557655503,0.497416490732375,2.0145049627089295,1.9975272573244978
1674,0.8963233038908833,0.20102783832472845,0.4965406929354184,0.4964838567915233,2.0144781385418384,1.9956569378822033
1675,0.8962969527921891,0.20084268753574497,0.49561063160309393,0.4974269837127649,2.0125779445220724,1.9937919909979702
1676,0.8964117232563731,0.2008336641777254,0.49468324021077764,0.498367403186484,2.0106850067570887,1.995674817137525
1677,0.8957535587758391,0.2010420629642565,0.4937585093517498,0.4974357853765421,2.0093461463506452,1.9972439860673081
1678,0.8957353042503673,0.2014091691029612,0.49283642966940383,0.4965068384879716,2.0074612217613033,1.997249132827603
1679,0.8951178836445806,0.20145521470036368,0.4919229803088381,0.4974401690946971,2.003762537894047,2.001318944255219
1680,0.895365145866963,0.20108318484862162,0.49100616389138485,0.4983768098335323,2.0112104845677514,1.9975890065655801
1681,0.895347514029844,0.20090262810339013,0.49009197083145073,0.49931077048998884,2.007467737589896,1.9957316185864946
