0,0.5,0.5,0.5,0.5,0.5,0.5
1,0.49752490409835404,0.4912391928588201,0.5139001508121469,0.5160698641828543,0.5155274358401775,0.5244325841531575
2,0.48792277913976506,0.47743224627862174,0.5385927871345504,0.5210181864718197,0.5607402006699561,0.54937617616438
3,0.48258414227459073,0.4722026708106423,0.5710019557875585,0.5378649185073113,0.5661702490496849,0.5727583974224286
4,0.4743501466465042,0.4667874343006712,0.5653147306886039,0.5325077409471,0.5704912280293012,0.5770189545429539
5,0.4673349451216539,0.45921750500135844,0.5631725140538467,0.5535768613654808,0.6022934446305448,0.6034497419685975
6,0.4545292069228414,0.4526845525278546,0.567827862482653,0.5875217217342429,0.6062953114287392,0.6174361039926632
7,0.4515811814794623,0.448491797057485,0.5721194374437473,0.591617731859212,0.6095900642741046,0.6417103839872637
8,0.44361206712373796,0.44283755736243124,0.5810009312710496,0.6009525513527146,0.6320101837926403,0.6668837536372986
9,0.4322636991651594,0.4368038773044702,0.5852852501296354,0.6146858075862014,0.6259228648005992,0.6800954739347344
10,0.4262310204768134,0.43250942244824675,0.5893911328212602,0.6185006101076062,0.6314164928955662,0.6924499453153936
11,0.42081643870255214,0.4274136045206672,0.6012291701952218,0.6243876036569886,0.6527294769137744,0.7173867409393249
12,0.4159008196264491,0.42189110708312866,0.6094317253212644,0.6337172272662794,0.6772780833901615,0.7484654235813327
13,0.41118094990143916,0.4125549497811731,0.6036292795513489,0.6667321123513438,0.6706460684051756,0.7608191228294547
14,0.4039784896564838,0.40795795674891117,0.6075378814918702,0.6700184588072639,0.6982415386654617,0.7882984972193764
15,0.40048405427163436,0.40606798716734616,0.608150104983016,0.6666719946687059,0.7143192898623956,0.8068322940594389
16,0.39928692515980446,0.4071850245088822,0.6073090362289021,0.6648084640585976,0.737706882260694,0.8275238165684716
17,0.3942211480987239,0.4044201201973327,0.6258210060644187,0.6829469355896143,0.7697799110220274,0.8587551768291156
18,0.3861878351184717,0.39823415119972927,0.6344587335107312,0.690919830387127,0.7770037302012366,0.865448032298601
19,0.3804063604575006,0.3950274273907159,0.6380453489780049,0.6939524612241535,0.7878445744480096,0.877762414649897
20,0.38075012324556085,0.3869290545953151,0.6614652872909198,0.7456941786447702,0.7996583382990741,0.8792924790568069
21,0.3765879623987403,0.3809849649627118,0.6695826916293588,0.7531741708912383,0.8308093175956542,0.9198306017621354
22,0.37429353405059945,0.38161248620058413,0.6797380491714825,0.7584480403245223,0.8687346995592882,0.9528213790910045
23,0.3712223285507545,0.38101915090014693,0.7317309732553939,0.8096717611939138,0.8924491652073132,0.9797334959003438
24,0.36953201030026617,0.3801197325291333,0.7372817253569212,0.8183610857588778,0.8964308573528643,0.9867625539180273
25,0.36356812866596927,0.3750127320832384,0.7514473947399715,0.8377885734446756,0.8954234463531189,0.988954777300664
26,0.3631953301297317,0.3691161579807191,0.7538891975963218,0.8588356904779691,0.8964451834671328,0.998815779480819
27,0.35926193509827364,0.3640400367824455,0.7713845593307382,0.8548435269963509,0.9222865729028532,1.0129283288974824
28,0.36039546774779296,0.35838469851637705,0.7833352496933089,0.8854228859127559,0.9230412336889341,1.0128063920760404
29,0.35243038015947364,0.35723873427597175,0.793044189458992,0.9080741780889998,0.9335031582674249,1.0223965320011457
30,0.3461845938490029,0.3536114820542166,0.789875541046727,0.9044388546185069,0.9341484738979695,1.0222206695283362
31,0.34215034453004517,0.3520235859894989,0.8063972440232076,0.9199649660987425,0.9493865578764368,1.0365060738997995
32,0.33813226856045997,0.34801800756066026,0.8179573652787215,0.9497953081324214,0.9498767523948203,1.0264674443504294
33,0.3352868808030506,0.3435749231869159,0.8367256922132494,0.9623002204239263,0.9697124853344993,1.055237518408272
34,0.3339768265168352,0.34474959996655974,0.8621318306823397,0.9871652154468659,0.970005235820719,1.0547055511129435
35,0.33102719913696366,0.34079593478403775,0.8640320868140515,0.9963762093627664,0.9891298822166282,1.0564532858343445
36,0.331580146888795,0.3414418163086921,0.8632268666783682,1.0178207931895502,0.9852355231055796,1.0695543383333823
37,0.3266766002173282,0.33939202732233587,0.8636281228394467,1.0185658523427639,1.0055681214372127,1.0873432210307543
38,0.3216868539110691,0.33680167496789015,0.8816401046340694,1.0401965220298597,1.006495361017485,1.0952409705889021
39,0.3169223012546258,0.3337310176368405,0.9001126761556493,1.0513282085800233,1.008333661631212,1.1116592342674185
40,0.31468649992090164,0.33037286427436885,0.9294400019489619,1.0416832224209627,1.0556089682882726,1.1112705204964473
41,0.31110302003949397,0.3291990795773391,0.9301172573643464,1.0412831347098654,1.0550752172117783,1.110215106039306
42,0.309857045678213,0.32362489146115614,0.9404003006085206,1.0600404178806282,1.0874046252774814,1.1284084651177617
43,0.30661048730382773,0.3174923848982686,0.9314284754102609,1.0594289074856118,1.1074226993239618,1.127323931378564
44,0.30607270892304567,0.3118705272448009,0.9512232822844342,1.058860670397094,1.1159640897174936,1.13567574484348
45,0.3032534152088696,0.3078936210286086,0.9519135054398677,1.0867539693629487,1.1147808362858462,1.1344533277934354
46,0.299211703538453,0.30596194693855844,0.9593889241452067,1.0884596796694306,1.1312916280570782,1.1537649310127387
47,0.2960279201966465,0.3028770025626533,0.9824009459990841,1.1031546362202498,1.1330380237949895,1.168380594520545
48,0.29395708952757404,0.2984977461463939,0.9738028996697883,1.1109372233886823,1.1405357822997237,1.1675412511948782
49,0.29530875034207354,0.301777309789984,0.9776361739470897,1.11581888094732,1.145135608495976,1.169529786475995
50,0.2961201466172971,0.29565054953280356,0.9778488837237609,1.1052049049448027,1.1532676314198858,1.1774295280603142
51,0.29246738051686005,0.2929629220982893,0.974726711594857,1.0980350479295957,1.1679812706671941,1.1975894583814894
52,0.28919840677611797,0.28852365744741443,0.9773993193507576,1.1041649804549354,1.1639538948403907,1.1981463657487057
53,0.28605888187640643,0.28732941171039605,0.97761365968872,1.1031771006002946,1.1813249012695641,1.2057926731974278
54,0.2847801496086246,0.2884942696914025,0.9915828061176222,1.1168654797643816,1.1930610683045233,1.2188117931967581
55,0.2823636253323873,0.2856668749376108,0.9916624736075934,1.1062945138757923,1.1817821055225641,1.2072759205926453
56,0.2792416348568672,0.281841018928891,1.0106520909004066,1.0958340662888884,1.1800632845728027,1.1958606542852608
57,0.2752609377292343,0.27907581636296325,1.0199974125751632,1.104374764075956,1.1866829288882823,1.2045819361253296
58,0.27247177231266684,0.27868972769627354,1.0188776244799875,1.1043209141915376,1.2071159204309923,1.2276751206320404
59,0.27069198971614433,0.27914126768748027,1.0180201388336465,1.1040169988743194,1.2051634246290874,1.225560192552815
60,0.2670133894250358,0.2762269204898194,1.0323401278249291,1.1168006434098292,1.2133753701238001,1.2415447808012394
61,0.26327105252683364,0.27394548337116836,1.0334483141690858,1.123697538427675,1.2113678850537173,1.2486805037667554
62,0.25881406875881435,0.27127059043679275,1.033323955170515,1.1411425681862088,1.2002674739452899,1.2650458480137756
63,0.2581296367587482,0.26976882354691045,1.0336407564755161,1.1485770595832687,1.1977573811615088,1.2631869117288161
64,0.2552510109182071,0.2689696015727862,1.042358063529238,1.1569106402954943,1.1913859775236018,1.2559478280408027
65,0.2526216985261778,0.2661457406196023,1.0427814381692686,1.1639906581010022,1.1887722635272815,1.254369722492491
66,0.25174983001007495,0.26527961266798894,1.0517422565652945,1.17181679957888,1.2058020981127002,1.2426271803679096
67,0.24849497146024746,0.2642145810487268,1.069962269491568,1.1889138811408635,1.2319333028070032,1.2685121052453299
68,0.24685320813370368,0.26186293698455454,1.079230372784118,1.1959124097689806,1.229766441633815,1.275346107515025
69,0.242637224512038,0.25901773965338515,1.084868035629236,1.197040032726767,1.2276219701321802,1.2821094956318124
70,0.23954002682132555,0.2580728165693303,1.1013269790197797,1.2152483487252934,1.2280651630170105,1.286386733336887
71,0.2360678908558414,0.25679863684014415,1.123473823735928,1.2367258200777016,1.226332583716345,1.283381391441222
72,0.23500652231350427,0.25715848275953657,1.1278028681972292,1.2476556245603367,1.2176624301116288,1.2780078216415658
73,0.23519427999125547,0.2563525234995917,1.145195808268378,1.2453644358246274,1.2156342113495913,1.2754344786298584
74,0.2313397579360472,0.25424441123739017,1.1435370882564757,1.2433961334022405,1.2418021559216583,1.3017178270829575
75,0.22806858967809746,0.2512855075108417,1.1487343029491524,1.271718910402326,1.2379266345004327,1.3005508772649637
76,0.22641257787300048,0.24902414468095294,1.1451650743844584,1.262123148379085,1.2542077905334832,1.3166371002919057
77,0.22363675412585018,0.24823657435906174,1.1463910004264668,1.2663850805436394,1.2518541063938562,1.3138384434247357
78,0.22299800549518617,0.2426214590586863,1.1457866440032938,1.2816706935874291,1.2862872258425502,1.3398090446441948
79,0.22065200128678347,0.23706486169969196,1.1536799164526457,1.2883083431676707,1.2839063469946976,1.3370118038303704
80,0.22064055379360906,0.23437169303427519,1.168927656031574,1.2966740281066764,1.3049585362411493,1.3472843522239062
81,0.21855148448506753,0.2316670410575358,1.1581478789300996,1.303160055849768,1.3113681647728577,1.334859780921877
82,0.2158062779612281,0.22907237693797333,1.1673770218072055,1.326531890674148,1.3162389414174631,1.33324820701129
83,0.21374729166845916,0.22740528116734687,1.1729440026987332,1.325622724912577,1.318339795683796,1.3343733017955475
84,0.21116988013796875,0.22470800851649517,1.1863290945387506,1.3628195301121182,1.324607192662641,1.3496875942687045
85,0.2078717218464074,0.22324667485851513,1.1892731243836179,1.3640166255342254,1.3217514838132092,1.3471411386968923
86,0.20799868886742764,0.2221036388120732,1.2052997943974844,1.3612648853175835,1.3300710725479203,1.3533988437974438
87,0.20550894008568626,0.2216688729611336,1.2239560624886008,1.3740821324008978,1.3340081037924818,1.3615334498772709
88,0.20298063086295462,0.2193251808310938,1.2219051604872802,1.370656434585558,1.3491298190058192,1.3766726723030054
89,0.20133568835998905,0.21802228191807044,1.2297105196773654,1.3848754190794805,1.3797816712832265,1.3851231267396888
90,0.1990559305627779,0.2161611493949957,1.2206080011749483,1.4066396687327314,1.3691251071756176,1.4079532072281224
91,0.19824048738884625,0.21674193089751403,1.2335193536522322,1.4153919652649654,1.3848897161877405,1.4307458864576985
92,0.19641466655932058,0.21520053337622883,1.2383676510859658,1.413745965770858,1.3862145447380316,1.431102655069606
93,0.19498520808201447,0.21531256109944127,1.2300711027238191,1.4069885622386975,1.4040590189232478,1.442265771997622
94,0.19729336166577058,0.2135007910420729,1.2643881156244579,1.439695126001978,1.4003812839986154,1.4473430654369546
95,0.19655656460784196,0.21466302650611613,1.2766231726589035,1.4483385145661019,1.4133778713725489,1.453921180000286
96,0.19823545388827143,0.2122720846508311,1.2832095955313132,1.4715046362777167,1.409621931788004,1.4498122741141053
97,0.195317022924798,0.2110823603265907,1.284942034231724,1.4719983032987134,1.4149799434049557,1.4556230966243224
98,0.194769598354437,0.20982628274362022,1.2823586104020277,1.4677189358561185,1.4298643069171437,1.442425705775989
99,0.19304766223921208,0.20752316751866143,1.2898530948149762,1.4806029600041213,1.4572280513392577,1.4433909664920312
100,0.19018749114506922,0.20654951858565138,1.3005815957196718,1.4900482069669776,1.448345332648181,1.435138397659917
101,0.1886340031549081,0.2070172021019445,1.3268513177490917,1.5199070332852438,1.4479286303203682,1.4366250401812264
102,0.18778443120206256,0.20603228596842407,1.3148694582431095,1.5061818236167843,1.465581963044043,1.4471983729712972
103,0.185041263876904,0.20498283414980423,1.3203535315326305,1.5113333647171197,1.4704030923065732,1.4530153127724676
104,0.18291117216966998,0.20254806473329395,1.3354909304137004,1.506725099080134,1.4661637006388548,1.4399203711983584
105,0.18134620357653125,0.2006249332340122,1.3328273834366646,1.5198124590622097,1.4752931022951359,1.4496430081256668
106,0.17949241220668744,0.2002317990583256,1.3568165913567667,1.5421198771239124,1.4936659754445334,1.4700130997262928
107,0.18075916473623455,0.20246605604424942,1.3783615885767875,1.5664092453301388,1.4982155178822634,1.474775170560029
108,0.1812347263452462,0.20121643568012312,1.3659890345791252,1.5523487236710176,1.4937796727815718,1.4705155415911237
109,0.1794866735978274,0.19906721908948719,1.3739783015518798,1.5630263552096098,1.4803844960853338,1.4662962856106196
110,0.17967680897591726,0.20013277876072555,1.3708624783006003,1.5756648536022322,1.4852671743645547,1.4887734178166858
111,0.17956134237158028,0.20150430442806302,1.3972186009437086,1.603483603521754,1.487047077705677,1.487226463331607
112,0.1780530387905102,0.20066360170718264,1.3847268482772446,1.5980881930195114,1.5184544315761406,1.4739300005401652
113,0.17667733254029724,0.20111718500600007,1.4068499511567853,1.6207761107178704,1.5227553589992777,1.47908201704773
114,0.17565576479294182,0.2006529323102871,1.4088508941240085,1.6185286720156735,1.542032795906006,1.5046094262251137
115,0.17647759798669235,0.1987008985514444,1.396489444654846,1.6217324078628501,1.5465687767973275,1.518037116728511
116,0.17377704739164476,0.19815218790258984,1.3938155067170035,1.6242440847187969,1.5384478990740762,1.507788435413815
117,0.17495720851292096,0.19611569859306485,1.3903121822808677,1.6186909017719402,1.5605366781940249,1.4943753727481432
118,0.17391660233952802,0.19676311296954035,1.3931436700485316,1.6335533250039778,1.5644421713876038,1.4992483583660388
119,0.17303852503601846,0.1965351063726975,1.4094068988162016,1.643687312254521,1.59094642559784,1.5255612012768223
120,0.17382261620693445,0.1950215571733444,1.4057374621132093,1.62914743681447,1.576883610972563,1.5297690959424135
121,0.1744473450934576,0.19665696760620796,1.4110028300080248,1.6324333164643146,1.5890381851218505,1.5343904581900345
122,0.17457087720105433,0.19565480279388506,1.4242968919075327,1.6276062639079927,1.5953056298675599,1.538866375280556
123,0.17292450458882422,0.19407497532732543,1.433693248858013,1.63543621946213,1.6077268317526787,1.5606292856110162
124,0.1710786669598943,0.19346751852314065,1.4351474156457715,1.6333713768871214,1.5973507744893118,1.5525032843567703
125,0.16981365394250883,0.19179568606296465,1.4322812668018803,1.6356328495092216,1.6009041414327245,1.5652773980373356
126,0.16789618166964196,0.19028967286032603,1.4284702109738914,1.6652936098082525,1.6132387782425857,1.5514776801028933
127,0.1660423186507097,0.19056041200651497,1.428332673034276,1.664605338205526,1.609372827584192,1.545152283438876
128,0.16713390914887355,0.19229239431809353,1.421855157213792,1.6614666020021602,1.6300708014802674,1.5582888547095444
129,0.1674120899537252,0.19460699822502436,1.4299224488009592,1.670246413154762,1.640066120806929,1.5646405172571802
130,0.16578835975458395,0.19454877874559082,1.4255362528208149,1.6649720766256624,1.6344457294452528,1.5599099890736454
131,0.16374268515931842,0.19391932573047355,1.4218033731745932,1.6591388233747648,1.6360521091296871,1.5582056906170278
132,0.16234472384146217,0.1941806947547794,1.4200497136840757,1.6601831532146025,1.634046852526661,1.5585300510405402
133,0.16317058278220628,0.1913690162243198,1.4338816269134445,1.6631581310853134,1.6374182593669162,1.5448856644936553
134,0.16400757286991588,0.1904266591341706,1.4301841155156385,1.6660069424009467,1.6233155577103475,1.5575147756972942
135,0.16299377991219188,0.18843055759185146,1.4188916671023728,1.667721795118694,1.6254034118490566,1.5538469781624444
136,0.16233757319352501,0.18877891472809158,1.4182051235734952,1.6676523394238316,1.6229379158666024,1.5547913664080526
137,0.16097945401698258,0.18900814650514558,1.4158731112698213,1.6692357002132565,1.6316007158624777,1.5622946335407482
138,0.16180930750930697,0.1876427989159366,1.4296367699143726,1.6547306598253158,1.6436313267966738,1.5574440256225788
139,0.16025547224593623,0.1853470160298515,1.418562512305246,1.6476661678447926,1.6293279863063688,1.5525929914686452
140,0.15992483288909268,0.18676376674468642,1.4236172869882164,1.6507292110307301,1.641244231060935,1.5651772263852781
141,0.16033537977008205,0.18587550021932553,1.4198939405432496,1.6364370798528274,1.6532801449386876,1.560445824921855
142,0.15982875545891997,0.18444121966153443,1.4249270640252591,1.6395914290287252,1.6520307508239054,1.556394588825698
143,0.1581341473831971,0.18429281395707364,1.4223343564978084,1.6416249198924404,1.6658765993083666,1.5670460401807167
144,0.15770782561553914,0.18298662362526533,1.4423925804049658,1.6469895128890488,1.6816515026516239,1.5939020068880263
145,0.15500080267120322,0.18235929658876013,1.437916120304414,1.6506927979565587,1.6850549537804516,1.5887628242441485
146,0.15432473673403665,0.18293686783221816,1.4564493857817586,1.6659601198137393,1.6913851132622364,1.5973570628788776
147,0.15260614430406091,0.18136374632752905,1.459758123518389,1.6615946281875178,1.6820775466339277,1.5955389959161361
148,0.15258587016458083,0.1793811041363692,1.4723175888484306,1.665237201266767,1.7043789377333094,1.609823684186892
149,0.1514702018078297,0.177841893559679,1.4690128735698231,1.667356786957678,1.6975455991627997,1.6053342588597448
150,0.15265677288137366,0.17541871645864843,1.4734517489477919,1.6617441670341255,1.6834564863923693,1.6172068849652006
151,0.15078294337906778,0.1753461558584319,1.4746756873325197,1.667956226663738,1.6794013590403774,1.6188245813014865
152,0.14901797700330238,0.1751546568890199,1.4787664569706647,1.6712301484071799,1.6817335591508833,1.6229392692620548
153,0.14983087493821934,0.17627217372064602,1.4801175140730616,1.6771732230704415,1.7078710754608852,1.6370949270761819
154,0.14853254492125118,0.17485199757718317,1.4723607525036466,1.6750088549485682,1.7128413508746525,1.6548855152710065
155,0.14674534408158288,0.1746947980413599,1.4597512315518935,1.660663824890594,1.722172735752354,1.6601489477232665
156,0.1451528721596976,0.1730711917072419,1.4643733795412175,1.6550114548192858,1.7416608962524016,1.6459453908271722
157,0.14408190590711625,0.17168271107999375,1.4752545987139842,1.6687509703861576,1.7492643732920237,1.6606701488841793
158,0.142972115324971,0.17030563807164006,1.4797351361787545,1.671579339503288,1.7428667810743024,1.6635675160780856
159,0.14261926695564495,0.16951645896338585,1.4756430129344542,1.665850792189736,1.74496557614538,1.666703680052456
160,0.14129714876739363,0.1689698239714735,1.4715898505420812,1.6516553481306466,1.7386173982583206,1.6525009681624174
161,0.14147790961904375,0.1706309615046483,1.4675752435362703,1.6461078578210646,1.745277030262884,1.6595388739141994
162,0.14377975810412294,0.16871315699548012,1.480605126941254,1.6406155785249412,1.7474427624989644,1.6624380278447137
163,0.14439236918206924,0.16683094243634713,1.468515230847937,1.6601715060702293,1.7327189414162825,1.6653059246155835
164,0.14357931964632417,0.16669235543315297,1.4701466051203056,1.6744227538226542,1.734868856041951,1.6601279162474087
165,0.14204754964752012,0.16517900168629854,1.4746391986963867,1.6771833027949348,1.7358087130412143,1.6558389064845533
166,0.14084299417625568,0.16367379201268945,1.4716205569330192,1.6789159377767677,1.7305778447417381,1.6662228007134379
167,0.144393713895259,0.16221728364436497,1.4760915659289622,1.6731710895476697,1.7159548569741405,1.6775092181899047
168,0.1433434988957121,0.1609455131561205,1.4963479859930309,1.685467025289164,1.716196970148384,1.6739409413681559
169,0.14404820023035816,0.1623096766662285,1.509309131511382,1.713195880982144,1.7248619761106843,1.6788716467451528
170,0.14266587104069894,0.16098885226917417,1.516854655633033,1.7206464566868493,1.7356198669812808,1.698454190009607
171,0.14140615560050276,0.159758717331836,1.5124984930918652,1.7145726928814338,1.7352124144697072,1.695203172724018
172,0.1410547226187815,0.15702642780516826,1.5166031542489145,1.7169759313619077,1.7292333059304938,1.6896949116091742
173,0.13923450286133104,0.15647445523819303,1.5122578107990532,1.7109451771138402,1.732188580060032,1.6933695487031943
174,0.13797804006884432,0.15547569635751918,1.5234304905618332,1.7062998985447315,1.7344389911133626,1.7043491238493018
175,0.13792788747398632,0.15698462676176358,1.5284148950731544,1.7077815763609072,1.7327177987978375,1.702389893631132
176,0.1380100460243972,0.1580126941524955,1.5155973329030685,1.6934598129454272,1.7342825406595606,1.6971912553164459
177,0.13647266312441889,0.15783706899209168,1.5205251689572792,1.695158336230427,1.738247884685028,1.6992561941571063
178,0.1351889986940209,0.15620536860982298,1.520447665688745,1.6934306927435776,1.744717591877884,1.7142331024285895
179,0.13333525871791824,0.1554980021545627,1.531301504581416,1.7058717812604314,1.7434298863849165,1.712941282699291
180,0.1325409173132229,0.15408513568382792,1.532258226192989,1.7196394260710217,1.7324638857618493,1.7200953508935282
181,0.1334785510362709,0.15179398891065954,1.5343895473129001,1.707061828285937,1.7294868113280175,1.7456923533890545
182,0.13265710233405612,0.15075152680307818,1.545408380123074,1.710702280380634,1.7460168085657053,1.7585453098815387
183,0.13192306916114524,0.14979774810347865,1.5574432291270268,1.7048623049099292,1.7569135604903987,1.752385439698813
184,0.13097843900160086,0.15028764184726906,1.5528056593179116,1.6989983030277056,1.7538992595909102,1.7522737552685053
185,0.13271595785700108,0.1522162954749158,1.5620547130644644,1.7042785814402313,1.7642556626085328,1.7626436665883027
186,0.1314640706508735,0.15099901126055806,1.565690857142358,1.706733878293239,1.7643773150408664,1.7664500441033304
187,0.13052817096407443,0.15002791972087798,1.567495206658714,1.7109643562363024,1.7580372352789089,1.7683872095838462
188,0.12959587573972678,0.14894566299056144,1.5627928579134993,1.7050732010173462,1.7513554470629973,1.7624208203548302
189,0.1294734169815196,0.14769653583240916,1.566411999641997,1.7323481604647932,1.7539308393737711,1.7478317386127542
190,0.12842745268429495,0.1465602711384787,1.57907958750961,1.742018722182894,1.7514247346259024,1.7544580632306872
191,0.12790005898072723,0.14707698084663912,1.5742956223258617,1.735888663708758,1.7651386179663557,1.7698795039146633
192,0.13022798465222735,0.14584341360262013,1.5695559211093595,1.729815324022718,1.767082602586918,1.7717964795223942
193,0.128960713942666,0.14445117188606213,1.5620434982197378,1.726614665219079,1.7635746817892648,1.7708614394256497
194,0.1306475619652615,0.14617071990970357,1.557414182521223,1.7206298460954272,1.7587743689326203,1.7794966179015625
195,0.12996486140797525,0.14714711040552325,1.5732447216498135,1.7354248506569647,1.7522234499683849,1.7735263721731058
196,0.1290429248144418,0.14591261290197508,1.5839406694186842,1.7386318459325671,1.7604160155149209,1.7774523234583315
197,0.1274612468737125,0.1460856113191387,1.602605480727358,1.7583776310078207,1.7659015891163248,1.784201601502359
198,0.12599436139053258,0.1449250482581441,1.614069284092871,1.7685635266128483,1.7576870994065044,1.779699511943816
199,0.12670271655213772,0.1446018767977212,1.6254510565776983,1.786827883069343,1.7517115202500162,1.773356242987247
200,0.1253127136553893,0.14301654810367062,1.613195248500782,1.779333621617345,1.751639815191046,1.769129056794095
201,0.12478758077900899,0.14418630204091973,1.620192321389413,1.7854842549336571,1.7526463303476623,1.7720890808842882
202,0.12569019072220777,0.1466841527517962,1.610840275744056,1.7751796392911836,1.7632364576538881,1.781724340175509
203,0.12477599997617915,0.1453144934919572,1.5984259547322146,1.7681173989005103,1.7488435421051756,1.7753432944787282
204,0.1254467415296054,0.14738471135912895,1.593546016251955,1.761853690545934,1.7398420849688878,1.7637619841632357
205,0.12440595265058091,0.14690758527614847,1.5887107095588915,1.7475007967368061,1.7338149812780064,1.749393544491365
206,0.12393738744433666,0.1468176842070384,1.5925146716059735,1.7572372957708793,1.7423857458536123,1.755993140637811
207,0.12284245994800991,0.14541911843242347,1.5934220404296908,1.7697467677259213,1.7550159638278096,1.7637015938846765
208,0.12179382018154991,0.1444236016352844,1.5804801544928018,1.7553727599464692,1.7461007103899557,1.7602817164510098
209,0.12222165481414615,0.1435051256414373,1.5916606313772284,1.749581140871947,1.7485223339205627,1.7625642186937238
210,0.12172979735358005,0.1426143092619494,1.6029975062028954,1.7435840564594607,1.7591156806648014,1.7565407977239573
211,0.1225197100666694,0.1449733959795377,1.5940904010057757,1.733489152703923,1.7529715470178013,1.750417646950975
212,0.1231404653104443,0.1467925710740855,1.6054637133413379,1.7437347783493986,1.752905684948885,1.7545016572152978
213,0.12207497136525969,0.14739752312068502,1.5994735337417583,1.7388213275351472,1.7640812416344414,1.7635638016827433
214,0.12204694308418275,0.14505338944075225,1.58747451526627,1.7561626117617282,1.766039029910094,1.7659298181454874
215,0.1248172289633796,0.1430078638148869,1.5908017042519398,1.7581292613445159,1.7680650654245658,1.808057459613683
216,0.12579372794428903,0.14242026395103924,1.6021690172083662,1.77617990049405,1.7780489834274544,1.8015982746588928
217,0.12455919443845459,0.141329741220296,1.5996180224922902,1.7756854513829983,1.7740822781532775,1.8089485251295283
218,0.12522377753043795,0.13935671420715076,1.595132364806421,1.7851944527686432,1.7683736251388091,1.8263993157860676
219,0.12420530369272019,0.13791355713091893,1.5941187071367235,1.783152862512798,1.7622011129315047,1.8277938877852213
220,0.12383022364707212,0.13920630469887943,1.5973759808093644,1.7848931015539762,1.7600761702841663,1.825255963729067
221,0.12381967493186183,0.14049729690821075,1.6018649999952683,1.7853565341740751,1.7747714751944401,1.8382205285311068
222,0.12323784134546638,0.13926861586948017,1.597588258747691,1.7945411123038244,1.7682943674061566,1.8317789355360627
223,0.12244439469560081,0.13822479223306577,1.610159174953211,1.8108373047438584,1.7607971184707365,1.826473760375044
224,0.12316810403005649,0.13764613445669863,1.6055350983956378,1.828082595411438,1.7548768975988742,1.8279451212276587
225,0.12411434264070208,0.13654417500376756,1.6086849646122618,1.8294553837699479,1.7491018659086213,1.8373041695274166
226,0.12399121895771012,0.1364517304967524,1.6150666929337123,1.8435100736287218,1.7612190170850814,1.852654374719545
227,0.1229694065936021,0.13536055542571251,1.6181343064556803,1.844757174374165,1.7710911201849886,1.8378901869833975
228,0.12193817708599906,0.13423661620525512,1.606728831642351,1.844516215213542,1.7642138342332168,1.831957982412584
229,0.1228535562899437,0.13217108086321985,1.6172381024479008,1.8304180637943186,1.7583123961903835,1.8334850726419003
230,0.12190487620858001,0.1309474887419778,1.6043886022914648,1.8397107852862817,1.760232685415736,1.8189174176428775
231,0.12163626129567275,0.13141568189730723,1.6199046828285977,1.8524192912829334,1.7543317700985497,1.8201343538260482
232,0.12034671093883126,0.13160841282891222,1.6229186339109787,1.853589526791454,1.7524226572613937,1.8180069416726683
233,0.11930667698814618,0.13038851154302064,1.6179841616923039,1.846827786851746,1.7599129890064025,1.8297625386809924
234,0.11828003827848173,0.12943155691492997,1.6242256898548288,1.852735150730635,1.7697265640952866,1.8469369692641329
235,0.11714551576266836,0.12949765981627906,1.6311744574634073,1.857827086744819,1.7596633248055233,1.8383577529778177
236,0.1159576431433699,0.1280647670566127,1.6469174532484927,1.8698132782256565,1.753663650679254,1.8396343722057096
237,0.11506260563279666,0.1269273369595539,1.6652928412442507,1.8868104941769386,1.759837521901665,1.852449169911284
238,0.11418560859551373,0.12736839801936864,1.6618954102745915,1.8858562317991894,1.7663696985880983,1.8579463098381854
239,0.11386650663996493,0.12853227657287775,1.6645576961320745,1.8867550168173035,1.7573468566315111,1.8542326829066702
240,0.11405155199673578,0.12984782473323556,1.6642272933632953,1.882748640184421,1.770093322387677,1.8681476616450312
241,0.11356954928048821,0.13095052245602776,1.6733964391480867,1.8928563786191357,1.7784305288481903,1.8783938381867935
242,0.11342285676908982,0.13215131296820917,1.6899671229390905,1.918943662754799,1.7801789023894852,1.8793657326605753
243,0.11371464259246179,0.1337903518407796,1.6981195068766344,1.9217011952562066,1.7807121626559008,1.881526612929767
244,0.11472870046576102,0.1332647406747052,1.7084441319015358,1.9378598570460077,1.766760503059677,1.8747445132731253
245,0.11446016218994035,0.13472053518856475,1.7203657548022115,1.9521877650226762,1.7642840290342185,1.8723004774559715
246,0.11592737478491133,0.13369050381610925,1.7225909584107577,1.9681613827158653,1.7583095077115904,1.865518447451454
247,0.11675724772032035,0.13288174849546994,1.724086911548393,1.9612696819501694,1.7546029508999412,1.8886611548421375
248,0.11645721687008408,0.13406496228711828,1.725251314746502,1.962560629860563,1.7599253748782804,1.89408593485048
249,0.1164673258870487,0.13327947659368117,1.7489368823481066,1.9569004172857951,1.7700233676741934,1.9109641484909052
250,0.11567976343447549,0.13400416481754238,1.7353161482129549,1.9416600615120456,1.767797707160945,1.9081044588993556
251,0.1147546049277641,0.13299402236000604,1.747084497241214,1.9557455809843525,1.7735268651983702,1.9126770782313087
252,0.11349558968676941,0.13229132928178558,1.749675564396708,1.9554642514089742,1.7633157972914513,1.9097822147148096
253,0.11276873652371858,0.13146810432834433,1.751619253239524,1.9558100571927133,1.763873760599807,1.9039978615300315
254,0.11204561044587669,0.1308466031226781,1.7604881632000378,1.9492105940863673,1.765298033906098,1.905149880823149
255,0.11134928267494913,0.1298250637309766,1.7468458499787485,1.9341058396127868,1.7666270204335897,1.8986254827941844
256,0.11054415414575613,0.1292647622789514,1.7474550120646277,1.9282251447105794,1.772123246994633,1.8957206770951363
257,0.11039752069469166,0.13030186406651167,1.758577534949377,1.9350781726795734,1.778865705705783,1.9002545423346324
258,0.11067642467133419,0.13154346371686784,1.7515714458394707,1.9367251108651011,1.7750420789596626,1.8988342534782878
259,0.10999338501234297,0.13062771568683462,1.7563236710645025,1.9420969148094807,1.7747297186523876,1.9093819415658384
260,0.11055571317344974,0.12994104465514583,1.7585268157005913,1.9499296188865034,1.7645862262285938,1.9100806535424195
261,0.11132075748147129,0.12893430756854474,1.7570257881662663,1.9459735416814188,1.7670657654033226,1.926009953132354
262,0.11055796862055678,0.1279161093925121,1.7634819588372603,1.941802823907732,1.7611631097794571,1.926579314699447
263,0.10956671181073933,0.12719231244130202,1.7597098786389873,1.9401530844856845,1.7532146045499848,1.9185239302641968
264,0.10877929659567062,0.1273583081617489,1.7769147139825832,1.9559721637542695,1.7666564273194332,1.9333755044381287
265,0.10938584700790724,0.12918853602708977,1.7730682771820094,1.9465237893224951,1.7740054223761923,1.9436756487767688
266,0.10987069325543208,0.13087536759796853,1.773910038983204,1.9478311836402271,1.7928617090332466,1.9576442293584342
267,0.11029377389668016,0.1326221596737962,1.764674745486737,1.9362268375200942,1.7878285423344344,1.9492751847344014
268,0.11081570767997191,0.13451765505614516,1.7647722054126085,1.9384172046589587,1.7903027425058762,1.9488125536506549
269,0.11157700267158509,0.1334687389281103,1.7740336582330385,1.9314238099435166,1.7929953066391586,1.9418284521088922
270,0.11086910038498278,0.13285443074108158,1.7826239887760256,1.9250819566905704,1.7941913154618234,1.9426567443357983
271,0.11419745308162685,0.13493774899275904,1.7851848614618202,1.9400024966107603,1.7936285489751782,1.9376002805845915
272,0.11340299890236569,0.13529425444774817,1.8020585249700363,1.9556966753686755,1.8071613258972443,1.9503836163735484
273,0.11257343918488187,0.13422218518915427,1.802749325598371,1.9568495824389691,1.817055652675734,1.9651673811815458
274,0.1122888419809918,0.1349657826666417,1.811852406497124,1.9647809896569035,1.8196513944400319,1.9643628601856886
275,0.1115242836322801,0.13539450693763033,1.798090080703391,1.949857060977046,1.8205371147138245,1.966608783379978
276,0.1106107855649116,0.13426517841637356,1.792034069971891,1.9426494227746036,1.8140799186098988,1.9595048853175987
277,0.11010741696973408,0.13362582843496734,1.7860300200858217,1.9355036264332743,1.8079087491768027,1.9446507704133484
278,0.10931178685691947,0.13278563675997687,1.7800774397275634,1.9284190872051439,1.804999389067631,1.9494339894158037
279,0.10853396943222732,0.13223601382424452,1.7804303112899524,1.9227061567036159,1.810107254446266,1.9461839335179183
280,0.11227805375247962,0.1317452439752718,1.7745319458838307,1.915732493589839,1.8115457379661197,1.9541512210121113
281,0.11233043963908743,0.1326683454148242,1.7812513323364871,1.918901981739017,1.813019434778046,1.9620044062960675
282,0.11288921568502892,0.13371629411638758,1.7829012959719397,1.9195136827494375,1.8167215548597546,1.975086532437667
283,0.1122276246916237,0.13309758024953894,1.7854213964331447,1.9267711421878706,1.837171312777894,1.978811135414257
284,0.11236001866620028,0.1321193633537718,1.7870366725874722,1.9499053839449658,1.8389175153230906,1.9639153052251264
285,0.11173602651196896,0.13141869377067805,1.791470687371696,1.947449602392738,1.8422511485896838,1.970524621905855
286,0.11107611758556452,0.13041578634469725,1.7886294833150913,1.944739574550696,1.8284110044184771,1.9632334332429164
287,0.11000992695857001,0.1294266057322875,1.7902158438341151,1.9451543105250981,1.8196981741427232,1.9584997618749642
288,0.11066135412714186,0.12805736582313731,1.8064920928378576,1.9383597703879623,1.8137000187664614,1.9589082026779712
289,0.10972800404960156,0.1270616975138609,1.8224695048764814,1.9467638151977147,1.82122886068111,1.9530825529387859
290,0.10913297332297989,0.12793613324547737,1.8162060912291205,1.9397887004855,1.8188798091420488,1.949698915649988
291,0.10829891216982865,0.12681035776922048,1.8177246753059015,1.9326189368156517,1.8202337109647684,1.9575500809218984
292,0.10891458197598305,0.12830777534778373,1.8290848341681232,1.9529938747450883,1.8265443002779749,1.9603671974578143
293,0.10798270222232151,0.1275138865462218,1.8263446904399283,1.9498995381471114,1.8169330840953677,1.9566476582326477
294,0.10728988738309667,0.12826102357209904,1.8201861377237898,1.9428201601969726,1.8176748751824312,1.957730650677925
295,0.10727349064269309,0.12713602211953218,1.8199342100761464,1.9373912649422418,1.812327158590896,1.9596360579863765
296,0.10879516749627713,0.1289187754552595,1.8138356425035635,1.930419066562242,1.8028990436194596,1.9558849162449323
297,0.10822588049891206,0.12801211273431648,1.811775603159192,1.934379405977798,1.7969331503505337,1.956212710733323
298,0.1090404672335057,0.13022421515943314,1.8020833017857258,1.9236869619268893,1.791021278167448,1.949118721730146
299,0.108173649384675,0.13056482073529527,1.8065946817255019,1.9286247524943712,1.7965001389253725,1.953855472022733
300,0.10747599135358034,0.12947310531857723,1.815232582413586,1.9293565766892276,1.8003417214733624,1.9592714828025664
301,0.10758370380353069,0.12846436204863634,1.8166000050024211,1.929879392963058,1.7944467086848517,1.9596559815273353
302,0.10671453138547889,0.12889986896740763,1.8168567175760093,1.9314970547026482,1.7991135160354084,1.964718860381001
303,0.10604657675870809,0.12960438028582302,1.8034374302776464,1.917231034910192,1.7967600976884948,1.9616508095964036
304,0.10624418881096305,0.1294262062345454,1.804258971836722,1.911091962769645,1.7950933850088162,1.9664072166407023
305,0.10559031902504575,0.12862179109416322,1.7983305909646714,1.919118558437699,1.7892325658196744,1.9519123694111198
306,0.10796140507568891,0.13066474141340625,1.8031277390246134,1.9164020770347172,1.802200281135277,1.9703062959482747
307,0.10726723350435861,0.12991912646267637,1.803614367318726,1.9032657173159848,1.7958180581082395,1.9636490636898767
308,0.10668494250479023,0.1307013575730959,1.801683747070795,1.9000013675419796,1.800692510820685,1.9681666738581955
309,0.10593707654460575,0.1312423160975913,1.8103433233483504,1.9082155771875886,1.791212192136843,1.957671101796579
310,0.10505110023094284,0.13058288131807647,1.819068824032771,1.9162232368052372,1.78540907039634,1.9579815618120553
311,0.1054129586348896,0.13141505758333433,1.8079972364912087,1.9072529598714871,1.7886831338091234,1.9712469937062733
312,0.10451104417565935,0.13168097611220528,1.8126818810497147,1.9119724465595558,1.8008289693138886,1.9835571708759727
313,0.10486467934107985,0.13032807011231373,1.8067391455050756,1.9053036488414368,1.7973913140457642,1.9690524107981882
314,0.10548843660020193,0.13216744292601845,1.8008457625395504,1.8986902334240285,1.788758856571861,1.9574770483208497
315,0.10483220719286845,0.13119425851054506,1.800318154703957,1.8941127053895725,1.7969721952069986,1.9584135405613852
316,0.10481335397079786,0.1322054145851889,1.7944833595656806,1.8875940922157803,1.7995301779913762,1.957647294397956
317,0.10488177756212345,0.13333249081344228,1.804874468060549,1.894085126519581,1.8009948908181723,1.957984554887877
318,0.10488827051917747,0.13173666398791375,1.8067642517680644,1.9016617490803012,1.8096024481949256,1.9528944121387921
319,0.10410017374652897,0.13059508457996272,1.8019560839490651,1.9013205415142047,1.8150871441355967,1.94913606844919
320,0.10482513084971405,0.13247464508937584,1.8046748205698417,1.9007564588203993,1.8237124509990894,1.9567907121802628
321,0.10446034630108073,0.13288610190092412,1.8032649278811261,1.897048988988661,1.813672884171488,1.9475403304605399
322,0.10386260298341259,0.13189425481040182,1.7974436814852168,1.8905480911990875,1.8212121504915655,1.941731547652771
323,0.10312944557851857,0.1311626276758204,1.7916703977279549,1.8841007558582337,1.828317599671205,1.9508218012060565
324,0.10230144115594267,0.12992893068540745,1.785944639657538,1.8777064949986069,1.8288172423316642,1.9519195333640742
325,0.10266823318097677,0.1311699952021741,1.7852106212474221,1.8808707259644972,1.8180916711895854,1.942587210566264
326,0.10198232021003449,0.13007636761456476,1.7821901583059634,1.8863014310635824,1.8167574668883393,1.938430795239299
327,0.1021051704430278,0.13093503078764945,1.779147263047274,1.8845239421478275,1.8093171269449135,1.934284480988801
328,0.10218522760094756,0.13202755232420957,1.7885381763033648,1.891963077548238,1.8034907378843328,1.9275592217511506
329,0.10147243501806831,0.13258515644915336,1.796547861202922,1.9006455033988736,1.8009524302250577,1.9250758313946896
330,0.10103370360801983,0.13282908882963004,1.7959312621138175,1.9034390512562627,1.7915905625952104,1.9151251325494116
331,0.1015736927419869,0.13173626959899423,1.811510242847549,1.9043833118523894,1.8005607311504033,1.91611084054112
332,0.10260761963266374,0.1308465651866156,1.8200375061885414,1.9122442226969263,1.7881796357461528,1.9167127346254866
333,0.10234365275858001,0.131948043626387,1.8213274237048414,1.9128732299522844,1.7860690178413456,1.9138462312522089
334,0.10349378674943134,0.13127999356061765,1.8154462776229334,1.9063365666622714,1.7947708560288083,1.921718255714462
335,0.10273674725884312,0.13053271897703403,1.826264551427147,1.9261220095897553,1.7890855573964037,1.9222782348459977
336,0.10213622305546356,0.12972084751799154,1.8198332511127533,1.9128841195777464,1.8093983793375945,1.9183205360535156
337,0.10253986679623792,0.12907940216796215,1.835291797333907,1.9136119044728124,1.8111272290709703,1.9190095098907871
338,0.1052083937305299,0.12737285870552945,1.8293345355951205,1.9070960674204342,1.7982964980272131,1.9266783855307514
339,0.10617831716504313,0.12634657030346927,1.8234256725847697,1.9006331671436851,1.8286721931914363,1.9203534673760012
340,0.10687632277466622,0.1249278677261046,1.8318001794725551,1.9084581339982516,1.830354620991703,1.9066849613030759
341,0.1075859732393642,0.12391474032777758,1.8401067683620669,1.9162196396732596,1.8180826405298405,1.9141408737430894
342,0.10749566028119613,0.12299279652581954,1.8379732002490032,1.9129806567251024,1.8327407903220778,1.9384816660913227
343,0.10675334044125327,0.12220221578746238,1.839291754538511,1.9205258111465253,1.8405178570853884,1.9323280921967714
344,0.10604032017090036,0.12133392425680331,1.8330489054259476,1.9284713830160414,1.8291689991222404,1.9311087323757041
345,0.10704508412435972,0.12052830877159011,1.8413134905927366,1.9360601667747541,1.8167300008408884,1.9315966343547815
346,0.10649037837668078,0.11968539519723786,1.8433508308128095,1.94267306059946,1.803876409227929,1.9250054718372573
347,0.10639106290118813,0.11917185968147441,1.847550122941823,1.9399861630071433,1.8026391739023362,1.9295543652992948
348,0.10765770937824416,0.11858243518124857,1.834516739965547,1.940397772356409,1.7971716266276063,1.9230029400514286
349,0.10696213558401242,0.11766374030209178,1.8314643086998041,1.9309300785840684,1.791548432736914,1.9235460720228157
350,0.10623395583447337,0.11671005309057042,1.8284838683864304,1.9285380164535688,1.793017366104249,1.9311317146445803
351,0.10662494338716284,0.11830968389806595,1.8336677251029245,1.9321045237317818,1.8033407284833902,1.9368311515017347
352,0.1069363067240109,0.11738366221160067,1.827793128097277,1.9185279942922364,1.81251475550761,1.9302889146834052
353,0.10751807693892837,0.11680493417614049,1.8360287862384665,1.9120746260895536,1.8069367296403689,1.9167271450025503
354,0.10852586696832908,0.11516919150391439,1.8369971637438613,1.9058554980030966,1.8085292408045845,1.9245128613975997
355,0.10886104333238043,0.11421716607868594,1.8382758258864822,1.9133916191383094,1.8264772692289117,1.9324610802279523
356,0.10821034252440064,0.11471730200172595,1.835484930236583,1.9109172901405878,1.8346974746502005,1.9413808923667943
357,0.10823695320694295,0.11388474401178185,1.8226407114947238,1.925536116399113,1.8313811213176956,1.9277956428057366
358,0.1075365040212728,0.11310437148207723,1.816889851776622,1.9190659426099057,1.8279964003787454,1.9328638941450593
359,0.10716363599084411,0.11258781000731273,1.8111849025730202,1.9126474217947105,1.8355111453116537,1.9270192395790942
360,0.1063142264440716,0.11174686855623676,1.8125022208078163,1.9132568600530615,1.8330119289823783,1.9241984619338883
361,0.1057029261065057,0.11247514250488871,1.8138116856996331,1.9138587967728469,1.823719793416185,1.9145468277637527
362,0.10495607143557403,0.11179631659590708,1.822070905781506,1.9144585827823644,1.831910025091041,1.9012161757779595
363,0.10427806280192571,0.11232485918482692,1.8197172330941735,1.9116890562685263,1.8438532061364725,1.9128547781150032
364,0.10345453918716868,0.1115463383167679,1.820487688844999,1.9058361226151233,1.8504402284392072,1.9079583706072176
365,0.10408262792231421,0.11067568410432768,1.82706476946377,1.8942169264226667,1.8586631708975265,1.9230182716474225
366,0.10316675534539269,0.11099169820015202,1.827867151702009,1.8953474634309395,1.8739103302204967,1.9379162856981005
367,0.10263531226727517,0.1102169034397487,1.8212750317114854,1.8900009863630074,1.8786762280970446,1.9483102640767629
368,0.10314544336785499,0.10935567235989083,1.836139673326715,1.8909769966681151,1.8867526629600324,1.948990049968314
369,0.10558089476179532,0.109008171424582,1.8580145234924506,1.8848174393959247,1.8944553723799706,1.9562576628922241
370,0.10626615851095245,0.10783486337524215,1.8589952659232072,1.8856130448849242,1.8886095158768264,1.956595181025753
371,0.10570882381790729,0.10735825237002636,1.8763095978703295,1.904563224894255,1.8755772803328155,1.9499942539338415
372,0.10509564812683013,0.10787105416658826,1.8733596647416642,1.9021301780904738,1.8833285360547476,1.9587280428555753
373,0.1050584094515312,0.10754258744537715,1.8706551444438078,1.9063808217849487,1.8930167939448086,1.9719985000326696
374,0.10451724134036396,0.10821830755461934,1.8678076252677096,1.9038825129167856,1.9041716331660437,1.9832807940453776
375,0.10377207683559823,0.10877875171203759,1.8716192496230322,1.9085129305520534,1.8976017810977264,1.9771178466708346
376,0.10430404947005757,0.10776955366749859,1.8857055095421371,1.9096683348743217,1.8916013787814379,1.9775385820539464
377,0.10331710487114629,0.10806243477341193,1.8727711523458446,1.8965696128073162,1.8854857416092974,1.9714030209817759
378,0.10361194010475337,0.10780904037335463,1.8670161314660807,1.8970528761101944,1.8800250973758685,1.9718244494614008
379,0.10294636082665896,0.10841336310833381,1.878347247795009,1.9078731834188112,1.8808463803080826,1.9726587392852477
380,0.10381464443744211,0.11059688387327332,1.8690470227322986,1.89811952217686,1.888248417292069,1.9799360433458142
381,0.10335414820640383,0.1100542918299212,1.8631098856225914,1.8919837681789877,1.88901187939643,1.9869048947576573
382,0.10426806819453623,0.10953147180901739,1.8640441538815444,1.892720973617825,1.8967267865416737,1.9733443671390403
383,0.10357590107828525,0.10887691724621099,1.8581529893848536,1.8866342868650672,1.895891501422316,1.9750655238924966
384,0.10294044561840457,0.10838033576770001,1.8621049193029444,1.8912320052863942,1.8927750682029745,1.9790609093669862
385,0.10193553244401231,0.10844619595888576,1.8597246444092155,1.8884861942839908,1.9003649675178673,1.9874708757846375
386,0.10135188011209423,0.10922030719304231,1.870610953628372,1.8997045893406657,1.901042257101933,1.9876829282939479
387,0.10407589767709852,0.10887994447239185,1.8782798998158408,1.9003863207965912,1.9152975331268522,1.994560020394397
388,0.10347763422711273,0.10964018669763345,1.8791056639997235,1.9010621122918867,1.9156939841474212,1.9949689615091348
389,0.10273462139700289,0.1101707758003428,1.876778050569651,1.898102261338425,1.9228815538923991,2.0023929962944758
390,0.10348572717052947,0.10933923497117362,1.8772867081267064,1.8923472233604632,1.9107061967550136,2.0023767943485575
391,0.10340575710643143,0.10892788571722886,1.8838059085908254,1.88062237170962,1.925727115084449,2.0166047276049053
392,0.10274111616810484,0.10834782897940835,1.8883211905881627,1.891212939792833,1.9243639031526276,2.0183576056481205
393,0.10222491927935284,0.1078638842120749,1.9038134539970473,1.9042100342859385,1.9233560613949734,2.0197520936875533
394,0.10150067314650425,0.10845818224010188,1.914683888018955,1.914864823345037,1.9169164017338693,2.013226243566342
395,0.10068314759551329,0.10850537941622092,1.9126895063149092,1.911270700964777,1.9216437804230415,2.0180910089649835
396,0.10026062374054522,0.1077700838827489,1.9151386741889733,1.9167363596426086,1.9135794936627963,2.0131007507092202
397,0.1009699659819402,0.10695222487795512,1.9157515052964482,1.9239772301445939,1.9144241377670703,2.0130972289834776
398,0.10034655389247532,0.10615431420321181,1.9202806878274727,1.9339577693921062,1.9149989183385332,2.01972588014634
399,0.10061475957963432,0.10737883530213453,1.9139702184424263,1.9345363781618239,1.9110512637854653,2.0174063162349793
400,0.10056891064417904,0.1078269836681234,1.9233252148806885,1.9396032732956583,1.9245216895715656,2.0300373884916
401,0.09990309516648223,0.10709283792496624,1.91885909256784,1.9382907944607202,1.9183306295130405,2.0298362431012316
402,0.10016052291893271,0.10770712669161353,1.9194019096154395,1.9387036171640963,1.9197671938730776,2.0392911472697133
403,0.09959862428744075,0.10702095343117261,1.9087729218867802,1.9302315398458527,1.9181047919561025,2.041227167246495
404,0.10045735683873899,0.1065341989177244,1.9157145861843905,1.931041194007679,1.9053384716795478,2.0346193244144257
405,0.10133042012538289,0.10588047917459319,1.9162767503494766,1.9315011332526928,1.8995870859525623,2.0410581896570905
406,0.10076400519450578,0.10548200408296182,1.923212243133867,1.9255799119069303,1.8999706819934894,2.0344069785053738
407,0.10035934185233282,0.10504069162721832,1.917066934473294,1.9194188429967238,1.8939800794343826,2.020865066645864
408,0.09971304295523571,0.10441951759752019,1.9242682106308309,1.9199546906711062,1.9079846670899365,2.0074267407831687
409,0.09932424258309025,0.10402192390897597,1.9180099481745194,1.9073183755951006,1.8953096533959322,2.000734261563926
410,0.09876856128806982,0.10365896579196814,1.911917572857183,1.9012969549259309,1.9021992167890984,2.0011711054905237
411,0.0991438979193356,0.10496793023155125,1.91693225014217,1.9107803795438851,1.8984334370761138,1.9989502258162115
412,0.09944977102907766,0.10441981066581725,1.926462626088891,1.9421305612384527,1.8988513091812518,2.000135656382135
413,0.10006242944866603,0.10393079675887487,1.9335658179841215,1.9358968386597433,1.8930416344997998,1.986901513138463
414,0.10076363279961759,0.1031374768330825,1.9210342297148986,1.9294612514723297,1.9132210817082025,2.0009560138295526
415,0.1002202533209278,0.10256842889990979,1.9258148540056441,1.9322712685478292,1.9078290351191662,2.0003113808197743
416,0.09959413999881525,0.10327150001807828,1.9228734590528895,1.929552038646334,1.9018402660847562,1.9939453976563095
417,0.0990374084356174,0.10266738090832288,1.9167915298931189,1.930016305449329,1.9156675776651018,1.9808048803534912
418,0.09845114229077026,0.10210983626645785,1.9107557207469044,1.9238934293760583,1.909639168195822,1.9809312537709447
419,0.09787206078928976,0.10155533953015654,1.9113426841155885,1.9243939854839265,1.9143262756702575,1.9901179531274542
420,0.09741229395320587,0.10243491228474422,1.9186846081503013,1.9312722848340338,1.9213651924685287,1.9969658782326012
421,0.096818012090602,0.10205587357702516,1.9182693905046069,1.926108469567934,1.9255983530893654,1.9932687843796093
422,0.09798243589185929,0.10336890447900117,1.9217219138569661,1.9236764135599116,1.9308232528906175,1.9951333895058236
423,0.09870785230300633,0.10306709977257342,1.9330515762138083,1.9199103000577131,1.9208655202339286,2.0061470945329987
424,0.09904603925241756,0.10438361368985048,1.9334897026876268,1.9204344261810846,1.9191161648009043,2.0019038312025814
425,0.09930119869185383,0.10389461763764218,1.9339813610956873,1.927435465533144,1.9330054090726954,2.002118721250348
426,0.10008695916796966,0.10296006272587127,1.9407683240736944,1.9280847753290604,1.9335109756312354,1.9960998570025994
427,0.09961473317437959,0.10231810911635775,1.9385608470920037,1.9311479380370247,1.9274201567591944,1.9961253040141422
428,0.09908678731843543,0.101660793972352,1.9403835792442425,1.936692573043782,1.927893240462281,2.0026686738728543
429,0.09884174193092349,0.10197962051523653,1.9342601781956055,1.930593206348506,1.923075370783107,2.002259160670023
430,0.10175101738550192,0.1012047875711037,1.928182732444582,1.9310447021770478,1.9170706931162806,2.0087495589246678
431,0.10119751237833009,0.10167186968418737,1.9156522651417707,1.9184956361089063,1.9176821690506272,2.0102770939750303
432,0.10073160530840611,0.10093210305142286,1.9097077647786402,1.919024770081695,1.9117244903609827,1.9972261865835905
433,0.10222868943453603,0.10349791759642053,1.911276621502327,1.91856668647222,1.9132802757250233,1.9962609324688327
434,0.1017715527331521,0.10275632549689713,1.9053723485902403,1.9255734254454677,1.913842143446524,1.9833269132359008
435,0.10198525728174677,0.10156174777803102,1.9059848399431014,1.9260551623654758,1.908059992506029,1.9773066787739253
436,0.10254797391269432,0.10110682901044236,1.9001265813737414,1.9200671255336803,1.908758508037631,1.9710031040275997
437,0.10185222749268363,0.10163031905594729,1.903704032500002,1.9241108860067824,1.9095462751977617,1.97169668578775
438,0.10120724040379055,0.10157786848364145,1.9113075819745475,1.9305250069144928,1.9066389330212572,1.972332531040277
439,0.10168104730009431,0.10081031509110708,1.9234468221996037,1.925852249384805,1.9066518488810247,1.9673902484381112
440,0.10097887439962258,0.1003472897115156,1.9300243277740414,1.9331260410979372,1.9068971559897137,1.9743965203087508
441,0.10035113381825728,0.09984484265546457,1.924040619079789,1.92712237620638,1.9126656046677546,1.9822596735911058
442,0.09971899299378427,0.09927205201545551,1.9264046465408489,1.9321424944050967,1.9223303412502886,1.992552793463185
443,0.09921968658749301,0.0986508379274734,1.932439815947969,1.9334366760714723,1.9275332083329175,1.994317539977886
444,0.10006046858490708,0.09834221821469886,1.9329495191705965,1.9466166371902873,1.9217698890943438,1.9880156647893934
445,0.09932472280199267,0.09888053752338441,1.9301617973941698,1.9437678855129892,1.9158895161851037,1.9819966620091307
446,0.0999831636886703,0.09825205150668458,1.9370107279545685,1.9505297121052387,1.912662534938456,2.0001526947239427
447,0.09953355229425055,0.09781516755699052,1.950204450172298,1.97003241356612,1.9068256572931508,1.9873608400086413
448,0.09888341873159587,0.09715058683744866,1.9497400925340462,1.9773954284583968,1.9145925031118802,1.9930481352956273
449,0.09932307031970093,0.09609340241964764,1.94340752301073,1.9650450842883953,1.9094332222961619,1.9933632071782312
450,0.09874145331016705,0.09550653072501598,1.9565209356081492,1.9652679666713482,1.9355158276316895,1.980652962205192
451,0.09828955637644941,0.09616089089890457,1.9538022415705445,1.9621149498172197,1.92955667748255,1.9755437037527608
452,0.09931083970006074,0.09601346234795245,1.95409622293263,1.9623560329137602,1.9300435594925938,1.975749479881194
453,0.09872838560614114,0.09533615237854401,1.960061164458571,1.969636582220168,1.9212945424887227,1.972383024944376
454,0.09968979283895331,0.09766108956663333,1.9603148091069542,1.969829415043711,1.921209205977912,1.9731545379879436
455,0.10022690665825838,0.09905756500728086,1.9563723674604,1.9678705755611532,1.9237575288463709,1.9712870247866139
456,0.10036891411120254,0.09999748603431562,1.9524251208263204,1.965959842533955,1.9162923329392019,1.9679571835623872
457,0.09989592040236475,0.09913810892316671,1.9463760103091825,1.9598621166163754,1.9073153773800913,1.965003441625282
458,0.09938370231581523,0.09856128226221163,1.9388487008140682,1.9490060901870458,1.9190115692189817,1.97941679292266
459,0.10131075111280684,0.0978413908040361,1.9392351251960782,1.943009176028129,1.9258451374189294,1.9669085564480808
460,0.1002569787529876,0.09742745931985228,1.9333058874578588,1.9370561133242337,1.9174578045173338,1.9633472448305656
461,0.10139198152936171,0.09699549739891873,1.9336216174899254,1.9312514220311796,1.9059459209272585,1.988384990810915
462,0.10101209848956344,0.09791147720366197,1.9401998741287538,1.9381249422294915,1.9065384826370433,1.9886682828542515
463,0.10039675008115044,0.0974222693554628,1.9342823253901362,1.9259265266342958,1.907126722541556,1.97615175119694
464,0.09977895466962651,0.09740757833847533,1.9322139191893988,1.922586253081204,1.9063862702924381,1.9812629923989555
465,0.10014420173250507,0.09866982715266097,1.943545914631318,1.9247290108337207,1.8963965953165614,1.9731180310173093
466,0.09955755791404915,0.09936082197786368,1.9408591335844547,1.9219673034777345,1.8907716413869975,1.9672374928731575
467,0.09885351767095397,0.09880399798895392,1.9403036503133482,1.9359203023124552,1.8838519274870626,1.962509717432372
468,0.09858995424629294,0.09964581929059857,1.9344149655701803,1.930059068440597,1.8740655971356286,1.9546471943537265
469,0.0993256561212451,0.10167142968162457,1.9254517483630922,1.921101345978563,1.8686016901102525,1.9486795050715129
470,0.098765625378116,0.10109901329729423,1.9434445160639342,1.91656767028435,1.8810055564347012,1.9499176807874112
471,0.09829393000603956,0.10051597047557607,1.9385035105033053,1.9161389525818144,1.8817485310598785,1.9564741593434374
472,0.0977787209881802,0.0999766908575587,1.932814393168893,1.9102596724006689,1.8856873119566626,1.9660195403567218
473,0.10026240917505119,0.0989717395763548,1.9332366918051382,1.9232778278748894,1.8739394608294955,1.966233105277372
474,0.09970229831049399,0.09827839934011531,1.9366156295157362,1.927017170211342,1.86553579302775,1.963181565395341
475,0.10037251409437727,0.09963223143598403,1.938929755644558,1.931769941887587,1.870218278260143,1.9720154537946668
476,0.10240261541464643,0.0992033517680778,1.9393088925923534,1.925981465678985,1.8772396704267686,1.9659780276329597
477,0.1018475177201703,0.09872453238704461,1.9342155318923913,1.9257044664136398,1.8819988292274317,1.9621919264765433
478,0.10119803879182199,0.0980322616857667,1.934623410196825,1.9261651152132415,1.8812533225597592,1.9577032630739808
479,0.1028283932310349,0.09943449740993475,1.9383059778272522,1.9233448269154014,1.8881830380910507,1.964159529719031
480,0.10229314810751274,0.09895964966888522,1.9510633980263172,1.936194824231532,1.8855489672395789,1.9677072802376614
481,0.1030876587783832,0.09839264282509638,1.9513659069316345,1.9365892454438114,1.8803334045375975,1.9740885516792335
482,0.10344519998963575,0.09945925933222675,1.9621111088962075,1.9450623849965432,1.8706289876783613,1.9661699055565096
483,0.1043771566175262,0.0988967495075035,1.9623972327344448,1.9515182337922128,1.8716526271241885,1.9726002877014148
484,0.10540588083571151,0.09868615516385648,1.9517772213889346,1.9441793994249548,1.8880300893232187,1.9942075555505536
485,0.10485279259492274,0.09894080479086768,1.9492396453925427,1.9412005956227714,1.888231477541836,1.9972066237598407
486,0.10552534645148057,0.10026442330204567,1.951367129254791,1.94589781197931,1.8925555008869064,2.0059016952725623
487,0.10650040016825593,0.0996908054392497,1.970099973201034,1.9585195927476915,1.9055682992167224,1.9935760906418347
488,0.10573493092884258,0.10022005875487029,1.9732681669687615,1.9619280985556065,1.9000094421946154,1.9877049006214347
489,0.10534599867752764,0.10112125467655914,1.9674305403349075,1.9558983406347472,1.9036234019917726,1.9910161433646147
490,0.10453026668346602,0.10150648470387943,1.9673598287795095,1.9564387597020416,1.8980875665271437,1.98556300358085
491,0.10409347477701539,0.10092831559559101,1.9592195017537697,1.9466850278708214,1.894811092950515,1.9895515520434381
492,0.10369806187151692,0.10162538209408797,1.9655260364195273,1.9531818424537288,1.8985254377268816,1.9935937766460126
493,0.10310473793275463,0.10210995452217131,1.9623551344559678,1.9507413569049104,1.9045981290284661,2.0015334209487814
494,0.10392137101485413,0.10180960903057325,1.9688324880115973,1.9630996953515494,1.8929766372500296,1.9955681004672736
495,0.10346790349458498,0.1026256250254537,1.9716415720557319,1.966801241987828,1.8872474724084296,1.9898774293268935
496,0.10265660438084029,0.10304682825782555,1.9653607398870394,1.9612777009848612,1.881480567933918,1.9844058619132374
497,0.10228775960568334,0.10334519319406853,1.9638395475003363,1.9632451906054904,1.8731156975779162,1.97614794822961
498,0.10162245342495792,0.10269123344576903,1.957981861469816,1.9634685660979185,1.8617319318010228,1.964138009168065
499,0.10090839034182027,0.10218318381662335,1.955697325200329,1.9662300062728133,1.8651110532276018,1.9678874715551202
500,0.10094430164878174,0.10305676746762517,1.949900727908935,1.9603695250414253,1.8723743422682477,1.974769205482781
501,0.10146671841297825,0.10234179613036909,1.9562635359610696,1.960609655771803,1.8673023432205957,1.9628035963868593
502,0.10234275882462558,0.1019776231515672,1.9623861989939013,1.9489369868396396,1.8683167225445008,1.9691470313604658
503,0.10192633586604723,0.10134056397739012,1.9637157290238012,1.9481436977374333,1.863065891544243,1.969333603517809
504,0.10130610283660389,0.10197376906393125,1.9518527380521518,1.936374778867886,1.8578520295131955,1.963591110461626
505,0.10174502853437867,0.10320091260618862,1.9441715617500979,1.926625341074309,1.8606473210212622,1.9679117333791543
506,0.10232841965091805,0.10469942267045389,1.936144728846932,1.9173440713692875,1.8702526485644313,1.9714345187039202
507,0.10192794233225722,0.10492792398124974,1.9387319364619124,1.9216622980791678,1.878900380801263,1.9764494402079755
508,0.10117330244320583,0.10517751938058079,1.9364956741927482,1.9187215874107284,1.8744192128270447,1.9707960832081381
509,0.10028911615188868,0.10472742362969588,1.9428883601403677,1.9252211127496377,1.8631521468913304,1.9649606631458658
510,0.10052160605509747,0.10428889121770851,1.9378814701007805,1.937024955361515,1.8580741367768197,1.9653894437732504
511,0.10139659552474944,0.10292138736023855,1.9444235144037174,1.949230203138572,1.8533315830212451,1.9715960247360291
512,0.10076728588124405,0.10237127257788584,1.9447565819409285,1.9495344643926602,1.8527468087315453,1.9732300004981203
513,0.10036925878265222,0.10184670186198065,1.949051378477153,1.9518595118865338,1.851605496911881,1.9754131835775766
514,0.10114550020601806,0.10380613348195578,1.9405732896524674,1.9429872992627621,1.858096793779113,1.9819187416406758
515,0.10369786118296787,0.1052421634470564,1.9349533586539736,1.9373529445424926,1.8562269946244807,1.9907199539230234
516,0.10319493430028383,0.10469920859127405,1.9295888637187677,1.9375106135594065,1.8508998732620507,1.9850225862886777
517,0.10250396674668902,0.10510446181561663,1.9388312518208064,1.946949923924177,1.8515448072434293,1.9857928143735502
518,0.10182913196890596,0.10460567401263884,1.9361081597572025,1.944396322046398,1.8436024361403367,1.9827899672198794
519,0.10137377863468301,0.10404021512170374,1.9485793784146295,1.944538546896844,1.838582028415948,1.9828923867694266
520,0.10202215733810277,0.10556880306342276,1.9541387962562973,1.9455597704309984,1.8470079915994215,1.9874223719865962
521,0.10136524206459965,0.10494128915147419,1.9617805861850806,1.9503922236102624,1.8419773881659869,1.987497073830376
522,0.10067768206123714,0.10411145448865035,1.9560740275118982,1.9447532358156758,1.8332937552581212,1.9853258366062905
523,0.10031854909205366,0.1046721861706444,1.948101247693663,1.9414590585951712,1.8319778760711936,1.9877268983277312
524,0.10053539058288204,0.10369275904215601,1.9545269069331273,1.9593732535512427,1.821939147814221,1.993622610280291
525,0.09987666751580189,0.10316178270376188,1.9666270127418444,1.9714446905365646,1.8170769226934949,1.981829228783948
526,0.09902306386778613,0.1033635776842456,1.9576377324284038,1.9630710217138234,1.8142369885404293,1.9805343255655077
527,0.09980641073030717,0.10524184547694862,1.9646177434363052,1.9683665938777177,1.814920596783072,1.9810623428853154
528,0.09931289431575194,0.10584511197937777,1.9652338642151344,1.9681457203244042,1.8156047221835456,1.9819720242132202
529,0.09966745277399379,0.10719972083188288,1.9688011041711948,1.9708629424622581,1.8242492883032417,1.9863052613264105
530,0.09919896844080517,0.10666273316956525,1.976056901727718,1.9816204344161044,1.8182116064213438,1.9816859291504505
531,0.09883539820977173,0.1060012033211307,1.9703175245450881,1.9876086759127045,1.8192805524595568,1.9700332857597092
532,0.09832361504049557,0.10645969569333233,1.9874148611990907,2.0060042291016287,1.8177549535472262,1.9679250258990522
533,0.09826903800035668,0.10711518025653187,1.9778148172401353,1.9980376385642271,1.8246962150768793,1.9739951672069176
534,0.09779165757248066,0.10671233083504407,1.9767894632058058,1.9933420063210492,1.8234131110565763,1.9705959010483773
535,0.09826431278133353,0.10588943348211872,1.9710687072904391,1.9875243072439186,1.830260416037811,1.9712780969173398
536,0.09911706145673971,0.10533735632380814,1.9709470528634685,1.976186549010118,1.8371107579640966,1.9718825343018669
537,0.09870702730923368,0.10604895695066491,1.9769618583056583,1.9821707296433269,1.8376438424992854,1.9726726351393573
538,0.09884352889579419,0.10691736987592701,1.9792492671903816,1.9859611008245326,1.8364461998789545,1.9691571501052747
539,0.09977945914142627,0.10643814174986611,1.9793703127081996,1.9860429941164892,1.8492718794870442,1.9694712693494565
540,0.0993053438021829,0.10584997053622894,1.9859431496742317,1.9913266755479702,1.8501502449751697,1.9754766575175344
541,0.1004553060218131,0.10677822777103609,2.0109361988091177,2.0072175593937804,1.849400957979941,1.9830728238798827
542,0.10088027637964411,0.10801027885362248,2.0180694133368506,2.01161044393914,1.8516752601625903,1.9818233950811859
543,0.10042102831491925,0.10751808783907078,2.0194163412095776,2.0217111278631137,1.851085119159113,1.9775708869986566
544,0.1001074026079926,0.10674803394160848,2.0140751928868887,2.0210093441907544,1.850797918705984,1.9730483863909156
545,0.10018692212573174,0.10647641568786609,2.0233832018498843,2.0404899895892843,1.8573146874708977,1.9800943749023916
546,0.10039335331929179,0.1054085414100571,2.0232477517930803,2.0402554463721034,1.8524575758907478,1.9747408619486255
547,0.09981612313689253,0.10486316293248629,2.030380726633208,2.0501154869159848,1.8561368655834953,1.9778483785536858
548,0.10054425182054398,0.10421498280486624,2.0251076209280656,2.0664853373881344,1.8520950874181141,1.9837574868015757
549,0.10118477062502595,0.10395717980272808,2.034646991208655,2.062192263486127,1.8436015342470886,1.9936664838137186
550,0.10065514368952894,0.10453657828933594,2.029010626994559,2.0557309175962777,1.849940343362703,1.9999147688705368
551,0.10131547477605145,0.10414919287517932,2.0346071490197093,2.0611734310410785,1.862773369103357,2.000158036028474
552,0.10230433130796611,0.10361575539492486,2.0394189532051494,2.0500521544489665,1.853107899040319,2.016684138472863
553,0.10273099699436351,0.10319587319273027,2.0335867879944347,2.0496174470169977,1.8651785494809072,2.0115699354209813
554,0.10336897051971553,0.10463647011022092,2.0294622407352865,2.047517397745571,1.8620218128823087,2.0096889692366995
555,0.10285066691434656,0.10416269948297516,2.038335548681272,2.0439428936602617,1.859542017245725,2.0071645150752793
556,0.10237387520077923,0.10365165479672782,2.0381156948938663,2.0436908818348645,1.8546125568773095,2.007123426690519
557,0.1040950370376299,0.10298305267823779,2.03789732044825,2.0377113130942095,1.8611768850279176,1.995624109498272
558,0.10347046418523848,0.1024729965515424,2.0402147302750944,2.0406846815200055,1.8676949690223508,2.0070962075255654
559,0.1029662329045164,0.10185763919659466,2.0379698643523203,2.0481847859202276,1.8704663893809095,2.005040706877173
560,0.10359490281218564,0.1014374316308048,2.0372228668672485,2.042727569595527,1.8672718293594037,2.021087965461353
561,0.10299029677268336,0.1008254388273656,2.03130407758905,2.0367773683840507,1.8674473850571855,2.021549471354227
562,0.10257060962031271,0.10158302338547057,2.0255961577311883,2.030695822101678,1.8652670796402169,2.01872394428652
563,0.10270705238229154,0.10244272117369527,2.0254503881236725,2.0305210100073348,1.858359935764407,2.009228144277458
564,0.10197195614097641,0.10279034914342622,2.022354367010515,2.027609305809908,1.8562855953898725,2.0068531719453815
565,0.10152705870074819,0.10224577752990308,2.018960198613689,2.0250358991349904,1.8457352078556752,2.0011306197796794
566,0.10323547006866331,0.10159421127961273,2.0245265024147208,2.019219788979526,1.8466101547342637,2.0011301438126403
567,0.10301762810373183,0.10197235646132025,2.030059627692989,2.0247830152398563,1.8553017753027732,2.010752920265738
568,0.10315398683910758,0.10294438635028728,2.0298892925217076,2.0246425803951915,1.8541457794182605,2.0070322919620147
569,0.10262646133153253,0.10246547408899495,2.0353810043229057,2.030163993374493,1.8589721136537203,2.0029918165133807
570,0.10305037820549198,0.10366605841230385,2.034219068433015,2.036610510015605,1.866947756585744,2.007186108517759
571,0.10354594749674603,0.10466896155586432,2.033784513939231,2.042294507543503,1.8638627985548235,2.0053713425701036
572,0.1039098146803862,0.10565041068585246,2.0257520441101575,2.038609680422711,1.8681200280756236,2.0132326540312664
573,0.10480193811258119,0.10511603817771292,2.0256068459981114,2.038391986919232,1.863264741964714,2.0075533403390837
574,0.10434932970847866,0.10462026050159995,2.0254626108658935,2.038175737197973,1.8613909188586926,2.0101548036621177
575,0.10378621550821103,0.10415835365557817,2.0196922828267563,2.0323338717779875,1.8674433140366693,2.0048252269577076
576,0.10306910636722262,0.10439062037271903,2.0274024842497775,2.0411954826132344,1.867780980382593,2.006105843441459
577,0.10337464863820733,0.10407957282247514,2.0434895417487358,2.0415706097634163,1.8748652326712885,2.012091675368785
578,0.1031362844621365,0.10479045029827715,2.043074758285048,2.0415081893742553,1.8701278687563947,2.0072382275565226
579,0.10254187382335955,0.10527819521178439,2.0428333421215124,2.0412755531800433,1.8783331714529725,2.016788822270817
580,0.10512897711503431,0.10805767957124873,2.0333405547852976,2.033500465188366,1.8846133675156418,2.022293807446544
581,0.10551076513612276,0.10913648670394664,2.0351243691170504,2.0313427831323057,1.875883824025174,2.0147647017946677
582,0.10497052055329459,0.10956234665507687,2.032245528689821,2.0282624217241585,1.8846250777674054,2.0241131595863644
583,0.1057692410838743,0.10862523483441898,2.021137708480289,2.033450261848851,1.885593411197284,2.0296396350165025
584,0.10676146255596668,0.10821243262439441,2.009878089443831,2.0332521989114745,1.8808219526724668,2.023909236323721
585,0.10629331615291907,0.10762787829864608,1.9990854170055328,2.0326624727488856,1.8810814243468497,2.018609454161797
586,0.1058619880143185,0.1072219395957294,1.9949119935025201,2.0366592036780244,1.8754842858181435,2.0136338814493797
587,0.10552068637572173,0.10689138417829966,1.9892810177688423,2.0254348629332743,1.86505672890733,2.0079981504195508
588,0.10490136864199037,0.1063187008438633,1.984618493673839,2.0300156495748163,1.8598357287460128,2.0028155098386407
589,0.10428078654425695,0.10666172199546366,1.9847038428667405,2.0298490981713773,1.8599920036240498,2.0042527657622733
590,0.1040450712479828,0.10629482502851931,1.979245360791901,2.0296836364759665,1.8607681061487717,1.9931426458266068
591,0.10661490762218707,0.10589500999820094,1.9738225620835461,2.0239815240969197,1.8560026634195725,1.9987183913057933
592,0.108532756302381,0.10523235670022713,1.968435183456215,2.018316656191314,1.8568093097374945,1.987661086656437
593,0.10884457688700662,0.10623078031659258,1.9590993530078857,2.0111457009770266,1.8511775591818738,1.988632431892001
594,0.10877425776163063,0.1058228287202119,1.9503671193093923,2.0200422160184632,1.842904581229428,1.9986953639470102
595,0.10809472923486797,0.10617641910551062,1.9501220188153225,2.0204505275418563,1.8495461148528989,2.0045750857803433
596,0.11113438869499806,0.10538385114490348,1.9503968252548123,2.0093176441112313,1.8558862856042413,2.0045499436980974
597,0.11173738139399428,0.10675625842350309,1.9468249617507918,2.0076066581347187,1.8528347141805999,2.0028655736506913
598,0.11113876973578823,0.10613113493285914,1.9416182732166305,2.0020657247565437,1.8564125466372683,2.0110794674118333
599,0.11047817009804259,0.10558534628885294,1.952926213937085,2.0130415909206505,1.8531610289906724,2.0095653246647838
600,0.11001565644883202,0.10503734198673939,1.9499629694794172,2.0107034916643367,1.8429906656280115,2.004024712689053
601,0.10961627062068355,0.10446330007066856,1.948434729331848,2.017930014078619,1.8353395987386136,2.0070319068182116
602,0.10932309271497588,0.10384141490452542,1.955763334847719,2.0272170872366915,1.8307643175389001,2.0069933920020673
603,0.10874413386031417,0.1033837695821466,1.95799365454963,2.0305515698461307,1.837161997160376,2.017898479789516
604,0.10824111401476817,0.10389571957087085,1.9527570622183956,2.0249183608765633,1.838052103512181,2.018519753243112
605,0.11025794399865176,0.10287681904123999,1.947554299553617,2.019321543813881,1.828057765425535,2.023859481690371
606,0.10954691440767705,0.10330111714699211,1.9534284124526087,2.0245387051743484,1.8235404732822842,2.0185397550465303
607,0.11006686066126696,0.10288462084835792,1.9482323861674424,2.0244049733121297,1.8366370415584807,2.007539049080684
608,0.10961815955110707,0.1035805826045429,1.9485142290695947,2.0242721032028856,1.8339434819610767,2.005820346423613
609,0.10920749557388423,0.10301271985365094,1.947011827107598,2.0259225188046446,1.8311901395328207,2.004006259645915
610,0.10879463361397475,0.10261360337296692,1.9472997388055155,2.0257816685734333,1.8266738606860076,1.9931174742178213
611,0.10825993130048603,0.10312412825914001,1.9457559565375147,2.027471567059083,1.8343844227755486,2.0029662220959197
612,0.10755630123050706,0.10327997149177769,1.9486976842368648,2.0300976697298605,1.8380575699383914,2.007146540262308
613,0.1079495241163618,0.10289420713832027,1.9596784727062326,2.035483449533154,1.8338506069136526,2.0125250583825154
614,0.10731611433906173,0.10231929513996055,1.9606855621345785,2.0507379970998953,1.8290750002485248,2.0073084158652903
615,0.10681676929307342,0.10178736166411996,1.9641427173627684,2.047219081438784,1.8245926817443952,2.0072689035803233
616,0.1066731436222873,0.10109007007386199,1.9643363827344154,2.0469640509322007,1.832979913449523,2.0133446741233123
617,0.10698687872450822,0.10166047948429721,1.9555116539744577,2.0395409861714326,1.8247729428715445,2.0061939960008135
618,0.1083966268519837,0.10283738574627682,1.9598655244331626,2.0406039970719925,1.831107681664742,2.0115508347713704
619,0.10914241322150338,0.10233340993270691,1.9753764065798312,2.0304754131444174,1.842710203276865,2.017389290785527
620,0.10952730967746782,0.10142126633600698,1.9708971870409493,2.0349231531445944,1.8593779401128467,2.0292062801937902
621,0.10889076945620887,0.1018402796515523,1.9764276551461317,2.0401095413784747,1.8575275606953772,2.0268970820313785
622,0.10852021968568154,0.10138773642312078,1.9786217844949547,2.0378266288448676,1.8492056192912172,2.025102119943613
623,0.10868301541532287,0.10077393061569943,1.9948264336027417,2.0376237521430314,1.844683415703761,2.014240828532721
624,0.10813398483642347,0.10033090366681446,2.0090698206162605,2.0607122850582518,1.8454722462357895,2.0249238167614294
625,0.10907396242417887,0.09984520939492421,2.003668659079676,2.0550347013287724,1.8411333403951549,2.030143023468981
626,0.10859636139966525,0.09932795871141906,1.9983017774434604,2.0493931518862265,1.8419828424198788,2.0192873120616546
627,0.11044109028039145,0.09849453046171293,1.9983108492120831,2.0491292976324176,1.8429055684406446,2.045845515687908
628,0.11068906859197189,0.09941463540429624,1.9998737122054213,2.047313266476273,1.84530455885105,2.0440564616220502
629,0.11022585458678984,0.09892458630373517,2.0163435529771827,2.0412543534690837,1.8498419186972823,2.045440192050281
630,0.10980355810219296,0.099639006902051,2.024098254587925,2.049170644161264,1.8425056403305347,2.0373998101004434
631,0.11059755380604071,0.09961394947340307,2.0290796479451534,2.0384788219315793,1.8435200336634225,2.0425917437378005
632,0.11012763081078203,0.09928567082360704,2.037810168813742,2.034704485912929,1.8526550331181846,2.0393773685313374
633,0.10925980763880268,0.09951216697060715,2.041081395433243,2.036358173271668,1.85874739381591,2.0448829354830766
634,0.10961871578969695,0.10056801427484983,2.0392042950595037,2.032519826415206,1.8701103771860765,2.0552607711810253
635,0.10911669778044518,0.09987574373644369,2.0442958924702146,2.0270481374311164,1.876098063276185,2.0443692149770674
636,0.11081374479027997,0.09916258546998288,2.0387764872312664,2.0427779595793534,1.8820499492803224,2.0494352484262057
637,0.11073768525611184,0.09911912478419563,2.033282640669275,2.037262950163396,1.8809955230075306,2.0518645261591413
638,0.11019726953193076,0.09862214142299834,2.0313232144040625,2.0335661695232865,1.8833406053447432,2.055157657094242
639,0.10972952699636368,0.09822009778892898,2.036436084022009,2.0333890005739543,1.8839563569385154,2.0443101243554636
640,0.10998136127066312,0.09925098896702364,2.0276026681979595,2.026035461295556,1.8841286348788135,2.039246973412819
641,0.10941883852075698,0.09895905324990331,2.0169219589901997,2.025898315494976,1.9058096209402864,2.0285049260346786
642,0.1086360921283113,0.0992465901745093,2.0091609613925603,2.017646809361839,1.9082715746292382,2.0319250661276844
643,0.10850215980305668,0.0992193754840952,1.9985985426908623,2.0070397794612314,1.9177891485889629,2.034642660731703
644,0.10923092291673443,0.09851982305665194,1.9884468125164256,2.001406273862349,1.9138130447541806,2.039712596489956
645,0.10913334753712695,0.09937783602304545,1.9832608023425053,1.996152270249088,1.9226370105850272,2.041629633124497
646,0.10849696604469283,0.09895524039893572,1.9833485388620609,1.996172437668306,1.920495188283889,2.0439587475753016
647,0.10906571293469212,0.0985662249451057,1.983435728288018,1.9961924793307013,1.9396834941546308,2.046137326709686
648,0.1088744647524401,0.09895996181930364,1.97829146535714,1.9909814869943119,1.950341773576974,2.056556094613763
649,0.10936647089395009,0.09997083471048787,1.969572542422213,1.9841839371638663,1.9506709588387172,2.0563400689374376
650,0.10974580844713869,0.10109086409991652,1.959290472144253,1.9738255887167317,1.954449430093682,2.0577894512071735
651,0.10927148211556928,0.10081024590184394,1.9699332619374215,1.9739620945513179,1.9546869872441999,2.0470575855159256
652,0.10923596015015118,0.1015269256850122,1.9772438383941706,1.9773638793902024,1.9589478808619225,2.049065888783317
653,0.10860030648973812,0.10176092834771361,1.979625477883229,1.9804233184161353,1.9598399740756614,2.049430062955405
654,0.10812240644805167,0.1012906707753953,1.977950789231657,1.982305738051391,1.9609391050431992,2.0534823489843275
655,0.107643466063774,0.10077365107922578,1.967676480855115,1.9823976494906166,1.9611420037616278,2.042815697915902
656,0.10856284810650181,0.10181945243886653,1.9717231515701832,1.9837992843378927,1.9677912645882059,2.041335196574263
657,0.10911134847221146,0.10143942732869564,1.97136016573545,1.9792088015738056,1.964470383063752,2.055653891253213
658,0.1084486866179331,0.10106774151366898,1.9621841119013455,1.973104269694655,1.9636210401167606,2.0563990133865158
659,0.1079809957339391,0.1006112621688534,1.9583985237421204,1.9720509709039424,1.9705792758257756,2.059684569124896
660,0.10857514198335946,0.09992215671714098,1.9636487345447837,1.9723287461612637,1.9707731701455613,2.054607536270354
661,0.10798568703614211,0.099443114207093,1.9692248447853202,1.9825732486751264,1.9641896609440144,2.0558966486520713
662,0.10741004882117763,0.09890176406307255,1.9642254021316838,1.9775049524627686,1.9638678481195517,2.05611485254256
663,0.1082816814654036,0.09866052963129575,1.9695142345475671,1.9725163853383474,1.9745708470606032,2.0507940255189685
664,0.10772840188822665,0.09809976152547631,1.9645232910430768,1.9726578677046578,1.974701753303302,2.0402367827720505
665,0.10698072430931317,0.09826447467947011,1.9647057383657438,1.9727984810529633,1.9694998068533596,2.0362521981872366
666,0.10659204609988274,0.09779858974601173,1.9692314798146462,1.973731412733215,1.9637257280948315,2.031721535248182
667,0.1059823732249877,0.09725914041129059,1.9629677112966633,1.970023001758309,1.9600686708969564,2.0302694991000982
668,0.10536024209004163,0.09673088237529028,1.9627924796166318,1.970541812178332,1.9626545228754593,2.037987846895102
669,0.10524356342945348,0.09677447162735316,1.964351751113341,1.9744462215567606,1.9580817786107405,2.0330433548190334
670,0.10554342396774598,0.09649564272523496,1.9594170804828592,1.9694598966551378,1.9642487124214003,2.022640097582305
671,0.10523399728872163,0.09631723438017376,1.958617947185889,1.9808465512997315,1.9542075294760888,2.017412390804594
672,0.1047840699512672,0.09600776667687634,1.9588292796120041,1.980944365315882,1.9544413852960765,2.022430329964223
673,0.10458164307120973,0.09683105190449583,1.95391516190939,1.9759622282298361,1.9623376521934215,2.0301707468130408
674,0.10525168533892915,0.09616930148113875,1.9693430849029494,1.9710850128528525,1.9626314212972178,2.0249930164813432
675,0.10545052209200842,0.09599848545772861,1.964585471686142,1.9710543760287387,1.958214582891993,2.0250436222709163
676,0.1055808352752158,0.09554824998349155,1.9595478161780686,1.9611599722940192,1.9535851840160783,2.0250475539484385
677,0.10536092507220728,0.09524237961271946,1.9546719782971402,1.9613573336711096,1.9538210358560752,2.0147574950188574
678,0.10496401104484603,0.09482780435311262,1.9643546771125253,1.9724061459112407,1.953822112974974,2.019992235495988
679,0.10432980323057824,0.09497159965810681,1.9666837603548848,1.9754690022534447,1.9569792133828592,2.023871118085727
680,0.10353859602792273,0.0952320710258538,1.969909254314284,1.9776027421519415,1.9622633339217668,2.0292066436044425
681,0.10435885082553198,0.09520049803112186,1.9662114684332794,1.976505069111596,1.9576448477621369,2.0338892601924075
682,0.10474365048240954,0.09599543325910691,1.9627430216679442,1.9752070960866666,1.9519988338413359,2.0345325956865437
683,0.10453801341400717,0.09572956068980794,1.9825432087218429,1.9759242993828854,1.9421392990749242,2.0293071775575355
684,0.10492415396943461,0.09539296964412497,1.9925947189800386,1.9812201969823888,1.9377165850860325,2.0342052408497286
685,0.10624190285348063,0.09621420801467022,1.9857261683624325,1.9831798417544857,1.932989654572826,2.02899192437409
686,0.10664260895760545,0.09598661043879506,1.9807621855230138,1.9782286818693426,1.9285113944705552,2.0388631086625626
687,0.10618890034252859,0.09547521714835182,1.971309210927803,1.9727954747636403,1.9188093803999036,2.03363676438136
688,0.10574552500056925,0.09540238868098821,1.9848617021532025,1.9846529135859432,1.9192359013759104,2.031811621862317
689,0.10549398584295541,0.09620635181902044,1.9828813725987273,1.981765524556237,1.9243594764375866,2.0370169678225865
690,0.10663657998196063,0.09830563643684835,1.9808157894094647,1.9789926697583815,1.9283160550275171,2.0382698787712497
691,0.10749191911207895,0.10005568905938265,1.9918453026806964,1.9882075358954225,1.9396149189044527,2.047194533666553
692,0.10781437189980848,0.09940013183478973,1.9966280786023316,1.9835246102615383,1.9549265193731467,2.0524915964546837
693,0.10755547846499466,0.10017530905878322,2.009090928306008,1.9961646915050977,1.9625971716065642,2.0598632630882583
694,0.10703764368054196,0.09972546715675712,2.004344968099541,1.995888658292894,1.9739487586626046,2.0683824204735357
695,0.10635815112457961,0.09992618177589112,2.009967643163112,2.000246306219397,1.9762473383867893,2.071958510857953
696,0.1058643414685669,0.09947906334487598,2.012381800304659,1.9977812248160847,1.9751048119427206,2.0728606946888313
697,0.10614792275969749,0.10030998638356285,2.010802438914662,1.9943291935195802,1.9817277786015224,2.0809432370263243
698,0.10554804918112912,0.09986115495005082,2.0181017776060894,1.9969559102434158,1.9755436527637178,2.0768639353931913
699,0.10535819185295024,0.1006831941480492,2.018011796903045,1.9969710418698443,1.9731335254349882,2.0741239881780134
700,0.10464092402381298,0.10092482959385027,2.0179223529666754,1.9969860832307766,1.978232793437239,2.079305856505835
701,0.10408549850410377,0.10066687566804783,2.0079116628170843,2.0118837039402604,1.9733798884803797,2.0689906495678136
702,0.10355013539274817,0.10022203196737944,2.0003603629641438,2.004469105545566,1.9787805204220543,2.078247825923033
703,0.10307868545374195,0.09975219474979363,2.0017547436645478,2.0080017920565805,1.9717759516876934,2.080019070777699
704,0.10318978424675718,0.10051516978124715,1.9983608658781467,2.0064013844317707,1.9685547087754205,2.078087809469405
705,0.10276176531375206,0.10009867087297497,1.9934278792378248,2.0014286688998606,1.9666278495504133,2.079784204012516
706,0.10362900294958813,0.09965007749699038,1.9934603201928403,2.0014216167799757,1.9717544216339302,2.0894677753060575
707,0.10463081289711575,0.1006818007840847,1.9910415638086696,1.994003184532041,1.9755994507058328,2.0902521505230793
708,0.10409236662338531,0.10016339481082272,1.9861594109177954,1.9891064418543158,1.9706336030562897,2.0850410250411464
709,0.10374196463527897,0.09971985961150862,1.991148886327025,1.9940814138607952,1.9666927447577969,2.0837865275275305
710,0.1033166493498877,0.10008659511335344,1.9885044289816838,1.9918820436036357,1.9717729399201385,2.08947757665831
711,0.10426658431906163,0.100933618229155,1.9787378338204278,1.9820988591936246,1.9728574217016976,2.0831807430747578
712,0.10381001853148507,0.10066632697496812,1.9788421591672207,1.972373455435756,1.963177362155847,2.072959369033273
713,0.10386659149685339,0.10049402965674475,1.9831327089374953,1.9634203180564118,1.9569774075839306,2.067470527065221
714,0.10411813010386282,0.10145382236808863,1.984835131571361,1.9619796153876348,1.9506528412381012,2.0589852064007883
715,0.1046897013476781,0.10298033852722455,1.9872227907063422,1.9647440554331326,1.9506292762463762,2.058961865031976
716,0.10444077606619143,0.10371295302861581,1.9872852333324567,1.9649163523497992,1.9458244928137234,2.054070867917259
717,0.10441651085884839,0.10444059975660056,1.993581588977413,1.9686176496985452,1.945705361395451,2.049367640481187
718,0.10407415561051331,0.10394429108082891,1.9925694629715318,1.969814140123296,1.9529342988344043,2.056794535368068
719,0.10462026284909043,0.10546676479634144,1.9930384772291863,1.969528407716429,1.9500782173036688,2.0547308420964234
720,0.10425772755208661,0.10512081894194147,2.002807407717522,1.9842792965580958,1.945453690147559,2.0447293933686135
721,0.10388181053461941,0.10575499398619459,2.0046514814453884,1.987360673234136,1.9449541254419302,2.045330204634249
722,0.10350236675471886,0.10531841141685601,2.013893169870142,1.997588977114514,1.9450710904370716,2.050118233636717
723,0.10295535397615434,0.10485141267438809,2.011987961859415,1.9994384629333368,1.9438300789378853,2.0513825910665475
724,0.10308491645940657,0.10555133990804258,2.0119298431251287,1.9994411853163367,1.9489509906681233,2.0559829588668386
725,0.10343304397150908,0.10636392834644588,2.013542610183712,2.002616591262822,1.9443798080159802,2.0509001452770046
726,0.10353935344079768,0.10718097620481903,2.003800275823359,1.992927121405567,1.9516216049618305,2.053365698046738
727,0.10283496278860896,0.10733595265990312,1.998948338050199,1.988127739773209,1.9470218763882532,2.0490276215653904
728,0.10336419318794574,0.10669197829620024,2.004057519899116,2.0072246527814266,1.9570846881939088,2.0586319327727627
729,0.10292639649920726,0.10613170454938017,2.0040379467826144,2.007189801696505,1.9493770879635866,2.0566158946137136
730,0.10232688331819075,0.10547126451424588,2.013150869325143,2.012480041327377,1.9448019544268336,2.0563430575277506
731,0.10183591426182426,0.10496891929810702,2.0067708972127467,2.0139223460132785,1.952488315202173,2.0630940040112518
732,0.1013217384537437,0.10536628026593443,2.0067702850358162,2.013823434836648,1.9479073594611596,2.0583136734176035
733,0.10193116310114252,0.10481639517239649,2.006923923022834,2.01837550544042,1.939602374141905,2.0765074460934856
734,0.1014306456942245,0.10431767907659671,2.0116905412594352,2.0230871577757625,1.934843692672563,2.081188802809264
735,0.10085504227082433,0.10372281444359176,2.0020443752964145,2.0133863444144073,1.9317602311993916,2.08419538759139
736,0.10077829015779335,0.10370689701509463,1.99724432027137,2.0085319583864645,1.9307493121231323,2.0860831911711855
737,0.10119316111395471,0.10479847487991314,1.997257507505241,2.0084911289208884,1.9349796598112283,2.086558998822982
738,0.10067641242507941,0.10431061886268786,1.9924899275322157,2.0036698444752643,1.9499476629397674,2.095391480934162
739,0.10022364934465522,0.10386182521119769,1.9878981441849473,1.9987281430546378,1.9551108830948944,2.104339463029066
740,0.09995349378826696,0.10346376139721354,1.9927270229782876,1.9987342112611095,1.9505539161629928,2.094299366621154
741,0.1002383150022648,0.10445897399920111,1.9910648193085243,1.995670743450424,1.9538646182353112,2.095557045456275
742,0.09973474800759234,0.10485475111951076,1.9911534538771014,1.9956452689112765,1.9493226903521599,2.0906751213645873
743,0.09930286108213326,0.10444008077864325,1.9851259419872116,1.9969787300731106,1.9436588737785863,2.086634980087199
744,0.09992702237119493,0.1043093343339953,1.989877642844469,1.997064162190283,1.9486489474988837,2.0817554889618672
745,0.10042653516113892,0.10572678431646611,1.9927652579560218,1.9989858818085822,1.955592232945717,2.0936576979778683
746,0.10004192771365442,0.10530959531556924,1.9981189428277761,2.007899112052965,1.950483467735839,2.0890476945038454
747,0.10026189903503596,0.10474915834973057,2.0123414284144543,2.0078616871832975,1.9460120270773973,2.079150083586192
748,0.1004431801227173,0.10460263098758232,2.015741640371145,2.009098973721495,1.952934446487151,2.081808256046463
749,0.10224313711057653,0.10426981068618893,2.025123990842859,2.0137843417665438,1.9626161064777883,2.071964651468282
750,0.10181445484896075,0.10390101858819087,2.020853002126418,2.0131478750060983,1.965802298593036,2.0686151114188127
751,0.10206505630971888,0.10336899067743663,2.0113167095266458,2.008366886694366,1.9664509148335927,2.0588534320893204
752,0.10170108736788576,0.10306688834678437,2.007796261885825,2.007080313744487,1.9606477156793167,2.0551088855172037
753,0.10147034146463893,0.10377970780495502,2.0053782407324143,2.004718757664339,1.956123530116674,2.0502311200615586
754,0.10199392478660556,0.1034255879779373,2.0048777754233615,2.0004669099241674,1.9532123548662332,2.0631588946370005
755,0.1026998618815759,0.10309097917196557,2.01425506165572,2.0098649276925737,1.9537210214071012,2.0534618288334494
756,0.10329313402262771,0.10256696384202837,2.0100838687655527,2.023313684163234,1.9499960065254698,2.057906212104205
757,0.10270298851040487,0.10214652767129384,2.0125367120434747,2.0160134671428795,1.9415793208639989,2.056904400049698
758,0.10288016951052897,0.10294819421986418,2.007791937714665,2.0112524006459473,1.9463572529092203,2.0575963972053115
759,0.10294014873434024,0.10268805414061806,2.0118136862839773,2.007141498991353,1.9487854775781495,2.0576633358413297
760,0.10243597586238401,0.10221970002430295,2.021111766179633,2.0117847648682843,1.94902499070527,2.0480403352387073
761,0.102090314845328,0.1028352398755958,2.0210131322203546,2.0117297065653346,1.944373821462314,2.043399992743458
762,0.10174853294718274,0.10339643055101792,2.0186227843568307,2.0092999128244307,1.9445506720556953,2.0435510551019345
763,0.10240039738573031,0.10306791293867308,2.0138334780206932,1.9999710593447844,1.9355343976419028,2.0433479915439885
764,0.10199825503352627,0.10259760466710631,2.0139395349511373,2.0091166909016356,1.9493824300194087,2.038914314844567
765,0.10176078606830972,0.10277985275680841,2.01493399826338,2.012668278457041,1.9460239601360103,2.0401630158224524
766,0.10130198812636258,0.1024692676723205,2.007799659277902,2.015025614765449,1.9486911051070142,2.037560083294647
767,0.10089874989417791,0.10207218422855296,2.016358746765861,2.020292651542535,1.9475438369053526,2.0341271596222796
768,0.1011606825948572,0.10296811010172464,2.0131555323831716,2.0186864252092653,1.953942398126013,2.0417478305933994
769,0.10078123720099395,0.10258768938465473,2.01420296083695,2.0267609430837275,1.953047462970799,2.038027977388009
770,0.10033870500680911,0.1020873059230892,2.0237267306846998,2.035568027739984,1.9550860196252735,2.045291003977187
771,0.09981363694764926,0.1016084900763652,2.0355407516260544,2.037356247323724,1.9500173533041913,2.0411069206410692
772,0.09941432957465375,0.10115253319258141,2.0307556424133644,2.0464253879513747,1.9410065577487783,2.0316752111552683
773,0.09887970697604832,0.10050192793736054,2.0269696706113773,2.040622549753119,1.9320463646700794,2.026912729004162
774,0.10006762819504524,0.09988263361755279,2.022293262777215,2.0495988932688207,1.9280403139519482,2.0360119112982686
775,0.09959118661096875,0.09939084549029821,2.0155361972578483,2.0422036354770725,1.9212050811312416,2.0337986812564535
776,0.10124591312370276,0.09907900949159595,2.024667845339148,2.0328062436798526,1.926170750050378,2.0428488481180342
777,0.10084013990009805,0.09869958026544307,2.027539392248052,2.034268273453434,1.9235252390670823,2.045636801813437
778,0.10060630579385703,0.09941634552250644,2.0252172471641345,2.031713283847666,1.9190813312192292,2.041114145008758
779,0.10067924369320103,0.09858380482414923,2.0205128876660936,2.026979116333855,1.9226315097614675,2.038717385047869
780,0.1017555307000741,0.09827523440729746,2.0158422951684964,2.031432002630227,1.9275928712663268,2.0385549020786073
781,0.10142873128566014,0.09789741756252132,2.0244502536716813,2.0226075525040352,1.9232253676157287,2.033918474579665
782,0.10182143697422973,0.09739271078736854,2.02891329733276,2.0225041251859768,1.9191657051787325,2.024613498601465
783,0.10128011087563912,0.09774792277005823,2.0266098364865908,2.0200022629781658,1.9171361335011976,2.0227045351841277
784,0.10098464753687662,0.09737352412149594,2.0282564131702756,2.018142866612098,1.9097817939131096,2.021202026878145
785,0.10043350088776812,0.0975857349861578,2.0235663330849314,2.013498916405155,1.9094880124910438,2.0185623051365873
786,0.09996193253143858,0.09792980800553938,2.0261361874795636,2.015316807183162,1.914457080962572,2.0236670975334956
787,0.10079737566381096,0.09742872446000098,2.0260172133655088,2.015247083794233,1.9058777137539196,2.023559362923637
788,0.10035996551847685,0.0968936027939429,2.0213513652732416,2.01063021323164,1.9133094657355283,2.020996032161835
789,0.10050823569629017,0.09650630561723438,2.018360519389406,2.018018755837412,1.923131535800397,2.0350793273703522
790,0.10006836027114949,0.09600342482574156,2.015655279834819,2.016020441991997,1.9234803993243805,2.0394585696216856
791,0.09991058075139408,0.09659857578455494,2.013287618595357,2.0137105765300007,1.92159010225134,2.037913948852362
792,0.09960343692957502,0.09622460698589072,2.0098890147723116,2.012457515136794,1.9162249093759258,2.0344038030184306
793,0.09917019765418827,0.09568163317397954,2.019669951815742,2.0206748753764994,1.9128551036940158,2.0334721535081752
794,0.09869281417912401,0.09521762079637391,2.0195810371341847,2.029622078948869,1.913249027419756,2.024280187473973
795,0.098311127498264,0.09491323729930397,2.01340492176945,2.0220285652266976,1.9122687236362301,2.0300584099495733
796,0.09858845102156455,0.09590593790831403,2.0101320644235736,2.016118973937359,1.9094526299972643,2.024113978871713
797,0.10063592630250465,0.09541577668474652,2.00557961276915,2.016046327931033,1.905353926097358,2.028512094348638
798,0.10034621467569371,0.09519213388156583,2.0097100431181687,2.0163208166420103,1.9009310306473886,2.0242281734107763
799,0.09982986229328836,0.09478548092910319,2.0137004001918144,2.0167111635313666,1.8923810512329482,2.019621415113307
800,0.0995935503634475,0.09447762386018799,2.0086902629285146,2.0081047839068997,1.891954038828906,2.0159505362825922
801,0.09915954948920984,0.09403003355062294,2.0057533501434395,2.0064775085118693,1.8924390353878684,2.020367736135126
802,0.09942150064513441,0.0938008425160992,2.018678280767147,2.0069506670288475,1.8980177624225205,2.025095516684114
803,0.09904391912735523,0.09357701574895703,2.014114775273296,2.0024396992505196,1.9026203258348793,2.025317222680298
804,0.09905341766732907,0.0933936913310375,2.0151232965126695,2.0058324432852133,1.896230473701972,2.023188292955863
805,0.09909576137554513,0.0929280156876136,2.0141116164900685,2.002279553459663,1.8926973587397349,2.024028686487477
806,0.09910909158391205,0.09329812843926404,2.0154222197207554,2.01429497239649,1.896172397596187,2.025399227940006
807,0.10090697766468566,0.09301487064040911,2.0108914601594687,2.005307296109529,1.8921739548906824,2.016362005059522
808,0.10106552152828598,0.09379538829917532,2.0080101587410635,2.003658905060227,1.8995712542257694,2.018384018827781
809,0.10145192595463472,0.09475865420782732,2.0138590864306534,2.015570140534024,1.9030005526865976,2.0197737043223634
810,0.10147673155443307,0.09452319025983805,2.016131163319297,2.0131671453554008,1.9015563185067887,2.0225184507420564
811,0.10152361607582713,0.09379527222258824,2.0205036085681245,2.0131086287930264,1.9023348685731616,2.013530107112383
812,0.10104776103703324,0.09411880523112816,2.0229585847349925,2.0149441170238016,1.900222465832295,2.0122906626865587
813,0.10076972226723553,0.09367532153986158,2.0184215026402645,2.019313090974116,1.9006650046315032,2.0033656406267175
814,0.10039975154502805,0.093370823183803,2.017932035069959,2.0196353632813713,1.8966743184216914,2.003350728072586
815,0.09992189998190508,0.09291479662377716,2.022805206451332,2.0190222970942417,1.9096369303828251,2.012962610941248
816,0.10019526332482458,0.09378092934884989,2.0178109878505217,2.0194095866743456,1.912672197853978,2.0191193474032243
817,0.09968045187647157,0.09416652218017006,2.022417495936883,2.023473753531691,1.9086404233942298,2.0148555593766995
818,0.09923619082151389,0.09387584674562824,2.025700936682051,2.0199877885535282,1.9129413585228916,2.0197185147123635
819,0.09888335302413734,0.09354976155810471,2.029996351434219,2.0198996679291237,1.9133251759635355,2.010814135112758
820,0.09845418853776412,0.09323319352481886,2.0210556049171857,2.011003390402302,1.9181112358701395,2.0195751393286807
821,0.09803319818358132,0.0929192215474856,2.020962962057279,2.0109549764260928,1.9138952390486168,2.019665396337208
822,0.0983732822934279,0.09381981265018037,2.020870819007166,2.0109068236441026,1.9112451232675025,2.0182256146484594
823,0.09809317155953748,0.0935028258187376,2.016388049270505,2.006467807040589,1.9110364225806284,2.014352894633061
824,0.09788352736074632,0.09418133481433069,2.0142752716242303,2.0040935876477435,1.9087758761161013,2.0127094899543576
825,0.09757316359660215,0.09477998616330723,2.0164591158326886,2.006211594594888,1.9113115986291944,2.014993761321121
826,0.09810836074460075,0.09468018394141982,2.016387058321212,2.0061844004215583,1.9073512044368774,2.0149941179269435
827,0.09770483975446685,0.09423144923871128,2.0203263641545917,2.0108935641593386,1.901377330581554,2.0125604338458603
828,0.09730983616181726,0.09388965301535421,2.024606776321189,2.015215190328628,1.8964252170605682,2.0135193498536843
829,0.09798802945231384,0.09386646820893989,2.0286756707174964,2.0066076232636405,1.897051944749755,2.017888047420627
830,0.09813122794353409,0.0946635670142771,2.0285506306599848,2.0065788107695566,1.8960283400858504,2.0149496565099296
831,0.09768898981436641,0.09423175398855764,2.0324436357709414,2.0112450461848153,1.8948113259262895,2.0165544624942187
832,0.09873537102666918,0.09534231056963814,2.034791530936021,2.008707027461481,1.892780010589846,2.018971519548751
833,0.0983214316336488,0.09486226079320542,2.032141248817484,2.0068207716121043,1.8932461420942588,2.0232364731640264
834,0.0988513951332457,0.09430913107040637,2.0362202700351726,2.0069156207287455,1.8937331550088923,2.0191658863772672
835,0.10039933451514785,0.0940292753824349,2.0534158734320256,2.006887840966849,1.8898606754654987,2.027760220115796
836,0.10065462772146688,0.09375377094954479,2.06179219819072,2.006918951768003,1.8905694623264353,2.0277008615048167
837,0.10052659445662745,0.0941063670722094,2.0571945572801598,2.002558916184623,1.8995391457282385,2.036475245426483
838,0.10021760885542746,0.0937342813523816,2.056947148033548,1.9982220988731094,1.8913222179067368,2.0276659665339816
839,0.10057530568240515,0.09500880216943719,2.052379630734102,1.9939083574397982,1.893870676606224,2.0297930027675126
840,0.10137973884714618,0.09481906446848874,2.0564344861214723,1.9939707771706885,1.8857763873736941,2.0339453670047027
841,0.10116609116635784,0.09540147563582815,2.053987272529396,1.99188781314594,1.8819562195738724,2.030023559848651
842,0.10131770049062906,0.09615236061348197,2.0552315435309527,1.994754369923484,1.8810025217407682,2.0270949214007548
843,0.1010521473612557,0.09589105285928258,2.0506896440683757,1.9904727746983888,1.8772105341864214,2.018369953510489
844,0.10099962847097187,0.09608482331462868,2.04908565764729,1.9875998967120159,1.8848536399325735,2.0286063930088107
845,0.10056696542586896,0.09573094706617354,2.044579233010932,1.9833575886860075,1.8835348552283997,2.02600134292717
846,0.10031466609591227,0.09534894174443219,2.035805370721768,1.9748464456242276,1.8883259199485731,2.017307203569055
847,0.10051120292054713,0.09606513255770914,2.0377377970506916,1.972868355054278,1.888920202500752,2.025693369391813
848,0.1002451736422847,0.09644962798679142,2.038817108338711,1.9803090330774296,1.8878772066596325,2.027111977869505
849,0.09982411189032377,0.096086860270436,2.034372606621827,1.9761148538079354,1.8873611252510574,2.0279917717278284
850,0.099995419831453,0.09691323069884213,2.0299128598612697,1.9762556262771467,1.8849805364288048,2.026463637912621
