0,0.5,0.5,0.5,0.5,0.5,0.5
1,0.5237866296027204,0.5219488557848804,0.5014985007497462,0.4985014992502538,0.4950049975029982,0.49500499750261157
2,0.5466011133975853,0.5454527453517232,0.5064735556756504,0.503506464311023,0.501927155467845,0.49816255997659203
3,0.5517730985284316,0.5513690503957721,0.5134100333312571,0.5064405303625308,0.504891068777227,0.5052101083219338
4,0.564523114582082,0.5600614270750067,0.5082964283811842,0.5013963422188439,0.517490354562662,0.5124303896900283
5,0.5721372059900356,0.567881556236251,0.5065765967588247,0.5030197295641535,0.5190168234987932,0.5205563304066424
6,0.5875489126055433,0.5818033118353033,0.5085924195089985,0.50090851760644,0.5138577030367775,0.515381906969395
7,0.5965284550713417,0.5928676429124846,0.513472216897701,0.5058646180192058,0.5186056613789009,0.5203247756419591
8,0.614324757481703,0.6051665899563635,0.5083784086322544,0.5008462795625866,0.5233812468566195,0.5250833069568916
9,0.6251284871524521,0.616060470908814,0.5095483368727792,0.49958493093723494,0.5330032883281264,0.5447121735508873
10,0.6406215702493949,0.6301687072685102,0.5112858127953914,0.49775703111185376,0.5412908069276855,0.5455557314879289
11,0.6443414406229722,0.6336409154009842,0.511862905040846,0.5069811024769947,0.5414849180667789,0.554141990409782
12,0.6477276464279336,0.637158541926844,0.5142572936758307,0.5044005215341565,0.5436266225089947,0.5511116892807073
13,0.6523549978709531,0.6434370007896096,0.509181141516772,0.49942166400913324,0.5427530504363758,0.5510769955788949
14,0.6604689096531301,0.6503330543324967,0.50674897884008,0.5017689946317966,0.551945264689653,0.5508205856401514
15,0.6604025039273776,0.6502693811093443,0.5139762917421246,0.504308889552099,0.5539916083925711,0.5576144106212433
16,0.6661873941709092,0.6572893393172883,0.5089181106364833,0.49934584799254933,0.5658495502735782,0.5643462326831579
17,0.6737987027085443,0.6648155064167994,0.5069183433096214,0.501264368732049,0.5829529592983722,0.5852886004484149
18,0.6833716988578502,0.6762514657456404,0.512781225276027,0.5051427296801632,0.5816296304669131,0.5849628610114593
19,0.6832039659967627,0.6771438501313454,0.5126255979520035,0.5051224908572589,0.5857269029732421,0.5891658749814431
20,0.6856363269436482,0.6800902743986484,0.5108881250547578,0.5066859972234589,0.5930254853923713,0.589972682554325
21,0.6876630721355915,0.6805867605370589,0.5058854116464883,0.5017244318478289,0.6153584449956148,0.5955027444045402
22,0.6935975382236866,0.6884608498118674,0.5045672181835199,0.5029681827599114,0.6216424034438824,0.5969384593119649
23,0.700447595426352,0.694759102149814,0.5067522642964369,0.5007094960005724,0.6208892956809781,0.6053401867143915
24,0.7089709954106127,0.6992565468872309,0.5098552783772741,0.49753363382025917,0.638978765644955,0.604567839504338
25,0.7123016551825107,0.7039847499142677,0.5196010818819301,0.5072219637631161,0.6426774975956557,0.6082468892495845
26,0.7200284735901659,0.7093099440701992,0.5188630632606356,0.5174419869346767,0.6515777805961385,0.6066451808165791
27,0.7246911283161374,0.7138994122437149,0.5138126513062706,0.5124054071864811,0.6615867820773184,0.6135939098950166
28,0.732436009529244,0.7184625469626301,0.5185402805258279,0.5171467202841517,0.6882890490579773,0.6133879501820241
29,0.7396472737021744,0.727122076013915,0.5177471138937207,0.5175932175147163,0.6816028959123076,0.6074293986429018
30,0.744185889738584,0.7317427341127195,0.5127226601518627,0.5125702572533947,0.6935468932459117,0.6120894917007798
31,0.7484893027107217,0.7354049837393593,0.5127384613100608,0.5316987589007549,0.7028882890442393,0.6094797816879042
32,0.7539340078483371,0.7403216897579853,0.5077725555634213,0.5265492214239677,0.7032307139289139,0.6061120514778751
33,0.7601865003730488,0.748081010436511,0.5028596602933345,0.5214546546714749,0.7083658701149187,0.6076592707771328
34,0.7638525799943167,0.7512682186150403,0.5061099900339209,0.5179693096908908,0.7339623191670301,0.6080053579048231
35,0.7694016928084185,0.7579685285195066,0.5053904395748204,0.5184563491276516,0.7268751392598638,0.6021344252377581
36,0.7693675382367441,0.757681296087387,0.5043232933800781,0.5192934595898682,0.719881904324178,0.596359861363512
37,0.7692487842511164,0.7592204667507022,0.502921978744971,0.5204671852126594,0.7164033220749132,0.5967909258696251
38,0.7700624255320717,0.7599644468643694,0.49902824250766414,0.52413575094178,0.7268647559330635,0.5929420967347198
39,0.7708805511484774,0.7613353769736657,0.5017264999874319,0.5212147135907456,0.7273936288252125,0.5893649399834932
40,0.7742073908283654,0.7651848314841813,0.5023524444492008,0.5203683523717041,0.7300128020499206,0.5933102782735933
41,0.7769673206515281,0.7664385117872216,0.5001710566398585,0.5223316593546031,0.7369221994851769,0.5928963265304089
42,0.7815828207969608,0.7725462773940133,0.4953750675265688,0.517323178918689,0.7350601988231585,0.591595892177095
43,0.7825396270430799,0.7723450082957892,0.4927793541531264,0.5197972543430933,0.7503108042674362,0.5923783569911081
44,0.7847216488049714,0.7737736336017627,0.48806368262194794,0.5148230339468208,0.7679725018752188,0.5905764085280604
45,0.7860995130916963,0.7754767113643857,0.49043623438500983,0.5219828600643849,0.7676686566104372,0.5970104665829736
46,0.7905832794835584,0.7761884346979125,0.48575236254884496,0.5169977047153268,0.7974570000004972,0.5923905754912266
47,0.7942228373649263,0.7769888777073353,0.4811178604742689,0.5120650947688064,0.7898485633929002,0.5867386516707614
48,0.7981198741297986,0.7803828065567628,0.4842560768208456,0.5089918539790881,0.7977730806195197,0.5847619993844279
49,0.7993068683785893,0.7822818073031016,0.4900657876900824,0.5127682463356236,0.7901768358880614,0.5791940059726557
50,0.7993743834488866,0.7839343084009952,0.48540413771816315,0.5078906438969828,0.789475870203041,0.5763815532097543
51,0.7992418519097559,0.7846652277504012,0.4869576328157404,0.5064008670595295,0.7819736579779596,0.5709043270507218
52,0.8025828524891437,0.7883798397752251,0.4856478815864654,0.5077736679666799,0.777863804354725,0.5716649952171836
53,0.8029624234549663,0.7865848927299984,0.4988926385568758,0.5135588999550846,0.7872201880811636,0.5684775503426431
54,0.8012768396914868,0.7877874893645799,0.494165969522214,0.5086932780511128,0.7928327534218282,0.5689722589081712
55,0.8012671878561431,0.7882851040702873,0.49492595743311135,0.5079062277865907,0.790765904580819,0.5676247959049745
56,0.8031526770427487,0.7900980526991934,0.49024623881190105,0.5031037756292438,0.7996932185866226,0.574222055802791
57,0.8031402994749517,0.7896659277117839,0.49841584276951256,0.5044429277345003,0.8012961786356303,0.5735448238115087
58,0.804848190639609,0.7887743716829694,0.4937125419312014,0.49968275231208503,0.7937598787264254,0.5681857505363548
59,0.8065099059690559,0.7905055165154978,0.4937014588210898,0.5091831661220192,0.7933825293292379,0.5651510144655546
60,0.8083992088405244,0.7920676905437161,0.49089163023359944,0.5119658283348684,0.8010666714172572,0.5635079759570981
61,0.8088750385413629,0.7919801951329193,0.4862732076942464,0.5071491348421822,0.8076958997622748,0.5628570474999335
62,0.8096372028093248,0.793415074475552,0.4817028090320781,0.5023825269132914,0.812760205183746,0.5637136756847775
63,0.8122244901121439,0.7968104965318641,0.4828560272838058,0.5013787383610644,0.8051330698977757,0.5584227215260108
64,0.8151384779404853,0.7985725427730513,0.4858764799825176,0.4985061643487915,0.8238906478150436,0.5737751720903339
65,0.813732155953372,0.7989375592845075,0.481323489576398,0.4938348252797483,0.8248885437088287,0.5690514218330579
66,0.8154263123316242,0.8016573571662379,0.48338258076319385,0.4920082847747942,0.8237314466826517,0.5665207858506128
67,0.8166925076864073,0.8043675813331982,0.4788620100637986,0.48740704690540093,0.8277849515583774,0.5681696128366189
68,0.8169949616565446,0.8054770229918138,0.47438819158079515,0.4828533955207338,0.8304960407792953,0.5711018868298314
69,0.8176832642196817,0.8067565992499192,0.4699606000216311,0.4783467959546753,0.8227459368597323,0.5657726863387532
70,0.8199180192235797,0.8092674538082174,0.4655787164310365,0.47388671999147575,0.8312289565484144,0.5723156490623368
71,0.8229178747763056,0.8126633660283444,0.4639436465947571,0.4760856462190452,0.8300993760179809,0.5696863653737715
72,0.8212015679435479,0.8116602129962873,0.46814184097783407,0.47244549779477224,0.8564372254282531,0.5675452363332197
73,0.8188336606073141,0.8062795616888554,0.47308599883866403,0.47734964882611053,0.8741625938630747,0.5622693311054943
74,0.8207434007380219,0.8066515879584184,0.46869258307992306,0.47291663775681164,0.8806411803140142,0.5610536584223433
75,0.8236650911574706,0.8085688078095701,0.4651541136963321,0.47699682379070624,0.8894063679874159,0.5574681107146343
76,0.8237125291002023,0.8084216066151618,0.4608429899851168,0.4725759399230404,0.8866871969124216,0.5560455766980438
77,0.8261451934533074,0.8098211567706725,0.4651863374506006,0.4688490598299596,0.9043081887333043,0.5528431649019157
78,0.8286307281366013,0.8102277770946498,0.4619467045366145,0.4726988418532113,0.9041301293488453,0.5487927375468814
79,0.8290293335972837,0.8110580925265184,0.46658572343020416,0.4686637242033827,0.9224983786042315,0.5447200986633494
80,0.8297778870162953,0.8129683931796892,0.46227859434731355,0.46433741275567686,0.9290480232377536,0.5430889044391651
81,0.8314606486364172,0.8138196976377565,0.4580154903133438,0.4600553224282269,0.9565628983669131,0.5481077625561196
82,0.8313474064218317,0.8152191134975701,0.4563550009783336,0.47168332197840035,0.9715498930566009,0.5468968180067664
83,0.8339365201202025,0.8195152701208296,0.45493816766097583,0.4737624554159847,0.9846522865475572,0.5566334286794173
84,0.8339536405575337,0.8190558430320499,0.45075532395159434,0.46940653532124643,0.9813170689450249,0.5549918962313787
85,0.8325627642181684,0.8177842355508207,0.4466150809285053,0.4650949786305375,0.9765969795058368,0.5547864760864385
86,0.8342619284446503,0.8189420025154978,0.44272025957871786,0.46979994338055886,1.0216749875894418,0.5598881955812418
87,0.8354601347051931,0.819642842135939,0.44644781645499493,0.4668742937670604,1.0200953996981217,0.5561367276361772
88,0.8364432135814288,0.8214790267511298,0.4463928544854193,0.4677230179399919,1.0210081339633708,0.5591153463294466
89,0.8356923318344056,0.8242397783533858,0.4423090492154068,0.463444074613779,1.0437012759138882,0.5585716163092564
90,0.8369667073619279,0.8250817942992432,0.4390038274320144,0.4676106479896404,1.0425653044264565,0.5542038667284425
91,0.8376267947578552,0.8256592680043795,0.44227006644622946,0.4651970353542418,1.0330465277826701,0.5491438916250622
92,0.8393026377576864,0.8281071878652,0.4431160776281737,0.46519502150179876,1.0327451087010264,0.5532561734065942
93,0.8417112935724773,0.8260428204958469,0.43943093392498095,0.4697156285102121,1.0408536700119944,0.548919941504371
94,0.8454602903548714,0.828293171341707,0.43543086988150825,0.4654398881123328,1.057496958229573,0.5451137010097379
95,0.8441939794128848,0.8264867257023618,0.43147117940248625,0.46120730374362,1.0710626495631392,0.5535156438635683
96,0.8452769767167524,0.8254147303849987,0.4360072969662067,0.45764616354201626,1.0697883199347713,0.5491159158251911
97,0.8456283081706744,0.8252000209260935,0.43205028655541056,0.4534927682979522,1.0952788854824094,0.5452427602600187
98,0.8467030002078135,0.8271399574612157,0.4330388969564829,0.45354188053532213,1.0902543410655838,0.544460022201794
99,0.8475430881774132,0.8281925576563239,0.4294158095646232,0.45819225426454685,1.1066543305926255,0.5404260077733315
100,0.8483747713909255,0.8292801172704842,0.42553029464072045,0.45404635930141873,1.1125437636044666,0.537729923936115
101,0.8504377593058364,0.8302465894410341,0.42168378574252646,0.4499420842750776,1.102487113020364,0.532869205525948
102,0.851103904055226,0.828983632412938,0.41806745666784295,0.45471766968019994,1.1190574129911584,0.5286321676306602
103,0.8514481137101163,0.829768774315174,0.42732807699823794,0.46464722850893014,1.1179852411979654,0.5328863716393664
104,0.8528582897032921,0.8297687743151737,0.43248914123955834,0.46947196311605327,1.1259341813312873,0.5370961178258544
105,0.8540160256840271,0.8302107871008593,0.46354279836701107,0.46631070988534773,1.1507445829350877,0.5333260279700561
106,0.8552158639163682,0.831419529314399,0.4593735801841173,0.4621165964240211,1.1471118759238064,0.5308060353064179
107,0.8571601704934235,0.8325369885056931,0.4556934494175031,0.4665021581096304,1.1538803771079666,0.5269315243779575
108,0.8581868786443114,0.8350701701671251,0.4516030192604058,0.4623147060004948,1.1490898882598888,0.525611331371959
109,0.8602996010898951,0.8364496896911362,0.4617755523556009,0.46188140302194197,1.140641858462936,0.5280091140014608
110,0.8604782615819362,0.835081832425091,0.47352730552967176,0.459771898254489,1.15425761888814,0.526321444221865
111,0.8613151895551665,0.8359183578625242,0.4708989761819094,0.4629971588734311,1.1586080189249002,0.5248309827635965
112,0.8604905929202946,0.8357313979005324,0.471717575878572,0.46276955698529204,1.148274063003677,0.520169606620308
113,0.8601649264400403,0.834676072104355,0.46750442723572927,0.4586363276322619,1.1441840530985812,0.5182894125909884
114,0.861159485091445,0.8347099647556139,0.46333308178961596,0.4545441085103961,1.133986908999701,0.5136661012071634
115,0.8616948031083126,0.8362851196466129,0.4627220062148328,0.45588719900727004,1.1400632038367466,0.5196442282530992
116,0.863688481113248,0.8369272639962981,0.45860158139674473,0.4518276364539255,1.1456473802035516,0.5170923348542396
117,0.8609234507342085,0.8386484351641322,0.45563898103770495,0.45558704522836635,1.1587922723242634,0.515843512222431
118,0.8618744207365535,0.8386652617147814,0.4515897353990494,0.45153826114119827,1.1485064828952667,0.5112604118093984
119,0.8628965078634967,0.8392981609323633,0.4475804865007364,0.44752946923536185,1.1642601664428334,0.507405505940921
120,0.8626338911273976,0.8400315069008034,0.44391315633651257,0.45212709063824386,1.1967683637467839,0.504416986132542
121,0.8625791881281756,0.8406160895839841,0.43997993502027044,0.44812109107466974,1.2303126235064359,0.5001185265742242
122,0.8633413757869234,0.8414989072599279,0.4361102128217495,0.45298128521508246,1.2724080349102287,0.5046669942645724
123,0.8643674443484168,0.8436813711879111,0.432700928176772,0.4573712934416108,1.2947388350937379,0.5019928763614804
124,0.8637093371363795,0.8456726795242708,0.42887853540594584,0.4533309676373629,1.3038260833309272,0.5123688560267629
125,0.8640820401068714,0.8457710030591901,0.4250936956151382,0.44933033588950644,1.2955516079411502,0.5134405121981165
126,0.8636541452202661,0.8445973560436852,0.430162154949689,0.4541851214050369,1.2996183007135738,0.5110577732570837
127,0.8641962603380114,0.8463050914438373,0.4323518817570447,0.453013987078101,1.3029580635225937,0.5181931348370492
128,0.8649512970715252,0.8477164057504535,0.42854781911560985,0.44902812820479643,1.2969182819410952,0.5170079898559035
129,0.8620911935992551,0.8486009345752081,0.42478099535567027,0.44508128785989964,1.3006581520134615,0.514911307087632
130,0.8638330876286431,0.8517304006990168,0.4211135593437459,0.4498914572168124,1.3328291713056961,0.5107026283954839
131,0.8634680098192213,0.8521404365150853,0.4249110948118047,0.44722548867155715,1.3286296394495285,0.5075059867070485
132,0.8646869019579658,0.8526419728038169,0.42899499310758477,0.4442621099124216,1.3326042098162127,0.5049703248019459
133,0.8641460955922926,0.8517772880962718,0.4252392916960334,0.4403727502226724,1.328583999821754,0.5016603728614188
134,0.8633560552106337,0.8512450793169103,0.4215201911000703,0.43652129390200445,1.3227533928970947,0.500229745383089
135,0.8630451990527874,0.853271485235331,0.41783730211945114,0.4327073378992761,1.3546656916308786,0.4961095359998183
136,0.8640445779377393,0.8556592796261305,0.41419024001211185,0.4289304837801842,1.358469294215432,0.493608430850175
137,0.86518742229483,0.8561665390742508,0.4105786244396611,0.4251903376708166,1.3724458657897018,0.48964140079265717
138,0.8635873987685427,0.8570450751636416,0.4073331955561395,0.4298663809768344,1.3856308943814597,0.48636949612970165
139,0.8643123499310001,0.8582575855766886,0.4037884679191953,0.42612556324465484,1.3909773065379556,0.4995415330216873
140,0.8641535452454117,0.8593363653143461,0.4002780996197491,0.4224210055674479,1.3945278722418264,0.49694275093069185
141,0.8647668917567218,0.8611359940405937,0.396801727107485,0.41875232428372877,1.42394773269482,0.503205029052758
142,0.8658926911383042,0.859674839208471,0.3933589909769972,0.4151191401062143,1.4277849984874122,0.5000201687425808
143,0.8670793886295795,0.861066467786747,0.38994953591733783,0.41152107806857974,1.431117245231561,0.49731382022059195
144,0.8679904217153939,0.8617687263155074,0.38657301066221583,0.40795776747290274,1.4187253763447385,0.49300764078189663
145,0.8681711734046974,0.8622190235147695,0.39151232234016475,0.4047958103695663,1.431302454990387,0.4898468156351688
146,0.866161374421574,0.8625187105844733,0.3910644364333133,0.41564549227021375,1.426107623154026,0.4870814661818949
147,0.8675865024768299,0.8631613945805181,0.38768840070576743,0.41205724976804253,1.413796121932865,0.4828765212192377
148,0.8690763443327534,0.8637115618901097,0.38434485530905965,0.40850353983466847,1.4087539175903987,0.4801855480486556
149,0.8697950391923301,0.8623755130875091,0.3890298065906762,0.4056033428015111,1.420605574684867,0.4779064512778486
150,0.8708504165761954,0.8637248677747946,0.39350406186789105,0.4028966963884107,1.4240236426235109,0.47536190342514123
151,0.8704691389223852,0.8648785972880628,0.3901205262477895,0.39943239841654093,1.4259810136104214,0.47427052117158736
152,0.8712190484657983,0.8659178831490956,0.3867694366465554,0.39600132092465967,1.4223219810665035,0.47878650687560936
153,0.8706770674560058,0.8655556713303693,0.3834504531558088,0.3926031158910394,1.415088121639976,0.47835843042739246
154,0.8725675544060922,0.8664693147551757,0.38073759900946064,0.40580852034211734,1.4195280500470229,0.47483195677474627
155,0.8718483174844286,0.8675255831745924,0.3786798168160985,0.40969435396628034,1.4220934799691771,0.4731712588912581
156,0.8728493689283057,0.8688682806420838,0.38018806662145493,0.40999668839199416,1.4099435901727122,0.46913096080116706
157,0.872384287899674,0.8692482501920055,0.37693858378490086,0.4064924300552897,1.414284451398223,0.46585711307253913
158,0.8733134640349561,0.869699063075431,0.3737200945090984,0.40302159532754417,1.4269539816769865,0.46274949239818547
159,0.8743421015159384,0.870112902880698,0.37053227571019975,0.3995838357935409,1.4402523582798488,0.458924265172845
160,0.8744350962751083,0.8705064520006143,0.38261412685121593,0.3979823638198417,1.4432186801621998,0.4568171679062564
161,0.8746048564619573,0.8709161860920251,0.3955793728374316,0.40391072393441724,1.4463516867294115,0.4545352177597512
162,0.8752656549811225,0.8715531614015767,0.3922152028541602,0.4004757007085222,1.4501161987779951,0.45161360439253356
163,0.8760106259174902,0.8715052866689341,0.3888829770510889,0.397073294443561,1.444793302568694,0.44927548365079045
164,0.8748680798524473,0.8710976266572408,0.40373987302254294,0.40100791797873525,1.4385832377562155,0.4478972109746885
165,0.8748592001062074,0.8709109864774671,0.40879552509917144,0.4060867341301787,1.4576908112346945,0.4444385756088796
166,0.8748301084226255,0.871097638478706,0.4157937602886055,0.417597456476547,1.4518234985054725,0.44266474630502944
167,0.8734986138637412,0.8704919551815515,0.412275315105079,0.41406374842288846,1.4556135005201398,0.439785342953561
168,0.8739555504995604,0.8710051377622602,0.4087901299193799,0.4105634446475565,1.4492033545757819,0.4391100234359664
169,0.8739669322249877,0.8712583094944212,0.4053378608760474,0.40709619980345946,1.4369647225932898,0.4354017067536564
170,0.8722752202774701,0.8702876087346707,0.4103260043619418,0.40369048415553055,1.458473573832304,0.4318436237488353
171,0.8705423747739828,0.8712777763248463,0.40686768827561526,0.4002880936650157,1.4707432036523131,0.4289696712513595
172,0.8707144791903989,0.8716764707430235,0.4034419470779824,0.39691775128368306,1.4738792478548546,0.42667820417263275
173,0.8695596304239063,0.8694486160191097,0.4248468887536323,0.40242618772484134,1.4860624963677076,0.42374278050114433
174,0.8706132959309378,0.8691155922320618,0.42966918040235985,0.39905531505588604,1.5155365107062677,0.4202400792513922
175,0.8718600396795154,0.8705323768066765,0.4423485078444001,0.39620834206927164,1.5274950188155247,0.4256098394820973
176,0.8690401012024845,0.8736851148912832,0.4470250735419646,0.40127184749456785,1.5473496013742079,0.42292088768178776
177,0.8676010892036321,0.8712758690485886,0.4432808735327169,0.4146647830771004,1.6014050607358192,0.4193812854901181
178,0.8670669121291247,0.8719713112954894,0.44754201167935714,0.411592557994701,1.6039445839367048,0.41666797911345044
179,0.8682260397977164,0.8722830086583376,0.4438000865174258,0.40815120833582813,1.6061610464546068,0.4142791761468038
180,0.8704676149894061,0.8734317743616912,0.4566913937708886,0.404849209928949,1.6176426222149611,0.4109795761846766
181,0.8712473905109305,0.8718988121378203,0.4609776971212101,0.40171826073879274,1.6284357346556202,0.4082919872169173
182,0.8715881900340459,0.8721042290911221,0.4571349808589901,0.3983695319325794,1.6304200651839416,0.4054150365848218
183,0.872583014592518,0.872879667363099,0.4536520356823924,0.40305578951312615,1.6412174130013801,0.4110148780044486
184,0.8735942243350483,0.8741818219830118,0.4579873170339755,0.4082319651060902,1.6275635377242004,0.4075954980754918
185,0.8726304904466783,0.873264863939828,0.4707915142469479,0.40485066800874114,1.6472578930882316,0.4042310269396158
186,0.873407744056546,0.8727898003867586,0.46688265661673983,0.4014892998131566,1.6495417232998466,0.40151970772038803
187,0.8739295204747277,0.8744535829948296,0.4631227856766081,0.4063409513160073,1.6604050408547315,0.39852730168889683
188,0.8743760006298184,0.8748846012859375,0.459285282161946,0.4029739504318936,1.6535713854325969,0.39658657486674875
189,0.8756061931382862,0.8764049092670414,0.473588459436391,0.41464456784509673,1.648161213786115,0.4015815538733333
190,0.8758502191591395,0.8768194351916345,0.47794166775321373,0.41948521805733535,1.6388469713787843,0.4022148851578554
191,0.8772674065826501,0.876054400346692,0.4744398516458282,0.4238344240877215,1.6409373427294485,0.39978528844180217
192,0.8767738963735507,0.8756906050257849,0.4866148179950488,0.42900514449772864,1.6513234172105662,0.4055708840580212
193,0.8772309620434264,0.8763933110533425,0.48260276653718975,0.42546807441321544,1.645953942397085,0.4104719009776552
194,0.8783085449490208,0.8767613440811107,0.48686434974707316,0.4302002520308575,1.64861949735963,0.4073417962487299
195,0.878782349669478,0.876202191090363,0.49763229581326346,0.4283430737455954,1.650669448673263,0.41305972259675544
196,0.8800020751871084,0.8776152878056543,0.49354169745796844,0.42482204127300993,1.6526767238694005,0.4105287625112769
197,0.8787331263507561,0.8773609634510976,0.5102082997866593,0.42524964094150025,1.6460116042625983,0.40846293825972596
198,0.8772763305674154,0.8750461450879498,0.5060231538685653,0.43816796898783306,1.6981360144613433,0.40511382888653397
199,0.8774268380330603,0.8753917615475291,0.5105769778573812,0.4504625244587765,1.6995992560082742,0.40280473389538185
200,0.8777397238242477,0.8759184092897293,0.506518351778808,0.45484013211343954,1.71807614808379,0.4080590734116045
201,0.8775908117804443,0.8763905912250565,0.5023754752115074,0.45111993812918766,1.7191550390565709,0.40594850684531547
202,0.8775686195037876,0.8765402649306405,0.49827059068432844,0.4474338599957979,1.7051079104289761,0.40263152218582515
203,0.8774844146388235,0.8762636595713422,0.49994554052500173,0.44620211291028516,1.6969317106383905,0.40176548693821423
204,0.8774755562485049,0.8761785403885852,0.5040232964774644,0.4507181262919321,1.714043703009747,0.39860864136879315
205,0.878346443205916,0.8774902777253022,0.4999172842186223,0.447046363171515,1.706341163570405,0.3972918748154257
206,0.8786276102295755,0.8789945123659102,0.49585880183534087,0.4515364729347896,1.7330959994735207,0.3941086312985796
207,0.879700753072027,0.879090603992215,0.49182737234022655,0.44786539268296893,1.7190055895733474,0.3909044506882678
208,0.8789233307776401,0.8798367377353896,0.48783271581360377,0.4442277984486003,1.712089072442422,0.38880620051099674
209,0.8781544655787883,0.8805791987124176,0.48387446439958226,0.4406233552565847,1.7052554141670155,0.38670724712954535
210,0.8763770190599484,0.8817247764970576,0.4961612570461143,0.4451602563086877,1.7319486875455983,0.38358755417427076
211,0.8768267506352809,0.8826967554872389,0.5001989711637242,0.44159770535876885,1.7420903141434083,0.38060808572197685
212,0.8780501281831434,0.8829327235864455,0.5042421850450839,0.4461149827928177,1.7846235345518544,0.37753051345246624
213,0.8783446145585626,0.8832118121411532,0.5001671208802074,0.44250967718033524,1.7807364895111706,0.3881886677938368
214,0.8767529721628096,0.8838633992088764,0.4961290297073666,0.4389370824480507,1.7985863444775467,0.3851219681594122
215,0.8744261709880832,0.8840181168790202,0.4921387483299248,0.4434510825396773,1.8082561707398515,0.3820494158408817
216,0.8756391282100761,0.8853100802102031,0.503111031955985,0.44911248042176677,1.8005666786608914,0.3801481956088906
217,0.8773607204426999,0.8863534529250975,0.4990613404808917,0.44549743947096293,1.7933562899955362,0.377854656400342
218,0.8771965075515977,0.8865434705221519,0.4996002019699775,0.44540439493745454,1.7789354912553375,0.37481625319820006
219,0.8785735126056751,0.8881110902532836,0.4955868050436133,0.4418263646993112,1.7726781332836916,0.3798384900146293
220,0.8777866699010892,0.8879726322021736,0.4995360151129679,0.4383794257078185,1.7822312200568735,0.3770866166490857
221,0.8771758347828983,0.8877000880778794,0.4955311515557503,0.4348648647289586,1.7997942748768034,0.3742806177634106
222,0.8796207156515233,0.8878475916750249,0.49156236642787576,0.4313819652132512,1.817411994920945,0.3712870140287914
223,0.8793348842730468,0.8887220919085937,0.4955828149459159,0.4279780505399735,1.826731147744898,0.36845920095907464
224,0.8782589170383057,0.888722435902875,0.49960417485917613,0.42456768019746555,1.8440605880942336,0.3655562087270913
225,0.8787488737918222,0.887268499391505,0.49642415315563715,0.42835320193676163,1.8436869926172437,0.3642559806084174
226,0.879818635394427,0.8878980181120633,0.49323497808532496,0.4321424416620534,1.8361858584952868,0.36212113497515513
227,0.8799171794532435,0.8887616519585366,0.48930428603943876,0.4286986087353524,1.8453443467059536,0.359351943954841
228,0.8811624941167574,0.8877826359509816,0.4854088159138641,0.4252856351096332,1.854351431283132,0.3566765392522912
229,0.8828165692135724,0.8896319380353884,0.48835450125985896,0.42305022227665184,1.8464095254017894,0.3549867941352444
230,0.8820165450385924,0.8895907103692993,0.48447436064801175,0.41968894610519875,1.846411738910537,0.36132977538285926
231,0.8825452043183623,0.8901577786245954,0.4876107805213273,0.4173132198891261,1.838738077963932,0.3594172704123548
232,0.8841579633917709,0.8902894557758668,0.49163510815096817,0.4140427937124256,1.8557597921259588,0.3646126748026198
233,0.8844569680991681,0.8914915616196695,0.4877406030730501,0.41076293892611265,1.854455765033566,0.36417101356565784
234,0.8841935354238669,0.8904006423488523,0.48388081017971113,0.40751231787360087,1.85493006560861,0.3619916925534316
235,0.8839317017513345,0.8903158148494007,0.48509944300647767,0.4071522993171385,1.8402655292290089,0.35912989175412624
236,0.8837763907085036,0.8907906070826598,0.48916602809558496,0.41183449588298676,1.8328792975716417,0.3570604876473907
237,0.8849489549373596,0.8920194512416524,0.49319646363014513,0.41647507046959487,1.8251261311984686,0.3554279752980407
238,0.8850289797137834,0.8922853860805541,0.489309075831433,0.41319240275641883,1.8264349894798162,0.35269598469040847
239,0.8852872335533243,0.8917167676556688,0.48545618334753604,0.40993886428428145,1.8434882612637384,0.3499805066051894
240,0.8845436819250447,0.8912833346049339,0.481637449756054,0.4067141709644815,1.8683063070222665,0.3472513797683688
241,0.8854469984343044,0.892234278684836,0.4828402424764208,0.40638875768368066,1.8536287906632942,0.3445230138689175
242,0.8844385416935964,0.8911347571553887,0.48690023710067176,0.4110489394121271,1.8469273251555178,0.34966887646958056
243,0.8843857563039055,0.8921693333320784,0.483081617240605,0.4078251996726577,1.8476154832902418,0.34743887032835413
244,0.8839634206963791,0.8934804845889929,0.4871015200843014,0.4046600284282696,1.8565572376540391,0.344806998383508
245,0.8829595779768247,0.8930320674287573,0.4832889543807564,0.4014927360213107,1.8575216411343698,0.34226653067491136
246,0.8823375594912019,0.8933831958852094,0.487041651101054,0.3986409568709428,1.8505289803383125,0.339877854899629
247,0.8817633270368463,0.8930596859091698,0.4907451755053416,0.39583041213556974,1.851089970477605,0.33782973684626
248,0.8828897890069171,0.8922434303397858,0.4947191961649088,0.4005451095887318,1.8521264828612842,0.335349609267416
249,0.8831270725957899,0.8926136648320964,0.495162921218716,0.4009178830322547,1.8376877512358856,0.3327353220910928
250,0.8835907662415955,0.8922861919911173,0.49292194195525085,0.4117561936366889,1.830356166887077,0.33095165357252243
251,0.8836341503029592,0.8932073129851312,0.4959131271386273,0.4095066338833943,1.8307222267845271,0.33711100075892647
252,0.8839895386141797,0.892402185695576,0.49223112896745413,0.41392375198527687,1.831766521034777,0.33483624370970955
253,0.8838978906194903,0.8922178827205051,0.48845861901043486,0.41842493915035744,1.8406889618779483,0.3323849549262605
254,0.8852827975910262,0.89126272738607,0.48469895675576924,0.4229068980107272,1.8418661824926015,0.32986521449880823
255,0.884198432287119,0.8910242830205306,0.4809429445744235,0.4196297226870266,1.8353431763209938,0.3350577702926946
256,0.882296543896873,0.8922432187226009,0.4772197633945276,0.4163811928901798,1.8361060118634753,0.33297583863919217
257,0.8833861754610262,0.8934891160690142,0.4735290974346276,0.41316103309626967,1.8219063417519736,0.3304007510032604
258,0.8814030556427442,0.8938252543640042,0.4698706342052087,0.4099689706536441,1.8464517438044181,0.3278564885779514
259,0.8819145843873311,0.8945143732844454,0.47403061314446443,0.4221728777695423,1.8551506665210482,0.3255310650702698
260,0.8826825771803262,0.8946423802753041,0.4780861084130921,0.4189177071302309,1.9179516561747476,0.32302112261765903
261,0.8822339073072513,0.8950272670455697,0.48980385458108416,0.4156961301151911,1.9339787466655525,0.3205434856804673
262,0.882325531003673,0.8961431771712386,0.48625055175345067,0.41997662097799215,1.934055203832126,0.3185084518782047
263,0.8813115501503107,0.8965625450654404,0.4825206760909098,0.42442736765203964,1.9499044428368095,0.31609248818091834
264,0.8820089214862077,0.8970765489774066,0.49417451576829324,0.43652734856654474,1.9408708144853828,0.3154037482109091
265,0.8817841804451974,0.895795275182253,0.4903831794800545,0.43317828477507037,1.9396641944792374,0.32232762425682837
266,0.8827467265653208,0.8970895823755101,0.4866246909178358,0.4298582369087164,1.9310907845590002,0.3212287179892399
267,0.8835840122170647,0.8979892918464405,0.4828987367003763,0.4265669281432305,1.9239616736482827,0.3264258870384548
268,0.8829558040615748,0.8975058335963684,0.4874487448533361,0.438007579786509,1.9162996962242878,0.32452381811961223
269,0.8827581302501528,0.8978527628073855,0.4912872801450137,0.43473866496260827,1.916783105367723,0.32220017302670895
270,0.8829579594638864,0.8988649057165268,0.49382139986357293,0.4327692480102269,1.914720180297651,0.3224394318762482
271,0.8824220663600089,0.8994216362521995,0.4903085388680267,0.43684194083499167,1.914865853921982,0.3204866744114646
272,0.8819392750657317,0.9003438598995432,0.4865731023721733,0.4335138418945127,1.9152929911797663,0.31826649767984716
273,0.8809900960496513,0.8991085973414186,0.49349458823113923,0.4348114964153964,1.9060359015389778,0.3181476237613591
274,0.8824446843296325,0.8998790757647643,0.4967937780630356,0.4320574184179429,1.8985950866894943,0.3162805786079394
275,0.8830785582327317,0.9015005462000298,0.5005555433648676,0.42883607959364944,1.9067797047356096,0.314059546156439
276,0.8831290104634891,0.9012594110326857,0.4967572631761728,0.42558201596992323,1.907160211882714,0.3120065901683158
277,0.8824357285363349,0.9010579798340124,0.4998913705094076,0.42303661922360997,1.899602707128314,0.3103221615223445
278,0.8832336602935819,0.9011732970451884,0.5036658487954986,0.41984580482154804,1.9003405620278517,0.30799775970255167
279,0.8836528241881371,0.8985769959001819,0.501262772768346,0.42282754571039705,1.8921218463926777,0.3070749912364091
280,0.8834596033957188,0.8985931395170648,0.4974743102297926,0.4196318838655216,1.9080267935851376,0.3047802216609231
281,0.883268123641772,0.8988264929654944,0.5012783822478263,0.4315542502800306,1.9162420379713054,0.3025086266326879
282,0.88345194097697,0.8979791393976346,0.4974980420389917,0.4358412162663013,1.939499002342482,0.3002303493563692
283,0.8843836874916045,0.8984930680087609,0.4937492958480132,0.4325570664580862,1.9318962975670426,0.29849144839891434
284,0.8837240674938432,0.8976884317353672,0.49651486256646077,0.4303462408634689,1.9173536266286453,0.2962445043380672
285,0.8832006110602106,0.8984602136789981,0.4927810000251467,0.427109975789248,1.9174655071669342,0.2945265714465338
286,0.8837821135012897,0.8981571794347025,0.4893070166053009,0.43118578835980015,1.925141998052514,0.30028272289729646
287,0.8816151033586962,0.898642158674946,0.49285208336023384,0.42823743242887347,1.9251283286779157,0.29860455388628027
288,0.8820101665471418,0.8989931321953537,0.4891568677326488,0.4250266726369311,1.9106944559135706,0.2963657316521523
289,0.8817075881007949,0.8993403537431571,0.4929721537177291,0.4218541624087271,1.9188205131165357,0.2941788904276372
290,0.8823814248754686,0.89968968693363,0.48928342269315195,0.41869758140310886,1.9193486233968742,0.29205698323171836
291,0.8814212590387025,0.9002333120054608,0.5074799888799888,0.43108949875813124,1.9119049145043605,0.290445245352634
292,0.8821405488304448,0.9009242450525481,0.5184998828916865,0.4354637192037066,1.912311260446521,0.28852784344603405
293,0.8824621724484665,0.9013395982020317,0.5146317589658252,0.4322150634437433,1.8980449950445437,0.2863753618518504
294,0.8833108921177599,0.9002944718362561,0.5107963294487519,0.4364466310978533,1.8988241549011515,0.2916938385171159
295,0.8837675458636312,0.9001191795190714,0.5069932894283895,0.43319714806689896,1.8989725746433017,0.29012695222078344
296,0.8845770371461984,0.9010329338353829,0.5072723687556546,0.43336292474629784,1.8848482553715538,0.28796902442486716
297,0.8856161396927177,0.9019628638538584,0.5035031117932491,0.43014284748217385,1.8774372024283779,0.28666552879550444
298,0.8856459795717634,0.9022998094324984,0.5071875185520557,0.4269509876566426,1.893209229453292,0.28454199242704065
299,0.8858809153501901,0.9022994539965682,0.5034264217847529,0.42378489243399897,1.8865904779199878,0.28243194450840403
300,0.8848827667240743,0.9007773770222621,0.49969694712444546,0.42064541673435146,1.8947031343769096,0.2804753213559761
301,0.8860337887623504,0.9007948422883978,0.4959988010876835,0.4175323135030227,1.8951700961968103,0.27871190272376806
302,0.8863797898138321,0.9007948400896855,0.4997250737987419,0.42183871882497637,1.8961070091695928,0.27665127953555335
303,0.8862865969318684,0.9011345976284025,0.4960341089193277,0.41872302185959426,1.9116219504485907,0.2820183259301729
304,0.8841281359460045,0.9015823697171894,0.499513608509207,0.415872496043137,1.9117959228962746,0.28041555813073493
305,0.8844826365381506,0.9006704101449944,0.4958402796033573,0.4201695337503147,1.9197990620555716,0.2783746596645115
306,0.8842282188743226,0.9009085626887754,0.4921889781304844,0.4170754615247462,1.9056619648980326,0.27632474645694394
307,0.8850356323545414,0.9006944456786581,0.4957906966145588,0.4141412397355847,1.9060903669315352,0.27455996294957147
308,0.8840369249937567,0.9010241199010274,0.49945750698687874,0.41113635335966175,1.9067032858022195,0.2726261868552016
309,0.8837768156635166,0.9006294673557458,0.49869749065687674,0.4125527723742223,1.8927046382631565,0.2706246178485428
310,0.8844565287540935,0.9009960770233963,0.49503980909088696,0.40952691662242463,1.8857024544997332,0.2690944010256521
311,0.8856048809332141,0.9011091716501602,0.49141258371860097,0.40652625607891224,1.9011928822504416,0.26712403445332755
312,0.8859424775244858,0.9009319834690277,0.48781553437839126,0.4035505589770164,1.8873125810687512,0.26516917216001973
313,0.8856741927168506,0.9014374246192429,0.4979066879332159,0.4015662898952394,1.8876532783087097,0.27102600136297467
314,0.8841077986038854,0.9013077394893257,0.5015693087505636,0.39863803810329695,1.9030633075857042,0.26906717031743094
315,0.8850429532265348,0.9016534188422325,0.4979089117385537,0.3957288220526146,1.895364595726798,0.26821180435668324
316,0.8850738066465035,0.9009705419048267,0.5088170611830991,0.4001773057646298,1.90333207312234,0.27363295052143
317,0.8862276476271428,0.9008507151139789,0.5123793750943727,0.3972778138677728,1.911274075464235,0.2716853650748266
318,0.8862024835128529,0.9009540711468587,0.508655108631381,0.401659417143008,1.9337324468595458,0.2769998850492564
319,0.8866826686524895,0.9002568379010815,0.5054598324869378,0.4055065950708765,1.926443360593953,0.27548845408373096
320,0.8868157142350408,0.8984350747253339,0.5090465639365356,0.4025663800502399,1.9414901135458078,0.2807625895695723
321,0.8881366525478291,0.8991724275117631,0.5122115521355591,0.400042572106402,1.9342638231786662,0.2791223746424714
322,0.888105829120959,0.8986437821295791,0.508499564286572,0.39714347082579765,1.9342774503886482,0.28480933275367804
323,0.8888581721693549,0.8991387269778072,0.5192976374789208,0.408747733020048,1.9342348053340728,0.2905091995205875
324,0.8884628482857536,0.8997696952647312,0.5296709384213979,0.4133598489574376,1.927142069726392,0.2887439758839743
325,0.8883803943543405,0.9004258058712289,0.5470803824445236,0.4180378436879168,1.9202237250005725,0.2868774022019542
326,0.8881957609245393,0.9007238661697392,0.5490232483590863,0.4163467562265983,1.91225517103774,0.28613303761116726
327,0.8871766799043017,0.8998836927150645,0.5492403036892181,0.41637941216361,1.8984662105186163,0.28406977943794
328,0.8871680478988123,0.8999746548694492,0.5453670000003049,0.42770400890264215,1.9062385625005211,0.2821868427936053
329,0.8877243978049909,0.9002013964974392,0.5486387346366305,0.4318224970376978,1.9140850460375813,0.28018079915305094
330,0.8889333287384998,0.9004326214551905,0.5518836778968464,0.43590725995451474,1.9146439125527595,0.27822531091097424
331,0.8890562144313529,0.9008623532564993,0.5483977712229923,0.4394808527438118,1.9075971422665985,0.27670483277432467
332,0.8893849136339146,0.9016479126482503,0.5444630867356509,0.4363276333390023,1.9225000201297742,0.28200432211516263
333,0.8896940900084381,0.9012044188186776,0.5475608483026296,0.43336755816504036,1.9227207777590876,0.2803177818717294
334,0.8909127854291989,0.9019579107621852,0.5523067693310828,0.4502398134702229,1.9153604940593454,0.2790636624776089
335,0.8921529702736092,0.9033178460224061,0.5483559086565541,0.44701907660454765,1.9159669267576611,0.2913742861456472
336,0.8930111278456483,0.9043803391591607,0.5456515910025934,0.4497564456824799,1.908206855089134,0.290506418544521
337,0.8936280849021856,0.9037648253650501,0.541756136059356,0.4465455946587204,1.9158396307811136,0.28859409962503974
338,0.8942065029408206,0.9044471938593293,0.5420502204227755,0.44633494180058525,1.9093119339831348,0.2936686972734174
339,0.8944695135725949,0.9049724690206108,0.5382706808195044,0.45019723508450515,1.9097931396162735,0.291741579499374
340,0.8951040623960613,0.9035984740377266,0.5344394298572989,0.4469928647712758,1.9027372235755229,0.2902453349057415
341,0.8955843674329333,0.9044769076641005,0.5364604059262716,0.4451039160253961,1.9021420240382427,0.29658334025617333
342,0.8944379087363572,0.9041233357657662,0.5521269483855638,0.4437752951683299,1.8951226187731764,0.2950876214297059
343,0.8940721145228195,0.9052645888085215,0.5507895925553651,0.452238112359689,1.8932861209022263,0.29557431489814684
344,0.8929820536509078,0.9059551890267873,0.553862490616863,0.4491437500221925,1.89381927753826,0.293702272005325
345,0.8932643051683224,0.9064510259661447,0.5499399237280906,0.44596282256820674,1.8870708355502923,0.2920407919884087
346,0.8938815279739909,0.9066559970612507,0.5460490300961304,0.44280757991068403,1.8949212448432848,0.289998725043657
347,0.8942443173764846,0.9070804830303132,0.5421895264565111,0.4396777923419461,1.8861523598565144,0.2903925325476763
348,0.8939878477056619,0.9067286236769063,0.5454221210653935,0.4436342211533993,1.8798953063879686,0.29540307965737383
349,0.8932396410171793,0.9070666366408985,0.5415747508924255,0.44050485583385657,1.8803876888772029,0.30072808582405425
350,0.8940697658799128,0.9052661319837239,0.5377583381259627,0.43740067058016274,1.873301215498008,0.2994914024962584
351,0.8940206399397967,0.9045959783264618,0.548000104112427,0.4414134562138167,1.8811286397800149,0.3045272247276787
352,0.8939946431651201,0.9036021532886237,0.5441461283117945,0.4383090831205362,1.8960302408666918,0.3023855452901627
353,0.8926481903272904,0.9044010498043109,0.5403230817156306,0.43522962346603034,1.8889237897382227,0.30107220046183175
354,0.8930245649763716,0.904816658476499,0.5365306892622254,0.43217485568840713,1.9037353212026544,0.2989646340503149
355,0.8934010896527612,0.904328966237301,0.5327686785544546,0.42914456037209503,1.9039560624124454,0.29732585870454414
356,0.8924127533581528,0.9035511165299389,0.5290367798319915,0.4261385202254595,1.9045471365056874,0.29532514407631416
357,0.8918401425591276,0.903064029074486,0.5302659036256887,0.4252230673541522,1.8982173644153757,0.3002562649165192
358,0.8920495506134678,0.9037948907219803,0.5335496882175668,0.4292411781316278,1.9057370158769316,0.2983398685018646
359,0.8922406203588655,0.9041078247617076,0.5298235140433389,0.4262434678381172,1.9203477746175301,0.2962730743281142
360,0.8924469524041955,0.9029837495230133,0.5261294495276698,0.43024404262052784,1.941821835584666,0.29421799294622636
361,0.8933709315145848,0.9022181522918565,0.5224800747026437,0.4411672750277144,1.9491706597656042,0.29219381074021317
362,0.8935735425923432,0.9023032651933064,0.5190618446680062,0.4518014458348404,1.9631206629831113,0.29745170038336066
363,0.8941863924671364,0.9025149971605592,0.5154513208950253,0.44865877627126044,1.970311779837779,0.2954044164033566
364,0.8951793074726299,0.9022997927866805,0.518818407000369,0.4524899978879393,1.9702976950231765,0.293572062804556
365,0.8957223896971892,0.9026167981873746,0.5221546501750316,0.44935293080562544,1.9774335439549675,0.2915464053623997
366,0.8949723391300686,0.9029708414720146,0.5185334930494206,0.4462366556431702,1.9772356390256078,0.29681395495829055
367,0.8956668298241817,0.903140301234557,0.5287972358976767,0.4570012779540387,1.9912458220972702,0.29476132276823647
368,0.8941697084332028,0.9030000266518795,0.5320516970911127,0.4538451076862902,2.005121498510394,0.2927484853984276
369,0.8945713586602717,0.9030000266518523,0.5283729564606926,0.45762136139216475,2.0120003412735574,0.2976386020861776
370,0.8942292345433186,0.9034151809591957,0.5383976996827765,0.4546007035312846,2.0117776238472085,0.2957234646783933
371,0.8944843066800157,0.9043574636572602,0.5346825189746236,0.45146375891828333,2.025470555873726,0.30062950904825503
372,0.89510273497216,0.9050611815601006,0.5351797313718186,0.451062047742181,2.0115110595396986,0.2985578889672425
373,0.8956388605261221,0.9051648126135794,0.5383717941285112,0.4479647330693881,2.0114167228234106,0.29651981090667145
374,0.8955783973449302,0.9044914950788812,0.5483835545910303,0.4518065123816813,2.018130143352705,0.3014474004483701
375,0.8941352968564105,0.904355684838727,0.5446145732136732,0.44870129466120257,2.0042597512454075,0.2993755847838992
376,0.8944315881358337,0.9045659757007649,0.5408752368478997,0.4456205011036677,2.011061474815714,0.29735511731938785
377,0.8949228216482799,0.9048809856603344,0.5371653316428749,0.4494230342127436,2.0384219654189955,0.29531584718923376
378,0.8962515292453236,0.9052359490555101,0.533484510951455,0.44634345050529983,2.0310869051894214,0.29351173133044534
379,0.8957467008920327,0.9055501504893521,0.5366774909829811,0.44328855727860683,2.0445628885674156,0.2915046347756194
380,0.8957660372886963,0.905324392306602,0.5456689752247913,0.4412726915935995,2.036911731935982,0.2900189545169251
381,0.8957204059159518,0.9060384635342099,0.5420624704377572,0.4449684080256832,2.0364171048293382,0.2882803798517875
382,0.896728744478324,0.9052368247980723,0.5383629208917365,0.4419315206525811,2.0358653289919233,0.2866182158280663
383,0.8968183286034813,0.9047010921967457,0.5346922930521238,0.4389183745387611,2.035267229654523,0.2918357097532914
384,0.8957933403830725,0.9042300249744429,0.5310503358054388,0.4359287635501119,2.034945328876692,0.2899296413788417
385,0.897005296686048,0.904958577750986,0.527436800416884,0.43296248350513633,2.0483109101167845,0.28796279974803435
386,0.8962400789595245,0.9054521246773766,0.5238514405060587,0.43001933215501487,2.0406699266414767,0.28652018845216803
387,0.8971626405970909,0.9057601048953453,0.5202949634841043,0.43388906865198645,2.053971756853554,0.28457826121196605
388,0.8964841439080827,0.9057706719921517,0.5188338292531766,0.43566102406408885,2.0583211182036703,0.2982845050496759
389,0.8962739051586572,0.9059716713696837,0.5207597581899787,0.43404349910097584,2.0498134142008078,0.2975980278349105
390,0.8970784371779238,0.9041317099390761,0.5172339184475333,0.4311047777520003,2.0420239683162027,0.296264756018071
391,0.8960231586434032,0.9037310860365818,0.5137354508628498,0.4281888705835485,2.0346292155661136,0.2946075898293668
392,0.8962810953480053,0.9033025149483759,0.5168667177556281,0.4254500234399674,2.0340863824509965,0.29292579974823857
393,0.8968169315781078,0.9039233344782075,0.5166318398386458,0.42607427993642394,2.0203558373673265,0.2909484875910803
394,0.8965207922896727,0.9038506067465943,0.5131479120708642,0.4232010307470753,2.0067314864524746,0.2889864647414399
395,0.896153662915683,0.9033407261213581,0.5171870856790292,0.42632746199840543,1.9932642462505712,0.28704632422460263
396,0.8965149983512688,0.9037469669094892,0.5137063819618858,0.4234582496325362,1.9798494444247263,0.28511448324219024
397,0.8962844240376208,0.9042383309229299,0.5103648839181081,0.42722221123823617,1.9797603177280974,0.2834226390774902
398,0.8964945043612205,0.9029526103491421,0.5069369567903088,0.42435272187161094,1.9865791671075888,0.28155378930554
399,0.8971238471497485,0.9037610842602024,0.5071876662139575,0.42456305231501085,1.9732499761548956,0.27966470621177403
400,0.8975891482873573,0.9041230809827553,0.5037878856163049,0.42171712106728254,1.9731965463410168,0.27802279822468834
401,0.8968405764320185,0.9035827964280053,0.5004142697327736,0.41889309210864806,1.9732728388096406,0.2762642152746634
402,0.8972710655819998,0.9030634949884984,0.49706659461957436,0.4160907779774143,1.9732644153360286,0.2746032891019806
403,0.8967142818913733,0.9025998306631491,0.49836983321060835,0.4153679191726851,1.9667599714899282,0.27945120308900734
404,0.8967424403377484,0.903267178985617,0.4950432099312836,0.4192704672770973,1.9870076521604778,0.2775890316388308
405,0.8962705593418292,0.9020231855069716,0.5050734525566581,0.4231512687719899,1.993741665682882,0.2757599877017889
406,0.896736552261518,0.902380593792631,0.5083711984635582,0.42699487051882357,1.99248023728043,0.28188888590828337
407,0.8968545010738277,0.9009485207487901,0.5049872551158192,0.4241526039703295,1.9854794340163513,0.28041132586191736
408,0.8972237107037012,0.9014297605516229,0.501629196528554,0.42133207873995154,1.9789262539911563,0.28519644536291633
409,0.8979256636281957,0.9011174978293365,0.5049399447057534,0.4251762520987652,1.9719486688869778,0.28377628467535104
410,0.8983224675923762,0.9018598409265636,0.514861914502402,0.43562757384091805,1.964267057099634,0.28312474222456674
411,0.8986278805709527,0.9015072583070731,0.512367756136692,0.4450798497446878,1.9640443074197245,0.28833718592111207
412,0.8990766591058929,0.9026697979391222,0.5153627953634917,0.4423666453541771,1.9638131157481233,0.2868967939486684
413,0.8996775443509464,0.9037348401911213,0.5119528341268442,0.43943967211005763,1.970585257862023,0.2850870774887903
414,0.8999338570084948,0.9041189840278392,0.508568821023233,0.4365349716971703,1.9575596706158627,0.2832026492053655
415,0.8997617751398256,0.902797536650442,0.505225902455815,0.4402403920338348,1.9643999160816668,0.28137865200223444
416,0.900358317873782,0.9030146906138669,0.5084889045886527,0.437337137997013,1.9844231263708356,0.2861229568535874
417,0.9009478867980341,0.9033098473360917,0.5051378563318187,0.4344549947669278,1.9844223222630988,0.2843408081646996
418,0.901870086652013,0.902183003671939,0.5083958417685035,0.4381783294661256,1.9976852410973236,0.2824756989867416
419,0.9009910948259158,0.9010893510167544,0.5050521009886249,0.43529641221047244,1.9904714111091644,0.2812699084370418
420,0.9014902004508072,0.8996946791923986,0.5017336722206699,0.4324363109772745,1.9970726917245198,0.2794536376492186
421,0.9024985198081225,0.8992780076746396,0.49923891972954443,0.43536316518244467,1.9839641332377176,0.27761933172549175
422,0.9023867936113569,0.8991963130390022,0.4959652401949777,0.43250834071336264,1.976788850223943,0.27652198252414323
423,0.9022906764113111,0.8993910273185869,0.4927162778787987,0.4296750709869229,1.9701912077033124,0.27490945721644805
424,0.9029255936496909,0.8997150235491568,0.49578566532896967,0.427113573084202,1.9635916464574588,0.2733607825451605
425,0.9028916738217239,0.9003353564481534,0.5013053192241104,0.4351733763750181,1.9550687225023835,0.2737968852705035
426,0.9031862548793211,0.9005385673091607,0.5045623756815443,0.43886235135856133,1.955243435033262,0.27866682043953317
427,0.9033522020868299,0.9013914255990813,0.5045550866826594,0.4522880444376411,1.9479171113850586,0.2779435909814112
428,0.9029504103315785,0.9013598878589443,0.507784396390224,0.449340036127704,1.9743287094524269,0.2761322636886944
429,0.9030556588178249,0.9016939034385615,0.504477907874297,0.4464141138666728,1.9679845972356864,0.2808458186652165
430,0.9031548263712594,0.9022539716806958,0.5077013241499381,0.4500152404030748,1.96743947595442,0.2797723272677662
431,0.9036364565195049,0.9028558390729655,0.5044019818548282,0.44709077626347093,1.9673936543711288,0.27821168229254145
432,0.9037288848734123,0.9035697021837202,0.5070743511573945,0.444733320523572,1.9605681445555962,0.27695060546596273
433,0.9042854470533577,0.9036666295097089,0.5037856672517111,0.4418489559127637,1.9607920216647545,0.27518664645462126
434,0.9051535512524476,0.9042380231190349,0.5134661171081591,0.4389998685504275,1.9675046200627997,0.2734242377077185
435,0.9043961898191666,0.9046757730437318,0.5101426323547005,0.4361583775127815,1.9606853014846095,0.2722114622879261
436,0.904518618495594,0.9051440734931627,0.5069040988620285,0.4397441381942986,1.9608192501623192,0.2705717818304199
437,0.9046374824964337,0.9037618441433874,0.5036543003688464,0.44333857383425074,1.973917810255653,0.2753576785783383
438,0.9040943768842624,0.9040470598246387,0.5068568464931105,0.44047809635950574,1.9869906386917444,0.2735827270736321
439,0.9034812736590426,0.904800977317785,0.5100360456198297,0.4440852265300948,1.986145022562282,0.27919529227612
440,0.9034528984009492,0.9050814858078314,0.5067573639900439,0.4476593838767647,1.9990965732910522,0.2838559459128097
441,0.9020368732671532,0.9043671446688193,0.5035006460159216,0.45120938117053083,2.0055251472288917,0.28204080329706616
442,0.9022251618388846,0.9042680045583371,0.500264397449138,0.44830923451791604,1.9985440792339435,0.2807460458450393
443,0.9024421532219637,0.9046453183733294,0.49705216369862265,0.44543060861303635,2.0113924972537083,0.278946429945214
444,0.9023779175289839,0.9043075506513305,0.49386374594502197,0.44257332528500304,1.9984902036407557,0.2771570940092455
445,0.9023257013406717,0.9044653258994576,0.4906989471704837,0.43973720797733323,1.9860461158275258,0.2753825773270192
446,0.9009425551947248,0.9046081731892602,0.48756009739578915,0.4433213941979936,1.9989290209567012,0.27362972377496214
447,0.9016004437961318,0.904066235887927,0.49083737557646373,0.44688159831006946,1.992273307889451,0.27215111140097287
448,0.901914991232171,0.9042554881511918,0.4940844775335366,0.44403241274609867,1.9987098108250192,0.27043021344788093
449,0.9016767712218205,0.9048989402099835,0.4909309038145318,0.4411983043883283,1.9984940092524666,0.2689298142853848
450,0.9009439397071108,0.9034945005900182,0.4878076474339753,0.44475432404411197,2.004858721588143,0.2672362138829369
451,0.8999382177024347,0.9031307807822231,0.484700357392377,0.44192127972976036,1.9981435111901331,0.26584829641457847
452,0.9005488443074625,0.9036323573881955,0.4879794881546891,0.4454726369365485,1.9913579147636546,0.26459991124635557
453,0.9009049871441068,0.9043380279368359,0.4975916767326408,0.4553550492757275,1.9839505671180095,0.26402331894476905
454,0.9008241357290958,0.9045194074300213,0.49443155791164284,0.45246316798281383,1.9775207742749157,0.262527448567251
455,0.9005042145882409,0.9048008357663733,0.4976325136896471,0.44959913753724545,1.9839880341586043,0.26088168729274813
456,0.9006482418067189,0.9044950636248092,0.49447844995998075,0.4467495159920586,1.9768260123935322,0.26015360045712826
457,0.8991490559174917,0.9035479848328497,0.49134750962898704,0.4439207858874713,1.9696057909544429,0.259541510177073
458,0.899008012030242,0.9038139449073528,0.5004093447131394,0.44159388432840935,1.9695576270606614,0.2644658164815047
459,0.8997222295060275,0.9041015034123361,0.49728713372878314,0.4450825857500014,1.9696700931525986,0.2628745205731858
460,0.8990678065821633,0.90340106902525,0.49414784138234313,0.4422728521771623,1.9788597559731107,0.26764465563680373
461,0.8988295261000587,0.9024778374658068,0.5036400412448542,0.43948814368697003,1.9979036636230956,0.2722722684110407
462,0.8989183855713241,0.9027643105704212,0.5004670886226266,0.44301940144925767,2.023117935310347,0.27685757784319964
463,0.8990873402759915,0.9005899889667991,0.5094552321920689,0.44068087607275636,2.022747570303757,0.28163407740219437
464,0.8987238604138775,0.9003817172151671,0.5170326675738431,0.4397046022137228,2.0154221509840062,0.28076297474933604
465,0.8994375352401733,0.9013480082770315,0.5263442851347183,0.4369460841006719,2.027881339727048,0.27900624565616555
466,0.8992464371054267,0.901019110741478,0.5293165092468045,0.4404792884360541,2.021431374621176,0.2835305467000207
467,0.9005687948413326,0.9011158003979008,0.5259983294350704,0.4377180114744583,2.033834071066914,0.28175370750001666
468,0.901261532597611,0.9016012520805013,0.528966781599179,0.4412393222404914,2.033502778377814,0.28010863760488547
469,0.9017969248826538,0.9019892066668111,0.5318644254184541,0.43852807725369214,2.0331947300103734,0.2784568825154899
470,0.9014005984516724,0.9025637074353187,0.5347881132737988,0.4357894369282283,2.045478627142799,0.2767252011012919
471,0.9004580302964557,0.9026590211816206,0.5376910213256282,0.43307023605595685,2.051433132610045,0.2750027029748083
472,0.9008464278846369,0.9040784227402958,0.5405707244981492,0.4303729105676512,2.063571525606963,0.27330322524436246
473,0.9008271490902291,0.9036810438951196,0.5552811016170383,0.4283061938198116,2.056739123229915,0.271805212795426
474,0.9005123438405582,0.9043348674566708,0.5518244364873344,0.42563995670008664,2.0688274891082528,0.27012178119903557
475,0.9003537506443122,0.9050735143910428,0.5483934856170682,0.43542990370615414,2.08705410631975,0.26844384255697123
476,0.900041261524395,0.9057152905867271,0.5449865171519054,0.4327247367236425,2.098931024413461,0.2667836167403021
477,0.9011076799686851,0.9054065308666444,0.5417452159329926,0.44231079667318435,2.0981758995158386,0.26526896103907166
478,0.9017720670113722,0.905385590405165,0.5452479854924969,0.45130732731424583,2.090705476997377,0.2642857227784827
479,0.9016066252446406,0.9037889252993832,0.554256839208399,0.45470785977026484,2.1025240290806546,0.26265639607720886
480,0.9008996066920273,0.9025286492161948,0.5631373991078416,0.45195966172047836,2.1018241816636922,0.26109695067716027
481,0.9012821382434237,0.9031755095944118,0.5658379304451214,0.45534745482658284,2.1009764814131238,0.2597012005168522
482,0.9000468464430088,0.9039978883309262,0.5623436149313075,0.452535469998481,2.1065034901891573,0.2581223079312659
483,0.90022505918967,0.9047154784767736,0.5709810544108301,0.44997553524031686,2.105615311299411,0.25676736144933243
484,0.9007011617956787,0.9054340212096816,0.5674620227920781,0.4472022766112553,2.111094184995225,0.2552182075207931
485,0.9003969102705334,0.9055154714168693,0.5639681750250454,0.44444886473029366,2.1041355815561626,0.25376575668570783
486,0.9011579538290038,0.9063194584903602,0.5727431502725779,0.4479237539487824,2.103379472028829,0.2523204801933845
487,0.9016112480107225,0.9065247887713906,0.5692238324307044,0.44517141014803907,2.108833141948137,0.25082582166091877
488,0.9020634486019415,0.9071369228839984,0.5658387013634939,0.4484681756050984,2.107946935034573,0.24950425172255702
489,0.9021293316591404,0.9078243477214736,0.5623687559193812,0.44571799238323573,2.1071645071795744,0.24811623424183146
490,0.9025751004081617,0.905329066135712,0.5595121245759546,0.4485250821721293,2.0997932105048496,0.24718479690640927
491,0.9015352736256886,0.9038351191324989,0.5599545569967591,0.44803346091486995,2.0930623212751347,0.25179213190404964
492,0.9007670901050033,0.9037936189175235,0.5565309815876945,0.4452941737351156,2.085434604849706,0.25119737638574263
493,0.9008593928169462,0.9030509591586996,0.5592396516331691,0.44868226849094134,2.084843317449562,0.2497338253320799
494,0.9007640496723116,0.9024788542265405,0.5561847044181816,0.4577906855025867,2.0839681941603025,0.24856742319181296
495,0.9012048731450018,0.903028415031784,0.5527943642692164,0.45500012666745054,2.071266479684698,0.24705259302627752
496,0.9007378364512599,0.9027282615887778,0.555517675047533,0.4583189668399417,2.0586532613390274,0.24554813750147156
497,0.9009416122209571,0.9032297676191162,0.5521381666957829,0.45553076972979833,2.0511681220573994,0.24509920081636857
498,0.9001000055497133,0.9029364353618391,0.548785254855641,0.46491452334627786,2.0630078892742687,0.24361498267667378
499,0.901006473441004,0.9031134672381635,0.5454533738133024,0.4620918529612056,2.074767345268635,0.24213665685475655
500,0.9009127440906807,0.902544954414639,0.5424486680789443,0.47111610117895786,2.0740102221841146,0.24097166000486722
501,0.9004963566793667,0.9031633613250672,0.5391618390668173,0.46826149361780545,2.0733153772084223,0.2397623352440236
502,0.9008236103228363,0.9035994436813936,0.541901520357465,0.4654768774980408,2.0727720725001295,0.23841076391350155
503,0.902013081056767,0.9037763133137446,0.5446717050557731,0.46870921255403636,2.072312328828829,0.2369887420472315
504,0.9015443574381994,0.903392967502076,0.5534187556106352,0.46592242044893983,2.071830759039194,0.23560179504646436
505,0.9020696223976145,0.904095241259138,0.550078842565066,0.4631105526643658,2.065362200659772,0.24021498083202616
506,0.9017407770173683,0.9042666043025122,0.5572848197284638,0.4678831037544197,2.0589391066868887,0.24479574273092086
507,0.9012790348628296,0.9038823527540822,0.5659284690463349,0.4651108657960067,2.0585382956809926,0.2433671594359291
508,0.9013424304305676,0.9030639204773112,0.5745572454935579,0.4623123040802886,2.0581860720602525,0.24190282466040233
509,0.9016823862142422,0.9026037111222202,0.571103602720096,0.45953336158048974,2.05747947181668,0.24080560261068884
510,0.9016820714725987,0.9026830453828208,0.5736790005185921,0.4567739901658862,2.0751486469126,0.2393610028475102
511,0.9022974198270033,0.9021805488370293,0.5762364805128657,0.4600327779202069,2.068496308120775,0.23813134241978645
512,0.9023077819572102,0.9022352572542595,0.5811507443810642,0.4668870696708472,2.0657933523679053,0.245044531238755
513,0.9025661209227186,0.9032156178103673,0.5836583814361193,0.4700787996803632,2.064808247029296,0.25015562828488536
514,0.9032130508459116,0.9027525835939597,0.5861485078262486,0.46726727207296154,2.088363880169586,0.24865971460752362
515,0.9038112893409505,0.9013592097749584,0.5826462670066408,0.46447534734386914,2.081723905517515,0.2473111165016219
516,0.9036418127467323,0.9021536375643968,0.5791701565865346,0.46767018724923426,2.0931672609511813,0.24584180771655073
517,0.9040665732055304,0.9025931565349742,0.5875957462068293,0.4708914212319744,2.09251801056472,0.24446966670668227
518,0.9044118685911364,0.9026669466498742,0.5840953750103154,0.4680862702787786,2.091704113630548,0.24327609172441472
519,0.9048337911878993,0.9024716401815942,0.58063078521696,0.47124031908285086,2.0970751674138364,0.24186267292519048
520,0.9050447980220357,0.9028188504041799,0.5772752312475428,0.47428748867874654,2.096305055313973,0.24061772992735136
521,0.9057456372594573,0.9033377569417491,0.5738466416838637,0.4714705704292777,2.1135487146127723,0.24513012265480844
522,0.9066895126790191,0.9037993264000114,0.5704418219388876,0.4686731813870376,2.106726550641085,0.24389093626573433
523,0.906734518970336,0.9039040407410859,0.572987983618714,0.4718225661598353,2.09423915048632,0.24244529800242742
524,0.9067298323916876,0.9039736258183668,0.5696219821158007,0.4808446953960114,2.099542080419661,0.24107064982443097
525,0.9071478814636309,0.9048161700033318,0.5667958137958319,0.49520343266527794,2.0985923604127694,0.24000689676195558
526,0.9074216006176617,0.9043518578882636,0.5634462539894607,0.4922769581330752,2.1098258496866045,0.23859169008550085
527,0.9071098593335822,0.9045218369376208,0.5601198169799925,0.48937068574090326,2.115077942800573,0.23718636675288263
528,0.907082952528398,0.9050008434645497,0.5568163235167528,0.4864844588793675,2.10812539077556,0.23616486216705787
529,0.9069617935245669,0.905102874825851,0.5652943325126241,0.4836432630188547,2.1074631914658735,0.23479853442772464
530,0.907052736339401,0.9047113237194593,0.5619669819781447,0.48079651473721113,2.0950585584719184,0.23341649858535488
531,0.9068060188494226,0.9045753486050238,0.558662522506522,0.47796935113508277,2.0827392655444132,0.23204397073706926
532,0.9072784042799946,0.9047045268445071,0.5553807771938121,0.4751616208605174,2.0880946118497437,0.23071378714314794
533,0.9078155622756006,0.9049577805318737,0.5521215706393813,0.4723731738477355,2.093438275957545,0.22936764078566613
534,0.9080891936759096,0.9054626677130729,0.5513563066648193,0.4729948360961877,2.081173089803792,0.2280236304994074
535,0.9081629172999349,0.9041165115194298,0.5539838749988549,0.47608134349864956,2.086548914322795,0.22669363671864556
536,0.9066800886568754,0.9047503450173482,0.5507426044623446,0.4732958681422277,2.092837509157256,0.23140644429225699
537,0.906387021628423,0.9048317590753161,0.547570563233704,0.4763274047095229,2.0864028398139776,0.23010092011652114
538,0.9061705173129215,0.9050798672694063,0.5486043069726226,0.47515411717136535,2.0742200224421423,0.2287573265240573
539,0.9054167177314756,0.9048684151598074,0.5454041263802559,0.47238239452021447,2.0912866390732443,0.22742328697147968
540,0.9059770198623668,0.9044610010806954,0.5422257933653993,0.4696295943716255,2.0847050748996123,0.2263381647876836
541,0.9055339141914751,0.9048808756947776,0.539069140262597,0.4668955715081245,2.095851152480847,0.22502462046835708
542,0.9044411960312174,0.9032505748670285,0.5417498400278631,0.46999602114418193,2.101061242501051,0.22376420779910886
543,0.9041748673179283,0.9028083920142348,0.5417669101115833,0.46991070729844564,2.0888540283128725,0.2224641325579484
544,0.9040016201792231,0.9030456492955559,0.5435700637437405,0.46803977421567444,2.081677549276693,0.22202943362334415
545,0.9042866735601103,0.9031694316208174,0.5404182173924272,0.46532588404212244,2.0803330801066537,0.22741196745256897
546,0.9042335310576872,0.9028699866351998,0.5372877787675715,0.46263042694302764,2.0682825845333435,0.22609466221845523
547,0.9040122816287449,0.9029109185437812,0.5399654169277285,0.46574009469957,2.056313785250304,0.2247862907421522
548,0.904048077877094,0.9031692707562419,0.5368438505849308,0.46304762855539067,2.0444261375009942,0.2234867904242957
549,0.9038762722892831,0.9033984267039513,0.538653826264411,0.4612382796132286,2.0375294177025345,0.22306097012069032
550,0.9042534606703445,0.9029596985042978,0.5413008907449847,0.4585918376275893,2.037283549010311,0.22180336306454398
551,0.9047244748611445,0.9031275714144998,0.5382008961877606,0.4616924504696703,2.0370288197829542,0.22056478490047673
552,0.9044223902369389,0.9029353344335446,0.5351019512296793,0.45903403889566197,2.0598474264134015,0.21929484441311178
553,0.9037050080321221,0.9032188132657729,0.5321340041960149,0.4620357169780912,2.059283021903577,0.21825356408587576
554,0.9042405729950621,0.9040087838745275,0.529076114123895,0.4593806443445603,2.0531958878157406,0.22274584356143756
555,0.9026111443620497,0.9041699564794287,0.5260388349120937,0.4567434674920727,2.0586224322603357,0.22147597316656698
556,0.9011782347131512,0.9025704061540123,0.5256641110930332,0.45721693454442613,2.0468266666622994,0.22020777718868803
557,0.9009615793829994,0.9031457719193683,0.5226524485965188,0.45459742321489005,2.0580806172154587,0.21894914800649465
558,0.9015846048833484,0.9025463148922369,0.51966483103614,0.46343877798274913,2.063466021377001,0.21770168298461245
559,0.9017234805794159,0.9031216092623066,0.5224112941484536,0.466506730735297,2.0687742654724945,0.21650358220482338
560,0.9025466791864448,0.9013309088609126,0.5194272334857076,0.4638420020058722,2.074083949986303,0.21527645540641796
561,0.902819340846581,0.9016608850664992,0.5203132418106763,0.46305146580435136,2.0681257185281576,0.21981429871196362
562,0.9029887201504424,0.9015711205314056,0.5173471036256513,0.460411758558819,2.0675361573156716,0.21876240673890995
563,0.901985574723075,0.9000080514497866,0.5144008221940117,0.4577897227812071,2.0598343210133887,0.21922124613047114
564,0.9019924456915048,0.8997643226160301,0.5114937846284798,0.460854976343045,2.0626928565606235,0.21801749528915035
565,0.900568075893575,0.8999339737922901,0.5142700908698211,0.4582358287244263,2.073703064685452,0.21677904434011047
566,0.9007785631546775,0.8992542909247931,0.5113519082659969,0.4613101205367053,2.078963557062843,0.21555359706157973
567,0.9004664424097953,0.899206615580257,0.5197958858904114,0.47003794747259786,2.0719462387730734,0.21522839703196564
568,0.9002774142837529,0.8992636793381847,0.5183844340286168,0.4715070066924434,2.0658719774454912,0.21967536515349892
569,0.9003459356529245,0.8994351055236932,0.5155677253266745,0.47438093906366097,2.059720358227567,0.21854962234483208
570,0.9009067055065684,0.9001178023600769,0.5126520586862275,0.47169819417691417,2.059270750156114,0.21742562571445526
571,0.9007650831486419,0.900620625399651,0.5098069659152576,0.4746317017899709,2.0644831213727723,0.2219492340471682
572,0.9007131137083597,0.9007613538940384,0.5163941230111546,0.47377632733729896,2.0528317987693327,0.22069657492410374
573,0.9010535523245673,0.9009421578075059,0.513482530773567,0.4711050276157135,2.046700497221799,0.21964732455350228
574,0.9011167201204179,0.9011099646998421,0.5105902487360524,0.46845144443129044,2.035173702651576,0.21841015640668857
575,0.9015145881021605,0.9013967855554395,0.5077171325467611,0.46581544534547903,2.0290240917880737,0.21750625978818036
576,0.9011104849739273,0.90205926711966,0.5048630390431795,0.46319689901090944,2.028579146815964,0.21656733235721906
577,0.9018043936498198,0.9024783464167092,0.507616913841766,0.4606223933986423,2.0283688152684394,0.21540457078389405
578,0.9012090107605115,0.9029960173827078,0.5047690850670692,0.4580382129459805,2.0506503206024784,0.21419623463028736
579,0.9016159568784233,0.9018874311133419,0.5075446490471662,0.4610756840920213,2.050276216342643,0.2130859837447287
580,0.9024910980811498,0.9013143372876735,0.509980192226865,0.4588158351545099,2.0387993172095524,0.21189293614606428
581,0.9025617077803715,0.901504885951488,0.5071276754043361,0.45624950040627976,2.0322349065329512,0.2114623460577716
582,0.9028072203944532,0.9021284344518646,0.5080883538266514,0.4554934628870301,2.0246742820483408,0.2120742993377387
583,0.9027808644299733,0.9011020152016798,0.5052923931063862,0.45849271762286287,2.0244559637507016,0.21097107291554434
584,0.9026989574193125,0.9017656748351542,0.5025341595502748,0.46145290830613256,2.0242003893330405,0.2099137579128309
585,0.9024770050799584,0.9020961751590002,0.49973451228981164,0.4588821271044563,2.029646158584721,0.20875499615004936
586,0.9028007899013698,0.9025136326868253,0.504983930912068,0.4705594982083722,2.0282485652349225,0.2143912605192568
587,0.9032337323456776,0.9029382464309593,0.5021762567990669,0.46794322145009953,2.025027139242019,0.2135002938356305
588,0.9035847285986258,0.9016458243681225,0.5055349965139354,0.48696793117130055,2.019135971024963,0.21251231526597103
589,0.904505392201106,0.9021734930498947,0.5082786932670841,0.4898146532074054,2.013260925991534,0.21155316701946633
590,0.9042116757580477,0.902580106559916,0.5054611657878126,0.487099476940049,2.013084153661328,0.21048373350392952
591,0.9034168811921763,0.9029087645045879,0.5081997894859922,0.48993978275647354,2.018539926910118,0.20932787532955238
592,0.9031231076319945,0.9031551656220912,0.510917542299332,0.4872323221967013,2.0239606086879105,0.2081787812753654
593,0.9033036510490378,0.9031285492709441,0.5080938706939262,0.4845395509380925,2.051461523055139,0.2070282495399052
594,0.902772026513176,0.9025492216936992,0.508118134154707,0.48455595941758595,2.0401410242244906,0.20588522670443948
595,0.9022624900408981,0.9027135532267102,0.5108302676546393,0.4818842328751193,2.0454325387989107,0.20475234908637543
596,0.9026681500709447,0.903224624430266,0.5080155352633605,0.4792289964002964,2.045072824271891,0.20373355447859295
597,0.9023718186665579,0.9036779171376653,0.5052332834916851,0.4875860674235163,2.055812667276189,0.20813796612954605
598,0.9025269472006447,0.9045421240284998,0.5024549533351074,0.4849047811359469,2.055111779317738,0.20738736221672124
599,0.9026109206097088,0.9047333054089938,0.502518961225113,0.48491021389994254,2.043821825101634,0.20624805785449338
600,0.9017750964275991,0.9052759547957924,0.5051980712726853,0.4823000940020368,2.0434790782719765,0.20521839207494277
601,0.9014233460340807,0.9060615103127091,0.5079108876599109,0.48513845154900265,2.048691875710029,0.20412471172110008
602,0.900932299149109,0.9054636347766616,0.5052082778814236,0.49335628224400496,2.0483459893937352,0.2030860306553396
603,0.9014836076570911,0.9045883565640948,0.5024439415269261,0.490656796177692,2.059022734512828,0.20197688418201426
604,0.9010798923037303,0.9052156522679432,0.4996974785638577,0.487974764199787,2.0584807182053995,0.20109412443487662
605,0.9017675023404196,0.9059971700870701,0.496968758422857,0.4853100588040365,2.0636081776315973,0.2000099374724963
606,0.9020212700516876,0.9062308922507438,0.49425765158756146,0.482662553512483,2.0631995326390107,0.19898047019037635
607,0.9014112558858338,0.9046754715362705,0.49701383205532185,0.48003215408857464,2.0792044554055007,0.19789621635383792
608,0.9017754965644238,0.904699287717591,0.5018269936766101,0.48078834957472877,2.0678844671014804,0.19681879287041673
609,0.9000743479207007,0.9051985957026164,0.49909758430009116,0.4781733682246103,2.067308285417295,0.19598637443484762
610,0.9006601960376468,0.9039092215050667,0.49638573323826674,0.47557520907267903,2.0613919934902,0.19503867376047304
611,0.9007245407019554,0.9043837002606182,0.49911702547888975,0.472996115021376,2.066479735454543,0.19398708433588804
612,0.900765311277189,0.9043130700639979,0.4996745985441248,0.4725897627054485,2.0606965867876474,0.19835781232548552
613,0.9013526093674302,0.904477573260116,0.496967745023982,0.4700296340407336,2.054950546668533,0.20270049451091354
614,0.9016240923061694,0.9037041730720109,0.5050843173483668,0.4675034839627089,2.060038635217301,0.20162986351783468
615,0.9021706799256635,0.90446006033864,0.5023536249729875,0.46497596894141063,2.0543076328492464,0.20594617897159637
616,0.9027197344898007,0.9055251145515941,0.5059397430493054,0.47236831439265203,2.0477149843989415,0.20573218997241158
617,0.9030571878167108,0.9062051284453521,0.5085309720783363,0.4698941265594468,2.052704092184492,0.21016680240211436
618,0.9031605403750572,0.9062885226827666,0.5057898812975617,0.46736129664549264,2.047029791816813,0.2144241723857694
619,0.9035343727558347,0.906516055348215,0.5030783985289494,0.47021735566290473,2.0521371550716623,0.21867857791499673
620,0.903731634044069,0.9058574097121879,0.5003739284731276,0.47306547972365315,2.057236319023951,0.21750764563488068
621,0.9035593114187036,0.9054873695907305,0.5030589527664262,0.47589726146713957,2.0517870802971148,0.22173737756010492
622,0.9038242074946803,0.9059057338988653,0.5003581820587567,0.47334231362939116,2.056849606645776,0.22057537122518714
623,0.9035997472256021,0.9042429593699884,0.49767537914619114,0.4761661694683647,2.0672682308877235,0.21939548566620276
624,0.9041352159868635,0.904278251350548,0.5003668191823405,0.4789728551955862,2.056191870627232,0.2182199713291312
625,0.9045836034750386,0.9044454617966112,0.49783303996359723,0.4816172211683909,2.0503939915704246,0.2171964153603633
626,0.9044288248065315,0.9044014404408629,0.49517099509857976,0.4790418865730634,2.0442078514404454,0.21660491605376184
627,0.9040498153546397,0.90457068674828,0.4925258313779008,0.4764828832558428,2.0546539290046195,0.21545218122652374
628,0.9039832145603225,0.905000668645825,0.5002337234269695,0.4796135397061455,2.0486890114295546,0.21463927007984557
629,0.9037678259722924,0.9056020775954925,0.49756685409378304,0.4770566016571456,2.048298866115226,0.21362554739083878
630,0.9044436875529893,0.9053055656734189,0.5000228010482778,0.47473580809670024,2.0478216596258036,0.21803368403679713
631,0.904088429604995,0.9062136230105174,0.4973659651853448,0.4828475379255339,2.058201243804192,0.21688078081985848
632,0.9031852066162003,0.906088000812074,0.4947223274001414,0.4802810696001898,2.063182990481127,0.21575217385427983
633,0.9035084771219531,0.9059726470351357,0.5078105150116239,0.47794554145316775,2.062704326484148,0.21474970229390866
634,0.9038364536940884,0.9061984657033973,0.5103942709645827,0.47543734473340415,2.0623174209577253,0.21366480958450154
635,0.9040990977900528,0.9057754866726959,0.5076895105924015,0.47291783351894706,2.0725838805405337,0.2125345324168543
636,0.9031942909201686,0.9064466116967647,0.5050017727874285,0.4704141789953158,2.077469052010871,0.21143398565804905
637,0.9035056373097631,0.9070614607928017,0.5023309361952155,0.4679262681196338,2.0698103593167203,0.212277000043882
638,0.9038099652950049,0.9075759086235917,0.5101992983606944,0.46549853208118425,2.0746804549355207,0.21648346260619356
639,0.9040665877898759,0.9077916150948399,0.5075063645251002,0.4630415378213164,2.0690081518840056,0.22061902290918278
640,0.9045182566204456,0.9075104389644774,0.510102740379239,0.4606004606468268,2.0792265711446922,0.21948857051078016
641,0.9047063502004602,0.9071661797064418,0.5126158855851672,0.45824164083978786,2.0786833518923613,0.21847248645520706
642,0.9041306377297286,0.906734461482259,0.5099183014231264,0.45583019510141415,2.072814511483555,0.21751518833882924
643,0.9034911651723442,0.9064087043960276,0.5124867070242353,0.45344185407841636,2.0776647937835753,0.21639573447648672
644,0.9039481952325108,0.9059173342633585,0.5150468508612519,0.45106064916833805,2.087759800633492,0.21526011071168252
645,0.9039513933725726,0.9058568587767271,0.5178349237092279,0.4641902738354884,2.086130531839893,0.2143108036696177
646,0.9039350189794176,0.9051363463831386,0.5151207533624637,0.461757275559752,2.096161851706944,0.2131875190055692
647,0.9045360645967074,0.9047209320389875,0.5176578176034254,0.4593412812578525,2.100888979192977,0.21207673674027508
648,0.904701402717279,0.90561745598988,0.5149499965985772,0.45693850875546405,2.0946157866017496,0.21148203221791073
649,0.9038635337768847,0.9044907385570607,0.5122590322696081,0.45455069394681225,2.104571480334897,0.2103781395125871
650,0.9025279904261259,0.9055608774733839,0.5095848056255677,0.452177731245825,2.1090585671252815,0.21468778706812605
651,0.9021024855993933,0.9053689308264645,0.5069594164361635,0.4550025379793466,2.1084253648707323,0.21363257441354735
652,0.9027896298715739,0.9061409249355087,0.508697358931238,0.45867280202570804,2.0974404111891936,0.21251954287166874
653,0.9030947330894742,0.9065049214139089,0.5112528707228662,0.45628712266845417,2.1021331815094277,0.21141830689841026
654,0.902280399999742,0.9062367764361252,0.5137902530786818,0.4539185199357441,2.106790002035308,0.21033076006341353
655,0.9026067360676678,0.9072458145279271,0.5163055629198375,0.4515709443100769,2.111398906184181,0.20926901791780494
656,0.9028475478185264,0.9069459956993365,0.5138032390999067,0.45423996428389796,2.115656252818369,0.21372610965981698
657,0.9026614714352326,0.9069783523614163,0.512533475202949,0.4556753935620214,2.109872647224854,0.21780218668038973
658,0.902387656239205,0.9073096825302615,0.5100642732465357,0.45830923735908996,2.1039396347833175,0.21685935702101697
659,0.901806198013443,0.9071467992332861,0.5122554990310704,0.45628163705073366,2.097884658419928,0.21608094345028894
660,0.9019236405584706,0.9066672217635301,0.5147764129932382,0.4590918526655134,2.1077151534349294,0.2149649086365189
661,0.9016583713406273,0.9067518634485678,0.5172817909468909,0.4618847493497879,2.1069706482444905,0.21404330458651244
662,0.9020208149776624,0.9072992242433544,0.518680780816265,0.4605932223540947,2.1001697262764822,0.2140301900221097
663,0.9005362399317994,0.9075487431478948,0.5210504349008659,0.4583303699744909,2.099432351241392,0.21314848341076473
664,0.9002906362733358,0.9079579608876455,0.5183681294834588,0.4559709399615811,2.0988364614799684,0.2121355943909623
665,0.9007485534868975,0.9076931223965735,0.5157072821820665,0.45876375463578073,2.1034570934844496,0.2110595855966916
666,0.9011292966440698,0.9073605596114277,0.5233265822295382,0.45641320717707584,2.1080536123176605,0.20998483935102466
667,0.9013252366025458,0.9063689869726682,0.5207059235280339,0.45913785060076706,2.1125029288060135,0.21417015228031788
668,0.9015804820368676,0.9042399561390239,0.5231751559617076,0.4670266261733656,2.1170182190042253,0.2131072315355104
669,0.9019695085877341,0.9037819899348845,0.5204953453406411,0.4646344198560766,2.1215340552809336,0.21202263801907206
670,0.9024213196209063,0.9031983185525434,0.517833402476289,0.4673724549874542,2.1260264306583,0.21094212945452273
671,0.9026106634009734,0.9026639209816355,0.5152142530684453,0.4700672316266083,2.1253262109625295,0.20991980749371483
672,0.9024757293538817,0.9032308712876713,0.5171600443119158,0.4681966058071968,2.1190493836744455,0.20937771914857795
673,0.9028560208693964,0.903663113686163,0.5195849877573223,0.46584636918222755,2.118365251981207,0.2083863026708913
674,0.9039380920661975,0.9037356582015762,0.5169368406081261,0.46347210941033146,2.117756425424971,0.20732978971767596
675,0.9036175534491718,0.9034286056174474,0.5165624195894551,0.4639462795178478,2.1171579243702987,0.2164574423451156
676,0.9035937872162012,0.9033314564682039,0.5139349376597783,0.46158642827907054,2.1216354490141005,0.2153694666033829
677,0.9036613397973364,0.9041574023708059,0.5113234331624255,0.45924092703944513,2.120423102697549,0.21995075034316522
678,0.9038502569106827,0.9042285063318297,0.5138039759071542,0.4569098087981021,2.1299640848442967,0.21883474031082012
679,0.9040136370677005,0.9051461760153865,0.5112045061529145,0.4596577959385981,2.13435778613999,0.2177434355695007
680,0.904326295747431,0.9059127351345568,0.5086146572590051,0.45732909143763995,2.143805448175491,0.21664431000762097
681,0.9041007471762834,0.9063085312831924,0.520927527475839,0.46037190238627357,2.1378684965403023,0.21569599840979237
682,0.9041366264821828,0.9064456287362608,0.5182936930437829,0.45804424008374267,2.1320244407346043,0.21469638740773908
683,0.9043538918477587,0.906585108866532,0.5207267888009603,0.4607816554777038,2.131292127605565,0.21873495214627206
684,0.9048444027772049,0.906930063579962,0.5180992296900668,0.4584565762556977,2.135666405235093,0.2176404035025334
685,0.9045026828216552,0.9065646365938014,0.5237260017713066,0.45798888636183627,2.1290199496127475,0.21746497196300354
686,0.9044834652970346,0.9058970451220503,0.5412320445509086,0.45568251665642245,2.128370112432398,0.21636984795833963
687,0.9044955557231299,0.9060485455057867,0.539153833530413,0.4577762499967064,2.1264350493134674,0.2165706117198761
688,0.904897579645668,0.905970663746364,0.5364441529806225,0.45547555708935994,2.125799611758117,0.22553377515266418
689,0.9051430516076568,0.9059706637463427,0.533750785464086,0.4582094939555683,2.130188778674925,0.22942219887966087
690,0.905048825024296,0.9068641136960751,0.531073619255746,0.45591122478769847,2.1495987586754572,0.2282715390366228
691,0.9048937982628025,0.9069290553837268,0.5284125434791942,0.4536267687865873,2.1438384109852553,0.23213847545068214
692,0.9049403697647347,0.9071229370385983,0.5357789264878705,0.46136750987880465,2.1331069150353823,0.23097645079100282
693,0.9053361569109684,0.9070427663853294,0.5330996375452024,0.45906033278278163,2.1324412824992454,0.23982287046223733
694,0.9055132178061486,0.9070659338642294,0.535298835593529,0.4569003014664177,2.1315130132111793,0.23889140574112105
695,0.9057852243825456,0.9075325583650932,0.5326272958847197,0.4546200288090317,2.1306092866595794,0.24293728296337375
696,0.905906110685883,0.9071420260183581,0.5299717460260411,0.45235340416815417,2.1399250433846495,0.24173062656168562
697,0.9054684176580153,0.9066183886158762,0.5273320770808341,0.4501003345617176,2.134162105759827,0.2406118509993266
698,0.9053946646855106,0.9067289275240313,0.5332772405506916,0.44924325746032245,2.123543396954533,0.23941462474132447
699,0.9057570790428001,0.9064078546934733,0.5355971805215064,0.4470102049716137,2.137841471700495,0.23822584356293405
700,0.9059372864749531,0.9066135902007105,0.5379581836113355,0.4546672771251993,2.137047286697064,0.23715268263177694
701,0.9061983988430286,0.9069536012768326,0.5402137031176275,0.45244834189453814,2.1362943295646066,0.23604946024574236
702,0.9065149999310094,0.9065650559692667,0.542479608775399,0.45021880263725284,2.135593336991695,0.23490514259245224
703,0.9061317217600864,0.9068287692135722,0.5447053439595856,0.4480292174560875,2.1348431598305093,0.23382103656405467
704,0.9059988110652424,0.9074098315012694,0.5469572446683449,0.45075928111911184,2.128410868972456,0.2334838754805954
705,0.9055815218404345,0.9073793065629356,0.5442546820249234,0.44853204086184695,2.1216336005229417,0.23355666230435698
706,0.9050804708945811,0.9062418061309674,0.5465043079666795,0.4512541678437248,2.11577278131655,0.23276546395371212
707,0.9054438099016784,0.9065854355703269,0.553636765331678,0.4539951908062771,2.115131917032374,0.23168772805654186
708,0.9055644158846269,0.9055627933559375,0.560538541863693,0.45198210178352527,2.1144530379065203,0.23558436519298906
709,0.9059075427205345,0.9059535043268079,0.560053390371508,0.4524056346699271,2.1040471299092944,0.23442498096929626
710,0.9061671111510977,0.9060220380552754,0.5622130784120413,0.45018469255571747,2.1035311569825392,0.23327901219871433
711,0.906522387542893,0.9053586309414324,0.5594517531410557,0.4479735978375439,2.112849134224302,0.23213325580081218
712,0.9063442453890336,0.9053832973212392,0.5581562994466669,0.44923261816435583,2.1073888106181426,0.23590088531689204
713,0.906244611939937,0.9059378223225654,0.5598663475267699,0.44748635171780804,2.1015049713800638,0.2352003204552791
714,0.9064995801052969,0.9060067135943416,0.562018340660542,0.4452983537725122,2.1010035250461137,0.2340551083560157
715,0.9066173853331904,0.9061969080385948,0.5592779172679109,0.4480029844731326,2.1102259391811007,0.23782842403622187
716,0.9070870481414861,0.9054197066155952,0.5565447083895558,0.445813579712306,2.119458548126234,0.2366689256888942
717,0.9065324898309824,0.9051032204678465,0.5538286578591046,0.45340026378650095,2.128637466152867,0.2355156383461691
718,0.9065338580115488,0.9050491621769057,0.5562846622698217,0.46554080403106535,2.1268805916526263,0.23457791318301283
719,0.9058062403295521,0.9048032893224383,0.5535757880717438,0.47301572850719675,2.1360049740889733,0.23343808358874707
720,0.9042773863491925,0.9050455445533055,0.5557485506045644,0.47071353116753434,2.1499445555368393,0.2323029054124777
721,0.9044587947141166,0.9053904772489478,0.5578494740113449,0.4684839317211533,2.1490970762131525,0.23129193521251762
722,0.9049987656875836,0.9056936983453399,0.5551395543744618,0.46620813176923026,2.1580847165370014,0.23017229912411605
723,0.9043394155776636,0.9047274116228449,0.5524454943851881,0.46394565080462163,2.157256406443962,0.22911642564982
724,0.9040161171625001,0.9049986121763117,0.5545789459730834,0.4617327334473893,2.1564213612982015,0.22807834412205916
725,0.9040143267654417,0.9043318655583227,0.5518929838834821,0.45949644837639436,2.1556637742143394,0.22697370466500943
726,0.9040493663550562,0.9042313127925534,0.5492227021854774,0.4572732185252668,2.174264200511804,0.22587554278704902
727,0.9029640642312893,0.904635514843509,0.5466017742314103,0.45986274799915117,2.1733543268863404,0.22485131340949635
728,0.9025654392258873,0.9043260376653907,0.5535918662606184,0.4576701782128845,2.172489257494827,0.2237935522033126
729,0.9024159953664623,0.904461416293571,0.5509213881453792,0.4554624178222364,2.166775936972705,0.2227713417145743
730,0.9030421355476793,0.9041928761283295,0.5529147061070555,0.45343833572569225,2.1658013966048713,0.22668770873383828
731,0.9033793273042293,0.9037461882862311,0.5598805072404016,0.4560704957526733,2.174629141313854,0.2304132339274068
732,0.9031181625089996,0.9038653865614056,0.5571877835786104,0.4538770423291721,2.1641818504851447,0.22930547489241573
733,0.9035782367539271,0.9042957474773076,0.554510688900876,0.4516963200481462,2.1583200227090065,0.22851914999727566
734,0.903431433348433,0.9045024287583939,0.5518491196380753,0.44952824454369866,2.157520068058328,0.22746233395073043
735,0.9034123155489293,0.90484632996297,0.5492352971932314,0.4521354624521009,2.1614951569046252,0.23123134265055117
736,0.9038173518056671,0.9053480707435945,0.5471558457913747,0.45420834755621087,2.1553797619660497,0.230675213496638
737,0.9041003690883106,0.9057166866187656,0.5493229197465047,0.4568202193534858,2.145065248070291,0.22957132329868699
738,0.9050814123316525,0.9052694400900034,0.5466967766177767,0.4546363030503525,2.153914086290158,0.23805422735191684
739,0.9053616371371624,0.9053369229062279,0.5449542094328391,0.4611484162439293,2.147968888931462,0.2373515055903216
740,0.9055254037785616,0.9053069077648034,0.5423541570664173,0.45894821297882465,2.147007791774937,0.23647418552527727
741,0.9056624695954606,0.9056574375794251,0.5397690962654089,0.4567606958009686,2.1407157848947804,0.23620436864418903
742,0.905531796411486,0.9057884941438079,0.541863745644146,0.45468257018658226,2.1351875241658553,0.23517644589821365
743,0.9055282502039277,0.9058443845813123,0.5398381323754338,0.45672461210311777,2.129235660820295,0.2346098324641834
744,0.9060466657634297,0.9057275184195469,0.5372727715182883,0.45455421440033117,2.123556671433171,0.23380770316542226
745,0.90524065963149,0.9062662817215784,0.5347321929655391,0.45713359305426354,2.127687329799755,0.23272785653625258
746,0.9050894370428137,0.9060119583951252,0.5369387711502683,0.45970819020600684,2.122339208160433,0.2363667271214351
747,0.9039244172085247,0.9063348160483808,0.5344809010006611,0.46691980437767155,2.126411370803577,0.2400707824067313
748,0.9037492376980206,0.9065778138909526,0.5366842598348425,0.46944293814570887,2.1208101907138386,0.23921618161602382
749,0.9035965087335623,0.906325996015802,0.5388749980681965,0.4719516196767223,2.115510606579716,0.24281347306860657
750,0.9024788966377323,0.9067310785716591,0.536329592645705,0.4744458837781937,2.1338593360789866,0.24639046811468046
751,0.9027638955647624,0.9064913405799668,0.5338718951671434,0.4768527323845354,2.1378001841331664,0.2500931338389828
752,0.90160479227433,0.9053875994816613,0.5407832976797422,0.4793192268111146,2.1465779873262583,0.24891517727703247
753,0.9016069751019611,0.9053354234381796,0.5432001245282141,0.49093627410486196,2.1448230600074716,0.24793457806489874
754,0.9014791630480524,0.9053648624116172,0.5406444719084826,0.4886265128982956,2.148819526837696,0.2467950703965677
755,0.9006341957949572,0.9054585946694839,0.5381033855025589,0.4863299164212859,2.152777949419465,0.24567895063335882
756,0.9009276522191529,0.9056618633069446,0.5402708994091523,0.4840476781838333,2.156752164948657,0.24452922562508775
757,0.9015377795653654,0.9058106130730722,0.5424273577484625,0.48646786364878863,2.146635454507766,0.24338220863806956
758,0.9016553731493915,0.9050576331736889,0.539885807112575,0.48887401049824525,2.1600050047660035,0.24224310694812462
759,0.9010848442230487,0.9052335756804594,0.5373584163210007,0.4865854234376196,2.1591103685255675,0.24593602637222542
760,0.9016142292429068,0.9055319119066536,0.5348453714151552,0.48430982677347784,2.167715073021836,0.24479065365392416
761,0.9009526818263404,0.9056922083199315,0.5323477665695587,0.4867179387257734,2.1762707403704096,0.24365174358549768
762,0.9008777712993046,0.9041818572104968,0.5298631290380283,0.4844462702155062,2.184780479876814,0.2425167347185708
763,0.900751408080412,0.9043102188712788,0.5273925599104828,0.4821874642455156,2.179131983386521,0.24151033931256222
764,0.9007777552860221,0.904070387759108,0.5249359680157771,0.4799414374593295,2.169507848233959,0.24038905678291203
765,0.9006343529959887,0.9038521631374319,0.5224932628407112,0.4777081071020253,2.1715837989943703,0.24402322653552613
766,0.9008066738726466,0.9033541142234395,0.5200972169378154,0.480103216898825,2.1707720408861,0.24295464575106
767,0.9011390784823742,0.9036534788108102,0.5176818636538472,0.4778735974280503,2.1606908845302732,0.24182635421470997
768,0.901370323318163,0.9039287948782703,0.5195644001615486,0.4760116809151429,2.1549509857289544,0.24105955557466463
769,0.901429311519554,0.9033555075687574,0.5264255262569001,0.47844058489537106,2.1635009830555996,0.23994375487491304
770,0.9013671577222863,0.9024732901008833,0.5239881072754045,0.47622534246320075,2.1621368602762425,0.24407803212739831
771,0.9018155050435577,0.9029855468627073,0.5291779714164699,0.48028549674320364,2.152135890030787,0.2429490484900889
772,0.901921945584951,0.9032606059729916,0.5267329788275525,0.482686759784439,2.160673547418423,0.24182751087335408
773,0.9020850475209897,0.9022555813530256,0.5289177029700635,0.48507481277477754,2.164541961962493,0.24071730745497028
774,0.9023659018994874,0.9027352598261141,0.5264785211514733,0.4828378188958957,2.1635556766414235,0.24444632717246068
775,0.9010239694450555,0.903060501889865,0.5286160381182153,0.48065738119830476,2.162714491554496,0.2434081829433168
776,0.900963849641259,0.903534475623314,0.5262316615360612,0.48299907748867893,2.1618687291804446,0.24238500002980848
777,0.9012209596827244,0.9024873882507068,0.5239423131944952,0.4852459844342751,2.1608641300064573,0.24153090817638342
778,0.9008582476355809,0.9026237444375664,0.521535721762151,0.48301713442672567,2.1739103349514655,0.24042156032448425
779,0.901111698457803,0.9029648697250868,0.5191473643153295,0.48538460042608605,2.177686788985444,0.23933273949460734
780,0.9010679927198405,0.9030022760445837,0.5237423289446989,0.4899369812240165,2.1722893927471127,0.24282086899452984
781,0.9011759783421995,0.9032725995579839,0.5213438622913529,0.4876933254284757,2.1715003972071316,0.25086783277185964
782,0.9014003605301865,0.9034859622902396,0.5192757426121763,0.4897201008671163,2.165823972081891,0.25003711427621966
783,0.9017475820789541,0.9038934674168496,0.5260431389461354,0.4966225761940718,2.169533036687641,0.2535682173503519
784,0.9011923508541071,0.9034223540213844,0.5236413519630206,0.4943551164541473,2.1687590488080386,0.26154200992454857
785,0.9015286610922835,0.9037074531386614,0.5215653621168505,0.49634902086224114,2.1631156670072023,0.260661506818467
786,0.9013023180784171,0.9031911812434791,0.5191887775158354,0.49408733800254645,2.1532615250458855,0.2594737764231308
787,0.9018167218158596,0.90297252114719,0.521338995711711,0.4918766858170874,2.1524869162462505,0.25836957956862244
788,0.9021206557566769,0.9032051844777359,0.5280632568021634,0.49873492776149114,2.146466416191906,0.2579742409221428
789,0.9021122579279042,0.9032631023324001,0.525664271409068,0.4964691806349598,2.1367150435809856,0.25680226686828633
790,0.9021436866729735,0.9031871799552907,0.523278571472619,0.49421598109846704,2.131556121992708,0.2601752315718457
791,0.9017286909625607,0.9031871453819813,0.5254399843700222,0.4965091612165312,2.1309601496342556,0.258995620026291
792,0.9024758331929805,0.9035945286754684,0.53211252685912,0.4942665828313577,2.1348869119756904,0.257831980926195
793,0.9026935148079328,0.903274972342029,0.5297047958894657,0.4920300991955132,2.134119042460089,0.25682426932488867
794,0.9030684217079804,0.9028062114938965,0.5317066120855721,0.48993003409197355,2.1288683761367393,0.255787412295104
795,0.9031614931589255,0.9027891815497271,0.5294191532047743,0.49663559828799303,2.128172802328133,0.25474595274410855
796,0.9034037807195616,0.9019848128763115,0.5274046970469171,0.49853251367686213,2.1227093660426455,0.25397062947114174
797,0.9022198264489958,0.90212169565391,0.5295343588691983,0.4962859582991439,2.131169016855957,0.2528269406236088
798,0.9022464466963385,0.9019227857720615,0.5271502441554713,0.4940515373676602,2.1303049822799323,0.2564646898444992
799,0.9026252211299721,0.9021336042609892,0.5292770207788278,0.4963271848638247,2.1207272169455242,0.25531143746940843
800,0.9024282832378754,0.9022001855185183,0.5313605740826619,0.49412858444800595,2.120153213209653,0.25868908025588877
801,0.9025313816611034,0.9019919963797121,0.5333434475728817,0.4920312952587242,2.119372387627836,0.2577693861237046
802,0.9020105817370789,0.902125680006952,0.5354211525156001,0.4898398020511511,2.123276611515875,0.25665825908859435
803,0.9020668043338833,0.9022618007091543,0.5380252159377327,0.4960822337913279,2.11772175882881,0.25603136558035006
804,0.901930362693889,0.902054483169783,0.5364803377950268,0.5019498214587216,2.112288072987521,0.25531702216228963
805,0.9018637487918897,0.9011982519654056,0.5340817989763803,0.49970566440959335,2.111172424920229,0.2592675824028561
806,0.9012302929911888,0.9011730461353329,0.5316963703569373,0.49747377372268914,2.1017430619787625,0.25810958691912694
807,0.9012896128043171,0.9015059260540959,0.5293239696285401,0.49525407238760966,2.1010531413935327,0.2616558108751325
808,0.9018015856493862,0.9026625043710919,0.5314202999278544,0.49304818579224124,2.1095108643759097,0.2604962910056803
809,0.901939561525863,0.9027680714824288,0.5326665485245178,0.49169297825869396,2.1001171966898955,0.2593362931791727
810,0.9023342062044173,0.9029046876978342,0.530315335763665,0.4939358256997579,2.099635022574035,0.2582194094529814
811,0.9021528158315797,0.9030384702386478,0.5279585431874684,0.49174070855223967,2.099154097695815,0.25710999756222697
812,0.9020187977216837,0.9031700973461779,0.5256145696599147,0.4895575310695758,2.09421135321539,0.25603135895334955
813,0.9020753217196115,0.9034828280315478,0.5277185899732624,0.4918214735406905,2.1026364073892334,0.25492339890537846
814,0.902312225772719,0.902688859171991,0.5257682770358307,0.493685207937152,2.0973629078780838,0.25418179287625414
815,0.9016719469438653,0.9027691857820123,0.5278674131444935,0.49592635632707005,2.09689971466986,0.25308891341273
816,0.9005182918740346,0.9029039966813132,0.5299549541882349,0.49373359997012406,2.105314306665893,0.25197062071401133
817,0.9007192878192467,0.9036001176442571,0.5316570990690122,0.49192680973270225,2.1000572238883946,0.2512318303645771
818,0.9008893001823637,0.9038000925381888,0.5293108250526725,0.48975587080677074,2.108439206298643,0.25012597736020403
819,0.9000325412279013,0.9031481664518227,0.5269772402099745,0.48759667280317176,2.107877460770057,0.24910690829361853
820,0.9002599205791002,0.9035122295355309,0.5246562656320476,0.4854491427098285,2.1117764550451805,0.2480402262501645
821,0.9007130635195142,0.9037115437477299,0.5311471634364765,0.4833136964033551,2.120083524615005,0.24694984724267804
822,0.9011543843357547,0.9027442592981956,0.5288437635744384,0.4855535333142578,2.119493162789791,0.24592690804008505
823,0.9011555429161094,0.9030023198360173,0.5265215453518831,0.48342140783457493,2.1143836155470006,0.24504072888639478
824,0.9013977277373214,0.9022748260939054,0.5282180062749561,0.4816813298160604,2.1091150060891284,0.2443469725975988
825,0.9017877725886831,0.9027439925548856,0.5259031701349585,0.4795704336766359,2.117417795857618,0.24327891402548862
826,0.9018895981979282,0.902940051391692,0.5236007819567007,0.47747088881773025,2.108147804787785,0.24221384630606183
827,0.9018185335196941,0.9028597230393098,0.5213107647268952,0.4753826250110243,2.1028955111487577,0.24156020635210002
828,0.9019320401569357,0.9031887601884239,0.5191357028318987,0.47757213422222705,2.102240619216494,0.24071011640747514
829,0.9019209620612773,0.9027696699893818,0.5168719071719777,0.47985029969781123,2.106152739159449,0.23966592158424824
830,0.9020667399114176,0.9028793639855274,0.5146180909095578,0.4777579158905671,2.1055563812424722,0.238679616262632
831,0.9026122697480623,0.9027340162240035,0.5167324798136296,0.48003287267655337,2.1050250583197574,0.23771140089080894
832,0.9024878370496432,0.9016202616365767,0.5231864289594291,0.4822965611923384,2.1132679508454424,0.23668055567886062
833,0.9025665471112645,0.9014961588854156,0.5209119120660695,0.48019981017717334,2.10816269014028,0.2359170099482769
834,0.9021155932972058,0.9010194265442139,0.5229870291815781,0.4781198647566552,2.1120344281595256,0.23492443541058633
835,0.9016810519668658,0.899977387053337,0.5250566667350848,0.4803841694871441,2.10692935856738,0.2342152260384999
836,0.9012975119130965,0.8996834432035764,0.5256648560911035,0.47975239732578123,2.1021314748365394,0.23753444987142006
837,0.9016573225327201,0.9001254223378623,0.5250198433659999,0.48037395293189783,2.0930290857960676,0.236505907651715
838,0.9013230207342978,0.9003867692385514,0.5228807053009242,0.4868155068776974,2.0924948819982343,0.23561480826372816
839,0.9016459759183659,0.9005901770988887,0.5206320773938409,0.48902223333592654,2.096394673682462,0.23893996432332582
840,0.9021256126754531,0.9012128512408528,0.5183844539273842,0.4869110728927074,2.0916614230101698,0.24222554063261376
841,0.9018941012215361,0.9014823896731406,0.5214350898292422,0.4924631790679954,2.0859797936289897,0.2421544041836176
842,0.9020694358412437,0.9018186099454272,0.5198595272802063,0.4939788612082856,2.0806298668634944,0.2417821175045651
843,0.9022005706351662,0.9020439274583479,0.5176822730863452,0.4960965525795378,2.0801621993083357,0.2408620679976146
844,0.9018231862903062,0.9024176490730739,0.5155735898814662,0.49814598860733067,2.079582950001002,0.24006096465439128
845,0.9020181518273146,0.9014744530583086,0.5139253267308413,0.49973531829904133,2.0743791117146726,0.23959618628738497
846,0.9008381691290451,0.9009986153420033,0.5117199291747829,0.497590814044574,2.074027130600284,0.23860086389791652
847,0.900265708807678,0.9002680922455519,0.5095261904334684,0.49545764669294834,2.069070626518365,0.23793018057429685
848,0.9006013664539602,0.9002615696040013,0.5159094518170922,0.5019011595156825,2.068334508635789,0.24163556872077505
849,0.8989242240219675,0.9011278549428009,0.513877881222765,0.5038565287344144,2.0719691509007996,0.2452315937527121
850,0.8989722233053826,0.9007434626814499,0.5158220019473695,0.50183660849356,2.071527906206852,0.2485912244211997
851,0.8995245910415374,0.8995576993990857,0.5136195052870454,0.4996938277473672,2.066677206314102,0.24780518857398512
852,0.8992498180420176,0.8994834526641188,0.511428605013318,0.4975623289769306,2.070623200890211,0.24678334445055067
853,0.8991401701733186,0.899687305304493,0.5122589090553633,0.4966937114535166,2.0617995588175604,0.24573171521159087
854,0.899200082611437,0.8994921411643596,0.5143314454056493,0.49458306302001137,2.0657821003511505,0.24469707348485314
855,0.8990938652183116,0.8999531984717082,0.5206483929123037,0.492481035518278,2.0782581337515995,0.2479119521355363
856,0.8996992108883127,0.9002184459360699,0.5184815265770927,0.49884070161525085,2.0778804974583127,0.24690382871667965
857,0.8997543144958029,0.9002185675003783,0.5163313320999309,0.5009173747574005,2.077449117193355,0.24595671558087145
858,0.8993756989429352,0.9006089928463512,0.5141420394737731,0.49879343873668575,2.081350337770183,0.24492433260606009
859,0.8997560576928566,0.9007405267075289,0.5119955095699938,0.5051210303966114,2.085210318625402,0.24815402623152424
860,0.8996538441215973,0.9011880613876814,0.5098809683049518,0.5071631409547099,2.0847467277842804,0.2472079934631672
861,0.8991142480883264,0.9001326691039647,0.5115007045721334,0.5054713525680302,2.0797088902136767,0.2466151372099247
862,0.8983590369584052,0.8996766541135914,0.5135633903941706,0.5033369909306644,2.0878175886024906,0.24557495191430148
863,0.8982747747754153,0.899803073725528,0.5155106626487056,0.5013184168971118,2.0831233381101097,0.24464386231611393
864,0.898503351514828,0.8988155282048801,0.5133379253483701,0.4992054960544254,2.0783948199185045,0.2437776449132476
865,0.8979739433799846,0.8983569631552267,0.515283002960926,0.49720760417130044,2.0737502011820994,0.2428552359632488
866,0.8978314574410171,0.8984900180604558,0.5131155643991766,0.49511619628809184,2.081852204458805,0.24183410721414125
867,0.8980592673181589,0.8988887909195875,0.5126727953216256,0.4955243746600992,2.0731040601396984,0.24081789574494517
868,0.8981123326359816,0.8990189353468748,0.5105206447032508,0.49344421144668843,2.076975384588682,0.23982669267963325
869,0.8978531629675088,0.8992778029973005,0.5125309169595803,0.49141731174495884,2.0765676653266496,0.2389058781825873
870,0.8979259770744601,0.8997825021892495,0.5108358591925337,0.4972853438391565,2.075794685542841,0.23835717684085536
871,0.8981759723018024,0.9001392349375295,0.5086978435313595,0.49520404153026787,2.0671068038037124,0.23735957387534115
872,0.8981860172116382,0.900723436224512,0.5107466078093543,0.49313896290570103,2.0709935312904264,0.23638346481164027
873,0.898403327883739,0.900203172910272,0.5086132367062938,0.49107913833286904,2.0748514437485888,0.2395955807236738
874,0.8985634198550466,0.8997418867502681,0.5065201538613188,0.4931735048324818,2.0744806169652383,0.23865431297878306
875,0.898242853746247,0.9000689521497272,0.5044086637178538,0.4911176517997178,2.082503774127315,0.23766305913719676
876,0.8985722668147789,0.8996113974460214,0.506472328733338,0.48907261723595097,2.090488291768535,0.2366741308961366
877,0.8985264759321878,0.8998724918016978,0.5043652563164569,0.4870379326872274,2.0900650565736156,0.23573641639442078
878,0.8985342707328996,0.8998081816881051,0.5022690471921734,0.48501373822580196,2.0938325288532313,0.23477100291295602
879,0.8990625659505785,0.9001539119711486,0.5001836366455654,0.4829999713600153,2.089087976758801,0.2339992210168795
880,0.8990505272507492,0.900214510719197,0.4981096363126315,0.48514372321330357,2.1011592376518635,0.23717916560958227
881,0.8987243624884972,0.8991969466878214,0.5002610905176493,0.4913490285056145,2.096641850131253,0.23626840569296562
882,0.8986238906765106,0.8993975002243955,0.5016258171771609,0.49001903210867276,2.0913982920000556,0.23599432618354063
883,0.8992233598822018,0.8995916359431204,0.5071255879161056,0.48868921757176365,2.0865366127045415,0.23536670036982713
884,0.8992917724368636,0.9000929493214751,0.5129210318626449,0.48704233473646785,2.0858070823061254,0.23476636167710077
885,0.8990330968151649,0.9003491034223148,0.510855893301268,0.49736190795466356,2.085418439147588,0.2338319537849416
886,0.8997289722897491,0.8995083933359402,0.508749625945423,0.49531127652513063,2.097435171727702,0.23286799647981254
887,0.8997682949185785,0.8993357152435452,0.506654139299702,0.4932711410390267,2.0967989387601973,0.23626289221207644
888,0.8999799792721296,0.8995946922337412,0.5045693695573864,0.4912414393750532,2.096317924710752,0.23537344237170488
889,0.8997599758107905,0.8992824183840832,0.5083445384902493,0.49159415694707603,2.091811332240238,0.23851656691143475
890,0.8993547514149268,0.8994585994561207,0.5102430470810749,0.48969590010696373,2.0872072729519324,0.23765758786657146
891,0.8986759639317942,0.8991972635165559,0.5081497989503214,0.48768694568141974,2.090864436177842,0.24087277572616925
892,0.8985122415598598,0.8987593862807631,0.5063502749422949,0.49360188479810385,2.0862612262779847,0.24002716386639045
893,0.8978351628052254,0.898959519749089,0.508359332387371,0.4915930232233127,2.089966144780012,0.23908064431658885
894,0.8977927906785128,0.8990245145205746,0.510369566346053,0.4895829841380017,2.0936865835910674,0.23810473641061103
895,0.8983291901471893,0.8994140249811988,0.5082841575168127,0.4875825108631611,2.105560553849206,0.24121939971797
896,0.8983916162224055,0.8999941470062545,0.5062145307069711,0.48966900989941375,2.109196093378478,0.24025029916221485
897,0.897823950150483,0.8991672794720268,0.5041502323970485,0.4876721827673574,2.1127969905840853,0.23930230231987193
898,0.8977825163439594,0.8992308704922526,0.5020964069666634,0.4856854862108631,2.108213220648298,0.2383779909552841
899,0.898110586986373,0.8996701798576684,0.502407402647613,0.4854242153452096,2.099635305654524,0.2374082186202154
900,0.8983956209179369,0.899014702101415,0.500703321202375,0.48717776973977006,2.0948259675119294,0.23678154345579305
901,0.8977318356905768,0.8988818596349075,0.5026736042266866,0.4852567092755996,2.0943254656947468,0.23593517745976525
902,0.8978385043730749,0.8990742085852322,0.5006339692163878,0.48328774459374896,2.0938434895240348,0.23507950750643297
903,0.8973890953963759,0.8995139993366295,0.4986406266114518,0.4853462608177074,2.093391123275441,0.23419858072799563
904,0.8973289611835995,0.9001073093075697,0.4966213982015361,0.48338086749396375,2.0882440805061986,0.23396959670576664
905,0.8978076489028245,0.9002986349781693,0.49462828831503386,0.4854548765917994,2.0878552328802127,0.2330549550478996
906,0.8978249266275595,0.9009200950386709,0.4927832281033249,0.4954631791204088,2.0873975646245824,0.23221570474776207
907,0.8980265708867076,0.901048857533521,0.4907936965876326,0.4934628277417323,2.0828337567314756,0.2314518794402725
908,0.8979842289464486,0.9014232298079285,0.48881417798803717,0.4914725437333693,2.086522124017782,0.2305292044372311
909,0.898205057623513,0.9016684800109552,0.48690927437212955,0.4974861469559773,2.086108842749371,0.2296650026136499
910,0.8980390444031431,0.9016182827702954,0.48494934659371525,0.49548364470326783,2.077711749697783,0.228740545383052
911,0.8982461308319566,0.9018006299553106,0.4829992590622829,0.4934911964520199,2.0733781000393092,0.23184195171972546
912,0.8984569429874366,0.9015438559440869,0.4810589545349064,0.49150874371584946,2.081115895709647,0.230915841812582
913,0.8982582850899905,0.9018486525428968,0.47912837614249454,0.48953622839032823,2.080711035586334,0.23006846098003778
914,0.8977547861722887,0.9013898948622112,0.47976105189288404,0.48902918167487747,2.0723691867274248,0.22914615896354787
915,0.89750143883613,0.9021300978899116,0.47784212136650206,0.495078278765693,2.080084484120322,0.22823357500279334
916,0.8978317118557912,0.9024363093013186,0.47593019710450696,0.4930973898267857,2.0837602173956737,0.2273273076274243
917,0.8978303843935493,0.9018594577749082,0.4740278260858337,0.4911263987245255,2.0754310862088845,0.23041580699490544
918,0.898001180626652,0.902212867493874,0.47607064694650253,0.48922272292501856,2.0750149275579313,0.2296106673843219
919,0.896541633972603,0.9018034495909539,0.47816069418281265,0.4912603041945138,2.0667516329881233,0.22869526960052097
920,0.8964691156569469,0.9019215451271348,0.4801436185205782,0.48939924300078813,2.0624038842131265,0.22788058053717247
921,0.8956802935928919,0.9018364643814942,0.4782320672835527,0.4874508432048271,2.054193026994493,0.22697334072638203
922,0.8962596369876962,0.901672562000309,0.4803072573124946,0.4894893680600944,2.0498658194619703,0.2262050575148328
923,0.8966291427099184,0.9020272556063381,0.48237098909558596,0.4875456419184531,2.0576096411152642,0.2253108835536796
924,0.8968397190123694,0.902511176069789,0.4844255934775073,0.48561044689615224,2.073260374862255,0.2244189683366339
925,0.8962952119327734,0.9020732404187793,0.4825046937973284,0.48368484889989843,2.0729473407372243,0.2235518103404895
926,0.8964020345856737,0.9026153260494113,0.4805933234142972,0.4817688035084385,2.076576852737999,0.2227091120357488
927,0.8965084002124779,0.9030343894823132,0.4826488189748785,0.4838196472341012,2.0801980511914966,0.22186091334073538
928,0.8962624805018921,0.9033322394238553,0.4846896342025754,0.48191139678171907,2.0838209306172693,0.2209972991857539
929,0.8965200628713328,0.9034597511308369,0.49039932062343905,0.48028310368936067,2.079403048115017,0.22026227338868723
930,0.8963793347727006,0.9035193819091708,0.48846579653241035,0.4862778384667703,2.0830333318896237,0.2193952673529083
931,0.8969956547637464,0.9040136240313947,0.48654046290491076,0.48436112888064525,2.0785196133188477,0.21877938946861364
932,0.8968563440208149,0.9043062616599556,0.48465405109221243,0.48636212015437885,2.078151609935401,0.21797693780649108
933,0.8969246674260032,0.9048359192521477,0.4827479247539957,0.4883822607081259,2.085710155431469,0.2171209425030326
934,0.8972434158561047,0.9047459910331568,0.48156815187031443,0.49360527227614204,2.0810981403724615,0.2166456172104648
935,0.897461321216302,0.9049763362753166,0.4797317652106416,0.4994649832188267,2.0807255788049206,0.21584928073232526
936,0.8977733925487086,0.9053842572780783,0.4797717376139242,0.49950659981097734,2.072565108893474,0.21500273393725328
937,0.8977795951673311,0.9046878050476688,0.4778919848527724,0.49754952556796755,2.07221601143571,0.21422522045372236
938,0.8976302192650192,0.9040560380292351,0.4798833010997048,0.4956543336738605,2.0718288190419454,0.21349125431870095
939,0.8984969529076309,0.9041146796480932,0.47800686785302926,0.4937162327471704,2.0793682183399467,0.21265657415113642
940,0.8984806924497756,0.9041169019525541,0.47796458053170027,0.4938689775085313,2.0712456273051956,0.21182587837878786
941,0.8985601980027415,0.9047824164287195,0.4800017579941833,0.4958440900653254,2.074435493138241,0.2153361097096854
942,0.8986846571101458,0.9052236111565698,0.4820289574148885,0.49780952857262184,2.0700028046307772,0.21474065789617752
943,0.8992420718810872,0.9053960463662718,0.48404503765704854,0.4958719689008171,2.073621162406363,0.21390792964138564
944,0.8995946845199909,0.9055241390495662,0.4860522796014152,0.4939428635467205,2.085007165947321,0.21696707070301735
945,0.8999902364113536,0.9058160820207356,0.4842731862573477,0.49579971168255943,2.080679872179818,0.21623385659425623
946,0.8995423431971463,0.9059285693237227,0.48626737488463073,0.49388289821619535,2.08422451282914,0.21541924112102834
947,0.8995899789882796,0.9059545060887867,0.4917305310997556,0.49237576957095275,2.0834891526750297,0.2149922940681748
948,0.8996531877918286,0.9060557396405551,0.4898250001577806,0.4904677382313126,2.0808674968082905,0.21632792220079744
949,0.8997050357596945,0.9065669904034029,0.48792910146542107,0.49243992924310703,2.088295591965147,0.21549185964557982
950,0.9000191889004205,0.9068584351631376,0.4860420794646813,0.4905354620208536,2.086059155633773,0.2148641947067241
951,0.9003181524280534,0.9064793385761767,0.48416423413670373,0.4886402563082582,2.0895842082247174,0.2140400618171715
952,0.9002190659732916,0.9067597442615778,0.4822955136034033,0.4867542597476312,2.089190537530775,0.21326210496149645
953,0.9006610949189682,0.9068372161986668,0.48043586631666596,0.4848774203143043,2.092609679719839,0.2163884089738935
954,0.900675848947779,0.906693989393107,0.4837820901665894,0.4893687516787736,2.0845490076461215,0.2155548872690472
955,0.9004450289885578,0.9067677573828936,0.4819204379304561,0.48748560129066626,2.0765274099064395,0.2147254058851122
956,0.9004315743847596,0.9065246424557712,0.48321811711467244,0.4863055337125953,2.07169498137058,0.2145939035824482
957,0.8993758495740801,0.9057244327701479,0.48554012900085036,0.4917814299877687,2.0672554298702575,0.21410727768887147
958,0.8995266105684275,0.9061135336265487,0.48751390285088564,0.493731258497511,2.082299977538711,0.21333091842163884
959,0.8996624092641506,0.9058698214634584,0.48564537920903855,0.49183890522547785,2.077998186038209,0.21266695224498003
960,0.8996145383816496,0.9059253337927713,0.49140055395227955,0.49382779927486586,2.073830612112319,0.21189585087744514
961,0.8991224484501021,0.9054936861591028,0.49717091632287935,0.4919390418023043,2.081198041615932,0.21108569597556595
962,0.8992724149245893,0.9058906608695664,0.49527108771255396,0.4900592056424089,2.084688626511689,0.21029957803108976
963,0.8994171419751591,0.9060094934162215,0.4937597244024117,0.49544402924654274,2.080358214930423,0.20968642507768273
964,0.8991234626558235,0.9052622667698268,0.4956715535710052,0.49357337311520694,2.080014175555643,0.20892433753001213
965,0.8985355920465579,0.9044036346611856,0.4937831282260126,0.49169294148525117,2.087328101246178,0.20812927550664678
966,0.898637374578561,0.9046884366373789,0.49564880705446884,0.48988254108506024,2.086873738861867,0.20745912001643613
967,0.8985022589708327,0.9044761015840386,0.4937652454433742,0.49942555558885016,2.094711326765125,0.2066716726319951
968,0.8985321677373367,0.9045971723171574,0.49188971784320407,0.49752852775552,2.0905531537761117,0.2096850665237943
969,0.8987832211714553,0.904995352249187,0.4938178048610154,0.4994352176149395,2.0901220800873506,0.20897684960551657
970,0.8985257564694342,0.9047452333571738,0.49541214780140685,0.5016572817029604,2.0822236104906326,0.20818798915398984
971,0.8988754515878535,0.9051977594361014,0.4935360014651102,0.4997574847857462,2.089474965002028,0.2111979582165324
972,0.8985011998495709,0.905351368664603,0.4917621718354663,0.5015566868757616,2.0852612609769854,0.21049228944049328
973,0.898802666348522,0.9056350065914405,0.4936830439662957,0.5034405408825292,2.0810424898546023,0.2098158729704762
974,0.8993784561854948,0.9060445443832544,0.4920183594218684,0.5051160859000081,2.076761564410688,0.2092231590818526
975,0.8991395607287134,0.9058604362279796,0.4939344273276338,0.5069827501830074,2.0762376181591806,0.2086683928242436
976,0.8994337957946282,0.9061850457955402,0.4958413600852278,0.5088405148571983,2.075885081931124,0.2079477316907608
977,0.8993346386938745,0.9060333377912446,0.4939780693274681,0.5106861812247244,2.0793540641219614,0.20717470008524216
978,0.8990870959640367,0.9056676673265172,0.4937203917660225,0.510926318290235,2.0736950299669705,0.2079955823644414
979,0.8994308750070911,0.9059645715636444,0.49562166631466803,0.5090075866746756,2.0809288999223816,0.20721720376484645
980,0.8997244240264347,0.9061840070658438,0.4937615431926768,0.5070972247078899,2.0843717870294567,0.2064459833382402
981,0.9000829158651498,0.9067644737480101,0.491910253534826,0.505195934782481,2.07986510082273,0.20611295039322697
982,0.8999846243770396,0.9064542117319052,0.4900677484545503,0.5033036666915386,2.087062709160296,0.205341674305423
983,0.8999363410114515,0.9067798688522772,0.4882339793701813,0.5014203705412837,2.0904721526662935,0.2045801197246133
984,0.8993078717400929,0.9069008361601341,0.490140631214909,0.4995523920663078,2.0938529410107107,0.2038345588957208
985,0.8989893221431744,0.9069186260183226,0.4883102538307975,0.4976868674752318,2.08603367277461,0.2030733606947509
986,0.8994240006099955,0.9069773885162068,0.4865634485465826,0.5032165724789569,2.085675330833081,0.20608387989689944
987,0.8983174923686107,0.9074053615860664,0.4847500601717194,0.5013411190611187,2.0890698312922886,0.205329119221589
988,0.8986162611123018,0.9065199635219642,0.48295337987811515,0.5031895847579945,2.088721918010613,0.20458092459948915
989,0.8985061716669083,0.9063538388174951,0.48327255770850497,0.5029219479563504,2.0809648672103793,0.20382675193729544
990,0.8982774309301725,0.9061548361947361,0.4851910566785477,0.5010547469853374,2.0880909351793266,0.20678976543213085
991,0.8986810636060006,0.9062791826946871,0.48339000176075214,0.49919480520833825,2.084051883958514,0.20973420386345468
992,0.8985491912485942,0.9063873087871979,0.4815974259266892,0.4973436197451579,2.0911566932740415,0.20895662062950038
993,0.8985293202630235,0.90664333571719,0.4833435701516073,0.4956754912871731,2.0869400058490246,0.2083568613303295
994,0.8983624217451923,0.9068976189648769,0.48166272652106745,0.4974339839767066,2.082809335046568,0.2076937252339562
995,0.8984585066382647,0.9062833077027136,0.47988201349315,0.49929198136659475,2.093594337879896,0.20692636837497902
996,0.8983697688912822,0.9053185419163544,0.4854960519555483,0.5011419426856177,2.1006334148750376,0.20616438453124097
997,0.8976281792325195,0.9050177330703406,0.48370568449485124,0.5029816139065938,2.107643376921727,0.20909663340476187
998,0.8978160450314815,0.9053300291225804,0.48560882762003194,0.5048137028840922,2.102530707549646,0.20935559498929984
999,0.8980096855900316,0.9057049872421411,0.48382058523013743,0.5029547390202737,2.102053953814622,0.20868383519821437
1000,0.8980152314083213,0.9049493916728666,0.48569835344406465,0.5011256216695908,2.101636218835788,0.20795842973661255
1001,0.8980723099441928,0.9051651474496556,0.4875883423912092,0.49928405616150795,2.1086124086591957,0.2071946781285771
1002,0.8974219529031727,0.9055948860761577,0.4857981890114576,0.4974509626215552,2.122899394143749,0.2064340012569402
1003,0.8975182741989534,0.9057424391837996,0.4840199293714727,0.49929066059714794,2.12974337472196,0.20935500707425972
1004,0.8974707554933469,0.9061241708171428,0.488931495366221,0.49810435503886713,2.125282297449584,0.2089094824160452
1005,0.8978547990424804,0.9062837057976231,0.494462430093368,0.4962813212338004,2.132144120901436,0.2081452813887077
1006,0.8971973837620068,0.9054146144723353,0.49470000155936394,0.49607759790438916,2.12800411017195,0.21104092601059807
1007,0.8972443058644212,0.9055186130787781,0.49289279677167624,0.4942653605743477,2.1348403618054124,0.21027139088068925
1008,0.8970714467406422,0.9056077008798396,0.4973943855864898,0.4971096007553606,2.1306987829397857,0.21315349080169113
1009,0.8976169344630024,0.9053446750226884,0.49558096832000054,0.49529722176703644,2.1264478789050543,0.21250493278491547
1010,0.8976282950297753,0.9057816806536296,0.4937759683742347,0.49349325528007043,2.1296203157273825,0.21174015537187876
1011,0.8978926587167012,0.9059909146006941,0.492560649358717,0.4947548958545585,2.124928827124552,0.21155103760198873
1012,0.8983145022404491,0.9060487196631043,0.490847183353473,0.5001493814411939,2.124436325749334,0.21445545523174137
1013,0.8985107600613739,0.905905135843763,0.48975625985740073,0.5049042785276602,2.120007443124645,0.21402244744583618
1014,0.8982195628979407,0.9058952575311313,0.48797959549509456,0.5030726624533762,2.1156779501375413,0.21351254671999792
1015,0.8980796733016776,0.9059340277468371,0.4862111455839335,0.5012495149008221,2.111155835636488,0.21321764865488346
1016,0.8982682180621695,0.9057441773332233,0.4844508657384997,0.4994347901117519,2.1216143679083554,0.21244596026203655
1017,0.8983657544581551,0.9055076414585005,0.48269871184415264,0.49762844260707206,2.1139409481388673,0.21167758921981936
1018,0.898088327402186,0.9058702994113045,0.4809546961440028,0.4994435396134034,2.1243684871651474,0.21091328589687525
1019,0.8984641520429607,0.9058378858679501,0.4828278255745192,0.4976411638712538,2.1311371092733578,0.2101535593752842
1020,0.8979176906311793,0.9052536386089362,0.48108677286574975,0.4958466950141156,2.134191558442887,0.21308033445003083
1021,0.8982932837469751,0.9046749750868391,0.4829556937068219,0.49406086778556885,2.1409113102350523,0.21231428055954613
1022,0.898798235889749,0.9040078595517557,0.491683687778226,0.49621181937197417,2.1366406700928997,0.2117153203891851
1023,0.898624393012257,0.9042713614377064,0.4935111600315572,0.4980230123231306,2.1433392817789785,0.21095461303439447
1024,0.8986378781841343,0.903905442749807,0.49498842758650013,0.49657615024882945,2.142482656275377,0.21413032714977015
1025,0.8985215700646303,0.9035398258696238,0.49428800240577647,0.497306841426122,2.1373078930852447,0.21443761090621988
1026,0.8988903209067086,0.9031883302731344,0.49251628712565193,0.49552430548437,2.1403843706586225,0.21368472279970685
1027,0.8994830954203786,0.903873091499718,0.4907526868260489,0.49374993408497325,2.135995767901988,0.21322468091093663
1028,0.8996409857002642,0.9039881129776309,0.49191877996257805,0.4926392784346689,2.1384309050286125,0.22027196026184523
1029,0.8997036063753148,0.9045860517314896,0.4901608386150951,0.49087876228397354,2.137535553212866,0.22345907810696375
1030,0.8995707303389152,0.9046372095063864,0.488410930303255,0.489126290934664,2.1370397579098492,0.22266609745959107
1031,0.8997807470664212,0.9049169903636516,0.4887449860393116,0.488872348728725,2.129433060632556,0.22187198933715346
1032,0.9000515278762341,0.9045842793695845,0.48700361863957575,0.4871305275438013,2.1325292548803043,0.22108705982196306
1033,0.8997512053133249,0.9045745032122323,0.4852701899172114,0.48539664710499936,2.1276912326740915,0.22112394027448865
1034,0.900015167458551,0.9038678286461584,0.48710047536371914,0.4872264828927816,2.127176505638315,0.2203983440950955
1035,0.9003749734371953,0.9041273511366913,0.4924318299367751,0.485538589546034,2.126681878026866,0.21965829523135402
1036,0.9004178392242016,0.9039561724898346,0.49370472462470244,0.48434387152394365,2.12215528784792,0.21940711019405493
1037,0.8998957223636678,0.9046501392216506,0.49543358865842857,0.48269282886917636,2.1215901531238472,0.21876134939890263
1038,0.8990066738672383,0.9042530234475408,0.5006035391166033,0.4811419693805304,2.121080304334471,0.2216076376594352
1039,0.8990045557615015,0.9043012578535586,0.5006346107256009,0.48117548368004365,2.117113828186618,0.2243653196992736
1040,0.8983366786578433,0.9045576882498076,0.4988651111144448,0.4830092763641669,2.127303440789521,0.22357237464834478
1041,0.8985357920211139,0.9048125407223204,0.49710664039651054,0.4848317488743879,2.130375989068472,0.22279204723449303
1042,0.8990920268840829,0.9040370478384667,0.4988805890736708,0.4866489970446954,2.126294247651394,0.22210052407067446
1043,0.8988281910802282,0.9033799091819854,0.5006286166328473,0.48495196263174484,2.125813398426932,0.2213536443816274
1044,0.8990583278796489,0.903586657914285,0.5023866220631853,0.4867651567328425,2.1324109296336453,0.22057482850101082
1045,0.8985286516946118,0.9042031433650297,0.504136626063636,0.48505330503891425,2.1424957585823123,0.2197993937336373
1046,0.898061807741452,0.9040796399529981,0.5023653909123457,0.4833491172856007,2.138482029559232,0.22254042271757649
1047,0.8985080683830572,0.9031089086886095,0.5006021429538853,0.48165261438214696,2.134256445661263,0.22198897432973871
1048,0.8982563116717746,0.9033077743173984,0.5023255299650704,0.47999144899259744,2.13373031954962,0.2212659990775178
1049,0.8983855838218473,0.9033077208179858,0.5005659446064408,0.4888187330653032,2.133288977077316,0.22049093114026516
1050,0.8986924939165232,0.902613121594932,0.49881427540706796,0.4871081717935808,2.132783838648551,0.2197712551045351
1051,0.8989354522171527,0.9027878550453072,0.5040622403518844,0.49239705987029064,2.1282910139633926,0.2195357610469456
1052,0.8988467933647306,0.9026651992994628,0.5023053055444617,0.49416636016709237,2.131325023271668,0.2187794132868176
1053,0.8991191433633313,0.9031780847828462,0.5005757134930868,0.4959082622066425,2.130821047117026,0.2180619117917282
1054,0.8986847128108861,0.9028001245556095,0.5022403282939907,0.49425590218474813,2.1268035918936987,0.21737795964539558
1055,0.8986459788462762,0.9027853671953483,0.5004915655039932,0.4925349405618269,2.126290074757108,0.21669306268400948
1056,0.8988733761083668,0.9029906269219728,0.49876048212846735,0.49429028084610893,2.1258310847492896,0.21595900508531676
1057,0.8994467094363661,0.9033482248158161,0.49702730572078035,0.4925726382420768,2.1323431669181523,0.21520931877677035
1058,0.899697737643009,0.9035203730985197,0.49530187833496747,0.49086267520837085,2.1282203396408623,0.21465442751405825
1059,0.9000470335876244,0.9036730275724879,0.4935841593383787,0.48916035147651615,2.131240044496261,0.21391364944028965
1060,0.9001702154090346,0.9037628781359094,0.49187410833948203,0.48746562701699475,2.1270475743879405,0.21344577384223515
1061,0.9002844646789597,0.9039464056253149,0.49017168518627924,0.48577846203767555,2.1196856600744867,0.2127070176825157
1062,0.9004475070647269,0.9033637825946698,0.488476849964733,0.48409881698225554,2.1226265466767034,0.2155351069845721
1063,0.900358930015589,0.903042251252659,0.49024237763486445,0.48242801789497675,2.1256530577855997,0.21479470602667627
1064,0.9000886158017531,0.9028784326553604,0.49200141230640354,0.48421401779295925,2.1183180082164412,0.21405350801690265
1065,0.8999630063298767,0.9029741227334486,0.49365856245440276,0.48263885968254405,2.1143687920519327,0.21340966843636555
1066,0.9006826744429761,0.903244615080513,0.49540231780233496,0.4844205650464461,2.107087259048208,0.21267472117935216
1067,0.9006800070163892,0.9032463511196419,0.49713833106650945,0.4861943598326543,2.113302102444848,0.21194536431893943
1068,0.9002022577449372,0.9028740087375556,0.49543056839527316,0.48795940724872744,2.116347010770644,0.21121955227298847
1069,0.9005510945121782,0.9033769623435463,0.4940760368330853,0.48937096961149645,2.1121674766559684,0.2108408640592662
1070,0.9010786758862241,0.9026180755285612,0.49581139911841016,0.49112247067814163,2.1082740548222434,0.2101962687971867
1071,0.9012721669693766,0.9028957645588382,0.4941124236143761,0.4894395625226485,2.101049723209079,0.20947599833518674
1072,0.9016579648739822,0.9033972431073201,0.4939725241256096,0.4896357673764952,2.0938573428745197,0.20875891343232553
1073,0.9010521265008613,0.9030266831130578,0.4957029097635737,0.48796143827272,2.1003756924427233,0.20804552705834703
1074,0.9010065431609154,0.9027125691936395,0.4983011343886367,0.49225180711746375,2.0957410299709403,0.20821011035797996
1075,0.9010382795976808,0.9027061117275881,0.4966004438023288,0.4905717627493432,2.0917438318815473,0.20775697496104664
1076,0.9011230301704711,0.9028434415884794,0.4983168179552006,0.49230869208985445,2.091172071269212,0.20730756886062846
1077,0.9010426250981058,0.9028677495438376,0.4966194719302383,0.4906318106933927,2.087081218078932,0.20697672300204362
1078,0.9007102579819913,0.903247333115952,0.4949295980538246,0.48896231135498414,2.083112207319079,0.2065423729740264
1079,0.9001091439054495,0.9028822671539848,0.49664638302272773,0.48730028347071075,2.0896281098715965,0.20584077293366204
1080,0.9000195356763954,0.9024090870096245,0.501714812309576,0.4890782810990666,2.089249952216425,0.20521553154264144
1081,0.9001476041317232,0.9025596815639628,0.5034303421912791,0.4941791082067927,2.0888970367589814,0.20456954753780915
1082,0.900203288731836,0.9021461476875943,0.5017252422636057,0.49589231011377927,2.0919815879637627,0.20387969009898785
1083,0.9000568647008919,0.9023665657258628,0.5000265096396659,0.494213326530353,2.0880347084007473,0.20344673368452465
1084,0.8999276761788563,0.9025667916612762,0.49833523743152713,0.4959240819083753,2.0979209483576016,0.20275867947235818
1085,0.8999480995449844,0.9029429689970557,0.4998009092183474,0.494477807984028,2.0971311471473983,0.20253247912855132
1086,0.9002057477902224,0.9029279509935637,0.49811376101224203,0.49280862865419467,2.1035530020436504,0.2018503502418185
1087,0.9000296586463764,0.9023573583920451,0.4998062552013172,0.4945190131638062,2.1065160750204908,0.20461520417374968
1088,0.8999873753837779,0.9025559548486465,0.49812245990951537,0.49285303004053316,2.106129506684077,0.20395371549713462
1089,0.8998403816058999,0.9025754761946246,0.49692631152753913,0.4940795506708408,2.099041470599655,0.2032673071200425
1090,0.9001218742683729,0.9028960528424763,0.49861772824368245,0.4957805386665207,2.095346311902972,0.20594605384425896
1091,0.9000391051505565,0.9030751167102657,0.5002509280951578,0.4941661539410901,2.094924372127277,0.20535601265306683
1092,0.9001265728765532,0.9035638944729537,0.49857236245563036,0.4925080054407336,2.094553807778695,0.2047190019873251
1093,0.8999548294759797,0.9032647503852115,0.49690110125180437,0.49085707252898386,2.094193982341779,0.2040756369669678
1094,0.8999977212623809,0.9034426163251015,0.4952371070983196,0.48921331827521536,2.097208845174786,0.20341071181629156
1095,0.9002679506722879,0.9040124307832359,0.49469292001338355,0.489809524845989,2.0924256698301185,0.20384279960710436
1096,0.9000130166925979,0.9038929568869108,0.4930940941693697,0.491460144330511,2.092007851487367,0.2032704740192282
1097,0.8995433436446477,0.9038249077935376,0.4947862219082455,0.4898195855403438,2.098377039931889,0.20259296343856076
1098,0.8995026125880324,0.9041150418549314,0.49313592435267534,0.4881858535791545,2.1013784639486826,0.20192306654400732
1099,0.8995477705106708,0.9043526704116683,0.49801162945926164,0.4867044262910081,2.100895441345706,0.20139549346273386
1100,0.8995488641037395,0.904235685683821,0.49635389275133807,0.4850843279928066,2.103845068399943,0.2040970490129196
1101,0.9001389445738381,0.9043399638338613,0.5045523114616683,0.48359840190221554,2.100133655687401,0.20346073864421405
1102,0.9001945572123361,0.9045956783388626,0.5083205664031222,0.48651363113931845,2.093156885914823,0.2027848298491378
1103,0.8999318543253585,0.9038067464906093,0.510004548377235,0.4914842724561438,2.089574519167288,0.20216422609411933
1104,0.9002239033588306,0.9038876140260638,0.5115873911963841,0.48989649356677445,2.089194143540301,0.2015773654075409
1105,0.9005106246903345,0.9042311933203059,0.5119054599535808,0.48957351002176214,2.0822762970420903,0.20090982374232158
1106,0.9008029822406114,0.9043754217062089,0.5102373521068548,0.4945455226241458,2.081978384576224,0.20027073802106266
1107,0.9005049015015759,0.9044708786906946,0.5118557988178285,0.4929112661627206,2.0850115186986944,0.1996101231252863
1108,0.8999172015099375,0.9048033355552357,0.5134677424413011,0.4945857681829521,2.088021874084275,0.1989620811400607
1109,0.8999621073889127,0.9049895236882499,0.5149674581565954,0.49305948484737355,2.0876263312428205,0.20170991379375658
1110,0.8999851772820573,0.9049486875250612,0.5152324522801225,0.4927680372138765,2.084041961437237,0.20434075031529442
1111,0.9000253563928892,0.9049743878214015,0.5198415747748041,0.49142487041067573,2.083486104000634,0.2039471820286856
1112,0.9001723843071104,0.9051735150416815,0.5197805939847039,0.4914487958060223,2.0766339559517806,0.20327645065134112
1113,0.8999314237371407,0.9055466824537891,0.5180727417091504,0.4898340338200063,2.076254458232702,0.20273739066394786
1114,0.9000471328034114,0.9060679320490365,0.5163722023438931,0.48822618613783403,2.0724447309368474,0.20234891831700796
1115,0.9002228172049157,0.906078777819917,0.5179580917854132,0.48990437066689524,2.0684934830296995,0.20211992307381568
1116,0.9006379797282232,0.9063110744259585,0.5195527544023095,0.494835702154123,2.068238000025953,0.20148891031154223
1117,0.9009271892046427,0.9064503581812934,0.5178788575281386,0.499735112387795,2.0679882992846044,0.2008559097700254
1118,0.9010851389201056,0.9065446163774978,0.5161857406055318,0.4981013133567956,2.0643723171807733,0.20032368513085108
1119,0.9014551920681092,0.9066838862835873,0.5145097897945912,0.49973060175832423,2.0641421851464843,0.19968930351088074
1120,0.901449140259802,0.9066969047539658,0.5192995334892606,0.4981571924895729,2.0671385893904395,0.20235766632007318
1121,0.9013245627931299,0.90678324475318,0.5207833297900282,0.49661649534843394,2.0635771473605433,0.2017811386138141
1122,0.9014882390236396,0.9069215475657237,0.5190875140365588,0.49499937354734985,2.0633325254946193,0.2011616799156889
1123,0.9016519311797822,0.9071053403516799,0.5238600126928319,0.49343407412488854,2.063081557727409,0.20055224162911106
1124,0.9018943612902707,0.9073307344407635,0.5221598762953975,0.49507800866900037,2.0661196652931983,0.19990737475065823
1125,0.902179277817025,0.9074228281671193,0.5237111960470328,0.49671725037209147,2.065889388297399,0.19927408631734345
1126,0.9012058115414677,0.9065692044719449,0.5226586619868141,0.4977035292652732,2.0591891310654686,0.19862778473574297
1127,0.9012263081323194,0.9066605196015259,0.5273912447112534,0.49614501037807307,2.058943301022268,0.19803828786614386
1128,0.9010183349558453,0.9065020589924351,0.5289209845859075,0.4977758880544657,2.0585680924892618,0.19758169847098014
1129,0.9012233897144246,0.9068680429326688,0.5272106844602383,0.4961662976076788,2.0713167040880998,0.19694282821787637
1130,0.9016223205940185,0.9071075476803809,0.5255076186180203,0.49456351545924687,2.0677172788793237,0.19644535335955893
1131,0.9012336934646065,0.9065038899650287,0.5238117509607253,0.4929675076362754,2.067320682223681,0.19921658126117614
1132,0.9015601272624364,0.9064722563674523,0.5253466475930458,0.49137851671534344,2.073550299816779,0.1985754366643176
1133,0.9014877771804451,0.9064119223061264,0.5300951368271273,0.48979681756750193,2.0791358047377875,0.19793747402800152
1134,0.9014410003107198,0.906471615304793,0.5283974421700758,0.4946479481558462,2.0820868477047028,0.19731240227512584
1135,0.9018880768573909,0.9066081648492545,0.5299126041718649,0.49305871317160166,2.0850352092517426,0.19668021692347562
1136,0.9019725682176718,0.9059769161317381,0.5311364050937265,0.49176115115222657,2.084477886628974,0.1995458443818133
1137,0.9021340147431167,0.9061145491548727,0.5294326261609912,0.49018368012739066,2.0841715049811547,0.19894113494992993
1138,0.9022646856316798,0.9066950346202518,0.5308583253754663,0.4886951186351128,2.0837372141734467,0.19846816497911016
1139,0.9026640622243057,0.906621938716548,0.5291830458234058,0.4903077999868956,2.0866221187277816,0.20108259095979528
1140,0.9029418572881022,0.9066835982273815,0.5306503482995262,0.488778162078361,2.086268165392705,0.20051641070489143
1141,0.9028088746563118,0.9063062805594959,0.5321457307079267,0.48722070570313064,2.0923769008208337,0.20308331690742215
1142,0.9030849617312242,0.9063703445080813,0.5305467909472705,0.49194963189744384,2.0951742895200716,0.20572647905234429
1143,0.9031268244993899,0.9065909725946311,0.535104198883266,0.490509101667023,2.094742712764917,0.2051986165677833
1144,0.9025450582874015,0.9056046225654708,0.5337175576282035,0.49181415372518306,2.0909377477062376,0.2048630252370053
1145,0.9029896262115464,0.9050082326503539,0.5413503990970533,0.4936467817778985,2.0873586589895963,0.20431883271355597
1146,0.9020829088380543,0.9045025039575993,0.5396722456077319,0.49521367718085746,2.0869952788802455,0.20375495348923525
1147,0.9024737977295294,0.9047860231355913,0.5379583107444141,0.49364093744295184,2.0865563634831368,0.20644636182907528
1148,0.9013208484147591,0.9044391674039111,0.5394242335381529,0.49524746626682165,2.079947497880036,0.20579179232333777
1149,0.9016909765831862,0.9043653237695973,0.5377145092020711,0.49367776176929584,2.076328547875934,0.20533554672491464
1150,0.9015688980815818,0.9035783607906274,0.5363354840007508,0.4949573874979776,2.072596919284937,0.20500895553247775
1151,0.9015985978504858,0.9032014864001289,0.5346701510591453,0.49652373473743505,2.072336075478384,0.2075548785382233
1152,0.9013920311426928,0.9034756645882582,0.5361402646835396,0.4949550471460242,2.078426181425998,0.20690038819391912
1153,0.9011791675924099,0.9030800714786772,0.5345147057100883,0.49648244186361873,2.078045495979767,0.20638117626948083
1154,0.9011766042704162,0.9031171937779596,0.5328361250898593,0.5012169934467126,2.080932654775536,0.20575095941029017
1155,0.901014238070582,0.9031896011714635,0.5343079600874538,0.5027884469016521,2.0805678899298443,0.20521250593570783
1156,0.901279522398521,0.9033326150252323,0.5357736914934416,0.5043533836545608,2.074022044071047,0.20456677217796143
1157,0.9014203140549203,0.9036715935826166,0.5362485574422413,0.5037523469252393,2.0696606160534508,0.2049084402693225
1158,0.9014506805129804,0.9032977701348425,0.5345946824838068,0.5052805735306769,2.069411246800941,0.20743648808604945
1159,0.9016468524139148,0.9031511176333573,0.5329507581222122,0.506799369409135,2.072264168091317,0.20999081680020612
1160,0.9014746541308123,0.9030455834101332,0.5312800311445899,0.505210623421237,2.072008064183703,0.20936236225679672
1161,0.9014918274505117,0.903049867182138,0.531092344154927,0.5052840315875043,2.065519097853566,0.20870669641791628
1162,0.9015930335745148,0.9030039308832392,0.5294307695229056,0.5037032007996172,2.062000872816539,0.2082383807399721
1163,0.9020274814101067,0.9031393689747094,0.5309007438354323,0.5021296672132564,2.064930237667509,0.2075898681669029
1164,0.902138550845733,0.902991038719926,0.5323209074639219,0.500606371166474,2.064638448473313,0.2070307549157508
1165,0.9021780154611666,0.9032013800875025,0.5337797045391306,0.502164093067553,2.0706664785967095,0.20639378022191035
1166,0.9023749382206925,0.9035137961524309,0.5321163888229934,0.5005992950413707,2.0703781391885276,0.20582190553881216
1167,0.9026556244137933,0.9038716346594432,0.5304599134837037,0.499040932238571,2.0670460580390904,0.20829417750064874
1168,0.9022159779298226,0.9039466355747013,0.5288102452362279,0.4974889733455829,2.063653825415166,0.20772154113133068
1169,0.9024416369581598,0.9043877919550164,0.5271879914545621,0.4990295213820536,2.0634147863756716,0.2071174780656322
1170,0.9026775485034785,0.9048245559706933,0.525706127641078,0.5066373535281807,2.0631158159493768,0.2065775576815802
1171,0.9019833076306244,0.9044926918297022,0.5240767140452465,0.5081664839841067,2.0660189675873952,0.2059387709526889
1172,0.9018973200217953,0.9041637841184559,0.52245340304876,0.5065924544205149,2.072007073587516,0.20840068945787893
1173,0.9017329326756843,0.9041893961386201,0.5208367376805593,0.5050248687333049,2.067766940445969,0.2086787642118042
1174,0.9018174814870533,0.9042738070768176,0.519226685734225,0.5034636956937987,2.066767103112828,0.20858102223247402
1175,0.9016538554800058,0.9045810128184537,0.5176232151810726,0.5019089042456575,2.0727358404722165,0.2079383379333866
1176,0.9018075597565659,0.9047096785834899,0.5160262941690608,0.500360463503823,2.0694263866408527,0.21038193190006024
1177,0.9018003699409983,0.9047317274806764,0.5175179451265596,0.5049823474172683,2.078458299359182,0.20973370324115923
1178,0.9019139358526332,0.9047145747126594,0.5159245388849459,0.5034275375177147,2.078076900980725,0.20922785307354966
1179,0.9016641576175247,0.9040643926904877,0.5174134880606872,0.5049549257414551,2.077817107474536,0.2086039648944884
1180,0.9023225935434963,0.9037851679791218,0.5158235864212222,0.5034033066151323,2.0837125738757134,0.2141195369928483
1181,0.9025055690216137,0.9040920763680597,0.5173098689274324,0.5018580030051519,2.0957344547200543,0.2134622606504305
1182,0.9026920357387475,0.9044906350918486,0.5162518045707573,0.502857286246607,2.0918458828708193,0.21333599011409238
1183,0.9024420239322212,0.9046210120808559,0.5177337340320991,0.5013168145025952,2.0976913783955546,0.21268271046768145
1184,0.9022800915968606,0.9047722713357874,0.5161491991774687,0.4997825239714273,2.100432571059427,0.21205213223942307
1185,0.9023428290637355,0.904886119089232,0.5145710927204703,0.49825445799858237,2.1000638048420233,0.21146553562476986
1186,0.9023418906360697,0.9044675506913754,0.5129993837587509,0.496732586661596,2.093649357647171,0.2138740398846411
1187,0.9022559023954493,0.9041425464865036,0.5114340415592281,0.49521688020190724,2.0994638327694504,0.2162752614159955
1188,0.9022090927274562,0.9045333752948242,0.5098750355570592,0.4937073090238598,2.102199146359017,0.21562578251817152
1189,0.9025918179177833,0.9046630634998787,0.5083224322678763,0.4952490031553704,2.107978048856937,0.21496953438242863
1190,0.9024290982734855,0.904879312852441,0.5067762827769149,0.4967842875803418,2.1137405734455412,0.2143166531848879
1191,0.902451628911559,0.9048631908974943,0.506880239293477,0.4966695098782288,2.1103557243366793,0.21670447997303102
1192,0.9027181960912329,0.9052069305517644,0.5068746692164926,0.49666430244001164,2.1039486904733855,0.21604657153279783
1193,0.9028592252164386,0.9050026452498904,0.5054285578045647,0.4980996797981441,2.1034510689807626,0.21557473232533264
1194,0.9027342559532118,0.9040836684546883,0.5038974294964265,0.4996201173060895,2.1091963228305337,0.21492294476419577
1195,0.9029990963501144,0.9041704367593937,0.5053913109599677,0.4981155880892869,2.1088501177045202,0.21428804708972857
1196,0.9033383312100846,0.9037470261659087,0.5038630005524164,0.49660927956966794,2.111536196282516,0.2136488265688364
1197,0.9036709799911193,0.9040975182544828,0.5023408347041423,0.49510902715091876,2.1079518419595726,0.21322980818511167
1198,0.9037107414529457,0.904308300446944,0.5067145718624659,0.49376095826945493,2.1074798925848963,0.21273245703150223
1199,0.9039724244547712,0.9043945283191173,0.5081943107938938,0.4922797856358082,2.1071408734644486,0.21210606882091806
1200,0.9040081266743775,0.9044793344588405,0.5066636589445154,0.4907970674150593,2.1035307851790943,0.21174267993880497
1201,0.9044176519969072,0.9046944602713944,0.5051661954694674,0.49531110307348664,2.1031922152640585,0.21113261354396895
1202,0.9045636364709321,0.9048665365452603,0.5056087604577307,0.49486710336195633,2.0999733377009306,0.21353371746671534
1203,0.9045738646145071,0.9049189086271757,0.5040904578832335,0.4933810571225909,2.0980877907066042,0.21748074817389312
1204,0.9046850123412078,0.9046419997613021,0.5055756855797102,0.4919034146748079,2.1007860825394196,0.2168357096726202
1205,0.9050554220819783,0.9048977376456572,0.5040605156985436,0.490429219495695,2.1094740895145185,0.21918353231345683
1206,0.9054530560809845,0.9045658453883684,0.5025513965342652,0.48896091140408154,2.109088742418828,0.2185857743251696
1207,0.9056530539545078,0.9049283967973037,0.501048299407862,0.4874984624965203,2.104559898885273,0.21914363649854968
1208,0.9055869293773521,0.9048765017652022,0.5055259472271567,0.48604297900428534,2.1096658223610585,0.2184909179857577
1209,0.9057663510967293,0.9048170047467802,0.504016974387108,0.4845921619721692,2.1092547655684712,0.21792277494920684
1210,0.9060223813671066,0.9051548655450459,0.5025140094816207,0.48314712132883764,2.1056677585839783,0.21755217461713772
1211,0.904597911897547,0.9046042636976429,0.5010191221354664,0.4846847240560703,2.10832570002671,0.21691038243580743
1212,0.9044323188310041,0.9047732883382568,0.5025038829069959,0.483242508849982,2.1139750859133684,0.21626571103759498
1213,0.9046097322649999,0.9049444536889009,0.5010099186215611,0.48180580940549356,2.110473253918541,0.21581269861901287
1214,0.9047314199000931,0.9051628198542094,0.5037690971617064,0.48503780678839,2.1042051128650177,0.21517172936586546
1215,0.9045698465376415,0.9050516911651073,0.5022743638015088,0.4835986510425366,2.1006244962113754,0.21484875277291238
1216,0.9044199090723988,0.9048542772996621,0.5007855550183138,0.4821651995843253,2.094398046351467,0.21421191709355897
1217,0.9043831140472378,0.905053636770904,0.5021251899919986,0.4808760503565654,2.091018720890932,0.2137162237253536
1218,0.9045642960865475,0.9052661823377455,0.5006397971385169,0.4794535169667915,2.0875589151829126,0.2133163466270755
1219,0.9043262668461847,0.9056411216833334,0.5080241564752701,0.47803849786707636,2.0932081490927423,0.2126884603558528
1220,0.9047303503147907,0.9060968220528125,0.5065537557352947,0.47955004585590166,2.0928740908681873,0.21211941950971788
1221,0.9050593705844978,0.9065077206256998,0.5065748092858211,0.4795699770698699,2.086701470927614,0.21149380494502396
1222,0.9054227233400578,0.905837592397124,0.5080278116898789,0.4781577977083962,2.089389935487888,0.2108731401836767
1223,0.9057785908952617,0.9058788517886303,0.5065324531448889,0.4767503602961049,2.095013624850652,0.21025255549886976
1224,0.9055493716018759,0.9060382301113595,0.5079613906572957,0.4753705799390777,2.0946900229101355,0.20967854122459093
1225,0.9054922664217552,0.9062849287119902,0.5064692149575694,0.473974142255434,2.0973436841211046,0.20906846206835922
1226,0.9052567298530089,0.9061732610151739,0.5050363065091696,0.4754644424275162,2.0969512224045954,0.2085617149970131
1227,0.9049776640835258,0.9063217445063575,0.5036543289138534,0.47690358612771816,2.0936366459481244,0.20804891940537754
1228,0.9051964226579359,0.906728276339969,0.502322190288021,0.4841502212503304,2.093267805357611,0.20753489366798553
1229,0.9052129854454254,0.9068905859550458,0.5008632334788534,0.48564875775642424,2.0929733925155514,0.20694920297310646
1230,0.9047069129253069,0.9072541779647352,0.4993992474230623,0.48422924248390287,2.0956123795789443,0.20635649020112112
1231,0.90476159238394,0.90745558266999,0.4979409994671735,0.4828152910078496,2.095309864020904,0.20577725535733477
1232,0.9043793191336795,0.9066259028904624,0.49716201187293807,0.48365041415324866,2.0943582879652216,0.20876762023019801
1233,0.9046316530219173,0.9067075220907411,0.49572073050448884,0.4851476113768218,2.096982415358267,0.2110884726468197
1234,0.9047755786514703,0.9069989214451671,0.49718881727256575,0.4866464792164747,2.102511150384267,0.2134044902322559
1235,0.9048450066451235,0.9072031520658592,0.4957428193573315,0.4852311420850739,2.0986310492638065,0.21345767095703594
1236,0.9052652835135218,0.9075355334039559,0.4943024679784925,0.48382133176151965,2.0952687481025642,0.21301064324455513
1237,0.9054839135817204,0.9071888458190203,0.4931530837944612,0.48503421242056444,2.0918043434291436,0.21267771891682768
1238,0.9049977115068761,0.9070588806007258,0.4917231195291725,0.48362778992419225,2.0886385086786987,0.21496066667529995
1239,0.9047998886224187,0.9067993704188855,0.4931954642134453,0.4851235846530555,2.0912538301208956,0.21436263559733817
1240,0.9046511822958169,0.9067411486644913,0.4917682343764203,0.48371971356156934,2.0880978143168125,0.21663638050203887
1241,0.9043902426318152,0.9067487347445012,0.4903465571056438,0.4823213041603012,2.082061228392273,0.21601009560469578
1242,0.904606064478966,0.9063593269752364,0.48893040669119137,0.48381639143896776,2.078936262996039,0.21538624542774717
1243,0.9043569118027536,0.9060099386266627,0.4904049312213213,0.4853056707912111,2.0844787627329087,0.21476492146589765
1244,0.9043726261889574,0.9058206499630591,0.48899144202615835,0.4839068791430393,2.084207285716539,0.2141738914941522
1245,0.9044760775943682,0.9056384872693931,0.4904252140007981,0.4825511439885437,2.0838895754094895,0.21363245869135047
1246,0.9044864643188112,0.9056453713192884,0.4921793794371222,0.4837512440106592,2.0778952022129955,0.21301793827750926
1247,0.9048377382797953,0.905685912406134,0.4907650252014052,0.482361109337032,2.0834185537226517,0.21240591487744295
1248,0.904971250576945,0.9052033221385101,0.49218491277982823,0.48101837081617793,2.0830960728955645,0.21188863684987214
1249,0.9040476013779413,0.9051395697187042,0.4910659785898256,0.48221415569635667,2.079697236047112,0.2115735684622697
1250,0.9038920549409735,0.9053392742597081,0.4896590510054173,0.4808325890091477,2.0794203970663827,0.21101590263738323
1251,0.9040413809710017,0.9054987254346055,0.48829810361723525,0.48514017911623325,2.0791525342299484,0.21045248444525563
1252,0.903938783593789,0.9055337164159387,0.48729430811743973,0.4862199231610374,2.075674481132113,0.2102431394823844
1253,0.9041013351967165,0.9057531356697539,0.48590236863829006,0.48483105262566917,2.072601856500747,0.21249905327454602
1254,0.9041354453185897,0.9058327369667903,0.48451579245622667,0.48344753356240666,2.0692757241371846,0.2121580249422851
1255,0.90440788446815,0.9063275612767846,0.48527428727380734,0.485631126047166,2.065157611347471,0.21262308002653996
1256,0.9041184920384291,0.9056660845687747,0.4867401793401342,0.48709600186908564,2.061947278803864,0.21221307328986388
1257,0.9041415509917096,0.9059841076431272,0.48535537302931264,0.4857101832208723,2.0617276103943216,0.21166138574672763
1258,0.9037864825189332,0.9060405737995467,0.48465645741051,0.486491336866103,2.0637138153734,0.2174248064296795
1259,0.9041780669709436,0.9061207700117235,0.4861197126432206,0.48794938218204376,2.0635221575726415,0.21681820563699247
1260,0.9041545647006763,0.905661423081443,0.48474081450469897,0.48656529411220356,2.060090670720952,0.21664255729912632
1261,0.9042944089259969,0.9044566712792931,0.48620646514796473,0.4908483637815699,2.0627374225058333,0.2160453302929357
1262,0.9043774068149973,0.904545446660592,0.4901111641190986,0.4926703653798809,2.0597289644355343,0.21826460657542263
1263,0.9045083401005214,0.9043593989876372,0.48881122947353295,0.49401899460723403,2.059388032082544,0.2178204085866328
1264,0.9049304618620724,0.9047207308907967,0.4902554485586325,0.49544850062696427,2.0591768502723466,0.21724841646256712
1265,0.905138092637638,0.9049600781032483,0.49448959384284075,0.4968994903387612,2.0589559433636695,0.2166891502994575
1266,0.9055223538454085,0.9051191552548066,0.4930964329427056,0.4983169303358529,2.0616060205182167,0.21608144395567766
1267,0.9058343758194641,0.9047203763783142,0.4917075016833082,0.49691329422049924,2.0642405840145783,0.21548147386377922
1268,0.9056864380573871,0.9044978101511902,0.4903254243808304,0.5011413303737463,2.066880659166901,0.21487745856333387
1269,0.9059217797536318,0.9039503453572584,0.48894705786198467,0.49973255898101415,2.066665683376207,0.21430996213406106
1270,0.9055371768215251,0.9038515059783554,0.4903580637465248,0.49835334431208533,2.066430080294401,0.21375649675379763
1271,0.905563031203905,0.9039695607577466,0.4945933782462891,0.5025662279778248,2.0606326914802517,0.2131568009156897
1272,0.9055771774388305,0.9040892207738506,0.49600902230234906,0.5011585447081656,2.063262876356385,0.21256197073892308
1273,0.9060909381970181,0.9041290292552474,0.49462042940441747,0.5025550681462536,2.0658860656456137,0.21196737174138788
1274,0.9060663139626128,0.9035797998958203,0.49601960868870315,0.5011637892929917,2.0656729341044313,0.21140331793624637
1275,0.9059716771052462,0.9034504487741709,0.4950223909240129,0.5049631871981868,2.0625007563228035,0.21100699935017095
1276,0.9063782300015828,0.9035313437800575,0.49364479459302724,0.5063408237880862,2.0623177504758843,0.21042650372189925
1277,0.906210030616161,0.9034264225804464,0.49388705363915025,0.5060986048483671,2.056566510009028,0.20983968172359196
1278,0.906394841968298,0.9037667171508655,0.4925111142792493,0.5046886448478554,2.0524893895109932,0.21038867413493567
1279,0.9062410749359046,0.9039622928212588,0.49114037962315815,0.5032840182394974,2.0524139343983454,0.20984471318580816
1280,0.9062898085453751,0.9033460988312282,0.4897748261702183,0.5018847009415719,2.0491046478438433,0.20964445148514801
1281,0.9064922451930311,0.9036636528466497,0.49115827944835155,0.5005244141110673,2.0489007664723213,0.2091296345387864
1282,0.9068944005420209,0.9029076106071546,0.49257020293360904,0.49913556963589867,2.057089431269861,0.20854943583426475
1283,0.9070765850114895,0.9028852425696031,0.49120477646849897,0.4977519436828881,2.059694832738583,0.2079797160847081
1284,0.9069600718918429,0.9029646269564969,0.49261034405477216,0.49637695796134707,2.0595226778295124,0.20741061463871538
1285,0.9071235093152423,0.9023070170980535,0.4912475346629131,0.4950037282101323,2.059341269766769,0.2068536882625805
1286,0.9069958796672969,0.9016879109432425,0.48988985385106903,0.4936356662532548,2.064870904805914,0.20628242460300245
1287,0.9065820176533821,0.9011467507194079,0.48853727856875573,0.492272748863981,2.067438638319615,0.20572702097017495
1288,0.9067571684576861,0.9010215208062902,0.48994895669536576,0.4964304383909207,2.0700079904450486,0.2051624370090238
1289,0.9069552954284388,0.9007352300980996,0.4913543126741858,0.4950626134702071,2.0753257300918495,0.20459740071130134
1290,0.9073162158061012,0.9008979148219475,0.49001833634617714,0.4991886878628833,2.0751018019931253,0.20405078238049137
1291,0.9069727549132467,0.9010969500321551,0.48869884866370034,0.5032878122582416,2.0748767141973974,0.2035176983940148
1292,0.906878435502362,0.9009769704898493,0.48770836153674335,0.5070475216107384,2.071747819402685,0.2031346284592719
1293,0.9068381163217697,0.9011131258969947,0.4863698644313279,0.5056559489137981,2.068458111648453,0.20292546992098012
1294,0.9065619670451409,0.9008681079675254,0.48503637493692686,0.504269582395292,2.0654628980058454,0.2024349087142748
1295,0.9071165461659962,0.9009086550987471,0.4837078706647439,0.5028883987786381,2.0652809720704015,0.20188306899074718
1296,0.9074403936254913,0.9008333367295402,0.48238432934070535,0.5015123749065262,2.073310407009589,0.20406757299108028
1297,0.9074789109598885,0.9009538646136954,0.48379855552552975,0.5001421671798437,2.07584148042015,0.20351179135112574
1298,0.9076902340454243,0.9001143422149211,0.4850916206411395,0.4988929563214577,2.07278703607717,0.20307261101673574
1299,0.9074867389989664,0.9003999782679839,0.48376826905942194,0.4975319540803076,2.0724990377482775,0.20261005652421382
1300,0.9076794892479022,0.9005609751661918,0.4824498467216246,0.4961760213249353,2.0750225112804457,0.2020621411749655
1301,0.9079543222870708,0.9007638193013325,0.48206389116933523,0.49662016996009384,2.0720956614693558,0.20423460198188909
1302,0.9080425848474456,0.9011792892010498,0.48075273873209035,0.4952694262969485,2.068958566683582,0.20390024135881787
1303,0.9081956621839912,0.9012297997682753,0.48207778359460857,0.4940095329101053,2.0659682120202834,0.20343204298484993
1304,0.9084116554753797,0.9003896928683747,0.4834676989378233,0.49268452707398536,2.0684717375438155,0.20562737524515007
1305,0.9087897659705266,0.9004702842860928,0.4821603319703207,0.4940565626547637,2.0682787317123443,0.2050770995746176
1306,0.9086041612058549,0.9002688242316513,0.4808609709478879,0.4954203524659404,2.0680801265316435,0.20453517971948024
1307,0.9086692792806014,0.9005058999626602,0.48223424166401446,0.49411127177786995,2.0678325227107264,0.20404500274165743
1308,0.9085209035351867,0.9005784883251214,0.4835416301056573,0.49286783566202785,2.064853853535761,0.20358579402979077
1309,0.9085923697717797,0.900321955160758,0.4831241009705306,0.49334908047375103,2.0625001164354355,0.20414084638121333
1310,0.9088070717998888,0.8998471076801299,0.48182053524888385,0.4920179257066434,2.062298937399886,0.20362257466227188
1311,0.9084667804160578,0.8992895446387652,0.4805227435231999,0.4933862359579315,2.0648236421481188,0.20307658120313551
1312,0.9083194014464882,0.8993241872135518,0.4792287872877937,0.4920576407871797,2.0610931544971063,0.20339285501725607
1313,0.9085483544352918,0.8995511428414114,0.4825693854207091,0.4941745217374339,2.05823868860501,0.20553582231016532
1314,0.908674636757946,0.8996709577633275,0.4839594094737664,0.49284699679011235,2.060768003112779,0.20498506176776932
1315,0.9088224252684081,0.8995958279256675,0.48268784046656266,0.49418083464113405,2.060549389150987,0.20449028217809043
1316,0.9086065276434063,0.8996413371801681,0.481393378572557,0.49553733613247314,2.0684352141476885,0.2066244305148483
1317,0.9079214023549622,0.8997391231245548,0.4804505503151777,0.49922135486283303,2.065398967647591,0.20624430893249698
1318,0.9079211980038977,0.8997788496438706,0.4815895196533978,0.49813679775781394,2.0622955038581243,0.205944052636993
1319,0.907662811005592,0.8995959494444236,0.4803017368967559,0.49680476715411015,2.0615830642971593,0.20861323872919124
1320,0.9074481811353932,0.8994402073433332,0.4790186814015495,0.4954776262391922,2.066757318753541,0.20805990060213678
1321,0.9073351681893463,0.8995197207010935,0.47774033238891483,0.4941553535202406,2.0665725955179197,0.20751122379584233
1322,0.9070914584145249,0.8993196675681857,0.4778666744670496,0.4941039379833823,2.061063080630693,0.20695799562507813
1323,0.9071743246169195,0.8995479831186266,0.4765939477962319,0.49278796578103345,2.057830212526152,0.2068137055111071
1324,0.9069657073155261,0.8996343128947293,0.47557308378400237,0.49389029499747616,2.0548420651914205,0.20651173060741906
1325,0.9070127995411149,0.898753406084707,0.4794870935992936,0.49271548201587895,2.054627323887625,0.20868989001167237
1326,0.9072372813501107,0.898235231172863,0.47821387656990727,0.49140713868251457,2.0517336986928183,0.20822894037797676
1327,0.9068450243873477,0.898283939648356,0.4795980284521852,0.49275629254976955,2.0515811400949593,0.2076918924118118
1328,0.9071014948152264,0.8984001186538064,0.4783270613272775,0.4914504551374613,2.048546954887439,0.20738891914358923
1329,0.9071501269803826,0.8978631100268932,0.4770635651387529,0.4927939628943126,2.05370476336386,0.20949580899670883
1330,0.9073354209693377,0.8980612937614835,0.47580374080299953,0.4941335072144123,2.056201942709572,0.20894745511707216
1331,0.9073543064595445,0.8983285793820512,0.47946837761306255,0.49319042924039336,2.0532301173913785,0.2085767036799647
1332,0.907678071804006,0.8987510975541029,0.4782028264143408,0.49188865884621114,2.047810640408867,0.2080261678997289
1333,0.907510395457742,0.8987445974379185,0.4795787238595211,0.49059162567364695,2.05823195048413,0.20747765523340805
1334,0.9075532958057774,0.8984944051639905,0.4809496252106263,0.4919335166774263,2.0552933830156594,0.20708208005208403
1335,0.9074275712015341,0.898665870723424,0.4844883644748648,0.49109771939679653,2.0549184967983964,0.20939810074609547
1336,0.9075922315087844,0.8987601259245124,0.4858418942456871,0.4898083726271116,2.057397894497197,0.20885277943947328
1337,0.9076402603561123,0.8982266919762052,0.4845687971439708,0.49114542001369826,2.0624911561808137,0.2109392403100112
1338,0.9074303689943213,0.8981520666868649,0.4833454293709205,0.49243250636701025,2.0622312091550534,0.21048178902864395
1339,0.9074410068850904,0.898279736873075,0.4820785440477401,0.4911418031202965,2.0568259443702654,0.20993010025521155
1340,0.9075668117919069,0.8985941399175982,0.4859613919272815,0.4899475332875597,2.0565853848132263,0.20947217150776892
1341,0.907670345214807,0.8988245624842287,0.48469019490438053,0.48866590915848485,2.056000575396358,0.21185702576914578
1342,0.9076446899173579,0.8989425134294238,0.4834244605806309,0.49000126997735083,2.058464847657321,0.2113060063327681
1343,0.9076956923253027,0.8979803138614784,0.4845386153972035,0.48895649029636173,2.0580777989468775,0.2135994058852086
1344,0.9077258009465126,0.8980583322954825,0.4832749368572676,0.4876812899219945,2.052715493519565,0.21304718409303156
1345,0.9077837427002223,0.8981768953407852,0.4820158137486191,0.4864106865139439,2.057788444569667,0.21249332224664533
1346,0.9078777277887072,0.8974135307557212,0.48335340132493504,0.4851552782212182,2.057616797167912,0.21196148217714267
1347,0.9080050094754605,0.8976912686107564,0.4846967799378907,0.483893783071771,2.0678677395661835,0.21141035059761454
1348,0.9078883580378423,0.8978868667564401,0.4834586865131221,0.48521346541763377,2.067649551624759,0.21090322768763728
1349,0.9079804699576598,0.8981235580554355,0.4873936733227791,0.4865497668693799,2.0726623345456567,0.21035771126207814
1350,0.9078029031641399,0.8978915843395496,0.48613015269368554,0.4852884339855757,2.0673015250988627,0.2098127860618357
1351,0.9071152660652987,0.8980058200434089,0.4848711672339265,0.48403162841860636,2.0671016275595977,0.20929500984838087
1352,0.9067829691232995,0.897890678420194,0.48361669740646046,0.48277933066525813,2.064340999742034,0.21134067675908638
1353,0.9066146911151958,0.8982105044901086,0.48254772371436516,0.48393515842832036,2.0614090646139425,0.210975437758549
1354,0.9064342472172074,0.8979469092568851,0.4813017595752404,0.4826856118582483,2.0585703559689743,0.2105295240805308
1355,0.9064649781651213,0.8980236930147661,0.480060254708267,0.4814405373817517,2.060990498885593,0.20999474739754417
1356,0.9065372415662983,0.8982656033597826,0.4813689245814998,0.4802310759156801,2.0607710125237855,0.20951593329792897
1357,0.9066282687132786,0.8986722775303692,0.48012972733874304,0.4789948078585382,2.0578234955347647,0.20919332672225208
1358,0.9068384429321359,0.8989508386443656,0.48302722171197876,0.48134592704681034,2.052531773148952,0.2086554182021038
1359,0.907083691991582,0.8990288875236617,0.48178623993033803,0.4801092648065024,2.0523857908601975,0.2081304219113693
1360,0.9072368009718806,0.898572649377957,0.4831162913932131,0.48144362040675964,2.0573836332807662,0.20759715209408966
1361,0.9072941076490247,0.8986889010937182,0.48195595547478615,0.48782291110485804,2.057185578635508,0.20711712969349133
1362,0.9073920956934141,0.8984611777834414,0.4832829147701468,0.48913484231256654,2.0621618551725023,0.20658680650633357
1363,0.9073028445116625,0.8983557654105127,0.48238956626875307,0.49265769103720625,2.059272248982224,0.2062298346783928
1364,0.9075462259529397,0.8985501500269982,0.48115640398761444,0.4913982797137004,2.0616729788265338,0.20570674769186764
1365,0.9072490429424683,0.8982546771255313,0.47992762351055085,0.49014334346517374,2.0585357531835764,0.20560734171916167
1366,0.9073469493278055,0.8986041677503285,0.47870647446735903,0.4939921033100554,2.0609327653213314,0.20508768762325028
1367,0.9075242795721638,0.8984550453424184,0.48258037457183317,0.49273649070701786,2.0633210462461347,0.20457012051915857
1368,0.9077663231513873,0.8985713127604146,0.48644380190998493,0.4914820673209296,2.0682518254016697,0.2040495748922522
1369,0.9079035749153681,0.8987822414311852,0.48520647764921354,0.49023192766812174,2.065534609862732,0.20607416424605554
1370,0.9080768843520034,0.8990788897711326,0.48397353422130585,0.48898621422196714,2.0628270122629155,0.20809158504856867
1371,0.9077982210507393,0.8991796370100719,0.48274495298418835,0.4877449081473099,2.0651930676081025,0.2075763326306664
1372,0.9076489087103679,0.8993446408860741,0.4845858912899447,0.4910507924036132,2.0619625653501963,0.20757910501585322
1373,0.9077870839752569,0.8997044494306945,0.48392981906699695,0.4917685880605382,2.058700534875501,0.2076248225055716
1374,0.908064418094396,0.8996951770497588,0.48538954107025095,0.49543222281850874,2.05586745580801,0.2072529262845519
1375,0.9081836041807214,0.8993573714912878,0.48921062063873383,0.49418802938273965,2.0582419136359102,0.20674159192441985
1376,0.9083625698545644,0.8995100494573768,0.4904866736881216,0.4929539091657299,2.058080990500995,0.2062476685169284
1377,0.9079798005079095,0.8993981293296127,0.48924941328322263,0.4967562988997176,2.0629807667482263,0.20572804727538282
1378,0.9079230219693466,0.8995079457792615,0.4930577468050785,0.5005457088981347,2.060217651593811,0.2053010264403924
1379,0.9083409874116992,0.8997353453609174,0.4918160782119515,0.49928518335079136,2.070139210188583,0.20478402177937752
1380,0.9085853083313534,0.8998748036765533,0.49106632814176554,0.502573106268976,2.067203768602145,0.20451261222738504
1381,0.9089101116904958,0.900100573960134,0.49485628269837484,0.5013124085399626,2.0695445319056924,0.20400222363790985
1382,0.9087659664252686,0.9002855127056842,0.4936138178389429,0.5000537339045479,2.069326146524959,0.20353379904874408
1383,0.9086411912517889,0.9003008766223173,0.49274303005468345,0.5009404050488775,2.064135882323962,0.20302328848624915
1384,0.9087800238625935,0.9003484094358885,0.49150834290863354,0.49968517739201496,2.0613931742652305,0.20259082193558695
1385,0.9089855908883047,0.9004237933587317,0.4902835899258912,0.5009319750893686,2.0612283515898535,0.20209490766678567
1386,0.908638214321747,0.8998110214110739,0.4913484903101016,0.49988904225806197,2.05836473383709,0.20179928745144135
1387,0.908581064980237,0.899811728624461,0.4913593413624451,0.4999000819219064,2.05322245187712,0.20129514510079885
1388,0.9086783534722134,0.8999067476255675,0.49219184617401507,0.49908939131322394,2.0551484332347365,0.20622117470166154
1389,0.9080632232137893,0.9001307531075826,0.49096471033068684,0.500338265167987,2.064983819668313,0.20820035501829987
1390,0.9081519699576186,0.900428015268557,0.4897470166947042,0.5015776209442403,2.0672971794359802,0.20769731399187752
1391,0.9082698665627018,0.9007242396653974,0.49101665628604013,0.5003295679407483,2.077084099544593,0.20718187903954566
1392,0.9083021202212807,0.9006109226653879,0.4997387000679343,0.49908636506669957,2.0818635341332326,0.20666737582080688
1393,0.9082732405825842,0.9002037529095257,0.4984977029597778,0.4978469878968228,2.0816296629935906,0.20618478314613237
1394,0.9079277479897223,0.9002037528895616,0.4972610249063912,0.4966119241438283,2.0839079656927915,0.2056732778879433
1395,0.908092315671126,0.9003002344456157,0.4960286478096948,0.4953811557332609,2.0812216836772883,0.2076418819220301
1396,0.907985341360993,0.9003765925480383,0.49480055365897924,0.4941546646779214,2.0784393114557456,0.20723331255055913
1397,0.9079860843282495,0.9002254763259252,0.49357672453043216,0.4929324330773944,2.0782241395707306,0.2067419079169014
1398,0.9079832855749168,0.9002709072502668,0.4923571425866687,0.4917144431175791,2.075559948520795,0.20870197450385233
1399,0.9081865118423105,0.9003823630709124,0.49114179007626363,0.49050067707022216,2.075355562138461,0.20820467894772468
1400,0.9083099629852216,0.9006310973424352,0.48993064933328706,0.48929111729245395,2.0723954471185912,0.2079995733827143
1401,0.9082553987131854,0.9007774337371292,0.48872370277684263,0.48808574622632733,2.072194294105335,0.20750997189223952
1402,0.9082552112913377,0.9006260966555769,0.48752093291060855,0.48688454639835943,2.0719953629855543,0.20702053894162878
1403,0.9083420154256028,0.9006970528366524,0.48878024628275235,0.4856881592749773,2.0767328866484984,0.20651419797949402
1404,0.9077942140548804,0.9008713847925166,0.4878878164303224,0.486643297926611,2.0762363483738335,0.20877117723262917
1405,0.9075345128034743,0.9004381769913543,0.4866907004563548,0.48544923559106296,2.075936864464287,0.2108250171388985
1406,0.9072268199850455,0.9002533692836762,0.4854977153923703,0.48425929362825204,2.0757300390960247,0.2103289265897165
1407,0.9066950179744478,0.9002533692836742,0.4843088440609572,0.4830734549045833,2.070647057535112,0.2098138798179983
1408,0.9068850659191522,0.9005266986871735,0.4878484037328864,0.4869526503360356,2.0655849911338477,0.20930099673332264
1409,0.906663296343536,0.9003378607394513,0.48665616297836845,0.48576259869128524,2.062688148506761,0.2090821767953086
1410,0.90661175888297,0.9005979070669781,0.48987559440338196,0.4850519378386003,2.0598560188193216,0.20880936465649227
1411,0.9065954861847128,0.9007391072961363,0.48877883595691674,0.48620984784886767,2.057172993299686,0.20839812466983346
1412,0.9062345759896281,0.9007000465666432,0.49002418312941765,0.48502544212003174,2.0619057832429624,0.20789144387863356
1413,0.9064778145875168,0.9008683898001251,0.48883140570562095,0.483844832229244,2.0568868581523656,0.20738541125980803
1414,0.906706345519494,0.9004323171281091,0.4876571794410353,0.48508550132005956,2.0567196624892214,0.2069100320073944
1415,0.9067758151538825,0.9006468898758868,0.48879284296547804,0.4840160528055876,2.0540436714192722,0.20651634296142538
1416,0.9065602801389997,0.9003747860465338,0.48760662676271915,0.4828414290513811,2.051007114214474,0.20649373801563684
1417,0.906259938735236,0.9005556977242049,0.4888475296061656,0.4816721720146337,2.0557282235350107,0.20842155222315853
1418,0.9064976150322852,0.9006879675745276,0.4922588066099719,0.48317625425649735,2.052922568666401,0.2081654625194533
1419,0.9067841928040649,0.9005074555485435,0.4910677576213229,0.48200718103476137,2.0527782893535793,0.20767802410457648
1420,0.9067917540077522,0.9002172658191832,0.49229586048775503,0.48084415981565565,2.055063742589846,0.2095972927636633
1421,0.9069059793202408,0.9002896950662087,0.4911071017416758,0.4796830537687439,2.0597598182506345,0.20909158216044557
1422,0.9065472412632775,0.9003658436914954,0.49235460577078666,0.48333063439999907,2.059575866582725,0.20862698076641506
1423,0.9061865638377856,0.8999726247498244,0.4926365004115998,0.4831073358895305,2.054612495502372,0.20812421068597978
1424,0.9063847609740647,0.9003739926867576,0.49235559407985346,0.48344663871512755,2.0511684139260042,0.20852826510827926
1425,0.9065282787233355,0.9004460376758611,0.4911714372070116,0.48228390863392134,2.0534479743702128,0.2080292149038554
1426,0.9063658083065212,0.9005577648916485,0.49242663605907094,0.48589784961060056,2.0532542634520237,0.20759467966530454
1427,0.9063749859048088,0.9002321789897529,0.49604523315221605,0.48473155907494786,2.0531264383474324,0.20709639445918657
1428,0.9062706305284908,0.9003750603949809,0.49485577611417075,0.48356923087185144,2.055401814230809,0.20660418950079684
1429,0.9062973441415759,0.9003359050576936,0.49412183928112413,0.48435485024486136,2.0524231464174205,0.2065612698811953
1430,0.9061346973163548,0.9004438902076439,0.4977252429421226,0.48319604300862706,2.0570832777120045,0.20606754479788134
1431,0.9059721864505604,0.9002617059338557,0.4989260298624264,0.4844315648484096,2.0593189668614045,0.20559343901123284
1432,0.9061712493904931,0.9001530681756102,0.500122582446552,0.4832747594510959,2.06397021448237,0.20511621261386023
1433,0.9060374341348483,0.8996863066532599,0.49892932961809827,0.48212170419249445,2.066198045840082,0.20463237748231825
1434,0.9061793808207185,0.8994733210123175,0.4977401136071009,0.4809725497615174,2.0660189178532837,0.20416597437007158
1435,0.9061315460339555,0.8994035790171123,0.4965549179237382,0.47982728022384197,2.0658263125975593,0.20371601927769298
1436,0.9061586252459763,0.8993668780786932,0.49581754928554356,0.4806208302673843,2.0628481297586654,0.20367575437351995
1437,0.9064723628404913,0.8995479621102739,0.49465870245490917,0.48421206493277097,2.0626793656565954,0.2032111521644815
1438,0.9061751904282745,0.8993163638107198,0.49348437236497195,0.4830625353784759,2.0625305897032167,0.2074767679772842
1439,0.9061563795143719,0.8992829374718858,0.4923140011158225,0.4819168810586871,2.06474823528074,0.20699040802602514
1440,0.9061545013861522,0.8993122686852089,0.4911525290004363,0.48550868495419064,2.0669496207882827,0.20651464768273187
1441,0.9057169713286064,0.8992424345224126,0.48999008892312357,0.48909327531923896,2.073893973726379,0.20602602997231576
1442,0.9051167206556463,0.899033534220061,0.48952758023082105,0.4896052423122498,2.071354721648739,0.20790341626713632
1443,0.9047558883825096,0.8985187660462894,0.49073207227893106,0.48845004230183947,2.0735480574480634,0.20741631883688688
1444,0.9051018593616583,0.8985600991804196,0.4895740332118917,0.48729738841342385,2.0804532873160975,0.20928734140822414
1445,0.9050904521421191,0.8987001137565429,0.4884198816367583,0.48614860393907994,2.0778129197870343,0.2088871968787138
1446,0.9053112503853706,0.8977602516630107,0.48962470626699617,0.48735877766560604,2.077593263551496,0.20843164438425874
1447,0.905047411445693,0.8975692769763711,0.4905315015115957,0.4888588850977843,2.0727053150333443,0.20794131095463128
1448,0.9051045205328687,0.897641867742794,0.4893801199555873,0.4900587074681097,2.0748981973392144,0.2074572573478497
1449,0.9050891504797448,0.8980396721849971,0.4882315909373496,0.4936035648996816,2.079417312707416,0.20697125709223507
1450,0.9051797340375182,0.8982229287041846,0.4873907474985268,0.4944870176657893,2.076580931269201,0.2067901671156358
1451,0.9051341853256109,0.8983270566094,0.4909353330214465,0.498014974084755,2.073981169232983,0.20639005569731814
1452,0.9051515350693021,0.8982261868611237,0.49268861200749814,0.4986285787718248,2.069125946031063,0.20590689336075899
1453,0.9047784684380182,0.89788031418023,0.49153637281873835,0.4974624479234671,2.0712502171338474,0.20781676377466918
1454,0.9047912073167296,0.8973945823458207,0.4903954223607012,0.49862910086356044,2.071068862415627,0.20734612350771572
1455,0.9048481545611194,0.8975024524648688,0.4892508376603567,0.4974652987276278,2.0662350702837053,0.206862203025893
1456,0.9047192970254089,0.897654793074846,0.48811011881413513,0.49863699117077115,2.073075379234376,0.20638089495968906
1457,0.904569803973796,0.8977178735722317,0.4914371314657604,0.4976701893065352,2.072807912023895,0.20832701756482472
1458,0.9047130096481862,0.8973043661532928,0.4926205634249347,0.49883911686456556,2.077291684689615,0.20784306475166214
1459,0.9046417936693035,0.8973495338970813,0.49147537516402623,0.49767947241784666,2.0794278266613957,0.20736876025536088
1460,0.9040071647872233,0.8974210213657511,0.49265635380882883,0.49884604289830636,2.081563723732628,0.20688923955498936
1461,0.9040928096726482,0.8974210069579215,0.4961534536911038,0.5000087408993962,2.0790827558615534,0.206409247923937
1462,0.9043505548424706,0.8971174227401256,0.4996371694181803,0.5011693654677624,2.0835295588059837,0.20825392168240514
1463,0.9044474672953886,0.8972163126779011,0.500385700592174,0.5004189668379744,2.0852415490790523,0.21281255445572714
1464,0.9046452680528074,0.8973706941207648,0.5015040766050226,0.4992987295554507,2.084969822043584,0.21239485497331254
1465,0.9046599266692302,0.89758400728177,0.5026546204848109,0.4981463305673113,2.087080144045911,0.2119081686712737
1466,0.9044621553046958,0.897938110932262,0.5014942572273591,0.49699637456319207,2.0914952119755816,0.21141983568452008
1467,0.9044913385635619,0.8980181580389603,0.5003377297399565,0.49585021992624834,2.088674060631504,0.21123650397738
1468,0.9045369525889358,0.8981324157748963,0.4991850226770317,0.49470785144854257,2.0838620552465885,0.2107498451165316
1469,0.9049614152968097,0.8981675052666271,0.4980361207640085,0.4935692539924956,2.090574497997393,0.21026479954091484
1470,0.9050195070274195,0.8983764639266794,0.49914405665742795,0.49248061948189686,2.090273830160665,0.20987376116314552
1471,0.9049165131472748,0.8985948956222193,0.49799754434913324,0.49134941280057576,2.0874262152748857,0.20973500885110702
1472,0.9050808561002298,0.8982259526439899,0.49687526744210403,0.49249613482890015,2.087184684543754,0.20929465532907765
1473,0.9052879739843972,0.8984573102142729,0.49573624676541744,0.49136715273315973,2.08469246557901,0.21110724456083502
1474,0.9054944521758026,0.898687922212968,0.4946009729842322,0.4902418845102421,2.082208444895594,0.2129138711450146
1475,0.9055325996992976,0.8984688492759425,0.49575721844473786,0.4914081026378693,2.0796035107585364,0.21256543394141117
1476,0.9054908285239877,0.8987787866710774,0.49688450542237517,0.49031014932694117,2.0793712564535842,0.2121299359401512
1477,0.9057933957876371,0.8988536260054025,0.4979982116877696,0.48922568043414616,2.076871803342025,0.21168061263612184
1478,0.9060708076581021,0.8987189682292714,0.49914228600894095,0.48811074757429246,2.0789745218418623,0.21120065925748943
1479,0.9055204840830067,0.8986188931231822,0.498004913243055,0.48699851187199156,2.0810683846244507,0.21072424192145234
1480,0.9058747270785715,0.8987305294348,0.49687126637051066,0.48588991971710255,2.0785635955225703,0.21028906267803718
1481,0.9055340790853258,0.8988327447730406,0.4980059252947174,0.4847944636079678,2.078365963072155,0.209831434669151
1482,0.9057277876537198,0.8987961714482154,0.4968745411509271,0.48369309364173946,2.0781879290297285,0.21389839095752933
1483,0.9058179966863474,0.8989946165233165,0.49574685556769665,0.482595324117979,2.0754333249514483,0.21372053020927712
1484,0.9059379198963784,0.8991806664257748,0.49689014345920857,0.48376843033948513,2.0707277166349596,0.21323596388172442
1485,0.9060301251981776,0.899269900937625,0.4976285288948282,0.48307385368693156,2.0724313709141713,0.21768419738326314
1486,0.9061493260888304,0.899304126195861,0.49876511099121035,0.4819809374579889,2.0745307352138753,0.2171921215923803
1487,0.9061296808064996,0.8993834584443163,0.49989815139869515,0.4831519184542803,2.069841263104226,0.21670115938612056
1488,0.9056197328194908,0.8994509181115211,0.5010275006566122,0.4843190847004799,2.0741910882384818,0.21847898148335237
1489,0.9054389189596501,0.8993153024315135,0.49989719192963844,0.48322646984928025,2.0762175599330526,0.22030421447838777
1490,0.9053491580242125,0.8987605307386848,0.4989695097278222,0.48419218670270314,2.0735931104642473,0.22000665839455524
1491,0.9051011590542275,0.8985904309314031,0.4978460928721678,0.48310204060496925,2.071090993479084,0.21959626919152658
1492,0.9053716237434334,0.898324858428316,0.4989573810767288,0.4820336043083438,2.0709129627158855,0.22136973990769562
1493,0.9051496456959024,0.8981234889472139,0.4978362360622311,0.48095048660573675,2.0684480788332826,0.2209308976612485
1494,0.9050339354757694,0.8983278350555877,0.4967187282998238,0.4798708827858808,2.0682478411084015,0.22048173451999312
1495,0.9047518797702943,0.8980378898658523,0.4978473295294815,0.4810372650740307,2.0658526608222685,0.2222298577510551
1496,0.9048614654973997,0.898009881074179,0.49673202969699176,0.47995962389904345,2.0724239839698253,0.22398619013277446
1497,0.9046555641732764,0.8978787602273824,0.49562034065409344,0.47888547159352846,2.078976329926502,0.2234863540553952
1498,0.9049439060080291,0.8972600982370662,0.49451224822411194,0.47781479445949354,2.0764676519262837,0.22308303104264493
1499,0.9045409006715089,0.8966332224941856,0.4934077382948375,0.47674757886123487,2.0734612556987044,0.22322014756253425
1500,0.9044214479483884,0.896543785874289,0.4960850736938265,0.47859943915384007,2.0732973416777583,0.2271846792958397
1501,0.9048047691964624,0.8962774564561294,0.4972069299310509,0.4775340129453878,2.073131144427261,0.22668108066261486
1502,0.9046848521306807,0.8962161752593026,0.49609972793190593,0.47647061945273034,2.0704961610021666,0.22642985714308933
1503,0.9044893345240149,0.8956976820671991,0.49725450245926617,0.47982610087184513,2.068140422818626,0.22596004869689013
1504,0.9044353908278909,0.8958142267609888,0.49672175785922584,0.48040978140660756,2.0635441994956034,0.22545787639032916
1505,0.9041108693159635,0.895988848761689,0.4956189496545523,0.4793431886106246,2.070063514450348,0.2249574456625607
1506,0.9042443812454367,0.8959708193935598,0.49451968968459403,0.4782800275279439,2.069843505281439,0.22452311196162472
1507,0.9044871450724126,0.895882612847217,0.49562635874278294,0.477233627143549,2.069662065674351,0.22405231255485245
1508,0.9047070418325096,0.8962261367945067,0.4945292786955269,0.4761772598196905,2.0670546458181143,0.22379606831003598
1509,0.9048087849874723,0.895878471707176,0.4934357211640229,0.4751242842907586,2.0690560385530588,0.225576156688262
1510,0.904970821202606,0.8961208784906244,0.4923726103609343,0.4762568491788675,2.0688496110009313,0.22513171233329932
1511,0.9044985315965246,0.8959611277070749,0.49128707864455123,0.4774116122832517,2.0731108289213944,0.22684500686593265
1512,0.9046065512007635,0.8960303893158726,0.49240754261646563,0.47636015786908303,2.075156783724732,0.22634815009139042
1513,0.9048758485828188,0.8960093861942616,0.4913230236646759,0.4753109829999463,2.077188178861977,0.22585517813770767
1514,0.9045535354745025,0.8962157821969369,0.49024197493623517,0.47426516526082746,2.0814116257273234,0.2275659648850318
1515,0.9046343718092523,0.8963190906293248,0.489164382949766,0.4732226916097024,2.0856279067447736,0.22706676161480646
1516,0.904621113952179,0.8957932406836119,0.49028565099420596,0.47218401721897707,2.0898309840741236,0.22876543850294614
1517,0.9047799774366171,0.8959634975705342,0.48921011622622673,0.47114819182540646,2.091822523298369,0.22826963729889246
1518,0.9049998986223267,0.8961039904255419,0.4922902135373184,0.472537964151331,2.0891990020664513,0.22800017988166452
1519,0.9051343470040725,0.8963773136964602,0.4912124390862664,0.4715034334397514,2.088933928801407,0.2275708067311695
1520,0.9052144196965348,0.8965475529031385,0.49013814321386706,0.47265927413088266,2.095300555765822,0.22707330361027692
1521,0.9052712916930256,0.8967057867915356,0.4898765591568772,0.4730021433325919,2.0907224648299843,0.22657716369349634
1522,0.9054564333886772,0.8967744969351695,0.48882023229790106,0.4763222456698094,2.0926942462328584,0.22827830317675513
1523,0.9056503259165422,0.8966709852916955,0.4877543268617212,0.4752835929351505,2.0902010007567524,0.2278910793701993
1524,0.9060460198508192,0.8967049263734881,0.48669180875367274,0.4742482409225888,2.096540428763557,0.22739465323681438
1525,0.905379654370813,0.8965472257471686,0.48563266489578644,0.47321617688852824,2.0962693290908474,0.22696494235982884
1526,0.9053258715700414,0.8965404881166897,0.4867509177144783,0.4743614235922606,2.0938860010107017,0.2286455479766579
1527,0.9052130285593953,0.8965989759059899,0.48569376165089634,0.4733311758063199,2.089338386672236,0.2281489613901249
1528,0.9051399776621559,0.8964951032549809,0.48463995591773407,0.47230419307330374,2.0904398629559817,0.2298689174883662
1529,0.9048613769708747,0.8966520913166617,0.4837845043165855,0.4732529692266587,2.0900488834930266,0.2317332947691296
1530,0.9050663670402291,0.8961046412219049,0.484881933075659,0.47224856966094403,2.0876681770712775,0.23125187144222115
1531,0.9047983592264409,0.8958994546916254,0.4838330401637121,0.4712270051447071,2.087478558750293,0.235078015696627
1532,0.9041289537866808,0.8955384995909565,0.48494849259739814,0.4723696996018763,2.082973969360722,0.23457047749815008
1533,0.904152478612104,0.8955739854232436,0.4859530104432824,0.4714573262448043,2.0806249212521077,0.23417267207485046
1534,0.9041389097944731,0.8951608957788979,0.4870501265135983,0.4704520638356936,2.0804279654307796,0.23369069997784142
1535,0.9039945278204792,0.8950051606477889,0.4860010305326621,0.4715927237661448,2.084562671800484,0.23318832706594847
1536,0.9038975899441569,0.8950414698655632,0.4851208077475365,0.47256422190004327,2.0841700147997533,0.23419480985300964
1537,0.9034988883846493,0.8951831229245151,0.4840776757099266,0.47154808968757245,2.0882879092635833,0.2336928553335972
1538,0.9029889520737766,0.8947689594873953,0.4851859299647254,0.4726832587827772,2.0902425913913127,0.233195537088427
1539,0.9030696901498398,0.895008429748523,0.4862906982544578,0.4738148572534676,2.0921788283581244,0.23271229573474697
1540,0.902839645302407,0.8947872048394981,0.48706958728227734,0.47312149437515844,2.0876935923420685,0.2322134045519949
1541,0.9029172203677638,0.894807336124198,0.48602644579957305,0.47210822508052736,2.0873936421370236,0.23182822009091875
1542,0.9026255451492988,0.8947943029163181,0.4849865787670278,0.4710981364664252,2.0829276056668675,0.2313322171977239
1543,0.9027307861263654,0.8949322604896938,0.4859189762700583,0.47025960301959235,2.080444639053996,0.23100615697427324
1544,0.9027337406589256,0.8950301590658576,0.48619704786169515,0.4700751012435155,2.076035159101804,0.2305154629667298
1545,0.9029210657123272,0.8949784676074999,0.4915529294774452,0.46907873374921316,2.077999727348325,0.2300301055950908
1546,0.9025257175849356,0.8949244796411944,0.4926228037410019,0.4680927528861359,2.0778062716480816,0.22956715383053555
1547,0.9022177604292355,0.8948388283229642,0.4915746387797159,0.471353405537602,2.0818976481858105,0.22907955508355962
1548,0.9021893451807828,0.8951078408970056,0.49241340713299697,0.47059347918553895,2.0793542361293995,0.22883488420956855
1549,0.9021817882037567,0.8951727280819022,0.4913672239932834,0.4695936547363032,2.0770223452684324,0.2283946469926889
1550,0.9023420709875233,0.8949852381639637,0.4903243070163089,0.4685969517189064,2.0789780684681736,0.227913165251813
1551,0.9022548782478211,0.8947807005315136,0.4914009856663142,0.46760737471969305,2.083043859948983,0.22956231645698294
1552,0.9025173366408528,0.8945312163748462,0.4924611971528815,0.46663399332368766,2.082850866943365,0.23121141041788565
1553,0.9026767501439281,0.8944469624183146,0.49353497204917607,0.46564677798821397,2.0869068839859772,0.23072309510259018
1554,0.9027458912972457,0.8945149652413869,0.49249479823576553,0.468887248635187,2.0888324621012946,0.23024009251341615
1555,0.903115988993561,0.8947188651354548,0.49145470151183246,0.46789700854951205,2.0907593074408672,0.22975696654800612
1556,0.9032187534359467,0.8946033991426636,0.49250558037397063,0.466931888757985,2.0926387437329357,0.23142610256687401
1557,0.9031311251217305,0.8946373061011289,0.4914684705014386,0.47016216549246725,2.0945498158085125,0.23093972892062492
1558,0.9032101662634875,0.8948067508465086,0.49254293413607647,0.4733796264269207,2.0964451541068234,0.23046461800907045
1559,0.9032013994770376,0.8947897150166667,0.4915068882372574,0.47238388983919694,2.0983391727886764,0.22998641980052859
1560,0.9028465556008652,0.8946929017269082,0.49047405497263447,0.47139124089210344,2.0959356683327237,0.22959863318248963
1561,0.9024921359109965,0.8945722200439042,0.4894444222110055,0.4704016679264253,2.0977889611356777,0.23126057015157747
1562,0.9025966288223068,0.8939170645554911,0.4884179778743911,0.46941515933409966,2.099672979059036,0.2307837808923413
1563,0.902720717726292,0.8940530773189128,0.48740156471862217,0.4705199148536575,2.0994504573775785,0.23031398318839694
1564,0.9023521986938349,0.8942480594943539,0.490538732675972,0.471656760179097,2.099184994213036,0.22988925908725363
1565,0.9025055480456317,0.894131619052694,0.4936915439673511,0.47067387371233005,2.1010635700463935,0.22941352512788105
1566,0.9026285924618236,0.8937707372434014,0.4927934947077656,0.4716463561416929,2.098630510348852,0.2290674972321285
1567,0.9026446371935201,0.8936535641827755,0.49176518126551705,0.47066217048742476,2.0984035037950446,0.22861069556819122
1568,0.902583710652943,0.8935066690647362,0.4928246561531926,0.4717656370678171,2.096198761056872,0.23022802204221224
1569,0.9026938901470093,0.8936692505182665,0.4917983323878238,0.47078316941129517,2.0939159046151214,0.23183109986687567
1570,0.9028764170434925,0.8935881899707422,0.4907771515509807,0.47188219763095557,2.0957954707558586,0.2313547321936309
1571,0.9029866771599747,0.8933582934383155,0.4897571338589407,0.47090145068986194,2.0934534414638177,0.23093941374497176
1572,0.9030405622805691,0.893618801200367,0.49081654861052165,0.4720000154036002,2.091033861437858,0.23060916357171068
1573,0.9031677710181052,0.8936755746501951,0.48979848719702795,0.4710209836162426,2.090766618065084,0.2302092497189259
1574,0.9031550670558477,0.8937591605128358,0.490855699546343,0.47211710570646737,2.0864342432744496,0.22973222251865116
1575,0.9027163609846821,0.8938263816472789,0.4919096667023277,0.4732098631669669,2.09039386957953,0.23132837752703464
1576,0.9025793192939485,0.8936777471821866,0.49089264966437857,0.47429901324338036,2.0943419300373844,0.23085101229944996
1577,0.9026051897176349,0.8937895376747295,0.49401037416902255,0.4774510191971733,2.09001514629451,0.23037408807392687
1578,0.9025713935989067,0.8940336697784557,0.49564812650434825,0.47999991617990273,2.087172038519042,0.2304920780398862
1579,0.9026495911754804,0.8943005589047586,0.49463213303862624,0.48106611879767647,2.089036298936546,0.23003466578503162
1580,0.9030290901307915,0.8944781198965477,0.4956730649988959,0.48213499336910143,2.0867310923985407,0.22962291460805956
1581,0.9027247629492541,0.8941544081841615,0.4954757792648408,0.4823779432897004,2.0824372419845427,0.22915042131651642
1582,0.9027656293319147,0.8944606449381143,0.49510228749627716,0.48690823092820207,2.079997607320057,0.2288943863536182
1583,0.902945800639052,0.8942461685537905,0.4961391358399232,0.4879619064306368,2.085993807198393,0.2304781775065001
1584,0.902963649351746,0.8943125571835749,0.499224343131333,0.4890123731714425,2.0919720805432678,0.23000537513425898
1585,0.9030148868735723,0.8944118356890168,0.49820396862747296,0.4900568562656381,2.095876192675614,0.23159178711965336
1586,0.9031468643747148,0.89480375358559,0.49918056490101603,0.489104295125252,2.095578301516934,0.23121921076102828
1587,0.9034322479120254,0.8944339744703904,0.5041686195839388,0.49027635160590305,2.0932740977157596,0.23080981912755766
1588,0.9034681090172074,0.8943359990890434,0.5057963829701514,0.4907032777359074,2.088996829977794,0.23033819661914273
1589,0.9034337439323378,0.8945336157755441,0.5047639026377857,0.489701606904822,2.090850652111738,0.22987381344284577
1590,0.9035075199746228,0.8946025213334576,0.5095660984629593,0.48898920955785447,2.0885366771066285,0.2295004954301008
1591,0.9034373315381595,0.8948168201003233,0.5085280012958673,0.4879930319967652,2.086033436220566,0.22932024033123255
1592,0.9033847327593227,0.8947034271594209,0.5101052614215705,0.4884580338812754,2.0817879852688717,0.2288535340718982
1593,0.903639457845849,0.8949970987443021,0.5104358037235481,0.4881304126118847,2.077555403205286,0.22838824108594957
1594,0.9034414130979473,0.8944756075774072,0.513445397828033,0.4891859614578428,2.075350881195643,0.22794036922853747
1595,0.9029558287815858,0.8946724428948214,0.5124035989830488,0.4902224210504204,2.0833142006923144,0.22950707234800255
1596,0.9026904316909098,0.8941901963653842,0.5132125664457461,0.48940813049487036,2.080938842487355,0.2292212667208269
1597,0.9027130195313295,0.8941819239733724,0.5141983261718197,0.490442094945727,2.0781841603884272,0.22932283794875882
1598,0.9023474040911863,0.8943549851962835,0.5151811109740055,0.49349593684029747,2.0861182582914495,0.22885928199257188
1599,0.9021980550696557,0.8947681965485946,0.5145713056716684,0.49610919111275886,2.085512846520878,0.22882812885922613
1600,0.9019786611808301,0.8945978633985098,0.5153558074421712,0.4973220909710904,2.0813023678014675,0.22836618325664126
1601,0.9019108475579951,0.8948100306427398,0.5143163619770234,0.49631901856031574,2.0788435797882605,0.22818503795780473
1602,0.9018245098215102,0.8948746943574195,0.5132800498489777,0.4953189698425641,2.0806986180514455,0.22772628942184478
1603,0.902101983008393,0.8948289076881435,0.5143016710181265,0.5023317090000798,2.0825211699545862,0.22930874202503682
1604,0.9019040044872135,0.8946157217668992,0.5132674589852231,0.501321567429028,2.0818212201881647,0.2313925367724507
1605,0.902084931894772,0.8945907396272211,0.5122363582713686,0.5003144647635508,2.0816568499031067,0.23494548443343782
1606,0.9020288618733472,0.8943807291080433,0.5112083574461458,0.4993103898392649,2.0855046919110207,0.23648292017787742
1607,0.902168603300533,0.8943876897393583,0.5101834451280364,0.49830933153954765,2.0873298597493237,0.23601708707810928
1608,0.9020625631803701,0.8945327055617965,0.5091616099841844,0.49731127879530634,2.089137896232231,0.2355643040369381
1609,0.9016976696366198,0.8944847485891596,0.5081429578633588,0.5003178554848782,2.0949639236621374,0.23509326191101534
1610,0.9018200237136439,0.8945338115919251,0.5071272430287949,0.49931778206075744,2.0967594024855103,0.23463694415492292
1611,0.9019465621104229,0.8946298918431699,0.5061159575670345,0.5003161975920074,2.098558906342419,0.23417256049221058
1612,0.9018654877217379,0.8948534225380566,0.5051063157592462,0.49931812562322214,2.1023745339732787,0.23370672981154994
1613,0.9018068662129176,0.8949484878678423,0.5040996951921591,0.498323040273683,2.10215154816435,0.23325994317714177
1614,0.9016411096813569,0.8949651662452942,0.503096084819967,0.49733093062416156,2.099960450553502,0.23478807784885494
1615,0.9015207249742679,0.8949722241436472,0.5040843758423865,0.49634179030786235,2.107717238328029,0.23432113330502727
1616,0.9017112363399561,0.8952405681554012,0.5072113356008018,0.4991747401673922,2.1055162945924217,0.23584247549502368
1617,0.9017843582331799,0.8953070709741251,0.511957861133012,0.5003703373019909,2.10322117296848,0.2354750904544136
1618,0.9019192396545999,0.8954331175474319,0.5126196739903303,0.49968407825683353,2.1007275919517103,0.235314105154524
1619,0.9020700780315325,0.8953208903985064,0.5135851357992194,0.49869424312116467,2.106470842358938,0.23484852568482492
1620,0.902245616718129,0.8953524601638025,0.5125690924034443,0.4996859857858008,2.1082381202432243,0.23438476822765278
1621,0.9022290805482299,0.8954742645747634,0.5115557386982241,0.49869810209822163,2.1057662592917112,0.23420225190252422
1622,0.9023649750432495,0.8957426164898147,0.5125204322193727,0.49968818987559965,2.10526948617969,0.23600262465019445
1623,0.9027130894421787,0.8955057043326817,0.5134808977266283,0.4987036360375405,2.105059062469516,0.2355396983757626
1624,0.9027285741359715,0.8952713673161028,0.5124876536233529,0.49967286336649513,2.104833110589573,0.23706538737030464
1625,0.9026689450433195,0.8953008590216079,0.5114785055993885,0.49868894916069934,2.100688448773602,0.23659857794485775
1626,0.9026932265464614,0.8953631762945067,0.5104723513631844,0.4977079538827878,2.096556607796508,0.23613361359282223
1627,0.9027286946305305,0.8953584211516915,0.5102877978879239,0.4978764315657093,2.092436491806088,0.23566956812509882
1628,0.9029462752522676,0.8956139232431782,0.5092859915683389,0.4968989914670446,2.0901319531348133,0.23536674473650837
1629,0.9027556528240898,0.8958419556681678,0.5082871513530093,0.4959244453301961,2.0877896143989236,0.23510944117570598
1630,0.9027970496286646,0.8959761350278945,0.5077379286899316,0.4964654162298285,2.0852116647865166,0.2350954603553657
1631,0.902816731162308,0.8962224238085991,0.5067441142400914,0.4954936658904985,2.085007079405781,0.23467968134193481
1632,0.9029857419241349,0.8961747627523159,0.5076891174820344,0.4945442869356587,2.084802579038999,0.23425979397318875
1633,0.9026562476430371,0.8961969983288575,0.5125527896227996,0.4935831053272888,2.0847002701483017,0.23380543999189213
1634,0.9025354925358213,0.8959878447385663,0.5123530982573978,0.49377082265192923,2.0806534404038293,0.23335417120893534
1635,0.9022058441120786,0.8962645027311577,0.5113542537429201,0.49280820472438575,2.082431357494763,0.2329136125460945
1636,0.9023496619159788,0.8964229063740401,0.5141159716693541,0.4939335304246527,2.0821332846771523,0.2345451025038043
1637,0.9024236268027448,0.8965761185675754,0.5131818589043724,0.4967976104104656,2.0819073178589065,0.23415493080697924
1638,0.9025310366268783,0.8965051680456287,0.5140513887003728,0.49590868368056806,2.0836151090393815,0.23766386623832794
1639,0.9022451205898995,0.8961954019502463,0.5138373210676501,0.49610341143045794,2.0795692677553705,0.23720238452170478
1640,0.9023584449251927,0.8958583116190438,0.5128405792149366,0.49514106982315853,2.0773460366872283,0.23687134234842014
1641,0.9022305394535708,0.8956063450116492,0.5118467651536246,0.4941815549612952,2.0810695982800076,0.2364145941579752
1642,0.9023038343965073,0.8957294742100886,0.510908740787199,0.49704383365299537,2.080859781214118,0.23600978573442868
1643,0.9025231778903461,0.8955883350515362,0.5118546368325952,0.49608255741020907,2.088445697576581,0.23555342361237977
1644,0.9025777578412935,0.895709711451999,0.510865704642377,0.49512409777201066,2.0857048842464088,0.23573619598132334
1645,0.9027961839926372,0.895661057729594,0.5098796696534124,0.49416844606189136,2.0932599506683407,0.23528121146967437
1646,0.9026017916238429,0.8958628680172819,0.5088965214757655,0.4932155922100667,2.0909735019207574,0.235005974641345
1647,0.9030119589010194,0.8958937430152258,0.5079162497629734,0.49226552618888536,2.090795884335734,0.23455566855224344
1648,0.903153471133479,0.8959088044597612,0.5069388442118399,0.4913182380126295,2.0905631067601265,0.23416235784260495
1649,0.9030667579638274,0.8959388368976078,0.5078734540870612,0.4903869787583496,2.0903757453619605,0.235647880881717
1650,0.9031638142343138,0.8959390894993118,0.50836149800631,0.4899022756762316,2.0863611806533267,0.2351953193419785
1651,0.9033065683691524,0.8961218504348207,0.5112233251278289,0.4927995182841674,2.088073081513177,0.23670369429223037
1652,0.9032210481395332,0.8961537981685265,0.5103939382969562,0.49362119468423615,2.087713995329614,0.2375997848905557
1653,0.9033668577290258,0.8963921055655621,0.5094166634315851,0.49267603536633936,2.083716575928879,0.23714484416411735
1654,0.9033822223664981,0.8963122060799322,0.5103536372891738,0.49173505852661664,2.0854649831250396,0.2366955153944309
1655,0.9030588224505184,0.8966736162561524,0.5093783920323103,0.4907953918946536,2.0851508748290226,0.2363940005816888
1656,0.9024791944002908,0.8965346062938061,0.5084059832867683,0.48985845829319885,2.084933393730355,0.23600142286564016
1657,0.9028803691168102,0.8965646503993098,0.5074364009471135,0.48892424798548156,2.0885855601652037,0.23555140620178058
1658,0.902653047788601,0.8965467463477222,0.506469634949938,0.48799275127522446,2.0882124908368738,0.23721213267945473
1659,0.9028715742811986,0.8966051996607787,0.5055056752736632,0.48706395850645323,2.0861413045544377,0.23866394083321485
1660,0.9029185938751633,0.8966450994086881,0.5045645711138421,0.48992058048983794,2.0897502072003817,0.240141626223913
1661,0.9029209924292881,0.8965618593997116,0.503613054250249,0.49088257274929065,2.09063773025228,0.23970095330102698
1662,0.9030554310626545,0.8968142760190196,0.5040708692440329,0.4904352028031915,2.0880840217877368,0.23973022329056265
1663,0.9027167212649483,0.8963827151481129,0.5042806704711346,0.4902358163833314,2.0860213472422,0.24117146228215455
1664,0.9028446910609593,0.8965257036633826,0.5036624577808131,0.4908644137477369,2.083627846873606,0.2410515256610323
1665,0.9025473173383465,0.8964506804055118,0.5058859502238141,0.4905431825323231,2.08127400502408,0.24089919789586758
1666,0.9025553432136798,0.8961943941663411,0.507768438150448,0.4905574592194312,2.077415533014883,0.2404476883259766
1667,0.9027269003066296,0.8961075033984014,0.506809707082164,0.48963122465738307,2.0752765854689907,0.24009834363394195
1668,0.9028709906276677,0.8963113766001863,0.5075208189676946,0.49081306539166136,2.0713621170799112,0.23964546068668346
1669,0.9028339240768535,0.8965593140570074,0.5084488241161702,0.49177255386356505,2.068984929128867,0.23955224672314165
1670,0.9026868779982914,0.896479081333695,0.5093377529301913,0.4908832083119931,2.0687823096432574,0.2391741004965915
1671,0.902729606038039,0.8962602315837344,0.5083798978902371,0.48996005868798514,2.0666441152056794,0.23885256633115887
1672,0.9028250327039997,0.8962374207364177,0.5074247997578964,0.48903956608212795,2.0644279874964084,0.2386160457352047
1673,0.9028954110886279,0.8963842338276895,0.5064724488047564,0.4881217211184925,2.06805904840646,0.2381699183206503
1674,0.9029584249137524,0.8959947112413377,0.5073977911559764,0.4890814702732692,2.0698040761992447,0.23772568056001783
1675,0.9027785069792408,0.8962380854988328,0.5083204753854501,0.4900384624699363,2.069409751218204,0.23941706121043047
1676,0.9028397557242095,0.8960142970953384,0.5073693012069956,0.48912149777045716,2.071149834005384,0.23897105823847617
1677,0.9029330438534893,0.8959102378117804,0.5064208557946352,0.48820716369556605,2.0747545664262566,0.238526839560052
1678,0.9027625249326564,0.8957457688203004,0.5054751295478966,0.48729545099007676,2.0725549351955563,0.23827395643528074
1679,0.9027008138433595,0.8957035848812648,0.5054499386155773,0.48733412915938773,2.0705541628450996,0.23969507047313973
1680,0.9026547334225926,0.8956655499046206,0.508234342795172,0.4864269133599833,2.0737565186260474,0.2392502352239007
1681,0.9026052658683235,0.8957507501199157,0.5084771901067557,0.48619400613251795,2.069895439435428,0.23880478079131404
1682,0.9027283977113948,0.8959758007442047,0.5075314143945377,0.4852896774991538,2.06766544034028,0.23861107024872574
1683,0.9026511081483848,0.8960233525356551,0.5065883413849858,0.484387933126917,2.065387533716442,0.23846171366963023
1684,0.902734277032298,0.896349690517413,0.5075042612946112,0.48534506364754115,2.0650776971059908,0.24006381478096997
1685,0.9028437599258745,0.8964657972356508,0.5084112894540427,0.4844512960168517,2.0649444586251593,0.23963118533455394
1686,0.9028671382907143,0.8965618395430027,0.507487595819407,0.4853882123599953,2.0666221812413124,0.23924180121529712
1687,0.9027143493110263,0.8966194716585134,0.5083991078014484,0.48634062453591614,2.068350099048619,0.23880041688104003
1688,0.902423675649147,0.8967056626875397,0.5093080234423403,0.48729032387100507,2.0700686042448737,0.23836291910617957
1689,0.9025163583867734,0.8968205155800516,0.5083673104590428,0.4863902784894255,2.0699006600974745,0.23796118263398305
1690,0.9026552422449436,0.8969887003805277,0.5092744687575778,0.4873379887027386,2.069730628666078,0.2375633777372701
1691,0.9027474892365214,0.8971424909155034,0.5101831269114894,0.49012227691260374,2.071433315873237,0.2371377127339124
1692,0.9028842393329741,0.8972833428612866,0.5092436203276539,0.48921971255530833,2.0731382471914737,0.23670686113371683
1693,0.9030888760277542,0.8969310520408781,0.510136520508434,0.4883296393317722,2.072983839898656,0.23629125631153874
1694,0.9033872879227811,0.8970742258616283,0.5091999312523849,0.4892690475240564,2.0746846738724956,0.2358599136675356
1695,0.9029090494028919,0.8971565314745965,0.5082650441043959,0.4883707533249309,2.0745268935652574,0.23544753657295625
1696,0.9029963395677647,0.8972153543475345,0.5073328061062753,0.4874750045837942,2.0724778841659885,0.23509388999275205
1697,0.9028974814886207,0.8973579167580191,0.5064034844304859,0.4884138400325401,2.0760131797104537,0.2346642274691063
1698,0.9029586468108015,0.8970690067941882,0.5083678923069754,0.4882894115722147,2.0722131130292576,0.23423467947162677
1699,0.9029605122536183,0.8971489488010902,0.5080271538633537,0.48863626268051763,2.068423733603126,0.23380634318242227
1700,0.9031434998443186,0.8968804079896258,0.5089256817023639,0.48774383022974815,2.0719515035364076,0.23338011949001858
1701,0.9027570525861225,0.8967465551135243,0.5079978590443559,0.4886777310595149,2.075469453790341,0.23478212229379228
1702,0.9027048098223731,0.896318390366647,0.5107176980131836,0.4896103235482439,2.07897680030136,0.23435550013694173
1703,0.9021607987364565,0.8963750890188892,0.5097874957214665,0.48871856544629316,2.080650629301055,0.23393236103885318
1704,0.9022877423673741,0.8960923852050895,0.5089906451589064,0.48951813429404323,2.078553610109905,0.23363744061625144
1705,0.9023948727833663,0.8961292634924507,0.5080654407177916,0.4886283255005758,2.0765294753841417,0.23327637426233042
1706,0.9021405543449112,0.8961769311174203,0.5071428411039339,0.4877410218812037,2.0745216167643057,0.23290650290537634
1707,0.9020437689118723,0.8962911864785601,0.5080367370493123,0.4868564070792957,2.0780262376654695,0.23248475998572657
1708,0.9018515006498021,0.8963340290426998,0.5076559657329839,0.4872464334425699,2.079157178302963,0.23622792341625048
1709,0.902059904815791,0.896340178411619,0.5086814827766357,0.4898510804169372,2.0770692551400756,0.2359343846173179
1710,0.9020158584584883,0.8965326751323001,0.5079885503107066,0.4905466669740774,2.0748941080943943,0.23573475943990552
1711,0.9020740974954282,0.8966868776641426,0.5085475097690805,0.48999035415860476,2.0726219040398672,0.23563885362757342
1712,0.9023476638707058,0.8964982597189133,0.5094345635792081,0.489105939568751,2.076100748064737,0.235213673752938
1713,0.9022690661442901,0.896582819343107,0.5085205848048489,0.4900225501663351,2.0759543433006598,0.23479883517564828
1714,0.9026984617519792,0.896667625148802,0.5076045263042778,0.49274267086301465,2.0812218053637186,0.23437588387881084
1715,0.9026683932007475,0.8968684777662848,0.5099257611966781,0.4922204483488051,2.079093730608768,0.23413636008269145
1716,0.9026984742991394,0.8962122567247548,0.5106192755294771,0.49152307547792184,2.078763976528893,0.23570081972167434
1717,0.9027937207523357,0.8962691772887992,0.5097100087122299,0.4924284945437888,2.0786066122599673,0.23529339510109953
1718,0.9028592923344392,0.8963561370842527,0.5087954633712996,0.49154495649719604,2.076531856486901,0.2350106929786899
1719,0.902779074679568,0.8964126109010926,0.5078834713981629,0.49066388524748233,2.079979431536423,0.2345895986129126
1720,0.9024983354316496,0.8964970215121375,0.508764685509166,0.4915759338080918,2.0816232396461656,0.23417317066277404
1721,0.9025875872684197,0.896648217126255,0.50964713430332,0.4942706191150129,2.083255130886293,0.23376535134305748
1722,0.9027216206305959,0.8967416991466038,0.5087363521989695,0.4933873161308579,2.084880810377132,0.23336021343982857
1723,0.9027456216083671,0.8968790718010341,0.5112945191284823,0.49261065536609266,2.0846250923308576,0.23304778911635832
1724,0.9022479238145679,0.8972280414789686,0.5103826186355088,0.49173207778963435,2.084323051515707,0.232783256174426
1725,0.9023260865658805,0.8972710056712394,0.5111304281411981,0.4909805004647887,2.082266523323842,0.23249305586758745
1726,0.9023390865180427,0.8973336003234129,0.5102206417003248,0.4901065798811903,2.080340143375482,0.2338591796061755
1727,0.9023895393094881,0.8975695011039178,0.5093133823466683,0.4892350867612648,2.0782765471492963,0.23358590521032854
1728,0.9025454876257609,0.8977072995210201,0.5084102548556334,0.4901407927421033,2.0799090503345847,0.233175804986772
1729,0.9021730318667065,0.897762212217044,0.5092826387826654,0.49104559798235603,2.0833151450068015,0.2345379946874649
1730,0.9021409935765335,0.8977682561758319,0.5101418377574786,0.49018581709493064,2.083145907436814,0.2341437281947096
1731,0.9021632006878374,0.89783164469338,0.5092383397602975,0.4893176626500047,2.084758636508547,0.23374035181820632
1732,0.90213640510843,0.8980777216694541,0.5083373433702878,0.4884519119529476,2.0863701741660097,0.23333459524242922
1733,0.9022915084796013,0.8977324125271139,0.5074388400676563,0.48758855681724844,2.0843741841379724,0.2329979652399376
1734,0.9024236769136564,0.8978424435745681,0.5082967962145688,0.4867393811282595,2.084211910029806,0.23261013949893206
1735,0.9024400285012851,0.8976296847781033,0.5091623456829306,0.4858825878530067,2.0858237309263092,0.23396744867196892
1736,0.9025041359216844,0.8976655411008899,0.5099767577003405,0.4850769078463856,2.085571366659355,0.23365626451359722
1737,0.9025863831832438,0.8972132402351057,0.509078955080386,0.48422294085246276,2.0924630289827286,0.23500540529426897
1738,0.9027324710442991,0.8973610316827955,0.508891450069973,0.48442222593857515,2.088783003971345,0.23459210221372104
1739,0.902754127030052,0.8974154463683527,0.5079973481030396,0.4835711154218267,2.0885832538807705,0.2342237166171103
1740,0.9026883420962605,0.8977083984207799,0.5071057091225254,0.4827223494627702,2.090109600717033,0.23564118570566067
1741,0.9024332744726397,0.8977882926538543,0.507961424196918,0.4818844703757908,2.0899345366175446,0.23524646338403746
1742,0.9023840157322335,0.8979784015623387,0.510574562339819,0.4810408162562098,2.095031166904398,0.23658700296652796
1743,0.9024673242359201,0.8980342537795126,0.5096810842814018,0.48019902066702425,2.0930403880494897,0.2362475624243594
1744,0.9018778420144508,0.8981959804714446,0.5087900612303046,0.4793595380773733,2.0946211446348872,0.23583934543013543
1745,0.9017896400916621,0.8982751330590781,0.5079014848840047,0.47852236066498666,2.092195222683269,0.23594168853336694
1746,0.9018779898377214,0.8985971917755925,0.5070153469728945,0.4776874806386051,2.0937606241053373,0.23554848961967453
1747,0.9016279873096941,0.8982608265449734,0.5061316392601335,0.47685489023784094,2.0953273091587543,0.2351507922756475
1748,0.9016962886633247,0.8982080053110693,0.5068006601806219,0.4762154934850883,2.094970415961264,0.23667347848735068
1749,0.9017962108385295,0.8983541526805803,0.5059190915600098,0.47538712709038766,2.091326260933407,0.2362617901754764
1750,0.901603398845469,0.8984239344436655,0.5067147263517019,0.4746239772197268,2.091041877216826,0.2359773567211662
1751,0.9016914236979994,0.8985080809714985,0.5075709999268567,0.47380009970301296,2.0960914813529894,0.23556805405057393
1752,0.9018259579091336,0.8987177065564029,0.5083060272920122,0.4748316472618022,2.093382920145199,0.23596716181260377
1753,0.9017338170714767,0.8985887723752676,0.5091443953970034,0.47402249370944133,2.0949267387340726,0.2373178929848834
1754,0.9017737921603379,0.8986975894402235,0.5082631670757857,0.4732020544585579,2.0947624393116664,0.24036874733592525
1755,0.9015592758145666,0.8982722634210897,0.5073843432500104,0.47238385383572584,2.096273874515852,0.24175638761777024
1756,0.9015467937164524,0.898001237347116,0.5065079158400466,0.471567884318665,2.0941276510104436,0.24160627225358988
1757,0.900813270879192,0.8978955490452538,0.5056338767981062,0.47075413841474134,2.092074933039158,0.24135402436672368
1758,0.9007551175272821,0.8978111821362181,0.5047622181081014,0.4699426086608345,2.0929290484274183,0.24270123361485457
1759,0.9006756093169286,0.8978056900889044,0.504452141123604,0.4702962482324841,2.089546057778436,0.24229427961170538
1760,0.9007563785453129,0.8977194723238621,0.5036493929877969,0.4711424404674367,2.0892619011297087,0.24200825460260206
1761,0.9007718156810546,0.897571929709327,0.5044544291927632,0.4703807302705963,2.08906042810598,0.243359093036778
1762,0.9007474051653328,0.8976042306599341,0.5035938333927923,0.4712845343831004,2.0888963943209675,0.2429523595037612
1763,0.9005262499069985,0.8971929053494769,0.5042816175939404,0.4706398411927663,2.0868649169237026,0.24269932335741104
1764,0.9004495524721846,0.897220725212283,0.5035589526237476,0.4714054802643809,2.0865380776462685,0.2434977436769245
1765,0.9002523849311563,0.8969664590314321,0.5034556263745473,0.47155166409639837,2.0829662002968385,0.24308090784883782
1766,0.900274471207313,0.8970197698061048,0.5059934124430552,0.4724769331866242,2.0827812409987896,0.2427082854757876
1767,0.900251988567005,0.8970462105453347,0.5085075929872506,0.47170798247827667,2.0809128243118082,0.24231275767334537
1768,0.9003948968218028,0.8972458293383234,0.5110623371295666,0.4743072250747273,2.0773636391574084,0.24189954251995172
1769,0.9003731797298926,0.8972977918456821,0.5101909584328201,0.4734985150962844,2.0754834130870323,0.24153038101755417
1770,0.9003258779596819,0.8973834630814012,0.5105288528088283,0.4731884029275072,2.0719481801569475,0.24111897510064556
1771,0.9003253494398875,0.8974052491184652,0.5098499330978497,0.4738950298024308,2.0699340051772923,0.2408983386587984
1772,0.9005442478791033,0.8971282448227542,0.508984933142043,0.47478766212872164,2.0715099265804975,0.2404939517402855
1773,0.9001518509443964,0.897130448135763,0.5097985516141178,0.4740016014825191,2.0713480127631443,0.24012601197410371
1774,0.9001753457849506,0.8973403693164851,0.5089336629870169,0.4731974434615678,2.0711932049313972,0.23975807854408293
1775,0.9002418709482574,0.8975232385153775,0.5113927898699101,0.47246343589084777,2.0726994077945844,0.2411145594484124
1776,0.9002406519129029,0.897421003399974,0.5122097141732681,0.47167384526560036,2.072555604855673,0.24072703133376452
1777,0.9002837160906347,0.8972698227168667,0.513034786180751,0.4725674815961264,2.0758154779333826,0.2403202165752891
1778,0.9003105090853348,0.8970665505323125,0.513857639356921,0.4734587147082005,2.0756702799623388,0.23993157724039144
1779,0.8997857977851549,0.897179282347176,0.514678166178937,0.4726595987518589,2.0806062160412226,0.2395271306597043
1780,0.8998103336733672,0.8972641000415593,0.5171829854004688,0.47523527730700865,2.0770975202703035,0.2391231965464215
1781,0.9000284084352824,0.8975263050945025,0.5163334324414115,0.47609760318805616,2.0769241482540535,0.2387638328969276
1782,0.8998086865085275,0.8970858924150622,0.5158849636515057,0.47655881063643263,2.0763741573692274,0.24046552917662584
1783,0.9000916097431639,0.897268757253925,0.5150175908323079,0.47575755805452075,2.0796078939188365,0.2400618194016592
1784,0.9002269846183524,0.8974708006113101,0.5157532233667518,0.4767170694557745,2.076994190536902,0.24045894062885903
1785,0.8999446536824348,0.8977560866147684,0.5148878132092595,0.47759511424061246,2.08357686361303,0.24005550915365045
1786,0.8996495280800502,0.8979272650954953,0.5140247101260248,0.47679452466543965,2.083372638290962,0.23971723203427242
1787,0.8997922133972716,0.8980925203817108,0.5131639150824441,0.47599607596141175,2.0798837850381386,0.23931579735202185
1788,0.9000943464213654,0.89827364405293,0.5123054204657641,0.47519976106715817,2.0797299053919263,0.23893567421994305
1789,0.9000319663823889,0.8984499864677753,0.5114492186927262,0.47440557294866625,2.079552357480647,0.23858104286893098
1790,0.9001794907544389,0.8984313615128809,0.510595302209436,0.4736135045991612,2.079419536729623,0.24152191094830458
1791,0.9000675729740505,0.8983397486139416,0.5097436634912347,0.472823549038986,2.0759512044104733,0.24111906859983914
1792,0.9002308895450731,0.8986301899172724,0.5105605608728255,0.4737019651457377,2.0739095321422205,0.24096615181738104
1793,0.9003971882749743,0.8987379252265297,0.5097106815603608,0.47291344066636354,2.0720408522992235,0.2406460891193504
1794,0.9003957857576825,0.8987561384491213,0.5105260016267554,0.47378995221248354,2.0700567340983027,0.24041559312415028
1795,0.9006309573741206,0.8987086205759439,0.5096778777866847,0.47300285703539763,2.0732622134439085,0.2400168855055079
1796,0.9005869857957545,0.8986865410478939,0.5088320092047994,0.47221785483431,2.0698214007921605,0.23961855042868926
1797,0.9007916156469093,0.8984713109288146,0.5080069667104484,0.4730743158069137,2.069668483573783,0.23925843004318897
1798,0.9004676652535591,0.8980264737076652,0.508821853870235,0.47394706185240093,2.071192352289945,0.23887918443189934
1799,0.9005571692849869,0.8981480846014066,0.5079799355052129,0.4731628488073308,2.0694199233512847,0.24013856895972557
1800,0.9005709736170486,0.898084237127296,0.507140250319434,0.4723807158787746,2.0692080129084545,0.24149187576519435
1801,0.9005954615113542,0.8984322548257301,0.5063027910021184,0.4716006562570354,2.0690355821207813,0.24115138573772132
1802,0.9003388989676788,0.8986581108290815,0.5054675502706156,0.47082266315861765,2.072219425202983,0.24075522568364072
1803,0.9004211783155955,0.8987570114806883,0.5062825582168685,0.4716947671726994,2.0688168534900275,0.24036284978133732
1804,0.9005038869314328,0.8988080216482012,0.5070954097415022,0.4725645636952301,2.068679094552899,0.24164021332937796
1805,0.9003890646782761,0.8988390452717558,0.507591064255097,0.47210236332979283,2.06692139045045,0.24288752146741943
1806,0.9004497877421453,0.8988921935649244,0.506965375092694,0.47440451887769847,2.06506416423302,0.2425925999350538
1807,0.900341519490537,0.8989427154499627,0.5077745945118636,0.47362588000189215,2.069881357260288,0.24219477623106442
1808,0.9001469845375167,0.8986776315644133,0.5094566712623105,0.47361412080906234,2.067746121939689,0.24218080452184693
1809,0.9001635991949832,0.8986861364669716,0.5093757096680142,0.4737228154716683,2.064358784467842,0.2417840692257453
1810,0.9002270275222604,0.8988105152165589,0.5085420952472742,0.4729475484871706,2.06752500377817,0.24138994611908182
1811,0.9001869019676098,0.8989815757581536,0.5091625675415564,0.47235733887883163,2.065596686115371,0.24117831134191775
1812,0.9003631623824188,0.8992693880763483,0.511210181307822,0.4719731796799582,2.065295884610225,0.24261133752576813
1813,0.9003617136219786,0.8991695146301149,0.5119974461617463,0.4712133535117937,2.065168817916071,0.24223601083402646
1814,0.9005716018562634,0.8993665344968986,0.5127911425296888,0.470447023679355,2.0666873449781966,0.24184641963395836
1815,0.900599720969194,0.8995044735404313,0.5146133821712433,0.4719088368251576,2.063321994709383,0.24145260198291374
1816,0.9004754592543611,0.8997449033337619,0.5154029855889706,0.47276790992688356,2.0631844524129095,0.24109435174135196
1817,0.9004115007621973,0.8997687539860535,0.5145653910129154,0.47199960270290586,2.0614449265448775,0.2407143545374922
1818,0.9003903475952796,0.8998656287904474,0.5137299934486341,0.4712333107498781,2.0613255563450377,0.24034316876426595
1819,0.9003903475952796,0.8998899795274705,0.5128967857777705,0.4704690275382877,2.0579823365844696,0.23995336132765951
1820,0.9004527769862858,0.8999145721577085,0.5136853331595382,0.4697074318224064,2.0611261642515544,0.2395673162082392
1821,0.900392661008907,0.9001049205597405,0.5128538625275552,0.46894714549540073,2.0609777094319623,0.23922905711546502
1822,0.9005588113598666,0.8999596290946027,0.5136412314489431,0.468189204712254,2.0641117229191726,0.2388437404387024
1823,0.9007070266052236,0.9001538941811612,0.5128114933384714,0.467432889988521,2.0623927525665278,0.240073315320829
1824,0.9007456778846182,0.9002521305320897,0.5129265421694275,0.46734972256281826,2.059064486699972,0.23968588787123263
1825,0.9008555875105834,0.9003395106758547,0.5137117905233234,0.46820844879155327,2.058701569110892,0.24117936154141892
1826,0.9006670327119259,0.900170193275623,0.512884424257112,0.4674543686181341,2.0585590936873617,0.24083885921274503
1827,0.9007291822019329,0.9003611995215957,0.5136681714495891,0.4683112107398933,2.0600584021363346,0.24046683548626052
1828,0.9006077933751057,0.9004759841898609,0.5128721190757776,0.4691362285025553,2.059903023714387,0.24013950422886926
1829,0.9006683136347021,0.9004748466999601,0.5120485794834843,0.46838291740612203,2.067835535865581,0.2397539047492897
1830,0.9005442033096194,0.9004010566547674,0.5128022557027727,0.46766063172083316,2.067668629283116,0.23942743519956636
1831,0.9007630978149633,0.9005520894408758,0.5120760535116433,0.4684181427667721,2.065862078943264,0.23913932500079108
1832,0.9008450638053023,0.900723124712548,0.512857185894163,0.46926916843508226,2.068948108096884,0.24037256585224154
1833,0.900884485503934,0.9008410154464345,0.5120369577637902,0.46851865194968684,2.068819943039817,0.2400060249267317
1834,0.9007689030002356,0.9006893670507146,0.5119468206831017,0.4686398559540044,2.0655335328009277,0.2396265965856848
1835,0.9007255760965687,0.9007358401808322,0.511742211652995,0.47047158628702146,2.0667188038432847,0.24274265382785723
1836,0.9008261472514243,0.9008300689378029,0.5125207580708105,0.47131594035462054,2.0698011827698255,0.24235591470854873
1837,0.9009168137396301,0.9006758988653997,0.511769200010815,0.47209324568020056,2.0680321875356964,0.24203471463832152
1838,0.9009684062342768,0.9008046495411539,0.5122633668805304,0.47162475936866477,2.0660497894590337,0.2419323328956689
1839,0.9010786693209971,0.9007978845736284,0.5114489894159505,0.4708749876680127,2.067526912844478,0.24155535413799178
1840,0.9011695066021072,0.9009744483754757,0.5138130678172488,0.4733035046545557,2.065581187178865,0.24142212691172846
1841,0.9010870019660062,0.900995050227455,0.5130307438889655,0.4741062692599327,2.0638576820567,0.24107197764108249
1842,0.9010438126702224,0.9010633061906289,0.5122175896023504,0.4733548103079069,2.0621394413623695,0.2407219034067141
1843,0.9009494189693922,0.9010974434520477,0.5114065356258021,0.47260529231201653,2.0588742149666746,0.24034074028217683
1844,0.9010279647161774,0.9010040746484184,0.5121597492032449,0.47187736937277647,2.0603274539575493,0.2415817230118908
1845,0.9008068805255331,0.9008841366173583,0.5129410729805898,0.47428177740781824,2.0602112960028047,0.2412207882144528
1846,0.9009425436059285,0.9009585071071761,0.5137099801212115,0.4751117149633822,2.056960227528778,0.24084007047629744
1847,0.9010612037248954,0.900816381967276,0.5160535629997846,0.47593995306498127,2.0600232706391255,0.24203865534082206
1848,0.9010612625023734,0.9008584875743043,0.5152405105207265,0.4751901003627291,2.0583531832492765,0.24323283825998082
1849,0.9011072022216385,0.9010353007382558,0.5145535455630118,0.4758921270108862,2.0581373433831813,0.24454794319060802
1850,0.901446089268317,0.9010588432669494,0.5137444761488021,0.47514384771566454,2.0580434690420115,0.24416588422446392
1851,0.9015089461751267,0.9010063539303789,0.5129374862859053,0.474397491722898,2.054820040801223,0.24378242871944142
1852,0.90172694293302,0.9010761020558803,0.5137011968045994,0.4736536555374542,2.0563014401318465,0.2434016867770685
1853,0.9016443962599611,0.9009553805522358,0.5128959726197962,0.4744787030348788,2.060915736055909,0.24302054261632114
1854,0.9017132325554167,0.9011947250508552,0.512092728935575,0.4737356244344298,2.0591114518020857,0.24278273940144068
1855,0.9019099669774588,0.901146993836967,0.5112933391416299,0.474557186186553,2.060578169574925,0.2424147431085582
1856,0.901511741197935,0.9011368776518851,0.5105204095661983,0.47535223090527723,2.0604311345113624,0.24208826912434153
1857,0.901598998919738,0.9012616504501728,0.5112846847093692,0.47617141776551747,2.0572139701369996,0.2417102716548661
1858,0.9016549091472904,0.9015131723705158,0.5104894623622117,0.4769862066218143,2.058677664137806,0.2413401458818518
1859,0.9016264339843069,0.9016229448976574,0.5125945762666881,0.47645889298818006,2.056971875811216,0.24107258638956633
1860,0.9013746605105665,0.9013999249597954,0.5136009315588382,0.478583031055735,2.05819231901446,0.2440583580886725
1861,0.9015117034886325,0.9012830291467943,0.5143561601827945,0.47783995770141785,2.0596575737181317,0.24368242059364026
1862,0.9016386470176412,0.9014538875878686,0.5166729281554445,0.4801961618519441,2.0564597810501093,0.24330413726066774
1863,0.9015940494433643,0.9014983378216284,0.5158710191569827,0.4794508670973096,2.054798772165076,0.24294783482662952
1864,0.9013532004316085,0.9011742696433479,0.5166203092835177,0.47870883044150614,2.0562626774392814,0.24257521439251553
1865,0.9014293049077314,0.9011283120175555,0.5161937088123689,0.4806916279970389,2.0544397541817925,0.24238628698302228
1866,0.901476408627684,0.9008909999892148,0.5178002939009254,0.4806372764926048,2.0512607328957277,0.24201121788146135
1867,0.90149125893862,0.9005698200443115,0.5170081405184971,0.48143184518382426,2.0511648963339506,0.24165369495810615
1868,0.9015286288373457,0.9002825715480659,0.5176037988342848,0.4808385960327112,2.0509363420229225,0.24297538368616267
1869,0.9013428771582742,0.900081491494136,0.5183480293825354,0.4816395471500116,2.04931523108522,0.2441433526488644
1870,0.9013809993613492,0.9001937554437599,0.5175491324187045,0.4808972266431942,2.0476249705913023,0.24384015702927633
1871,0.9009664798289923,0.9002162178237271,0.5167526744650608,0.48169607673181175,2.0490942780523316,0.24346594866146604
1872,0.900964249703937,0.9002364746622041,0.5159578276051215,0.48095515243097153,2.045942448883154,0.2430914597534095
1873,0.9006881596734728,0.9001885944182326,0.5166914817659557,0.48022624184625096,2.0458515835184845,0.2427381898805222
1874,0.9008591365315493,0.9002543940612209,0.5159132175710506,0.48254432157942506,2.0473013937496427,0.24391602110186128
1875,0.9003161112800068,0.9003840022669166,0.5151220390272959,0.48180431589505485,2.047199467888916,0.2435721123099505
1876,0.9001517167254781,0.9005260621001423,0.5143328633655158,0.4810661835476931,2.0532551642697405,0.24319902083001124
1877,0.9002682162874713,0.9005990875095946,0.5150761699411224,0.48186040429885735,2.05776507107086,0.2428268528934654
1878,0.9002097169927398,0.9005747036531025,0.5142886411851768,0.4811236609842126,2.057628865272826,0.24250346689179708
1879,0.9002673306595014,0.9002551984363506,0.515030530179439,0.4819162070886277,2.059065945225416,0.24213538421675646
1880,0.9002281532294233,0.9002772037257141,0.514244644548758,0.4811808506385716,2.060492431035384,0.24177519606441716
1881,0.9003796876481157,0.9003935148708702,0.5135120653991869,0.4819204030531213,2.058824518907851,0.24145796278083548
1882,0.9002994735705907,0.9001232936895368,0.5142529146718566,0.4827093617616205,2.0586936084767467,0.2411315873426137
1883,0.9002215005765211,0.8998287449419814,0.5134705661750827,0.48197500142494865,2.0601195541294874,0.24077091493893735
1884,0.9001632444048541,0.8998514365235287,0.512690976228235,0.48428132288636916,2.0615468437612408,0.24040617033802936
1885,0.8998569290026479,0.8996897707976935,0.5148972412098257,0.4835979454288494,2.061427446607263,0.2415854056650947
1886,0.8999147726184382,0.8993959845244018,0.5141166384301098,0.48438083066893606,2.06436632479426,0.24122049337335036
1887,0.8999302704201263,0.8994195718285711,0.5148528766180711,0.4851621262491754,2.0627033796875165,0.2409376657276433
1888,0.899814411362927,0.8992840142440164,0.5155872644607702,0.4859414582439897,2.064091552117734,0.24211748757324772
1889,0.8998139496054339,0.8993027565332989,0.5149750280551221,0.4865513828699714,2.062314691208394,0.24191866440357584
1890,0.8998344429348595,0.8993925639503498,0.514287729270894,0.4887470937659685,2.0621300017011466,0.24164455432539048
1891,0.8999692275641551,0.8994386091549483,0.5135169782145792,0.4895132646426968,2.0635346103965766,0.24279990285290204
1892,0.9000268756129305,0.8995071417647985,0.5142666869524909,0.49177438655184413,2.063406345302125,0.24246635693033908
1893,0.9001881623443718,0.8997709864822158,0.5161264110862042,0.4914117561227011,2.063121804838839,0.2437963868801279
1894,0.9002613921305334,0.8993242191059461,0.5168446667507163,0.4906821578738326,2.063007180726444,0.2434491951016835
1895,0.9003953995511651,0.8991213804862127,0.5160677544528804,0.491447755974211,2.0629166187129697,0.24458642967538688
1896,0.9004457452329271,0.8992040092686794,0.5152927853533887,0.4907097582566471,2.0598187761902853,0.24421913890103036
