0,0.5,0.5,0.5,0.5,0.5,0.5
1,0.4978579220812506,0.49864174400386546,0.4950049975008331,0.4950049975008331,0.4977798614725869,0.5195221494518037
2,0.5149198729901985,0.49364251422792016,0.4900648377322716,0.5000448577189449,0.5027922841463546,0.5143373080167553
3,0.5242289241401908,0.48869923666693804,0.48517886926919956,0.5050294329629873,0.5177225988738746,0.5092093419337772
4,0.5341518856692081,0.4924699932274239,0.48937511616537444,0.5009307121588722,0.5315547880258946,0.5150290689444554
5,0.549111623390208,0.4924699932274168,0.48450577268946526,0.5158466386446363,0.526266106886003,0.519854590228915
6,0.5528969246328176,0.4902075141180148,0.47968969827205366,0.5206592100300796,0.5221298438764737,0.5146871422150806
7,0.5510290356718889,0.4918790223052148,0.47492626231797946,0.5154889368100979,0.5359306467029732,0.5402429399553766
8,0.5541554045080129,0.4893761992977122,0.4801351613722129,0.5202954411878581,0.5405343658297158,0.5348835575733653
9,0.5588842658648963,0.4884826980433665,0.4753768280503279,0.5151391032767718,0.5351774520096587,0.5295826455416104
10,0.5732027071688975,0.49174771726890226,0.47067036055453354,0.5100389694412032,0.5586192864913772,0.5253008116475968
11,0.5858900347503477,0.48677305871682525,0.46601514697431984,0.504994376588185,0.5728763274512076,0.5299958727632595
12,0.5920909293767346,0.48432312314428755,0.47129130025803395,0.509885387130193,0.5772182662277447,0.5346398505937694
13,0.6037821415584075,0.48185436019672795,0.46663925860345606,0.514723230717247,0.601133167864865,0.539233346799265
14,0.614917882140453,0.4818543601967258,0.46203774033380096,0.5096475575793937,0.61492735954923,0.5437769554512597
15,0.620096259088242,0.48185214060832354,0.45748615138830045,0.5046269586397837,0.6384514335544066,0.5384201437382993
16,0.6255604934388281,0.48185214060832343,0.4529839051870187,0.4996607868754455,0.6420232711106341,0.5331214040070897
17,0.6409108893709913,0.4818521406082497,0.45836185937710905,0.49474840340468246,0.6652056053831664,0.527880054592157
18,0.636262844339099,0.4800957180969139,0.45386000780711416,0.5095323980253929,0.6619820923308897,0.5226954223983612
19,0.6432197906286056,0.4786590452760345,0.4592186206994653,0.5143447649144549,0.6947340511568489,0.5273786364088286
20,0.6460173124097213,0.47609371760049896,0.4645193526048591,0.5093031643525406,0.7075282506707269,0.522209278011446
21,0.6510368416083863,0.47609258904202556,0.46976288065575167,0.5239003504714375,0.7103922264173472,0.5170957057264167
22,0.6593224903726138,0.47609258755637596,0.4651674711478415,0.5187753464515515,0.7230076998523782,0.5120372674792789
23,0.6568410781370083,0.47614935860846636,0.48016681364106234,0.5332507992910812,0.7159420562571187,0.5070422345892639
24,0.6628258938512616,0.47102610059260114,0.47547901365648476,0.5280447479404325,0.7382939654818411,0.5020920537105318
25,0.6607258364150933,0.47051972640103795,0.48059471882696186,0.5326477742941078,0.7595798017437675,0.49719510014318635
26,0.6742051731037052,0.46541407809031676,0.4759121158426243,0.5372013510212278,0.7814090018900599,0.5020941047147635
27,0.6762768062316376,0.4646497340432427,0.4712797717632938,0.531972441281442,0.832204778087414,0.4972069153034913
28,0.6764525820442209,0.46275177688560204,0.46669710208758003,0.5462473704838576,0.8449804274936064,0.4923721331001488
29,0.6816504749442441,0.4576821751101457,0.47187769424337883,0.5409410335902616,0.8562109400784234,0.4875891491327686
30,0.688423869326509,0.45768189536580156,0.4867072889067524,0.5356914954906538,0.8673113267550477,0.48285736201294244
31,0.6913363619751116,0.45767943021863594,0.4819887806284209,0.5304980972948262,0.8782994468308584,0.47817617783542765
32,0.6971171251687941,0.45429010209166587,0.48700575338394336,0.5253601883047209,0.8988484853211746,0.4735450100791568
33,0.6990470702774716,0.45174656599018403,0.48229378493253666,0.5202771259061432,0.8998482579520016,0.4689632795096312
34,0.7014581797757626,0.4498232598064918,0.4776320706387411,0.5152482754619874,0.9104281201895856,0.46448449767060196
35,0.6997321764406089,0.44757989744119725,0.47302002949487026,0.5102730102069527,0.9211643694622719,0.4599994102034179
36,0.6979125005224788,0.44296239879559113,0.48086170716465043,0.5122388975428562,0.9246830662557625,0.4656055222607667
37,0.7011524490412411,0.4421019895482841,0.4858645190021632,0.5265760962382418,0.9350681860084165,0.46111859295787233
38,0.7087077687390824,0.4421019895482285,0.48118703840253063,0.5215066800161166,0.9453217106021341,0.4566793445906115
39,0.7100296477800742,0.4396147656699362,0.47655921864837386,0.5164910858228159,0.9651092068168577,0.4522872277554863
40,0.7085501242049483,0.43944946325766415,0.49119627678733996,0.5115286940160672,0.9750536399989091,0.4479416998365768
41,0.7146009274007887,0.4370431281483676,0.49607992313699406,0.5066188926028594,0.965694791152166,0.44364222491636196
42,0.7161905450389212,0.4320879922141075,0.4913231626665462,0.5113497749447445,0.9756174504544133,0.4393882736877795
43,0.7189165405285418,0.43286906348317494,0.5057618993029083,0.5064645478352249,0.9949896655745859,0.43519889931982025
44,0.718517919061535,0.42224555731180796,0.509962432296841,0.5021470133715453,0.9854680725934221,0.4314297541659241
45,0.7234826010722979,0.422245557311808,0.5050872042857883,0.5069064753869442,0.9856070102405898,0.4273052965802191
46,0.7292967762264172,0.4221695944544215,0.5193642487830175,0.502065305837937,0.9857469043628406,0.4327747713131217
47,0.7399173293259302,0.42216959440998086,0.5144090599377887,0.4972751640272636,1.0049646396603633,0.42864572176007265
48,0.7459905034686258,0.41978328044245045,0.528568729125284,0.4925354664241747,1.0144487164521114,0.42456015455911517
49,0.7511127027551953,0.4174036128932011,0.5330576087260509,0.48784563665581115,1.0238329559496129,0.4205175728831845
50,0.7508607663449101,0.41690177785268145,0.5374993021473159,0.4927173996588054,1.0140939556148847,0.4165174859947234
51,0.7519605388954997,0.42442727270536423,0.5323915609247493,0.48803521130384575,1.0044573115823567,0.41255977141328065
52,0.7520794239552977,0.41888799378847763,0.5368307028206841,0.48340215216258065,1.007524481901924,0.40864322241027334
53,0.7548952294566819,0.41888690807057205,0.5317395077342645,0.48830146289638443,1.0264533028251555,0.4047677317665707
54,0.7573968988622208,0.41888690787460636,0.5267016369150355,0.4836751380603861,1.035676998759444,0.40093283231905513
55,0.7597474507448608,0.4164682868545553,0.5217164841476067,0.4885620761938359,1.0546193137799256,0.39713806260788603
56,0.7602498070654929,0.4199136316696748,0.5167834506115997,0.48394253056030456,1.0634413793949375,0.39349987220123456
57,0.7620577219218366,0.40903976735315895,0.5119019447856549,0.47937123811748966,1.0817339544457336,0.3897831985445614
58,0.766784448364317,0.41238166458180847,0.5165011215782541,0.4748544119298378,1.071526200839927,0.38610503129128865
59,0.7673625788236695,0.40209488342270205,0.5210558024080107,0.47038122307085795,1.0708574421546175,0.3824685255678565
60,0.7685479193979758,0.4020461166423946,0.5161486836607493,0.46595133953933676,1.0890442317539213,0.3788665726419358
61,0.7723089465718007,0.4020330856583756,0.511292636893071,0.4709757934486632,1.0882078256078054,0.3847103402765377
62,0.7767281740868656,0.39758539587488273,0.5064870848974902,0.4665491725651107,1.0779800281561813,0.3998921713603846
63,0.7757375590947688,0.39709307647821873,0.5017314574687668,0.48094740903154265,1.0755052605375939,0.3961374099156025
64,0.7765653479848574,0.39709299199257714,0.5064052413087987,0.4764360982897133,1.084262991242056,0.3924216212055826
65,0.7782267066930245,0.39060943710192986,0.5110305571934302,0.48134224526262964,1.0838038749702898,0.38874436587400696
66,0.7771735811889288,0.38842306569088964,0.506246642421581,0.48619756058476815,1.111110391135362,0.38510520988186564
67,0.7789947176337239,0.38409335768666475,0.5015122481147258,0.49100261634253073,1.1100749035007362,0.3815037244389525
68,0.7779314070718139,0.3860675678618805,0.49682681741044143,0.4864153729738125,1.0997040218435143,0.3779395815783481
69,0.7794897238027728,0.38606505017353265,0.5015230669705484,0.481875528521846,1.0987889773935837,0.3744121706289015
70,0.7787233753730068,0.37657833777320926,0.4968468968887122,0.4867064890733287,1.1071918132726772,0.3709211746889819
71,0.7820372416113425,0.3745360138382058,0.5015335763032512,0.49148762252237443,1.1155079860608026,0.367466185296922
72,0.783553323489087,0.37590253707387705,0.4968666514228826,0.48691417834571576,1.1237191675940308,0.36406612317953807
73,0.786553631380329,0.3738683602363871,0.4922477749071342,0.4916838284025587,1.1504600002833685,0.36068176147661835
74,0.7899771099439918,0.3691217908839205,0.4969631260964209,0.5149778506802277,1.1491048378866588,0.35733221205293686
75,0.7923245625391877,0.3690961274222784,0.49235258306460655,0.5102001772145071,1.148052848257027,0.354017085731062
76,0.7923605127118011,0.3648818508239834,0.48778937953135,0.5054715592861883,1.1414239208759513,0.36004984353350805
77,0.7937393891029279,0.3648511017489234,0.4925318856953641,0.5007914494058909,1.1401144911524963,0.3567161785643052
78,0.7961520366686798,0.362853848002493,0.4972257852287333,0.4961593066477146,1.1480681262247299,0.3719159693397307
79,0.7975425463141982,0.3608619996878801,0.4926312204585842,0.49157459656543984,1.146699918410537,0.3962005150310027
80,0.799556704591855,0.36086120890591483,0.48808366113512697,0.49626795457372647,1.1638363556379565,0.3925431233122834
81,0.7995552969417228,0.3579723354910159,0.4835825931382069,0.5009133309833925,1.1899912429921653,0.3889301474843255
82,0.798642734419294,0.35797014899329704,0.47912748231048796,0.4962985569276707,1.2066717280361832,0.38534704309663603
83,0.8040664324204687,0.36121429612360323,0.4839213385025978,0.5009343789375512,1.21397312439338,0.3818005066597611
84,0.8034294265631912,0.3612121415436117,0.479472014461491,0.49632863168507335,1.2212002981266457,0.3782901134656017
85,0.8064206032564053,0.3607891859552362,0.4750680051083951,0.49176979223204426,1.2099834255780022,0.3748154731628364
86,0.8069764845208559,0.3574491288064004,0.4707088084991478,0.4964332832998412,1.1988807029205035,0.3713761880033737
87,0.8084715601798509,0.3556207766796908,0.47556069962083997,0.5010493640530634,1.2062246248113142,0.3679718675493112
88,0.8084381188680814,0.35636707644447146,0.48942004326912125,0.4965618250579804,1.2134078913233228,0.36484227751580134
89,0.80792753266814,0.35485783183514336,0.4849426056670875,0.49201905118137695,1.2186651031754439,0.3691147851453912
90,0.8108854975032501,0.35485783182528,0.4805105639632291,0.49666164748786706,1.2166667505858944,0.36574133001450054
91,0.8093992123679853,0.35485162833970646,0.4761234174115029,0.5012572157920514,1.2146890377987591,0.36240204689538963
92,0.8105347057396295,0.35131019443445943,0.47178067120310246,0.5058062744097966,1.2127347289734012,0.35909655916359995
93,0.8153021743903082,0.35126336283902443,0.46748183639144625,0.5103093355162459,1.2472440793364117,0.3558244946567141
94,0.8166947370466067,0.3512633627753101,0.472329257440576,0.5056640776009361,1.2358906702340926,0.3525854856180237
95,0.8119402444924422,0.35040614226794664,0.46803402301183666,0.5010657053399048,1.2523685593406026,0.34937916864095003
96,0.8135164561826846,0.3504061413026388,0.46378210232981537,0.4965137037100309,1.2592703913148156,0.35528982477489796
97,0.8142634507099363,0.35040391154749073,0.45957302000475,0.4920075637707358,1.284143946709287,0.352065370630973
98,0.8158298098956426,0.3485824530416032,0.4554063062569281,0.487546782587422,1.2815689740246714,0.34887337380765004
99,0.8172015406636964,0.3414248525663617,0.45128149684612656,0.4921882902361685,1.2880764801573334,0.34571347866415153
100,0.816080740053954,0.33966615290344526,0.44719813300199,0.49678316059927985,1.3035666555817669,0.3425853337500045
101,0.8185751330593551,0.33625423026537415,0.4431557613553362,0.49229257350880856,1.3460192679496765,0.3394885917524159
102,0.8194734996521805,0.336221778212774,0.44818422938706304,0.49687732160604153,1.3428951630334152,0.3364229094443471
103,0.8218101365106663,0.33447427138339636,0.46218357803250243,0.4923948572627209,1.3668810216007674,0.33338794763327834
104,0.8232344956827732,0.33621248233724754,0.45801826270674706,0.48795727024586827,1.3545626197475324,0.3303833725121322
105,0.8267354441513713,0.3362095952786455,0.4538946119696746,0.48356407128210216,1.3603884514370945,0.3274088499908579
106,0.826292382100844,0.3353731056913969,0.46780066491484934,0.4882090233165107,1.3820059539714153,0.32446405409405815
107,0.8269715117593914,0.3319802125881582,0.46359735584217004,0.4928075966340597,1.4148459730053662,0.3215486612683979
108,0.8273184478239076,0.3337189720173011,0.4684122292944733,0.4883840443590068,1.4380509301233932,0.3186624505875743
109,0.8299717144713818,0.33211555355231737,0.4731791385300905,0.4840045560790315,1.4610253898725416,0.31580490746401024
110,0.8312408824736689,0.3321155501033211,0.46894023828603587,0.47966867804928504,1.4748129745931549,0.312975819302006
111,0.833870189541583,0.3287687053465484,0.464743510384294,0.4843253246722367,1.4616316958968587,0.31017487742029426
112,0.8361110359705319,0.32874376861388344,0.46058849771759763,0.4889356844943882,1.475547805956052,0.30740177674050934
113,0.8367091567555901,0.3254127291374429,0.4922007749144552,0.48456875220078377,1.507028902945466,0.30465621574234314
114,0.8372943864172051,0.32375898519238366,0.48780907434136606,0.48024514895755216,1.4935823186141706,0.3108604759781159
115,0.837428390815156,0.3236253701532272,0.4834609094057818,0.48487806773105796,1.4892301531883252,0.3080895709404593
116,0.8386620805478041,0.3236243365742094,0.48806056202616943,0.48056034867470937,1.4849039884842492,0.30534610964567105
117,0.8401693143816071,0.32195490832748996,0.4837188475327145,0.5029729107635871,1.4894931217324099,0.3026297958663626
118,0.8410810971089736,0.3169938704702696,0.4883070177550845,0.4985030103599102,1.4762560556103799,0.2999403368164626
119,0.8406082638887433,0.313745232450022,0.4928498679674063,0.49407726174690175,1.4720278717237834,0.29727744310857435
120,0.8423968477014755,0.3121331185791381,0.48847868176606984,0.4985643939064675,1.4944514629975176,0.2946408287118942
121,0.8426889858931792,0.30273112937942187,0.48415059476025085,0.4941469440660178,1.498945884495959,0.29203021091068093
122,0.8429854039662859,0.29380742462859394,0.48871662735446125,0.4897730104528116,1.503386513863989,0.2982967939488959
123,0.8443445518256245,0.29380742462856185,0.484395083805873,0.4854421256923471,1.4989352502261637,0.2956590637934219
124,0.842943784642584,0.29090326675123673,0.4801160352853048,0.4811538278148282,1.5121953549815121,0.2930472712261281
125,0.8424434850848181,0.2880353377974503,0.4758790261451,0.4769076601876951,1.516505304835052,0.29928610716029486
126,0.8434872775590827,0.2866104989439981,0.47168360599787645,0.47270317145003293,1.5207683176878979,0.29664755640520957
127,0.84533483494025,0.2851887014581475,0.46752932965173266,0.47734725217360946,1.5249890752696724,0.29403488148701223
128,0.8460290514570605,0.2823651834761335,0.46341575704629956,0.4731472962451058,1.5379670087336677,0.2914478056463848
129,0.8471200551795344,0.28096322339647073,0.4769219325005384,0.4777781943478844,1.5508279261813418,0.28888605531159917
130,0.8484733222917288,0.2809632233869323,0.4727341028021931,0.4911447544717921,1.5547721223749025,0.28634936005934136
131,0.8491620817406111,0.2788705807703795,0.4685871952268042,0.4868363453875763,1.567449918198133,0.2838374525760458
132,0.8518063391051671,0.2774709486477948,0.4644807735373391,0.48256999891399877,1.5712587363532082,0.28135006861973294
133,0.8497027703897889,0.27624944011109864,0.46916905742655063,0.47834526702851704,1.582755596629967,0.29639624882447035
134,0.8505699026601845,0.279904128090243,0.4650657514641049,0.47416170684858533,1.5951506935960007,0.29380400033538373
135,0.8493066398678027,0.28208932691531086,0.46973955711063187,0.47875603968559804,1.5899507627331328,0.29136600163326104
136,0.8495727072662589,0.2807038123506228,0.46563946999450656,0.47457725286560754,1.5760730598214738,0.2888228349544281
137,0.8515870568249014,0.27928164214295664,0.4702989347163562,0.4704390805206237,1.579769590315355,0.2863043858273548
138,0.8518988079943796,0.277862913727911,0.4662021668487476,0.4750520787622056,1.600852185751353,0.28381039206800185
139,0.8529349330545181,0.2801142768756982,0.4621451449235501,0.4709180424230433,1.613027976471984,0.2813405946687991
140,0.8515225448695967,0.2700474659401749,0.45812744804666145,0.4668240776392597,1.625039719219461,0.2789854443928258
141,0.8532380309771788,0.26873788150412037,0.48020333947735305,0.4627697604205315,1.6196113160645573,0.27656248562708186
142,0.8531939754144963,0.26431436745925285,0.49338941835938344,0.4587546716105612,1.6233639511229971,0.2828391832792155
143,0.8531925336200483,0.2623276334284727,0.4977778462808764,0.45478103673646075,1.61795888457989,0.28039294807648507
144,0.8534389383179277,0.2563262240619364,0.49346764889737726,0.45084314345886306,1.629930226973984,0.27796656079581433
145,0.8551585900658869,0.25519217634693436,0.4891990437251255,0.44694324976098265,1.6331314130107408,0.27556208807753735
146,0.8551479440991874,0.2593169017415555,0.4849715925048692,0.44308095523930935,1.627646497148952,0.27319448474197433
147,0.8545181094147707,0.2573592562506125,0.4850662898068088,0.4522403157337619,1.6135951229654373,0.2743818049711494
148,0.8531044715872517,0.25735911542426043,0.4895072383448404,0.4655886768354027,1.6083043862843796,0.27201545091133855
149,0.8548625837766407,0.2573591151808543,0.49390548631305603,0.4788086908913014,1.6030634254566833,0.2696718497985333
150,0.856553226734325,0.2573591151808543,0.4896544023963586,0.47468754629698356,1.6236940497627697,0.26735076267714436
151,0.8582430754898709,0.25735911403536715,0.48544412028597,0.4878029103275112,1.6441266792015012,0.2736504302835092
152,0.8609508410235658,0.2573588341925347,0.4812742121831667,0.4836127404946838,1.647185698003319,0.2712998051571762
153,0.858164188218984,0.2568915811254511,0.48572555234312326,0.4794627158300323,1.6673758968693497,0.2689717008939061
154,0.8585966367610387,0.25460698299712003,0.4815615630839823,0.4839251363261544,1.6702379407522385,0.27523860196781863
155,0.8585878266262649,0.25109738459517505,0.4858579434205826,0.4799243331340563,1.656077374650604,0.28181985348760885
156,0.8601491679583286,0.2510973845951749,0.48170114113350015,0.4843738882988113,1.6590199366497165,0.27940871783080545
157,0.8618532236440144,0.24999339876181031,0.477584021928861,0.4887809656038452,1.6619343112531801,0.2770206001788151
158,0.8613338790498694,0.2499930966773022,0.4735061717989051,0.4931460082144182,1.6648235639531144,0.2746552603881805
159,0.8617511208580577,0.25764683626311985,0.46946718139396626,0.4889394907199475,1.659104809364734,0.2723602948120777
160,0.8617344206384291,0.2595928024633981,0.4910153766826757,0.5018314819500923,1.6534732533751058,0.2700566197290313
161,0.8596823976602274,0.2587899571888362,0.4953483224241307,0.49755943033393163,1.6802671827131557,0.26775764913777805
162,0.862298657460401,0.26199166472437435,0.49964008828722667,0.5103368039545136,1.674490445597062,0.2654805282888648
163,0.8627286974301172,0.26606424215054325,0.5038910633442357,0.5060010661001412,1.6942476152050605,0.2632252415573696
164,0.8615711365334827,0.2660642417057519,0.4996143281451342,0.5101938426397895,1.7309023072761127,0.26947855853887864
165,0.8564807191776407,0.26604148750734846,0.4953781297120704,0.5143468782102817,1.7332305570034705,0.2671936668071606
166,0.857135244335309,0.2637338583015314,0.4996525102612404,0.5099901223477307,1.7354902813690942,0.26493041291447794
167,0.8577751102208383,0.2625864568864029,0.5038864487747452,0.5056745879145661,1.7377285616033296,0.27961256501682547
168,0.8588366425469328,0.2614404823558682,0.4996268253575715,0.5098533867414511,1.7314921449248855,0.28570238782304225
169,0.8596207624712635,0.26143007820984204,0.4954074323337218,0.5139927185300647,1.733794810541197,0.2832896057206901
170,0.8608779411210533,0.26027711495531414,0.49122785412831865,0.5096563428039592,1.7276040458583815,0.2893362391520775
171,0.8610401564768795,0.26026026615111797,0.4955159950943649,0.5222171811048484,1.729927271881976,0.295326065614286
172,0.8634414235361825,0.258964518681887,0.4913438536159517,0.5178202212012379,1.7153653503936084,0.29283948164887574
173,0.8634414205130385,0.25317066444798264,0.4872109756449608,0.5134646405434427,1.7261708773775346,0.2987889756630917
174,0.8654699526822391,0.25102611664081287,0.4831169569315648,0.5259559510515518,1.7284718550184643,0.29627826117004935
175,0.8643525340348908,0.2508956389612338,0.47906139771807627,0.5215407768942961,1.7391457873025753,0.2937911325056444
176,0.8629635614077051,0.2508956383001164,0.47504390268558655,0.5171670421488247,1.7748805592325987,0.2913273472350024
177,0.8610620575315748,0.25190137989284955,0.4710640809012776,0.5128343212174863,1.7683887556843378,0.28908874802980095
178,0.8614486681709609,0.2552857202895306,0.46712154576639736,0.5085421932210065,1.7535883933346257,0.28666924668991134
179,0.8618001219598176,0.2530999664443793,0.46321591496488984,0.512651300936533,1.7472877554842492,0.2842723882065799
180,0.8617254372884697,0.2553678766939476,0.4593731037881664,0.516695686070016,1.757672289157379,0.2830235429187993
181,0.8598214694393455,0.2542696209068864,0.45553993218181965,0.512384194568592,1.7513787442645017,0.28066189440325123
182,0.8598467283412023,0.25420818446647236,0.4517425452010231,0.5247849798629046,1.745050279707602,0.27832229308946954
183,0.8607080048540316,0.2530121519010174,0.44798057713867273,0.5204147376645151,1.738850006478944,0.27600451366230316
184,0.8602887973494923,0.2529003896666255,0.4495631789208248,0.519095066574202,1.7297780786389616,0.2768420789858827
185,0.8589491719649299,0.255176037415655,0.45413781748779297,0.5147809106715591,1.7486457410665062,0.2745468350858342
186,0.8599584817080047,0.2561359350324463,0.45036723360164693,0.5188095541507826,1.750732716912866,0.2722674029657187
187,0.8617067851789508,0.2561359350324463,0.45492612815565997,0.5145063208001098,1.7445058114154361,0.27000909804560036
188,0.8624875836529782,0.25613593051607364,0.45944269042304475,0.5185291928286452,1.771481385442865,0.26777176294832816
189,0.8634582577498314,0.26231079428270737,0.4556394858257275,0.5142368781371365,1.7733720510171458,0.26555616510821234
190,0.8628152842193276,0.2612181038040756,0.45187153347983905,0.5099843493032762,1.767021067583968,0.26336012414510024
191,0.8637815160570532,0.26012725192523306,0.44813847548518354,0.505771202399211,1.7689457838993574,0.2611844203353421
192,0.8644806656664641,0.26012725192523306,0.4526930265515673,0.5015970379269574,1.7791057588997314,0.25902884737488435
193,0.8617919340048722,0.2601112236905756,0.457205473890796,0.4974614607664939,1.780927680971952,0.2733828406227399
194,0.8593299813425638,0.2601112236905746,0.46167624390903167,0.5016006591668865,1.8074418620178931,0.27936768028972253
195,0.8604901738608559,0.2589975634312899,0.4661057583466971,0.505701661678784,1.8007997822796278,0.2770689461928915
196,0.8604580191490755,0.25899756337984975,0.4787145566801115,0.5015447321488136,1.8353183077148807,0.274791405556692
197,0.8602024368071813,0.25899099787674956,0.47478339758035015,0.4974260937865344,1.8391387983277547,0.27253484427311225
198,0.8605546784840532,0.25563666426380854,0.4708884177188974,0.49334536007146856,1.8568673195382588,0.27029905057139947
199,0.8597548354780724,0.2512698164538239,0.4752247511270944,0.4893021486992399,1.8416848777758479,0.26808381499076167
200,0.8604119294634538,0.2502031056501359,0.4713339399433785,0.4934833890631477,1.8511887973206347,0.2658889303534076
201,0.859928833502481,0.25020309203429286,0.4756579653699876,0.4976262513918855,1.8697913684699148,0.2637141917379215
202,0.8587406068583638,0.24291258792225057,0.47177138826059617,0.4935601725316533,1.8790073136694907,0.26161498791897864
203,0.8579383076123294,0.23892059034780838,0.47608320348320954,0.48953134823493466,1.8637050981020642,0.25947948169628776
204,0.8587261702096062,0.2389196415914819,0.48035554781513384,0.4855394042949129,1.8567032083326696,0.2573635241621027
205,0.8604838390629864,0.24208176595303174,0.4764423446900856,0.5060233896055858,1.8578706194695567,0.25526691942274315
206,0.8603655301329945,0.2445008501030802,0.48070323006240906,0.5100435346500768,1.8579049031834916,0.255216273073984
207,0.8594108652419116,0.24356689895629285,0.48492521484375245,0.5058967804898805,1.8506321231842107,0.2531413146239265
208,0.8595583546606771,0.2434709565551687,0.48098661812600096,0.5099099216073619,1.8612174198620743,0.2510852830537259
209,0.8597309291024842,0.2466662065017543,0.4851978679788783,0.5138864891538009,1.862343478940215,0.24904915659226165
210,0.8596839086894329,0.2462884960633216,0.4812649304992583,0.5259326911499547,1.8715651434731781,0.24703040336420315
211,0.8575815468154944,0.2419869573867336,0.47736777189908103,0.5297715652765843,1.8730712147893156,0.2450300152204476
212,0.8599723089819831,0.2441532456599985,0.4735060351468577,0.5254859003357513,1.890277317804251,0.24304782451091994
213,0.8609510925793626,0.24312378563168127,0.46967936706372787,0.5374022765263103,1.8831130919740544,0.2491651799729287
214,0.8621121652699195,0.24312321876026757,0.49010786982963483,0.5330635679257,1.876103225252976,0.2471535489163784
215,0.8636471657181495,0.24312321876026757,0.4942203611596618,0.5287641893478914,1.901298747291146,0.24516015312349884
216,0.8645240569318443,0.24312321875175505,0.49829560625948655,0.5325611026293852,1.8859793122869324,0.2431848112236557
217,0.8646378716945882,0.24147081721736874,0.4942846755889739,0.5363236584025101,1.8788492928947222,0.2412273437973187
218,0.8655206380681053,0.2414402344604908,0.4903100067583039,0.5320109434156186,1.8724959742270963,0.23928757335358797
219,0.8665370969538576,0.2403914976365034,0.4863712399877339,0.527737183964207,1.8654870346528758,0.2373653243079958
220,0.8669012701198076,0.23850598445857543,0.4824680269824403,0.5395523621948148,1.8585415195580492,0.2354604386501538
221,0.8685270993564157,0.24073191174052042,0.47860000033305505,0.5352266809081992,1.851658448839447,0.23357271320942
222,0.8668844786560155,0.2407319011142996,0.4827759730400285,0.5389491218301337,1.8608638711085947,0.23170199346243242
223,0.8674175454627984,0.23867092837646756,0.4869143592838545,0.5346369098762281,1.854116301587984,0.22984811140662798
224,0.8686761031539469,0.2374705715962516,0.4910155304623747,0.5303634761416627,1.8392962998134683,0.22801090066609261
225,0.8686753835285979,0.23689724221253455,0.48709469181500525,0.5261284377662955,1.8326099788057462,0.23419099141749666
226,0.869544698305619,0.23591979257151155,0.48320904928614433,0.5458629590301933,1.825970695250128,0.23232280748648898
227,0.8699060267909189,0.2350965701235827,0.4952966715962793,0.5574512793126607,1.8267939236309882,0.23047137875162924
228,0.8698816317269505,0.236027930733423,0.5072384893928847,0.5610120074790121,1.828097878345735,0.22871462667750098
229,0.8700620084823876,0.2327117498056623,0.5032042774158269,0.5724566891152398,1.8135587423213335,0.22689559418574556
230,0.8716749581329784,0.23483945912937615,0.49920615034252397,0.5679083283604411,1.8309307590156914,0.23303817468150406
231,0.8708768696733445,0.2340114226765205,0.4952437541103801,0.5634006158273432,1.834251359538779,0.2311884587181288
232,0.8712482715442819,0.23399953185405908,0.4913167379612433,0.5589331524854543,1.8435171731878959,0.2293552587971909
233,0.8728486458965642,0.23211953606767577,0.4874247548641602,0.5624270792796718,1.8289187469744494,0.227538412918563
234,0.8732015234837566,0.22820906461296184,0.48356746147294255,0.5579762461319957,1.8381862417701371,0.2257377635695568
235,0.8739062804373694,0.22732935396886672,0.4797445180842478,0.5535650485822234,1.8552769161777591,0.22395314661417204
236,0.8742580928928086,0.225948676527352,0.4917511471447172,0.5491931537409797,1.840624491550845,0.22218445851316432
237,0.8760002516420272,0.22594867652735123,0.4878712734350187,0.5448600676035741,1.8418819504309394,0.2283213553723425
238,0.8751414708292807,0.2259421571212255,0.4840258589287304,0.5563295197099029,1.8510112316625404,0.2265217203049559
239,0.8771996954651278,0.2280485168299323,0.4802145672809933,0.5519488982766746,1.8679326890450831,0.22473806492058468
240,0.8759771079233138,0.23103455679730428,0.49216510280108294,0.555477913196755,1.8611052886977784,0.23083649147777413
241,0.8768242851186527,0.2292553299073801,0.5040142970804821,0.5511127365294616,1.8543412797467158,0.22902248223884739
242,0.8776657372163708,0.22836974165540233,0.5000575017055073,0.546786191946062,1.8476342687954281,0.22722452709404875
243,0.8778304230802734,0.23479502368724442,0.4961356931671533,0.5424979036013928,1.8331446394540107,0.22544247767033326
244,0.879002049297942,0.2347950230176196,0.500083407704653,0.5382474996105406,1.8344519426706918,0.22367616373541038
245,0.8778841216444815,0.2338328483684716,0.49616923217755404,0.5340346120041155,1.843624658170741,0.221925440250888
246,0.8775160118689433,0.23294684862501053,0.5001087969271705,0.5376780989333155,1.8683107911926535,0.2201901559108026
247,0.8796792967591498,0.2311816673305962,0.5040136505377559,0.5412894834376553,1.8615280623215056,0.21847016099983313
248,0.8806458158718223,0.2311720926364353,0.5000805299003059,0.5370654771317311,1.8548050424230489,0.2167653073753754
249,0.8817763142798005,0.23117209263643526,0.496182002238407,0.5328786222280492,1.855936954762243,0.22287124818367823
250,0.8824950510314004,0.23234366318001218,0.4923177329195149,0.5287285593453169,1.8414829907636556,0.22113560944377575
251,0.8843652940458802,0.2352868968711648,0.4884873908182492,0.5246149328687889,1.8349360739104303,0.21941513359883286
252,0.8844190161438145,0.23822751343738122,0.48469064827698405,0.5205373909079423,1.8517639192567732,0.21770974115788053
253,0.8856286269801802,0.2373102969757908,0.48092718106691,0.5242602640728962,1.8451502461457656,0.216019294942188
254,0.8859250235597912,0.2355419477793364,0.47719666834956076,0.5279505382035603,1.8699000847224019,0.21434365098048283
255,0.886407467511676,0.23554194777928011,0.4889971225980211,0.5393576923411683,1.878657894625138,0.21268266666670294
256,0.8869461193596657,0.23553629840791276,0.49295301033372585,0.5351822980828459,1.8873400517510561,0.218777620571612
257,0.8876868111648378,0.2415029435077177,0.48914066844300486,0.5310433683037736,1.8882109834455012,0.21708600853023574
258,0.8888597763616666,0.2415029435077177,0.49308754328138754,0.5269405525598386,1.8968006123784897,0.2154088123787599
259,0.8861061462213882,0.24149285828491626,0.49700001032897895,0.5228735040574674,1.8975978119573305,0.22918269783877457
260,0.885297190422888,0.2414928472834059,0.49316788386789345,0.5188418796126856,1.8829692170124859,0.2274155810127013
261,0.8850754876984952,0.2395928661681075,0.5047747241490913,0.5148453396110568,1.8914888347055803,0.22566384218392865
262,0.8841186904402937,0.23829646898287687,0.5008904270018745,0.5185786582047808,1.8832588698753847,0.22392733404180123
263,0.8820235842817107,0.23828230160345795,0.4970398724298903,0.5145921267886465,1.8765852637813358,0.22220591080549
264,0.8826380669940797,0.24134573600224615,0.49322454508760316,0.5259978588513693,1.8698524325854666,0.22050033189120555
265,0.8818743950464559,0.24440357133489796,0.4894405045607491,0.5296344239514752,1.8708509646872504,0.2264807271256831
266,0.8823313793489984,0.24440241514280237,0.4933536323029673,0.5255750984935964,1.8641923282379032,0.22474489021674302
267,0.8823313463000958,0.24279774663158912,0.4895761563933272,0.5215509114941033,1.8729172167545614,0.22302407911285899
268,0.8836695867133457,0.2418098992792426,0.48583135027865026,0.5175615279896719,1.8585911272299906,0.2213181505779917
269,0.8844215960689702,0.23984518305435046,0.4897603353381534,0.5136066164797091,1.859671906854867,0.21962696285682462
270,0.8838773344973985,0.23886554446490413,0.4936554003101551,0.5096858488879457,1.8761321537244888,0.2179503756583408
271,0.8833349606127647,0.24197468184760793,0.5051430327200968,0.5210512304525854,1.877075363906361,0.21628968945799898
272,0.8840894808633942,0.24000190912491315,0.5165316642225172,0.5170815794509213,1.8703962365704692,0.21464187724256523
273,0.8842401754038808,0.24211884234466288,0.5126003789802999,0.5131461088435625,1.8866038239114618,0.22061990340766865
274,0.8842377567616283,0.238263160639344,0.5184665043335666,0.5222908661903356,1.8777024209578195,0.2211073242515356
275,0.8845586471261319,0.2375285683940824,0.5297198197628894,0.5335151328331031,1.8782204619162652,0.21942785465411227
276,0.885281532751266,0.23750430731566138,0.5257002372737234,0.5294667510175975,1.8721367465926915,0.21776280771930487
277,0.8857710639512996,0.2365504655019121,0.5217151429837493,0.5406141944430141,1.8655272049367793,0.2236925919334597
278,0.8864765910926018,0.23653220745822517,0.5177642107885744,0.5440931085469851,1.8741185366768713,0.22199857504478457
279,0.8865046844814829,0.23653220745822467,0.5138471179293923,0.5475422261023345,1.8826362792379927,0.22031906724000194
280,0.8871325054102658,0.2365313538852022,0.5099635449561432,0.5434039909798483,1.8759810797318037,0.2186539315504751
281,0.8868735374241092,0.2336847645118745,0.5061131756911049,0.5468514202266221,1.8850952050737966,0.21700303241062752
282,0.888622973180842,0.23273050290133407,0.5022956971929122,0.5427266638703573,1.8859619017050548,0.21536623564251534
283,0.8876352736838784,0.2348230023598617,0.5060326877751948,0.5386504208885012,1.88703396699158,0.21387398042093297
284,0.8892223578051015,0.23291169434760878,0.5022234424903129,0.534595640188483,1.8878843426181267,0.2122640084346187
285,0.889076806225604,0.23508212267412637,0.49844665061425225,0.5305754047712956,1.9112878989697146,0.21066775284199005
286,0.8900676792204298,0.23317484924653495,0.494702007267748,0.5341020162653088,1.911954359823354,0.20908508477103277
287,0.8907586285331929,0.2331748491470556,0.4984943279687818,0.5375986352776532,1.8976156742955461,0.20751587668657723
288,0.8905975325990362,0.23127380857244778,0.5022544248805721,0.5335679271899401,1.8983879648216435,0.20596000234538311
289,0.8907373774524466,0.22913807539175887,0.4984924779360416,0.5295714382911734,1.9141292954744438,0.2044173367928187
290,0.8911574910233376,0.22823618992459993,0.5172103473638837,0.5330914838299243,1.9147718373291747,0.21037039201156937
291,0.8921315600649798,0.2282361899245998,0.5133441189290068,0.5365816981902973,1.9154090400096124,0.20879784034937476
292,0.8939063527048587,0.22732971661828658,0.5095106265675753,0.5325746748984206,1.9235084336435881,0.20723860377385372
293,0.8931767935446874,0.2267941683112518,0.5280902284880806,0.5360617715319165,1.9315392992163856,0.20569255846279338
294,0.8931767935446874,0.22654500993782076,0.5241544961615497,0.5320666291690747,1.9171439908963372,0.20415958017992195
295,0.8941283264400771,0.2247622413537615,0.5202520003705042,0.5281052250485457,1.9400968498355506,0.20263954761664463
296,0.8926658400755064,0.22387558773369726,0.5163824313977249,0.5316151190581188,1.947980352962408,0.20113234013727505
297,0.8931620618159607,0.22299028158508138,0.5348368030311934,0.535095424870766,1.940936459583596,0.19963783832696155
298,0.8928022323066699,0.22912649831717347,0.5382897156743065,0.538546417760499,1.941374888956564,0.20557893745474015
299,0.8930682297799294,0.2291259906369546,0.5417135717320529,0.5345527761254208,1.9418119351878058,0.204054447500228
300,0.8947796893317804,0.22730762786664616,0.5451086410955733,0.538000893967541,1.9348348208248516,0.20254277497303488
301,0.8957983529191281,0.22730179233022088,0.5410744132055033,0.5340192689341087,1.9501186493097828,0.20104380091515506
302,0.8934100465917245,0.2245937027733919,0.5370740441092973,0.530071061205034,1.9578808808343136,0.19955740756788856
303,0.8936693658416673,0.228032482450374,0.5331072200726655,0.5261559611368521,1.94342007789185,0.19808510602947213
304,0.8917067739639244,0.2271366983161913,0.5291736305195266,0.5370308795321382,1.943839119122131,0.19662351354981347
305,0.8926243806807219,0.22713669772869358,0.5326442017417666,0.5330722993914059,1.94425310395339,0.1951741556718877
306,0.8915095724542339,0.22713669772868036,0.5360857473053926,0.5438745586957827,1.9520274828316972,0.1937369193048835
307,0.8893500386825524,0.2293048485079679,0.5321420292839624,0.5398735422365555,1.9450238139516944,0.1923117656318758
308,0.8890810824618757,0.2283917489349559,0.5355803891772809,0.5359059288767808,1.9454278604559594,0.19089843700791342
309,0.8893467789522058,0.22694242450767715,0.5389900686521721,0.5393132183017996,1.9458285223225167,0.18949689953566615
310,0.8908252465422186,0.2260521502512281,0.5423713319615345,0.5353576419176498,1.9388913735160904,0.1881070402938824
311,0.8901415498129545,0.22516322552657572,0.5457244407122084,0.5387621409484856,1.9393391275593457,0.186728753908162
312,0.8888238116789045,0.2233957529105349,0.5417298386111677,0.5348185015956552,1.939803071479098,0.19268174918341557
313,0.8880390747210125,0.2255641366466029,0.5450809239694765,0.5309076565665112,1.9548683554229633,0.19127396934458915
314,0.8880842939868547,0.22381728155416317,0.5410990041010123,0.5343344653949318,1.9625904224317694,0.1898766766026111
315,0.8886139886742016,0.22381728106591134,0.5371501237703024,0.5304349519150945,1.962863442621262,0.18849097774193338
316,0.8892702922762951,0.22381728106585977,0.5332339800313678,0.5265677657711654,1.9631341902185642,0.18711676645599243
317,0.8899258805734445,0.22511255005535988,0.5293502731875616,0.5300159181081897,1.9634027223368313,0.1857539654865333
318,0.8899256125263376,0.22970383138102096,0.5400483687806144,0.5261619003360394,1.963667644286078,0.18447162492911406
319,0.8903186286843491,0.22970280656010764,0.5433916447265837,0.5223373581327311,1.9566784813604838,0.1831307457920962
320,0.8891138110553406,0.22881175431647102,0.5539687922723366,0.518544410436374,1.9715160412879962,0.181800943644941
321,0.8897735154627979,0.22881175384413918,0.5499501738499638,0.5147827687163588,1.9572144158906764,0.18048211732922112
322,0.8894951596811869,0.22616766284296408,0.5459646948923569,0.511052147307341,1.9431521946458468,0.18642114859422335
323,0.8894886128933601,0.22528738726223124,0.5420120532472567,0.50735226337865,1.9363244360996108,0.1850715082193888
324,0.8902718152219352,0.22528738726223124,0.5380919497584179,0.5036828369040443,1.9367849697698571,0.19819798293521304
325,0.8903981558833552,0.2260309376961493,0.5414172610152912,0.5000556913866091,1.9227984765297959,0.19676601102180594
326,0.89130705709596,0.22603092521653778,0.5375092831396321,0.49644626346613296,1.9450100812016717,0.19534574374714805
327,0.8909774527199884,0.22551613745695526,0.5336333910816533,0.5072881450279478,1.9732533770792988,0.19393713734629292
328,0.8911079197396652,0.22824483216381758,0.5441964144894376,0.5108375984010409,1.9734458399167971,0.19254036483149478
329,0.8925323208128855,0.22824482937507587,0.5402801429951763,0.5071613912972294,1.9736369593282823,0.19115476154156558
330,0.8925598470061334,0.22811971820248367,0.5507744154888027,0.5107045250227094,1.9877028713732197,0.18978050459325804
331,0.8929451800721885,0.228119701688084,0.5468187251670091,0.5142186704158779,1.973428792887921,0.188417491199438
332,0.8937129201388145,0.23025487046468057,0.550070243363486,0.5177040898724378,1.966444560936404,0.18706562335917182
333,0.89300014588883,0.23025121108041532,0.5461275038121368,0.5139933412623071,1.973864902445552,0.1857247927274217
334,0.8925714642049712,0.2302512110803149,0.542216937165307,0.5246339481463467,1.966906768209552,0.18439490332456335
335,0.8914709910137593,0.23025121108025653,0.5383382529031091,0.5208810417013207,1.9671434967016117,0.18307585635178975
336,0.8916005983732753,0.2308671502053925,0.5416373944141706,0.5171587054279146,1.9816710793366936,0.18176755470084566
337,0.891722854671877,0.23207770551996876,0.5448562260889172,0.5135201231988774,1.9746094716041338,0.18052787937515255
338,0.8925019682428269,0.2320776922473342,0.5409703371586305,0.5169896747567965,1.9676588481150896,0.17924036304610624
339,0.892631523825681,0.23440781845896042,0.5371160423046762,0.5204310146983633,1.9678892255398714,0.177963355921575
340,0.8917809265011883,0.2326125399305381,0.5332930097167544,0.5238444444129141,1.9610004726286938,0.1766966655687328
341,0.8910736736066812,0.2326111611821881,0.5295009822643213,0.5272301909078358,1.9683884349010907,0.17544024818770262
342,0.8915175146604563,0.23171826575242574,0.5257396815428892,0.530588502759129,1.968620739974836,0.17419401153436392
343,0.8921607793539342,0.23171826575214494,0.529105213984928,0.5268232439974051,1.9688434192471091,0.17295786426626647
344,0.8913303497686934,0.22903217139813145,0.5253542340631706,0.5301777309015138,1.983242879385438,0.1717317159331463
345,0.8917103338776895,0.22902526490607814,0.5216335684497303,0.5335051078363935,1.9905016744101918,0.17051547696754824
346,0.8921868393297768,0.2290252649060781,0.5179429458160092,0.5368056174501651,2.0047191346682363,0.1693090586755536
347,0.8924875499866918,0.22728744707843512,0.5142820974776464,0.5471475533087956,2.025895800034064,0.16811237322761174
348,0.893367311222946,0.2272874470478279,0.510650757366785,0.5503451393457915,2.0186520526834926,0.16692533364947423
349,0.8938468276936762,0.2272873124904669,0.5141025933073478,0.5464630425400717,2.0185205013379184,0.16574785381323062
350,0.8950823118188442,0.22728509145282455,0.517526654460563,0.5496590634617645,2.0113490346666456,0.1645798484284444
351,0.8955714875473744,0.2285430390680104,0.5209231790514325,0.5457895623318106,2.004229404563737,0.16342124241180364
352,0.8959373059926258,0.2285430229735294,0.5172596298823965,0.5489839340518727,1.9901356857845034,0.16227193329883466
353,0.8971464691945543,0.22763202392579726,0.5206512536260677,0.5451268981359191,1.983179761175683,0.16815761963799553
354,0.8964956845925863,0.23071789852055,0.5240151764427592,0.5413012949380211,1.9832969035090309,0.16697837549599734
355,0.8968574302843857,0.23591110247031127,0.5203411355605999,0.5445173540688175,1.9904253268717285,0.17281973065042328
356,0.8941552707729842,0.23591037550701816,0.5166962883741767,0.540703159091136,1.9834984934615882,0.17160917575485274
357,0.8947643442298306,0.2359103755016617,0.5130805898513187,0.5369194670894339,1.9836139665848929,0.1774060269166774
358,0.8942188993455463,0.2349604260826548,0.523475243094714,0.5331660076605431,1.9767377862321711,0.17616582914906406
359,0.895189355898534,0.2340124405051697,0.5407706568018127,0.5294425130129167,1.9699505207194743,0.17493553218244115
360,0.8951893558985339,0.23306643636042082,0.5369978279509676,0.52574871793947,1.9562066423011013,0.17371504838851787
361,0.8956041151784814,0.23306643636040267,0.5402248558525948,0.5290541497753918,1.9634817940690874,0.17947408096874212
362,0.8949368719528037,0.23211678208936062,0.5434261891130123,0.5253704390141705,1.970698932838888,0.1782244345881107
363,0.894392925014425,0.231169211679277,0.553557918935443,0.5217160335147732,1.9639468828009423,0.1769847295999353
364,0.8943928973471591,0.23388441942758892,0.5497113217355464,0.5250395586471585,1.9572484737665756,0.1757549068542425
365,0.8947550018541628,0.23307185548326942,0.5458952441505611,0.5213947516152453,1.9575456007632768,0.1745348221771066
366,0.8948770557112871,0.2385458568314509,0.5490444733414959,0.5177788644187405,1.9717100791901927,0.17332441834147724
367,0.8963284187662617,0.23854585683144489,0.5521687367250467,0.5141916425060461,1.9719060744901993,0.17212361005399038
368,0.8968061543864826,0.24054723520196797,0.548347082026259,0.5106328338014542,1.9721007583258157,0.17093258273208262
369,0.8956971044331967,0.24054723520191146,0.5445556709636666,0.5071021886344483,1.9722936607730626,0.169750711420334
370,0.8959831464138509,0.23961913844162788,0.5407942379948879,0.5035994597261367,1.9724850379700714,0.17548552828642622
371,0.8946599092900359,0.2396189023613754,0.543962959534893,0.5139252809957496,1.9657762157642065,0.17427460103017328
372,0.8922231672328848,0.23961890229797786,0.5402131277955788,0.5103825152678009,1.9522251897882148,0.17307323167432961
373,0.8941475560443879,0.2396189022979694,0.5364928678011918,0.5137543406590767,1.966327502974809,0.17188133650042903
374,0.8943845341840014,0.23978008880385349,0.5396816898305202,0.5102198294367029,1.9803209282870715,0.1706993329741738
375,0.8943693127163264,0.23267576316596192,0.5359725154367171,0.5204589288265384,1.98732907322503,0.1695261347596746
376,0.895081884501478,0.23179546813326254,0.5391585389716861,0.5168854456786884,1.9943204308716913,0.16836216436329823
377,0.8957898464330871,0.23091192878463618,0.5354603638890963,0.5201992060621095,2.0012198993221544,0.18092566269349167
378,0.8959072842956539,0.22571803899560747,0.5386435311634101,0.5166346424379504,2.0012154732682714,0.1865382098758439
379,0.8954839729001143,0.2286442620720302,0.5349652405436445,0.5199345287455659,1.987516240546254,0.18526127074419257
380,0.8957185178843146,0.22864101455272473,0.5313068197108665,0.5163788971503048,1.9807718969461718,0.1839943404073566
381,0.8958342709781948,0.22750992801717093,0.5276770489925591,0.5196828895945099,1.9877907261033398,0.18273733175554155
382,0.8960066062033796,0.2266393909795067,0.5309006297683386,0.5229610301127265,1.9817238225579952,0.18149015850595043
383,0.896287645372649,0.2295757397075228,0.5340990097948038,0.5330316723271427,1.9818484320552003,0.18025273536562952
384,0.8974568609154967,0.22957573958989294,0.5304610935868366,0.5362123403618974,1.9683494404597897,0.18583629160849896
385,0.8979198772128629,0.22782539874253654,0.5268515677007071,0.5325636800804973,1.9549557943016487,0.1845717673799499
386,0.8956978554664844,0.2252345042636683,0.5232701860293929,0.5289434691528316,1.9620597479711317,0.18331710290657374
387,0.89651561137195,0.2252343221039282,0.5197167047936612,0.5253514611566187,1.9623189898579931,0.18886312373452416
388,0.8962493948795328,0.22437383108688042,0.5161908825183354,0.5217874119986138,1.9625746225131961,0.18758185299123498
389,0.8965146637023129,0.22351536342184403,0.5126924800088211,0.5182510798908802,1.956054280784301,0.18631054648918616
390,0.8971202114477012,0.223515363421844,0.5227623978178496,0.5215127940722997,1.956351818297327,0.185049118126266
391,0.8967571592241733,0.222687952875325,0.5259903382561674,0.5247491865823815,1.9503340341486428,0.19056128417272722
392,0.8976591908936666,0.22182713840998497,0.5291932410411413,0.5212034347406693,1.9506855413312387,0.1892736537359559
393,0.8968566176323107,0.22176391308068985,0.5256210345338308,0.5176851617227635,1.944269509719689,0.18799600216163154
394,0.8978490728067717,0.2209003441868659,0.5220764877669989,0.5141941308361311,1.931158249416648,0.18672824349548467
395,0.8976440570549743,0.2208920646130415,0.518559362679301,0.5174669080061876,1.9316222736195277,0.18547029259141554
396,0.8973172201566131,0.2208915669583947,0.5150694234460591,0.5139843210660457,1.9260820636164988,0.18422206510330064
397,0.897652790316257,0.21829712143492944,0.5183297767129278,0.5172519698454283,1.9467494955340625,0.18298347747688798
398,0.8980994061288033,0.21744089870341085,0.5215649727013019,0.5204944050532629,1.9471071589647235,0.18175444694178025
399,0.8966847716647813,0.21735356484553872,0.5180653202329595,0.5170019359942906,1.9541719720232908,0.1805348915035045
400,0.8975720059860935,0.21649490299942606,0.5212958250002356,0.5135363683789285,1.961184092667465,0.18602793039602428
401,0.8977920782348158,0.21787365702523911,0.5245014678003127,0.5167939723850064,1.9480510223400669,0.18478219431968762
402,0.8975443625858316,0.2173602625784257,0.5276824614267689,0.5133367202148623,1.9549501712105632,0.18354603701822478
403,0.8974590909442459,0.21735949463676402,0.5241558956910454,0.5099060288033956,1.9485681535791919,0.18231937664500308
404,0.8979238896425307,0.2173594705919121,0.5206563996671796,0.5198545536034725,1.9622665085708044,0.18110213204489856
405,0.8979238569191215,0.2170801723578026,0.5238535103257337,0.5430663167150849,1.949178645991395,0.17989422282018877
406,0.8994311142592073,0.21707425532847838,0.5203630211240211,0.5461109123052014,1.9428562666393703,0.17869556932292785
407,0.8996456447167266,0.21587910133626445,0.5235556968084468,0.5491321986478545,1.9299238393632308,0.1775068964763185
408,0.8984791072460369,0.21587910133411198,0.5267239507940232,0.5454805855100331,1.9370396198821898,0.1829763018945219
409,0.8995534943686746,0.21727072084280216,0.5232248486238487,0.5418568803459354,1.9308147325126555,0.18176077247385444
410,0.8998662251150265,0.21727012930211592,0.519752465607181,0.5382608458041387,1.9379124576633735,0.180554516652682
411,0.9007131040275941,0.21726438337558324,0.5163065746835328,0.5346922467385337,1.9250999608374437,0.17935746380285983
412,0.901028865912528,0.21639511291681068,0.5128869509005506,0.5377740929467371,1.9123518566860604,0.17816953577918207
413,0.9015535860232601,0.21552796325487109,0.522726617049453,0.5342158446068889,1.912931805617955,0.17699065516144175
414,0.9004177769008813,0.21470497426510982,0.5258813986508951,0.5306846727922241,1.9072200650864923,0.18243075475983203
415,0.9007278496201199,0.21469359123563486,0.5290121947539184,0.5271803481342496,1.9276544877942836,0.18122609100175874
416,0.9011490894899538,0.2146935912355503,0.5321192083815143,0.530299446092581,1.9347285395705935,0.186627380939294
417,0.9015663603999192,0.21391811994240573,0.528612431479239,0.526804661804483,1.9351587019364906,0.18539746745656024
418,0.9017722180882517,0.21223785378488047,0.5251322468956215,0.5299200011778294,1.955566490651584,0.18417688055837003
419,0.9001635165188238,0.21051947154937584,0.5282554720297631,0.5264346950985196,1.9558587466445654,0.18296554148822422
420,0.9004464152711278,0.2104590690249757,0.5313550544484431,0.5229757726759716,1.9627204546394958,0.18176337221651842
421,0.8996318106860999,0.209632520914139,0.5409950944958897,0.5261069124854502,1.9632053109042122,0.18057029543330166
422,0.8995300957869367,0.2079278869460847,0.5440049459037659,0.5226570503766812,1.9568911571863516,0.18594357493504668
423,0.8999353014986969,0.2079278869372399,0.5404412857400789,0.5257840220463292,1.950622852906875,0.19127628463712107
424,0.8995201513823938,0.20707648780945337,0.5369045088985005,0.5223431658387971,1.957537900025085,0.19002452695002778
425,0.9003545462348342,0.2094690169729038,0.5333943894443223,0.5189282440458524,1.9643532022561512,0.18878220400849258
426,0.9011748709395733,0.20946901697289605,0.5299107035189066,0.515539038880109,1.9711171836370516,0.1875492365830975
427,0.9014806992412175,0.212720339712004,0.5264534199364944,0.5186997794587861,1.9713052534674655,0.18632592801390985
428,0.9030888054831056,0.21184429608927247,0.5360581647477248,0.5153188350877378,1.964976192182256,0.1851114343463855
429,0.9033861637511781,0.21097068032487482,0.5325675687817844,0.5184748846179343,1.9717172301636603,0.18390606286158956
430,0.9033516897896444,0.21334812156308802,0.5356082592471624,0.5151021583510211,1.9719012124467765,0.18270973737762114
431,0.9033511520411535,0.21273111969001168,0.5321275612475991,0.5117547210753839,1.97201284115152,0.18163013739594414
432,0.9032183979093478,0.21016625293426278,0.5286729392240537,0.5149244552073851,1.972194536709414,0.18045097751308353
433,0.9032992100375422,0.21014033003070806,0.5252441754093823,0.5180704635463177,1.9920491432567269,0.17928064376585778
434,0.9036585162613794,0.21014032948577513,0.5283201765805354,0.5276720666306585,1.9856215394162668,0.17811906250318574
435,0.9038160233615294,0.2101403294857751,0.5313731934192657,0.5242566317853177,1.9986606425745965,0.17696616074627197
436,0.9031944158794865,0.2101403136537918,0.5279372401597474,0.5208666954748017,2.03100070026032,0.17582186618197915
437,0.9034873075644353,0.2125108975959088,0.5309866290883853,0.5175020470645605,2.0372601540152764,0.17469673983755238
438,0.9035437911521526,0.2233577974637611,0.5280785231003378,0.520097243123627,2.0370197485391497,0.18647590490954843
439,0.9049994187708729,0.22245780604538334,0.5246741023605569,0.5360846995507188,2.036781104221091,0.18527373059195582
440,0.9054775066406227,0.22066974719121973,0.5212950100493638,0.5390724830485895,2.0429845847290515,0.18408050028824416
441,0.9056890235670813,0.22002158880113845,0.5308088901064367,0.5484719841409723,2.04248342447163,0.18289613977516658
442,0.9061649196701487,0.2191338778962896,0.5402521106094228,0.5449466824623305,2.0422103799296774,0.18814807185805482
443,0.9057242290589811,0.22229033129251916,0.5367844465400203,0.5542883510119454,2.03551760513256,0.1869406263632898
444,0.9052840690010231,0.22139174814895005,0.5461704683476334,0.5507327829085298,2.0288751726494367,0.1857414668876913
445,0.9058327129308855,0.2204482525054592,0.5426704753979423,0.5472035535395835,2.0415066215188933,0.18455119047721644
446,0.9063042066471775,0.2195525034544349,0.5391963870786749,0.5629059583515281,2.0412493314900897,0.1833697237046347
447,0.9063089125779148,0.21780152377118153,0.5421434285142235,0.5720968057510711,2.047380966054269,0.18859243288980945
448,0.9063393602618068,0.21780140088615305,0.5386796487552749,0.5748306993022497,2.0406897911914803,0.19377655384266593
449,0.9065542889550348,0.21780139013533006,0.5352414391767072,0.5775444108106569,2.053195481071947,0.1925397437922711
450,0.907104991317843,0.21780039920044716,0.5382048705975886,0.5738618250592101,2.0401150580977854,0.1976883376976103
451,0.90676024692761,0.21780039920020466,0.5347765548597261,0.5765762862086073,2.052599347448503,0.19642908109042262
452,0.9066558726915167,0.216929623580962,0.537737023651415,0.5792707606669237,2.046118607550662,0.195179096442351
453,0.9071093861718071,0.21692901500789336,0.5343185318808399,0.5755882313985684,2.039470452309621,0.1939383075332188
454,0.9069504761844464,0.21692901498218967,0.5372759944767909,0.5846344245912791,2.039219782641965,0.1927066388289259
455,0.9066132350669154,0.21602044586060548,0.5402117375270415,0.5809252233645339,2.0326290763742803,0.19148401547477445
456,0.9059148573671643,0.21544075974786966,0.5367878007849646,0.5835813772866394,2.0197506287368037,0.19660850165984894
457,0.9059485587748135,0.21453480095490055,0.5333889659625389,0.5862180581380205,2.006961984887479,0.1953636152804468
458,0.9064024980305373,0.21363164030358334,0.5426659770441218,0.5888354253682703,2.0069180420165487,0.19412784766256286
459,0.9062827859390098,0.22722300847539556,0.5453990853426391,0.5852713396606524,1.9942360260992522,0.1929011373761909
460,0.9067603300723209,0.22722266131065738,0.5419560701141267,0.5878894538666046,1.9942724131600185,0.19168338404393817
461,0.9068511046793996,0.23280750446841664,0.5385382777828989,0.5904883719243665,2.0006149248433767,0.19678119069493796
462,0.9063304786742152,0.23585056516183195,0.5414451120432029,0.5867686409464281,2.0006162331781745,0.19554239775302576
463,0.9070588242530447,0.23491352290545328,0.5380372963989274,0.5893694886755247,1.9880245020021003,0.1943116683081384
464,0.906711087936626,0.23490766592414822,0.5409419495144018,0.5919513836742549,2.000684136242844,0.1930899073557398
465,0.9069793407783036,0.2330362836042788,0.543825454282701,0.5882331292277411,1.994506828993272,0.19187704186306023
466,0.90734181101559,0.23210682004058156,0.5404129099445735,0.5845419234946574,1.9819911579609246,0.19067299944895497
467,0.9066331743137703,0.23435844264899558,0.5371490874235815,0.5870224290428109,1.9695664575139187,0.18947771509870726
468,0.9067499145875799,0.23435844264894246,0.5463102428094482,0.5958712508694214,1.9760198509110174,0.18829110423135575
469,0.9071123158852413,0.23342024929521613,0.542892375240824,0.5921433159638837,1.9636573301549134,0.18711310314665477
470,0.9049428700529643,0.23573299491618438,0.5456632079519681,0.588528507119719,1.9513844277369052,0.1859436422260831
471,0.905586811401092,0.23573299491618338,0.5484999850119897,0.5848538670787041,1.951687972469758,0.18478265181554188
472,0.9045472461332046,0.2357279697749663,0.5450786970871241,0.5999184259248982,1.9395144986018225,0.18363006353357986
473,0.9048782978167319,0.23571984851407277,0.5416821478139908,0.6024114545222011,1.9274470713946565,0.18248580938797945
474,0.9052458776940494,0.23571984848040792,0.5383101371579843,0.5986613995275019,1.9341237913658509,0.18134982198963243
475,0.906247405676446,0.23571984848034028,0.5349624668575623,0.5949384137450159,1.9220957645354693,0.18022203454675295
476,0.9061746300889202,0.23571829782845527,0.531638940407246,0.5912422786385557,1.9288023141337842,0.18531501568162526
477,0.905601937302608,0.23571829782747622,0.5407522136266626,0.5875727776061612,1.9230377768465354,0.18416487188113828
478,0.9063228919503502,0.23888562898480184,0.5435996360697801,0.5839297117331249,1.9111145251376258,0.18302301386773356
479,0.9066811123354505,0.23789461367752815,0.546426591264111,0.5803128365897904,1.8992770343989551,0.18808338961920526
480,0.9068601215660457,0.23789460620537262,0.5430453942689561,0.5767219571364536,1.887524814218064,0.18691956084149555
481,0.9060597893481824,0.23504257302609377,0.5396884781543839,0.5731568643247462,1.8823638847441906,0.18576408969204902
482,0.9061794474994316,0.2350369878272951,0.536355647814859,0.5696173509498061,1.8831262753211295,0.19079237963198875
483,0.9047207067658907,0.23503018151978616,0.5330467098641407,0.5784418081001576,1.871624917578103,0.1896153245413149
484,0.9035504778228625,0.2330694206813753,0.5297614726188888,0.574876794871456,1.8785792447293825,0.18844670026331795
485,0.9033350530612839,0.2330694173252941,0.5264997460824371,0.571337294560584,1.8977977871076095,0.18728643921240187
486,0.9042385575050919,0.2301625734516793,0.5294121600018674,0.5739739208764799,1.8984264144742953,0.18613447439724107
487,0.90317292408464,0.23016257345167926,0.5261590968102557,0.5704470403549942,1.892923347632437,0.18499073941512523
488,0.9031433305855671,0.23016257012487404,0.5229292540777097,0.5669453348085872,1.893580715994143,0.18999369717679054
489,0.9044857092698644,0.23016257012487404,0.5197224462393492,0.5634686030529835,1.8942333208951725,0.1888285811068927
490,0.9047491822429041,0.2296022950864534,0.5165384893571859,0.5600166456677387,1.9132928469439814,0.18767176737926794
491,0.9039866043259239,0.22559945914713292,0.5194973418446995,0.5627094057195153,1.9077033661838365,0.19308408335983784
492,0.9041238072150064,0.22467290576901922,0.5163211228062246,0.5592689871001847,1.914389208509517,0.19801493610690438
493,0.9037212945096348,0.22466821987325222,0.531491216539758,0.5558530209563836,1.921020027497145,0.196805478165717
494,0.9044312064131631,0.22373703022416982,0.5343499671035243,0.5524613126402786,1.9276052166548825,0.20170641678878695
495,0.9045624087417568,0.22281156094633478,0.5310927251609138,0.5490936692043561,1.9341495330217482,0.206570053287396
496,0.9034304384826793,0.2209693343474458,0.5278585741861551,0.5457498993853418,1.9345659215252147,0.21140173729357842
497,0.9024881742889452,0.22096933400709112,0.5307308606379023,0.5424298135882845,1.9532158860467324,0.21011566851692423
498,0.9031090651021978,0.21913835659950004,0.5275053707144111,0.5391332238708006,1.953501063156295,0.21491615053310056
499,0.9031975611094009,0.22192193106589744,0.5243027049723344,0.5419313017198498,1.9537833414500867,0.21361134964781298
500,0.9017066314094542,0.22192191356863755,0.527187954914101,0.5447096288174655,1.9722596380060027,0.21231573131957301
501,0.9018854106227587,0.21884086793535878,0.5239935942915702,0.5414091000918209,1.9845462123144766,0.21102925844672915
502,0.9025091735864799,0.2179703639779297,0.520821762498742,0.5381318489664145,1.9785872283415076,0.2158050467553715
503,0.9025032487733557,0.217905374861412,0.5253544898170881,0.5392897589711866,1.9726695763813793,0.2209488830291117
504,0.9023368793696641,0.2167330525700875,0.5221807787740378,0.5481140418703889,1.9786586104821635,0.2248307692182063
505,0.9028531802394286,0.21589186669736166,0.5250644444145987,0.5448061430680026,1.966717384816938,0.22347390299069889
506,0.9030918540462207,0.21253964192883082,0.5218988184272995,0.5415214939113469,1.9669180519534608,0.22815559724491424
507,0.9037849874017028,0.21253502993092313,0.5187554230417579,0.5382599111964023,1.9791632998781505,0.22678141660636383
508,0.9036639216762514,0.21170496399687025,0.5216510609380417,0.5350212133044447,1.9732723181818543,0.23143385559349397
509,0.9030201259674593,0.2100583129676185,0.5185154353219557,0.5318052201871872,1.967440654279076,0.23004271507760282
510,0.9024602187782513,0.20989080167714852,0.5214067288455109,0.5346167091401931,1.9756548982945772,0.2286613187441821
511,0.9013558062123245,0.20872728846082614,0.5242777877843398,0.5314095681832766,1.9817999640789867,0.2272895900494572
512,0.9012545270735614,0.2087272884608261,0.5211358130855384,0.5342178109034015,1.9819090366431087,0.2259274531100794
513,0.9013416321934669,0.20764529912083676,0.5299897121902993,0.5370064472598961,1.9760509018173729,0.23056182728201466
514,0.9006696163495507,0.20670667186037384,0.5268198522329912,0.5337946203228211,1.9768738259384138,0.22918284069571915
515,0.901479393769255,0.20589234723042407,0.5296471064295146,0.5365802002385345,1.9829999660093478,0.22781347185979922
516,0.9016584480391646,0.20657868194064524,0.53245465877368,0.5333773348539907,1.9950417431165293,0.2264542066878098
517,0.902359355319975,0.20657868194064524,0.5292795955023395,0.5301967696025555,1.989108301917456,0.22510384488244783
518,0.9024483007193602,0.206451865271757,0.526126619901412,0.5270383302966517,1.9891731832035213,0.22376288344270173
519,0.9017211425771953,0.2095308325481857,0.528946713201182,0.5298529978677674,1.9890994718992179,0.22258206374747355
520,0.9022597215888806,0.20712090402420555,0.525802016303388,0.5385933238808114,1.9891643457938484,0.22125876764239868
521,0.9024374803892119,0.20632729520156357,0.5226791397133715,0.5353944763478342,1.9952309146831537,0.21994465357592155
522,0.9026990967332094,0.20632386738661487,0.5255112404380948,0.5322178058717796,1.989325884327901,0.21863965003508046
523,0.9031994645898322,0.20473665218372644,0.5223963269035394,0.5290631398641423,1.9834202718434786,0.21734368611903374
524,0.9038203443864576,0.20700180822820485,0.5193029715993444,0.5259303072126312,1.9894399203872548,0.21605669154432033
525,0.9041730703908565,0.20588601992520833,0.5162310070135321,0.5287346919111522,1.9776863599917065,0.21477859659541643
526,0.9041349463326757,0.2043116145365835,0.5249995491584774,0.5315197007197743,1.9719085862034111,0.21350933218499868
527,0.9025438880245775,0.20431161453517968,0.5278038256409382,0.5283817495998281,1.9779781648500865,0.21224882980448184
528,0.9019002789188408,0.20657721552855968,0.5305887467227294,0.5252654553458878,1.9899038091613934,0.2109979343745206
529,0.9016099466857903,0.206243304782338,0.5333544890476635,0.5339545008677323,1.989992695831199,0.20975474748136663
530,0.902233885313605,0.20466274102335016,0.5302151380191262,0.5308116181398036,2.0018265031400766,0.20852012061355502
531,0.9016874785745536,0.20397092360792768,0.5329775512686257,0.5394506905759573,2.0019467544790484,0.2131741541562926
532,0.9012261661896294,0.20703011033853197,0.5298467166194756,0.542156060774557,2.007809518989512,0.21192265761754506
533,0.9014035275900095,0.20466482544670772,0.5267373546059481,0.5507112984010167,2.0136476283402276,0.21067900687718377
534,0.901493264523753,0.19930656750573392,0.5236493291983905,0.5533452770124333,2.0253053845565967,0.20944389013373116
535,0.9016165652457789,0.1993064034022182,0.5205824758892262,0.5559611965579528,2.0310142992665003,0.20821724158913327
536,0.9013317662722289,0.19930640340200628,0.517536631565821,0.5585591961669973,2.0425345195761095,0.20699899600327085
537,0.90086803707881,0.202330317395801,0.5145116563685818,0.5611393919191663,2.0481308313722875,0.20578981045192318
538,0.9017635593029999,0.20155814643047043,0.5173464952183731,0.5578628153149534,2.047849802679881,0.20458817305483007
539,0.9023891484104198,0.20155814161419455,0.5259952770651468,0.5604419398672208,2.0475707164978294,0.20339474622147036
540,0.9021902975427152,0.20155814137447772,0.5229300487804799,0.5688309393045536,2.0472935026036594,0.2022094668924442
541,0.902368352367129,0.20510095254029317,0.5257073868565821,0.5655194001423004,2.052840545902529,0.20103227256811443
542,0.9017076072314398,0.20510080898468813,0.5342816356370578,0.5622304302432606,2.046718411204256,0.19986310119566333
543,0.9019662770933515,0.20459472903630205,0.5311774452964851,0.5647738829453456,2.0526846097334883,0.19870189132658614
544,0.9020369083325595,0.20459472888819857,0.533898594147107,0.5614958115577394,2.0639872584497247,0.19754858200352748
545,0.90221399807642,0.20675842105327347,0.5308028270175781,0.5582400242306245,2.0636160177677056,0.1964033371690378
546,0.9021798597457348,0.20733355104853268,0.5277551340964883,0.5723571701723046,2.051662269576053,0.19526565200178617
547,0.902800543969836,0.20733161585762802,0.5304879360754667,0.5690450350486399,2.045591455422359,0.19992251495053173
548,0.9026873747248022,0.20582484125052666,0.5274211595105242,0.5715364066655628,2.039546933362593,0.19876675316603104
549,0.9030039659244536,0.20532733433374775,0.5243751596534569,0.5797861702987863,2.033560014449606,0.1976188214025513
550,0.9035997679180762,0.20384330490829558,0.5213497781641538,0.5764410950886351,2.0564443824256475,0.1964786599871931
551,0.9040350114152657,0.20384275299096197,0.5183448580307111,0.5731186433970372,2.050357452454689,0.19534620974761235
552,0.9040335695783802,0.204112274997378,0.5211182141962477,0.5755766137146529,2.0615834163465907,0.2000534882577124
553,0.9041548789645453,0.20407597520889265,0.5296250609956757,0.5722657729691615,2.078488329156045,0.1989027374724665
554,0.9036042331388404,0.20391575465086373,0.5323280546867639,0.5747237332498987,2.0858252129774355,0.19775974961332105
555,0.903833686007129,0.20532034175608388,0.5292721069862406,0.5714244037187983,2.0738511040655427,0.19662448327283508
556,0.9042696001226435,0.2045767138466742,0.5262367395194392,0.5738822782314463,2.0734275703358898,0.19549684485806684
557,0.9052192952111511,0.20383495361484932,0.5232217962900008,0.5705943616735324,2.06727763395431,0.19437679404344746
558,0.9053050975251483,0.20449799232741575,0.5202271226035432,0.5673285498654981,2.0783396505553253,0.19326431457087861
559,0.9059042416656167,0.20303299887914986,0.5286881762281158,0.5698024811000336,2.0778917196975337,0.19215926679342676
560,0.906040504243963,0.2028174279371189,0.5256682614460038,0.5665477176819548,2.077562393884917,0.19106163564447728
561,0.9048257260696434,0.20136273898130772,0.5226685978547707,0.5690211617248379,2.088532674713106,0.18997136508001972
562,0.9053361442015359,0.20135741121121767,0.5196890325436603,0.5657773553784803,2.0823273005794825,0.18888839952245623
563,0.9047307905837844,0.20063111271518147,0.5167294138735652,0.5625552646295198,2.081858448245505,0.18781268385638802
564,0.9046281311426118,0.1991304950187026,0.5137895914655473,0.5593547257627485,2.081392538875339,0.18674416342444278
565,0.9049723541308934,0.19913049498486046,0.5108694161894687,0.556175576422508,2.0866135378345034,0.18568278402314245
566,0.9053394010165015,0.19913049497604235,0.5079687401527331,0.558695576307394,2.0861217682096544,0.18462849189881117
567,0.9044748711257987,0.1980269631851889,0.5050874166891364,0.555526517769386,2.080857867233169,0.18358123374352275
568,0.9046313626153726,0.19518867152357058,0.5135584527754694,0.5580451606314688,2.080399838176906,0.18254095669108755
569,0.9055775159119105,0.19518867068306045,0.5106512433261032,0.560547028292806,2.091266540177677,0.1815076083130779
570,0.9061726249028192,0.19518866161141016,0.513418635029054,0.5573769922519358,2.0850952956235784,0.18048113661489232
571,0.9067630379648265,0.19668213440487997,0.5105180241026562,0.5542280341044443,2.073315543596471,0.18511129353460443
572,0.9069210978408716,0.19641099562910627,0.5076366832554293,0.5623879062821852,2.072901897106503,0.18406653369036233
573,0.9066867061783781,0.19640478943433096,0.5104127822604821,0.5648553006973531,2.066852826434918,0.18302870876786423
574,0.9062352311222216,0.19640478943432862,0.5075377911295749,0.5616736523605721,2.083374301607104,0.18763044543695012
575,0.9050406192072952,0.19640478940153674,0.5046818512678535,0.5641401360600029,2.071651053426003,0.1865746397851122
576,0.905016583688519,0.19366863731872286,0.5018448203686717,0.5665902893567868,2.06554642687387,0.185525824542907
577,0.905461663704039,0.19366834830189028,0.4990265572970306,0.569024234139756,2.065178330903673,0.18448394753447056
578,0.9047001909512847,0.19289279365609274,0.4962269220791005,0.5658318984564967,2.0704803667929217,0.1834489570132089
579,0.9037681166493855,0.19289279261082326,0.49344577589184424,0.5626606452314059,2.0644807754857317,0.1824208016579618
580,0.9018970892760599,0.19289278964368706,0.4906829810527398,0.5651093011351029,2.0698930565705402,0.18699841423485744
581,0.9017648931906554,0.19130000536316283,0.48793840100960173,0.5619484258449929,2.075106364600595,0.185952459645794
582,0.902289185296355,0.19030453091725297,0.4907996972193288,0.5588083721793742,2.0802747099888785,0.1849133950703152
583,0.9027152350970372,0.1896018647837801,0.4992243730862164,0.5668534092126231,2.0742444615188376,0.18388116931867515
584,0.903577150076025,0.19553786118987482,0.49644038295117515,0.5692689078418004,2.0626771625181233,0.18285573162048213
585,0.903460426259413,0.19482106972466745,0.4936746844773513,0.5716685360048613,2.051185867141648,0.18183703162096487
586,0.9038867008408095,0.20070797885150557,0.490927145201099,0.5740524082184671,2.0620319662023716,0.18639051700098838
587,0.904373940278674,0.20069326460066228,0.48819762579943976,0.570860718369743,2.0561271456883365,0.18535419921450483
588,0.9040834426431182,0.20069326407836793,0.4910403658018658,0.573244316930434,2.0724938343816834,0.18432467332074992
589,0.9044060871020012,0.20066523703137912,0.49386449063575305,0.5756123069272401,2.072091663840985,0.1833018890910272
590,0.9056597845272422,0.2006652370313606,0.49112686501454395,0.5724215308556526,2.066148767231157,0.18228579670636186
591,0.9063996736017501,0.20066523107036238,0.4994826005789722,0.5747893459743489,2.0713203958687556,0.18681407909907916
592,0.9065061461172021,0.2006650095406507,0.5077837590059073,0.5826738926216506,2.0764594699139622,0.185780586739989
593,0.9049068403597874,0.20066270500888383,0.5105040747287922,0.5794536474948097,2.070613602774774,0.1847538391257801
594,0.9046139918644004,0.20034195718561387,0.51320665224071,0.5872966885268477,2.070252506417768,0.18373378656745662
595,0.9051873454029064,0.20337043885617087,0.5103759965854094,0.5895730053770278,2.0753806453940062,0.18823600577884828
596,0.9054320656140155,0.20561039152532973,0.5075637672789594,0.5863243916195121,2.080475398412326,0.18719880840068706
597,0.9056766182946357,0.20704735943617056,0.5102744107023472,0.5830969309267205,2.0745277839353573,0.1861683765646559
598,0.906406028791838,0.20923800144770074,0.5129674624422161,0.5798904205080898,2.079617051515529,0.18514461738101898
599,0.9066113007169647,0.20823874073285537,0.5101494206857518,0.5821983375281332,2.075767317962778,0.18412750557380939
600,0.906904567939197,0.20818358347402732,0.5073496613035621,0.5790031653066328,2.0643755115369635,0.18311699239797063
601,0.9076244020801972,0.2074015798424261,0.5045680503288883,0.581311335598256,2.058540681969934,0.18211302950107086
602,0.9082578595564488,0.20662191138318317,0.5072816059755864,0.5781274055787056,2.052742896088141,0.18111556892173605
603,0.9085725783432607,0.20961290436567004,0.5045059250400983,0.5749640793333908,2.041510950658619,0.1801245630925311
604,0.9064169060708012,0.20961208006445062,0.5017481908467865,0.5718212062315977,2.035829231428859,0.17913996481124006
605,0.9067552303429119,0.20961159533403892,0.4990082722904447,0.5686986368582642,2.0301834824139102,0.1781617272755145
606,0.9073087045823895,0.20961109452005422,0.5017413255747805,0.5655962230033116,2.0245636523301815,0.1771898040541483
607,0.9078587952227237,0.20881139485729167,0.504456752486032,0.5734134850352286,2.024429784511693,0.17622414909012174
608,0.9074799452445372,0.20881138263861623,0.507154681493792,0.57029160035114,2.024300362306739,0.17526471669732197
609,0.9076506164742945,0.20801068388497307,0.5098352400337959,0.5671898157501477,2.0241681940049294,0.1743114615572948
610,0.9085781712128002,0.20721257348420197,0.5070650458262241,0.5641079849569671,2.024036875913157,0.17336433871602674
611,0.908658958547925,0.20721257347714586,0.5097407351560788,0.5664740407696948,2.013050246226356,0.17242330358075766
612,0.9085113142599064,0.20483377959565585,0.50697658826734,0.5688249014106969,2.0129794795342812,0.17148831191682312
613,0.907148645826136,0.20481761034757537,0.5042301781704892,0.5765779097982446,2.0075264761488523,0.17055931984452666
614,0.9076878028577684,0.20481760014344835,0.501501376182767,0.5734575750494543,2.023721338471677,0.16963628383604143
615,0.9076242760357032,0.20402648638961604,0.4987900546525839,0.5703572288814878,2.050625136033086,0.17412556966543405
616,0.9080664456776302,0.2032441828460881,0.4960960869505313,0.5672767264959517,2.0449591967973566,0.17318511655013102
617,0.9077724590333736,0.2055303710945889,0.49341934746047733,0.5642159242531158,2.0447166079531107,0.17764629439749322
618,0.9078487937662244,0.20609203007583482,0.5015401392701938,0.5611746800239056,2.039085361672968,0.17668874307997
619,0.9083061604613234,0.20906218331484155,0.5042242598493953,0.5689225040450238,2.0388748928530376,0.17573730650728644
620,0.9082753848419681,0.20870591351586,0.5068912578664794,0.5658620170802892,2.038665767529314,0.17479193744215177
621,0.9087323464437046,0.21088454578217808,0.5095412575909137,0.5681951039570823,2.033083906342452,0.17385259487398605
622,0.9080611775534679,0.2100954282730075,0.5068056853577135,0.5705133332784128,2.027537592663282,0.17291923310176052
623,0.9085160198520098,0.21305305690188517,0.5040875191066603,0.5674534818736309,2.032753229677405,0.1719918104757522
624,0.9088764815934754,0.21304214129205637,0.5013866335153053,0.5697710529582485,2.0272197707098862,0.17107028358778592
625,0.909027192103009,0.21570774409970042,0.49870290520061156,0.5720739016238229,2.0270740718930713,0.17015461222926528
626,0.9089528303379234,0.21860624977911197,0.4960362089362261,0.5690148712462096,2.0322765681221386,0.16924475061875427
627,0.9089090159496371,0.22166611291064903,0.5032577791328897,0.5667877231539687,2.0270838227763854,0.17405118013582815
628,0.9097339301462194,0.2208547814540602,0.5005721034797644,0.569099595345125,2.037618882079866,0.17312234200103782
629,0.9101055913795031,0.22004781301735388,0.5085659233429267,0.5713968316589009,2.0374184044874224,0.17219938410525854
630,0.9101120566712886,0.218287633478363,0.5058573429324872,0.5683536189822723,2.0287277207111583,0.1765638950120223
631,0.9084572940929995,0.2203323578457119,0.5031658810073422,0.5653296396986242,2.02325423485984,0.17562451272499066
632,0.9087531407485303,0.21952670768530527,0.5004914150640192,0.5676400329885479,2.017881941793165,0.1746910198236927
633,0.9089055299784753,0.21952670768529448,0.5031437877669831,0.569935848934339,2.023097056788133,0.17907338096131203
634,0.9089813313439878,0.22237494483174886,0.5004747826072387,0.5669125348072181,2.0176698779172777,0.1781234581890182
635,0.909646043231877,0.22439520888982872,0.49782258912412264,0.5639082640975539,2.012276884064447,0.17717951878956992
636,0.9090809378013726,0.2243812271305514,0.49518708737543143,0.5609229009408813,2.022772822160585,0.17624152010930966
637,0.90921197238895,0.22416662569704743,0.4978569251302918,0.5632450773096828,2.0282079274861005,0.17530941981513243
638,0.9086413148075696,0.22416661417277248,0.4952265077039828,0.5602691828471313,2.0174946384977415,0.17438317588921504
639,0.9089391811060821,0.22619269077253187,0.49261260324906847,0.5573119701571541,2.0068461457210556,0.17346274694063193
640,0.9097669946137692,0.22536184527465958,0.4900150943122549,0.5543733063602303,2.0120837148097634,0.17782101525790758
641,0.9089539011175273,0.2245336153695082,0.49270151831604586,0.551453059622224,2.0172877159516163,0.17688431568417587
642,0.9093945426104063,0.22288831580604798,0.49010873129988536,0.5485510991454281,2.01719674126658,0.17595348161929245
643,0.9101947838933064,0.22288831580604765,0.49278929556319734,0.5456672951596914,2.022363486085845,0.17502847143812889
644,0.9107703906087627,0.2212531549819865,0.49020122794384946,0.5428015189136267,2.0117422880386937,0.18461299318368504
645,0.9108977782809178,0.22125315498198625,0.4928759511409475,0.5399536426659012,2.0116810052023237,0.18364439796058843
646,0.9106693321625148,0.21996226671974148,0.4902926002892171,0.5423649210946891,2.006379197053815,0.18268184762558268
647,0.910808960045655,0.2229418787842361,0.4877253582906849,0.5395250209959653,1.9958735269654495,0.18172530070655757
648,0.9111640955401238,0.22212112097071618,0.4851741112605697,0.5471646328992712,2.001126039577526,0.18600562130277837
649,0.9104946860917552,0.22416073026394903,0.48786442704147764,0.5495310059992085,2.0011202040077656,0.18503366402426616
650,0.9102531198489976,0.22416073018595525,0.48531755140378824,0.5518826603580075,1.9985741305719216,0.18406770359564129
651,0.9101825501410231,0.23573973296058062,0.4879092724728737,0.5490969312595392,1.988151089982005,0.18310775312749117
652,0.9107518333712401,0.23407254414327724,0.48536725185018126,0.5514461485510332,1.9777927697579243,0.18215375673741266
653,0.9111756567411196,0.23407252977427664,0.4828410027369537,0.5485759706837391,1.983114538377265,0.1812056792462452
654,0.9108064642419516,0.23950645072899734,0.4803356435595865,0.550917973611769,1.9779974892568961,0.18026870841912698
655,0.9108718248028752,0.2394866059610826,0.47790429408540164,0.5531869786522858,1.9679813111032642,0.1845267557805289
656,0.9108345408794957,0.24044497423960204,0.47548371949849183,0.5554462135112271,1.9629582346042869,0.18878882235193628
657,0.9110457196033008,0.2404449738177702,0.4730187918471095,0.5525667569191413,1.9579662224614698,0.18781013313629286
658,0.9113182807633732,0.24044491341796248,0.4757479541238342,0.5497050906490257,1.9581839192299022,0.18683749061581514
659,0.9117394804151249,0.23958815024605368,0.47328658433461374,0.5520347744164682,1.9635749044978927,0.1962182212839365
660,0.9122972249759036,0.23873383978824916,0.47600890965242715,0.5491815753180384,1.9637631734243992,0.1952040647887146
661,0.9131182747089169,0.23872752106299408,0.47355111027927177,0.5463459600507721,1.9742770034964296,0.19419615838539664
662,0.9127423400570043,0.23872751911648843,0.4814248185615887,0.5435278056143031,1.969252131098119,0.19835264468147903
663,0.9119158311263725,0.23787669567363537,0.4789440215281378,0.540726989960896,1.9745639571773517,0.1973305273465789
664,0.9110440824417798,0.23787669567362757,0.4816263554831864,0.548239153156861,1.979842779473162,0.1963146933561088
665,0.9107505659787427,0.2370168694041802,0.47914947863447804,0.5505624396007186,1.9799465295909937,0.19530509885717987
666,0.9115107838359909,0.23701654545640952,0.48182539772728455,0.5477338727020099,1.9800505560837498,0.199439295448184
667,0.9116383288989262,0.2370110655097888,0.48448490819057705,0.5449226504630936,1.9750653968523522,0.1984156812248899
668,0.9124036615534447,0.23614682366674947,0.48712812428442814,0.5421286521059311,1.970065915363395,0.19739833851229296
669,0.912607017273948,0.2380649005691858,0.489755156537221,0.5393517606344509,1.9753415788892352,0.19638736851022057
670,0.911990642325729,0.23720256378484983,0.4872490373910681,0.5365918514108416,1.9806584516653778,0.19538243749986448
671,0.9121266661477099,0.23549677627057689,0.484758234320443,0.5338488092935644,1.9756883579799351,0.19438364809665365
672,0.9121753807190113,0.23544767886492943,0.4822826409961112,0.5362293790170266,1.98623065195264,0.19849781950212567
673,0.9125178572974855,0.23823197847006733,0.47982215190351774,0.5334936667478177,1.9811991448455433,0.19748522912996672
674,0.9128591026684848,0.23823197847006342,0.4773766623423798,0.5307746318141673,1.9711016497465363,0.1964787143944541
675,0.912049917552904,0.2364995425438257,0.4800376326216571,0.5382552871094806,1.9661815904818025,0.19547833040498755
676,0.9120723349807115,0.23479514491234316,0.47759593311459525,0.5406039401342357,1.9714937533261296,0.19448403472782486
677,0.9125505303826027,0.23275455062929773,0.48025047257112413,0.5531010937629757,1.966582965801308,0.19349578525471497
678,0.9127546720774763,0.23274895387012193,0.48288888354345755,0.5604460046260171,1.9616849575975044,0.19251354020017536
679,0.9130944901230138,0.23383728030530887,0.4804400388822097,0.5626750877284612,1.961879276741883,0.19153727290395317
680,0.9133655463674575,0.23299351070081664,0.4780060480071045,0.5598244801222207,1.9722047460546426,0.19056691253270805
681,0.9134884779674074,0.22967239596700081,0.48570902116474884,0.5620522552128057,1.9723455439729656,0.18960243313379027
682,0.9131127680379456,0.23159763947632328,0.49336525442329393,0.564266634081028,1.9724852722265955,0.1936999361622678
683,0.9135872320453894,0.22995348615842842,0.490873269390212,0.561416526591312,1.9877772463138361,0.19272155891032788
684,0.9133469312838994,0.22995341117532042,0.48839634951779615,0.5585836492721944,1.9827939008205204,0.19174909638512064
685,0.911146825063077,0.22990408537959997,0.48593439123827675,0.560808785967959,1.977840882374042,0.1907825079249452
686,0.9112157031723476,0.23230957493397997,0.4935589566229821,0.5630205561301065,1.9779523780030588,0.18982187922239574
687,0.9108534156580005,0.23769738231641807,0.49610677570400347,0.5652189256731472,1.9881249362268765,0.1888675235730322
688,0.9103435430081849,0.23769738231641796,0.5036650456548126,0.5623782471246128,2.0032620247510944,0.18791831274805887
689,0.9104125844268607,0.24581653566271292,0.5011362547906674,0.5595546702538498,2.003255835359011,0.1869749176215336
690,0.9084480470309156,0.24581653566270134,0.4986226752632234,0.5617638386251755,1.99822387395887,0.186037096179588
691,0.9081735243319211,0.24754776596901412,0.4961242029711109,0.558948981910577,1.9982327830854096,0.18510722304559196
692,0.9078304570178549,0.246179696520028,0.4936407346031486,0.5611567682784321,2.003247457998986,0.1841806245640786
693,0.9081825835340268,0.24617969651979746,0.4961729035887573,0.5583505714498119,2.003231218345965,0.18325958589224606
694,0.9086730159972095,0.24617969649243693,0.49369415389839133,0.5555611984387375,2.0032150765119976,0.18733980678689
695,0.9087458353113252,0.24617969649218516,0.491230252525088,0.5627700234141126,1.9932175433740271,0.18640484168031188
696,0.9095045458552882,0.2444882834638498,0.4887810982332397,0.5599641892638678,1.9932513628040647,0.18547547257961847
697,0.9097783092220686,0.2433192543581252,0.4913273635187296,0.5621559077339353,1.9833235545096461,0.18455166135998796
698,0.9081967450865095,0.2433163051071957,0.4888826194360545,0.5643345300399183,1.9883882841834266,0.18363337018477952
699,0.9080998216190175,0.2405888653350281,0.49142329263634577,0.5615293238955109,1.9884506098455448,0.18272056150315563
700,0.9071454080041177,0.2394305772282349,0.49394880982361994,0.5587408517965665,1.9934738738764983,0.1818131980477258
701,0.9070217714781799,0.23861167836869066,0.49149838427695114,0.5609298897453473,1.9885453859663804,0.1809112428322111
702,0.907510875629246,0.23779513920962705,0.48906255207158406,0.5631058910287405,1.983646223003741,0.1800146591491295
703,0.9083407252910366,0.23698092614812177,0.4915921920349018,0.570219921867245,1.9985803302433094,0.17912341056750186
704,0.9086190387993464,0.23616919230081304,0.48916076264960784,0.5673995974264336,1.9886964342195692,0.17823746093057805
705,0.9074291645861768,0.23794229935621156,0.49168486312202087,0.5695371131078163,1.9838112001682426,0.17743751307482244
706,0.9069620095291586,0.23793677351499024,0.49913012855083566,0.5765980883765691,1.9839225802504774,0.18149780253105685
707,0.9073736152924979,0.23793676454535723,0.49666881134929114,0.5737547601298464,1.9889333867672414,0.1806027981266759
708,0.9076461629302952,0.23793573036263688,0.49422207938396656,0.5709282808346132,1.9840678239136877,0.1797130973258482
709,0.9076959712502652,0.2310554261464659,0.49178983417861627,0.5828826193574008,1.979251757497407,0.17882866431983138
710,0.9080377855531709,0.22873385123883014,0.49428841996978395,0.5800169107813217,1.9842702070029776,0.17794946356830596
711,0.9082491183378179,0.22873383339666203,0.49186070855995123,0.5869911974693983,1.9941719024498834,0.17707545979717818
712,0.9081885366630404,0.22873383335575048,0.4894473355028056,0.5890176742727794,1.9991074222739564,0.1762066179964022
713,0.9086592685373117,0.22796130934009687,0.4968516337798804,0.5861304776504516,2.0089152269364994,0.17534290341782163
714,0.9091270134510505,0.2279613093400969,0.49441864300541355,0.5832603048507599,2.0088715718249652,0.1793810970588875
715,0.9093260916903572,0.2297931678269122,0.4968918859683436,0.580407062602391,2.0088754757020912,0.17850378082651175
716,0.9098563254855108,0.22979315405088274,0.49446355959896776,0.5775705949222182,2.0088533589563924,0.17763142720139757
717,0.9089883003292418,0.22824071835615972,0.4920495157886308,0.5747508103442901,2.0186048894588633,0.1767642044525571
718,0.9084773664364004,0.2282407077665884,0.4896496587525332,0.5719475969847629,2.008762083909147,0.1759020781701935
719,0.9085480284922416,0.22823594878778342,0.4872638934194069,0.5691608437932515,2.008749789934892,0.17991740671757156
720,0.9078947015331726,0.22745789616699535,0.48489212542570953,0.5712579631056468,2.00871198940635,0.18390917724110892
721,0.9075713885470915,0.22668143159812645,0.48739691857985906,0.5733427887740501,1.9989443319403326,0.18301488990659764
722,0.9077649467245834,0.22624145454469546,0.48502924317251617,0.5754154029984662,2.003807313162342,0.1821258406789743
723,0.907441752031109,0.22546717600116373,0.4826754244482655,0.5726229454943764,1.9989363304410641,0.18609493643431188
724,0.9064716726023481,0.227348490870668,0.4900315526096602,0.5746949084989165,2.003789578565564,0.18519273118164806
725,0.9068728487263245,0.2273481759822287,0.48765820940473814,0.5767547655500743,1.9989293642157124,0.18913904297416956
726,0.9070229885954261,0.2265692211241581,0.4901371264167331,0.5739641924867095,1.9940961412302898,0.1882239117085424
727,0.9071841563435525,0.2265335307054182,0.49260158373464075,0.5760234659069094,1.9990689516570217,0.18731411846677276
728,0.9062280892887857,0.2318379379492261,0.49505125955323087,0.5732424177222137,2.0039009310038014,0.18641088188556948
729,0.9051740766894155,0.2310427691256705,0.4926631761381177,0.57047714708774,1.999058201857106,0.185511652307143
730,0.9053048849827332,0.23075105892929607,0.4951080779023463,0.5677279664295141,2.0038818409949357,0.18461765497701
731,0.9034315666825944,0.22916295761382327,0.49272449234202254,0.5649947688846332,2.003900208999238,0.1837288551447624
732,0.9035735987058443,0.22915713427376477,0.49035475293849706,0.5622774483791156,2.0087042607525594,0.18284521831653883
733,0.902354851845265,0.22836828559341207,0.4879987678685045,0.5691852082124037,2.00866338158038,0.18196671025295463
734,0.9016429174127409,0.2283682792413963,0.49045629802839813,0.5664532034281105,2.0038220238895805,0.18109329696704987
735,0.9017942896131705,0.22779175071414348,0.4976946424849638,0.5733271385746326,2.0036234303276736,0.18022494472225523
736,0.9022046377491693,0.22544277455999337,0.4953105547853637,0.5801612752719758,2.0036061322547583,0.17936162003037567
737,0.9023249437869346,0.2246675587975567,0.49294025897166993,0.5773849285360572,1.9940180663681781,0.18328876371388003
738,0.9027984311965022,0.22389476382759324,0.49536435490302244,0.5841860115792953,1.994046664145745,0.18241251677406112
739,0.9027791077717175,0.22235924947598654,0.49777445067958975,0.5813959901986883,1.994075110438779,0.18154133052207588
740,0.9029072832262972,0.22159634700519915,0.5001706386620464,0.578622069025822,1.998957601676684,0.18543245188515414
741,0.9033758075587958,0.2215963467915122,0.4977866401345634,0.5758641419227505,1.9989625728443408,0.18454861213513543
742,0.9038824146684129,0.2235075337254763,0.4954163760766826,0.573122103531658,2.003729119076958,0.18366986428011578
743,0.9033684519075041,0.2234547847866541,0.49305975608203734,0.5703958492660001,1.9989555876457648,0.18279617480298532
744,0.9037002289857976,0.2261304802142477,0.49071669570779297,0.572437362720226,1.998960541943854,0.18192752275340496
745,0.9040298544802091,0.2261304802142058,0.4883870952377362,0.5697198062137216,1.9989654766147775,0.18106385040186354
746,0.9037062422001082,0.23565774336559941,0.48607087156233575,0.5670178541835305,1.9894852409849308,0.1802051914418838
747,0.9035484416819314,0.23565774336559936,0.48376793689129594,0.5643314042193499,1.9895350584183646,0.17935140486969323
748,0.9030383394013567,0.23565774314370092,0.4862113263874158,0.561660354658622,1.98958480834804,0.17850251273359843
749,0.9030383008685279,0.23762859881678075,0.48391232885750896,0.5590046045805624,1.9896339040327582,0.17765866295446195
750,0.903503466324654,0.23603513582375155,0.4816264888713959,0.5563640538002417,1.9991302097325072,0.17681946285261815
751,0.9032812744517091,0.2385976294693375,0.4887915733563542,0.5537386382863456,1.9991342836439994,0.17598509709400498
752,0.9032535005772313,0.24053618362232498,0.4864896522566582,0.5558400622868915,2.003845524394072,0.1755694332957833
753,0.9035860161287085,0.2405361835898211,0.48419852156931953,0.5532223247501312,1.9991179494890063,0.17474258628163467
754,0.9036817873862557,0.24016166135004566,0.4913300774074348,0.5506195195965617,2.00382757986567,0.17392045585816104
755,0.9031067203996691,0.24272359516170994,0.48902077389262255,0.5527316555526186,2.0132098021191682,0.17310301340261497
756,0.9030769516836162,0.24230253414594596,0.49142003003822154,0.5548317630899098,2.0084523683130335,0.17229022406107594
757,0.9032760827883548,0.24230252311620343,0.48911491857036354,0.5522292052337904,2.017794185262627,0.17617277499500228
758,0.9029885534895574,0.24230129947839957,0.496194966792695,0.5496414442909558,2.0083564067750443,0.17534722462207364
759,0.9026951606403858,0.24228579143377862,0.503234794369527,0.547068384012898,2.0135036062000014,0.17452636407156552
760,0.9028093704388284,0.24145797828871773,0.5008813341872284,0.544509928848084,2.0040871763100188,0.1737101628605217
761,0.9018444398511125,0.2406327789567899,0.49854122163107784,0.5419659839364341,2.0134128474447297,0.1728985907265741
762,0.9021787262690865,0.24063277895678878,0.5008816903612833,0.5394364551038466,2.0180175656785453,0.17209161762619607
763,0.9025119332200063,0.23898755804844302,0.5078715622949195,0.5369212488567697,2.013272866318168,0.1712892137329708
764,0.9027115061823172,0.23898740237229543,0.5101638940855417,0.5344202723768197,2.0038955068000353,0.17049134943587424
765,0.9031757267493391,0.23816705686951042,0.5077899283827818,0.5365867728251882,1.9992240403897379,0.16969799533757313
766,0.9038989543117617,0.2381670568694442,0.5054293712857156,0.5340923481743914,1.9899302709928675,0.16890912225273705
767,0.9037422421515311,0.23734637847902146,0.503082136092002,0.5409000847773243,1.9853331651532728,0.1681247012063654
768,0.9041981466045552,0.23734283710784468,0.5007481367237084,0.5383906328099236,1.9854212262840552,0.1719841036430449
769,0.9028203361399436,0.23916422446339017,0.49843021782786695,0.5405271527797915,1.9762192691989782,0.17118699810158192
770,0.9023408465820401,0.23590135066604723,0.5007525514660242,0.5380244414246504,1.9670895059510722,0.17039437992912188
771,0.9022581710882694,0.2359007488081395,0.4984363191036991,0.5401613106951968,1.9718696144256842,0.16960622023628621
772,0.9022363024870667,0.23563211628633834,0.5007539845228909,0.542286169948769,1.9627578422009837,0.1688224903003008
773,0.9018237604615638,0.2348229434693808,0.5030586344863791,0.5397828353942044,1.96754605225002,0.16804316160453797
774,0.9021681632524352,0.23481715528710073,0.5007387055673174,0.5419051945707001,1.9676962294880387,0.17187985298897923
775,0.9022851971870471,0.2340077441284388,0.49843178341784344,0.5440156546598728,1.9724537601322791,0.17108799600748353
776,0.9022041178877177,0.23320103658857333,0.5007402175671753,0.5415118590175859,1.9679785941581682,0.17490300803086606
777,0.9029387116949482,0.23239689841890154,0.49843789769930763,0.5390220779535456,1.9727243343655578,0.17869666616113913
778,0.9030689511947232,0.22901528599028043,0.4961484541022726,0.5365462215816136,1.9774428577429708,0.177875871244087
779,0.903523675072278,0.22901528599028032,0.49387180425176486,0.5386728471240888,1.9775464338573534,0.1770596617561233
780,0.9040347913777168,0.22833971304315878,0.4916078662129331,0.536203538411603,1.9959856173805735,0.17624800962303652
781,0.9038793392441824,0.22833436656116288,0.48935655863576993,0.5337480059193607,2.000615607458013,0.17544088567975852
782,0.9040690533016482,0.2276565228678067,0.4871178007505399,0.531306161550688,2.000612991591038,0.1746382609692565
783,0.9041695702663677,0.22689607700759087,0.484891512363247,0.528877917836878,1.9914695332483654,0.17384010674090797
784,0.9038353659411417,0.22561352837385037,0.4918091348436066,0.5310289484285216,1.994945588537334,0.17304639444888936
785,0.9039376039037379,0.22561352836751467,0.49412709350225986,0.5331680177904105,1.9858462487829809,0.17225709575057827
786,0.9037732417414347,0.22508833767682535,0.49187553516143057,0.5352952021871613,1.985398870345476,0.17147218250496918
787,0.9039364544923996,0.22502364340345915,0.4896364765553897,0.5419626610616464,1.9808291274616214,0.17524244010542742
788,0.9034898787366707,0.22498188189519971,0.48740983806406607,0.5394980674707652,1.985464143164212,0.1835405870261428
789,0.9026719914306554,0.2249818702399154,0.4851955406917255,0.5370471338623503,1.990073516565719,0.18270676421865892
790,0.9031252751829664,0.22498186982581972,0.4875319539361776,0.5346097733971029,1.9901185724199935,0.1818775590786237
791,0.9031757349842651,0.22386278666572468,0.4853215270703476,0.5367198116246945,1.9816056463086018,0.18105294227221105
792,0.9026836139513044,0.22310358978988706,0.4876527015178239,0.5388181837035092,1.981688962339506,0.18023288467340978
793,0.902729732159624,0.22234665466864675,0.48997099773433245,0.5409049636338612,1.9817718179468997,0.17941735736241077
794,0.9028586710966904,0.22123223362642488,0.4967968209423548,0.5384599012986465,1.9728136644631795,0.17860634199805253
795,0.9017130525417123,0.22566099586443153,0.4945533809941118,0.5405441285052003,1.977452242672175,0.1823156041860345
796,0.9021017887364755,0.2241698733142753,0.4923223029228493,0.5381055724301544,1.9775539623426373,0.1814931240207371
797,0.9015782721218254,0.22276297729559286,0.49010350981427414,0.5356804437518361,1.9776587397109695,0.1806751726696806
798,0.8997250223578356,0.22211103616885314,0.4878969240291842,0.5332686576110239,1.9732573175634955,0.18886629193746463
799,0.9002508628049526,0.22137855057890235,0.4902002536540001,0.5308701297468185,1.973378299508506,0.1880168119289253
800,0.9004458197047499,0.2209515046442805,0.48799764193215656,0.5284847764920193,1.9870035002327644,0.1871719979355188
801,0.8991339319634496,0.22279513161460984,0.4858088176185162,0.530599614548955,1.9780842417207674,0.1863318205878637
802,0.8996612423824111,0.22206149525613178,0.4881146113298071,0.5282202403076972,1.9781825305525598,0.1854962505609041
803,0.9000544842294302,0.22133013540773436,0.4859279408642751,0.5303337334152779,1.9782802890870237,0.18466525889797603
804,0.8997274908447848,0.22059771873111958,0.4927039468592007,0.5279603030786898,1.9783877898873845,0.1838388167918708
805,0.8999235495550972,0.22059694616122197,0.4949720062647054,0.5255998563065988,1.9740226074781133,0.18301689563766477
806,0.9000544413673338,0.219867633847284,0.49276125803881576,0.523252311525983,1.974138633180102,0.18666587765218484
807,0.8991477928912557,0.21986758979806315,0.49948647658205453,0.5253795341787126,1.9653301356115491,0.1858329845033908
808,0.899343827510054,0.2209896582099543,0.5017174818867016,0.5230376889611548,1.961027162268118,0.1850046635267732
809,0.899348066378171,0.22282325011220658,0.5039363496197764,0.5251616171412243,1.9612007094041448,0.18863386354364392
810,0.899157417782732,0.2228232501121804,0.5061431287820929,0.5228253933266647,1.9658218918425663,0.1966918719104762
811,0.8992105127403002,0.22280093456947517,0.5038937607401734,0.524946021365712,1.9794543917396643,0.19581774681498132
812,0.8994064605148564,0.22060391404309584,0.5060963198363074,0.5270551149005095,1.992864989004599,0.19494837625420125
813,0.8997322775411274,0.2206033922757324,0.5038516536443405,0.5247174911096408,1.9884629401707286,0.19408373050949757
814,0.8998625490746162,0.2184344925912222,0.5016191767126849,0.5268233832496041,1.9885140956064011,0.19322378006964458
815,0.9003173945633278,0.2177185539979302,0.49939881296296823,0.5244914557696057,1.9841390318788252,0.1967948889024651
816,0.8990121624695633,0.2170049765606391,0.4971904868470654,0.5265941398555544,1.9886385818863337,0.19592466798611757
817,0.8980452217437844,0.2163274882193244,0.49941167216326476,0.5242678847775065,1.9932626760126013,0.19941999988125378
818,0.898702910996344,0.2163274882055597,0.49720770153651056,0.5263673543465943,1.9888792749758137,0.19853993270096185
819,0.8983844983097531,0.21632739183375152,0.49942437353939834,0.5240467464510878,1.984520287082651,0.1976646251204393
820,0.8983294734956749,0.21632737116143885,0.49722475050801246,0.5217386786953084,1.9757798950804872,0.19679404754164825
821,0.8987112945415101,0.21632731175743217,0.503836833013208,0.5238429875841989,1.9846862912840024,0.19592817057214357
822,0.8985242971571733,0.2182069058010702,0.5016222097922001,0.5215404269763766,1.9847535923316508,0.19946249523850543
823,0.8987187497406977,0.21756698657045948,0.49941952477130747,0.519250278606019,1.9848207481342424,0.19858663080922961
824,0.8982675919792746,0.21744807031332677,0.50161543839524,0.5169724655121288,1.9850467605543505,0.19771548399127667
825,0.897970339926601,0.22196222511641434,0.5113708628583373,0.5202826321236925,1.9769443540973282,0.20064107729704173
826,0.8979819782414232,0.22059955813068766,0.5135100664471245,0.5223828202560817,1.9726673231419878,0.1997626767269842
827,0.8978932867782756,0.22018136528416116,0.5156377758936225,0.5200981298962425,1.9812902305527385,0.19888899588589126
828,0.8984849748306479,0.21946128061046838,0.5177540622580259,0.5178257054054973,1.9857499026161411,0.19802000559499947
829,0.8979836609598492,0.22200916246850677,0.5154941423406174,0.5199303247770126,1.985812124774533,0.20152054633422928
830,0.8980995571943846,0.22057592026937906,0.5176068266751273,0.5220236651696686,1.985917600731449,0.20064181743014758
831,0.89829626358257,0.21883930517594033,0.515352061694198,0.5197496598459721,1.990335109188523,0.1997677946907504
832,0.8987538370270849,0.22381147861762118,0.5174611658197094,0.5261913619152205,1.986025365446811,0.19889847172096511
833,0.8990788703241372,0.22309907719857316,0.5195589700999695,0.5239037812832142,2.0035013516695286,0.20238120532892767
834,0.8990189782678784,0.223098471676097,0.5173024809514297,0.5259715079764683,2.0078315909017745,0.2015022464041972
835,0.8987742344274363,0.2230984716760642,0.5150580374947616,0.52368945182375,2.0121363564418906,0.20062797957753514
836,0.8990496067198291,0.22309831742745212,0.5214943821702416,0.521419567949525,2.0120895718972887,0.19975837601004784
837,0.8984206526122601,0.22309831717550171,0.5278964238565619,0.5234918575906978,2.003377072796588,0.1988934070610051
838,0.898743208009227,0.2223785458852265,0.5256128769121291,0.5255531117750826,2.003362465276904,0.19803304428634574
839,0.8987511656474728,0.22237854588517234,0.5233414805489576,0.5276033981812359,2.0033479346382723,0.20149868393598935
840,0.8984483118075746,0.22237854588517234,0.5210821603039582,0.525325678789318,2.0033334812563264,0.2006287929128666
841,0.8989584547424319,0.22165619573500536,0.5231476325112175,0.5230600593043816,2.007633047791065,0.20407631329041143
842,0.8985800929571308,0.22131610757227033,0.5252004838912374,0.5208081230243954,2.00329085740418,0.2031994309762586
843,0.8989058417405595,0.22060635685385568,0.5272441033037413,0.5185664745932319,2.0032766929835244,0.20662899873171103
844,0.8991587317494396,0.2206063568537775,0.5292768928178333,0.5206365767940047,2.0075624749302374,0.21004039193364304
845,0.899414852897412,0.2216876129334906,0.527003344979425,0.522695717650957,2.0247122840914216,0.2091381479749707
846,0.8992275987053764,0.2195905530193629,0.5247418259831819,0.5204526838903862,2.016094729299642,0.21253195774634928
847,0.8991073728736922,0.221367110518294,0.5267792532016803,0.51822150821389,2.0160257307891434,0.2116208357942937
848,0.8993706138942233,0.2213636880831449,0.5245232124426452,0.5160021177621336,2.0159571063898927,0.21071452593468687
849,0.8999308706524975,0.22066007997826256,0.5308359301124657,0.5137944410884433,2.0116125114932406,0.21409142511784063
850,0.899189708689533,0.2206600687693672,0.5285670580830161,0.5115984069277087,2.015837367271113,0.21317636639886514
851,0.8979092415824862,0.22065118763862274,0.5263101415967278,0.5094139444999111,2.011554485307155,0.21226612946969
852,0.8976072710423633,0.22065006140573123,0.5283307175868426,0.5072409835064969,2.0072463717612514,0.21136068503782737
853,0.8981742245833858,0.22065006140573126,0.5260793175513501,0.505079454126782,2.0157381846352793,0.21046000400991102
854,0.8975719709658514,0.21923344422162144,0.5280968390659566,0.5029292870143836,2.011414100131067,0.20956405749021004
855,0.8975241391927035,0.21852965034293367,0.5301037638875951,0.5007904132936815,2.0071127263555235,0.20867281677915417
856,0.8975869827685664,0.2146036615568306,0.5278515749998443,0.49866276455630837,1.998586026249329,0.20778690077835393
857,0.8976984005668627,0.21329930697881472,0.5298555309658125,0.5007906076046656,1.9986347624252483,0.20690498361540946
858,0.8973346370471471,0.21264634845429256,0.5360890795524403,0.5071473941558299,1.9944101175682083,0.20602768733919424
859,0.8973342027170584,0.2121965652163338,0.5338182841799749,0.5049991915534408,1.9943689920778298,0.20525326686850204
860,0.8974137596006124,0.21219647691340304,0.531559367612846,0.507093847281953,1.990161586685848,0.20861633369357366
861,0.8975375057455519,0.21154390900105755,0.5335396460654355,0.5049501665643252,1.9817689839619053,0.2161892168602659
862,0.8977272568265215,0.21328960277275605,0.5312864247590093,0.5112640050403342,1.9860691367871102,0.2152762225714969
863,0.8980429665736758,0.2143729900772114,0.5332639006077946,0.5091070112691811,1.9819089644103247,0.21436798497053344
864,0.8978654455206999,0.21372758471595435,0.5352310663834783,0.5111759917663226,1.9735557583767116,0.2134644821902997
865,0.898305869806493,0.21372758471315914,0.5329774676683269,0.5090236773163324,1.965246071364326,0.21256568667372958
866,0.8988683618338726,0.21308233496336948,0.5307356007537773,0.5068825674005788,1.96539313160891,0.21167157011340454
867,0.8989988457626309,0.21243642750230818,0.5327074980517099,0.5047525946887519,1.9655545784564918,0.21078210439253114
868,0.898056034523824,0.21235104826914517,0.530471243696482,0.5110294981198089,1.957933429131955,0.20989726158353025
869,0.8982428294218142,0.21408178061731115,0.5324402900906989,0.5088864097698397,1.9581506677147638,0.20901728227785715
870,0.8984301884432753,0.2181578505395585,0.5302098068989304,0.5109437541122896,1.962515144329016,0.21233148393308926
871,0.8985950552896941,0.21687593025039828,0.5279907049105736,0.5088052868754791,1.9543026245235957,0.21144280701301774
872,0.8989543811832679,0.2161906076231059,0.5257830993018409,0.5066778982782699,1.96285598333266,0.2105587340125902
873,0.8990843237105741,0.2155432388491919,0.5235869212883653,0.5129154535956496,1.9630111326192363,0.20967923738594368
874,0.8993490682755366,0.21554323841342102,0.5214021025468139,0.5107751646573971,1.9589926924264511,0.20880428977184406
875,0.8993487451753146,0.21216186975078266,0.5233971954073364,0.5086459369909297,1.980006737269024,0.2079368317634803
876,0.8992190377149045,0.21163036974052943,0.5212175320411819,0.50652770455688,1.9796601602931592,0.20707088846335167
877,0.8994360375670368,0.21159688526789713,0.5190491152834382,0.5085806930485192,1.9797447896359617,0.2062094132500633
878,0.8996998477746326,0.21159688513545358,0.5168918780872152,0.5064669640082027,1.9715181294537836,0.20535237948702248
879,0.8996716602860627,0.2087544273884128,0.5230401176128554,0.5043737180807769,1.9633324275416797,0.2045045575832494
880,0.8997950458524572,0.20755628267422382,0.5291662948173899,0.5022816620871647,1.9593375827862622,0.20365630762478404
881,0.8994261887891124,0.2069609612081168,0.5394046473291616,0.5084877326433227,1.9595074020745087,0.20695610373245482
882,0.8995529913249525,0.2069609612081168,0.5413113010208057,0.5063828264453373,1.9679545539239194,0.20609940030090337
883,0.9001038482612432,0.20636595174144065,0.5390727599518926,0.5125595372916298,1.968087096229141,0.20524709595960863
884,0.9007127450729064,0.2045938437682446,0.5368457043248143,0.5104420149708212,1.9723502084563873,0.2085304355355835
885,0.8999172324907923,0.20401729545010033,0.5387572077472166,0.5083353484286653,1.968402857422823,0.2076698008725276
886,0.9002331527811998,0.2040142947937967,0.553027969423008,0.506239473321307,1.960287163110323,0.20681357482500956
887,0.9007178682184434,0.20342807824112394,0.5548690005969263,0.5041543257324312,1.960451383270462,0.2059617312813524
888,0.9008935886426592,0.20226226170463224,0.5608153950848941,0.5020798421701391,1.96061413504517,0.20511424430326552
889,0.9008284195860973,0.20110615447503571,0.5585100702300806,0.504126625702863,1.956665432534286,0.20427108812457856
890,0.9010020439693939,0.19995963978648396,0.5644296315520266,0.5020564007132579,1.956843406193236,0.20343223714998515
891,0.9006565026488673,0.1999596397857544,0.5703189915492075,0.49999673791464083,1.9529180046083643,0.20259766595379686
892,0.9006789747258538,0.19941913202251993,0.5761783284561145,0.49794757497376146,1.9492383306495662,0.20176734927870676
893,0.9011536813732078,0.19884854847443825,0.5738193066956998,0.4959088499698961,1.945362103727795,0.20094126203456303
894,0.9011536813519668,0.19722981269979123,0.5714722916107845,0.4979706654512323,1.9496757457025737,0.2001194478199586
895,0.9012130855851839,0.19783888470441666,0.5773093640924959,0.4959359197566531,1.945795298319792,0.19930174474325374
896,0.9011896362153159,0.20038637847504226,0.582661004597647,0.49436728454502993,1.9421146106168834,0.20281001804778093
897,0.9018425287193832,0.19984877813811208,0.5802849642944006,0.4923512982624116,1.9423506621410669,0.20198297664123196
898,0.9020784504050138,0.19984877794572567,0.5860686506974963,0.4903455397561691,1.9466651829502486,0.20116013109386754
899,0.9022486203812242,0.19952816285924882,0.5836834894094042,0.4924197132978358,1.950952059530283,0.20034145676822054
900,0.9024840964323183,0.19899022000952318,0.5813104094325503,0.4904176841449851,1.951151473578505,0.1995269291891186
901,0.902644418169382,0.19899008772358906,0.5830109728622948,0.4924874204611258,1.9554124190281068,0.20277815697548734
902,0.9024683806291508,0.19899008771379456,0.5806453630876027,0.4904891166384105,1.9596510009975718,0.20195536973379927
903,0.9021617443398525,0.1989884073047766,0.5782917067815687,0.4925544280657508,1.9517141607734165,0.20519025783578046
904,0.9022790483404175,0.19846764114768148,0.5799994003005472,0.49460931180496515,1.9519096952149997,0.20435934814380932
905,0.902530008318511,0.19846764114146614,0.5776530597929851,0.4966538288221245,1.9521042504120907,0.2035326289844441
906,0.9026460200359016,0.19793416717304127,0.5793599223503003,0.4946466642290811,1.9644370283074073,0.20271007721353462
907,0.9027466490291871,0.19740064941598792,0.5770208516216121,0.4966869454942252,1.95650593616872,0.201891668501215
908,0.9029794466206116,0.19740064925677747,0.574693552970303,0.49468365764921407,1.9566827714348747,0.201077378677038
909,0.9031804503537987,0.19686836486887255,0.5723779577678472,0.49671971337321214,1.9608975874811954,0.20026718372882532
910,0.9035279675021699,0.19686835291972613,0.5700739978348025,0.49472029620133445,1.96508137288457,0.1994610598015268
911,0.9037013516505876,0.19904945030723223,0.5677816054375759,0.49273091754159376,1.9611996687086668,0.1986600403841808
912,0.9033909231837284,0.19904944852706996,0.5735351128871663,0.5028031184006388,1.9653789772638437,0.19786198330948762
913,0.903738088079991,0.19904944852706982,0.571233410599346,0.5007852766644632,1.9855838408649726,0.1970679266433429
914,0.9036006355866646,0.19850587644619352,0.5689432367870029,0.5067958884997544,1.989651119256799,0.2002870205782765
915,0.9034640857066788,0.19850587628807462,0.5666645245306516,0.5127764192277847,1.9896925705705177,0.19948483776095854
916,0.9034565784130932,0.19796200828596439,0.5643972073469681,0.5107247171423827,1.985732649180208,0.1986866663897855
917,0.9036301264118727,0.19741950030881572,0.5621412191856595,0.5086832667231347,1.9857897951272707,0.19789248321284844
918,0.9039764517557526,0.19741950030838448,0.5598964944263595,0.5106451773573392,1.977860201400253,0.20109543389695078
919,0.903936167271623,0.19916027573734305,0.5616521454700616,0.5125973006515935,1.9775716621722317,0.20116996931564343
920,0.9043359060941943,0.19893038285766235,0.5594138547257037,0.5105545028044116,1.9776694984568886,0.2003682686829767
921,0.9035957224898442,0.19783710124812004,0.5571867122525724,0.508521879535541,1.9777687680284586,0.20355176828652588
922,0.9038192084868063,0.19729319938376402,0.5589478816572009,0.5104766000752281,1.9778571879766165,0.2067194244903394
923,0.9037728794549476,0.1999895487424653,0.5607002932015269,0.5124216002726405,1.9739720621705623,0.20988302864140893
924,0.9046867766494859,0.19944016045005836,0.5584747159072607,0.5103876547004943,1.9780446559004332,0.21301922530938178
925,0.9041777327118244,0.19782083100975711,0.5562601881910986,0.5123291214812769,1.9860623455270674,0.2121745371523599
926,0.9041319429004078,0.19541966601619526,0.5540566464170275,0.510299606076034,1.9900789083246229,0.21133403936744774
927,0.9044177422782611,0.19652352586689853,0.5558214184164634,0.5082801511908009,1.9861607780487311,0.21049770827105133
928,0.9046451846637558,0.19652331560997768,0.5536240139700488,0.5141775702537746,1.998075802063101,0.20966551903762326
929,0.9046628361433422,0.19647742555808284,0.5553869690590431,0.5121468338510669,2.0020605200636905,0.20883744829604622
930,0.9042646866538653,0.19615504046072788,0.5571412062694163,0.5101261395155567,2.0155918697846467,0.20801347239514878
931,0.9041820187926445,0.19510356582769822,0.5628283691680752,0.5120570231588317,2.0076472336255655,0.20719356783638862
932,0.9038002889826243,0.19508873332499932,0.5606123111530454,0.5139782084155647,2.0038342169460797,0.21425290257558804
933,0.9032395613694808,0.19404287536703924,0.5584070202849355,0.5119563629675133,2.0038204651897034,0.2173438102565663
934,0.9026268353713797,0.19404287515167087,0.5601423864052028,0.5099444837752257,2.0155956862137234,0.2164896954900399
935,0.9028580550371084,0.19404287497713354,0.557943346569325,0.5079425138098664,2.0155359174972127,0.21563978754521376
936,0.9029560219960939,0.19404287497713324,0.5596770639238333,0.5059503964094146,2.0115530520002487,0.21479406236703077
937,0.9028670411624625,0.19311589169573368,0.56532027048182,0.5039680752760639,2.0112785289610486,0.21395249605505606
938,0.9030146467152319,0.19243344233659793,0.5631075511301805,0.5059095932017031,2.008738405268264,0.2131150648623817
939,0.9035308006085824,0.19461292626476034,0.5609056955378994,0.5078415788820324,2.012615172295927,0.21228174519597254
940,0.9030917060338887,0.1946129053372336,0.5665271984681876,0.505857808315395,2.012565971598639,0.21145251360985218
941,0.9033195106210268,0.19461243629709407,0.5682187714706083,0.5038837619425056,2.0086346685535275,0.21062734681264497
942,0.903717620381279,0.19408402114110335,0.5699020591928318,0.5097163316054312,2.008601006527259,0.20980622166076707
943,0.9037698195768161,0.19199338908115274,0.5754716858541278,0.5077312020634607,2.0046872433655123,0.20898911515881097
944,0.9034638577062107,0.19416953025073863,0.5771232641100985,0.505755907625376,2.0046729789347566,0.20817627598266208
945,0.9033434858895569,0.1936462835932748,0.5787668995925987,0.5037901377338074,1.9968814121707334,0.21125393303547105
946,0.9029082985916547,0.1931243404975673,0.580402510171102,0.5057168763948843,1.9968935222036996,0.2104336528455025
947,0.9027778444768007,0.1947744720820616,0.5781511114882324,0.5037551855174883,2.0085426632200685,0.20961737441794298
948,0.9027616614370209,0.1942507016945792,0.57591068759262,0.5018030572023376,2.020135019233562,0.21268022785858184
949,0.9029314360954821,0.19424853252383742,0.5736811763083403,0.4998604372742455,2.0200652281430553,0.21185688323558832
950,0.9031014191646884,0.19642357955262066,0.5714625158557195,0.4979272719032869,2.016119370760888,0.21103855725150933
951,0.9019761257795968,0.19805718634456115,0.5692546448485509,0.4960035076023728,2.012193532691927,0.21022321584768705
952,0.9012306660994333,0.19734785541594901,0.5709171854350744,0.49794877436858526,2.018736327924089,0.21319222289229925
953,0.9022006673765034,0.19734785541584743,0.5725716538457996,0.49602877084155644,2.01095278310922,0.2123701909063638
954,0.9026366559453506,0.2011232682218284,0.5703661241582427,0.4979700536489005,2.014762564940406,0.21155214705920972
955,0.903137912192846,0.20112326822089066,0.5681712860440656,0.49990192585175236,2.0147070756390377,0.21073806870526327
956,0.9031200130072897,0.20112326821785767,0.565987079232784,0.49798016525202093,2.0184948128719475,0.20992793356403286
957,0.9035613492089059,0.20004123605778532,0.5676538767300124,0.4960677058449503,2.0299451394082597,0.20912171942265587
958,0.9036593530014513,0.199895634744397,0.5731492078173898,0.49416449527238965,2.0261436119158627,0.20831940420909173
959,0.9043157624639098,0.1993570907774744,0.5709524646294518,0.4961032412116173,2.0222133939797713,0.21135372569485117
960,0.9045875686575943,0.19881953973608296,0.5764241859795884,0.494203697193926,2.022128350878768,0.2143733961746734
961,0.904858597823767,0.20312920316507346,0.5742193047624579,0.49231331772012304,2.0220436408014892,0.21355346298301928
962,0.9048704452435461,0.20205469904138032,0.5758463314447894,0.4980746086572254,2.0257806862799725,0.21655869434805322
963,0.9050321548529924,0.20205409787144854,0.5736480615194294,0.49999068840335326,2.021868160058773,0.21954944963545725
964,0.905031331550221,0.20268154761740267,0.5714603777614028,0.5057111839390298,2.0332255086730795,0.2187147343622233
965,0.9048944493969387,0.20160475643588596,0.5692832097289648,0.5037845092890192,2.0369308720252604,0.2178814679689487
966,0.9047333688605784,0.20560109415889846,0.5779036677259107,0.5063040260038063,2.029493785672745,0.22054723562186698
967,0.9048145045446229,0.20560109415889838,0.5795085708204548,0.5119833866323602,2.029381643812939,0.21970866652311247
968,0.9050829362742554,0.20560087663798537,0.5773073540901583,0.5100386588871029,2.036869445720243,0.21887412081163646
969,0.905565822418796,0.2050578484280109,0.5751166902642199,0.5081032544063908,2.0367295402257284,0.21804357601517912
970,0.9055418025652866,0.20660681056887711,0.5729407281133552,0.5099637438626902,2.040368505326647,0.21768145200590885
971,0.9054184872475759,0.20628531683254087,0.5707709778302112,0.5156065729198854,2.05496730941508,0.21685708332525966
972,0.9057407573430561,0.20574038784151563,0.5686116049342582,0.5136559011061731,2.0547620796007635,0.21603665739924613
973,0.9057082453494373,0.2051967062863207,0.5664625516276027,0.5117145515044833,2.0583346551916666,0.21522015226830296
974,0.9059752231243866,0.20519670341052404,0.5643237604749511,0.5097824722305822,2.058114489182313,0.21440754611062993
975,0.9057285452535138,0.20465287884379163,0.5659670979367312,0.5154034587967864,2.05035147277887,0.2135988172412382
976,0.9058555969783537,0.20411042515768976,0.563834447037211,0.5134613394509341,2.04639358845955,0.21279394411100386
977,0.9055339401387297,0.20390076561909676,0.5617119558464267,0.5115284721429512,2.049983333777035,0.2119929053057284
978,0.9061699635638464,0.2039007656189022,0.5595995679787851,0.5133654302464666,2.0422741157783157,0.21495630426692622
979,0.9055249776414597,0.20282007127167065,0.5612540933779624,0.5114367851279681,2.0421411215016367,0.2179056082176359
980,0.905042039650604,0.20281994240647175,0.5629007554612712,0.513270417098288,2.03823164103651,0.21708778428497547
981,0.9052467675696281,0.20281464812360914,0.5607902380235549,0.515095341407236,2.041884630298878,0.2162738440836105
982,0.9057200434563192,0.20227349951839801,0.5586897352283753,0.5206572185129111,2.0417277633583573,0.2154637661200159
983,0.9058771305288053,0.2022733154013403,0.556599191691391,0.5261927247085959,2.0378297601492683,0.2146575290347178
984,0.9059487144750857,0.201731578252043,0.554518552373458,0.5279638772018259,2.033969945877565,0.21385511160137086
985,0.9053623283814328,0.20173157825194984,0.5524477625782542,0.5371954297883987,2.030108696506211,0.21305649272584215
986,0.905070764708725,0.20118979911295207,0.5541174276935935,0.535191336424003,2.0225350621606686,0.21226165144530207
987,0.9048603123836477,0.20109257535422115,0.5520522703031437,0.5369236462174785,2.0199155040949477,0.21147056692732202
988,0.9056454665359442,0.19947737509974167,0.5499968660439902,0.534924568940485,2.0198413545882317,0.21440642434951052
989,0.9050137265550785,0.19947737509974095,0.5479511612060927,0.5366544098142141,2.019767554976703,0.213608942969802
990,0.9052216498050787,0.19947663456743275,0.5459151024128661,0.5346603271160024,2.0159834693450844,0.21281522192778762
991,0.9055242783999824,0.19946998818128922,0.5438886366188954,0.5400997456455925,2.015924138607025,0.21202524054466262
992,0.9059899735798237,0.19946998818128922,0.541871711107666,0.5380968706409353,2.015865086442228,0.21123897826983828
993,0.9060355562450303,0.1989866884861372,0.5435689098030447,0.5398080537473856,2.0232171919305166,0.21416105099381685
994,0.9057964116261197,0.20061227290193698,0.5489590313267412,0.5415112266819686,2.0231312336980416,0.21706942193077663
995,0.9051660585452163,0.20061227290193664,0.5469294010869842,0.5395091327220872,2.0230464934379118,0.21626686538696227
996,0.9055802078019222,0.20061227290193667,0.5449092959815559,0.5412099737266893,2.0229623814845628,0.21546807527248882
997,0.9057857681973335,0.2006122728957327,0.5428986638510196,0.542902838896723,2.022877654621134,0.21836287832855933
998,0.9050679209724435,0.20224345164826266,0.5482697715841315,0.5445877718769637,2.026479483303312,0.21755795796014
999,0.9054792270608323,0.2011484412194814,0.5462507818317218,0.5425823409965956,2.033746973765895,0.22043928125500004
1000,0.9052722751806122,0.2009322988724856,0.5442412375081246,0.5405862921126424,2.0336228258508178,0.22330712487071133
1001,0.9048260956964139,0.20203693872455067,0.5531723175231594,0.5423688133310027,2.0261533777430047,0.22248649693855588
1002,0.9048776277406188,0.200936417953965,0.5548128197931227,0.540377537132637,2.0223932736848345,0.2216696518537366
1003,0.9052901430207239,0.20198490858498727,0.5527778914435106,0.5383955541456275,2.0186434357234,0.22085668763458402
1004,0.9050562390335737,0.20333044021964328,0.5544165617990994,0.5364228143816644,2.0259033412813072,0.22004744485957425
1005,0.9048747369875378,0.20542587446088637,0.5523872130504004,0.5381196504675643,2.0258086044968513,0.2229026240791068
1006,0.9049510004342004,0.20542587446088373,0.5503672502667877,0.53615186113176,2.0257142951306184,0.22208751649809852
1007,0.9045391601074103,0.20542528600910806,0.5483566856285556,0.5378463599687934,2.029273526507725,0.22127620131346964
1008,0.904497698455876,0.20299460738982553,0.5463554680683947,0.5358834996473143,2.0328161747794167,0.2204686579182312
1009,0.9043707428016953,0.2029946024571666,0.5443635468321553,0.5375755912747856,2.0363435649690467,0.219664865831762
1010,0.9049849500967867,0.20508820112386741,0.5423808714767238,0.535617638941819,2.0325690050567795,0.2188648046994468
1011,0.9053405435682018,0.20870671064808818,0.5404073918679176,0.5336687676888735,2.0397275999671294,0.2180684542978455
1012,0.9053912591902831,0.21304679046921599,0.5420779708678563,0.531728928316117,2.0468530189762033,0.2172757945295829
1013,0.9057073999311471,0.2125041860593054,0.543740813790545,0.5297980719060966,2.0466828899074097,0.21648680536937626
1014,0.9062606648125148,0.2125041857108843,0.545395962489102,0.5278761498588967,2.046513545373955,0.21932911711584008
1015,0.9065106173430215,0.21196135179707454,0.5434194342688332,0.5259631138653019,2.057219220887348,0.21853426306608212
1016,0.9067599387539619,0.2119613517970711,0.5414520374157404,0.5240589159110021,2.0497712601298805,0.21774308116433866
1017,0.9065926988888917,0.21128151091001784,0.5394937226245925,0.5257802917675506,2.0495652266478155,0.21695555158267998
1018,0.9067066470717565,0.2112815042032153,0.5375444408907548,0.5274937274875925,2.05661252087468,0.21617165461406027
1019,0.9070040771782905,0.2112815040951747,0.5356041435081639,0.5291992658841843,2.060018422099573,0.2153913706715029
1020,0.9073381321496973,0.21125283141948764,0.5372787314690469,0.5272910001079728,2.0634079505647738,0.214614680287292
1021,0.9074857599466437,0.20962683368799143,0.5389456132349896,0.5253915158758863,2.0559748430506133,0.21384156411216945
1022,0.9075440037420883,0.20962683368795446,0.5442035749804126,0.5306982553574795,2.0593723057094544,0.2130720029145382
1023,0.9079346883742941,0.20855111195110088,0.545842230478699,0.528790316711328,2.0699443507707995,0.21230597757967123
1024,0.908138820719878,0.20854888595318563,0.5438818084068608,0.5268911375156362,2.069693149116289,0.21154346910892624
1025,0.9085745306136322,0.2105848907971017,0.5491063088881576,0.5250006708599655,2.0658551334057753,0.21078445868010606
1026,0.9085603298025202,0.21180063927597156,0.5471521998429423,0.5266891524415471,2.063104030113743,0.210239987552251
1027,0.9083965908340406,0.2112748438100442,0.5487737553872116,0.528383981981969,2.0600031375033216,0.20948716106767
1028,0.9085412013724534,0.2127488961465629,0.5503878881745462,0.5264938392333383,2.063365706101086,0.2087447623406158
1029,0.9085920341700849,0.21220466993280115,0.5484209991977734,0.5281859804814585,2.0596008757155126,0.207998783403164
1030,0.9087364527768118,0.21199444492607689,0.5464630980574144,0.5263003197663892,2.0593882468439495,0.20725621326851554
1031,0.908831210384539,0.2119920194469826,0.5516471393376257,0.5279897703014751,2.0591908634109646,0.2065170337102062
1032,0.9085923929816777,0.21090573390548253,0.5496816555535673,0.5261085762234594,2.05185417813674,0.20934416321375388
1033,0.9089772837990387,0.2103653700648005,0.5477251321655994,0.5277953337213833,2.058788360579372,0.20859902873941927
1034,0.9089301604617372,0.2144013000926486,0.5528891475101806,0.5259185992059601,2.055023497251068,0.20785729336621753
1035,0.9079813218806283,0.21440129687348888,0.5544774032102029,0.5276026614086391,2.0583881165473428,0.2071189294255041
1036,0.9078619168481618,0.2140181878085076,0.5525097218632482,0.529279064136894,2.057816599544638,0.20638392372162462
1037,0.9074282989568415,0.21246496895219608,0.5540961493533131,0.5309478481737486,2.054343237762359,0.20565225837358017
1038,0.9076699030999016,0.2124649689521713,0.5521337496937353,0.5290674310697393,2.0541507745027996,0.20846553859502426
1039,0.9076418920551553,0.2133609980247057,0.5502290373468062,0.5306848468885264,2.050421101426553,0.21129092366661564
1040,0.9076410666076622,0.21211686869643567,0.5482842270528071,0.528809116450753,2.0502427883472327,0.21408763936843753
1041,0.9072614243710224,0.2121166904505093,0.5498792417889259,0.5304728980758275,2.0535968644985076,0.21686269424319465
1042,0.9076987635846152,0.21249470261206757,0.5479395511269961,0.5286016629961817,2.0604627721002866,0.21609771446038364
1043,0.9078439458261083,0.21249468890256934,0.5460086345767048,0.5302628514408346,2.0567257465287803,0.21533619495978643
1044,0.9077546620318575,0.210384778474955,0.5440864456476456,0.5319165314183101,2.0565261171636466,0.21457811747938485
1045,0.907995939465691,0.20986092145220095,0.5456898563217387,0.5300458244913923,2.0563326942616107,0.21382346379403439
1046,0.907937659886924,0.20879761828272905,0.5437726279252095,0.5281835598837513,2.0561346749284377,0.21307221578771549
1047,0.9077513584830369,0.21075675853144207,0.5453739357597722,0.5263296936453895,2.0594475385298354,0.21232435796669138
1048,0.9069304132468773,0.21066764600258028,0.543461645726701,0.5314969465229019,2.052856996997369,0.21157986739445253
1049,0.9064542840729776,0.21078940125153106,0.5450608441665812,0.5331380558518044,2.0526718453040127,0.21083875020791762
1050,0.9067928870440612,0.21078685476628703,0.5431534705172183,0.5417705370128366,2.0489881544632396,0.21010094583118594
1051,0.907372436259797,0.2107822828856524,0.5412546712372672,0.539876572302275,2.0558086837012355,0.20936645816551494
1052,0.9075175781848662,0.21078228220424394,0.5428567868772437,0.5414835007953069,2.052132521293681,0.2086352697346308
1053,0.9068196701866825,0.21077129510331108,0.5409628164988793,0.5430832167581128,2.0520689773239487,0.20790736316643163
1054,0.9066869419846292,0.20975031420423568,0.5425627483424942,0.5411903502029528,2.0553730734595006,0.21066812913117797
1055,0.907075418646115,0.20924210773208615,0.5406735859393812,0.5427878906592962,2.062147272419766,0.20993459865879555
1056,0.9075085491799972,0.2087356884021518,0.5387928831001995,0.5478567215077007,2.0619311113934313,0.20920435289497838
1057,0.9078442743254385,0.20873439344742292,0.5403955627885677,0.5459529372695073,2.0582498948537706,0.21195234197585947
1058,0.9081309214327287,0.20963772786451196,0.5385195827519076,0.5440576648398292,2.0545761864561243,0.21121661913312498
1059,0.9076518035592187,0.2091501017748574,0.536651983702137,0.5421708595862802,2.057798269989652,0.2139724251796392
1060,0.9076998410421332,0.20893372359540505,0.5347927217233494,0.540292477141327,2.0541334666280213,0.2132311055571161
1061,0.9074197775521239,0.2108049513088874,0.5398639437138709,0.5453446639543472,2.053945752709407,0.21249345136728023
1062,0.9075637722748238,0.21080444118870006,0.5414549266663047,0.5434590606600629,2.0503086639548442,0.21175872637885435
1063,0.9070053554204538,0.21080444118870006,0.5395846438855881,0.5415818552397799,2.053589068777711,0.21448145362446364
1064,0.9073907675686749,0.21030354179888922,0.544624139390009,0.5500651864623906,2.0534051859226214,0.21374133656338457
1065,0.9072086885404489,0.20980364588281583,0.5427466682777453,0.5516162370929497,2.0497738048239302,0.2198990677344434
1066,0.9067031554720397,0.2088109171883061,0.544321372387319,0.5566042288810006,2.0461751843389813,0.2191417720700278
1067,0.9067645991074287,0.20881091718830377,0.5424486941016747,0.5546892927678885,2.0460163848671793,0.2183878387158527
1068,0.9057796004700511,0.20826881430586694,0.5474582282826234,0.5562198043869266,2.0492963607336763,0.21763725015109803
1069,0.9060688957878177,0.2082688142051203,0.5455785211627249,0.5577435312217222,2.0525612754102607,0.21688998895831718
1070,0.906357157147006,0.20965586454235982,0.5437071403659296,0.5558304234042797,2.0455209540258124,0.21614610574750878
1071,0.9062784399240504,0.20965586452603713,0.5418440425942919,0.5573524401058221,2.0385400825803406,0.21883210402718617
1072,0.9063324997767787,0.20941817716972966,0.5468356485237125,0.5554444934759164,2.041831878244964,0.21808299099681247
1073,0.906807511107256,0.20792638288317053,0.5483853846579869,0.5569647889932197,2.041689973879898,0.21733718852952352
1074,0.9072788631266994,0.2074325552498344,0.5465118850866166,0.5550619788114751,2.041547602027988,0.21659467944568492
1075,0.9074046624700639,0.20645444386668896,0.5480596298433729,0.5531675647372623,2.044809927445109,0.2158554466666354
1076,0.9072704768401394,0.20645015922810972,0.549600550490652,0.5615102021047139,2.0446572673327315,0.21511947321402924
1077,0.9080120424891598,0.20595541069459208,0.5477285239483405,0.5595976094022861,2.047911316051804,0.21779290062849435
1078,0.9080120424891597,0.20575913723804026,0.5458647385426063,0.5576934364189816,2.0409427777044105,0.2170518049726797
1079,0.9081035210095947,0.20525418311044238,0.5474085045652886,0.5557976396128635,2.0408411761144998,0.21631396928777086
1080,0.9072431340314172,0.20665303933026458,0.5489454850312215,0.5539101756991107,2.044098436611337,0.21557937675932862
1081,0.9072894927273285,0.21114513374169314,0.5470831539883444,0.5520310016403035,2.0371640209238944,0.21484801461569777
1082,0.9074386928899948,0.21199293653026854,0.5452289961024038,0.5535492447901981,2.05059474626767,0.21411985814143863
1083,0.9065217633744712,0.2114578337830181,0.5467687518804016,0.5516750473572766,2.057196060042332,0.21339489483917942
1084,0.9064863024055523,0.2113322809351513,0.5482631753437488,0.5498476477284698,2.056837505741918,0.2160940822446247
1085,0.9064857947046662,0.21592134379211875,0.5497896021418064,0.5513687205660425,2.0532707221272255,0.22212132665041312
1086,0.906579422068306,0.21768054776397563,0.5479337100778252,0.5495074979659067,2.0530841665926176,0.2247758543940508
1087,0.905405895530777,0.21767198212382577,0.5494581981178105,0.5476544121968362,2.049637559588443,0.22401785029301463
1088,0.9055006674039187,0.21767172113937996,0.5509760265900924,0.5458094214405278,2.0494712961504993,0.22326315745418449
1089,0.9054827790170017,0.21740910452747708,0.5491217009135037,0.5473380129059312,2.052670327862988,0.2225117588714444
1090,0.9050800486374088,0.21601481535219444,0.5506376281215769,0.5488599371672821,2.0493895443309555,0.22176363763768162
1091,0.9051276892181467,0.21631904168131577,0.5487881440044441,0.547016423966442,2.0525826362745483,0.22101878322662616
1092,0.9048226889698898,0.21543767551428622,0.5469467142935317,0.548536386495838,2.0484582694968747,0.22363261366826473
1093,0.9047510077189115,0.21543767551428605,0.5484653912934717,0.5500497347658311,2.05164798405089,0.2228829762248791
1094,0.9044414898898253,0.21495509342798996,0.5499774647163136,0.548207759490529,2.054823795274212,0.22213659838748817
1095,0.9051545403727458,0.2144735400511185,0.5548283644065181,0.5497191834761538,2.0479496229774115,0.22139346348435365
1096,0.9053248518298331,0.2139915422764833,0.5529740989698716,0.5478819931896195,2.047804703284568,0.2206535549404247
1097,0.9054189221651696,0.21431192920783812,0.5578053016573973,0.5527301969516341,2.050983803679223,0.22325733148417734
1098,0.9059824269322,0.2155809786075438,0.5559448118437178,0.5508866345149092,2.0574845034201443,0.2225126865903783
1099,0.9062623207925704,0.21462536322526207,0.5574244220313803,0.5490510575451644,2.0672890863239557,0.22177126514830428
1100,0.9059550517829426,0.21420558643719778,0.5588976281539476,0.5538808470138197,2.067147752197844,0.22436176357165505
1101,0.9066513015045109,0.21420558643575324,0.5570390790410459,0.552038980623599,2.0702498439612835,0.22361567459999046
1102,0.9066672878703506,0.21300476029570384,0.5585106218283777,0.5502050739699285,2.067530052972683,0.22287280989675753
1103,0.9068058635347375,0.21427351254098254,0.5599758085666567,0.5483790881393932,2.070624675254193,0.22213316694279603
1104,0.9063248204023112,0.21427340245456386,0.5581192521222859,0.5465609797238719,2.0670754864429517,0.22139670162360348
1105,0.9061088333655294,0.2137985305295468,0.5562707004233692,0.5447507102809379,2.0635415381737805,0.2239755204773212
1106,0.9061962961558339,0.21379465460322378,0.5544301128370303,0.5462570383882943,2.0633313857412587,0.2232344306404475
1107,0.9063814756069265,0.21554434235530032,0.5525974489644052,0.5444513905415375,2.0565123692901537,0.2224976219249981
1108,0.9062573070263793,0.2148666892194509,0.5507726686391484,0.5492578847987447,2.056326955856968,0.22176289308456273
1109,0.9062725994245195,0.21438982359570494,0.5555535056233614,0.5474459451860335,2.049543718255534,0.22103132239303486
1110,0.906324043276238,0.21436391056201354,0.5537226292620121,0.5555285568488861,2.046086514744706,0.2203028938633056
1111,0.9066464008121596,0.21436391056201295,0.5551919063165919,0.5536995925875073,2.045934784311857,0.21957759160010631
1112,0.9064302970771937,0.21436391049249431,0.5533658773505872,0.5518784718488465,2.039205805836375,0.21885539979942345
1113,0.9064624930233292,0.22149721329219127,0.5517055677544362,0.5531929782285067,2.0357912689706175,0.2214220204051711
1114,0.906692488657492,0.22149721306076403,0.5498946308715135,0.5513771590194937,2.029109017655966,0.22069521732961922
1115,0.9065679030293644,0.22149721306054235,0.5480914423590372,0.5528482618597023,2.02573512421677,0.21997152399219472
1116,0.9065520806264902,0.22136098998862772,0.5495718384296812,0.5543130751829553,2.0322025692768855,0.21925092471549248
1117,0.9064740238900517,0.22308584374581653,0.5510459100932569,0.5524990296433253,2.038642385169042,0.21853340393275816
1118,0.9070230621402868,0.22259163226625558,0.5525136892003685,0.5506927279509221,2.038519704662186,0.21781894610352867
1119,0.9070794480739653,0.22431388348078232,0.5507091450277801,0.5488941311513589,2.035127838030338,0.21710763664974286
1120,0.907124706790363,0.2223351907571477,0.5521750903066437,0.5503659984537708,2.0317590591009447,0.21639925829877113
1121,0.9067845340389505,0.22233519075714772,0.553634792070404,0.5485720602398229,2.028396002500596,0.21569389695736776
1122,0.9059642600597703,0.22233518166568705,0.5550882816659961,0.5500420355021074,2.0380724039269023,0.2149915374779755
1123,0.9055439668759606,0.2223351814703944,0.5565355902616368,0.5482527354384299,2.034695531846887,0.21429216479939778
1124,0.9055789706304139,0.22091904242927266,0.5612265216700165,0.5497208114212424,2.0381909663729436,0.21359576394625213
1125,0.9059369605545378,0.22091904242927268,0.5594044859199453,0.547936129243381,2.034820487749257,0.21290232002842768
1126,0.9067036595716441,0.219459615907153,0.5608334604382327,0.5461590190792599,2.0411941218264027,0.21221181824054608
1127,0.9064927223705451,0.22117848859703065,0.55901633865139,0.5443894430417067,2.044300676763156,0.21152425651339365
1128,0.9062376031941638,0.22117848764768555,0.5572069147373202,0.5523377625418517,2.0409220647617534,0.21083959486456869
1129,0.9062376031941638,0.22096448471944477,0.5554051502317107,0.5505517427539873,2.0343226116003787,0.2101578314327865
1130,0.906168563319413,0.22096410204716357,0.5536110068885802,0.5487732775310796,2.0366532684179908,0.20947895174628275
1131,0.9061685575944135,0.22268042975500346,0.5518244532344472,0.5502294264671628,2.03330787479817,0.20880294832214163
1132,0.9061952012108023,0.21943951162023537,0.5597170702631443,0.5484555568555142,2.030126734362027,0.21135367345652722
1133,0.9064115079437579,0.21943298804842318,0.5579144140729635,0.5499098262155562,2.033250365371763,0.21067297596128243
1134,0.9064979658567778,0.21896140884667348,0.55933679661235,0.548140525971418,2.036416126992754,0.21320499030611456
1135,0.9067361390494116,0.21896140884667348,0.5607531856286188,0.5463786810649471,2.033084856291522,0.21251970230348183
1136,0.9070938068362691,0.2189614088230624,0.5621636109265193,0.5446242544218981,2.029767612095143,0.2182593169094024
1137,0.9069263792301426,0.2189614088230405,0.5635681021429644,0.5428772091769445,2.0328800856766343,0.22076698404337597
1138,0.9061924976564919,0.21850837550259525,0.5649666881981893,0.5411375092222612,2.0360902068057842,0.223226209242689
1139,0.9053110439863583,0.21921495264905128,0.5631580094877333,0.5394051170072779,2.0327732771907963,0.22260598767151465
1140,0.9058063785637259,0.2187413749104449,0.5613569230505094,0.5408781870566012,2.0390687490468205,0.22189405137923907
1141,0.9062532345626628,0.22042511729604633,0.5595633912597112,0.5455400719487091,2.04213892148676,0.221185104486643
1142,0.9064008075846337,0.22115202160944541,0.5577773766988756,0.5469906172515187,2.054771623387078,0.22047912581937917
1143,0.9062381407616027,0.2228237592067297,0.5591873680455826,0.545246561629004,2.0545968947101727,0.22296479830686028
1144,0.9058710863546986,0.22282375920672962,0.56059154274595,0.5435097206861588,2.0544229805055587,0.22225456110819625
1145,0.9059596474287632,0.22368675554953515,0.558807606375822,0.5417801427594194,2.0637965129639606,0.22154741181134496
1146,0.9057279145399791,0.22276105106032806,0.5570311242885264,0.5400577919755661,2.0733110518417464,0.22084309962217827
1147,0.9060380131813474,0.222761051060302,0.5552620596911872,0.5446943947824131,2.0667270626186576,0.22331760926468974
1148,0.9062587326612889,0.22180824013624326,0.5598457895297007,0.5429662391906097,2.063343978476152,0.222609087974778
1149,0.9064048579315109,0.22160784775429895,0.5580713383439733,0.541245288341357,2.0631432077629586,0.22190352053549733
1150,0.9062873701205215,0.22160784335800757,0.5563042792874104,0.5426978744397272,2.0661106743595,0.22120089239693533
1151,0.9064624957623405,0.22280042153874988,0.5545445759730168,0.5409812109447253,2.069064759735628,0.22050119248582226
1152,0.9061849579827214,0.22280042153874988,0.5527921922175052,0.5392716879826926,2.06884651280433,0.2261244821875897
1153,0.9063159120836017,0.2213717815311251,0.5542039748651559,0.5375692704528234,2.062315407057757,0.2254106336934312
1154,0.9064294471420411,0.2213339065782535,0.5524561665765906,0.5421813784522261,2.0589307043978997,0.22785275857624696
1155,0.906181831396198,0.22300155832624957,0.5507156117857033,0.5404731951557254,2.0650461796852886,0.2271349031479249
1156,0.905860569146261,0.22300155135970695,0.548982274947664,0.5387720955698638,2.0585482272038913,0.2264200127645668
1157,0.9057458329384095,0.22300150305652686,0.5472561206773294,0.537078044967604,2.05522048898641,0.2257080847301689
1158,0.905770724538731,0.2229554424690054,0.5518193893996125,0.5385321466219454,2.061179385317443,0.2249991045320243
1159,0.905656382460265,0.2229554424690054,0.5532257793662461,0.5399802319330109,2.0641254027526785,0.2242930577383188
1160,0.9046685978969538,0.22294785028611303,0.5514914929988527,0.5382874685264031,2.0608396485472875,0.2235899299976301
1161,0.904558709599793,0.22462938892501716,0.5528960998789665,0.5397334268264559,2.0606491163784746,0.222890003202169
1162,0.9047507373604041,0.22462938888883532,0.5511663100527466,0.5380448177174396,2.0635879687016327,0.22219266990575107
1163,0.9044356337738152,0.22595296524593436,0.5494436555602312,0.5363631740728437,2.057138335267256,0.22149824182631564
1164,0.9045025634287069,0.22594986664014727,0.5477281015869561,0.5346884619070241,2.056980102225445,0.22392899477235662
1165,0.9039796364829134,0.22594986663853134,0.5491388401321117,0.5330206474230622,2.0599215950325904,0.22634973611112627
1166,0.9039174896292471,0.22448424115292373,0.5474276636760459,0.5344758059643998,2.0597348729795235,0.22564440567196653
1167,0.9042249125411684,0.22567303878402759,0.5457235244238606,0.5328119857727583,2.0626619130446766,0.2249419759114865
1168,0.9042616654245546,0.22476260244335633,0.5440263881327687,0.5373747687816619,2.059450113197796,0.22424243269294497
1169,0.9042859035998377,0.22476260244335636,0.5454429953840826,0.5388120411152536,2.0592654167749256,0.22354576199109394
1170,0.9040010208666251,0.2247596175149786,0.5437501206429621,0.537139746664074,2.0590814767130254,0.22595561925992916
1171,0.9029899768862872,0.22602175866330593,0.5451334460064998,0.5355056168235028,2.0526971563283167,0.2252550288062175
1172,0.903255061063075,0.22769129312864414,0.5434449124507454,0.5338469051632194,2.0556313965534083,0.22455730900635107
1173,0.903226144289696,0.229010454153814,0.5448576638930934,0.5352893564139999,2.055169844200346,0.22453742619147865
1174,0.9033969536901345,0.22851636873624429,0.5462646360805228,0.5367259069144885,2.0549993718346866,0.22384331824188508
1175,0.9036613601949666,0.2318378904592659,0.5476658570018627,0.5381565852419141,2.0548295016526135,0.22315206927359016
1176,0.9037013497769569,0.22998987590577785,0.549061354491579,0.5364963166652338,2.0518060917817627,0.22246362212159707
1177,0.9042709860281666,0.22949794221263697,0.5504511562307214,0.5410068636866511,2.045483712736603,0.22486000446980656
1178,0.904401543613837,0.22949606339364048,0.5487563506374061,0.5393411364950204,2.045349656662711,0.22416767420766687
1179,0.9043323321691378,0.22900174340116847,0.5501443137004981,0.5407580594547872,2.045210179562306,0.22347816544188373
1180,0.9044628924442443,0.22695955426856296,0.5484538371928745,0.5421692122968207,2.041998470907515,0.22279146455429955
1181,0.9046367791128664,0.2269595539898381,0.5467702395998112,0.5405049067182002,2.0418695516520162,0.22210755800092674
1182,0.9044910246761713,0.22695803044551316,0.5450934877639346,0.5388473684525782,2.041843765391073,0.22142643231289974
1183,0.904794566025456,0.22695803042851764,0.5434235487099447,0.537196564902512,2.04171557387679,0.22381165693265892
1184,0.904277068902709,0.22695803041512777,0.5417603896435036,0.5386129844354706,2.050775716609534,0.22312667670446232
1185,0.9040659152071009,0.22647971746085643,0.5492763633350929,0.5369661958132751,2.059792881654153,0.22244447541499596
1186,0.9043682636143574,0.22552718258112822,0.5475986503913862,0.535326083117402,2.0657190679319024,0.2217650397054493
1187,0.9046692202336808,0.2255259877044489,0.5489790865986867,0.5336926142772076,2.0624749320095503,0.2241397092724324
1188,0.9048835655221689,0.2255259868495949,0.5503539350717227,0.5320657573976093,2.0714294044127617,0.22345646348962375
1189,0.904819792933068,0.22552560252730433,0.5486779662424826,0.5304454807580169,2.0735083702245216,0.2227759812696646
1190,0.9040393908548221,0.22552560243534972,0.5530931964792585,0.52883175281127,2.082491437567455,0.222098249363409
1191,0.9038062836600752,0.22552560143700856,0.5514122511515429,0.5363420580284611,2.0792031083526243,0.2214232545941048
1192,0.9036600854011383,0.22717092972227138,0.5558103400070786,0.5347136696009803,2.078962622540909,0.22075100194660024
1193,0.9035197147830157,0.22716935059192764,0.5541245118432059,0.5330918297413447,2.0788255289622497,0.22008144215345216
1194,0.9031012245442682,0.22832838402287975,0.5524454869690327,0.5345065831614861,2.0725265460663316,0.21941458039719605
1195,0.9035320491379699,0.22832709005286358,0.5507732126352767,0.5328886105988925,2.0723150656042013,0.21875040378628158
1196,0.9026969809364298,0.22779728379979874,0.5521316807363136,0.5312771479718503,2.0781459540074496,0.2211129135146755
1197,0.90281397786753,0.22587105898797022,0.5504636956148706,0.5296721642168919,2.083951861246794,0.22044493327958095
1198,0.9031078776445141,0.22567590679757582,0.551820383608542,0.528073628439547,2.089737426229701,0.21977963663650965
1199,0.9028372322510131,0.22518976058790371,0.5531716252383175,0.5294964654810345,2.0865174047126063,0.21911701079736215
1200,0.9025109939116364,0.22515828341841426,0.551505504321159,0.5309135948938479,2.089270250320604,0.21845704304352542
1201,0.9025540546001916,0.22536756544875247,0.5498460795729639,0.5353339578856463,2.0890017968852677,0.21780007947451827
1202,0.9025397078621376,0.22520469219576444,0.5511992081607483,0.5367307088119985,2.0827224157157853,0.21714538893293842
1203,0.902528478078547,0.22520468921120215,0.5525469209596109,0.5351189495215478,2.082474044595286,0.21649331873787572
1204,0.9027438687623188,0.2247287869132377,0.5538892436908642,0.5335136363311511,2.0792267124624457,0.2158438564444671
1205,0.9022908816645933,0.2247287869132377,0.5522292819413582,0.5319147386467544,2.0819861963388515,0.21819390967039473
1206,0.9025491876540035,0.22425299706276278,0.5505759491241696,0.5303222260399268,2.078746813566935,0.220534578135079
1207,0.9025379828556871,0.22541799571678697,0.551920145964665,0.5317270003918506,2.0785112870767906,0.22286590643589346
1208,0.9030077778479437,0.22541778167114818,0.5532589828970469,0.5301382305784835,2.0782773928154734,0.22518793858374972
1209,0.9031778616212657,0.2254177803472846,0.5516075290334346,0.5285557911492075,2.0810287149690043,0.22451576243711815
1210,0.9034323386544295,0.22541778024445225,0.5499626503887264,0.5299616249540303,2.0837696706163804,0.22384626254163936
1211,0.9032905314216699,0.22706359862340444,0.5513033072093769,0.5283828743315921,2.0864991115018396,0.22317942956334672
1212,0.9030651010395561,0.22706275820857913,0.5496626204030465,0.5268103990729274,2.089228207347505,0.222515244275973
1213,0.9025726915278942,0.226579419733952,0.5539745318541864,0.5252441705358312,2.094909009003029,0.22185369749151834
1214,0.9023487699956526,0.22609720800866115,0.5523291894215008,0.5236841592508162,2.088687281327041,0.22119477676260102
1215,0.9026467537185882,0.2260959803508216,0.5536574735475586,0.5221303359070475,2.0854646712920526,0.22350556985179154
1216,0.902598420695922,0.22509822332424428,0.5520163583147195,0.5235468058772433,2.085211342509135,0.22284306927547332
1217,0.9019802655092245,0.22461945026328206,0.5503817430010969,0.5219964938015326,2.084959044739844,0.2221831926466639
1218,0.9019925593157034,0.2236792487136638,0.5546700213869256,0.5234105295961872,2.087819112770263,0.2215259276197363
1219,0.9016496312880087,0.22479679663516225,0.5559823845194977,0.5218674184899743,2.0876675679025514,0.22092154923796475
1220,0.9012594378639068,0.2245330713478493,0.5601702458072605,0.520402022768077,2.0873334324666617,0.22038401225146712
1221,0.9013893484286661,0.2245330477136971,0.5585181072204366,0.5188671746234075,2.090025255636722,0.21973402247909887
1222,0.9014263945019801,0.22359064227687137,0.5568724878124389,0.5173383828408409,2.089760076989097,0.21908659750340995
1223,0.9002417924406945,0.22312148605280466,0.5552333570129848,0.5217025350930032,2.086553776767207,0.21844172529733968
1224,0.9002416512676098,0.2227099323315993,0.5565411996024963,0.5201684612779702,2.0921800363256073,0.2177996668509413
1225,0.9003723736248733,0.22270993101436057,0.5549063169731909,0.5215780033715471,2.094846839330313,0.21715986355828765
1226,0.9002819451827346,0.2222463789080691,0.5532778662027678,0.5229820001276962,2.097713969058114,0.21652257734203867
1227,0.9004375234193178,0.22224201176606645,0.551655817210857,0.5243804774807241,2.091573409372986,0.21588779643038936
1228,0.9006112754523818,0.22177834543605882,0.5529689175558529,0.5228446837483164,2.0854476563591233,0.21818428659251765
1229,0.9008280315891715,0.22177834543605557,0.551351013357439,0.5213149185443448,2.0793459489906616,0.21754591206169183
1230,0.9005633400927442,0.2237848224609544,0.5497394552684269,0.5197911537310965,2.073268179830267,0.21691005240638578
1231,0.9009061001300107,0.22493581693908032,0.5481342136885623,0.5182733613208582,2.0759742407412367,0.21627667411804133
1232,0.9006416300603843,0.22468271015418304,0.5494512157121293,0.5167626427053962,2.0728350171568497,0.2156474375372355
1233,0.9003784086525741,0.22468271015418306,0.5507641915256895,0.5152567084428145,2.0697085933852413,0.21501900421410458
1234,0.90003179485677,0.22421770533530067,0.5549832900350787,0.5137566635240841,2.066594435107109,0.21439302854136352
1235,0.9000746039454102,0.22421770435092106,0.5533692057023238,0.5122624805525747,2.072217453752727,0.2166778467099506
1236,0.9001384508453784,0.22419232473472936,0.5517614242734901,0.5136795730070016,2.0720339807436177,0.21604830206888626
1237,0.900395943410257,0.22533552529609302,0.5501599164671315,0.5121885991731189,2.068922637677277,0.21542149148739462
1238,0.9005671946100248,0.2264714937134997,0.5485646531572297,0.5107034388487214,2.068722926315538,0.21479699950524098
1239,0.9006954673890225,0.2260032393011175,0.5469756053722746,0.5092240650618747,2.0685239499099795,0.21417478898855105
1240,0.9009089472044584,0.22600321962121517,0.5453927442943506,0.5077504509836379,2.0683259019394375,0.2135550009504139
1241,0.9004934281697132,0.22530683000981636,0.5438160412582285,0.5062825699272185,2.0681283751880084,0.2129376241666189
1242,0.9002771192723756,0.2253068300090831,0.5422454677504639,0.5077084556259924,2.07659579718083,0.2152107077512482
1243,0.8992447444273668,0.2259893670801494,0.5435661690706307,0.5091288022239094,2.0734805623766412,0.21459886538008832
1244,0.8997201805975457,0.22552299792745933,0.5419994537749179,0.5076613454038944,2.0703864810305044,0.21398032923129076
1245,0.8998493089520582,0.2245942512840417,0.5433182247069623,0.5090789897970173,2.0673044771954507,0.21336419232808096
1246,0.9001069889189931,0.22413192080637717,0.5446318840416199,0.5076146082446856,2.0671111103914446,0.2185035055851521
1247,0.9002398463617569,0.22381512385609867,0.5430667993503804,0.5061558984708145,2.072665563252607,0.22054748160755894
1248,0.8999807017614755,0.22578849507531001,0.5415077719813253,0.504702834317991,2.066715393060714,0.21991434827829115
1249,0.900366203749329,0.22578849492089773,0.5399547740175044,0.5061233042162826,2.0636561464755445,0.21928365274119557
1250,0.900791860529915,0.22486032561248073,0.5470029215948746,0.5046732366716756,2.0634737685666966,0.2186553945573618
1251,0.9005341075120078,0.22486031661216854,0.5454372983918155,0.5032287688304575,2.0776032601992065,0.21802956250843064
1252,0.9010424536444138,0.22645619332987205,0.5438777166527803,0.5017898749360737,2.074522047037873,0.21740614853042423
1253,0.901122043323331,0.2259900524441152,0.5423241486077041,0.5003565293674389,2.0685962793971977,0.21678513532319332
1254,0.901248041556977,0.22618649480331796,0.5436301772990738,0.5017823173047237,2.0655469192038263,0.21616651740922754
1255,0.9012008345672868,0.22526334945076157,0.5420804189599343,0.5032026155896715,2.065360246845256,0.21555027887614592
1256,0.9012375206368587,0.22526328556458877,0.5405366231754652,0.5046174494057674,2.0623264611662173,0.21778432041360352
1257,0.9018196621476492,0.22638421951865884,0.5446888879368729,0.5060268438043726,2.0621491385805344,0.22000977308896735
1258,0.9016466622243209,0.22638421639397507,0.543140762818293,0.5045886046830707,2.0563110742682977,0.2193844571267817
1259,0.9014327086414959,0.22592177610909675,0.5444379589877827,0.5059952650108579,2.0561522122057005,0.21876154167653059
1260,0.9014322863252762,0.22420649105157736,0.5464887275708611,0.5094745210872093,2.0523978454192697,0.21890080685244995
1261,0.9017227185258002,0.22420649103717996,0.5449401396532086,0.5108645256593466,2.0494156940542907,0.21828050651036812
1262,0.9016739233524381,0.2233040444384497,0.5462283562587039,0.5094183331417044,2.046445774300102,0.22049345500374934
1263,0.9011235174997527,0.22486756737957692,0.5475113455737545,0.5079779725741924,2.049142077224951,0.22269872839031768
1264,0.9011986119075244,0.2223870559731957,0.5487897241066796,0.5065428246893,2.052299580786414,0.22206955620909496
1265,0.9015289730872661,0.2219442139772646,0.5472408238520693,0.5079355547476518,2.049329577915598,0.22144278865670802
1266,0.901899978467838,0.22150187069925933,0.545697838959278,0.5065033938902611,2.0463709330577493,0.22081841477482228
1267,0.9018099713204452,0.2206209520216188,0.5554277577547584,0.5050766985224469,2.054691069211316,0.22019642366225023
1268,0.9015176858978243,0.22016793388695072,0.5538648182195742,0.5036554437698718,2.054560245638021,0.2195768044746189
1269,0.9016824596885827,0.22016793228393378,0.5551189604012117,0.5050507308263871,2.062840269431769,0.21895954642403925
1270,0.9020927364584311,0.2201679322839335,0.5535600108219176,0.5064407048859876,2.0682804269988266,0.21834463877877802
1271,0.9020840241223231,0.22282974732604577,0.552006993060539,0.5050198807758695,2.0708943749075415,0.21773207088871704
1272,0.9018306824838267,0.22392532127398265,0.5504610889138123,0.5064059554068556,2.0678918499854597,0.21713323161195788
1273,0.9017821728996962,0.2239253212739827,0.5517197546614335,0.5077879712943304,2.0677081360700402,0.21652527943126693
1274,0.9019937867459145,0.22392317443650994,0.5613649579202353,0.5063676348230911,2.0619245809732645,0.21591963540520304
1275,0.901863557717576,0.22546728883635014,0.5597963303830631,0.504952686838345,2.0673401635256043,0.2153162894348578
1276,0.9017745494755688,0.22546728883500358,0.5582336495394503,0.5035431029453725,2.064360665594186,0.21471523040221394
1277,0.9017672169949391,0.22501797433129775,0.5566768884853116,0.5021388588759005,2.0725473624356194,0.21690517496525977
1278,0.9017110098975412,0.2247632020318388,0.5579119597709268,0.5063118091173631,2.0749746651065264,0.21630089031069794
1279,0.902069572796215,0.22431509009164247,0.556359204439862,0.504902664991629,2.0691996894734688,0.2156988914564667
1280,0.9016083651146662,0.22386796592909342,0.5603730643360786,0.5034988472519699,2.074568034670647,0.21509916808155366
1281,0.901606117283031,0.22343661890585328,0.5615941694841595,0.5048779258853869,2.0716755835509466,0.21450170991831433
1282,0.901685135047525,0.22300008653045927,0.5628106657931219,0.5034769816219553,2.071537936311633,0.21390650675216413
1283,0.9021640312216582,0.22299602894938153,0.5640225740320585,0.5048533654669218,2.0713396987424715,0.21331354842127215
1284,0.9025232676691135,0.22255102649647146,0.5624606411369938,0.5034552883065171,2.071142778295548,0.21272282481625696
1285,0.9025364660688934,0.2214370584423162,0.5636710963269079,0.502062476313091,2.068892278104941,0.21213432587988432
1286,0.9027355203939486,0.22099666820007466,0.5621132555690926,0.503438646519972,2.0659381370004293,0.21431178232004233
1287,0.9022371679928562,0.2221039730362969,0.560561273885534,0.5048096408208012,2.0685170594041398,0.21372007485134673
1288,0.9026745800393171,0.22210397295841952,0.5590151232662135,0.5034172654014577,2.065569857071231,0.2131305881324334
1289,0.9023371797957351,0.2221039729584168,0.5574747783838419,0.502030118299018,2.0681446484350343,0.21254331491379758
1290,0.902327721811538,0.22122134870614713,0.5586929210267544,0.5006481760610298,2.067957074499697,0.21195824526642942
1291,0.902524989749356,0.22122134870614574,0.5599064962966148,0.5047713283535014,2.06777185255548,0.21137536931235043
1292,0.9024754450072686,0.2203426528441205,0.5583683167372185,0.5061318244809656,2.0648385073852253,0.21079467722432033
1293,0.9023474830313432,0.2203426526687287,0.5568358960640246,0.507487226962289,2.061916214568058,0.21296062130775828
1294,0.90250501417102,0.22034265239775253,0.5553092085124122,0.5060958395939779,2.061746461573346,0.21237674312779117
1295,0.9025443678469767,0.22190178069480612,0.5565272070147727,0.5047096539762623,2.061577462592363,0.2117950479220302
1296,0.9028587471405628,0.221901780694806,0.5604768965019744,0.5033286467109458,2.0559364897450645,0.21121552562117057
1297,0.9032429973249175,0.221901780694806,0.5589448294526608,0.5019527947544883,2.0530500815964885,0.21063816668072669
1298,0.9029065362859967,0.22146602810332955,0.5628800254744587,0.5005820751030692,2.0501744752557425,0.21006296144743503
1299,0.9031056725043178,0.2209734326979926,0.5613444636541075,0.4992164648705289,2.047310143318226,0.20948990031740702
1300,0.9018402965791982,0.22071517477394767,0.5598146215222137,0.49785594128769617,2.0477787311793767,0.2089189737358468
1301,0.9021544087254854,0.21985017390979814,0.5582904736067561,0.4965004817017202,2.0476486501523556,0.2083501721967709
1302,0.9021888448331256,0.21844598383914063,0.5567719945657632,0.49515006357540625,2.050366983033225,0.21050344161110798
1303,0.9022672557469555,0.21718364060587933,0.5579763134147967,0.4965218187147815,2.0475135972039196,0.2099314712946784
1304,0.9023359461097707,0.21676558127115766,0.5591761594975715,0.49517404080767535,2.0446847059129594,0.20936162524088436
1305,0.9024920975429402,0.21634842525247222,0.5576598273304912,0.4938312648083294,2.0472752598346484,0.20879389401430598
1306,0.9024821586893536,0.21634842525247225,0.5561491185042208,0.4952024834946327,2.0444381787124204,0.20822826822758086
1307,0.90290881167122,0.216348425252434,0.5546440080740281,0.493862313388871,2.038905300705857,0.20766473854113057
1308,0.9021812107888965,0.21551467225878132,0.5558480735870551,0.4925271060704207,2.0415037870972155,0.209806898027864
1309,0.9016147789960074,0.21509949662247918,0.5570476835757199,0.49119683955350624,2.0386914831242393,0.20924023055307076
1310,0.9018088847202566,0.2150994966224765,0.5555446572018062,0.4898714919640631,2.0331906846149868,0.20867565844501298
1311,0.9024258245392112,0.21468450461566604,0.5594381919400414,0.4885510415391034,2.0304065725007208,0.20811317243308422
1312,0.9021863212692738,0.21427040875953482,0.5606245409865844,0.48723546662608536,2.03301752188794,0.20755276329372585
1313,0.9024072512663741,0.21427037960488712,0.5591163947660992,0.4859247456822869,2.027548843560828,0.20699442185016032
1314,0.902283484973249,0.21385648386542697,0.5576138089743821,0.4873062865926269,2.0247873787549073,0.20643813897212582
1315,0.902508470088319,0.21385316239500482,0.5561167590744496,0.4859979943375951,2.022036811456571,0.2058839055756127
1316,0.9027366581618819,0.21343948472743082,0.5573072804846275,0.48469451863899465,2.019295648478787,0.20533171262260158
1317,0.9030019762674438,0.21302671157463202,0.5558140429984227,0.4860752173819681,2.016564569018275,0.204781551120803
1318,0.9032662933733696,0.21261484172942133,0.5570029960256818,0.49012754147048004,2.0165202306194407,0.20423341212339877
1319,0.9030053058418287,0.2123743091355377,0.5581875814032305,0.488816927823997,2.0256353425051286,0.20368728672878483
1320,0.9033782129375362,0.2123719031843599,0.5620391713614303,0.4875111252477941,2.0228955084538582,0.20314316608031582
1321,0.9035284539456533,0.21348412688371848,0.5605392693034681,0.48887879327145767,2.0228344029545284,0.20260104783663066
1322,0.9036384853335729,0.2132375398992763,0.564376894143046,0.49290746606182156,2.022797444809612,0.20206091027183157
1323,0.9039378781517335,0.21241436899504243,0.5655371113644435,0.4942580314538013,2.0227367272276604,0.20152275115052543
1324,0.9040119896657687,0.21200522228420599,0.5640323930214561,0.492942964571094,2.0253660114671033,0.20098656179337807
1325,0.9041984981001095,0.21159623356323376,0.562533178230585,0.4916327075846433,2.022640558269289,0.20045233356476017
1326,0.9035670225309753,0.21158882741685536,0.561039442879459,0.4956379852008902,2.019940066762503,0.19992005787250106
1327,0.9030589467467167,0.21119052356076012,0.5622038818212038,0.4943231969776343,2.0200518952461866,0.19938972616764422
1328,0.9032469969529371,0.21102580432621684,0.5607140036129963,0.4930132071629025,2.017348689025277,0.1988613299442042
1329,0.9033218883428225,0.2125492931571839,0.5592295588697478,0.49170799477475213,2.017306188651062,0.1983373934400743
1330,0.9025034169126014,0.2125433554534855,0.5577505238480699,0.4904075389365795,2.014654417997162,0.19781283613377051
1331,0.9025555950076815,0.2125233145666223,0.5589190040860365,0.4891118188765282,2.0146155998979745,0.19993231823306906
1332,0.9020449054144966,0.21170094050260424,0.5574437438840377,0.49046030228069404,2.019856046123667,0.19940459920754602
1333,0.9014874416384034,0.21170061731570713,0.555973848244993,0.4891670319420158,2.0198037749607103,0.20151564933803043
1334,0.9007035307695501,0.211290557744274,0.5545092937875145,0.49051267563147694,2.022390505040787,0.20098481386182715
1335,0.9009718008552711,0.21129055772961805,0.5530500572472491,0.48922185142390456,2.0223315828784405,0.20308748764728504
1336,0.9005956716770024,0.21067208837408685,0.5515961154762229,0.48793571090956417,2.020011892479529,0.2025535804944084
1337,0.900284517153559,0.2102643299274264,0.55014744544219,0.48928055756509814,2.0199621400376744,0.20464793304561746
1338,0.8998608127403201,0.20945162477022097,0.5487040242279846,0.4906205315735662,2.0199124867546945,0.20411099850116296
1339,0.8998222851076546,0.20945127615511402,0.5472658290308785,0.4919556541034695,2.022482794864455,0.20357600796936592
1340,0.8999213329456248,0.20876973408255073,0.5458328371619409,0.49066748953186345,2.0250423813259766,0.20304295301022937
1341,0.9003043471240426,0.2083662982735079,0.5470208655833129,0.4919998216506888,2.0249768747519075,0.2077435043016705
1342,0.9004188648485377,0.20796376671742814,0.5482046019845014,0.4933273404197303,2.0275248492098634,0.20720062378142529
1343,0.9004570230642096,0.20860449789960114,0.5493840649620353,0.4920394536098263,2.0326743380122374,0.20665970337718265
1344,0.9006092067405489,0.20825145087826466,0.5531672768022182,0.49075621285548765,2.027373115697709,0.20612073408984694
1345,0.9007207639937049,0.20785478710184455,0.5595422476310603,0.4920829951308091,2.0246964079424856,0.20558370773141038
1346,0.900795907613572,0.21046942855452092,0.5580858749947946,0.4908022049636424,2.0220242913423263,0.20505382825661678
1347,0.9007928718999059,0.2100702990470194,0.5592349363427237,0.48952602524615657,2.021967023978357,0.2097210320205595
1348,0.9008272900868641,0.20967192610264437,0.5603798644103899,0.49085202866543676,2.021909963122982,0.20917626221973207
1349,0.8999868744108611,0.20966813294668823,0.5615206770381439,0.4895782694644171,2.0218533959664104,0.2138234430881905
1350,0.8997977864243806,0.20966813294668826,0.5600649893714096,0.4883090854825919,2.0217967436753654,0.21845393184992468
1351,0.8999494342483998,0.2092695001905267,0.5637941496206437,0.4896342684972611,2.0165606721235494,0.21788817734508212
1352,0.8993465696210594,0.20926949795823235,0.5623354884392917,0.4883674754647382,2.0139306319747488,0.21732445204501885
1353,0.8987110509919819,0.21187180393867053,0.5608820560774901,0.48968985906734697,2.016479261856841,0.21934738584521696
1354,0.8987917686035571,0.2129622408838329,0.562015882190127,0.4884254535537084,2.0138546578137526,0.21878101912002715
1355,0.8986091735782433,0.21296223866988812,0.5605661774276279,0.4897450462553709,2.016445866472878,0.2182166794004329
1356,0.8988691145974729,0.21296223866065586,0.5591216573818879,0.48848302481150824,2.03186485594731,0.21765435798254917
1357,0.8994343579207357,0.21296223861911118,0.5602566189439342,0.48722551360426486,2.0292085072776556,0.21709404619981318
1358,0.8993948783636098,0.21255495031809266,0.5588157811570005,0.4859724932792529,2.029133391128481,0.21653573542845156
1359,0.8998054658844308,0.2125549502492469,0.5573800852530485,0.4847239445775864,2.026489367980837,0.21597941708724402
1360,0.8998028034483456,0.2127325086181707,0.5585159447874749,0.4834800205130678,2.026421016943489,0.2169157966290879
1361,0.9000200875631743,0.21273247664766756,0.562211971088315,0.48480439966397815,2.031481357763593,0.2163596153196175
1362,0.89994578859661,0.2127316648088033,0.5633333562301795,0.4938085017787928,2.028844372904304,0.2158054145605833
1363,0.8999459887229319,0.21192212833877833,0.5670096704975397,0.49510380506643925,2.0262116438778794,0.21525318588042067
1364,0.8999297040975024,0.21302948819912915,0.5655630068001624,0.4963916842448885,2.0286925388137758,0.2150040672666177
1365,0.8999868967533952,0.21299571600662592,0.5666724749301385,0.4951239958061152,2.026055251281106,0.21445498842623031
1366,0.8999868220609211,0.21541695358314683,0.5703283591934051,0.4938617072651073,2.025988306576864,0.21393684222686624
1367,0.8998019769916857,0.21688958673692574,0.5714234651306686,0.4926029998326165,2.031019487989544,0.21339158987759965
1368,0.8989540074743652,0.21688264973599225,0.5725146881979244,0.491348755344918,2.028469211366515,0.2128482614256492
1369,0.8988832715643108,0.21606905035003157,0.5710584330034418,0.49264256672212564,2.025855630960288,0.21230685804731259
1370,0.8989206209954131,0.21577274869445645,0.5696073337820668,0.4913907276743651,2.0232488605669894,0.21176737178421673
1371,0.8989543868171717,0.21419253375267613,0.5732384281853038,0.490143317670664,2.020660243589308,0.21122979400111258
1372,0.8991411632570563,0.2141925337526755,0.5717846998105992,0.4914363104110169,2.01553586456225,0.2106941168203372
1373,0.8993240048864134,0.2141925337526755,0.5728695652072806,0.4927247350623538,2.015496505104838,0.2101603321645306
1374,0.8988387222512191,0.21353665322031984,0.5714196749485668,0.49400861102607935,2.0193697192235716,0.2096284319958366
1375,0.898876024263719,0.21484399337529542,0.5699749084322708,0.49528794892857514,2.019320727597529,0.2090984262750506
1376,0.8982190911524135,0.21445334338692404,0.5685352265795358,0.4990886541902816,2.0217977957264566,0.21362200873031717
1377,0.898068141760769,0.21406817489979585,0.5671006165019336,0.4978292817196856,2.024266418764349,0.21560630923227658
1378,0.8984046465030225,0.21549642222933185,0.5707127008845501,0.49657434274889173,2.0216844304927326,0.21506280412658232
1379,0.8984475419884813,0.2147148463127381,0.5717937761950871,0.49532381830314615,2.021630613800189,0.21452121091328397
1380,0.8982233990373758,0.21471322760712042,0.5703552656864497,0.49407768980809874,2.024096498167791,0.21398152155486205
1381,0.8982321219540598,0.21469184153723614,0.5689218083360535,0.4953492096798424,2.0240771259029264,0.2134437280016587
1382,0.8983067376276272,0.21611782418754455,0.5700041573623299,0.5016377685806949,2.0290381761125316,0.2129104367863175
1383,0.8984243819732572,0.2161178145925554,0.5710826942126311,0.5003795359066338,2.028965428109626,0.21237640429316787
1384,0.8984671494062896,0.21714948034550186,0.5696517080416088,0.49912571364341113,2.0263871058263936,0.21184424383544767
1385,0.8985042004131487,0.21645610311147093,0.5682257342404606,0.49787628319128147,2.0313275286159898,0.2113139472756362
1386,0.898615358206385,0.2160700333060658,0.5743069597177629,0.499131962051943,2.0312491878751833,0.21328624288915296
1387,0.8986567087512766,0.21530170249284702,0.5753704416194604,0.5003832488785805,2.0311753102769394,0.21525163993193544
1388,0.8986567087512766,0.21519360765586618,0.5739344668597526,0.4991344226205826,2.0261060257480192,0.21471442790370196
1389,0.8988779523937828,0.21518986293888795,0.5725035075940109,0.49788995819451765,2.0235720086440634,0.2141790922202078
1390,0.8989885144312478,0.21721143992957379,0.5710776869444628,0.49914044610471225,2.021022399351955,0.21364576920610448
1391,0.8991725920634486,0.21721143992574357,0.5696566951585411,0.4978984531322131,2.023458353664546,0.21311416222849142
1392,0.8992488843240927,0.2168255746716183,0.5682406559221604,0.5016323418856857,2.0209142667836884,0.21258440804828302
1393,0.8993587254148712,0.21682556066307726,0.5668295484561178,0.5028699342963485,2.018379039924509,0.2120564988917754
1394,0.8997238343662315,0.21643992238161097,0.5654233520816416,0.5065840294352588,2.0183334450202746,0.2140112369564516
1395,0.8995169544002193,0.21610783451797147,0.5640220462198483,0.5053285468533579,2.019047947558197,0.21348084640973533
1396,0.8992295277644182,0.2175078461943186,0.5651014636632613,0.5065532807892261,2.018949574521292,0.21300822462058333
1397,0.8986650564012006,0.2166027067197963,0.563703753764391,0.5053003827162418,2.022463753079336,0.21248137462418978
1398,0.8985594746965634,0.2166027067197727,0.5647818010012151,0.5040518327091,2.024879280685615,0.21442725952546493
1399,0.8983828713397729,0.21660270459482514,0.5633876727956776,0.5052760494371872,2.0273321478934756,0.21389795937802636
1400,0.8979154231659208,0.21583393529723266,0.5619983758993421,0.5064960236791671,2.032196729341676,0.21337049350426707
1401,0.8979599014037112,0.21583393528847997,0.5606138901452009,0.507711773144163,2.032117421280856,0.21284485424750232
1402,0.8981075835690123,0.21583393382539567,0.5616952380920519,0.5089233154561069,2.039421526374405,0.21232103398788055
1403,0.898135635619323,0.2157951188130751,0.5603142638316966,0.5101306681541987,2.042183659912926,0.21179902514218468
1404,0.8980313199036086,0.21563583092649272,0.5589380617013883,0.5088777232310256,2.0445425022534374,0.21373494521777756
1405,0.898045485172327,0.2152513941419739,0.5624739529610552,0.5125364460696478,2.041979567813784,0.2132105100740854
1406,0.897619982142062,0.21525138776354977,0.5610952066153089,0.5112801074456809,2.044328087270095,0.21268788460833393
1407,0.8975529299239554,0.21474937366580535,0.5597212164977323,0.5149256353284407,2.0465980438499365,0.21425208006835697
1408,0.8976221005617347,0.2147456634833799,0.558351958964893,0.5161122827311776,2.0464841200439174,0.21372795079486662
1409,0.8976569013774862,0.21538658687720233,0.5594123503231567,0.5148699100380874,2.0439077369806267,0.21322634354383616
1410,0.8978410403866479,0.21678052278219503,0.5604880151380752,0.5136128900739224,2.0462419844412265,0.21270578019232955
1411,0.8977018398297706,0.21678051849328114,0.561559981625121,0.514799184645015,2.0558853382397406,0.21218699236441915
1412,0.8979588242781048,0.21678051652890637,0.5626282647763462,0.5159814030427007,2.0557509868496133,0.21410654196550852
1413,0.8980685504597202,0.21678021691738705,0.5612587603410153,0.5147254426435264,2.0556164726608945,0.21358538105481079
1414,0.8980754553860849,0.21639354281180673,0.5598939549311874,0.5134737916790603,2.0554813037388433,0.21306600834453607
1415,0.8983309989415682,0.2163935404333837,0.5633923413754834,0.5146556884552128,2.055346540390349,0.21254841643671432
1416,0.8982278438578927,0.21600715252185296,0.562025085014291,0.5158335356650419,2.0527853958385274,0.2120325979686731
1417,0.8984098337500076,0.21562160150024212,0.5606625100057689,0.5145829475632013,2.0502331798199793,0.2115185456128485
1418,0.8986998325910261,0.21523959630231812,0.5641485555932687,0.5133366383228559,2.052550694281109,0.21100625207659732
1419,0.8988185374112225,0.21523939094606456,0.5627835651501022,0.5145141488050551,2.050004268234682,0.2104957101020104
1420,0.8989734243990226,0.21523939085825822,0.5614232383883415,0.5132704959884747,2.045049985006457,0.20998691246572687
1421,0.8989770514149936,0.2152393761254947,0.5624822803243765,0.5120310892816904,2.042526586197667,0.21189457621571844
1422,0.8987659862628281,0.21485567345905812,0.5611253982899135,0.5107959111962008,2.049686507538838,0.21138342065806875
1423,0.8989821978976319,0.21587500569429285,0.5621830420234873,0.5119748439413312,2.0471568679150183,0.2108740088588082
1424,0.8991977385806126,0.21587494857246614,0.5608295914546296,0.5107422691534487,2.0470436966158085,0.21036633159728854
1425,0.8989866775544825,0.21549056157561458,0.5594807488230044,0.5095138907709522,2.0541714856496562,0.20986038276605612
1426,0.8986313302051179,0.21548813479629864,0.5629418566972254,0.5106923723035396,2.0540413288640273,0.2093561552642819
1427,0.8988817456061048,0.21509400044001603,0.5615906390285016,0.5094665679890629,2.0491641441238397,0.20885364202479947
1428,0.8989571983123744,0.21509400043639956,0.5626418921503967,0.5106428083883389,2.044250494083507,0.20835283601392596
1429,0.899313665307739,0.21509400043639929,0.5636895762851045,0.5094195719620576,2.0417490171827906,0.2078537302312838
1430,0.8995265761321961,0.21509397791998927,0.5671267952801715,0.5082004854746963,2.0392560715142842,0.20735631770962387
1431,0.8999855753391404,0.2150939779199888,0.5657709667652862,0.506985531931292,2.036771524799609,0.20686059151464933
1432,0.9002313356715274,0.21791503292484835,0.5668080519755061,0.5105512974597353,2.034295382640699,0.206366557361329
1433,0.900441319431039,0.22071973335783593,0.567841613616964,0.5117190832570335,2.034213544916001,0.20587419477861127
1434,0.8996694506119055,0.22071973292372443,0.5664881426972632,0.5104993824080015,2.0365155394358903,0.20538348622702277
1435,0.8997950619621596,0.22071594296098687,0.5651392473941795,0.5116649585854349,2.031673639596265,0.2048944365911672
1436,0.8999704928043822,0.22071594296087263,0.5637949090288156,0.5104478234506687,2.0292195322559023,0.20440703909890454
1437,0.9000404484422758,0.2203187093506368,0.5648315051023103,0.5092347972378504,2.0267736989817227,0.20392128701001247
1438,0.9003181589723525,0.21952743146226472,0.5634905833134196,0.5080258631944955,2.0219620958937843,0.2034371736160175
1439,0.900109313885597,0.22092958860718545,0.5621549373882386,0.509191897278813,2.0219084998122923,0.2029562041042554
1440,0.9002134244991843,0.22153276322675136,0.5608230362947637,0.5079854803291992,2.017118037338862,0.20247534452764898
1441,0.9000045784639302,0.2211368686108292,0.5594956189259962,0.5067831246732588,2.0170775204937774,0.20199610371249116
1442,0.8998661463181786,0.2225290953170785,0.5581733380084386,0.5103132303677966,2.014672260701682,0.20151881056492185
1443,0.9001084880066766,0.2239173186469631,0.5568548320694571,0.5114699586769434,2.0169997822567938,0.2034049675920337
1444,0.9001425660815782,0.22490107066302953,0.5555407552307222,0.510262981943154,2.019319491895666,0.2029249686029525
1445,0.9001958497906104,0.22446283060294792,0.554231089696597,0.509060056983106,2.0263480051652403,0.2024465809511188
1446,0.9000768546409269,0.22408046307569326,0.5552809220556928,0.510216271843853,2.0240971745864917,0.2043249025838571
1447,0.9001449582144623,0.22368024010997647,0.5563272351135045,0.5090158602266903,2.024049578571038,0.20384417705573765
1448,0.9001783883580369,0.22315868445995024,0.5550196441468604,0.510169868848616,2.02636294069404,0.20336506190965517
1449,0.8999243838965392,0.22279791357516907,0.5560644801633186,0.508971964612006,2.0239320937417205,0.20288755062544342
1450,0.8998903555718729,0.22200784733229464,0.5547601181102121,0.5077780676082989,2.0262216590414233,0.20241163671343484
1451,0.9001301901336255,0.2220078473322747,0.5534601163549043,0.5112748783343948,2.0214739239917345,0.20428067206481818
1452,0.9001636090217897,0.21813949020711554,0.5545054400098665,0.5100780090105238,2.0190998406344005,0.20614353073364625
1453,0.9000262917268769,0.21813948779810408,0.5532086312694401,0.5112237779682295,2.01905532167384,0.20566142774033208
1454,0.9000603453495087,0.21775807526832622,0.5519161484741553,0.5123657248251878,2.0166744634305074,0.20518093296497378
1455,0.8998206220124237,0.21775760332373356,0.5506279741751873,0.5135038649979526,2.0189695713460987,0.20470203992077773
1456,0.8990387966442549,0.21775760328779564,0.551675761807032,0.5146382138312157,2.0189253407595165,0.20422474215118758
1457,0.8992446771786886,0.2177576032674377,0.552720061521011,0.5134394463015527,2.023539966808802,0.20374903322972585
1458,0.8992789448909613,0.2191247651376514,0.5514338752385441,0.5122446664868067,2.0258114723853105,0.20328231017798576
1459,0.8991100920608603,0.21912358648436733,0.5501519644790744,0.513378544614531,2.02110585874022,0.20513442885386662
1460,0.8993841927403101,0.2187387406031443,0.5488743120514156,0.514508656154554,2.01641211778567,0.20465803229810822
1461,0.8995208646136831,0.21972454181306603,0.5476009031419977,0.5156350139444666,2.01637403639923,0.2041832235041024
1462,0.8994541917826328,0.2191143789907456,0.5463317161182688,0.5167576376500213,2.0140187403892806,0.203709983419494
1463,0.8990150206629396,0.21872968355199202,0.5450667363305574,0.5178765399632201,2.0186214560078257,0.20323831208140733
1464,0.8987895321123792,0.21872967820359088,0.5438059469047924,0.516678643959085,2.0139532745684607,0.2027682031980299
1465,0.8989266334755518,0.2183467691285566,0.5425493310451506,0.515484713326232,2.0116103772116776,0.20229965050672521
1466,0.899100789718016,0.21834676738225248,0.5436053423235111,0.5142947321806396,2.0138920506246962,0.20183264777388066
1467,0.8990698056655853,0.217964169253901,0.542351699810889,0.5131086847118574,2.011553974553841,0.20136718879475635
1468,0.8991715906188406,0.21796388448116286,0.5411021985284529,0.5119265551826236,2.011528435525804,0.2009032673933348
1469,0.8990045751414331,0.2193355926647319,0.5398568219190016,0.5107483279284835,2.01150166305721,0.2004411301210355
1470,0.8993440244396885,0.21933462586729235,0.540914808353758,0.5118732422092781,2.0091779321227676,0.19998026488009094
1471,0.8993749000945211,0.219321226394511,0.5396723504355581,0.5152914050048752,2.007024976376471,0.1995209188615558
1472,0.8994441476788121,0.21931879807769084,0.5384339853739059,0.5141089859463248,2.007023581836389,0.20135774694041744
1473,0.899614088437936,0.21931879807769084,0.5394920642696847,0.5175151941019906,2.0070074812826024,0.20089616100083776
1474,0.8995483185498175,0.21854734494024097,0.5382565863321339,0.5186201210738032,2.004703510253023,0.200436093483457
1475,0.8995895687165805,0.21784686013359,0.5370251697656862,0.5197214158330624,2.0073829382433424,0.19997753834024637
1476,0.899890943297965,0.21784686013359,0.5357977984036361,0.5185335922114696,2.005080563913175,0.19952048955104495
1477,0.8999578962059919,0.21670273538155588,0.5368576724221652,0.5173496678780012,2.00506896388935,0.19906494112341547
1478,0.9001241957463738,0.21632354114615884,0.5356331354001503,0.5184505615239924,2.005057402362374,0.19861088709250063
1479,0.9000906353647762,0.21594518776635113,0.5366912669990552,0.5172691918711614,2.0027672240846495,0.19815832152088042
1480,0.8997591173473172,0.21594518776635113,0.5354695554051008,0.5160916922400642,2.005037301723549,0.19998361538226833
1481,0.8997592903726418,0.2152332055377453,0.5365259448531967,0.5171921489186558,2.002751745656587,0.19952883231360177
1482,0.8995844089014399,0.2152033357264734,0.5398507071838087,0.5205608343213611,2.003545641764562,0.19907553698990657
1483,0.8998497049217037,0.2152033357264728,0.5386254846997228,0.5193793913222916,2.001268036738345,0.19862372351498517
1484,0.8996051014572751,0.21485648327440934,0.5396715543229255,0.5182018078490777,1.9989761847451168,0.19817338601968335
1485,0.8996602272715384,0.214838334106179,0.5384491856204189,0.5215581154384011,1.9989811087446172,0.19772451866175092
1486,0.8996923294346051,0.21682581486503466,0.539497333973102,0.5248997040252329,1.9989865910587532,0.19954367416264865
1487,0.8994609030087004,0.21607048302808107,0.5405382992766042,0.5259736672403872,2.0057762649255344,0.19909260610884383
1488,0.8995528248312864,0.2157000295337939,0.5393176348682021,0.5270441317640286,2.0057731078942678,0.19864300751688774
1489,0.8995210873832332,0.21532515901814966,0.5381009443102917,0.5258551300009469,2.0035042227989863,0.19819487258486426
1490,0.899553664997925,0.21556465598591246,0.5368882119226167,0.5246699963301733,2.001242004713046,0.19775557928246287
1491,0.8997528558356945,0.21556465598591248,0.535679422096551,0.5234887154982945,1.9989877344164553,0.19731033774618784
1492,0.9000783765639064,0.21482036072398947,0.5344745592947301,0.5245604959282705,1.9944915640152814,0.19686654267667658
1493,0.8997489628789052,0.2148203607239308,0.5332736080506859,0.53012274786388,1.9922569658293718,0.19642418837706274
1494,0.8999797062462979,0.21444921326776986,0.5320765529684819,0.528932765610976,1.9922743468478032,0.19598326917645942
1495,0.9003406118689765,0.214078886216343,0.5308833787223517,0.5299891273114362,1.9878067009157196,0.1955437794298259
1496,0.9002741289107637,0.214078886216134,0.5296940700563391,0.5310420666695188,1.9855942849442147,0.19510571351783512
1497,0.9004034696604657,0.21334023001256158,0.5307466173411345,0.5320915971304029,1.987864530584424,0.19690707140393626
1498,0.9006298359426885,0.21296480081261512,0.5295599906822329,0.5309019634078264,1.9834679123888133,0.1964668327427373
1499,0.8995530327403379,0.21264167828535402,0.5283772004278853,0.5319497098308521,1.9812901182894924,0.19602801738817988
1500,0.8999445553876885,0.21264167826061733,0.5271982315343827,0.5307627695913973,1.9813318891872223,0.19559061975904582
1501,0.8997481298809867,0.2126389015465618,0.5304812118566694,0.5340378043037929,1.9813875494123911,0.19738370571462932
1502,0.8996513645714957,0.21263890153704387,0.5315267566984127,0.5328485857130019,1.9792021766590706,0.19694416310086046
1503,0.8996839527022702,0.21592576634619268,0.5303443128528188,0.5316632013031494,1.9770238261375666,0.19650603762479607
1504,0.8999441112849872,0.21556391759959198,0.5336104671598445,0.5371488187418185,1.977075593712229,0.1960693237422467
1505,0.8999704843659885,0.2155527279432088,0.5324257596410522,0.5381764284089172,1.9838617106080636,0.19563401593563956
1506,0.9000353451271319,0.2155527279432088,0.5334628177393522,0.5369827779140414,1.9794615968649665,0.19520010871189417
1507,0.9000676704401311,0.21399491417294236,0.5322808044200497,0.5357929652886362,1.9861548410020269,0.19476769699589364
1508,0.900066613310704,0.21339842720510246,0.5311025889362164,0.5346069755580468,1.9884071297354606,0.19433657433573845
1509,0.9000663972060272,0.2130454777289367,0.5299281564786187,0.5334247938153234,1.9906441158039057,0.19390683592859678
1510,0.9001951938486615,0.21304529372612455,0.5331756918641289,0.5344555050004699,1.9884609313554256,0.1934784763800852
1511,0.9002267746350879,0.2130452936008713,0.5364128143783197,0.535482911321569,1.9862795068264127,0.1930514903201819
1512,0.900290274865067,0.21304529360087118,0.5352301925587656,0.5365070256415513,1.9841050702127376,0.19262587240310308
1513,0.9003045404548636,0.21460782717987922,0.5340513574736739,0.5353253783540527,1.979780334303313,0.1943589191774323
1514,0.9001751830029194,0.2159019294375299,0.5328762944029212,0.5341475120793253,1.9820250979690879,0.19393128124577666
1515,0.9003357968794167,0.21483867999300088,0.5317049886927101,0.5329734121286143,1.984262690123521,0.1935050044166183
1516,0.9003986608895935,0.21483867999297768,0.5349291954858411,0.5361948336099195,1.9864932405431437,0.1930800897060593
1517,0.9002055429335393,0.2144857555696485,0.5403367968513085,0.5394059684795767,1.986523593670115,0.194850221907024
1518,0.8995965149956888,0.21413355790032834,0.5391526501202711,0.5404153591409909,1.9887446246986844,0.1966147056202933
1519,0.8997250841614242,0.21413355770096987,0.5379722794049135,0.5392322239678313,1.9887692689960221,0.19618425565279135
1520,0.9000773749503778,0.2141335576446832,0.5367956700813471,0.5380528589957368,1.9866067141191117,0.19575517736534995
1521,0.9002368778541641,0.21471995404467856,0.5356228076348148,0.5390621824327749,1.986635985346703,0.19532747341571455
1522,0.9001050711039306,0.21471296764366468,0.5388191754916214,0.5378855449914576,1.9890824746866258,0.19490112256783715
1523,0.8993418298315071,0.21471296764365816,0.5376442439926231,0.5388932166817544,1.98692578419331,0.19447612754443966
1524,0.8989626758623414,0.21471296754809904,0.5364730462943766,0.5442544618396223,1.9825974905077806,0.19405248310764167
1525,0.8988372142386967,0.21471276558114682,0.5353055679812336,0.5452462600963831,1.980532427420099,0.19363018404302956
1526,0.8987487171748209,0.214712765581145,0.5341417947020942,0.5484089462918822,1.9784007477026784,0.19320922515953812
1527,0.8990360107094076,0.2156519173949445,0.5329817121700812,0.5472178774683918,1.9762757958056754,0.1927896012971813
1528,0.8987879113071566,0.21529653720960712,0.5361646896024335,0.5460305833705533,1.9785021441054678,0.19237130729552382
1529,0.8990104619607129,0.2152965371990108,0.535002540245414,0.547014572573635,1.9763812429191736,0.19195433804070725
1530,0.898826931721008,0.21529653719901082,0.5381747822710563,0.5501608042649171,1.9764323859524668,0.19370404510704892
1531,0.8990559095090684,0.214941676257962,0.5391737990716239,0.5511338929938155,1.9851361368315605,0.19328502598905564
1532,0.8992765243490817,0.2155240386386021,0.5380086281615274,0.5499428759585101,1.9808461975635265,0.19287048687211697
1533,0.8989983645969633,0.21481940735376076,0.5390060076303745,0.5530733612712967,1.978738913380591,0.19245410449902786
1534,0.8978172309878808,0.21481482593569343,0.5378435266112157,0.5540372535602948,1.978797816077273,0.19203903631727812
1535,0.8976407820605838,0.21481482593569343,0.5388392690352413,0.5528435487662985,1.97668894047749,0.19162527728426498
1536,0.8977500882511673,0.21446396330693837,0.5376794695434323,0.5538060098464431,1.9767415089585991,0.19121282237983686
1537,0.8979084252174824,0.21446396317863312,0.5386735752368228,0.5526151873084983,1.9789417734647765,0.19080166660618053
1538,0.8979464357389846,0.2154004882106629,0.5375164489532774,0.5514281130072577,1.9768389058585567,0.19039180507996312
1539,0.8980389358821711,0.21540023230095218,0.5363629623596176,0.5502447725960765,1.9790352794369352,0.18998323266300715
1540,0.8982333418517201,0.21540023230095218,0.5373569125475345,0.5490651517920406,1.9769364128215197,0.1895759445162976
1541,0.8982350596013323,0.21615220591911205,0.5362141126512139,0.5500228642949221,1.9759561953573903,0.1895288547949861
1542,0.8984856481728595,0.21615220591911205,0.5372063953934016,0.5488460751537767,1.9824262207739816,0.1891233525645609
1543,0.8983342776896216,0.2161522045647518,0.5403329546731248,0.5540851451262071,1.9846044332602053,0.18871912234977806
1544,0.8983081645187118,0.2154427843941188,0.5434497129615645,0.5550372861122737,1.980366805326807,0.18831615929689977
1545,0.8980070186840438,0.21473804137862149,0.5422904702096906,0.5538533256912826,1.9804137445401733,0.1879144585736884
1546,0.8977071232497073,0.2147380413786215,0.5411348564519799,0.5548040583025133,1.9804554825892722,0.1875140153692992
1547,0.8977453513991019,0.2143861858832643,0.5399828578665474,0.5557518166828151,1.9762393851633815,0.18711482489417341
1548,0.8977765128287031,0.2162481301802934,0.53883446069263,0.5545698832077423,1.9762892566883647,0.18671756540535747
1549,0.897962787432637,0.2162476789685168,0.5398142545098805,0.553391642215112,1.9720944375572784,0.18844546793270645
1550,0.8978444636971552,0.21624767891087435,0.5386685096922553,0.5522170796671838,1.9679087752812683,0.18804549624525094
1551,0.8978739399667713,0.2168273442350787,0.5396299437485005,0.5510629355954254,1.9658397365775038,0.1876648748610966
1552,0.897905135767689,0.21704205962347323,0.5384868785447945,0.5498956525822634,1.9680304510870912,0.18726735912685455
1553,0.8975752558106591,0.2183088954690036,0.5394634236564991,0.5487320792661072,1.9659819078552925,0.18687115147855152
1554,0.8977626396392839,0.2183088954690036,0.5404370010997316,0.5475720559320364,1.9639398155647316,0.18859011137452214
1555,0.8977382963210623,0.2172522816698254,0.5392956555335456,0.546415641887599,1.9640160853739745,0.18819182908258833
1556,0.8975584193549414,0.21725228020591256,0.5402676417220809,0.5452628234618699,1.964092012403875,0.1877947851630757
1557,0.8979316493569144,0.21725228020587886,0.539128933520258,0.5441135870440715,1.9662753690055894,0.18739897492827592
1558,0.8981483530099031,0.21690116065960122,0.5379937610846127,0.542967919083275,1.966346378497255,0.18700439371109334
1559,0.8979859677721944,0.2167673351090853,0.5368621110473635,0.5418258060881038,1.9685206314511785,0.18661103686494276
1560,0.8978359063995401,0.21719597597518894,0.5378353308114507,0.5427885953384461,1.9706562318740604,0.1875940070005868
1561,0.8978424535920987,0.21684479557947492,0.5388055348005089,0.541649140733798,1.9707180199525849,0.18929945873172652
1562,0.8979938896090262,0.21649235988245333,0.5418698965859001,0.5447075390163413,1.9686822919981726,0.18890246706419134
1563,0.8981172395204142,0.21600207203634203,0.5407346433476616,0.5456614068062552,1.9645630635041085,0.18850670391366933
1564,0.8984200275350328,0.21600207203634197,0.5396029008485299,0.54451935272887,1.9667302065622387,0.1881121646496977
1565,0.8984859693842354,0.2156532050549058,0.5384746558641202,0.5433808280329051,1.9626180094488586,0.1898097247938273
1566,0.8984818143002136,0.215305084201084,0.5373498952279363,0.5422458194319011,1.9606073022913,0.18941325208246002
1567,0.8986573127906126,0.21529758858808215,0.5362286058310838,0.5411143136975253,1.958602800728377,0.1890180029662518
1568,0.8987462097771676,0.215067656686599,0.5351107746219864,0.542070914550182,1.9609179300894461,0.18862397284458482
1569,0.898449232344729,0.21506765665896482,0.5339963886061034,0.5409420338110147,1.9568342536605121,0.19239622376887922
1570,0.8983368144178657,0.21471991764902112,0.5328854348456479,0.5418970817938971,1.9569240605511706,0.1919959526942912
1571,0.898518940355315,0.21471973421468066,0.5317779004593074,0.542849190260782,1.9549358481545889,0.19367528601469353
1572,0.8987011194639005,0.21437237054703764,0.5306737726219657,0.5417220751589178,1.9571057097215738,0.19327315897160047
1573,0.8987314408672843,0.21346294056270812,0.5295730386095193,0.5447468640897328,1.9530462817771521,0.192872267994479
1574,0.8990340910099607,0.21595672110634906,0.5284756864992297,0.5456902144635285,1.948999283491054,0.19247260837284466
1575,0.8983829395860022,0.21690075258706562,0.5294347382137888,0.5445776337324625,1.944964707931428,0.19207417561610984
1576,0.8982968647379493,0.21690075258705385,0.5304078702272385,0.5434514436537854,1.947146527759402,0.19581297794709127
1577,0.898301933213159,0.2169007525870394,0.5313780191632005,0.5443946453560128,1.949321659349695,0.19540844017876272
1578,0.898543735275804,0.21655709808638762,0.5302813215631234,0.5453349576779398,1.9535540023248386,0.19500514166122837
1579,0.898426469686353,0.2158934325481903,0.5312497930597426,0.5442105796472881,1.9516517631522103,0.19666488952947445
1580,0.8985471202546368,0.21555223586339492,0.5322153017588235,0.5472091433355161,1.9517513632683205,0.19625980883013158
1581,0.8984356520473139,0.21555223586338026,0.5311201664514219,0.5460831553163454,1.9539083363753953,0.19585596654043516
1582,0.8984575918612664,0.21265522546976245,0.5300283769310637,0.5511275141339669,1.9519577982772283,0.19545335804376077
1583,0.8981059843559058,0.21199227444789942,0.5289399207327159,0.5499957291485807,1.9520618548713604,0.19710555972623842
1584,0.8981716810733049,0.21199227444789928,0.5299063138795398,0.548867397271555,1.9501086729641508,0.1967011920659251
1585,0.8983000251039204,0.2116615458682578,0.5288202825836571,0.5477425056537093,1.95430990951453,0.19629805731375152
1586,0.8982858004509237,0.21149508760366884,0.5277375603487244,0.5466210415014806,1.9544011094950824,0.195896150884805
1587,0.8982908500594993,0.21116522157719342,0.5266581348765764,0.5455029920766512,1.9647212920720165,0.19754085128553758
1588,0.8983806708325244,0.2108360469956852,0.5296686713438394,0.5443883446960786,1.96684110999591,0.1991805471279491
1589,0.8985003885507179,0.2105075588724959,0.5285874605953137,0.5432770867314265,1.964867608373486,0.1987739605954559
1590,0.898709475342763,0.21017974089142213,0.5295487915000865,0.5442084617262398,1.9608607410522996,0.19836860958034327
1591,0.8982156935965686,0.21017973889130528,0.5305072031139515,0.5451370083977977,1.962981451679235,0.19796448950197368
1592,0.8983053179331905,0.2085524948071345,0.5294275245725873,0.5460627372256268,1.961021612026976,0.19756159579947014
1593,0.8980173285238521,0.2082297317105901,0.5303842678323232,0.5449525111275981,1.961100860839713,0.19919307144809295
1594,0.897820358242073,0.20822973171059012,0.5293069961858654,0.5438456496980482,1.9611798694797828,0.19878848733605117
1595,0.8979099243230729,0.20752768412117817,0.5282329871486436,0.5427421404929207,1.9632877363773558,0.19838512854767434
1596,0.8979321146945163,0.20481806568631233,0.5271622286614003,0.5477231427635577,1.961345066936429,0.19798299054171237
1597,0.8982299974831295,0.2048180656863061,0.5260947087167555,0.5486390174968958,1.9614233443808757,0.19758206881475104
1598,0.8984127052738875,0.2048180656863061,0.5270534225098851,0.5475291168412203,1.959478378080122,0.19718235887664323
1599,0.8982992399154492,0.20571298322008041,0.5300302039925292,0.5484435754636209,1.959560250077614,0.19880486313878806
1600,0.8984222939403429,0.20540157286367686,0.5289600914663483,0.5533931825214343,1.9658026504013346,0.1984034830425068
1601,0.8986873397832055,0.20540157286367652,0.5278932068783045,0.5542939649021282,1.965872039384826,0.19800331368816956
1602,0.8987754515689456,0.20540156112280725,0.526829538340718,0.5551920319360829,1.9639258746577326,0.19760435061691994
1603,0.8987137762370816,0.20513461490983093,0.5257690740168773,0.5540744762564922,1.9637881653497076,0.19720658938901892
1604,0.8987174616546543,0.20513461489066848,0.5247118021207928,0.5549711903222299,1.9658720407839354,0.1968100255837522
1605,0.898834829053237,0.20494078590047266,0.5236577109169508,0.5538563111681114,1.9639317047435636,0.19641465479933828
1606,0.8979707265958307,0.20462957665713488,0.5226067887200697,0.5527447837731075,1.964004089766335,0.1960204726528367
1607,0.8980935809685782,0.20431924818599978,0.5215590238948571,0.5576512411502891,1.9701942934787433,0.19562747478005704
1608,0.898181953846109,0.20490460892760998,0.5205144048557678,0.5565343338071332,1.9702539887754407,0.1952356587424873
1609,0.8983181860801694,0.20487861779478228,0.519472920066764,0.5554207776061687,1.970314309239301,0.19484501639531196
1610,0.8984616288401688,0.2045704979387619,0.5184345580410761,0.5603071886879888,1.9683752758069226,0.19445554534089501
1611,0.8983645403629905,0.20444853862953002,0.5173993073409647,0.5591883234418941,1.9684384266608634,0.1960641195528606
1612,0.8980519023955444,0.20383105307983163,0.5163671565774849,0.5600676908899267,1.9685033456352388,0.1956729946947167
1613,0.8980863428315298,0.20321716189071695,0.5173309829085339,0.5609444269287756,1.9685693096366275,0.19727592873244856
1614,0.8979454187797106,0.20441719854381887,0.5182918382430407,0.5598277333464984,1.9686337859334917,0.196883358613497
1615,0.8977136101199659,0.20441240052522383,0.517261004131119,0.5587142882143318,1.9706900340226454,0.1964917759815642
1616,0.8977785488107497,0.20410427424743627,0.518220167313558,0.557604168295817,1.9687716737108811,0.1961013627794272
1617,0.8977645986849434,0.20394580950517344,0.5171915350715492,0.5564973614558576,1.9688313673517783,0.19571211473934708
1618,0.8979172072722775,0.20394580950517344,0.5181489195982685,0.5593597534618169,1.9688931732221906,0.1953240276117307
1619,0.8980854194498104,0.20362077830659808,0.5171224837042205,0.5582516802671759,1.9729167296158234,0.19493709716504343
1620,0.8982890537814412,0.20300781744417848,0.5200570790179735,0.5591258944451509,1.9729703270659589,0.19455131918572244
1621,0.8977241810084653,0.20390170907759606,0.5190293463267205,0.5599970816857742,1.9690697469927607,0.1941666895071891
1622,0.8980729980813295,0.20390170907759386,0.5199792792263817,0.558891068985114,1.9691308352623071,0.1937832038933112
1623,0.898049385697047,0.20359481663388332,0.5209263883943641,0.557788343972564,1.969195017369164,0.19340085821308187
1624,0.8981464419853189,0.20358127702811613,0.5218706840921453,0.5586599815543041,1.9712703977917168,0.19301964832396748
1625,0.8981228581378232,0.20266595303169727,0.5208430597856999,0.55755991482593,1.975265357841148,0.19263957010097948
1626,0.8979280804337112,0.20235997407448789,0.521785632699176,0.5603974088482209,1.9773326280171648,0.19226061943659037
1627,0.8980721709076402,0.20235997395667046,0.5227254111831167,0.5592961256930028,1.9754120020688781,0.1918827922406501
1628,0.8975426141848023,0.2020567056783268,0.5216991871140748,0.5601613235836318,1.9774234919586469,0.19346930269425985
1629,0.89759957928464,0.20502024511292136,0.5206760014442912,0.5590627038172712,1.975503355693685,0.1930930184205146
1630,0.8974469253067485,0.20502024488583886,0.5216151389133494,0.5579673346425795,1.977510649603006,0.19271469209185446
1631,0.8972018824275907,0.20501994661472261,0.5205941620805864,0.5568752042966402,1.9795205054690488,0.19233748441270476
1632,0.8975183337682706,0.2050199466147224,0.5215315831788723,0.5557863010661633,1.9815159405755913,0.19196139133744688
1633,0.896462778850725,0.2048705167561706,0.5205128094791812,0.5547006132872496,1.9835282603929951,0.19158640883752104
1634,0.8964627788507251,0.20395577981900892,0.5194970421545753,0.5536181293451545,1.979657456144478,0.19121253290134482
1635,0.896574392764083,0.2036523882873465,0.5204337940650577,0.5544883613870458,1.9796971592053072,0.1908397595342324
1636,0.8965743927640829,0.20334961476465876,0.5194202101333782,0.5534084536258389,1.97584155018636,0.19046808475831403
1637,0.8967189248940559,0.2030473773235704,0.5184096113368547,0.5523317263320038,1.9817265726092874,0.1900975046124559
1638,0.8968343896304052,0.20274582928510165,0.5193456708245563,0.5532018519507337,1.981762090420267,0.18972801515218066
1639,0.8971188475049966,0.2027438132475449,0.5222207183289326,0.5521276771264497,1.9798557625437083,0.18935961244958815
1640,0.8973186417862915,0.20243632931839758,0.5212077143586663,0.5510566596248601,1.9760573014555025,0.18899229259327657
1641,0.897518754018953,0.20243632930911123,0.5201976859475237,0.5519266496811855,1.9741658600390335,0.1886260516882641
1642,0.8976328431068722,0.20216975075670662,0.5191906223988942,0.5508581612479879,1.9742158762631528,0.18826088585591105
1643,0.8975543325067041,0.20203656900233077,0.5201205028030417,0.5517267969568461,1.972298724775974,0.1895101024079022
1644,0.8976969290804455,0.20322080235427192,0.5210476573655104,0.5545249427740383,1.9742843020106686,0.18914395915574755
1645,0.897731216764537,0.20322050140778666,0.5200419699286524,0.5553847655985972,1.9724041604156737,0.19070901318074915
1646,0.8979298614605632,0.20261799310668724,0.5190392268395178,0.554313874655716,1.9763137668414499,0.19034128873529924
1647,0.8976588150397127,0.2020191638442856,0.5180394175454304,0.5532461168927874,1.976363785289663,0.1899746401667798
1648,0.8978552978294027,0.20201276978266355,0.5170425315378432,0.5541058250150284,1.9783792651307828,0.18960906362151225
1649,0.8977421362527366,0.20193063013571635,0.5160485583521295,0.5549630211383003,1.980355478194423,0.1892445552619243
1650,0.8977292686537687,0.20061653228859735,0.518893390302251,0.5539023106008649,1.9765522073081845,0.1888836588240974
1651,0.8979836156581431,0.2009040079893311,0.5178978520565172,0.5528396049566818,1.9804343529257065,0.18852127053347476
1652,0.898433088943814,0.20090400798932848,0.5169052169616778,0.5536966602608884,1.98430517751571,0.18815993899191275
1653,0.8985170002737358,0.2017736411249097,0.5159154746500793,0.5526364716722102,1.984335223560828,0.1877996793706229
1654,0.8982976299948119,0.20147648564741313,0.5149286147972805,0.5534922031387117,1.9843684276321576,0.18744045005294238
1655,0.8984932511221185,0.20147624255903182,0.5158555476789034,0.5524345235095645,1.982487417468139,0.1870822662437126
1656,0.8984462455553717,0.20146991705001088,0.5186887951579074,0.5532889307446369,1.9806530155053754,0.18672512421594542
1657,0.8985339541695715,0.20146984030568288,0.5196067049768989,0.5541408545573314,1.9825974667072856,0.18827612279339623
1658,0.8982921664474854,0.2011764858518063,0.5186167521604702,0.5530851074039308,1.9826306220327614,0.1879174198046927
1659,0.8981034786231664,0.20088137787432064,0.519532965113291,0.5558390091489032,1.9846170106080463,0.18755975805626582
1660,0.8981592517824054,0.20087500679977188,0.5185451304321333,0.554782142525901,1.9846462588779787,0.1891045244407531
1661,0.8980528822744918,0.20202994390010579,0.517560159473372,0.5537283397481716,1.9865749089001117,0.1887453260160629
1662,0.898136528744907,0.200579205330945,0.5165780420650989,0.554575180754632,1.984702795997025,0.1883871646177838
1663,0.8980581268411615,0.2005792036932532,0.51749446225691,0.5554195699917985,1.9847318163529468,0.18992573434567642
1664,0.8979854532454903,0.20029103730817682,0.5165144315378788,0.5543677167252551,1.984760731239346,0.18956605309772345
1665,0.8979257099352148,0.2001088623295112,0.5174291410661003,0.5533189047943428,1.986706440872977,0.18920741183455736
1666,0.8979811805036859,0.2006818678380268,0.5183412075267008,0.5541631390409391,1.9829515347201503,0.18884980689625702
1667,0.8982586074535485,0.20068186783802083,0.517362513731872,0.5550049354541715,1.982983724380165,0.18849323456228056
1668,0.8985072249284513,0.20068186783530195,0.5182728835575694,0.5539580632970638,1.981129581837386,0.1881376912031842
1669,0.8984483541325149,0.20068186649144798,0.5172962739407962,0.5547985642352531,1.9794523036790088,0.18778317317930976
1670,0.8985433517167581,0.20039530923263166,0.516322478884444,0.5556366428742618,1.9794931127462294,0.18742967686603637
1671,0.8985871419703092,0.20030859957391123,0.5153514884448075,0.5545917186453027,1.9795680872156252,0.18707719865371006
1672,0.8986933397244523,0.2000212254935366,0.516262002196726,0.555428511404844,1.9796065159936516,0.1867257349475738
1673,0.8987696433296914,0.20001904625588482,0.5171698970089185,0.5562628972706993,1.9777707613612852,0.18825211387476956
1674,0.8989342671574145,0.20001904625588482,0.5162002263039711,0.5570948847311129,1.9759374845583095,0.18789914947946249
1675,0.8990241168905905,0.20001889182544563,0.5152333410575993,0.5579244822393555,1.9741096874448687,0.1875471990033104
1676,0.8990345432960499,0.19944960984640744,0.5180116507567024,0.558751698213888,1.9723081462109577,0.1871962588748449
1677,0.8991713110070128,0.19944960970292827,0.5170433111812873,0.557707201663626,1.968621285333894,0.18684632553729666
1678,0.899362319613998,0.19944960619331326,0.517945218777366,0.5566656996548257,1.966812459023714,0.18649739544852686
1679,0.8993095781164994,0.19944960619314273,0.5169789378815082,0.5574927860905559,1.9650091965077903,0.18614946508095911
1680,0.8996083228468167,0.19944960614799417,0.516015423679692,0.556453764618986,1.9632106713785884,0.1858025309215116
1681,0.8996624268904758,0.20031431050303555,0.516916151171093,0.5554181084161477,1.9614169103202546,0.1854570041181965
1682,0.898480807914301,0.20031429503214174,0.5178146948620916,0.5543850218445441,1.9633488875454836,0.1851120511221361
1683,0.8984848695611964,0.20117495857787204,0.5168525139058828,0.555213044397564,1.9652751750630586,0.1866262931113576
1684,0.8986210324350934,0.20117495857630163,0.5158930807438146,0.5541824025945816,1.9653396347751706,0.18813615847245654
1685,0.8984546582431715,0.20116641009507488,0.5149364588245776,0.5550090734318013,1.963617290518892,0.1914960832455994
1686,0.8984587940928059,0.20087722244594555,0.5158350830794192,0.5576860503315566,1.9618321034965716,0.19114131936313022
1687,0.8983315662646826,0.20087722244594555,0.5148804069027522,0.5566539189318606,1.9619027423181299,0.19078756664262247
1688,0.8980696412008997,0.2008772223256205,0.5157773393389348,0.5556247274443956,1.9675202737647446,0.19043482154764585
1689,0.8980471051488906,0.20079866134165994,0.5166494191008,0.5546207651121295,1.967475296143884,0.1919524119391604
1690,0.8980249949484584,0.20079866116630032,0.5156961000519625,0.5535973815163783,1.9638461410273889,0.19159822226235718
1691,0.8982090631729005,0.20078193651552573,0.516588842114244,0.5525769072478424,1.9657561378614117,0.19124503949407817
1692,0.8983276945640323,0.20078193620592436,0.5156375393511746,0.5552423492303488,1.9695022192333675,0.19273436865849955
1693,0.8984085036257314,0.19991512971396505,0.5165286054458703,0.5542208876763803,1.965878989289154,0.19237980141775157
1694,0.8984875633004562,0.19991497968069577,0.517417143292567,0.5550401535461464,1.9641040803176484,0.1920262402010485
1695,0.8986488572347721,0.19965958165286116,0.5164671694066246,0.5540211041034414,1.9604980024065666,0.19167368150450845
1696,0.8987021874879045,0.19768845167614177,0.5173540446368743,0.5548390995133898,1.9605834725996962,0.1913221218451923
1697,0.8988094371815408,0.1974086123243148,0.5182384083924362,0.5556547785041884,1.9606556964513493,0.1909715577343426
1698,0.8988362364096799,0.19632211890106213,0.5172897768378798,0.5546376565622541,1.958897223312322,0.19062198579622502
1699,0.8988343240658783,0.19649867557273015,0.5181723622600715,0.5536235401046745,1.9589721143786396,0.19130134569448565
1700,0.8985459892924641,0.1964986755719705,0.5190525819685549,0.5526121611116258,1.9608739008255751,0.19277870489513807
1701,0.8983607515330332,0.19645080137950213,0.5199303154881227,0.5516036387681359,1.961015466913374,0.19242688196231533
1702,0.8987629806535496,0.19645080137949494,0.5189823862208282,0.5505979631659282,1.959263357716745,0.1920760521149442
1703,0.8988163802454706,0.19647544652349008,0.5180371309336481,0.5514164873828716,1.9629804133936075,0.1917263884571494
1704,0.8988460391129451,0.19620329181566065,0.5170945403600402,0.5522327041465364,1.9594159073546205,0.19137753414598083
1705,0.8991119533926842,0.19593058727284438,0.5161546052752451,0.5512288975829684,1.9576719541666112,0.19284738649731387
1706,0.899270961505466,0.1967741897741198,0.5152173168119774,0.5520438238685814,1.9577488177081106,0.19431310116764852
1707,0.8992122213386989,0.1965423288778508,0.5179107817325342,0.5510424330946957,1.9578253977052646,0.19558499758643136
1708,0.898998226295145,0.19712963010352164,0.5223536708787713,0.5519114180800341,1.9542793667373595,0.19523056665605915
1709,0.8989741678410064,0.19712962994434466,0.5214079665400275,0.5509122004009425,1.9507423850560264,0.19487710806232242
1710,0.8988708451705958,0.196585766563968,0.520464917888576,0.5499157886830628,1.9472141914643981,0.19633329996236748
1711,0.8991620781593024,0.19604445657094102,0.5195245157620271,0.5489221732455453,1.94730956866577,0.1959785551055076
1712,0.8993730018362378,0.1966096177384474,0.5185867510349883,0.5479313444466307,1.9455996629447814,0.19562483509495243
1713,0.8994004149841187,0.19660935711388206,0.5176516146188949,0.5487465327666922,1.9438948409284063,0.1970753166342564
1714,0.8994004149841186,0.1965274728365372,0.5167190974618413,0.5495594377948834,1.9403930353907026,0.19672029772037064
1715,0.8993441941937844,0.19626067929084293,0.5157891905484138,0.5485704301830976,1.936901036145366,0.19636627255319514
1716,0.8995277600919771,0.19572276104939773,0.5184575618384087,0.5493820276299585,1.9370144778987743,0.1960132377142979
1717,0.8992689280301414,0.19545469342349342,0.5175263905260155,0.5483953146927231,1.9407196902550883,0.19566118979901304
1718,0.8992446708102856,0.19518714585044555,0.5183920670560508,0.5474113583813542,1.9426203022324628,0.19531012541637777
1719,0.8991420620253817,0.1960200579315959,0.5210477644129472,0.5482226175471854,1.942723137441972,0.19675250954480974
1720,0.8992466611003584,0.19684886451611103,0.520114744252538,0.549031597902975,1.9499883474423103,0.19640056942790887
1721,0.8993772060473344,0.1965806057697416,0.5227620691245395,0.5480494508081253,1.9500778160552459,0.19604923400490734
1722,0.8992924092489132,0.19658060574133202,0.5218278495334833,0.5488571242836526,1.9491870586246864,0.19569887760753965
1723,0.8993184832977791,0.19795879912694297,0.5208962349404199,0.5496625451665199,1.9510642286841358,0.19534950747573007
1724,0.8994488451375597,0.19904547189808913,0.5217507229466637,0.5522492409276729,1.952935019492411,0.19500110001677812
1725,0.8994046345432612,0.19877594584229136,0.5226028342786715,0.5512652816017194,1.9494555020731101,0.19643539112361655
1726,0.8993948689891592,0.19875966362538167,0.5234525770168333,0.550284057334498,1.9531053673189211,0.19608772689589135
1727,0.8994445621111139,0.19849251988683975,0.5242999596420117,0.5493055583926623,1.9549969901931137,0.19751214725018168
1728,0.8994445621111139,0.1983737107786849,0.523368596687664,0.5483297756593324,1.9515241465679294,0.197161287988037
1729,0.8995956625625866,0.19836999616917478,0.5224398174440499,0.5509059355234768,1.9516101730672277,0.1968114020508859
1730,0.8995927121183768,0.1983695386503941,0.5215136130962464,0.5499292651861949,1.9534718394186323,0.19823533021770537
1731,0.8995937624434166,0.19836953865037446,0.5205899748645609,0.5507263729264297,1.9535542441480946,0.19965531328857566
1732,0.8995631053552949,0.19777284346200188,0.5196688940043708,0.5515212736330622,1.953635802920895,0.19930206275248297
1733,0.8996404253874393,0.1977728329108109,0.5187503618059647,0.550546441285422,1.9537177559670547,0.19894978967252955
1734,0.899712389445257,0.19777083827505743,0.5196001364815461,0.551340071496717,1.9520363206678917,0.2003642576088795
1735,0.8994523745811345,0.19695045647075757,0.5186835608001045,0.5503675065063379,1.9514013823475775,0.20001081465715517
1736,0.8996079969577118,0.1966861207338853,0.5177695164615139,0.5493976274866706,1.9514870258726495,0.1996583478226323
1737,0.8997889630199114,0.1960501020553525,0.5186184723894175,0.5537118578849936,1.94982031683018,0.19930685378870958
1738,0.8999374930740389,0.19577301231734726,0.5177063687847883,0.5527380349141765,1.9534260053008898,0.198956329251991
1739,0.9000404940335075,0.19551123001770362,0.5167967793574934,0.5517668962476736,1.957021755363421,0.19860677092222617
1740,0.8999118393545446,0.19551123001681334,0.5158896955799893,0.5507984327809077,1.9641180069852016,0.20001337952842105
1741,0.9001658667356475,0.1955095659964494,0.5184920083175778,0.5498326354454935,1.9624274745882722,0.19966266613219655
1742,0.9001507975977701,0.19675491937433376,0.5207898084106342,0.5491668483779001,1.960858911556449,0.20120367935590452
1743,0.9002021169893305,0.1959712429578866,0.5198784542203083,0.5499557821765905,1.960927422324757,0.20085158372475231
1744,0.9002277758235628,0.19651658932836732,0.5189696047323055,0.5524907448602211,1.9644921233677766,0.2005004583326166
1745,0.9004071564125518,0.19651658931818217,0.5180632503233796,0.5515258474598173,1.9645541363024148,0.20015029432928316
1746,0.9005549552790949,0.19625890221832232,0.5171593831362826,0.5505635979351817,1.9628739447699728,0.1998010912475762
1747,0.9005481806981165,0.1962154148728896,0.5162579947693764,0.5496039873420002,1.961195693536573,0.19945284584157866
1748,0.9005467749438344,0.1959557172577284,0.5153590768542952,0.5486470067713797,1.9630045091432067,0.19910555487822798
1749,0.9005453750503774,0.19701928543799396,0.5144626210557957,0.5476926473496891,1.9648083418292404,0.1987592151728487
1750,0.9005185717401497,0.19649905339295218,0.5135686190716084,0.5467409002384014,1.9666072351959145,0.19841382344667166
1751,0.9004918713283238,0.19623977764078648,0.5126770626322898,0.5457917566339351,1.9701372406463638,0.19806937654050458
1752,0.9005679362590604,0.1962376803933506,0.5135222109298732,0.5483137426250952,1.9684583914368832,0.19772587127212793
1753,0.9005411651152948,0.19597871363154415,0.5126325162251932,0.5473637704078597,1.971978136784484,0.19738330447189062
1754,0.900642460129422,0.1959787135032971,0.5117452506562136,0.5464163919021691,1.9772190458508092,0.19704167298265357
1755,0.9006408272896346,0.19597871350327725,0.510860406055745,0.5472006708104183,1.9772584357708531,0.19843004608264994
1756,0.9008425841825397,0.1954616917136628,0.5099779742888036,0.5462554668973908,1.9738430305347017,0.20154197752000289
1757,0.900867764533036,0.19786870396130896,0.5108235649826914,0.5453128387801532,1.9773394029181584,0.20119419312423092
1758,0.9009962992119264,0.19786474506502055,0.5099429598256635,0.5443727778061854,1.9791024619549897,0.20084735586734895
1759,0.9009947098651815,0.19781999408236906,0.5107869213327537,0.5451574453154558,1.977411493276353,0.20050146258706347
1760,0.9004853282581542,0.1986071004017452,0.5099084639439263,0.5459396532948667,1.9740094583713106,0.2001565101423429
1761,0.9006365431800499,0.19834900995111338,0.5090320694543446,0.5450013309534585,1.9740541290702933,0.1998124953339087
1762,0.9007120321565051,0.19834899584029705,0.5081580557003377,0.5440655575753371,1.9758157209464908,0.1994694150456049
1763,0.9007854717628202,0.19834899584029705,0.507286414714669,0.5448476196568831,1.9792877960357538,0.19912726615001866
1764,0.9008105308974715,0.2004287670041423,0.5064171643698896,0.5456275341323406,1.9810368170384347,0.2004996777380091
1765,0.9006329664624827,0.2012004129847161,0.5072621097717577,0.5446934950835707,1.984493044627443,0.20015670919380155
1766,0.9005547183186772,0.20170942100119593,0.5063946119986503,0.5437619837703688,1.9845195639794038,0.19981440983895732
1767,0.9005797696777141,0.20067363631714413,0.5055294633641573,0.5428329949411009,1.9828375639139368,0.19947303748134598
1768,0.9003739189414982,0.20119703571010494,0.5097332329668349,0.543666903069305,1.9794553530763974,0.19913261170741386
1769,0.9003861494565054,0.20246324759849565,0.5088641204379687,0.5427399324767908,1.9761125910693387,0.20046587433176793
1770,0.9003860578068498,0.20077744394025984,0.5114040167490749,0.541815467328254,1.9744499493186691,0.20012441481644364
1771,0.9004614367997184,0.2015240218249088,0.510533798747488,0.5442967530067493,1.976195052507235,0.19978387958517116
1772,0.9004497828276887,0.20062483623724098,0.5113658553788857,0.5450714150929973,1.9728356659057371,0.19944426164744675
1773,0.9006254802632582,0.200624833299624,0.512195667348042,0.5441457597959449,1.9728822448798344,0.20250201501827733
1774,0.9007506921071586,0.19987854423411283,0.5130232421189499,0.5466156604480404,1.9695351928132192,0.2021584642388571
1775,0.9010748928820974,0.19963094297441264,0.5138485871264674,0.5490789063611984,1.9661978540105436,0.20351067359520472
1776,0.9009230482442848,0.19963094189711225,0.5146717097764474,0.5481492386229505,1.9662550931314107,0.20316610143000466
1777,0.9009133337697632,0.19948730886346638,0.5138011692324507,0.548913520786012,1.9680036191072605,0.20282245649071434
1778,0.9007143458232251,0.1994671263213205,0.5180022426283143,0.5496757475973224,1.9731572267534456,0.20247973570124966
1779,0.9008121511134783,0.19897300391202705,0.5188158879548616,0.5504359258715873,1.9765786809938124,0.20213793599750787
1780,0.9008345295816591,0.19848179403911737,0.5179409664536793,0.5528804438696687,1.9749345754273493,0.20179705432731468
1781,0.9008417603949784,0.19842723858359917,0.5204377852816252,0.5519490084338253,1.9783734566591968,0.20145708765037143
1782,0.9009162166705383,0.19991306376890197,0.5195619421898061,0.5527030236773702,1.9767267823332242,0.20111809293024357
1783,0.9009256178256128,0.1992848659182498,0.5203697170660172,0.5517737475526447,1.9754878074372035,0.20077994706527813
1784,0.9009728209207422,0.19904015337505146,0.5194956783726257,0.5542062599374186,1.9738493310861691,0.20044270714366702
1785,0.9007884906260444,0.19803518365369452,0.5203019505022953,0.5549542887313664,1.9722152405300364,0.20190628166108263
1786,0.9005369649322449,0.19803518365369138,0.5211060652141245,0.557376609432719,1.9739381094193278,0.20156782747794721
1787,0.9006593583993098,0.1980351836536914,0.5235826476506635,0.5581178345397373,1.9739817531310002,0.2012302783612991
1788,0.900319448391386,0.198035183618012,0.52270672307533,0.5588570787638631,1.980751322708506,0.2025665755673947
1789,0.9000471167995208,0.1975544293956729,0.5235044100285354,0.5579230765015459,1.9807928696410113,0.20389930382792762
1790,0.9001460207079097,0.19731434266069378,0.5259695695706783,0.5569915671864073,1.9808250459124972,0.20355887320430657
1791,0.9000689750064903,0.19731258449315142,0.5267602205351748,0.5577304755395417,1.9841954279199254,0.2032193506565979
1792,0.9002663245686936,0.19683352965583528,0.5258824979789591,0.556801148305658,1.987554316309368,0.20454699902680765
1793,0.9005609111189362,0.19659488765373656,0.5250071137639005,0.5575388972902626,1.985911643138912,0.2058711104082456
1794,0.900756574574719,0.1965948876537333,0.5241340602039863,0.5599376186937309,1.9859358144136836,0.20719169642682025
1795,0.9008297816581701,0.1975705479071602,0.5232633296428874,0.5590074085930634,1.984297520720382,0.2068479453649722
1796,0.9003611829400364,0.19830323271609412,0.5223949144538278,0.5580796720273263,1.9826639599897387,0.2065046643528361
1797,0.9004816981336804,0.19830323271509126,0.5248447176289683,0.5571544008801925,1.9860088679693944,0.20616228885118038
1798,0.9004057279674684,0.19820242317415115,0.5272880146209158,0.5562315870666306,1.9876919730155747,0.20582082262981183
1799,0.9004999378419268,0.19820227015830466,0.5264155413578498,0.5569658652306353,1.9877193966777689,0.2054802627085782
1800,0.9005243051293684,0.19941905852853214,0.5255453856212885,0.5576981924291222,1.98939376707016,0.20514061644596274
1801,0.9006946905869005,0.1999015660427993,0.5246775332282205,0.5567772449255358,1.986108608133947,0.20480450654995527
1802,0.9006442166465793,0.19956006783224114,0.5238119799378878,0.5591581095999807,1.9861321464127182,0.20446664338011722
1803,0.9006917089017047,0.19946971591085488,0.5229487182323608,0.5582365961527133,1.9927471530933967,0.20412967471569562
1804,0.9009582885640423,0.20043136086424976,0.5237341307463854,0.5573175209381418,1.9894663138430648,0.2037935976334077
1805,0.9010307796152706,0.2003373984691086,0.5228727218809311,0.5564008759741694,1.989483713952819,0.2034584092211611
1806,0.9008571402882782,0.20033739846813742,0.5220135893752424,0.5571297539802254,1.9862147920090936,0.2031241065780842
1807,0.9008812809821882,0.20104413723420858,0.5211567258028735,0.5562152486857561,1.987878878229007,0.20279068683821067
1808,0.9010084466108959,0.201044137234137,0.5203021237658627,0.5553031570614736,1.9862589372497002,0.20245814707525975
1809,0.9009819506049528,0.20080569651026717,0.5194497758946082,0.556031649969957,1.9830050901121408,0.20212648444542317
1810,0.9011227897672328,0.20080567876090286,0.5202362162157713,0.5551216811728488,1.983032903302053,0.20179569609205433
1811,0.9012636002424309,0.20080567876090286,0.5210205847339822,0.5542141096028278,1.981425737259561,0.20146577916944594
1812,0.9011760279824637,0.20079151114199273,0.5201696166327452,0.5533089274615728,1.9781895344269678,0.20113673084278225
1813,0.9014511543682135,0.20052953775470048,0.5193208875470948,0.552406126980594,1.9749624219583224,0.2008085482880918
1814,0.9016646832968309,0.2000541512545081,0.5184743902017419,0.5547657169759972,1.971743218304053,0.20048122869220011
1815,0.9012037836215884,0.20005415124842205,0.5192584964331005,0.5554907271699095,1.9701608520977458,0.20015476925268277
1816,0.9012254649007279,0.19969156084780623,0.5200405434041476,0.5562138333045783,1.973494054577223,0.19982916717781865
1817,0.9013677615092224,0.1996915272647911,0.5191954122142568,0.5553099159759459,1.973537362166656,0.19950441968654348
1818,0.9013881232295644,0.19945494338281577,0.5183524978046887,0.5560318708907964,1.9752038257745985,0.1991805240084035
1819,0.901506090307943,0.19945494338281505,0.5191336715702839,0.5583738118656263,1.9752449856744723,0.19885747738350942
1820,0.9015966081607819,0.19898286754610342,0.5199127988499104,0.5590893600132717,1.9769053526903804,0.2001555345718295
1821,0.9016165249872093,0.19853453768483256,0.519071248204933,0.5581843966952692,1.9769319749222454,0.1998423153276
1822,0.9016594758087256,0.1983014948482451,0.5182318994943853,0.5572818012322489,1.9802040800313798,0.19951916626037045
1823,0.9013234599718182,0.19783676097820757,0.5173947456002954,0.5579969699905682,1.9802367338059677,0.19919686219698993
1824,0.9013837370084721,0.19753323582904145,0.5165597794317627,0.558710269805816,1.9792382138477371,0.1988754004074633
1825,0.9012629436707178,0.19730217894935773,0.5173391703661386,0.5594217067126217,1.9792722304571333,0.1985547781721727
1826,0.9014267615812841,0.19707145301189433,0.5165059619686544,0.5585207216520123,1.9761072616347441,0.19823499278183276
1827,0.9014467739345781,0.19777872391605977,0.5156749272944963,0.5592310417451207,1.9729277937705758,0.1995249965479849
1828,0.9015832703767998,0.19754797264306986,0.5148460586648745,0.5583321633186571,1.9713640143650435,0.20081163777104913
1829,0.9018157394511093,0.197317615742373,0.51401934943761,0.5606471079184582,1.9714099963305733,0.20209492698392673
1830,0.9015207849118413,0.1980249331519546,0.5164030640156188,0.5613518895677767,1.9730599942532168,0.20177073930128073
1831,0.9017059642434335,0.19779454422229178,0.5155755114030578,0.5604523050084492,1.9747056989548535,0.20144739516550292
1832,0.9016558101907188,0.1984965472428117,0.5163510360804581,0.5595550650723521,1.9731452627632613,0.20272582247633092
1833,0.9017527489425644,0.1984954474363278,0.5155252201289825,0.5586601516003595,1.9731882155586282,0.2024015968889325
1834,0.9017946434083375,0.19896418819556044,0.5147015490132193,0.5577675624263789,1.9700355901617943,0.2020782134072733
1835,0.9020011227993072,0.1987337626650041,0.517072285882547,0.5568772900882635,1.9684880282582866,0.20335180431222474
1836,0.9020694171681324,0.1985037325657624,0.5178423332855036,0.5591784065129981,1.9669437413560054,0.2030275517911547
1837,0.9020417347926282,0.19943095211924078,0.517017445820192,0.5598806041037223,1.9638105097659564,0.20270414332980072
1838,0.9020645880155441,0.19943423708154653,0.5161946881492937,0.5589896359835214,1.9638681325878395,0.20238158839457407
1839,0.9020604332425033,0.19910007043736197,0.5153802930381258,0.5596845058207344,1.965508027468229,0.2052497669179706
1840,0.9022430866641902,0.19909843667244778,0.5145617793220604,0.5587956292942706,1.9623953396038167,0.204923794521061
1841,0.9023113337465064,0.19909827052353118,0.513745382353714,0.5579090514798786,1.962455722420453,0.2045986651171448
1842,0.9020958950816355,0.1990982703674109,0.5145160964511348,0.5570247650269591,1.9593454613326378,0.20427437601058057
1843,0.9021046756597959,0.1985154224016321,0.5152848198579769,0.556142762612591,1.9582021079636511,0.20395092451587704
1844,0.9022638646644717,0.19851525324785352,0.5160515589326301,0.555263036941413,1.9566864227131737,0.20362830795764972
1845,0.9023545937194886,0.19851506320442264,0.5168163200095673,0.5543855807455047,1.9551823237129173,0.20330652367057747
1846,0.9025133875755263,0.19851506319804374,0.516000435653896,0.5550890605298208,1.9536744193588138,0.2029855689993595
1847,0.9025360435508237,0.20101203298666365,0.5151866535026143,0.5542136318700398,1.9521703833791486,0.20266544129894026
1848,0.9028973198538388,0.20101203298666362,0.5159504864097234,0.5533404574563212,1.9522457398753619,0.2023461379333949
1849,0.9029127258472005,0.20056244349727237,0.5167123536348662,0.5540434749301686,1.9523232624342808,0.20360160109874265
1850,0.9028833583260253,0.20033805693693485,0.5174722614351547,0.5531723126700427,1.9539706013099187,0.2032814637106058
1851,0.9029030725829695,0.2000452299775912,0.5182302160442386,0.5523033895584867,1.9541252885507527,0.2029621491716758
1852,0.9029703167091103,0.2007145068330552,0.5174169936099479,0.5514366984759941,1.9526285982722043,0.2026443136481728
1853,0.9029923245232563,0.19982477401716622,0.5166058588492118,0.5505722323297264,1.9511452928422879,0.20232676465712715
1854,0.9029796636401666,0.20083333077513543,0.5186704280873586,0.54996855057513,1.9497590142872012,0.2036991790050324
1855,0.9026522231403092,0.20083333077277007,0.5194234823665808,0.5491081085939684,1.9482730912598434,0.20338048564527428
1856,0.9027869898253902,0.20083332790086691,0.5186116412906053,0.5482498714659959,1.9499170035145137,0.20306260892636588
1857,0.902693285418733,0.20170799042799928,0.5193631560846721,0.5473939588722387,1.9484535714480027,0.2027456729323762
1858,0.9027115315445078,0.2016976391972872,0.5185530311677692,0.5465401103074163,1.9502331183878965,0.20242942153966095
1859,0.9028008661219247,0.20126153127552646,0.5177449783753967,0.5456884457027703,1.951895590641533,0.20211397904969014
