0,0.5,0.5,0.5,0.5,0.5,0.5
1,0.5068591163729436,0.509829615235128,0.5093656296859379,0.5106143803107296,0.5280968890578137,0.5318431409321889
2,0.5026868971349949,0.5063717814683792,0.5042821505211478,0.5055184385897457,0.5425678072860916,0.5367340600327682
3,0.49656691850617635,0.5009255569150696,0.5092244797654646,0.5104484419864411,0.5604522917702597,0.5479692448725785
4,0.495231620972684,0.5023639819662482,0.5306764648393276,0.5286408326139513,0.5781466400589436,0.5690353289905221
5,0.4986019976021963,0.5078206898531158,0.5402873319847877,0.5383400005403649,0.592362589629595,0.5832061434360064
6,0.4996197389763142,0.5086867543537259,0.5533028463214806,0.5543634553153337,0.6021318144406254,0.5915720931601207
7,0.4991122587453737,0.5026808316398589,0.571429537942677,0.5550280998607462,0.627647330755211,0.5939237834622269
8,0.5012200203854398,0.4984585396211901,0.5756810937077412,0.5693626822666642,0.6313411985105658,0.6078725082859684
9,0.5000182798098537,0.4894174655615389,0.5738703766952223,0.5796463606801087,0.6449051598809552,0.6216690538528533
10,0.49858108135764523,0.49111436941386793,0.5965039013429624,0.6049954355166653,0.6639647070904053,0.6395722824369979
11,0.4973966462751313,0.492465829702827,0.614342368266275,0.6247264298414933,0.6771789015367574,0.6530277326707549
12,0.49352833757992265,0.4907370068428018,0.6221722624562731,0.6342957987403519,0.6822106839519956,0.6546139931200937
13,0.4952838407093854,0.48940874159077064,0.6259017401112733,0.6379056068920885,0.6830061625151157,0.6504937716067618
14,0.5008824282810239,0.49557901056645204,0.6357737381594536,0.6451541619587803,0.688637104107965,0.651435170796047
15,0.5034428561258026,0.4912805013435907,0.6649752429742695,0.6624407998383766,0.6838232026577852,0.6528989796628767
16,0.5059637843609827,0.4906339287965915,0.6850685397166526,0.6686491319700889,0.705174171591522,0.6675993287935864
17,0.5069578643077581,0.4933350495335657,0.7051159589261949,0.6942813440416661,0.7053610498583325,0.6735789882460963
18,0.5101379856749525,0.49008609504370476,0.7646846949196595,0.6995411556392424,0.7331901701283899,0.6813145078801055
19,0.5076356102500276,0.489185114676912,0.7840037759820846,0.7149143608266495,0.739949774787039,0.6901114561101866
20,0.5120088353379427,0.4831192044095978,0.7935620708133674,0.7102676637705484,0.7534812123895759,0.7115725109602588
21,0.5165837214154488,0.4848114333574321,0.8136966055413982,0.7243682913151102,0.7671586846707967,0.7325099030073383
22,0.5177937458354376,0.4815864735657094,0.8155192026034833,0.7368469316423121,0.7694370449981773,0.7546911671988422
23,0.5144897329452323,0.4785257776378955,0.8173220642262052,0.73941862785427,0.7840388008330902,0.754512552654728
24,0.519600073383647,0.482955886993899,0.8331247624562792,0.7474691210997444,0.8029196760808746,0.7694253058934508
25,0.5200131970601009,0.48567599853287446,0.8397141477177862,0.7547233443838519,0.8145949191442559,0.7814272228833757
26,0.5266889289715243,0.487815725787376,0.8412758690202502,0.7571131609061389,0.8309175792433627,0.778784011704831
27,0.5262877471246472,0.48957604145870914,0.8428208281921534,0.7594773272586421,0.836895463509293,0.7863387533010985
28,0.5314609547137695,0.48367636883550813,0.8380333627042936,0.7875797665534774,0.8499093698150956,0.8158840083131693
29,0.5329105981965095,0.4829572561493943,0.8493208979305932,0.7993574163197015,0.8542890641960589,0.8438933460164039
30,0.5342476349472435,0.47844918026210226,0.8947568269369033,0.8155576049340473,0.8665449087344571,0.863680138374312
31,0.5404620543963427,0.48355672821951046,0.9151666452536007,0.8367352403621287,0.8678387232453029,0.8650017261340242
32,0.5451902457677974,0.4826886589982014,0.9803413887932108,0.8417588041358885,0.8962068635330361,0.858591175448526
33,0.5430471874280197,0.48029702039358574,0.9874838747458412,0.8460129530099939,0.9053804150712325,0.8808162043411902
34,0.5417457548985761,0.48128590063226134,0.9993539243871701,0.8550837056786448,0.9062951045613851,0.8819685202618128
35,0.5410439723148768,0.48128816598862945,0.9993601629282807,0.8564830252656516,0.9071999241070389,0.8831082386230538
36,0.5389631090043513,0.4790623178803148,1.0186591409241497,0.8771602537015896,0.9080951263330296,0.8842358548854912
37,0.540462821487852,0.4799927345567878,1.028116088589493,0.8879807923748813,0.9160900766757163,0.8878789226724104
38,0.5364773274009896,0.47834402668536924,1.0470996701839936,0.9083134746007961,0.9166040426562451,0.8892521725033351
39,0.537442776367344,0.4786064540806605,1.0466466887719934,0.9091952704090146,0.9197569080681649,0.8975839987146997
40,0.5387046114735149,0.4773100963039197,1.067101866580529,0.9372038303508209,0.9301562847715311,0.9081849416921987
41,0.5387189251636173,0.47452911629862676,1.0746785697634946,0.939184091133939,0.9239834234686192,0.9159094549276774
42,0.5425323287546706,0.4766044073856093,1.1001489046664248,0.9423469247820544,0.9700761242016716,0.9384728576403948
43,0.5395463022413702,0.4754008381963398,1.1007677799611846,0.9509000909973744,0.9836610094316817,0.9545013700875975
44,0.5435052247762323,0.47375470474589326,1.126037231185254,0.944275281186886,1.0011002955166541,0.947223381133905
45,0.5456052862227088,0.47385031102041686,1.1343922932472819,0.954367982913829,1.004094545884175,0.9638431047537505
46,0.5501364843391378,0.4740576996071739,1.1511346680278927,0.9654291691158446,1.0029804795840784,0.9557129603224118
47,0.545727606889844,0.47036517999165844,1.1687744582466477,0.956218131992657,1.0124930941528372,0.9561354982987497
48,0.5451079445430279,0.4681769536796398,1.186228487602692,0.9756981075107988,1.00616775502198,0.9627598521607927
49,0.5457905027389832,0.4621858225015991,1.2130206889765707,0.9759295055452415,1.0061090268268977,0.9726362571181755
50,0.5446486195214256,0.46336013460590036,1.2348480247135865,0.9998662911853189,1.0154673934410472,0.9825074976605593
51,0.5419096980335404,0.463459400695702,1.2388997456863773,1.0030869168371788,1.0217591202341592,0.995240588541697
52,0.5428122606611103,0.4651501404223931,1.2590084650410345,1.0281473915834203,1.0222296512364932,1.0041022089792153
53,0.5453329312082567,0.4551346287496967,1.2658043738383402,1.018628154037216,1.031386876426443,1.0041790578721208
54,0.545254733615109,0.455090186731953,1.2807412408686691,1.0294194451115133,1.0405638281469693,1.0136137852011298
55,0.544478887860341,0.4534713580742184,1.2857098899867316,1.0309800226453927,1.0428950226330755,1.0155444242928047
56,0.5446856032865944,0.45462156711808976,1.280348846371226,1.0238912478386408,1.0478085229879102,1.028989138814367
57,0.5467234638950764,0.457494614640034,1.275495799816237,1.016424519813423,1.0451520385364859,1.0214742564133297
58,0.5460567503738951,0.4550562797017809,1.2634667968807964,1.0351353162804893,1.0601717019864207,1.0212718384086479
59,0.5447395677335432,0.45134560391450107,1.2609830775521198,1.0348040932755485,1.0603304068360158,1.0297726046447486
60,0.5443598684797735,0.4542053117486643,1.273625132812047,1.0476293553534013,1.0597622364614672,1.0294922168134801
61,0.5456820943597783,0.4530724649468281,1.2743757605707167,1.0626727555067679,1.0514542253534864,1.027552268884763
62,0.5488864038024575,0.44771620783092986,1.2999934363553423,1.0902801916068119,1.0415718085006782,1.0460909674201138
63,0.5569239999498795,0.44490494052567203,1.3158880227277638,1.0988894606857837,1.0319270665993892,1.05491260540804
64,0.5535596206502252,0.4436840118147902,1.3266856340228819,1.1029613158499336,1.0528874107554282,1.0800379579390151
65,0.5468965833600774,0.4399802004938138,1.3545119859479533,1.136703604586629,1.056211309081632,1.0754684593590973
66,0.5493102287888212,0.4460668079743841,1.3565298917880921,1.1394485866361999,1.0810562121856448,1.0961974045152645
67,0.5561895073358026,0.4447221086577961,1.3717736830921827,1.1476222844423254,1.1079764475690685,1.0956753578543614
68,0.5572546900298199,0.4491797451846802,1.3924028373882726,1.1688536425990672,1.1325621092249447,1.1159000815555484
69,0.557834484656336,0.4458348509026901,1.379407170212762,1.1579444197016242,1.1406581385414003,1.1241516220206793
70,0.5611061865109602,0.44839391020247926,1.3842598025548658,1.1574054925430517,1.1402803876000573,1.131384241319093
71,0.5631705039462046,0.4439514760307218,1.3899951878485783,1.1652539392851733,1.148488328065485,1.1485897059444
72,0.5619525186554741,0.4452602801440013,1.40766136159434,1.1796422366951584,1.1497911798637566,1.144522451494637
73,0.5591892061198993,0.4446385094889974,1.4111417398039021,1.179998287661384,1.1722347315176695,1.1565269913591518
74,0.5599106016705515,0.4461797569458592,1.429836650849764,1.183673777324725,1.1817043141942647,1.1718644424372535
75,0.5532085360630364,0.4424779944228595,1.4304478329718868,1.1866482270305523,1.193815455237614,1.1843053949151365
76,0.5557489876197952,0.4440127894881716,1.437060269365351,1.2021209305397276,1.190685407583021,1.1746627951845452
77,0.5558604752340003,0.43994467211489147,1.4515313697492818,1.2187673104239751,1.2242178762888263,1.1747832646431158
78,0.5554907225651573,0.4371981602935683,1.456029557207175,1.2173187428883236,1.2400685050608191,1.182991405190844
79,0.553411733521866,0.4354893892783496,1.4658454112106998,1.2105212810057953,1.2470905754725077,1.1905408907931563
80,0.556011041261713,0.43920084310901547,1.485681661027065,1.2213660335475303,1.2355784785160737,1.1795508132198276
81,0.5569409937759804,0.44351091810966753,1.500693687502724,1.2367214054947842,1.2285332506202589,1.1735458080614694
82,0.559197215025035,0.4432623685163949,1.5030406975173907,1.2736443949439544,1.2172151182969166,1.1627342596272257
83,0.56388940055541,0.4441355366702905,1.5254547788851036,1.2716926178340897,1.2242305838631682,1.161425437074595
84,0.5619374648905352,0.4431413016534757,1.5280635835829652,1.2709489033745944,1.2256775625681546,1.1748212414939965
85,0.5644959183546691,0.44638733465866115,1.530565930209981,1.2702926517449864,1.2291249146121654,1.1676952587357938
86,0.5601134961088113,0.4441605370530699,1.5440493724659576,1.2861643465895656,1.232357090472413,1.1699978261803474
87,0.5596682343885675,0.44335197632717266,1.548228967435958,1.2927079145248423,1.2383743807362086,1.1694590115087806
88,0.5635861947870555,0.4435476818533875,1.5436414112575556,1.298752108507544,1.2536408385112807,1.1687729926197818
89,0.5642120292329441,0.4425137124021316,1.5475134820930931,1.2963218935801017,1.260165966749928,1.16753188588061
90,0.563911136236693,0.4401876710967461,1.5516488974893923,1.3027530272385992,1.25879615050971,1.1741321499211816
91,0.56198592561671,0.44047567693615364,1.5610105522402407,1.3038508858107054,1.25968135193761,1.1784244135880402
92,0.5607557096856153,0.43715716700997487,1.5814466310645723,1.302889515759834,1.2658304799431936,1.1774003812218565
93,0.5596640820668664,0.4386586062561934,1.5732891583415463,1.2938770399892652,1.2542963148851838,1.1666719854757008
94,0.5619964738702629,0.4392950656043872,1.5875969288999483,1.3171897431195176,1.2519814993657785,1.1651547991224391
95,0.5660397307537535,0.441247554805373,1.590611756393843,1.3150407598602847,1.2428026817128133,1.179634021521794
96,0.5686358761869958,0.4378993910115968,1.5852462611123332,1.3121787279210044,1.2405969067463956,1.1780021110903767
97,0.5663891176176936,0.43635673972156325,1.5787953636881826,1.3014094308953095,1.2463494552992251,1.1775261020708874
98,0.5653626596173368,0.4348013907144497,1.5796753223011852,1.3016155941989653,1.2560771981540921,1.2024464815183022
99,0.5621076199344724,0.4319903420315722,1.5659387133912783,1.3073699748961982,1.2537577976049004,1.2096702643545354
100,0.5635548671025445,0.43014516173584005,1.561802072493289,1.3307497145486822,1.260182014833375,1.208101150796138
101,0.5626661350955922,0.4298331891731199,1.556723757980585,1.3277599586227011,1.2628426933254746,1.2192861667404138
102,0.562233300012939,0.4280922363543196,1.572331371069269,1.3583469692935233,1.2580055030155102,1.228801133324604
103,0.5650028898965476,0.42385065576334746,1.5671682153931563,1.3551142246248729,1.2556779657797406,1.2267370565852513
104,0.5653469107653862,0.4272088385365957,1.5800812579055248,1.3699383513462364,1.2843019235133708,1.2568512234510285
105,0.5641743308904411,0.4267594882543256,1.5856309135138378,1.3828451719040393,1.2889765396713901,1.256308227926534
106,0.5651146158429847,0.42704064228579525,1.5827608213764146,1.3949930443800116,1.2787383763847644,1.2528828619378813
107,0.5626451072610515,0.42625100912488056,1.5819631353671744,1.4049758743465812,1.274014556133936,1.2438446732220425
108,0.5634807196366659,0.4281048546876782,1.575858075670639,1.4111981730962928,1.2769517574678917,1.2542121741402255
109,0.5633933950926785,0.43086584902053043,1.5741576373039265,1.4130146820174776,1.2744682468168813,1.2519325762497266
110,0.5642211398787583,0.43104695507174606,1.6025194215880154,1.4295595192405008,1.2766834098250908,1.2808587972474714
111,0.5634693786848323,0.4319346337920174,1.6173134796284614,1.450275924285496,1.2883604209843615,1.2910402873080233
112,0.5638137146229831,0.4350777378530598,1.6296753090630747,1.464131143391522,1.3163959031575827,1.3204078043994596
113,0.5609253981208399,0.434683032746005,1.6448737343235313,1.4838209115863763,1.331440610727433,1.3354201423977996
114,0.5602819534778481,0.4356027496605615,1.6391197971236335,1.479503981010524,1.339432151809282,1.3393236425814634
115,0.5591057569597289,0.4360860644050008,1.6453209972927905,1.4900727315225926,1.3304773444047866,1.3333145913892466
116,0.5613344329846125,0.4369541609452202,1.6322939050394945,1.4929894239339143,1.337251319552879,1.3473439702175862
117,0.568259056037319,0.43777900541951575,1.6269989911759362,1.5060656877850573,1.3344161212968624,1.3529849620743453
118,0.5704678547717826,0.43563624945602814,1.6127280897851957,1.5013801275741547,1.3490327115046863,1.3589261638163697
119,0.5711805690365658,0.4358199845847589,1.607288242006623,1.4969288356900812,1.3472088128244493,1.3633428357696358
120,0.5726187307431052,0.44028394286587863,1.6157047125245172,1.5053264513458886,1.3529985512725977,1.3689894782710188
121,0.5712878146215751,0.4407542075028826,1.6126818757879413,1.4984165712729536,1.3562986877825833,1.377012961951744
122,0.5685104352607173,0.4401614802694875,1.6346762584221755,1.5108447372872333,1.357607446243215,1.3957677585169836
123,0.5674371967236381,0.4373072553814966,1.636514049962637,1.4988775198347086,1.346995253301095,1.3997181341239637
124,0.5687751433280733,0.4400033424727762,1.628795501925561,1.4877324492202848,1.352312812125891,1.423139453400792
125,0.5706077705452268,0.4366694408603538,1.6232464010974768,1.4834282254630158,1.3493373276370677,1.4369215337170123
126,0.569757121611123,0.43493484102671054,1.6260634887689627,1.4796706784460216,1.3394590813923521,1.45750030204164
127,0.570105652258833,0.43644989556092584,1.6262902596876927,1.4785126711131893,1.3716986978618184,1.488700289733319
128,0.5695616396652091,0.4349732627601177,1.6119812898831303,1.465503927415318,1.4120813199427784,1.5199342222088952
129,0.5698136716770584,0.43504062997067616,1.6337672592906423,1.4957753210533415,1.40046539947534,1.5145682291343914
130,0.5702842808655775,0.432887119595025,1.636626531380453,1.4917785414844336,1.4060865481885416,1.5272551816321644
131,0.5726162350118074,0.43135808646748963,1.665785825348137,1.5053537441139113,1.403386324674602,1.5656288544252364
132,0.5722870771795243,0.43330387487672917,1.6571683767108798,1.5037080165943768,1.4084073316837875,1.560879380103851
133,0.5722405092984714,0.43173050711377103,1.65324013920627,1.5237371392763308,1.3966881913818596,1.555362206907387
134,0.5705745144615809,0.43040639553886256,1.6555213997661755,1.5461457549603113,1.4019646977841873,1.559250980171133
135,0.5706813331177099,0.43265817540095464,1.662694788259823,1.5459475275640504,1.4071898273771588,1.5631018744879868
136,0.5728685538257968,0.43196642310078637,1.6660244029876066,1.558253646404119,1.412749598331657,1.575258262874782
137,0.5720515423633236,0.43357193662868254,1.6630753170228287,1.55052739229313,1.4179424253715336,1.5876094083205559
138,0.5721279827234207,0.4335455028646766,1.657818953338654,1.55392306557092,1.40714977763757,1.598353694103929
139,0.5710396941695688,0.4329025928230934,1.6598198456082855,1.5500795349047138,1.4055603723679206,1.6085974869048159
140,0.5696728235697684,0.4334568079025605,1.6600015932635046,1.548073009698954,1.4020345998716277,1.6033066030522598
141,0.5679698768194648,0.4319283043153011,1.6542695499689768,1.5433130541894187,1.4062564467993242,1.5990383838837996
142,0.5713990186706331,0.43083493747881974,1.6572174491270144,1.5386508863585844,1.4115630872256608,1.6283906546404232
143,0.5746677417498739,0.43225373301832243,1.6758463713460068,1.5356593487500025,1.4253309287989704,1.6402791344506782
144,0.5759688684494354,0.43435611110665545,1.6854525228778494,1.5415395500625881,1.4204272929339508,1.6532735382973596
145,0.5786934713750519,0.43446499259819765,1.6799480555201385,1.5537307083168777,1.42586557582873,1.6731483955755442
146,0.5729362737123325,0.43111648138658476,1.6827138090525533,1.5489456017460588,1.413543848618152,1.6932560629568545
147,0.5732842231897061,0.42936657682351365,1.6686076948594213,1.543785934649322,1.4021821152600353,1.6950628593362949
148,0.5734761767387914,0.4274104256541454,1.6797415300794327,1.548068972981113,1.4156136879888253,1.6980412392241546
149,0.5735846990473875,0.42765028891136353,1.6921592697292367,1.5681512529924018,1.418562984901829,1.685497048553387
150,0.5746271973457883,0.4258728462586684,1.7111726173721615,1.5555044716811888,1.4065659055415918,1.6793843153769046
151,0.5766533861798436,0.4258692562367634,1.721907748752568,1.55967327746089,1.4034168793929287,1.681794300977131
152,0.5764176683415364,0.42592468385120164,1.7222503213029958,1.556911956894498,1.4195826022140388,1.6820763897324988
153,0.5757594688193814,0.42378699696054206,1.716522573738094,1.5602441299781016,1.4255070549462012,1.7010936601919568
154,0.5741180093040459,0.4197982076980072,1.7021242258079465,1.5551243939735855,1.4301153639894864,1.6954167393198412
155,0.5758584694935985,0.42042284294985927,1.7082934961452125,1.5981369180616605,1.4577938242333053,1.692355658415175
156,0.5755079652000057,0.42107440897777576,1.7201516187203705,1.6007682857230838,1.4572668642135,1.6830424099723276
157,0.5725382021143294,0.41992103353147775,1.7174627055042617,1.6007142834903603,1.465371881602377,1.690832254748517
158,0.5711832506060707,0.42032876776185774,1.7198751495772933,1.604123583710209,1.458595018306716,1.6877368715468506
159,0.5731912665130648,0.4210518961392571,1.715331772712765,1.6229631903560715,1.4728079013123163,1.7149256007991323
160,0.5722670873124934,0.42152451854431083,1.7177575553307534,1.6261760861115686,1.4714906111024406,1.7146431316309576
161,0.5730321677492356,0.42347472454388435,1.7272534490229616,1.622265233310963,1.4852125576220698,1.7333883261620702
162,0.5732200260747266,0.425629444019079,1.7371313120105187,1.6264237435220767,1.4980949341932894,1.744160113737941
163,0.5722254656751214,0.426064942397112,1.741702325771614,1.6357558218124328,1.4877049577926227,1.7355000920365815
164,0.5757217343373213,0.4251123960964391,1.760974388296645,1.6642046346866577,1.49194807990715,1.729362534869213
165,0.5759924418383782,0.4229145848394234,1.7797040171297844,1.6673067508091781,1.4962558316355277,1.7316572539003436
166,0.5772269343311699,0.422025505467218,1.789524355103533,1.6706409496429693,1.508993239990781,1.7424007033705091
167,0.5774800881555057,0.424067877353938,1.7954824755592804,1.677712904393692,1.5172173702724605,1.748973270744379
168,0.5732030726100763,0.421955618257056,1.8168406235158,1.7030758112282696,1.5158542427912394,1.7396326076334079
169,0.5746809418902243,0.4185891929351819,1.8181766363439162,1.6889039687847118,1.5280718092295822,1.7252574319962581
170,0.5744370679022844,0.41960385356499164,1.8281472642573986,1.6999652247118668,1.5197641172113003,1.7314278744006366
171,0.5732667872896128,0.42027752033398424,1.837669981345629,1.7112761088385544,1.5369848383656284,1.7458029160123933
172,0.5734326859739348,0.4176715168261313,1.8229159299088686,1.712988356792356,1.532463538877338,1.73953504078286
173,0.5751735061205435,0.4152519995982334,1.8244054506323029,1.7154025196823592,1.5616302923602934,1.7753714141221102
174,0.5790856494582955,0.4158013690441377,1.8254290472439072,1.7014399644663039,1.556684970967685,1.7606789826769225
175,0.5824258577160191,0.41298269940829946,1.8436529560698245,1.7039769273544045,1.560437089811624,1.7794464404658
176,0.5856936717317853,0.4171500869829159,1.8432528958138252,1.6913982850925096,1.5649789507659502,1.7888266147709078
177,0.5866362325914342,0.416853622367828,1.8692291110918797,1.6860762638387983,1.5604808597821622,1.7987383936725414
178,0.5894282375569985,0.41751714432652226,1.880075447385164,1.7207988866921322,1.5632377588626498,1.7846056125870349
179,0.5922132805023913,0.4165885889735659,1.8810526899542102,1.7147976983679032,1.5669659147977488,1.8114133536785002
180,0.5933013652675435,0.4163966487287994,1.873113076314252,1.7010549469814027,1.5616497744290025,1.7968636005039205
181,0.5916724840891817,0.41623182471767683,1.8658275120840893,1.6952050966199037,1.5566782491892714,1.7988435633779907
182,0.5888765354398624,0.414750606765136,1.8502739489335107,1.6810738442116844,1.566095648546727,1.794798542923737
183,0.5887148935056868,0.41358091218117,1.8348654566928932,1.683729759677406,1.578036894831472,1.7798520321986346
184,0.5901623065650007,0.4109359843064392,1.8361941558933594,1.669767323156756,1.5732505560390828,1.7816609648693242
185,0.5914412371923712,0.4112001936446123,1.8309161070334004,1.679151347328209,1.575961491183127,1.7760003459300688
186,0.5919926253421283,0.4080358268007583,1.83237992663507,1.690058044236017,1.5795429302621984,1.7861029481359965
187,0.59387224880175,0.40990567326225763,1.8499467835040546,1.7013356077965596,1.58261805303517,1.7799949985303394
188,0.594292855790815,0.4114760711979299,1.8527121870657104,1.7105744914068564,1.6048468202856567,1.7796200074212167
189,0.5931161744600585,0.4117079110865422,1.8517308294372168,1.7068930379169451,1.610318449737132,1.787521580542991
190,0.5945981058851265,0.41092957774021527,1.8364177722071404,1.6927777300332474,1.6298338119098847,1.797794670449519
191,0.5971763708364723,0.4094629988398508,1.8375843874756461,1.6789779323841916,1.6245381541266448,1.7830348982207476
192,0.5966391775808412,0.4082017973471241,1.8239159508069733,1.6801300760621043,1.6216497994129042,1.7991016981762136
193,0.5973764226278921,0.40952687899171486,1.8342947969814847,1.6985747402202576,1.608961834321285,1.7918310035315357
194,0.5948198738646404,0.4082066367672556,1.833096320351681,1.7118573528728311,1.602054985905926,1.7789635321012895
195,0.5932237212526307,0.4084242413676169,1.8426980082539584,1.7224566370185936,1.5971025561945682,1.772556304572306
196,0.594250462773253,0.4067608015819647,1.8438643839126359,1.7166446210309236,1.5921943001383225,1.7662057972339613
197,0.5938102800193681,0.4069842833728286,1.8440541401206847,1.7282758300416574,1.6037550686809483,1.7763375996615485
198,0.5953878242029927,0.40588209272359316,1.8371297744109727,1.7223012746843063,1.5907819767899882,1.7779888273560611
199,0.5967981675821419,0.4069240114878017,1.8390374313019024,1.7321997990939035,1.5853673695985422,1.763990175948842
200,0.5938936740265779,0.4054323082934341,1.8410373595362914,1.741897591042793,1.590126273241325,1.7809329222130745
201,0.5925023621750853,0.4063164427487369,1.825979286103093,1.7276503941007166,1.5852995571099406,1.7745455748955206
202,0.5927016130831712,0.4050113197712669,1.8112987530575502,1.7214653485508866,1.5728250570090674,1.7759088493949076
203,0.5952954879898569,0.40475755086204585,1.8129001072616913,1.7318407217357015,1.5602305363753197,1.793819513591406
204,0.5983935001639802,0.40420881242370155,1.8306486577861534,1.7341138858658904,1.5557917063409228,1.8116804461169003
205,0.599704100170154,0.4035320777288446,1.8323416306186033,1.7441130364557105,1.5825964301056432,1.8063215398159655
206,0.5986984434934172,0.40401520407518243,1.8174294283581274,1.7299188676772714,1.5905229647103034,1.8277831851837982
207,0.5962313447787844,0.4031835751783718,1.8040541597429223,1.7225836940920851,1.5871226878288525,1.8277825541614434
208,0.5922599287260659,0.40157136496561285,1.795161070110574,1.7353214643847161,1.587596324382287,1.8158169585253623
209,0.593002215332978,0.39869070705841214,1.7968231234284398,1.7374690534124693,1.598892654428212,1.8093613049238637
210,0.5946407434349333,0.3994143584971981,1.79075809979105,1.7392031888369357,1.5867200806001824,1.8101187940141394
211,0.595157184408348,0.4011942769249019,1.7976037307577388,1.7361638094592402,1.589335214409964,1.8366811245856844
212,0.5942569869099456,0.40271465629094877,1.801373616190866,1.7442552270100187,1.6045714993705236,1.84226745876378
213,0.5971107644835587,0.4003362804697342,1.811049233399732,1.7301700768184012,1.5996893361858935,1.8435384654847735
214,0.5973901834641436,0.39928278254654936,1.804501240580688,1.7323485442769682,1.5867742726736824,1.852875138442625
215,0.5996440552903448,0.39879372899502485,1.798012604688664,1.726441849780839,1.5820784011649067,1.854025055259261
216,0.6002846696664976,0.3997600297800914,1.7843871959863293,1.7277841907825295,1.5786811103808094,1.870023212579735
217,0.5987842031712186,0.39934331890229025,1.787234214703042,1.7369131504656097,1.5809609457501497,1.8641316216413182
218,0.601656582700141,0.40021989472434755,1.7810299813601709,1.7389025814933348,1.5922456825494975,1.86535029110194
219,0.6044103650428154,0.40270075509562697,1.7827890150761496,1.7410000337617373,1.58076706574038,1.873152940073319
220,0.6063323469024853,0.40141764001817476,1.776606003499318,1.7590299157192257,1.584263530788813,1.9061396589893636
221,0.6045168462625926,0.4021444623244977,1.789227006448234,1.758148963866113,1.581314165135596,1.9051573804696151
222,0.6037507232354458,0.39955624784641436,1.7829059660886282,1.7440676786921019,1.5846674891428145,1.8979078359654418
223,0.6047906311710912,0.40110732492469253,1.7920206296944607,1.746738917688401,1.5953682882397064,1.8993481770192193
224,0.6059413765407157,0.3998541288584228,1.8016040791555992,1.7488353843145588,1.5906815318723497,1.9000805898075517
225,0.608521858542445,0.3986084434616538,1.7872937433376839,1.750765209554619,1.59391212375074,1.8929311827920197
226,0.6064833949487969,0.3974401505968463,1.7830981527968979,1.7506686064305503,1.6207211076649235,1.9021244667834236
227,0.6070793847168152,0.39865803622413304,1.7933190590861332,1.7680708331996806,1.6083284069037973,1.8944120868567187
228,0.6037874162138732,0.3950688914484277,1.7886451914173298,1.7682753397437325,1.6161239664367153,1.8985365734856658
229,0.6050883544518777,0.3952484936628157,1.8140241478183112,1.7861867474597848,1.6115474861374095,1.9069730969953282
230,0.603518621756017,0.39414060573636256,1.8230123389115036,1.7883203511677883,1.6071233216919394,1.907289076002098
231,0.6046123214497507,0.39557080152515145,1.8167961654199787,1.7896841358293791,1.6111909396987862,1.9308879424179908
232,0.6053872252732692,0.39861259567042934,1.8237244425839265,1.7938057190941894,1.60879841661013,1.928982072026984
233,0.6034696804494953,0.3973602496956891,1.8192493068703584,1.80923213903492,1.6191355274947246,1.930227985456692
234,0.6043113728691324,0.39647670586274636,1.80501825083336,1.8026623965711237,1.6378109915096584,1.9388595410323883
235,0.602704590897809,0.39697869202604924,1.80097738355916,1.8018991177881087,1.6429977246393477,1.944925236166151
236,0.600663902356203,0.3975285513564431,1.807667649314786,1.8062430634158162,1.65371506635736,1.9532580127502648
237,0.6016778209717326,0.3995533791720141,1.8041708986510272,1.8127860249201,1.6499951498130143,1.9521889646039063
238,0.6014259433423838,0.39706921721256505,1.8057144288977995,1.798497596687913,1.6527538974625458,1.9604478393824782
239,0.6013726312382349,0.3958940106534399,1.799493696795744,1.7999606733794211,1.6481083493681845,1.983887392928109
240,0.5991834970716728,0.39639333702534635,1.8043602697032228,1.8061111826030944,1.639720814134523,1.971570916508124
241,0.6006458391663796,0.3976142199659923,1.805375902818098,1.8002982106987788,1.6352154070079343,1.9712725387566532
242,0.6004088686337222,0.39790240236256025,1.7918381590552601,1.7933799488665836,1.6374436997387654,1.9642829750002595
243,0.5986972839826653,0.39854912816740723,1.7900220260711508,1.7906063829368288,1.6393417852583263,1.9655084361004589
244,0.5998288505353767,0.39788674972448074,1.7915324706928282,1.784546786529557,1.6343328188001542,1.9579439373398917
245,0.5989891213625674,0.3967352469681682,1.810555149841153,1.8158044265680136,1.6511121017855492,1.9600100177935615
246,0.5974806189836289,0.3975558357798978,1.804217238979267,1.8094254704447523,1.6525790045940185,1.9537900828983334
247,0.5958698386568297,0.3946351644346273,1.8057465777965191,1.8343483464525558,1.6552928524874244,1.938528233494634
248,0.5956980167110312,0.3949498010540394,1.7922684891488152,1.8272241918469032,1.6573695747054094,1.931817569446664
249,0.5933161408755367,0.39484793687047304,1.8006822200551347,1.8295726195306512,1.652244853149882,1.9245533062867777
250,0.5921435569642673,0.39452301852095323,1.8033677914026716,1.837554634218503,1.6627411807884318,1.9329288935608293
251,0.5915343005021702,0.3933844103522673,1.8122616582581699,1.8392346949385128,1.6723129547022084,1.9265028969235343
252,0.5911496578110769,0.3923293923933957,1.799129667188448,1.8395305175036127,1.6685382078334665,1.941200274736756
253,0.5910335390090311,0.39440208873737864,1.8305034897555408,1.8497857766378147,1.6651490764004173,1.9398549826895282
254,0.5894585475033751,0.39451821531794107,1.8342697640156225,1.8562563903490472,1.656586762543915,1.9282104974587535
255,0.5918511466878315,0.39432162977171353,1.8278907657579702,1.8727827174730132,1.643778230345119,1.9209890092510709
256,0.5919767896069962,0.3943371941902257,1.8209834059162373,1.8587830304410113,1.6310530531901468,1.9061178271145718
257,0.5931509162943555,0.39458710845865647,1.836655075080606,1.8610553101429732,1.6410499858728562,1.9074339684774315
258,0.5961883779784709,0.39399187169233607,1.8456625825448716,1.877561134792833,1.64380365652627,1.9004427369438366
259,0.5981647223335581,0.3946152001000764,1.8391355640355243,1.8707879159132181,1.6460731312879455,1.8862544129856287
260,0.5965843385427559,0.394646865285919,1.8326653959619865,1.8640736918785834,1.6523952090645306,1.8912488473486604
261,0.5959422084720798,0.39392219438909476,1.8333277909921604,1.8580444485952734,1.6492495880537512,1.9056125009563911
262,0.5956266458020092,0.39514746841407505,1.8346103520139325,1.8591368122120977,1.648097476223335,1.9101899980825758
263,0.5971937880580493,0.3936267535585998,1.8510493378143673,1.8527395392450727,1.6584901173348785,1.9185678241686621
264,0.5990299972591847,0.39159154114911743,1.8368638285458503,1.8691998715592935,1.661127852795004,1.934537642599004
265,0.6003975977933131,0.38976584393904895,1.8227713001679373,1.8932195562188974,1.6714002923864386,1.9273678144085256
266,0.6024053519331677,0.3923246540857487,1.8564361349654692,1.9077178262737586,1.6847359879098183,1.9247717083816924
267,0.6005034101913604,0.39270945742956315,1.8575353648203936,1.9084244060277433,1.6794931488397604,1.9176909804380835
268,0.5981629276720107,0.3928554024281712,1.8664493776369457,1.9089496629459133,1.6871025198668321,1.920811857163462
269,0.5982752048834413,0.3945018712547819,1.860923839306106,1.9085500418037782,1.693875009488123,1.9476011936550799
270,0.5984079318345635,0.3934702030817286,1.8625022438543681,1.9239990162629512,1.6812029665743562,1.940109512255669
271,0.5950794618116506,0.3924222399135579,1.8665609626691837,1.9291946390221488,1.6822301438183829,1.9343447996091019
272,0.5958048751425745,0.39015670406152914,1.8751961162719442,1.9144969874600417,1.6770325443972636,1.934844996550907
273,0.5954269304137275,0.3906853205483503,1.8819637010080772,1.909330033343291,1.6736729150298553,1.9411585979613422
274,0.5956508329569257,0.3936174300688847,1.8809598049011864,1.9043174693783789,1.6780554484757246,1.947307944818607
275,0.5973487556860877,0.39473985563421893,1.8815513952649463,1.8977611317491705,1.672905128309095,1.9401124577486695
276,0.5980177245296378,0.3952787544353044,1.8900383279015947,1.9061250628093342,1.6885014616280352,1.9350407263341147
277,0.598491386276944,0.3972729406248579,1.8832913523309291,1.8992561410212625,1.690249236189817,1.9437272521445776
278,0.6003192086357293,0.3990685268222501,1.8695231027182273,1.8919522469096814,1.6784367443251904,1.943165691998756
279,0.5994009275510825,0.3995553164222054,1.8705102125106408,1.8927696712763369,1.6674231483831996,1.9343458194062992
280,0.6006367795237186,0.4029065342975227,1.8639310378567737,1.8860222632521826,1.6993458831975645,1.9507798744741565
281,0.6018567768481241,0.4022732008605147,1.8575490427197288,1.8867418984629858,1.6940656236164087,1.9436012170138335
282,0.6018148558617509,0.4007200721666722,1.873659927393063,1.8951879704652705,1.6964713243142875,1.959013973682001
283,0.5991163472567442,0.3988162654681749,1.8821471227187496,1.9035129477264692,1.6982122937252828,1.9447985950287348
284,0.5984045471026674,0.39824429028675784,1.8905619463158114,1.9117669365195067,1.7015410225797538,1.9667404173665122
285,0.5985501294048903,0.39746497751595594,1.8913849360791661,1.9124304617339027,1.7263459042646854,1.989550961798863
286,0.5975247460513499,0.39823328916120476,1.890492702777997,1.9072839304500775,1.7324979559990663,1.9855332707005313
287,0.5962167379730454,0.39819688237534157,1.8838094505992098,1.9004746581381955,1.7526614610685098,1.9900013301429484
288,0.5988311459505561,0.39868350741635555,1.877182986790038,1.8937232450036294,1.739612208499035,1.9899847664216792
289,0.5983593326859333,0.4003549540020148,1.874640780879926,1.890491269145397,1.7381004245094507,1.98603178001898
290,0.6005037222605372,0.4006151020810344,1.8680391487761465,1.8764024255233984,1.7549683811747958,1.9936759485891948
291,0.5998320023452599,0.4014469294168677,1.876500733608072,1.884801493550442,1.752091860366557,1.9909616555949512
292,0.6006428186345226,0.3997003350601145,1.892130276219298,1.878422156162599,1.7538671405869903,1.9836375079642536
293,0.6005756569949028,0.40007976506002185,1.9071165305004834,1.8875282957580526,1.7557033517317493,1.9837595809472925
294,0.6028023219890103,0.4013203112477086,1.921954070288968,1.8816739847178587,1.7649768021351093,1.9913333818870371
295,0.6012958406068051,0.4011744077510223,1.9128073346467804,1.8848374556447824,1.7632848516719688,1.9799493551024605
296,0.6025393769678653,0.4007488637688727,1.898655403524833,1.8856187308160814,1.750320339335855,1.9948236591280426
297,0.606518751960564,0.4009805444076834,1.899408438480794,1.8864686339880161,1.752159870519253,1.9874473800805845
298,0.6056057290141786,0.4014419967852201,1.9001551309896243,1.887311378838957,1.7408095411076039,1.978461568167205
299,0.6035699462778039,0.3995487346574397,1.9005582180563858,1.881068759772412,1.7427315923461737,1.9786212884359349
300,0.6040634076994821,0.40045646800127443,1.8999541948080614,1.8758823479512168,1.732502534681135,1.9760982704628798
301,0.6024863522131455,0.3980912070474153,1.8937284355311568,1.8911678688772475,1.7343373567519176,1.9690192513561935
302,0.6028584358445469,0.3970279183222046,1.8871207610105332,1.884579125600573,1.7289081211487471,1.9618549231748095
303,0.6012474780525531,0.39747551815000554,1.8819979183236923,1.8913881908619172,1.7509242413508568,1.9642807972240988
304,0.6020320144372824,0.3977839461730695,1.8754900008414728,1.884810986233385,1.7677226698074093,1.9864768026600819
305,0.6016129301025998,0.39688275467773515,1.8699032814785135,1.8921645830488016,1.775939367922096,1.9800719768126558
306,0.6027731887062958,0.398644732694156,1.8569885555053438,1.8921036770418562,1.7845256908365432,1.9806462199031338
307,0.6024985503793265,0.3991194985169631,1.8619384659069067,1.88164306513021,1.7810602483836955,1.9858402273704634
308,0.6016079779685639,0.3996771256831104,1.8684301341864458,1.8917341618174648,1.7965011803855153,1.9941598391498863
309,0.6011934101235638,0.4003039787084797,1.87199568635605,1.911954860367045,1.8023278827926046,2.0265791039120633
310,0.60144253751706,0.40188542840693586,1.8737714638657248,1.9044292214341259,1.8059435581075056,2.0315528103516507
311,0.6003545433487497,0.40129749560979566,1.8673692191065938,1.897802343031261,1.8001815913027444,2.03117832505481
312,0.6001637081424065,0.40090943478647195,1.8692789399810652,1.9049313382272506,1.8007053371225534,2.024569178442975
313,0.6027921994918365,0.3987120993082403,1.862922338492474,1.8910015294819664,1.8021626791705991,2.0170770172214034
314,0.6034873731963056,0.39816357124227747,1.8715238554392477,1.9061132163481815,1.8036316865016573,2.0169579213711377
315,0.6024803940341248,0.39634778451565056,1.8715689556111734,1.8930951186014688,1.79776687505879,2.009536324235052
316,0.6060839880036184,0.39529920944850205,1.8870806948203518,1.8938803072022352,1.7846629799943106,2.0021733100302215
317,0.6048143567394481,0.39571227418719873,1.8898105594656154,1.8927457709449604,1.7816359844213,1.9994699010175814
318,0.6037713779801663,0.3948794688370096,1.9044589212881824,1.894231591093849,1.7963659920813717,1.986332573040168
319,0.6021268016028528,0.3943755637917023,1.9003625284289203,1.8997912533970398,1.8038759644448354,1.9876708671765728
320,0.6018714286486745,0.39275764174943495,1.9226254750005094,1.8935024689558237,1.7980386268697526,1.980498904685113
321,0.6014746985197825,0.39325222938167886,1.9231867677951988,1.8942750268077486,1.7932070748427063,1.9796827644405772
322,0.6022244554528622,0.39355809113924656,1.9094460296044466,1.8875976703597768,1.7804082971581618,1.9723864596735023
323,0.6016572116520674,0.3938469860279379,1.9101016166742024,1.8884114338380724,1.7819981597271455,1.972586650073939
324,0.6007861819868627,0.3933564520158663,1.8967126829901733,1.8815601151012398,1.775916509650841,1.9587457945573177
325,0.599746411529396,0.39373396117900666,1.8937318934510505,1.8861429443246174,1.7830117454103107,1.9607929739606167
326,0.5984735334223559,0.3923721210816493,1.9293285644307328,1.8954434594306162,1.7918358045190435,1.9683390783678743
327,0.5979438074046616,0.3931437206483184,1.9424530029775795,1.9052150736237379,1.8095653540989236,1.9883930562647758
328,0.5989044955707487,0.3919678336138371,1.9358417005393727,1.9129237189053145,1.8039113258585633,1.9955025183355124
329,0.5997147744460604,0.39196783361383575,1.9363034112611048,1.9135503572814556,1.819715324643611,2.009927744483182
330,0.5993364370815597,0.3939903159605782,1.9321700048266863,1.9115739632743562,1.8138221966281696,2.0026671342375786
331,0.598910349620946,0.3946018001042848,1.9254751116677753,1.9050269919504919,1.8106649237761827,1.9999605340116313
332,0.5945962431664921,0.39247544631588427,1.9260098182939296,1.8985335380148372,1.797673632488729,2.014310563632186
333,0.5954182910630839,0.39325036980661315,1.9265401578630004,1.8992608193714111,1.8125337723932753,2.0223012845906405
334,0.5943520116359516,0.39404410826299613,1.9370299288494455,1.9115000205428985,1.8105548784036574,2.0183023105793927
335,0.5938420834796222,0.39472045376853176,1.944753951083592,1.926319663860743,1.8166389079359995,2.020595911633021
336,0.59286815243338,0.39431107351858824,1.9451487521141992,1.926846200567237,1.8451138219876058,2.0433078188717677
337,0.594468939361286,0.3944111870582903,1.9385154775756606,1.9272542260550776,1.8461053421511893,2.035973778078481
338,0.5923991698964717,0.39341264515637814,1.924690076534412,1.913509139729032,1.8525603025204873,2.0303598239906138
339,0.5921348884066879,0.39318387808286503,1.9247517652741013,1.9074754286850624,1.8469608437704275,2.029668751070132
340,0.5911036349912487,0.39391087753985976,1.9230303496503534,1.9246264078071276,1.846834957826987,2.0235550477334745
341,0.5908654254368395,0.3950216096399264,1.9360877503099279,1.9339840245908948,1.8476577706615085,2.0378750164745254
342,0.5889842092424997,0.3948528846972545,1.9309113190601939,1.932979916607939,1.8558434142208176,2.044709455242669
343,0.5911495479746343,0.3954106038544152,1.917344474292368,1.9262234948299402,1.8570020442215538,2.051352922196122
344,0.592173151804165,0.3928803507191371,1.917930443224741,1.93383580709769,1.8651051105938357,2.0438995771947805
345,0.5933994487009172,0.3939847521264718,1.9179759140809554,1.927757954292723,1.859514022570589,2.0430529090051315
346,0.5920413839531143,0.3944478533521433,1.9097035654937078,1.9229715052824727,1.8516553057694298,2.0374507373870467
347,0.592148341342413,0.3962331417117255,1.9242573229458175,1.916668462628198,1.8470934851710497,2.0357283090985354
348,0.5907123146226351,0.39563505058970827,1.9169101920135894,1.9039558485144035,1.847352195992337,2.029236003508935
349,0.5926308819080975,0.3955394760530322,1.9111390792705514,1.9321523538096363,1.83446044226235,2.0218365016934836
350,0.5922444569314269,0.39613079395320033,1.9096774885263172,1.9347182511605234,1.8405860778689955,2.030817286689278
351,0.5935210698508591,0.39836167048641913,1.9076495264832631,1.9448814794550455,1.845830817061636,2.0264778469181524
352,0.5939431101267363,0.3981402246349334,1.908832733899686,1.9517681933797006,1.8458476085084141,2.013293480848008
353,0.5932593582547311,0.3983570852309797,1.91287849433184,1.9697791348415785,1.8550915004504838,2.026116548214377
354,0.5933965942307047,0.3999771939881469,1.9116494363864611,1.9718317895138906,1.8713549993231529,2.0457808347494066
355,0.5934291909537851,0.39869584385633466,1.9052571926433584,1.9650175630931603,1.8862804927738153,2.031436362829893
356,0.5918745511894903,0.3996317911701105,1.905920840068534,1.9652626054855837,1.8778719799443622,2.0264117942077955
357,0.5921305849050739,0.40165476757042406,1.9135769051331801,1.9725034131961712,1.8857243232180854,2.033224696713117
358,0.5926385015046336,0.40315147000518725,1.9097669617509478,1.9841004691501614,1.8812502141430512,2.0382654113668637
359,0.593411959949869,0.4014869319259207,1.924098907021886,1.9774934700337563,1.881990971273746,2.031103016325005
360,0.5957698091240095,0.39980647142190034,1.9315809232924268,1.9776747837122577,1.8966949465471423,2.0239821280612684
361,0.5965502203643112,0.3977362786523289,1.9250879999033548,1.9708605957964767,1.8905219815578773,2.030707957198659
362,0.5992477172696972,0.3984419670720804,1.9188413446893864,1.9778317425920786,1.8912842576971802,2.0304941431072754
363,0.599447166236219,0.4002107590720223,1.9124500089503462,1.9710300776481602,1.895153057072921,2.0271694425681663
364,0.5979274542182336,0.40046550575907053,1.9087925868393987,1.9615993624825985,1.9049634408395826,2.0387455687540825
365,0.6006482388114817,0.40005277683937407,1.9094179961411517,1.9549317214191406,1.9056309309561466,2.0454108153164476
366,0.6013377196527168,0.40201783465553,1.9150362601299886,1.9571892239509694,1.904340430336029,2.0401058147855196
367,0.6014823180676072,0.4039851802516772,1.9225529935650425,1.9644139175869992,1.9119312655115128,2.046756054282906
368,0.6030052372317058,0.4055936642571079,1.909772733158406,1.957212983971884,1.8997505790986253,2.0453803292199377
369,0.6023608975622965,0.40618204323240464,1.9091984185587723,1.9517927390183039,1.8890115585597127,2.042670220393345
370,0.6015575633992899,0.4052751869241237,1.9115019254204006,1.9711714438730328,1.8903369635497307,2.0487240561165527
371,0.6024369444570324,0.4049139514018892,1.9119735906045856,1.9646089445802857,1.9044775342665203,2.0419044305571976
372,0.5982569285145857,0.40283232153368903,1.9125804043922936,1.9579593718970543,1.8913489375861496,2.0554026454378334
373,0.5977191820012108,0.40409318927634846,1.9156379160305712,1.9557934078098338,1.898983832006549,2.0619077590090664
374,0.5971894357502386,0.4045500734605902,1.9162183076906187,1.9560975389576085,1.8975587221283967,2.0498423874765868
375,0.5945667202918281,0.4034639917926639,1.914028960741312,1.9522915526157072,1.8845787616935659,2.0359469583038834
376,0.5957096904880845,0.401403255759649,1.928351286563449,1.9663511665893523,1.8716392297042752,2.042566168920123
377,0.5954708891803611,0.4022885348865172,1.9338137359947367,1.9684701306962678,1.8706315155115163,2.037303201338331
378,0.5953089978991875,0.4021563957323305,1.9407614156247297,1.9621920318157793,1.864665682818822,2.030195283418377
379,0.5963830676693284,0.4020296035324773,1.9541491536801416,1.9494686216781574,1.852078368028257,2.022965954471777
380,0.5960966999399869,0.4022189041654455,1.9605564227650893,1.9505590875249985,1.8530899469852034,2.0228088991725257
381,0.5972872775415354,0.40209940364663965,1.954660926309807,1.9638936020574795,1.8406523171004965,2.015599024054344
382,0.5966092648379651,0.40176574829049627,1.9413204621808036,1.9504901253732199,1.830885735195064,2.012696782389901
383,0.5954257739844209,0.40044343918482544,1.97446039436094,1.958996616519962,1.8388953966494659,2.0194715287540728
384,0.5980840817753219,0.3980124267154151,1.9814456669131209,1.9592759034510514,1.8672379878207408,2.0261502163241722
385,0.5987537273027973,0.3990196675013533,2.000083788376691,1.9614546615252082,1.8811165035720472,2.0334106735769706
386,0.599094461891797,0.39953867151145667,1.9867471232024771,1.9546596612102993,1.8691071727555586,2.0392033181984335
387,0.5996462745415387,0.3999762657643405,1.984218583456747,1.991540657011646,1.8817897167176938,2.0339343404772228
388,0.6002756190656433,0.4030252020839073,1.970757399669236,1.9780297993733558,1.8911006440977756,2.0387633983608153
389,0.601935361856979,0.4022094314062652,2.0048423002123354,1.971401356333538,1.9121707208015126,2.0588327136122593
390,0.6031782010189572,0.40243524996840174,1.9912683775959006,1.9580538479265315,1.9059583725415308,2.044929678877966
391,0.6039903331123185,0.40487884541299474,1.993133624639414,1.949767573732714,1.9065944514480762,2.0446257834458637
392,0.6013022156448693,0.4043153042453198,1.985628482633712,1.9441444524108251,1.9207399176079887,2.0578389712669045
393,0.6016049973823026,0.4027262348578339,1.9790719053261456,1.9444247951195657,1.9079677675869886,2.0572551449943286
394,0.6007502554570205,0.4031866643249369,1.9743964754006498,1.9361290470239545,1.9066614096053103,2.058796023890772
395,0.5994160517661741,0.40102252043091846,1.9682438485934697,1.9496212459192708,1.9071529838256482,2.051800355677792
396,0.6004921425462025,0.40003806100829586,1.9751876365781815,1.9566903652669378,1.9011346938722722,2.0648249593660295
397,0.6004682281422606,0.4010349733017753,1.9933083420767543,1.9591976879098807,1.901799398964915,2.0643891191071093
398,0.6012299143447515,0.400742157059373,2.01245829980463,1.9537999696972543,1.889286946697487,2.0569788094936476
399,0.6013393508826839,0.401275519234067,2.0065970077613247,1.959887665614678,1.8851843335108722,2.074861791507205
400,0.6007296292008222,0.40086514733489453,2.030240510538939,1.9498752237106312,1.8977978278608774,2.069219316450729
401,0.6016139407156696,0.39848981839801784,2.043431006162416,1.9435143836952686,1.8917857241586098,2.0620592886454876
402,0.6015657607758867,0.3979031468480479,2.0437340950855583,1.9499884350573071,1.8986058464996267,2.062237774678063
403,0.6018830669504807,0.3967714217995151,2.0567061314218806,1.9504245937980424,1.8859681966097077,2.0550877484057795
404,0.6016826140222364,0.39717416795465826,2.060320936673806,1.9400857394656927,1.8818419022111752,2.0596085874662506
405,0.5993445099306542,0.3968037601328007,2.0706311898994096,1.949782078130298,1.878587177618951,2.0565840557526265
406,0.601486408271166,0.39506629813598926,2.070155162676074,1.9434589879989985,1.8727438718816567,2.062859323817401
407,0.6028849410751648,0.3983498940460346,2.0708492417107047,1.949330729064356,1.8602780610992486,2.049128020574317
408,0.6028214274971158,0.3978456064553838,2.0640484140439757,1.9559973641876782,1.874186666444624,2.049121423228853
409,0.6026457479786717,0.39806233240052286,2.0644973701933274,1.962058383403776,1.8617361817169633,2.035508822014715
410,0.6015323232302325,0.3983405914759969,2.0629655068998223,1.956777506870745,1.8549134410565975,2.023103988960753
411,0.6008072477866655,0.39904469038098594,2.0636901104720713,1.9625518790133,1.866850971305094,2.0252349258420868
412,0.601684783949661,0.3997995470994557,2.069079582703283,1.9569885997152079,1.866920914179259,2.0126332387473576
413,0.6025105525046925,0.3988900266643153,2.05591759794238,1.9765947239735069,1.867695839349954,2.006038751363018
414,0.6012458036189988,0.3983673227435124,2.0479040324361986,1.9645633541845682,1.877654634510063,1.9969145870258205
415,0.6009549688893605,0.39980531378758466,2.043646070595824,1.9621355860420848,1.8825062097900185,2.0060980873177803
416,0.6026865641900304,0.39827662670295394,2.0301699004348404,1.9557832076403892,1.8832866529086805,2.0126493023786143
417,0.6013122483958153,0.3974761266388141,2.0389815576629715,1.9470641223686438,1.8774656115080772,2.0059757415060537
418,0.602325412743945,0.3967585564463429,2.06478860917617,1.9410998076800956,1.891439576207236,2.019103644049606
419,0.6029743061206527,0.39605565644875934,2.083691894299651,1.928734836144594,1.8922339273357107,2.0254746958671315
420,0.603312638336306,0.3962702758798342,2.0839539060666596,1.9415321113366961,1.9048650772398914,2.019954707035401
421,0.6037953958061106,0.3993055186888589,2.080897987249768,1.937856841444017,1.9176666754349765,2.027338287376827
422,0.6041844555382503,0.40004708207837164,2.06822427661604,1.9372928894941006,1.9131063913665671,2.0388165330180006
423,0.6042397939499432,0.40167990231146583,2.0766907021513514,1.9418918948446848,1.913407163201474,2.0453814901639933
424,0.6069626879753572,0.4018827569140192,2.0891768029157682,1.9358284239467358,1.9269953286412311,2.0451514992568463
425,0.6069324774113762,0.4033826420313821,2.082938140561519,1.928828213980458,1.9200528667831556,2.039200661035734
426,0.6071613646099236,0.40308280835354837,2.081879578364879,1.9167476013502986,1.920833647764384,2.0452176537422964
427,0.607375268717588,0.4027938161677578,2.075843133988506,1.942366909445505,1.9148255438360704,2.0383979895101763
428,0.606840635935049,0.403745043520352,2.0675602491485043,1.9309767566998017,1.904885325505473,2.0356068742197597
429,0.6062289676606111,0.40324754279056957,2.060608724586184,1.9249146091101832,1.9116058018244602,2.0292738888691786
430,0.6074198275831203,0.4066848652219106,2.058937400723588,1.926680105003697,1.9144755656486911,2.033293798981047
431,0.6067836297001479,0.40746453050025294,2.05318457436691,1.92602780817325,1.908532764698589,2.026578847153992
432,0.6077925891523688,0.40769826854842683,2.0531289627168148,1.9327104687519356,1.9097164964249485,2.0388373843692595
433,0.6081123516910191,0.40877937098228495,2.061941696214418,1.9304751800252904,1.9128449679589015,2.04901456219843
434,0.6074135075014035,0.4100281513587369,2.065488989868354,1.9334561409143993,1.92272501951788,2.0523398725278508
435,0.6076850853898267,0.4085000754596968,2.0585924561053295,1.9597774424854923,1.9296978399395948,2.045528448355404
436,0.6089885124919511,0.40833646461511763,2.0962945340076184,1.954287467859451,1.9426755716310344,2.0327109085590935
437,0.6095814241587248,0.40982643178299594,2.0898615226827553,1.9539340195887114,1.931423918771189,2.031202129096963
438,0.6083757383213658,0.41015248211068905,2.1070613448397912,1.9751711204770939,1.9358831126956346,2.03343737675072
439,0.6091543396813872,0.40863894502286563,2.0934775253346,1.9817779952874734,1.9427432697409592,2.0203281968169997
440,0.6066136460581725,0.40808886944600853,2.087283541670066,1.9746065775686625,1.9411645009702485,2.0157045244244043
441,0.6062864736436878,0.40898151381563996,2.086721965728922,1.9747699569965351,1.938848467261339,2.0182980596781985
442,0.6075508297884457,0.4082056634645828,2.0925732229123506,1.9749509570585095,1.9392980206727255,2.0374064358723545
443,0.6072309085561308,0.40950508850119255,2.097907090978894,1.9756045834367242,1.9381079072417986,2.0323250595960936
444,0.6078089844678286,0.40999333743154903,2.0927663206774647,1.9866884559747793,1.9532361560734752,2.062289052519356
445,0.608519489800292,0.41186734348552345,2.079355366053935,1.973957274059761,1.9737434648585632,2.0673152255259333
446,0.6094530320228161,0.41351171940983955,2.0766207510568666,1.9635469147451303,1.9897771758654985,2.070224176607986
447,0.6097017237837417,0.41200219140761146,2.06973528862826,1.9893618045622483,1.9962379945105921,2.0633796230816057
448,0.6104082604347902,0.41247227735694375,2.070681103902117,2.0008165088725085,1.9926556979035976,2.079359113714208
449,0.6096941697620417,0.41309546885900467,2.0654855311133717,1.9991730756506003,1.9974470133587179,2.080490813118587
450,0.6083168705862456,0.4124682676402846,2.060251438353309,1.997618605415272,2.003994971567131,2.0865638467879886
451,0.6093437321225167,0.4123106174046833,2.0478296027069476,2.003301905760684,2.009637681976198,2.0739744043504102
452,0.6098390130201043,0.4133594180831997,2.0459267263921315,1.9921523211948207,1.9976485241123927,2.066340868124734
453,0.6098445483139822,0.414452498896529,2.0469355587292153,1.997258594783379,2.001419064038554,2.06216354169293
454,0.6090437170979863,0.4146786720691224,2.033935824435055,1.9845743503096391,1.9960123698477192,2.073519214764932
455,0.6106204735166321,0.41503790478033276,2.033972429906341,2.003453746449269,2.0028019999987183,2.110699800644666
456,0.6116343823458288,0.41689177214326884,2.0315297013724747,2.011997401069682,2.00638189104022,2.1064005194853306
457,0.6124359021477115,0.4180252762074319,2.0309896816151247,2.0059300123711417,2.0003500586471805,2.105386432427246
458,0.6124434960264015,0.4197181245830587,2.027811437897486,2.002549246734173,2.003450409036966,2.107942723293813
459,0.6118413572683523,0.42071532071624507,2.0233178180383784,2.0068510127986374,2.01606691027424,2.1198989216675495
460,0.6125218361181795,0.4211029278289336,2.036026308178739,2.025516254038509,2.009882664844258,2.1189120005819357
461,0.61357761608585,0.4234275699043004,2.0273337737059474,2.014901088372996,2.00550309149553,2.1098670045267776
462,0.6139505248969662,0.4224496578636157,2.0145611180264122,2.0022067613885133,2.0181301935283926,2.1280141621124584
463,0.6133916932808933,0.42135792318151705,2.033351250397588,2.021074651170162,2.01267999580067,2.1325445380331365
464,0.6141988251792778,0.4223302658347845,2.033141549890129,2.020942141444373,2.007297814936014,2.1370136002316276
465,0.6123012568621786,0.42128659407472474,2.020370674077072,2.0082478943983895,2.0119195211467313,2.1314854234962186
466,0.6132674561305815,0.4201426199630062,2.007692700932487,2.008196138260254,2.005569652505862,2.130660342886328
467,0.6127441042539513,0.41992006680395266,1.9964750332098427,2.0005077993010296,2.00063409467779,2.128473101141797
468,0.6151680319427729,0.4213160426508121,1.9903737563322252,2.0066279712963624,2.0192089546519134,2.127877308514285
469,0.615468072902813,0.42209722303162256,1.9809196291991873,2.003588304785248,2.0182147834594524,2.131450669318014
470,0.6151851854746069,0.4219537664619635,1.9817791320655547,2.009075650365709,2.007082614067822,2.1291489354921915
471,0.614919869731525,0.4222900508498364,1.9895662690393248,2.0075893898640493,2.0038289379234078,2.11906446185025
472,0.6138367763484763,0.4224698047329408,1.9883160240882243,2.0026198413634817,2.0001981710884174,2.121928676787008
473,0.6131084548830027,0.422770380433318,1.9926855861863801,2.010769362036941,2.0124457048143216,2.12761403618303
474,0.6116296754861497,0.4228082402660417,1.9927311189428527,2.010702321977206,2.0061431568735424,2.1205945570268194
475,0.61243425309255,0.4238829994108494,1.9827148011118227,2.0144784371875812,1.99366725236965,2.1074068963684587
476,0.6115742126102186,0.423177437163516,1.9838106379161249,2.0258253074137085,1.993706595418104,2.10673961654391
477,0.6111023173608521,0.4232871319351094,1.978522874954184,2.0310532656008324,1.9830889624953376,2.098114577581851
478,0.6119793299580781,0.42486070034741463,1.9774245577798706,2.0258919866082703,1.9807308544478643,2.0875687617164704
479,0.6138960219041913,0.4242566855315073,1.9714223318900406,2.031873669739754,1.980902174134559,2.0993624422218202
480,0.6144283557853059,0.4230738258319899,1.9715991657540706,2.031676440765045,1.974832514391289,2.092559770013668
481,0.6144240777706277,0.4223123300122566,1.971774729747714,2.0314806281210585,1.993533038491261,2.1105325455189923
482,0.6147167417385129,0.42330903024345895,1.973493599947283,2.0420925957899145,1.9866252214718212,2.098271296734815
483,0.6141296088457093,0.4230113419542966,1.9631473807309228,2.0400040626489715,1.988538041819684,2.1081765961848853
484,0.6126050072772558,0.4228685434451716,1.9633745082887286,2.0397575123295644,1.9917547752255431,2.1228531937697044
485,0.6114561512570887,0.42158474057749473,1.9576142189488515,2.0393415459386497,2.0034347627706386,2.1104675681722367
486,0.6126536707665993,0.4205846812825348,1.9636656823371568,2.027157989013558,2.009564454293134,2.11593892042448
487,0.6107277660179661,0.4187315152675616,1.9515996040819474,2.039280452783152,2.0033610243200637,2.1152265139801196
488,0.6091998741466136,0.4187711417594738,1.9437052622808157,2.0288151914259522,1.999275016281444,2.1185883391983347
489,0.6075835046411673,0.41717939935956266,1.9440504837515378,2.0286384853399797,1.9985709248147383,2.1063048608893675
490,0.6070548550243778,0.4174839858527074,1.9443932452554944,2.0284630384198925,1.9967126497097165,2.0952681113676923
491,0.6055268373079413,0.4163157137500174,1.938613432909012,2.028288833390475,1.9906126207877421,2.0885649236064725
492,0.6054495858096198,0.41370014585919773,1.9451027754908337,2.0342298984521836,1.9967707057480504,2.08803676910531
493,0.6056405158677793,0.4148738731826919,1.948079987093285,2.0313789210728377,1.9993475386609119,2.1032656776125136
494,0.6048984740947992,0.41351180517024905,1.9594059690323857,2.026280084759651,1.998953373304556,2.0969319601060006
495,0.6056592334542221,0.412231542309126,1.94750286322061,2.0260790260772708,1.9929049070977851,2.10239593722055
496,0.6062462224507468,0.4109788858555539,1.9659155514225355,2.0260960632680045,1.9988618815792591,2.089769000876618
497,0.6061660474076747,0.41047238775694544,1.960293639540249,2.031766572730679,2.010781600837856,2.0894771526773313
498,0.6057231578833393,0.41136805463636456,1.9544575035857523,2.025496063644891,2.0072063394960664,2.086365647197452
499,0.6049828609622464,0.4112865316011763,1.9455090833143098,2.0224234434510575,2.0010918658757477,2.0797707568144608
500,0.6058643112304932,0.41131981965225695,1.9456689977699542,2.01639272145525,1.9950199383284604,2.0732216176707166
501,0.6069054069196652,0.41150173266041007,1.9338797139423904,2.0041749053065034,1.988954218711476,2.0606961120604605
502,0.6072405702059709,0.41121613034662213,1.9285898049467167,2.0037865932377272,1.9893841215048704,2.0660188546167477
503,0.6067714664927449,0.41184883451614335,1.9210725495322318,1.993571364068833,1.9894483212609513,2.0656196389737778
504,0.6059750053184163,0.4130985975408477,1.9123189660947149,1.990758403976007,1.9941272607279834,2.066649122620579
505,0.6033939005026293,0.4112516246137996,1.9119131249956536,1.9857141227962711,1.9918676513971993,2.0806120547671996
506,0.6028350326740711,0.4107876901873606,1.918473226569077,1.991829276403761,1.993091289096897,2.0970387251918186
507,0.6033138950052223,0.4104704885429562,1.9129412644335029,1.9858554909483972,1.9982926160501258,2.085271547664804
508,0.6043784841837507,0.4086515125881277,1.9134580693652938,1.979930645966803,2.016346796953934,2.0967994516380366
509,0.6039790817225322,0.4095203140016953,1.9063296804642589,1.96966698019287,2.016248537155635,2.096217593901824
510,0.6019818229122654,0.40780925896861764,1.9008872108036077,1.9638441728476093,2.0103735412623704,2.095412280044735
511,0.6038367413296215,0.4056986798602017,1.8894838761827133,1.9700600238193315,1.9983134031996215,2.106837813849192
512,0.6023397245623985,0.4052603371442356,1.888633324296098,1.9657593653185517,1.994832570781184,2.103695962345365
513,0.6023117643014031,0.4033428637170715,1.8953223346018166,1.983889972972683,1.9829601595327682,2.11497848642736
514,0.6016217177487599,0.40228792954095227,1.8959484100375057,1.9839863267856166,2.0170635740852507,2.1281371739312562
515,0.6031609078497863,0.40177677139211976,1.8965544031353112,1.9781227184030403,2.017008766441489,2.1452494240808475
516,0.6011740445996139,0.4014893666000809,1.898490491924886,1.9829037200535442,2.0157966415702013,2.14549302430811
517,0.600832325509065,0.401956526071147,1.8931327321352924,1.9770425984549587,2.012033565080572,2.142331419750776
518,0.5990931568268731,0.40170754011465476,1.8877980610329372,1.9712364335286532,2.0179398572401896,2.147436733419254
519,0.59974521458174,0.4038091849938565,1.8893214881549933,1.9646007601312723,2.0178330943931364,2.146559314763728
520,0.5993440667091238,0.4030279319964387,1.8840342891703976,1.958866010406415,2.024138468772176,2.163057415659841
521,0.6008809794425576,0.40219319005651344,1.8964344087714518,1.9473989472820157,2.0357065602631743,2.1503776078617247
522,0.5996314534966706,0.4017203964893546,1.8930853954504627,1.9516745483604159,2.040443115963198,2.150470280911437
523,0.5982332664187211,0.4013387211312758,1.8877917241229318,1.9460335958877182,2.050195203322826,2.151441367319706
524,0.5972137189749481,0.40134944005548523,1.8825346901481443,1.9404316842909577,2.044610377857537,2.149910735290881
525,0.5969731933049933,0.4022067577382856,1.886944492242823,1.9429846877486858,2.046547107674752,2.152738861057264
526,0.5958008393099783,0.4013160265394993,1.8770984160346655,1.9479261804088155,2.051746642551361,2.1522712586866084
527,0.595084498331869,0.4011638073466734,1.8822308402193677,1.9438267645261755,2.0558602068538696,2.1469688914218135
528,0.5944868588218238,0.4018871207559723,1.8879473861945564,1.9450339354261594,2.0496329642327553,2.1402043049417756
529,0.5937943321465803,0.40302511931801344,1.8867646489747656,1.9413087977686405,2.060761301592279,2.1574171514835387
530,0.593525245674296,0.40239145132785176,1.881935292187704,1.9589222221859346,2.054810245859298,2.167970047695732
531,0.5919577702128054,0.40253908087827894,1.8885041030942658,1.9650495287845264,2.0515450712718875,2.1640450704551335
532,0.5911139972460966,0.40317762769581156,1.9012313096874884,1.976679747980191,2.0484669702816842,2.1599824432076717
533,0.5894770967022095,0.4026281693418345,1.899147467085666,1.9736116415213794,2.043955042776856,2.153826239520751
534,0.5885400849898639,0.4019011922480108,1.8938761678333493,1.9679037921353013,2.0432433449520557,2.147515900141676
535,0.587210284880136,0.40180674483252093,1.8857452755543753,1.9592741180372206,2.0429248749563262,2.1467175163706105
536,0.5872055743214339,0.4020953102244547,1.897485780977233,1.9659928966193974,2.0426737347235773,2.1458591010420642
537,0.5875144394018852,0.4023762722595231,1.8989097343230943,1.9770568916469455,2.057897386780245,2.1353784717918276
538,0.5876144012702261,0.40356921815854335,1.8948623466897194,1.975989379499522,2.0623652368452388,2.153138651817358
539,0.5877645204714371,0.404573367249129,1.8924305872654419,1.9850078141391185,2.0580269633773876,2.156219826333748
540,0.5879970484386846,0.40574674890371487,1.895450753624692,1.982701873353765,2.060446767331889,2.1700339505276687
541,0.5878446785016025,0.4040986677340393,1.8903526173901128,1.982687705362681,2.0600949240991904,2.1690440844032
542,0.5895011569561582,0.40520086037530606,1.8860261366264623,1.9935684024007247,2.0591776437532463,2.156997050708271
543,0.5896472176111756,0.40566177607858234,1.8813938722479668,1.9930901993973253,2.0535393979107077,2.155569482820267
544,0.5916981435975243,0.405155118041312,1.8936759277733644,1.9989493232813136,2.0416502479248453,2.154636967941395
545,0.5911983994831514,0.40405554453815096,1.9000908570032813,2.004753833377335,2.0522685998101458,2.1486871805578147
546,0.5912558028361725,0.4040372684358524,1.910846045530703,2.0003424659334996,2.0577584498663817,2.1536185141917468
547,0.5920730443614945,0.40484365058511745,1.9178031948539587,2.0112597515867088,2.0542549697094894,2.16747245641863
548,0.5906354062797748,0.404322814474657,1.907724599301952,2.00440529175608,2.0491685898131924,2.165495974703504
549,0.5897193352133607,0.404484125281129,1.9066718541501626,2.000190240067166,2.0473019226157336,2.160352802317805
550,0.5898693093149322,0.4038743457369232,1.9014408126068698,1.9944196443736544,2.035841832650724,2.1590758326774915
551,0.5894712486403229,0.4044776971341724,1.9052545812232888,1.9969698396101268,2.0363629183107927,2.1574312939321576
552,0.5893144192226925,0.40284479470396,1.9001505946861592,1.9968788444223948,2.0361535963510273,2.156524821859378
553,0.5901484781517452,0.40168596282069613,1.8892586865937997,1.996858630283341,2.030231585228203,2.1613385051951806
554,0.5897203223320631,0.40182788713153766,1.8846211124754129,1.9964041611858356,2.023838873367157,2.1493909673880176
555,0.5874386703239212,0.3998331534691935,1.8852834706639685,1.9906840812870605,2.0179613016899745,2.1542740778954745
556,0.5866205792186324,0.39955841265103104,1.8794504754122077,1.9800234464617021,2.024349186698882,2.164103379888686
557,0.585690069053203,0.39845921245233473,1.8744118814537323,1.974408644543275,2.018480442615911,2.1574339431254796
558,0.5881327021418215,0.398674283951232,1.8864089101522536,1.9690004217844739,2.029709168021927,2.1566454196177767
559,0.5879187831412953,0.3995308475722751,1.8870584019203192,1.969177671345962,2.027178439659216,2.1581106086782817
560,0.587280964254269,0.3975983863637098,1.8877035345652773,1.963641640642564,2.015599262634181,2.1629195571892224
561,0.5873285757801433,0.39661827879838224,1.8826379596243068,1.9581427339052995,2.026923010104166,2.1505771132520155
562,0.5868613649542609,0.3961662467317314,1.8890076806848786,1.9640820265697627,2.0210689223849068,2.144018220225247
563,0.5865871595742289,0.3961102597526368,1.8879677260092738,1.9545686723404097,2.020142103161263,2.138382085042997
564,0.5871740511844132,0.3957351050968661,1.8886051098714196,1.95482714424368,2.0088250591543826,2.131729375833328
565,0.5895978857542065,0.3974972330130529,1.9003151152616409,1.955374210458896,2.0140230199438793,2.120048958183285
566,0.5902782116668418,0.3960643733452069,1.8952031974259065,1.9499496714464344,2.008287982639528,2.1250227454268042
567,0.5893358961473152,0.39641149759215966,1.9109387418273247,1.969125931752599,2.0120149068166833,2.126211895680479
568,0.5896668994265637,0.3943560817778069,1.9114233915537648,1.9636543284802255,2.0063403154398833,2.1367697907409933
569,0.5900054818972562,0.39452895179659814,1.9062639035111117,1.958199165675408,1.9949826168818128,2.1246737715309076
570,0.5893753814469294,0.3946648881053149,1.9098998494931256,1.966640224289968,2.0001098112114533,2.1188698898857994
571,0.5880928520365528,0.39383369201436197,1.9214435853932692,1.9727427937087538,1.9896034809190695,2.1230544302664547
572,0.5885635796924501,0.3939423315336858,1.9271426035129045,1.9676409829230266,1.9844065097138193,2.127615565882398
573,0.586500473856284,0.3931562376543728,1.9275533963949492,1.9678234332235605,1.9908289091944413,2.131841264249325
574,0.5881945022369585,0.3919359381433251,1.9279475188602193,1.9623859408948385,1.985233942484729,2.1198472336505465
575,0.5877785615205248,0.3911597081277783,1.9452341077438982,1.9794787431009884,1.980542472217146,2.123947407024046
576,0.5866309685910681,0.3907094621173748,1.9502044986230642,1.974931573243002,1.9755098747374549,2.122771198090602
577,0.5860140013414207,0.3917463343240254,1.952844221161172,1.972712271989511,1.9812632123631522,2.1276975447170052
578,0.5870464651970143,0.393910426456838,1.945603965057123,1.9635395920072878,1.9775795425134193,2.1195504294385348
579,0.5875666249890974,0.39408731036755484,1.9452596870683179,1.9531839117946956,1.9724251870408653,2.118555826233808
580,0.5871298128050016,0.393380502299503,1.9453573906606316,1.9480558371678363,1.9622167567394928,2.1282548553282687
581,0.5861119413629639,0.3919268898234373,1.9398803890312917,1.93734885747259,1.9514305695349312,2.1217548373107626
582,0.5865963314012038,0.3938887751893635,1.9346285283175915,1.9321111424430575,1.9505972519599142,2.127767006585928
583,0.585924994392395,0.3938305393519837,1.9336256349789926,1.9282757112904156,1.9522174521220723,2.1313002303100483
584,0.5859753122908788,0.3943342231421565,1.9340492989489444,1.9286221727559818,1.9543195109546472,2.132886177263975
585,0.5852941398400173,0.39488966255859637,1.934416714170406,1.9290198228155924,1.955358640177332,2.1313652731854575
586,0.5847584765134031,0.39599465310361304,1.9271486402591123,1.920351468329334,1.9465436974537604,2.1230010845133367
587,0.5851658898321405,0.3965196607952673,1.9275536885474251,1.920794308401703,1.9468414736950697,2.122322385886621
588,0.5855248085621642,0.3972065811437762,1.9324477296069371,1.9167425987522284,1.9415823653577289,2.116088591549575
589,0.5866329227535771,0.3982756193371348,1.9436617306915809,1.9230118699010543,1.9416480422203863,2.110154090103356
590,0.5860827637697179,0.396907669177117,1.9384307562427596,1.9178953632648548,1.9419715030436975,2.1095434759276372
591,0.585989948645613,0.3973241641928637,1.9387717102353843,1.9183500367673947,1.94198393548559,2.1087662579545468
592,0.5850451636744309,0.3979682367594267,1.9350380197694161,1.9228741579303688,1.9385206887527795,2.106416547219328
593,0.5848915225732259,0.3986740661103251,1.9375785241241674,1.9266455937376161,1.933721705448629,2.099913921633652
594,0.5859592772662656,0.39856325111700164,1.9269732946176192,1.921437029317816,1.9285664975950914,2.0938411385021434
595,0.586604527896937,0.3983772693752652,1.94281769759207,1.9174599895676148,1.9182055622614127,2.0875316047936767
596,0.5871569488063545,0.39854867255406856,1.9376226657380111,1.9124046815448643,1.9135575655866952,2.086637876243328
597,0.5876706357139181,0.39715587103352856,1.9324614229197155,1.907382253779324,1.908528791754745,2.0806563635406183
598,0.587929564990543,0.39800475789366746,1.9273337209733217,1.9023924647816637,1.9114039232680966,2.072341894588252
599,0.5881730795640323,0.39789865448380735,1.9278236028467315,1.9083316075862287,1.9172935632288313,2.072035161081396
600,0.586732493528604,0.3980536664571907,1.9367725205749222,1.9167462382111364,1.912900664577665,2.0655104996525777
601,0.5891465527490566,0.39759439252916856,1.9262004252848561,1.9336040670811254,1.9133781980965825,2.0651513297572746
602,0.5885921377925383,0.39725707855877795,1.926876823765886,1.939172691675684,1.913852638793967,2.06479448608005
603,0.589520538402496,0.39772445616333213,1.922473947357974,1.944308501826725,1.9033806559342341,2.053496598233927
604,0.5902762496407862,0.39838152707922947,1.9275212724567028,1.939989371535626,1.9030661411884167,2.043114415382972
605,0.5894433623203441,0.3979609501702007,1.9227214037758833,1.9509734749740202,1.8949650857942137,2.0405915639628547
606,0.5902672621989014,0.39807290250610095,1.9393257319956405,1.9623346086036895,1.890449009863116,2.045459196816539
607,0.5897581487299777,0.3982602166378577,1.9518095478251325,1.961286394947418,1.8855962167312141,2.0397616717350755
608,0.5901456881965287,0.39938033901483266,1.9487357621961663,1.9702777064419008,1.882180177572906,2.0435840914039174
609,0.590631770186332,0.39800609873628656,1.9435756406447022,1.9650004194422772,1.8773820482779824,2.037908095063339
610,0.5910752534174482,0.39730488321784485,1.9543609756903795,1.9547118371686596,1.8672783427485014,2.0321715462629335
611,0.5904339494721412,0.39816072583400286,1.9582929794135457,1.9567014711982351,1.864961316476046,2.0296062885723694
612,0.5899169771779033,0.3985075071189648,1.9585191420943786,1.9569362640751233,1.861889667363123,2.0278270083957137
613,0.5890850646737132,0.3980035650665821,1.9641610861407581,1.9625867829398964,1.8574987897694248,2.027398083884863
614,0.5892917985325141,0.3983051537907481,1.964355039822253,1.9627892564638951,1.8543091366870714,2.0366224722119974
615,0.5880637052109414,0.3986926252212137,1.9669443256604393,1.9660002673076444,1.8598899503379536,2.042444144894246
616,0.588725506018581,0.3974979325939831,1.9670768280580695,1.9554279210223084,1.860669701187709,2.047592893354984
617,0.5887910872466453,0.39821612363287934,1.9618588616123127,1.9502728075002065,1.852584607330168,2.061568573135542
618,0.5892281869055715,0.39840860055921057,1.9728448785731267,1.9613212757724567,1.8628024840352377,2.0572036431923877
619,0.5900953733178176,0.3984843645566193,1.9676062776799523,1.956144727481145,1.8581564423454984,2.051510784987061
620,0.5909611820932904,0.39824414207735576,1.972945598259576,1.9512155841279788,1.8588122898634012,2.045961433221189
621,0.5885456041640086,0.3971184918157079,1.9715948400601997,1.9529739052614554,1.8541980756982246,2.04036781440509
622,0.5894495744648797,0.39757555682669643,1.9670539158518487,1.9579197969630946,1.8442434494630207,2.0294136993938907
623,0.5882926738836101,0.39791367215180967,1.9706168604862384,1.960122573308648,1.8504421535067461,2.0346192742404043
624,0.588747596751569,0.3986480707135767,1.976524999777238,1.9706594387542624,1.8409202764916224,2.028683079898858
625,0.5892308874789673,0.3976105525003612,1.9712980381135854,1.965463873176332,1.836475617793447,2.0338257015371393
626,0.5889481574293255,0.3968000661094791,1.9712682645334245,1.960484533187262,1.842514354436327,2.0338283895810507
627,0.5891762008529654,0.3981845789983894,1.9714217471587006,1.9606956216400457,1.8486975499079534,2.0389896009376094
628,0.5895728643908298,0.39811366034549905,1.9718188038467217,1.965997406583353,1.8390763731444586,2.0332004027472768
629,0.5901931423178106,0.3974120267562171,1.9718529063849861,1.9556323279774546,1.8345449809059244,2.02241897921327
630,0.589913888013252,0.3978313636181888,1.9705397911168014,1.9573316509419438,1.8392890745749122,2.029088520151557
631,0.5899015509745004,0.39862231721241004,1.9663231154866294,1.961932093399121,1.8370104916638672,2.0214264668274637
632,0.5891951126654346,0.39781887864442106,1.9609468272096444,1.9517438946448225,1.8325615492146436,2.01599730241809
633,0.5906262121728518,0.39739645528703454,1.971605219047564,1.941549111948072,1.8280984519837056,2.005334655811637
634,0.5901553677995913,0.397715660416615,1.965092551783477,1.93260849502263,1.8224769217748593,2.006535109344018
635,0.5898905209027947,0.3971861392335551,1.9807073371435628,1.9334338927692236,1.8187667562037253,2.021775539066438
636,0.5897339159600453,0.3979426402028382,1.9901864502262439,1.9402914955416586,1.819276716367126,2.0326978736228756
637,0.5892730912357126,0.39853022211487243,1.98787183945142,1.9429737922463435,1.8246159016793526,2.044007861280988
638,0.5890323682070843,0.3983237026606882,1.9864319490574256,1.9342120971229704,1.8383850710308391,2.041499832529269
639,0.5886865818324432,0.39914213284534394,1.9954112197212464,1.9520426820489496,1.8351697257742507,2.040070969462093
640,0.5887517296727054,0.39984281934744026,2.004481655967127,1.9432493173981646,1.8269926237620215,2.0489059186253575
641,0.5872997904494383,0.399593500070861,1.9974127762923404,1.934790570362338,1.8261917620852728,2.050360932621117
642,0.5884592872987058,0.3994991303887197,2.002599791625144,1.9352227163184132,1.8218440197017811,2.0448335248759775
643,0.5899750084321996,0.39845393230693466,1.9973257453754447,1.92505225015898,1.8122728496329796,2.044591329970167
644,0.5907103491231608,0.3982048452490253,1.997416751981193,1.930620779263046,1.8080838570416733,2.0442801810027955
645,0.5917449010158029,0.3977728754539593,1.9974303053159173,1.9309847860462583,1.7986362684090238,2.044009109384372
646,0.5904687138435344,0.39822607960799883,1.9998118309886572,1.9342198456015511,1.797323635607567,2.040905116361187
647,0.5898323517897254,0.39816058779866764,2.004739347623465,1.9348738911754084,1.7934583835675793,2.0403813277412652
648,0.5915287017726792,0.39682744431349115,2.0047092786637895,1.9299889286646188,1.7893184314408803,2.0453904505158027
649,0.5937592145839219,0.397022390395199,2.0150200889234733,1.9252450455679635,1.8007934529319174,2.045230549325719
650,0.5936005121104881,0.39651884954107025,2.010375249263261,1.9249812708032068,1.8103128598178693,2.0417442900643894
651,0.5938630468624646,0.3971981965843711,2.0049732545493235,1.9307203967742095,1.8073575347224957,2.0402559371919504
652,0.5942963890952823,0.39870127980332826,1.9973388975217008,1.9230597097750013,1.8003395716021393,2.03243775642692
653,0.5939758615571012,0.39853489934241787,1.993246144838963,1.9327715932304885,1.8065835908347239,2.037473743698082
654,0.5943528682235174,0.3994711182594046,1.993987934721627,1.937614100466917,1.8030963369821968,2.0365722221409417
655,0.5938815954766717,0.3985243208682374,1.9992135845433836,1.9431325796960857,1.8137694538695042,2.0319325892788425
656,0.593413586585696,0.3980217043848808,1.999510706122013,1.9483238658640967,1.8058225926245037,2.045869366727165
657,0.5937622041060048,0.3990919358978804,1.9963011559901334,1.9569878859409735,1.8029598113353063,2.0495009831527353
658,0.5937492372639505,0.3983932699131402,1.9912489441415342,1.957103146619772,1.7992313668656106,2.064351234603718
659,0.5937913494446438,0.39850401026533344,1.9905159203563132,1.952929695946174,1.8082825523553538,2.0611795141467386
660,0.5936438478806837,0.39963643375991276,1.9905649389485158,1.9531729794408255,1.8133967043516526,2.0619085625466753
661,0.5952811755898274,0.4009125581052323,1.9802869606166709,1.9430880687864451,1.814360201995863,2.061588907130286
662,0.5949951111128522,0.4009411650499735,1.9766631338731655,1.9471071414302146,1.8160341049074906,2.0657130685160476
663,0.594597686223574,0.4006733960500728,1.9767833894686926,1.9473796999722164,1.8309986258828463,2.066817001146669
664,0.5960435561863381,0.40148937280423513,1.9866293116763873,1.9430720577085507,1.8370165053599978,2.0716209157883156
665,0.596830137596739,0.40109496218070867,1.9916147142341483,1.938448182398383,1.8378547923619004,2.0712526352412826
666,0.5976267603280893,0.4013212459346939,1.9925529922073464,1.9635571885071146,1.8533844559090193,2.0664651311544544
667,0.5983324756531074,0.39955868715651904,2.0028561338478545,1.9586117696973624,1.8490044942517965,2.060991541436622
668,0.5985134926867756,0.40001125663447845,2.0065293076837616,1.9859001437854222,1.8446513678908245,2.0555514875192715
669,0.5977576859152702,0.40058141434341693,2.0172574468997593,1.995699604166322,1.8431445791977297,2.0524472522645514
670,0.5977627446948665,0.3997001027685991,2.0222862187665576,1.9957216157356559,1.833720026898115,2.0521788873258484
671,0.598564677996544,0.39914861324173423,2.01722240618666,2.005805344033085,1.8244001488716899,2.0467461512061553
672,0.59908062478477,0.39831472318320393,2.017134453737822,2.0057756969432115,1.8201900512158893,2.0414005632370977
673,0.5984833814295184,0.3979909555476555,2.0172853432785285,2.010609682893291,1.8211073979751042,2.041189347602116
674,0.5990935740230777,0.3980831534928685,2.022521949552401,2.0205208801530175,1.8222471978885895,2.0458480324424637
675,0.598755374813182,0.39858097730317316,2.019261985120246,2.023561689254116,1.8180606734874116,2.04052303003564
676,0.5981329308940034,0.3968668173971419,2.0191640095108077,2.018355368119638,1.8088133357387395,2.0454033858357485
677,0.5990297794164845,0.3975514622985262,2.024697688317473,2.032956603691651,1.8151410997046324,2.0550606344530533
678,0.5988480771381188,0.3988133027183036,2.0235638993179865,2.028721409090947,1.820147397817649,2.0557895452895774
679,0.5989117310837009,0.39991956036958465,2.0269305896071113,2.030160806153677,1.8280318501722157,2.058676723556391
680,0.5988874452598139,0.39834974627075825,2.036826560845926,2.0301079400500712,1.8289031121645332,2.058379458297444
681,0.5985683634371929,0.399097558042937,2.0399314639788386,2.031725380579899,1.8393945567569572,2.0585807011696287
682,0.5983550513797703,0.39958138780716346,2.0472032435749856,2.034203395977752,1.8415257957869,2.0620213518650963
683,0.5984355248656565,0.40102646669639036,2.0443681085330994,2.0315763523674533,1.8400143948936147,2.0589689413693453
684,0.5963124143474418,0.40013666481452276,2.037012381428872,2.0385488678442925,1.8393416524119888,2.050059517823983
685,0.5974032744493049,0.39913276223341493,2.041845611436674,2.0333347409615596,1.8351211614173877,2.049796624447217
686,0.5977749617867489,0.39939897080367454,2.03247591559165,2.0372899748699065,1.8362557224058529,2.054277465741016
687,0.5981973044456933,0.3996893785231085,2.026892238875923,2.027430179512687,1.8463622226138323,2.0547833356486844
688,0.5989091181372029,0.40070846684076455,2.0308655623988296,2.028209644507458,1.8471343757011438,2.054508005437105
689,0.5982822662017456,0.40109135161205484,2.027307354786646,2.0214296906436098,1.856157740199742,2.0560200307219865
690,0.5984479219708508,0.40134656747688047,2.027170387629941,2.0213222044436665,1.8530966514974105,2.064537375399356
691,0.599231424944022,0.4015164624658462,2.0367958943926863,2.0114537135494746,1.8440710963614841,2.073975645623907
692,0.5992212531522539,0.40172166838253326,2.026978368217923,2.0110182363824283,1.835029228917038,2.06841053223733
693,0.5986711654327984,0.40130516546294503,2.0224146660881392,2.0103911915683867,1.8397110490948814,2.0642115843187554
694,0.5983424844233224,0.40243738566827447,2.024814914701585,2.0128227912149277,1.8355160729325677,2.0588950623643436
695,0.5972403875954209,0.40252290284097947,2.0264661570328286,2.0209651976703498,1.8263554812250191,2.0486196431994705
696,0.5977391968575282,0.4026503560162343,2.0278983309850855,2.0392395674655375,1.8268301985264173,2.0437825132204765
697,0.597218558386238,0.40348859162146966,2.027759375732326,2.039044124088718,1.8227119450263483,2.0385836694965276
698,0.5982296176870102,0.4028106843141008,2.017858915760305,2.0386605941969274,1.8185236721318174,2.028534722887768
699,0.5984394504539313,0.40310819762875844,2.0277117850295276,2.0484100620383474,1.8194257585413882,2.0283928818773167
700,0.5989523555135744,0.40330015077770953,2.0226083193397386,2.0432038117467948,1.8304026248822725,2.043000990992814
701,0.5990155658442589,0.40368631997016374,2.0367927664864176,2.0485364365469487,1.8213221994140893,2.0328658884869775
702,0.5974104626037294,0.4029247543368263,2.030120854750045,2.0399176688480996,1.8206740779463655,2.0292807159286896
703,0.5970959629323065,0.40243348519292205,2.0202887822603035,2.0345500487537365,1.8413658558890378,2.0489396592074387
704,0.5971067099152493,0.4027818163295719,2.0198654572988364,2.0248100806509073,1.8474194703633628,2.063212714068141
705,0.596747992648494,0.40350794453847727,2.0278564559856385,2.0413037650133083,1.8442816547244045,2.061851018003887
706,0.5974061848495651,0.4019528964538724,2.027687110330089,2.031259431389626,1.8352098512250623,2.061513870188991
707,0.597088024677312,0.4030635241528975,2.020138317310395,2.0237239060901686,1.8310912531759163,2.056279318718497
708,0.5958273365638291,0.40315867977231057,2.013847946875546,2.015019344631054,1.8271302909646188,2.0607986296724263
709,0.5949341234831126,0.4027325184408706,2.0173787912617724,2.011346433885822,1.823059699707637,2.055578072195372
710,0.5917835938512044,0.40110170437904286,2.01926052585078,2.014239915368779,1.833759502426012,2.0602242659860037
711,0.591155955263884,0.40151543277484475,2.0184216417234913,2.010002733151302,1.8372055539673084,2.0671219721145215
712,0.5916224950213936,0.40235940557598493,2.0171406394235123,2.001331030041831,1.8287863936039201,2.061290704097299
713,0.5916352665210594,0.4021362039583972,2.0169024925700296,1.9965769192900606,1.8201304611044964,2.0606820179240843
714,0.5917669649337437,0.40345851185979376,2.00975405238891,1.9889689068208714,1.8177241869999738,2.0587751158411924
715,0.5924712957719636,0.40311327475486824,2.009889072741982,1.993732054768573,1.832560683621017,2.0543266171245906
716,0.5938203807278523,0.40143816771739477,2.0000666812466004,2.013310812983213,1.8236049051653347,2.0442870579437185
717,0.5940767410762342,0.4015931460968325,2.0011934904314734,2.021882987010409,1.833103251331588,2.0451979767506616
718,0.5948375476645925,0.4019450164996263,1.9918038959944662,2.021405496605008,1.8387945187403225,2.0498548014807962
719,0.5944366684263432,0.40210234450424365,1.9858192188825445,2.012708634821081,1.8347075827552837,2.044739496953615
720,0.5951220338874417,0.4009851619246037,1.9858882441545465,2.0126467752543875,1.8501147150039527,2.0639918166812876
721,0.5951159667223432,0.4003284529149584,1.9909025674804075,2.0222275480373124,1.8414504217482761,2.073073780452288
722,0.5961664848848413,0.3999288336113591,1.9957521125033137,2.0173142195754434,1.8422206234523923,2.0727188028430685
723,0.5951609670472432,0.39998914844328853,1.9971487435131456,2.0110012365416434,1.8515332261389823,2.0783778197992615
724,0.5956667047975974,0.39891769691668827,2.0067019540424775,2.006256605522116,1.8522007471016055,2.0732020218866736
725,0.5947956600809341,0.3992643457401079,2.0189041282320845,2.018207898292524,1.8529165805226244,2.0728475461295455
726,0.5947660640896788,0.3988590776384335,2.028489472135444,2.0277966108382097,1.8531739188557605,2.0681109891797136
727,0.594834805472238,0.3997623022937334,2.029405245777992,2.0314423434149362,1.8566102256732822,2.065055161844508
728,0.5943611095033462,0.4001520352541247,2.0340919932836936,2.0361192543104285,1.8629261927972538,2.0784324029202765
729,0.5957241589134247,0.40225486340973104,2.03055223284013,2.044144233317385,1.8635874246986184,2.07805405195761
730,0.5959252641074804,0.4012129587298311,2.034967902946194,2.0393685942256288,1.873370617288197,2.068552094338511
731,0.5956556527197348,0.40202116513617453,2.038076864369882,2.0407160298141003,1.8722399060291781,2.0699624055316224
732,0.5951569011044154,0.40222207128458864,2.0378937351622572,2.0405202076422677,1.8823981283829403,2.0697010820067345
733,0.5956321251039207,0.40229300858195566,2.0329070145694055,2.0355208677571333,1.8831605046675604,2.0739735067521052
734,0.5954046458418544,0.4025638357736206,2.036274652678789,2.03182478593699,1.8801957300474212,2.0771440317751066
735,0.5955799338812763,0.40337319311600783,2.0269757403611286,2.0264119939597096,1.8817004696652422,2.0854339595076565
736,0.5962094049325846,0.4042764460913804,2.0220562575671046,2.021495211658612,1.8824807920137014,2.089601333783888
737,0.595692006452861,0.405169142642973,2.0153690267680227,2.013617605838387,1.8752684362336707,2.082590868163403
738,0.5956383804294667,0.4062915381165407,2.020076243182512,2.0183331952551207,1.8710840483967792,2.0774153364030394
739,0.5959486193561343,0.40704013098885405,2.0217030871947657,2.016522911118773,1.8751451925184233,2.0736001547235907
740,0.5962097969436847,0.40813564289814436,2.025065174275006,2.012978442481232,1.8668513657657928,2.0678251072595817
741,0.5967120555073157,0.40923239374380876,2.0206782718197163,2.0124176445668445,1.8589511363738502,2.0665039519753146
742,0.5969664665002966,0.4074392361412182,2.020564403515689,2.0076123167303472,1.8549073687792041,2.0756642796203515
743,0.5983472197918439,0.40674158208288685,2.011011814777865,2.0075171787429125,1.8555680885737897,2.070576972698317
744,0.5979948998274672,0.40741310842462974,2.0188084990732276,2.023392906536697,1.8525346566057346,2.069209277465944
745,0.5976513841869534,0.4087167482980088,2.0212923837028867,2.0302033633583494,1.848487382171952,2.064133374287673
746,0.5961610265027335,0.40735337314491205,2.021191402485899,2.0253175229175278,1.8444633490224067,2.0543440194146045
747,0.5950693985110326,0.40599399306042766,2.0258288584360606,2.0299354298958114,1.8452002749857976,2.054086545178242
748,0.5950517388791904,0.40669748955073554,2.0257066072899006,2.029793741844649,1.8402976753039184,2.0452664657225514
749,0.5946172090087302,0.4074199201625419,2.0267568922324934,2.0332094210754352,1.8481659218436803,2.047396099843129
750,0.5947677848666627,0.4073147492953204,2.026716837096688,2.037689880931673,1.8535204672369987,2.047258553932508
751,0.594459119343314,0.40767776921461774,2.025205379415734,2.034178462679741,1.8508781342609846,2.0456501611218374
752,0.5963450970102477,0.4069893786926507,2.029796612310527,2.034021508472719,1.8421610150997003,2.045426614177933
753,0.5960298134944712,0.40767665061346625,2.02023725316291,2.024442252110016,1.8384947176263242,2.044912806286399
754,0.5962920388108482,0.4080687118404443,2.0214320304786737,2.0324468834819878,1.8392545690768867,2.0447015001373527
755,0.597115105975027,0.40811241348497385,2.0304190846614403,2.0326068049791157,1.8353099835178135,2.039791292194621
756,0.5965790905926109,0.40776858215648504,2.0305247026732474,2.036900663066704,1.836083270403057,2.0396044558274067
757,0.5962250022889132,0.40668141597834345,2.030381520219449,2.0414182876528244,1.846268947535728,2.0488001137502376
758,0.5962964232512811,0.4064839253969482,2.025553124638463,2.036538173482114,1.842061164267966,2.0394415253509472
759,0.5953093026603111,0.4063655650524266,2.0243083237753217,2.032810960390976,1.8474818734477232,2.043938229312822
760,0.5947912754084441,0.4069846859117672,2.0216403711130186,2.0305351210677856,1.8533036934897074,2.0479775343027478
761,0.5942826409046614,0.406358328593925,2.0130029082444807,2.0295848406748,1.8504245644410056,2.0435230397483806
762,0.5952461184054922,0.4057052134994388,2.02209459558345,2.0249617029599065,1.8649425143894431,2.043502465388985
763,0.5944065932499434,0.40500937316248437,2.0294936131589747,2.0173432780845215,1.8702349173711945,2.0479623048681077
764,0.5976346660614655,0.40566597690585543,2.0200600379880784,2.017242697298294,1.884773755635632,2.0431204934845395
765,0.5972693041511831,0.40611388302757623,2.0176564810400137,2.014819332652147,1.880656603148489,2.038266499946278
766,0.597497187811015,0.4058811598673273,2.031296916743769,2.019622680198678,1.8719140168110238,2.0287912343232493
767,0.5972213795951888,0.40655692656978054,2.0252630915713628,2.01148790683294,1.8725088536280488,2.0286575268051523
768,0.5972501240951615,0.4082235882100857,2.029785286189915,2.016074010046473,1.8685516078796502,2.023794500854593
769,0.5975298249745858,0.4073200284183852,2.020377712184411,2.006729984558099,1.8691608400857418,2.0236842190198048
770,0.5977507967934838,0.4073697003384157,2.015653230030862,2.0020686931669873,1.8743967731777291,2.0282046886737293
771,0.5970292746940826,0.40549684081345183,2.015580825140207,1.9974336223843634,1.879604946592506,2.02344872923063
772,0.5967224394150545,0.40435692962377606,2.0107218845597066,1.988369785741294,1.8844500301918872,2.019051807746559
773,0.5970639453960007,0.4041357283459292,2.0019248870182507,1.9971709763698107,1.8804884328396814,2.0188426047052426
774,0.5961108014627019,0.4041711805114052,1.9984159348579515,1.9960724509370544,1.8788164342349731,2.011755558739793
775,0.5952024997426976,0.40421190843134513,1.9958136271006186,1.9940931130994342,1.8799869105951146,2.0110892327264547
776,0.5947995919572068,0.40381474587998545,1.9998608032140024,1.9946948236137185,1.880539262819428,2.0110381952915284
777,0.5940472745993269,0.4035176968506623,1.9957996532272775,1.9941831729764594,1.880017349812249,2.0028639803507717
778,0.5944605181882531,0.403321431940805,1.9998212611689603,1.9856143388846612,1.880568458609344,2.00285082540909
779,0.5932023009752431,0.4034311973208374,2.0045929090956562,1.9900868147722273,1.8789132551424061,2.0004523301004564
780,0.5921883819651251,0.4028784750751148,1.9993451907501325,1.9816067412442016,1.878846920087792,1.9965126219733749
781,0.5919322758384216,0.40321190879488744,2.014395514481937,1.9941205177925612,1.8797282346032673,2.0007819383931924
782,0.5945347008035868,0.4033353528315139,2.0097625475932097,1.9941396235205642,1.8939953771842497,2.009935955733947
783,0.5950059311617388,0.40445488026976895,2.0056609687413074,1.9936530396280847,1.8863659315332955,2.008863809675159
784,0.5957715589065565,0.40493820007144576,1.9968144727304569,1.9888053862237234,1.8868847651571172,2.008823343726542
785,0.5953596217746298,0.40574200917972386,2.0024736249023505,1.992334218743997,1.8874007060289582,2.008783098717451
786,0.5949779943126308,0.4061241209757038,1.9999413190283246,1.9857769071941342,1.889949383935287,2.006707473707687
787,0.5941942206726567,0.40634997553805974,1.9968774326998708,1.984353721612645,1.8919382738911188,2.009741094394539
788,0.5929118434585143,0.40504311587985553,1.987796564817263,1.993519941457875,1.8878821616730894,2.009696796437248
789,0.592368561302708,0.4054120626190449,1.9840643297320435,1.9927940667726598,1.8808161944617705,2.008142138844422
790,0.5930801183871918,0.4054570276840905,1.9840064329995757,1.9884185425153122,1.8768186571673595,2.0035667393782366
791,0.5939523607812031,0.40507380905610935,1.9885616002333304,1.9839883980097208,1.88188543330092,2.0035761970773214
792,0.5938168422498181,0.4050201909533704,1.9883104106103375,1.979834538997413,1.8863438022327161,1.9996366159607604
793,0.5944220033110534,0.40451908593574876,1.9884820434174715,1.988856751634127,1.8912641936999086,1.9952321463419604
794,0.5938864976197863,0.4040952851932906,1.9843711489598874,1.9885497518055641,1.8917557154728957,1.9952536986158902
795,0.5946138329307231,0.4027943850302065,1.9934733506168707,1.9976330836762144,1.883212921544735,1.9997909443278727
796,0.5949576301741488,0.40165104627498777,1.9935526574388298,2.002105197180534,1.8837397829510931,1.999791887440754
797,0.5945875930782811,0.4024522106817404,1.9911869520287568,1.9954768922266335,1.8764475449190907,1.9940886544964471
798,0.5944472923222784,0.40120004909999185,1.9868030569626833,1.9954185452564865,1.8770038486640723,1.9941152773161621
799,0.5929566892264451,0.40060151685920004,1.9884758128127658,1.9983235379986424,1.8833259184831508,1.9973716139237974
800,0.5937324767997939,0.40192811318223354,1.9867597973428557,2.0045921574499808,1.8865264634592955,1.9947071294894547
801,0.5932522710342114,0.4025345498397846,1.9876380222633208,2.0037527518627125,1.8825471283788733,1.9902425490923141
802,0.5934347320597647,0.4029103736154673,1.9837036761256865,2.0032413924131287,1.8875581362761626,1.9947706173177027
803,0.5937015748099852,0.40228328146349146,1.9792968509139621,1.9987470415543982,1.8835820267355154,1.9903142140911294
804,0.59432216658686,0.403967467189235,1.976547379674159,2.0015947741123212,1.889787288444082,1.984673311141438
805,0.5941557653941427,0.4035248995334131,1.9811231127736912,2.006058523335403,1.881786403299551,1.9842937135165073
806,0.5933537684993543,0.40367432624326,1.9866852574702591,2.0050200413364845,1.8866405637053565,1.9800376942993387
807,0.5930958209788322,0.4046668367903062,1.990948943762395,2.009717258442558,1.8893129232252996,1.982422155728699
808,0.5917157726718355,0.40356584682696983,1.9954467754520862,2.014131430618681,1.8895134412941004,1.9738784034418786
809,0.5918475109302088,0.40409318571655417,1.9954670511042785,2.014068502913449,1.8855524099520762,1.96954169226736
810,0.5915474218018866,0.40262090435714826,1.9910386356308492,2.0095573373812123,1.8816129586260553,1.9652286078444485
811,0.5907048994947792,0.40212721270821433,1.9922603312663196,2.0172212617718666,1.8827300308387036,1.9692363450595731
812,0.5909175506874194,0.40142030468514883,1.988088740177174,2.021350757504535,1.8743712886444055,1.9604935414401419
813,0.5900589657079157,0.40077013285553625,1.9847518903074197,2.0290809957146174,1.8790152138466645,1.9610172878887833
814,0.5907114597907303,0.4008411412628784,1.9979483895836863,2.037977314788398,1.8754475100521093,1.9652937791748695
815,0.5897166025164465,0.39981239516081096,2.0017142173201585,2.0340524657557433,1.8753291919677693,1.9572642688242814
816,0.5896718202306817,0.3980739285344713,1.9972846680113514,2.038323855897437,1.8847244206290168,1.9486093067211003
817,0.5903452944345037,0.3988191086559831,2.0050867146247318,2.0347820562069345,1.8774436046875258,1.9522088298103744
818,0.5911013612321665,0.398069175300032,1.9962709759521404,2.0301824466737473,1.8823681494874005,1.9524548874214513
819,0.5931328220164456,0.3973378037035405,1.9962874161864683,2.0300493806249533,1.8784812152220627,1.9526613181092425
820,0.5921666803192338,0.3968197992464715,2.009516717215963,2.0431299832758785,1.8795705019253592,1.9567200625525596
821,0.5920061034463532,0.39604437486361355,2.0096276187588504,2.0471873551857476,1.8758532412661109,1.9567577162895826
822,0.592036933991636,0.39666187474193676,2.0165919696905124,2.039973273086465,1.8693922614551224,1.9639544580880108
823,0.5923023503703752,0.39571252257124745,2.012187580641073,2.0441292771749997,1.8743568995471993,1.968503861906899
824,0.5913405573429706,0.3959717842442654,2.024878602442876,2.05751161507085,1.8797107124861043,1.9726132412858044
825,0.591689961959693,0.39542640048905175,2.033218597899116,2.048810556851097,1.8715520817997584,1.9682719903082637
826,0.5914554318733345,0.39577488183290344,2.0319836469003425,2.0496863866905115,1.8754028718267448,1.9738783854778643
827,0.5909102996769109,0.39596885676682536,2.0424277916871247,2.0651266142381304,1.879053032778844,1.9796346060988015
828,0.591409032166564,0.3957776226945563,2.046411967003617,2.056303287207404,1.8838175857115897,1.9754874783245029
829,0.5910710966177508,0.3957129602554063,2.0384699675902,2.0507023827635824,1.8809501428411153,1.9746041787725892
830,0.5902847988412407,0.39607442515351,2.0453581512869565,2.0565068422591586,1.8804388928982614,1.97574532075868
831,0.5897828967101806,0.3967173531051106,2.0463530727894255,2.0550681831388813,1.879377903967299,1.9730766564615119
832,0.5915635484365058,0.39611858715637605,2.0504996235625157,2.054832049905222,1.871206286512529,1.9731867981114162
833,0.5935631595590486,0.39516519941895467,2.0546275109214323,2.0589411023396065,1.8761090871264574,1.9689604878232216
834,0.5940224978768965,0.39534175500676144,2.0500471732290855,2.05434203034993,1.885463539364706,1.9819943403492566
835,0.5936117750938399,0.3954952989857188,2.04712442585864,2.0568118596046743,1.885143955586335,1.9785503284903054
836,0.5943044990807546,0.3950526845185662,2.0427234898026874,2.065096701606836,1.8770188975192363,1.9742629827210503
837,0.5941399977306117,0.39492142041894235,2.042233660673408,2.060789585116955,1.8735261738159106,1.9740696597176075
838,0.5941426518932069,0.3956030937897579,2.042050968496639,2.060526624685564,1.8690021827321535,1.966275668578493
839,0.594128953417627,0.395495186584393,2.0452299851088496,2.056904326749148,1.8748523816981624,1.9784361044691978
840,0.5934475352503652,0.3957257346736103,2.0471211154284354,2.063206482325821,1.8699601957473049,1.975327449017178
841,0.5928789446532439,0.39646022229275657,2.04943074952465,2.064733818724526,1.8773466780240273,1.981546579544048
842,0.593213300251964,0.3967983264018997,2.048985216284939,2.0603789965926445,1.873566647713766,1.977317606078318
843,0.5923966862366246,0.39619275305679846,2.045359022466853,2.059230294556678,1.8877722506048569,1.9809705165126419
844,0.5921682046719109,0.3949301893083468,2.0366267557403224,2.054613226767637,1.8924921729472621,1.9811148546835684
845,0.5929444361888881,0.39524902862533917,2.0326635877760153,2.0624800402555583,1.8975760466734901,1.9937562056003695
846,0.5942412743718127,0.39490287107988414,2.036814699325578,2.066503201054285,1.8980219980901816,1.9980678580886448
847,0.5940731559488879,0.394780347103055,2.036980589417481,2.0701813790715766,1.8938484901834087,1.9898259105746345
848,0.5934249805720231,0.39446278786538846,2.0325682165096994,2.0784175149276196,1.887462845183978,1.9881471346087105
849,0.5932471448726323,0.39508950773386686,2.0238720246050352,2.0695251602105595,1.8922227527050508,1.9924762718458737
850,0.5930828510819172,0.39496647807503793,2.0240932197539614,2.0731789208671993,1.8880860501730325,1.984283395117528
851,0.5931905926650599,0.39498623825263784,2.0203236308475945,2.0765331696677705,1.88092889963327,1.9877156351599339
852,0.5924281367104305,0.39515608362427695,2.023432571705153,2.077276685079099,1.8856881254575606,1.983516720464379
853,0.5929974156650092,0.3943507241885917,2.027594063493414,2.0812087284655814,1.8776525560030521,1.9750642695094411
854,0.5948195676738056,0.39451659627304486,2.0359015419180415,2.0766951539737604,1.886628090113699,1.9752299064067735
855,0.5956127553566183,0.3932566114233266,2.035748858694925,2.076368982375535,1.8913267294607627,1.9711189675102598
856,0.5961881877533175,0.3910422246727249,2.0313535443593054,2.08028795495888,1.8875424298793197,1.9712390965230315
857,0.5971246032104724,0.3909448170437658,2.0354714425595497,2.0884292171048657,1.8880130990607336,1.9671234710690289
858,0.5970145524601598,0.3901657336148916,2.0274599982537107,2.09591531114874,1.8922636692561663,1.959247042806147
859,0.5970129371722401,0.38948471120369765,2.027987798998682,2.107572474218331,1.900762322270251,1.9598490779422828
860,0.5962540384440936,0.3898176307096261,2.0278693652456443,2.107117268296428,1.8989688893665615,1.9581104554405662
861,0.5954458348084835,0.38906408458842806,2.019924148026268,2.1060370615582755,1.894854906024885,1.9501464463667135
862,0.595678027704444,0.3886677093657017,2.0114925929981053,2.1054903294056055,1.8952989512427663,1.9503569862245451
863,0.5954938670145917,0.38920038553429154,2.0106128835894,2.101657549316651,1.8982343674292974,1.9607296137957464
864,0.5969287059821162,0.38999768582317806,2.006448068473411,2.1011344469311504,1.898568638454404,1.9567750431010593
865,0.5971060667632924,0.3901687157115031,2.0034590176199174,2.107881035459451,1.9032062323033163,1.9611675579794783
866,0.5978124945757749,0.39089207435803075,2.0122150313894203,2.119688226808978,1.9028974781593415,1.9536341833852011
867,0.5992539265112241,0.39086353724643924,2.012110831970362,2.1108339493415564,1.9074811805595875,1.953855452618204
868,0.5990974629725977,0.3907835418573509,2.010854068157657,2.1073766999911774,1.9056484112540826,1.9520120867514323
869,0.5983618970422274,0.3906912757642616,2.0043442386182413,2.109196997214939,1.9066851565924983,1.9557660345512156
870,0.5982663126700651,0.39080771629710687,2.0001365228707706,2.1045499992108985,1.9033835207129723,1.9554544179141773
871,0.5985611151015475,0.38996365054412024,1.9960269597877793,2.1040360867833177,1.9202238592375538,1.9559462013282227
872,0.5978396378743481,0.39035001926846624,1.9918624268094025,2.099419952001477,1.9199895618378366,1.952531944421807
873,0.5978356406750532,0.38949091527634117,1.9878458955488107,2.111409131449421,1.912033053225454,1.9526669948017117
874,0.5982340171722309,0.39037753990614354,1.9837238211832997,2.106771453537324,1.908227329999007,1.9486917146335008
875,0.5982591511066295,0.3909069668938494,1.9903764351956583,2.103910219291836,1.9091940539344603,1.9524900610553992
876,0.5991288705562554,0.39037150157629563,1.9986372700996429,2.0994211856446667,1.9219575495461214,1.952796314881244
877,0.5984855871462886,0.3903082487308979,1.9986429394529752,2.099007564552179,1.9193638929908818,1.9517507664961615
878,0.5993825592578664,0.3898550498691552,1.9944924465009601,2.0944399428621048,1.9155428943061208,1.9477951636551891
879,0.6004961423432057,0.391575285049447,2.0007506262849537,2.091964496683768,1.9158935584370975,1.9480119170404635
880,0.5998174361210757,0.39141582990654783,1.9981655870257573,2.0941649694563456,1.915459465933124,1.9448626772843045
881,0.5993060827703689,0.39171784228275397,1.9998217980644923,2.0962698531879336,1.9150080391607731,1.9417497896373914
882,0.5990374625621117,0.391594161664336,1.991776555247936,2.091498695356289,1.914893660930365,1.934178041331121
883,0.6002279761140638,0.3919040048862714,1.9961314440123592,2.1074764511446546,1.9151219587634285,1.926303084862639
884,0.599673559937684,0.39242413510900687,2.0002786970040685,2.1111637077442196,1.9174675368681577,1.9328751660906502
885,0.6001924705443932,0.39179983081152203,2.000151506114863,2.1025766765684044,1.9178081600410595,1.933152199793986
886,0.6004599017640101,0.3910949752811921,1.9919048481447463,2.093907717914725,1.9181470384061385,1.9334278144225645
887,0.6013312095143897,0.3905598444498317,2.0001759826271153,2.1017587132156037,1.910327029291074,1.9377417987231869
888,0.6030782986576059,0.39059029536719947,2.004290037358693,2.1054547774746957,1.9065781237042343,1.929771530901351
889,0.6037100970668797,0.3902742692254651,1.9960733967471291,2.1049989615139624,1.9069844764255368,1.9382592223915283
890,0.6035656468696203,0.38974638024453384,1.9920203330928379,2.104530408187089,1.9195366562267504,1.9345556929478704
891,0.6020479098505725,0.38970961149621947,1.9931548120465183,2.1029998343530116,1.919866753314621,1.934824175143148
892,0.6022426935580646,0.388858384286515,1.9891218849998777,2.1066386857526447,1.9242935202368363,1.9391896412770155
893,0.6017672113894937,0.38836742843349925,1.9890188443155865,2.102255401799326,1.9284045889732122,1.9356396369170688
894,0.6021777762978658,0.38807351043246224,1.9890637590444105,2.1018371604252297,1.9206145694895447,1.935805409627955
895,0.6029935226133628,0.38910746531534435,1.9891084453559607,2.101421046049492,1.9212464471777444,1.9439323627880285
896,0.6032992343122516,0.39061541242109715,1.9853072459734518,2.100770712823815,1.9189253683553849,1.9427217886703925
897,0.6033599049016315,0.3914920894220173,1.9883530948925836,2.101451757564612,1.925227849891071,1.9451393218557476
898,0.6023761903492343,0.39125604265897135,1.9953506760710558,2.102235998388618,1.9197798644412538,1.9511154102049812
899,0.6035634666877829,0.3930397356843269,1.9945194263548334,2.094530564683223,1.9205314271717482,1.9549590376077766
900,0.6033581511424289,0.3934384827233636,1.991293207783171,2.093329036411917,1.9192404127088598,1.9608219666617626
901,0.6037040134182453,0.39331526457294563,1.9872669386442,2.088888335191043,1.923204993951334,1.9532828950763006
902,0.6036695284712406,0.3930177127813299,1.9833857904515009,2.092460477775675,1.9315069821733883,1.9535972129627206
903,0.6029698095621552,0.3927322654352038,1.9853359788308558,2.0861493274141716,1.9317846198393318,1.9537853074857827
904,0.6015629691495363,0.3911291379920652,1.9819643945642713,2.0851819680493877,1.934873320880775,1.9552094534598377
905,0.6004584731684716,0.3912707613271478,1.9884582333970053,2.090552750608649,1.9317969052495092,1.9506397737426024
906,0.601462410308797,0.3901801057215935,1.9845167281241638,2.0901335673759025,1.9325832588261487,1.9471807654715179
907,0.6017145138293303,0.39030046423433556,1.9848909336393266,2.0975326457254826,1.9404625735524754,1.9438242198890816
908,0.6011231312185182,0.3907099809697848,1.9849518730484743,2.0971392672293367,1.9443045122192304,1.9444822881693453
909,0.600219538440753,0.39025153919069866,1.981886001622992,2.099874371327416,1.93647040500198,1.9366474722648344
910,0.5999279320756697,0.3909920298568196,1.9790951401462809,2.098310885257005,1.9413719971401657,1.9483575803680044
911,0.5991619950595164,0.3902581914932016,1.9716752057308895,2.0973771150714593,1.9373173138773132,1.9407920281198892
912,0.5997931261355192,0.3897691806671716,1.9758061918897663,2.1010031315451507,1.933602520232682,1.9490136806937086
913,0.599958999695933,0.3898301229120468,1.9718901014990045,2.096584602723057,1.933445708864978,1.945636175065066
914,0.599571901325035,0.3903080320017561,1.9760119723876264,2.100206551730452,1.9310114243321594,1.9445460678669961
915,0.5996638745595833,0.39143272846765614,1.985648064356631,2.110291023204735,1.9352929013087667,1.9487733363483524
916,0.5999631296484518,0.39137337016158724,1.9973777133462327,2.1061798324715912,1.9317162752032468,1.9528138333376268
917,0.6005426362403832,0.3918092306582756,2.0013853589892494,2.1097525782081648,1.9245590846778373,1.9564354120151868
918,0.6004481477022441,0.3911559153539789,2.0088392015920635,2.1058481118330286,1.9248603330088816,1.9566093728071972
919,0.5984703938152091,0.3905986320001342,2.0060132764631415,2.1042273513063448,1.925160100887849,1.9567824771143205
920,0.5978430380414278,0.39091577073825207,2.0050923739775253,2.100723733488443,1.9232670385931292,1.9591460207151152
921,0.5976873619085266,0.39025374571713595,2.0051886687810994,2.104187370047007,1.9197078897997535,1.9591921002725288
922,0.5969662407169334,0.3899710850372746,2.008078509530647,2.1008625158538394,1.916050014850357,1.9553771876158015
923,0.5976529363735597,0.39064977465656586,2.012019664325447,2.1044350163398917,1.9200074123412945,1.9519306423468898
924,0.5980102465964371,0.3915783977898862,2.0162973793454393,2.11160290437649,1.9159995009875919,1.9445390231446924
925,0.5986134771929327,0.3918648287669391,2.008539831172779,2.110922659357607,1.916451441577571,1.9486054053147848
926,0.5984553368455503,0.3921518413464007,2.010165984779211,2.1048619220531917,1.9143554155400926,1.9512365860881133
927,0.598128277832401,0.39229981700083183,2.0052500286015573,2.0974504933083598,1.9107369533295973,1.9474721706472853
928,0.5984383688419146,0.3912657398220692,2.0052115588750072,2.0931295070124842,1.9071541270782273,1.9476621219886654
929,0.5977170768846063,0.3909849584346561,2.011450451090889,2.0904517028841774,1.8996241100441256,1.9399710040526497
930,0.5975237754445298,0.3914940535910112,2.014434069664264,2.0910115626850607,1.9103018531536553,1.9378172185807607
931,0.5971317514145543,0.3909635253471511,2.0217525014895332,2.0911606941140843,1.9140891383177736,1.9346285863294375
932,0.5970690604736206,0.3907991983641179,2.0221004976575814,2.0943057387746,1.9139937755914709,1.931381992504132
933,0.5973795017570634,0.39073500588344673,2.022013560527063,2.093934766570828,1.9183309259790242,1.9394542449650984
934,0.5971495062541019,0.3911194037739314,2.0238491701535213,2.103432864209108,1.921855398779033,1.9561375799858267
935,0.5969101825877545,0.391290338175962,2.019829683027137,2.099100942748594,1.9153136726298563,1.9553065711447344
936,0.5975267175550617,0.39214623071530136,2.0122872073703157,2.0983331107324132,1.919378159347625,1.9556714381489437
937,0.5973767302295061,0.3918067917258323,2.0124137088229523,2.1016912120224758,1.9198686818071018,1.9595884919643975
938,0.5962762741925743,0.391978333146181,2.0141003651181015,2.09955793780178,1.9186590855279544,1.957355806038303
939,0.5960105361087474,0.39153084903190705,2.0216135520475125,2.103330885458123,1.9184730443305722,1.9502062836100442
940,0.5949653845600501,0.39072667712125647,2.025076225901656,2.103286422205935,1.9184323353756314,1.946853689334893
941,0.5956401606763545,0.39073225639868975,2.0213906395935424,2.1103734634776647,1.9110507763840858,1.943053830588068
942,0.5942768971228519,0.3902504231715108,2.0246009351809775,2.110547962616651,1.9140864418429064,1.940586934468206
943,0.5943212604058866,0.39027762298875984,2.031519562311793,2.106997564765404,1.918315615896511,1.9447129003106443
944,0.5944283992121472,0.3892848230577519,2.027506245192102,2.102690586555342,1.9147427396106773,1.9410373205208509
945,0.5946843734898347,0.3886533200264991,2.019625742618283,2.0945178578061268,1.9150741172068546,1.9412664964478732
946,0.5942647542320716,0.38793824168420077,2.02667603485821,2.090907266997021,1.9151907686876946,1.9378247801906139
947,0.594281605576783,0.38837664738711136,2.0267673041840584,2.0942389184151913,1.9224988201533761,1.9310868858036192
948,0.5940946658959668,0.3887790599745365,2.0197698036310396,2.0891420429815115,1.921942616636482,1.9283353142863073
949,0.594191126891628,0.3898609060972039,2.0164772220793363,2.0842704371672394,1.918373519011568,1.924741468741526
950,0.5934498250911843,0.3891957631588725,2.0160968348571187,2.0803937816264355,1.919005865144465,1.928583271545187
951,0.5918479887178764,0.3882529816952833,2.015394658757731,2.0768596171530014,1.9180151858860532,1.937889886655289
952,0.5908071685120223,0.3877741904219677,2.007615873965335,2.0688435970967562,1.921393441346685,1.9350677920235058
953,0.5906376307611498,0.38862103661544933,2.0075865084851343,2.0685781482071457,1.9166606625254645,1.9403540312655176
954,0.5895227746174743,0.38832955382530665,2.007557285470728,2.0683139871352996,1.9260271876330324,1.9469477464903762
955,0.5897889678798897,0.3891266859064609,2.0085837010807133,2.0746918525451594,1.9362729628918658,1.9487351434482545
956,0.5901048817434399,0.3887921479718775,2.030975667804714,2.067356852661648,1.9439662401639406,1.9453282019141442
957,0.5908647599694283,0.3895662441911663,2.0317456832784266,2.0815709293168245,1.9475773792285012,1.9421422201157483
958,0.5911602064845461,0.3901185643200891,2.033663587084559,2.0792182756315993,1.9518579017935132,1.9382847987172087
959,0.5909407887708216,0.3905054025356748,2.027295089165156,2.077488605088876,1.945089922444186,1.9339755555860358
960,0.5903418452833424,0.39037200736572725,2.024877460678155,2.0795050242649165,1.9445422635738094,1.9311573353037694
961,0.5919758457623461,0.39151585443251313,2.032296917102832,2.0793364978939635,1.9483761142423945,1.9239738444840988
962,0.5917328616471794,0.3908345745836699,2.028352222928105,2.075212052373229,1.9562159408046949,1.9319069189189522
963,0.5913534641458945,0.39044425264512644,2.0275408836078466,2.0679931207167574,1.9498084909681987,1.9349743539629567
964,0.5918787251267307,0.3907625463293841,2.0236222087546785,2.063920175442975,1.9465289031658215,1.9348797047852906
965,0.591261688574062,0.39012470216337286,2.0231684626695356,2.0564207357568867,1.942922787064087,1.9313179701722887
966,0.5912672297832087,0.38884862039143714,2.0268342445350997,2.0524520354864255,1.9356321011263187,1.939087298815821
967,0.5909924657498687,0.388448164055872,2.0191277753881,2.0560548208099405,1.939679061871633,1.943121122694225
968,0.5912422055484263,0.3878473430446392,2.011458280813588,2.0482450618212753,1.9361097664927804,1.9433371725382311
969,0.5912794868032925,0.387591974752817,2.008478668222014,2.050998122729295,1.9329868279487852,1.943122941452881
970,0.590666242107155,0.3869626884541155,2.0080923233541537,2.0435773404089828,1.929450033136297,1.939547722353374
971,0.5906392878149633,0.3862435853625786,2.0044763347722605,2.046997653832733,1.9298180581986322,1.9434628496670912
972,0.5908075026864231,0.3865705684674982,2.004459399650546,2.0468198496629317,1.9240013465725698,1.949759096425961
973,0.5912676476158357,0.38710234668286975,1.9968835955981936,2.039083945351667,1.9306634369013302,1.9473536002698437
974,0.591844543711603,0.3877417701714804,1.9933921322246468,2.038663908830558,1.930652763406203,1.9440491471681938
975,0.5918649717943341,0.38714187695962676,1.9896451330609972,2.0347461479872284,1.9384581829550114,1.9367163424355653
976,0.5921829600788071,0.38659814935985465,1.989721050575481,2.0383464738791854,1.9424951344763206,1.9444542134039249
977,0.592624844820119,0.38698020820744045,1.9897597445214055,2.038202122902699,1.9498072309780168,1.9488609072620249
978,0.5926272713316438,0.3867028212793453,1.989798254279315,2.0380584590548887,1.9497018333378464,1.9455867513729872
979,0.5930704599409631,0.38708277880405406,1.9898365808707157,2.0379154785249405,1.9569751893366316,1.9499774420009481
980,0.5932181244102243,0.38770429940403606,1.9859675360705187,2.0304210338005237,1.9572907444780092,1.9537642149498642
981,0.5939035005235489,0.3894479741006705,1.9838886959645265,2.0249397077553133,1.9649495963486747,1.961436289048412
982,0.5939518012568326,0.3903359399005153,1.9908765018158718,2.021664446394448,1.962197144832818,1.9607188582272483
983,0.5953438013152808,0.3907880854072536,1.9871687722189177,2.0178415123566436,1.962338598277237,1.9608658432257915
984,0.5950759818427287,0.39147136929360504,1.9886171928233665,2.0163743626644823,1.966217509966931,1.9647502602631601
985,0.5944671315590307,0.39125540944238163,1.991271720653883,2.0099668021383734,1.9693298111734807,1.9618957526248464
986,0.5938916106346888,0.3916997865410156,1.9950282998579507,2.0136669219145253,1.9731616055871586,1.965781852101122
987,0.593810529130698,0.39223287032744836,2.011340881438374,2.023410450483424,1.9732616370316622,1.9659093822465437
988,0.5933395225863008,0.3924022023830454,2.017734690647166,2.020610460791796,1.9659147777016557,1.9585898968747972
989,0.5935958589180107,0.39251168135755127,2.0180152931983333,2.027626203114102,1.9729606765420062,1.9555442862655474
990,0.593740164819393,0.39322830226006167,2.021029507161375,2.02444239598933,1.977094221434024,1.962823700997636
991,0.5930827890313068,0.39327198497864996,2.0172393915156417,2.020639611519382,1.9771792490051003,1.9629617016001308
992,0.5930855146469556,0.3924661364670486,2.0245921475481508,2.031688101173494,1.9846805617821592,1.9556823667014727
993,0.5931762862568913,0.393232508688812,2.027254404649277,2.0325219825329404,1.990244038857218,1.9577490959146628
994,0.592633931415847,0.3930976718067278,2.0230035213479307,2.025448836811355,1.9944301615829565,1.9648582477289678
995,0.5921893958097417,0.3936781251734257,2.0188601709904757,2.0220185785503793,1.9948118210819283,1.9646271085254168
996,0.5913291667378321,0.394091477827219,2.0150969711532665,2.018243713011483,1.9963058463841412,1.9706699752389671
997,0.5910678545809084,0.394022182566894,2.011351418267929,2.0144865491289883,1.996015782472377,1.967392045962241
998,0.5906398235791358,0.3940065017646734,2.0057765755064225,2.0125938302989845,1.9923447597642348,1.9638266686486472
999,0.5905060144367686,0.39473400168370437,2.009358576318062,2.012626655972516,1.9922937478560323,1.9603566031318904
1000,0.5899223885110513,0.3945118084644949,2.0060000080897002,2.012225550639473,1.9916136099125583,1.953854241854461
1001,0.5893434574177532,0.39462595655758764,2.0050768330374846,2.0094066271665687,1.9907450414138168,1.95125101628536
1002,0.5880020694112865,0.3941285571552691,2.0035917028332624,2.0071671379796054,1.9834690804648174,1.9441833429370172
1003,0.5891434025225444,0.39404358908712434,2.00357852927696,2.007140850533209,1.98351250458308,1.937069724287126
1004,0.5884255410237266,0.3936469326070913,2.0072295257821926,2.003450577055957,1.9835729165572453,1.9409644162783748
1005,0.5889606068971055,0.39228538731496193,2.0071976354477536,1.9997829270989251,1.9836330470148422,1.941180512865213
1006,0.5894224974309836,0.39355859266605614,2.0162212495518737,2.0053609374845487,1.9790758953240133,1.9350422422139166
1007,0.5897248450091346,0.3941079615535578,2.0102151791687013,2.007635032501622,1.9759523522644515,1.9348263903483511
1008,0.5899243038467339,0.39365067503865636,2.017476861990758,2.014906131521116,1.9759143096674487,1.927891081341342
1009,0.5894558203478114,0.39319053058378356,2.0205119396924256,2.0117529908069245,1.969531012033991,1.930979254725118
1010,0.5887478629261906,0.3936513164649935,2.0204372313149874,2.0117101841837384,1.9651032469022907,1.9284850007838443
1011,0.5884822337082319,0.3938848591134514,2.0223465443048396,2.0133224506600707,1.9593422067217638,1.923717577105493
1012,0.5893204353987935,0.39351848963374475,2.0258875487991372,2.0132867051787837,1.959528035641992,1.9348615537486127
1013,0.5887164366013095,0.3934701608087627,2.0257935438712944,2.0132384574373194,1.9636857014820355,1.9419812276443285
1014,0.5887332281971448,0.3933481135950138,2.0224833901937616,2.020034666805266,1.960326810295779,1.9420546774643557
1015,0.5884751141564717,0.3928227742466434,2.0186877151288933,2.0128041825034773,1.9603804164850867,1.9387308188370467
1016,0.588205646992097,0.3931859654722966,2.020404176033188,2.0145941103527547,1.9605238554951796,1.938952638196919
1017,0.5882061751663374,0.3936922903481102,2.016651333349713,2.0182203718117475,1.95888955304297,1.9337171386579675
1018,0.5893224587391627,0.39468978913943403,2.0196312248415746,2.015114482972654,1.9554249234984056,1.9303434612885606
1019,0.5901232430504343,0.3963398230970575,2.0148874558118908,2.0089041639199756,1.95410296632379,1.9320777440071621
1020,0.5906639437127231,0.3971807712123238,2.0179035106827885,2.0094082670738707,1.9506625193031852,1.9287167188237928
1021,0.5910023572238049,0.3971050293547476,2.024977961705087,2.0094401201079797,1.9473365220204295,1.9360795790533198
1022,0.5907398766925174,0.39733185094891804,2.0268660528860267,2.0110269117472064,1.9416919489637705,1.9313474736694511
1023,0.5902866931846127,0.3976371070507125,2.024977739101489,2.009183846960585,1.9454889260842163,1.9351972341137649
1024,0.5899649266213323,0.3979803775721102,2.0193320947212903,2.0111152437323034,1.9415507600405197,1.9287892590654867
1025,0.590268589138573,0.3973893129716069,2.0156747671946817,2.0038994333225513,1.9345845445396523,1.9254567960328899
1026,0.5912557857664903,0.3966165103511565,2.0156185828964266,2.003885456277655,1.9312346398078564,1.9221396086064377
1027,0.5910975835928711,0.3971152609523156,2.0191434518347906,2.0074523391476617,1.929906041903278,1.920412447645852
1028,0.5910556328334112,0.39771344330675196,2.0275644958777868,2.009667806861379,1.933819611410253,1.9206115390135232
1029,0.5909545754814529,0.3970199309618672,2.0209675622600507,2.016131685578361,1.9371431167059396,1.914234603235719
1030,0.5908050971650108,0.39745251458009107,2.020111797670426,2.0132849336651915,1.9361401773474867,1.9193382040846283
1031,0.5919498537847344,0.39728293676588416,2.0271126921507823,2.013297932339477,1.9328920012803976,1.9266683180157098
1032,0.591862241957718,0.3980249933630336,2.0312317471969057,2.0197237066058387,1.9273106681165906,1.925624155654527
1033,0.5935041041266511,0.39725339126086834,2.0346799571289274,2.023212877974973,1.9311252432591968,1.9223330406891712
1034,0.594270314758064,0.39688814986289883,2.031049631727764,2.026637346999699,1.9348771591392055,1.9191022004588587
1035,0.5937434539873412,0.39655690941596533,2.0309393352446867,2.0265427241159775,1.9326879263779708,1.925362430117347
1036,0.5941505824656734,0.3965436663166662,2.02746548822972,2.0262638704601934,1.9362908498141376,1.9258119585929743
1037,0.5952137340034707,0.39645739138795455,2.0273681185041985,2.026170760669592,1.9365001223014213,1.919001221830569
1038,0.5951172539457383,0.3972612358357417,2.029572943346374,2.02731794428927,1.9367250149279527,1.9192880889652557
1039,0.5939957293211923,0.3967997150067229,2.026745183368352,2.026406336442984,1.9404869702292242,1.9231117375593352
1040,0.5943199889565735,0.3965642483558053,2.0303407499521446,2.0332265437826496,1.940710429030015,1.9233863890753862
1041,0.5948779998846089,0.3964104445152249,2.0336467446310715,2.0296960920970952,1.9408608384650752,1.9201848416454814
1042,0.5950604798198463,0.39576039396991214,2.0334856815297075,2.026106229514992,1.9376267161123546,1.9239091240773454
1043,0.5951622771362097,0.3958175357030241,2.0365959223411014,2.0192620301795543,1.9310943149605664,1.9274055081920902
1044,0.5953463279113355,0.39608480511607447,2.029590254606085,2.015509742905918,1.9247881382592953,1.930689390464782
1045,0.5970419495153553,0.3959152535349277,2.022456060488071,2.0119345694408004,1.9215505691277803,1.941469069692499
1046,0.5966215628627628,0.3956190620087695,2.0228893558515995,2.0184072520006775,1.9218261935961825,1.941674712440595
1047,0.5969562439031356,0.3961401195041484,2.019769756304705,2.0178720135528354,1.9195319457682685,1.9444480572711305
1048,0.5969407819701106,0.3969013510505221,2.0297849378200983,2.0252567618137167,1.9220068047068608,1.9459565216225467
1049,0.597766711913015,0.3974853109332952,2.0324650994133373,2.018880917208809,1.9222800054030709,1.9461458293674447
1050,0.5963866122104777,0.397061228858223,2.0306038513024443,2.0170631087337645,1.9190540191954835,1.942833596604903
1051,0.5961191594211661,0.3961028721378978,2.0270009840502614,2.0100116984320606,1.9193369998715832,1.9395375636304628
1052,0.5958235987888556,0.3964728211470448,2.024173609162777,2.0092174250251857,1.9189607858177666,1.940406651557651
1053,0.5954760996004128,0.3963866964413724,2.0236528845549553,2.006132756727674,1.9135786523880267,1.942796725354299
1054,0.594754225917825,0.3960698628440119,2.0302721658668177,2.0063804761829758,1.907312692082762,1.9460778681193265
1055,0.5941875822235927,0.3958061976989372,2.0336486847507502,2.009840184121143,1.9052752730000648,1.948625792949383
1056,0.5941780907980836,0.3965621112851256,2.043603716187132,2.017126099531744,1.9078026460435362,1.950085062776458
1057,0.5944495974396109,0.39728830838420565,2.0453109332623467,2.0256327504788594,1.9068838697968846,1.9445477398323383
1058,0.5950122268785599,0.39777619854626584,2.044872544713317,2.0223533642913267,1.904016719654344,1.944459150120163
1059,0.5946351835608239,0.39817916685579136,2.046238832000535,2.020753935911754,1.9008815676177633,1.9411837427481635
1060,0.594375113780696,0.39851689492354914,2.0514939368602483,2.0256604050250093,1.909667899619456,1.9502673753772257
1061,0.5939963901156834,0.3991079376885887,2.0547768067154912,2.029032687195273,1.9074685587597608,1.9460293030412916
1062,0.5931527764190504,0.3984964057594256,2.051129779297512,2.028932295985781,1.9043308561347156,1.9427582848973124
1063,0.5918693527637044,0.398003089699931,2.048234910916808,2.0246422555391215,1.9094746250185373,1.9485052426223715
1064,0.5920669012724118,0.39785884411549227,2.045030245587721,2.0379476242734236,1.9063362758735651,1.9452322094499233
1065,0.5924257693132791,0.39752026642668503,2.0380534764935567,2.0342965098938666,1.913480698118792,1.9489413076373088
1066,0.592889250534849,0.39852295274923477,2.0379224266757405,2.0341783984415773,1.914384801544204,1.9519548328396625
1067,0.59322229022254,0.39967166595486503,2.0429124399454994,2.0392615027922254,1.9129190507778575,1.950440036695591
1068,0.592792406356729,0.4000815263590558,2.0419903729646522,2.0433380940683166,1.911443428353464,1.945511382998983
1069,0.5930763053169427,0.4003718973863756,2.0418461983062928,2.04318929198667,1.9114448594120892,1.9425675830538616
1070,0.5926772265764356,0.3999022717677311,2.0388822916267277,2.045861519691701,1.9220388666094792,1.953054836658308
1071,0.5923541342750823,0.400008704638374,2.036602721660725,2.0478507017000958,1.9216658833959377,1.9504292385603483
1072,0.5932928739884713,0.40096269697933273,2.0333397761583067,2.047401311693589,1.9282093310385529,1.951170102690107
1073,0.5934284939438714,0.40181560268893923,2.028783322379333,2.044842025588327,1.923836439867189,1.9456960623053439
1074,0.593057999891953,0.40202353776939637,2.029549171807272,2.04724103533072,1.9181280455491225,1.941601010086306
1075,0.5930688147694575,0.40251736406882216,2.0254334139124457,2.054507687525303,1.9223826604506853,1.9480640706969317
1076,0.5928718871106218,0.4029533351429196,2.019678205625778,2.0497616324838805,1.9226049446365912,1.9448739406882618
1077,0.5929650694853263,0.4027435748191572,2.0202430211886964,2.0557726106703704,1.9235004074250845,1.9512421832937616
1078,0.5930601734191953,0.40181003661778253,2.0167713852047124,2.0521800762349596,1.9203579627535146,1.9480053401844026
1079,0.5932770228497459,0.40249694389724616,2.017747345987154,2.0577684309219064,1.929277293916037,1.9497315473418846
1080,0.5939767505982764,0.40204941432763097,2.011016383170644,2.057451035025978,1.9260609013604226,1.9431709546896645
1081,0.5948140603922243,0.40072946645080193,2.010979009418753,2.057256128885219,1.922919183320168,1.9399711896937673
1082,0.5950569340274995,0.4006924646338502,2.0108074091414663,2.0538072985364018,1.91979125318859,1.9367854674114746
1083,0.5948652822114522,0.40095156239446145,2.0100186553605512,2.0543772809606606,1.9226964430888671,1.9411374430914288
1084,0.5950901886537594,0.40202029932402356,2.011610443287803,2.0593324774444404,1.9237707520353706,1.943906100780045
1085,0.5958292155139687,0.4013657543566058,2.014932806185791,2.0557703971503325,1.9206580257176862,1.944086931538714
1086,0.5950116822657928,0.40162072122401726,2.016250434201284,2.057589741066089,1.9195578199006957,1.9422680692301875
1087,0.5950229547465204,0.40049655745957774,2.0263124331354394,2.057395533107143,1.9198290923899612,1.949207289844269
1088,0.5940864726884524,0.40026083131758655,2.0244921718268425,2.0589337909834526,1.9234680758676477,1.9527473012551628
1089,0.5937041523262044,0.40035862933264127,2.0249178926985,2.0615928264163013,1.9237258783063886,1.952906701739178
1090,0.5946212402304404,0.40018661826579255,2.0315361138489005,2.0647702367706144,1.9205978288882872,1.9463630379598242
1091,0.594175893626119,0.4003178093776065,2.0306361510586566,2.0619879209089262,1.9182997599521727,1.9457491548761796
1092,0.5948077573863745,0.39930768060290367,2.030533353067476,2.0617799237054033,1.9218981482598592,1.9426071100202686
1093,0.5949065270243566,0.3993082137349448,2.0363153118140724,2.059040615775402,1.921613367835181,1.9366418943880601
1094,0.5959300977093633,0.39884890554039154,2.0361937011628015,2.0588429039184133,1.9285672409550734,1.9335114311250727
1095,0.5955735450598287,0.39890117450144147,2.036815549202633,2.0645939129324584,1.9301074469525603,1.9324326311802755
1096,0.5963013543678889,0.3982626220707103,2.040018809100878,2.061051737303423,1.9270068556730924,1.9326505683904216
1097,0.5952856672719338,0.3976895627499319,2.034871478004252,2.065861622957593,1.920989348677787,1.9291208526470423
1098,0.5953719170613277,0.3976377663929902,2.031626793675217,2.068770324628014,1.9179175039021445,1.926021886256994
1099,0.5957841849327277,0.3975050485094766,2.0251866356451136,2.0715439141095637,1.918300774887088,1.929490656868452
1100,0.5963829525135765,0.39755431392137774,2.0283338161390834,2.0714034564233392,1.9153417085796567,1.9296276708828664
1101,0.597258793358191,0.39879332592903033,2.025350219782893,2.070730004280152,1.920529964482916,1.9249549512920874
1102,0.5960530012497662,0.39871448057172787,2.0262074511976342,2.069553588589699,1.9207939687145332,1.9252042554517232
1103,0.5964843423034751,0.39846627036224747,2.026178307404341,2.0725836660902353,1.927636480335351,1.9288290546395181
1104,0.5960836264457204,0.3981767023305014,2.02301655293835,2.072102560290633,1.9278763959829834,1.9290650163993648
1105,0.5964076854949838,0.3982373030430804,2.019483438678406,2.0653843032292105,1.9376172873469901,1.9297342771127934
1106,0.596682006987493,0.3980808789317553,2.019492697054413,2.071711831345391,1.9378236991648765,1.9299667722220863
1107,0.5963374903613179,0.3981164751946211,2.0208794658150944,2.0766345692655994,1.9417378014313476,1.9264896873922628
1108,0.5968813450667976,0.3984249427435,2.014289230388847,2.076298420304192,1.9419301941285156,1.9267324322192638
1109,0.596867504187055,0.39887757883637454,2.0106098472817786,2.0796789650017335,1.940639153169893,1.921859132761158
1110,0.5967608861175766,0.3979930164074454,2.007330097024273,2.079365570776758,1.9408348091996712,1.9221166581164895
1111,0.5963659703182482,0.3985839943084154,2.003133703999547,2.0733996490247537,1.9344450071642885,1.9157884817688382
1112,0.5961253677986864,0.39907767273370626,1.9965453871947312,2.066580227174133,1.9364626280038655,1.9142634437357362
1113,0.5961652496534572,0.3987779669070287,1.9967075292707013,2.06949638980966,1.9370557580562937,1.9122053415156373
1114,0.5965934000186122,0.3994009306683123,1.9934359030052824,2.0659858389440195,1.9374154567396682,1.9156228668430357
1115,0.5967823613188014,0.3998760887401502,1.9993010234743631,2.0664841710820907,1.933984173337313,1.9096986016695021
1116,0.5972958475798781,0.40105847576234216,1.9968975839207952,2.0686721065433344,1.9390118915786245,1.9051829591606397
1117,0.5966437560178155,0.4010944933829679,2.000641202707634,2.0712591063941703,1.9368848207950615,1.9045491923301692
1118,0.5963696983112522,0.40185241652410403,2.0021071750523465,2.072827398278792,1.9436298252938555,1.911399912672015
1119,0.5955727032638176,0.4022529880408528,2.0036995885020628,2.070990243838448,1.9519453541706981,1.9166221152258913
1120,0.5953127315156255,0.40178298748978986,2.0107251965166357,2.0832977256696936,1.9581156605887182,1.9174062446069373
1121,0.5958234331935357,0.4014453271795818,2.023490870360091,2.0800041909907088,1.9647712576917784,1.9241945355486474
1122,0.5959760246691663,0.4007509033596117,2.0202138566072008,2.0796879170904226,1.9584849304449072,1.9243298633938413
1123,0.5948869717370473,0.40040539493754274,2.0161941352081687,2.0768766071593427,1.958620198316945,1.9245768039251963
1124,0.5942409118998466,0.40021206862415165,2.018926471171607,2.073841812426829,1.9582913021001418,1.9285374999143796
1125,0.5941175483133359,0.4001009332738274,2.016070530157398,2.0763965789194097,1.9674882420443163,1.9294475490332288
1126,0.5940084714855031,0.40055040606639575,2.0150720237021775,2.0803384684418513,1.9697289318274214,1.9307844054318346
1127,0.5945993047251762,0.4002210010606857,2.0246344937852263,2.0834270171797167,1.9668589989926875,1.9436967932659852
1128,0.5939915857636118,0.4002411135188068,2.0253536250169955,2.0855949121766133,1.972641001020068,1.9479147033805024
1129,0.5941532041224098,0.4010297956807392,2.02391372579879,2.083442487629745,1.976803218016762,1.9537100681771546
1130,0.5935026628166031,0.4010439666287618,2.0225479158304642,2.0876918338900827,1.9768781567987155,1.9538596053012662
1131,0.5939209315300972,0.40090197137092515,2.0223265708875497,2.0811032160200877,1.9737256695415573,1.9507814013001814
1132,0.594301022624615,0.4006870846865189,2.025353727919682,2.080966492292089,1.9770342531464846,1.9541639544321054
1133,0.5948132870432593,0.401517289573321,2.0247167772303865,2.0780403660283278,1.9797735789563118,1.9548668716224413
1134,0.5948420930171575,0.40224016028040993,2.0191870041725264,2.073587213320505,1.9788540304914364,1.9527792732804825
1135,0.5961491025984198,0.4024204132415991,2.0223105924862796,2.0701654281488344,1.9789509599389665,1.959330531944943
1136,0.5951224205846029,0.40198315296851983,2.0197634231218062,2.069204647617169,1.9822295571951218,1.9626721305633053
1137,0.5952160391133354,0.4029235343288173,2.0184460588635997,2.0670288209745946,1.9790787620121713,1.959584071677762
1138,0.5947540680281945,0.40321764781693664,2.0187565476441067,2.0664444199925476,1.9773587112895077,1.958296094373768
1139,0.5951777886300681,0.40380906970737906,2.0154951106118846,2.063030315482286,1.9775906483461254,1.961471541387373
1140,0.5953881338524428,0.40388424633665976,2.0126102728153077,2.0656640140292515,1.9715279392418354,1.9582387105525394
1141,0.5954543352222306,0.4045173143154322,2.014897041330293,2.0663221532931857,1.9762730238070085,1.960108008346656
1142,0.5947048289614233,0.4043160663396818,2.0130562179598495,2.067903741219562,1.9806345681759325,1.9591413232441313
1143,0.5943869182315885,0.4045006405947214,2.022580416847325,2.0772530527445263,1.9882741642729271,1.9644483823731713
1144,0.5932257173668558,0.4042192513693262,2.0209431466365326,2.0753868881155073,1.9866914351378195,1.9629962915835528
1145,0.5935310675043501,0.40510333122474196,2.017694261356893,2.0719647498287417,1.9862313332706545,1.9604342599599702
1146,0.5944520684747534,0.4052081997800876,2.014400668307489,2.065436136045959,1.986391671524855,1.966801591967312
1147,0.5945751121091973,0.40546356406765893,2.014354933497763,2.065228318660865,1.9815625832496606,1.9717794152779362
1148,0.5957300863972235,0.4056379536518365,2.0204290775968743,2.0589016802391593,1.9816775111261666,1.9749852263245338
1149,0.59546379223053,0.40518444604705406,2.029872933842821,2.0682235961996676,1.9791308729023862,1.9776692235468325
1150,0.5952957260547467,0.40546108982589196,2.0241921591081384,2.064094658169379,1.9784504028898795,1.9753201126509086
1151,0.5949250316632655,0.4055849719071892,2.022483817416067,2.059197324926727,1.9761717438362545,1.9745824987151734
1152,0.5941138364215139,0.40490666657737373,2.0284891940440577,2.0529338325165707,1.9794679974356135,1.9809219876042077
1153,0.5941307000285905,0.40394992591583406,2.0315839346064335,2.0622095803005793,1.9732746384809645,1.987240390734912
1154,0.5941219340598267,0.4044427611595724,2.02959679370384,2.0607471944937763,1.967051467966324,1.9809731760430693
1155,0.5946404237262303,0.4044575757213396,2.0326949906276752,2.0668160881330877,1.9609358610298282,1.9809513845178868
1156,0.5942997073438836,0.403874933996899,2.0266379814844826,2.072559893483038,1.964035865386588,1.9780342871761594
1157,0.5948185514307427,0.4041038904678885,2.0237835003591287,2.075102468662977,1.9578603856838042,1.9718147925084983
1158,0.5942987848242083,0.40436342193737684,2.0268499309133325,2.078007699265659,1.9566254337846676,1.9795529199769362
1159,0.5940536543449977,0.40465730351519574,2.0220214278377737,2.073093164566648,1.9598997796066295,1.9827554269282563
1160,0.5934955242854991,0.4048550931764012,2.031356979131148,2.0822686130230403,1.9568906264649142,1.9796746244906887
1161,0.5927312826470762,0.4049560997539239,2.0319031692566245,2.084498306904629,1.9538939048053061,1.9766065495348017
1162,0.5923603009043968,0.4047233865114211,2.02867475870315,2.081105347290251,1.95098585012559,1.9766034420276932
