0,0.5,0.5,0.5,0.5,0.5,0.5
1,0.4949741733940145,0.4975108100407769,0.49989467351928607,0.5001053264807138,0.5001053264807138,0.5001055506314855
2,0.49211430134638984,0.4980679056650788,0.5169055665841591,0.5130344933758608,0.5090644822729746,0.5111045359572229
3,0.49020307459036794,0.49920134012661266,0.5117519948478079,0.5079195164134206,0.5338952417880554,0.5259689329284449
4,0.4881316417560261,0.4992013165089532,0.5166149839759909,0.502860597461451,0.5286149246779384,0.5306903202612866
5,0.49427943494614063,0.5029343918216062,0.5279977270248524,0.5012341947388185,0.5398782668237067,0.528787008326062
6,0.4943328109836655,0.5053451069391071,0.5388195920940498,0.5100021183971306,0.534512547446308,0.5235320958009735
7,0.4939039799285938,0.5049064024175435,0.5368126305802189,0.511524268392326,0.5621465587942089,0.535071219414864
8,0.49926083978566393,0.5067063978094911,0.5314872779619867,0.5064497843977374,0.5806825970699973,0.5354441612944253
9,0.5013069617852431,0.505494440394494,0.5361304282170714,0.5212514701116052,0.6047262926999817,0.5301376934502157
10,0.5048153465598741,0.5005681213466199,0.5308224698038295,0.5160908207983501,0.608749720770562,0.5248890660975701
11,0.506854453065544,0.4981055698718042,0.5255723156041855,0.5109863714874279,0.6324006274487607,0.5196975968371641
12,0.5063273774791224,0.49767160691321066,0.5203792842230671,0.5158181768228003,0.6361942319534513,0.5145626118903929
13,0.5191427219395544,0.49767160691321066,0.515242702866569,0.5304683001342373,0.6595269931698126,0.5094834459836768
14,0.5182866663465955,0.49847293508329205,0.5101619072266081,0.5252373652535206,0.6735488394682017,0.5135170894834503
15,0.5217211292385799,0.4991554410155649,0.5051362413672121,0.5200631892571516,0.6938156783760795,0.511109931569873
16,0.5275195850393211,0.5020784735197309,0.5007450678342141,0.5242063683088769,0.7240327087236005,0.5084000005318987
17,0.5335804028677011,0.502078062454662,0.5056534611700303,0.5288841033507433,0.7169170715027459,0.5034016980339855
18,0.5395411279468038,0.49955620269090945,0.5006871299156472,0.5335112201048777,0.7295191065399755,0.4984574827196657
19,0.5365080357964421,0.49955250273358354,0.4957744911275091,0.538088311740387,0.7420163867147125,0.4935667207696654
20,0.5364873236929291,0.49866773467725783,0.49091491614288396,0.5426159639805566,0.7643642841383806,0.48872878632079747
21,0.5361483558626933,0.498623263628423,0.48610778418411255,0.5470947552021722,0.7961330106169764,0.48394306135983406
22,0.536451317703358,0.49886899217124603,0.4813524822535077,0.5417428541829297,0.8070382229874306,0.4800804425813901
23,0.5329019113880115,0.49502549231719534,0.48048095675809716,0.5423886776198455,0.7991513412044638,0.4753951319623147
24,0.5279673234931325,0.4972570693634179,0.4764672545406393,0.5461791068649977,0.8095207263263974,0.472108246655259
25,0.5254397270710777,0.49725687488490483,0.4815733212998185,0.5408521678983156,0.8113856648831466,0.46750372813012714
26,0.5269771704776947,0.4962310962803911,0.49636788524037506,0.5355824554435726,0.8232061579873265,0.46294867526172623
27,0.5281975312454266,0.4937065223426684,0.49153643263007124,0.5303693034058805,0.8445862081626384,0.4584425122885782
28,0.5249744620726917,0.49208019246576434,0.49648067320859907,0.5349359376664894,0.8487759909144347,0.4610335845956101
29,0.5242033713103352,0.4920801924635725,0.5013719428508222,0.5297394818936483,0.840530841922915,0.4565550284481278
30,0.5203066214937038,0.4898743262821387,0.496506401224961,0.5245986487521683,0.8420784032448615,0.45212441056636177
31,0.5202809546363013,0.4925909796103955,0.4916928929463261,0.5195127929958292,0.8671696598092583,0.4532769835486109
32,0.5201206862952427,0.4850174488503676,0.4966158807353173,0.5144812774009211,0.868457829928971,0.4488869661278926
33,0.5255690629690182,0.48787424367130766,0.49206549320370574,0.518924295648546,0.8883176350607699,0.4453077111556777
34,0.5326430688427729,0.48787424367124604,0.4873093283622447,0.5139085212761663,0.9280599851732517,0.44100349371169345
35,0.5314735223624389,0.4875471633851116,0.4826038430936505,0.5089461927601144,0.9454070671917719,0.4503682316849667
36,0.5325245939016948,0.4875471632967668,0.47794845196719615,0.5136830956455083,0.9652265065908577,0.45567020083931825
37,0.5304769426551044,0.48700250817461005,0.473342576796318,0.5087328542414502,0.9655616104482688,0.4609183571949935
38,0.5319535372451774,0.48192157517675427,0.468785646554752,0.5134623466280146,0.9757336445249263,0.4564810365233342
39,0.5281343887977894,0.47913196433632377,0.4642770972746353,0.5085241188681201,0.9952020405537192,0.45209082691745234
40,0.5298231975569465,0.469389384843592,0.45981637195561764,0.5036382728384928,0.9954453484951211,0.44774718599705304
41,0.5386143896192305,0.46938938484216985,0.4554029204733185,0.508402497285701,0.9955497137934011,0.44344957807733176
42,0.5383229452989315,0.4721611624951066,0.46053173553959126,0.5036207411307414,1.0335035276513824,0.43966363520514223
43,0.5431864624140395,0.4696886801531538,0.4561202495899841,0.49879650068871,1.0236045095070443,0.4354520471655294
44,0.5421851545742045,0.46630459603308827,0.46025033172075114,0.4950978445003084,1.0403686141263797,0.4430038090125244
45,0.5433246703900955,0.46392351517023633,0.45585035013937225,0.49036472157427546,1.0593167920954178,0.43876870375393995
46,0.5448891152192533,0.457417564826019,0.4516365826546279,0.49509215769348863,1.0774504074237652,0.43499911037201183
47,0.5479456675384663,0.455094816819299,0.46640932288841974,0.4903685458104768,1.0767116311734704,0.4308488386803222
48,0.5450775247133073,0.45552008892034307,0.46267692627402685,0.4945129071617954,1.0840876586886796,0.4281692131259694
49,0.5430394159676191,0.45640761044488365,0.45833856896214265,0.4992588948012962,1.1304930940360984,0.42449750666267755
50,0.541162446565328,0.4561143591899431,0.45397871763033926,0.4945097972895092,1.138802635780366,0.42997188982801826
51,0.54030309687261,0.45582471744874725,0.45916744141326576,0.4993133628674981,1.1284722661415176,0.42588595866969736
52,0.5430893079888215,0.45349816316989494,0.4548084323447857,0.5230531029830795,1.127254557530159,0.42184290032421534
53,0.5421022718390286,0.45623937300808276,0.4600487153455718,0.5464741771307834,1.154359539450512,0.4179818174009406
54,0.542834133823635,0.45623935953926037,0.4556900661108388,0.5412967053229049,1.1813716793410998,0.4140217234635444
55,0.5459171156859826,0.4624551395060293,0.4513770273144003,0.5361734124006621,1.1873481166535755,0.41187482750119553
56,0.5488339579650672,0.46182615036645897,0.447109080870724,0.5405590743090788,1.195041847946134,0.40798038981629065
57,0.5513275541990503,0.4570864023760359,0.44288571500921997,0.5354529853517327,1.2120914390551534,0.41357257194357283
58,0.5598593846014039,0.4552125048761934,0.4387141074049323,0.5398289997986784,1.228939987869575,0.40969294433006603
59,0.5552084423933943,0.4534812080293852,0.4345783198171788,0.5347399952757032,1.236208822798192,0.40583074121110746
60,0.5572636218345235,0.4504853283570543,0.4304856153304943,0.539121648989149,1.2546060293588222,0.40200877122399914
61,0.5586351106433735,0.4521390136606982,0.4429554377742638,0.5363460008636242,1.252211053979293,0.40763482534823176
62,0.5597179444066119,0.45213139654507883,0.43879217541851295,0.5313049765875186,1.2498699343465836,0.403803535384183
63,0.5585784600244882,0.45177640429977606,0.4346721649243622,0.5263163231844645,1.2464003313749716,0.4011420545638989
64,0.5562637463679129,0.4472171868693286,0.4399749682811106,0.5307594997549552,1.2538793549209788,0.39737932203686926
65,0.5563881288026611,0.4465536598154885,0.44522278064011733,0.5351565998077409,1.2448828534964422,0.39365560970387203
66,0.5560783395511413,0.4461541058582989,0.4497776796323454,0.5307853754909057,1.2593974258746723,0.3918873202785048
67,0.5532229235800884,0.44570044299193695,0.4455713803557398,0.5258214961299172,1.2569715535955013,0.38822240886461296
68,0.5508320021692344,0.4455128740396604,0.4600937752651437,0.5209089710039073,1.254698121947148,0.39393802235869796
69,0.5565248449708284,0.4455128740015546,0.46513286410799715,0.516047188598607,1.2709874906388707,0.3902612936930518
70,0.5591072261337858,0.4483773143337615,0.46079599402870264,0.5112355965043152,1.296379592930027,0.38667560863808886
71,0.5582535607172608,0.4519557502685476,0.45650385494387474,0.5064736317438863,1.3208558240060941,0.38431029855679677
72,0.5643220550061592,0.4575900123836774,0.4615367219456484,0.5017852706668888,1.3364071817123824,0.38080777012949096
73,0.5630701968639249,0.45574072769290136,0.46654228104782575,0.5064166789260802,1.342664762614874,0.3772677779375645
74,0.5617010093050964,0.45771366889538156,0.471496351882346,0.5110004475144154,1.33710631549681,0.37647421142775145
75,0.5569701477288168,0.4542750293660215,0.4671220751894808,0.5062596741474906,1.3622978981129057,0.3729814964535237
76,0.5562595963172093,0.45124516207762333,0.4631946683565032,0.5104337832415158,1.3766724740797687,0.37987634550192373
77,0.5551559082543444,0.45124037373129317,0.45890599591974407,0.5057077286331028,1.3732043556184457,0.3763591089626703
78,0.554793613437107,0.4455969517553626,0.4546612787062111,0.519529400571836,1.3697523480906642,0.3728779210887093
79,0.5582125332531995,0.44323240856860674,0.45046002696997317,0.5147287414913221,1.3940834521705245,0.3694323802284088
80,0.5577772464710323,0.4444035837864899,0.4463017568270757,0.5099771963390655,1.3886720784000377,0.3678386241912751
81,0.5535344830247921,0.44288047120231366,0.44218599018080995,0.5052742188066205,1.385087769012626,0.3644464396042865
82,0.5509050218747569,0.43848877822204585,0.44101417974785906,0.5161427831882913,1.3736298744449498,0.3613227678527906
83,0.5534758706138896,0.4391350660096242,0.44613416494541885,0.5114171043738527,1.3885242600528682,0.35807128227594004
84,0.5524467123438608,0.4388436865227186,0.4420322679887917,0.5067149756672228,1.3943229581771768,0.3638571320431634
85,0.5578850088887951,0.43465489607192653,0.43797214730629624,0.5204309820568466,1.4102633360049035,0.3605150595876761
86,0.5539232607519554,0.434605652114664,0.43395334014826265,0.5156555373880105,1.4250789368394967,0.3663850261978714
87,0.5543094634744019,0.4301473825980977,0.42997538927338846,0.5109286411844105,1.4211824103313335,0.36302645858088595
88,0.5540919394285003,0.433331074810156,0.43180073471451247,0.5096444735120743,1.4173261964239146,0.3688638310067417
89,0.55971211852565,0.43333107430490364,0.4369988805420593,0.5141304693409268,1.422656767379849,0.3654892965762594
90,0.5562024419581588,0.43485781819420266,0.4418812001790528,0.5096947938157974,1.4362832295800536,0.3629844680785581
91,0.5566282659197688,0.4376288485633831,0.4378719310970926,0.5141461826489115,1.4504850044726065,0.3597463861267962
92,0.5558592981870879,0.44330975427944946,0.4440713659598909,0.5266264960323866,1.4453039544727844,0.35753737220884113
93,0.56534751202531,0.43652683502323364,0.4582488865425109,0.5218279096297022,1.4505411852342973,0.35427951491214454
94,0.5625233074290611,0.4357811326541181,0.4631803535425619,0.5261806277421893,1.4556087032039666,0.3510545695577491
95,0.5626996456866019,0.43577351835052747,0.46806204611435387,0.5213956835270868,1.4787780589982948,0.34786217431697697
96,0.5642550148319506,0.43360821186045323,0.4728945110132171,0.5166589913609076,1.4835131728755429,0.34470197163779304
97,0.5653044070835006,0.4342280683832796,0.4687350110358978,0.5209132991548612,1.4879382023393932,0.34188140605304634
98,0.5659932832388904,0.44118542961428747,0.46940231262245224,0.5203398510504822,1.484289858533953,0.3470825968831758
99,0.5665535748362439,0.4456141604242369,0.46515073540458046,0.5156269107926519,1.4799115842492463,0.35300477943641373
100,0.5638877281463137,0.44839700525566545,0.46094187750037036,0.510961325566337,1.4839678605030258,0.35951174219471727
101,0.5657040591864806,0.4461037810606067,0.4748539322649576,0.51538190768813,1.4705544354519675,0.35626199679991577
102,0.5674595876242282,0.4489901676099245,0.4706268796452107,0.5196971335585727,1.4752135249693301,0.3531669597628395
103,0.566029549683178,0.44771610449255334,0.46638122761947687,0.5150088055363305,1.480128291663842,0.3499809453573943
104,0.5644742620454927,0.44687189329332433,0.46217808201374655,0.5103674158968904,1.4757568769662086,0.3468268285416796
105,0.5658597395104371,0.44746616379979454,0.46702022462922055,0.5147756981221435,1.4803940272876428,0.34378703108097336
106,0.5672067529186865,0.4451444277929931,0.46281972961740575,0.5191399250916873,1.48506749154693,0.3496891722673019
107,0.5723210598611228,0.4485911241686992,0.458661175527129,0.5144753195859958,1.471723779099566,0.3465471252792834
108,0.5711359818050026,0.44891235776193,0.4545441062414852,0.5098572471405682,1.4648484756975708,0.34608246967108
109,0.5730361288553968,0.4516335618718402,0.45046807097987235,0.5052852021196396,1.487614867379354,0.343000685192516
110,0.5785386040873749,0.45444559393312994,0.4464326242314228,0.5007586847984498,1.5101172179484288,0.33993242102932114
111,0.5769664204379753,0.45759610193515954,0.4511043789283093,0.49655953553985716,1.5226037790442084,0.3377384860581603
112,0.5761144985628543,0.4603638827322877,0.44710173519164675,0.5010300870438176,1.5357306027158402,0.33481037872711067
113,0.5752317428913003,0.4609366666311758,0.4431084430923924,0.4965551335140059,1.5305006249944146,0.3323181071687421
114,0.5810454319251116,0.4609366666262932,0.4391547727557138,0.5010471603887088,1.5258371940173894,0.32935297241869116
115,0.5810343731980986,0.46327923403879884,0.43524029579201834,0.4965809956359972,1.5478158142574974,0.32649618643627426
116,0.5826174429455351,0.46774589545727985,0.433744559060712,0.4986838468747013,1.5429527040672086,0.33251541706745025
117,0.5828573813987409,0.46774587505160226,0.4387818836187901,0.4942476292122063,1.547018657967329,0.32955740915223264
118,0.5862534566032902,0.4735815825182672,0.4348824463394818,0.489855270041256,1.550671781955079,0.327001148783973
119,0.5859705792760271,0.4735810199516675,0.4310215260567355,0.48550629674138623,1.5901754336235379,0.3240980070764877
120,0.5861601312251107,0.4714467140480737,0.4271987080554881,0.4812002421740382,1.6115405842823598,0.3212315934339511
121,0.5871038697773401,0.46985374679173103,0.4234135824271744,0.476936644614733,1.6269272745965198,0.31838537242718495
122,0.5865511841411002,0.4700752748115601,0.4285115395360854,0.4727207358453771,1.6481936704300009,0.315733140654566
123,0.584347469973418,0.46920732365623985,0.4247223677020878,0.4685406381529063,1.6563331367192975,0.3129412272210956
124,0.5827969779694522,0.46919853520552396,0.42980425433491515,0.4644016446091201,1.668242223107376,0.3101767675060133
125,0.5762100183237104,0.46653695410820173,0.4260112451032327,0.4603033144798927,1.6806990178308012,0.30743946714023573
126,0.5785019378580931,0.4641181587755133,0.4222554667174357,0.45624521211920177,1.7011479992048326,0.3047290351530556
127,0.5778587934785058,0.45775111559788617,0.4270234022307895,0.4525473620393106,1.6946538652877585,0.3023716910274868
128,0.5754628114790759,0.45702057750492686,0.4273765095031955,0.4532538554669522,1.6797435412642645,0.2997190053933776
129,0.576117001891131,0.46517021485954446,0.423619981249805,0.4492698720795661,1.700121740169401,0.2971008046672186
130,0.5769599143787733,0.46257308204534175,0.42868114785918954,0.44532485386033277,1.694076831702099,0.29449197607620753
131,0.5766312626403809,0.46524683126998045,0.43615946041551196,0.44772396079550314,1.6792242534207777,0.2919286037124908
132,0.5791530371721495,0.4680669440570066,0.4411006262107676,0.4525637821330528,1.6731355780416794,0.2895066697753649
133,0.5764413521051679,0.46527604950979395,0.44599359107322883,0.4486017482560288,1.6873956394304297,0.2957268070835548
134,0.5756386315577403,0.4679782188528112,0.4507463634722967,0.44477083454681604,1.6986930978269752,0.30207136944581464
135,0.574891709592528,0.47058762982912267,0.45554527989016447,0.44962196011171324,1.7013310290049597,0.31700371269721345
136,0.5740269623356155,0.47050171389831263,0.451569086476993,0.44569746795882675,1.6952171493455166,0.3142367691462201
137,0.5736330365940423,0.47345976391883426,0.4560652209872909,0.44209713850612814,1.697302761069792,0.3120687933004148
138,0.5746915166861906,0.4762953918051872,0.45209244281376304,0.43824603611635565,1.690626127060343,0.3099645193640379
139,0.5726967943116422,0.4718318535431275,0.45686048794643863,0.43443229627646385,1.6846161049308084,0.3072671212382561
140,0.5734139285990639,0.4671281310075065,0.46158231602418115,0.43065552333155227,1.6961328527353563,0.3045958692150985
141,0.5725723214597307,0.4664362260921787,0.4662584160618013,0.42691532614118205,1.681402120197157,0.3019504866470928
142,0.5703743277936215,0.4634829638008208,0.47088927149875376,0.4318875305892442,1.6796148815137126,0.2993307000408799
143,0.5702497513506226,0.4670954857854675,0.4754753602670009,0.4368116685337646,1.680512775841469,0.2986152986597255
144,0.5675804270359832,0.4647813277148616,0.47135827737740854,0.44168824729442974,1.6746406751128389,0.29602962537480054
145,0.5659492134250951,0.46037329974379654,0.4672809231976712,0.4378675454892828,1.686041277313864,0.2934689031210963
146,0.5635396880984354,0.4616725624770037,0.4663524153373003,0.43961572016408407,1.6714712315250935,0.29093516972089895
147,0.563251060201659,0.4668560545294825,0.4623264230221578,0.43582054412813215,1.673685454953942,0.2890454900331926
148,0.5637332331813764,0.4668559294605229,0.46696348724683656,0.44068620329968183,1.6765291119300585,0.28655267179080957
149,0.5605606997576821,0.4645494667824408,0.46294027406286264,0.4368893870784309,1.6707030234753502,0.292699512411083
150,0.5602423133192137,0.46180873803671946,0.4670587537980287,0.4336330814398338,1.672529273726216,0.291188666939117
151,0.558606569264775,0.4610155290175576,0.46304275985210996,0.4299044973684484,1.669791049911484,0.29728336854672505
152,0.5606262888049899,0.46139428345577904,0.4590726077354076,0.4347942199998381,1.6897852942205287,0.30334162995934794
153,0.5603837662520029,0.4627292675354398,0.4551331692437354,0.43106312156930143,1.6821553266356064,0.30516387204664286
154,0.561148354212635,0.46049105957894526,0.4598041601355808,0.4273677380351892,1.6935540714819532,0.30254778755335177
155,0.5583867133495335,0.45778860834630547,0.45939245340809537,0.4287457217512068,1.6876143691497263,0.30973198676395497
156,0.5583867133495335,0.4573194897939746,0.47257326286051193,0.42507754832544176,1.6731758293164438,0.3070820462856772
157,0.5577336293884664,0.4583742088556132,0.46853416000195597,0.42144439326678146,1.658956230947186,0.3044735920959976
158,0.5607161132665343,0.4583742088141765,0.47307207991801625,0.43492288687312436,1.6618682328910301,0.3018738449937343
159,0.5556446249630583,0.4562027274879582,0.469036792301016,0.4397429740734645,1.6476990498292623,0.29929887208725764
160,0.5556031450161353,0.4609680148382305,0.47209211069826845,0.43746498323133237,1.6407140016022745,0.29821792678298936
161,0.5585059506152614,0.4587838514147862,0.4680732279915717,0.4422537992262854,1.652285496237857,0.2956792212176656
162,0.5583570836476565,0.4600472834591039,0.46409254039330977,0.43849269068902036,1.6540121852806249,0.29448068867162597
163,0.5641157739889057,0.4600472834585461,0.46014965106403877,0.4347672954270844,1.6485128999040404,0.2919788066890892
164,0.5683067526335868,0.46004728332170125,0.4647315878307252,0.4310772426934027,1.6769583809897686,0.2895006598617345
165,0.5696764570056404,0.45924105236099144,0.4692700949974799,0.42742216589284954,1.68140062697273,0.28704600199347385
166,0.5726475174077533,0.4643662886975349,0.4652951603296267,0.42380170253256333,1.701049247510413,0.28462215797585005
167,0.5732493645960519,0.4643583912559051,0.47828182671809044,0.4202154941728924,1.7206153296972633,0.28221368638127886
168,0.5776459480994294,0.46975120130146536,0.47423865295532924,0.41666318637896277,1.7398765336348767,0.2798356743630487
169,0.5779207809064023,0.46915499421537027,0.47867875434168383,0.41314442867286044,1.7356997229248832,0.27747243717820236
170,0.578942373754941,0.4689994067021947,0.4746403101067812,0.40965887448641936,1.7296756824204744,0.28340340705175077
171,0.5771460206896032,0.4668329022348227,0.47063993917680863,0.40620618111460677,1.7235260355771522,0.28101482199716504
172,0.5777253263736822,0.4680415084056264,0.48029351737836534,0.4060093246628303,1.7175143406009068,0.2870895709447844
173,0.5787851336539024,0.4617926642214212,0.47629806322980145,0.41096112837399495,1.7198045103077306,0.2847667516695246
174,0.5798862980716775,0.46715741437177755,0.4806987143574586,0.41591080373827055,1.747360198354154,0.2823815584002142
175,0.5750165267990976,0.46449255890265356,0.49345259566642186,0.42081398150384414,1.7503765562675417,0.2800110865828661
176,0.5722893871200893,0.4636314126025969,0.48931441345991966,0.4172849597785561,1.7606468320057809,0.27766286325544465
177,0.5702521665798046,0.46241524223123853,0.48833946468469813,0.4190424001234035,1.7542767029675341,0.28371702174287056
178,0.570572488705924,0.461213094244007,0.49262176876900166,0.4155352565043652,1.763303202017243,0.2813424736252456
179,0.5699741464846463,0.45981882563199433,0.48850292909861,0.41206094171065755,1.748739288778597,0.2789901526057554
180,0.5673550171071388,0.4588554555111097,0.4927753117640905,0.40861911941168766,1.7664687573823965,0.2766598309682686
181,0.5692692930340737,0.4604582920223592,0.4886634203238075,0.4052094569969251,1.7594552700372987,0.2749767744635215
182,0.5668659967846398,0.4598204924146386,0.49292592890602427,0.41850365234022224,1.7724484164474195,0.2726845643857616
183,0.5646524712783201,0.45768887815879594,0.48882099873872364,0.4233461687503072,1.766292204621351,0.27041373416794656
184,0.5584363387432936,0.4601850735282422,0.4930535579629763,0.4198443223072284,1.776956754254762,0.2682251630827756
185,0.5561940892504997,0.45019178467830706,0.48895576876930663,0.4246660209492984,1.7632614444670178,0.2743069752452846
186,0.5556270860920101,0.45019084061637155,0.48489609813007417,0.4211401311104959,1.7486266572461255,0.28033262789394614
187,0.5523460559291236,0.44881804969335726,0.48087415781615706,0.41764701067159465,1.742417220328686,0.2780074264708352
188,0.5546038163224145,0.4488170871214249,0.4851757108935379,0.4390447673338327,1.7445553558977223,0.2757038160478988
189,0.5541689474341459,0.4499964999680614,0.4811594918250009,0.4354104139914939,1.7374546135974933,0.27435899225876287
190,0.5554875156283664,0.44999649996699137,0.47718049945851854,0.44007933914228425,1.7396257566592248,0.27209015551248406
191,0.5560359710014908,0.44999641008951746,0.489761007546175,0.43644370037294744,1.74179691553622,0.27810332712057556
192,0.5568574301182357,0.4499865459665122,0.48571897631170236,0.43284170053667026,1.7357118665769107,0.27580812126034554
193,0.5524426766135588,0.4479193229709171,0.4899591306484305,0.4292729987391882,1.721835395744666,0.27353413301734225
194,0.5529575190853617,0.44791918470334935,0.4941601225838449,0.43397383679686796,1.7241566806935764,0.27128114750987237
195,0.5521252235681054,0.4490842819863687,0.4983223484094931,0.43863129624136804,1.7177049519402132,0.26954207529223645
196,0.5518714684471745,0.451688760164853,0.49433952185028784,0.44313237155506185,1.7197988741681687,0.2675536053486965
197,0.551032831848592,0.44529883675919457,0.4980945831313468,0.4398907852285459,1.713491470118842,0.26575386393370687
198,0.5540782966791489,0.4432718802778203,0.49400836533122466,0.4362820538397996,1.7158418997405165,0.2635736993504458
199,0.5524142661572352,0.4411020213330077,0.4899597203000969,0.4327065047329248,1.7264611485995638,0.2614135813785656
200,0.5514567533432629,0.4409533027118347,0.5023228844538647,0.4291638035081075,1.728710748104732,0.2592733079950967
201,0.556571776918335,0.4389255611983479,0.4982143231353766,0.4256536194074853,1.730942861103543,0.25715267937730385
202,0.5584091529720031,0.4355032735176252,0.4941434391707557,0.4221756252727042,1.7331138387356475,0.25507917462351126
203,0.5561779326562166,0.4303413400359379,0.4901098537953726,0.41872949750300054,1.7403985196054548,0.2577655706040325
204,0.5546571324011879,0.43115361219167864,0.49183879899003585,0.41774393309582925,1.7262063149368894,0.2556635969438241
205,0.5534371509292857,0.43278363223187183,0.4992205732886763,0.42739168697205215,1.7178249078025776,0.25707862594915354
206,0.5521465156250618,0.4354107347467791,0.5111426990200427,0.4323434764662789,1.7038491703979604,0.25498671289534086
207,0.5540219675913376,0.4360000966477817,0.5150983999882879,0.4288472439962894,1.7062429578258538,0.25295125287911085
208,0.5537221511091943,0.4320325334745699,0.5109147345375924,0.4253641165038063,1.7008455397183686,0.2508967650037757
209,0.5545134335180741,0.43014416982629855,0.5067691967233542,0.4219127323283577,1.7114381006938,0.2569749529674361
210,0.5555433800914419,0.4301376354954717,0.502661405451285,0.4184927741883616,1.7137952120749769,0.2548919544825928
211,0.5553628437619288,0.4335239606396441,0.49859098374571953,0.4151039282312122,1.7057851754530953,0.2553301455690146
212,0.554685009403642,0.4346526048677096,0.5012132607855712,0.41317982888567095,1.700075657319235,0.2613542661002948
213,0.555035625212,0.432495019681838,0.4971626750579896,0.40984069074079077,1.694126998546735,0.2595333697477427
214,0.5563757386225935,0.43249501967884457,0.5012223240802002,0.4065318485429292,1.7046699432613872,0.26551151512824495
215,0.5550322373933462,0.4336625868148249,0.5052451727308467,0.41131841511868483,1.7149259341302572,0.2635887887915794
216,0.5490241480272399,0.43358998444859026,0.5172889400506122,0.40800427744496703,1.7099535593544128,0.26146496086850485
217,0.5492784520570179,0.43269770709690014,0.5131251263442447,0.4127694284328162,1.7123051242915723,0.25936035103924265
218,0.5451419044100821,0.4308433674865604,0.5170402110723926,0.40945024444336625,1.6989465504813983,0.2572747684709404
219,0.5436630088285441,0.43081704073516763,0.520919931946797,0.4141942588862559,1.6933317610430956,0.25520802438048384
220,0.5439409975135006,0.4354645880943843,0.5222398364787596,0.4133950751700681,1.693268046736207,0.2637100403939668
221,0.5447440673943805,0.4332993378510734,0.5260701194014911,0.41008081789693146,1.6878199624392196,0.2615958330125283
222,0.5421121332145247,0.431490908125666,0.5218567429880309,0.41480557126355233,1.682311106681083,0.2595006717934717
223,0.5431746042478842,0.4314840495406538,0.5176812896953387,0.4114866502921715,1.6848717502006634,0.257424368384433
224,0.5447371909868863,0.43209026145808366,0.5135433847990053,0.4081975752204766,1.687399228893292,0.2553970296992116
225,0.547511706165005,0.43473179321803906,0.5094426575810194,0.40493805137775857,1.6818235962533599,0.2534548144880793
226,0.5476533121535976,0.43277137775796204,0.5065334241744516,0.40853028536748,1.6684562918619952,0.25144010798359706
227,0.5464062893803777,0.4362107417584147,0.509943387481782,0.4057971970105162,1.6939609153231987,0.27438911776870195
228,0.5463704730820493,0.4354241187326566,0.5058836044626128,0.40256654707938316,1.6886272537642906,0.2722046394357968
229,0.5445481102187126,0.4359710611356244,0.5176826162972548,0.4074022279820104,1.6912490114342489,0.270214299288098
230,0.5430336441385032,0.4359362773361729,0.5294601260065214,0.4041652803833461,1.694003928605984,0.2680673558814851
231,0.5428571385529476,0.43850157734620243,0.5288237769039825,0.421203260151494,1.6873070556228518,0.26713296435361533
232,0.5448988189596826,0.4383933426286938,0.5246304892658984,0.41786334522888136,1.681864327925198,0.2650147438686991
233,0.5511474607437241,0.4383933426286938,0.5204746100973804,0.4303962972776889,1.6923060258426492,0.26291542010477686
234,0.5518849379520804,0.43768264895924375,0.5163557727716382,0.42699030532400484,1.6947442969120716,0.26083480786196617
235,0.5522855947159832,0.43236452220477345,0.5122736145517305,0.4236146444393725,1.7051495386092699,0.25891763184497546
236,0.55441542636766,0.43044928631145984,0.5161255832856719,0.4281668245849693,1.6995806881531808,0.2568727504272594
237,0.5528358341400718,0.4279232923859606,0.5278103992463602,0.4248114495531222,1.7098519189987018,0.25488072670519235
238,0.552988101532422,0.4325372593171695,0.5236501834756275,0.42146307427567004,1.7003409173918378,0.2568044104406669
239,0.5549725247202413,0.43577980453501497,0.5195268839993685,0.4181444113051179,1.6943780548065603,0.2552444363035059
240,0.5533459893781042,0.4357208271322793,0.5233064193947642,0.4227214494769647,1.6970293878792249,0.25323661245372026
241,0.5551976004463748,0.4357140968553063,0.5270524759814812,0.427257944627186,1.6994832728872074,0.2512465737398032
242,0.5559551125275146,0.4319794332923211,0.530765379735367,0.4239037297388093,1.709768613840038,0.24927414699177153
243,0.5538553148326667,0.42898768707359075,0.5344454531948567,0.43626460381608384,1.7052506287396256,0.247319160865718
244,0.5555862694507226,0.42494831423333934,0.5459278903046864,0.4406814024729135,1.699729099126883,0.26105091043784545
245,0.5550667511695035,0.427440861570651,0.5417288519051384,0.44498525054559374,1.7019325258905178,0.2591563390009816
246,0.5558445906853943,0.4237648641611327,0.5453121758625133,0.4415058119739374,1.712110987988458,0.2571299379890297
247,0.5568655519894545,0.4269147469985797,0.5410525205500698,0.4380570304123028,1.7141568406263745,0.25538753908775347
248,0.5570452831803802,0.42348845304872235,0.5368303634076008,0.4346386088182519,1.7249580145151786,0.2533945970325891
249,0.5591434880317414,0.4241445817579384,0.5326453414034268,0.4312502532673069,1.7348876785633416,0.25143092714098647
250,0.5569566892361181,0.42238094248294894,0.5362851031442976,0.42789167291786373,1.7294974473125084,0.24947278111152876
251,0.5566601602120836,0.4237303522939887,0.5322652160171997,0.43219027274141175,1.7313008571687776,0.24783693102471221
252,0.5555983906842619,0.4226027367653508,0.5281282126331347,0.42883109658808327,1.7333532801940044,0.24594668699698194
253,0.5539136986931256,0.4235686834902096,0.5240274666871886,0.42550136085580426,1.7198944180302433,0.24403804254101907
254,0.556347918484612,0.4272590567102323,0.5218446305832054,0.42807569770693316,1.7084353400294228,0.2480199754760393
255,0.5552958826808823,0.4265045603601014,0.5292599298626696,0.4442959690045061,1.7011396470311266,0.24800352688972818
256,0.5522322576023985,0.4230368196478101,0.5251627066216022,0.4563393268186351,1.6957148958459574,0.24608362750398982
257,0.5526081640409272,0.42124477144917394,0.5277944379846449,0.4538506528491586,1.6826139388506287,0.244196216815843
258,0.5533841941793607,0.4195470336482838,0.5314426756425192,0.45034422434435983,1.685106635609978,0.2423095684877383
259,0.554113465284532,0.4203220014994487,0.5273408787176308,0.44686836393792245,1.6796120628538131,0.24064639163795468
260,0.5541756737776536,0.4248555061211563,0.5237377196541559,0.4506703830448924,1.6811566011386527,0.23971671183858217
261,0.555386629335984,0.42638352086942244,0.522539367149608,0.4674714834436188,1.6682069726329207,0.2378702197569335
262,0.5551859644665312,0.42766305538101496,0.51851836911618,0.4638742388458308,1.661555570213548,0.23966574747205308
263,0.5558602616766587,0.4276622850620259,0.5145323011675293,0.4603082432209896,1.6564783744719602,0.23782333645773143
264,0.554926204275065,0.4284818407896258,0.510580829241576,0.45677319771219377,1.6504405120589083,0.23701892518714004
265,0.5519015857488784,0.42666668948066,0.5143356822399572,0.4609408660612095,1.6611235399396764,0.23520050189053548
266,0.549688712242525,0.4249275898797196,0.5103936123245708,0.4650724261840845,1.6713895243831787,0.23339783321596763
267,0.5490956856565413,0.4233263329320543,0.5064856658765222,0.46916822256863605,1.660958789142855,0.23161076885764928
268,0.5483840371017453,0.4238134337047801,0.502611517608062,0.4655795183277465,1.6625568556758552,0.23093348598900781
269,0.5462390177739266,0.4230461903846048,0.506412278150631,0.4773046889517297,1.671864106617901,0.2291688233307895
270,0.5452556116043915,0.42304613336876257,0.5025464306624249,0.48129483777413246,1.6591053627608543,0.22741939552606918
271,0.5471109985646013,0.4254381456020116,0.4987139286800984,0.4776244039449209,1.669322581192082,0.2256939291750897
272,0.5447545049840175,0.42375345822864613,0.502532997974699,0.47398560207146156,1.662997326798693,0.2239744703586482
273,0.5406749403279704,0.4237524977751482,0.49870825557165804,0.47037813183969607,1.6503471253899367,0.22226981681861843
274,0.5395613912536453,0.425413961289401,0.5051903713514512,0.47933770367725415,1.6433126143059733,0.2234645890335904
275,0.5437020024495574,0.4307271372111751,0.5013530861214488,0.475696788104015,1.6612102605333299,0.2217703335996934
276,0.5493744080517703,0.4289602779996076,0.49754875407518867,0.47208713936466584,1.6713691701943947,0.22008751163174659
277,0.5464629444473352,0.4284875797197815,0.49377706336960436,0.4685084615744316,1.6752811843779927,0.2184191283522435
278,0.5458534704597416,0.4284874781103528,0.49761067357848293,0.46496046188640267,1.6777442674873293,0.21676504723565262
279,0.5464418175401002,0.4249353694930055,0.49384605027020445,0.46900824949020953,1.6877513790610628,0.21512513315709195
280,0.5449099139775284,0.42947805577449094,0.490113642114441,0.4654635613944764,1.6818689160001121,0.21418381522884328
281,0.5452900566761055,0.42918619548054465,0.48641314524042284,0.4619491796146128,1.684296735116178,0.21256666673385294
282,0.5456799659691324,0.4291861718314122,0.4827442588877646,0.45846481851686327,1.7018233499668343,0.21096333230459033
283,0.5472141354222323,0.4297879556859917,0.48663132351754135,0.455020755122308,1.704049050595549,0.20939480133447952
284,0.5470037164452566,0.4298104605173514,0.482968125231409,0.45159551065125697,1.7062036456578025,0.20790202904470956
285,0.5461278096476087,0.4304597047822916,0.4793361360858497,0.44819944803929307,1.6933727510347387,0.20636994273669965
286,0.5460827507656805,0.4240699167335805,0.4757350628907124,0.4448322931412936,1.6956052969402122,0.20492761013537053
287,0.5499673053758879,0.4229640752935884,0.4721646154455271,0.44149377460761324,1.712924651290273,0.20338989309399175
288,0.549446175333332,0.42176861859137765,0.4761221224291638,0.4381836238534789,1.7150770319956847,0.20186495379307692
289,0.5511267877354795,0.4225133252103729,0.47278766818125273,0.4496500605750885,1.7170952855845567,0.2079589730266889
290,0.5509045677995708,0.41738793000634855,0.4842152416598196,0.44628549299021014,1.704260076484555,0.20640289179601964
291,0.551118043873751,0.41592649308150625,0.5030211271536023,0.45042459574156896,1.706834581020965,0.20485999781996167
292,0.5505349704533576,0.4172379164108512,0.5033007803064953,0.4504925952822446,1.6940884774087877,0.2033389167081342
293,0.550085131651653,0.415540708409521,0.4995460450511069,0.44713182077923747,1.7038655490160246,0.20182196336883762
294,0.548677733927657,0.41745870446827954,0.49582304581340625,0.44379945243320745,1.705809348638527,0.2005877158942884
295,0.5450861532903838,0.4151486780125623,0.4921314866193899,0.4404952253248415,1.7069843216780571,0.19909427698887902
296,0.5451163416279557,0.41594813033238354,0.4959010179962801,0.43722680799435387,1.7157018537402904,0.19848507480152597
297,0.5434694629113279,0.4166138848779649,0.5070322336084836,0.44145336231430216,1.718024384242478,0.1971043559431031
298,0.5432907723503066,0.4190235387891346,0.5032685265454547,0.43817644809148143,1.712300381764166,0.19603622316501648
299,0.5435806876601283,0.42517011421397755,0.4995364914321319,0.43492710941073087,1.7053862363214298,0.196235855198656
300,0.5449810411535572,0.4241945542371805,0.510652198498283,0.4391132723443491,1.7002250942608195,0.19478210422783374
301,0.5496904936987833,0.42419343089700046,0.5216745305360891,0.43586349261854784,1.6950477347072068,0.19334056516915518
302,0.5482909846139615,0.42200604545138815,0.5325950317230689,0.43265030963838585,1.7047239253408317,0.1919254119139064
303,0.5478709009629467,0.4203071353405118,0.5286612896314482,0.42945475836095265,1.714302904407853,0.19050785255580496
304,0.5475707437746352,0.41543253878931347,0.5321391135236907,0.4262859797598972,1.7093930585118589,0.18910216966428026
305,0.5485401393395409,0.418450881973135,0.5282167089779968,0.43051484266087925,1.733723169346171,0.18770888823019266
306,0.5471530070592338,0.41913139331437604,0.5316908580059124,0.4347084551593131,1.7279485521352864,0.18669858064268816
307,0.5510654989992468,0.4191313933126526,0.527779471014023,0.44622353181488417,1.7299499013685893,0.1926816374213775
308,0.5549350450915267,0.4174508851846656,0.5239007388362337,0.45029331990710625,1.717236607149026,0.1912655905529771
309,0.5554183693265785,0.41410905517237495,0.5200543603576725,0.4469873529436354,1.719313582387454,0.18986135536745996
310,0.557813279845457,0.41498843793109125,0.5162400374809174,0.44370893780876275,1.714041382010424,0.19580330374313104
311,0.5568359008282479,0.4173279134296194,0.5124598592133687,0.4477825754917918,1.730786156294656,0.20170396030182258
312,0.5544743449263352,0.4153495109347917,0.5233211294364368,0.4445321385850383,1.7400356964502253,0.20027601401564257
313,0.5526776218366555,0.4131422935024173,0.5268068432606673,0.4412814977102946,1.7553297672331,0.19881149583825675
314,0.5535467368723198,0.40674820871509076,0.5229584190290021,0.44536304268336835,1.7645925106924345,0.1973591400309899
315,0.5568572895898988,0.4051549563306354,0.5264398154125657,0.4494107214904496,1.7882241887621162,0.19591883498469062
316,0.5545617097411627,0.40422074477348197,0.529294042264992,0.4467325585808965,1.7818792573998992,0.19538750373492353
317,0.5536438618016613,0.4042206950221594,0.525439030970128,0.450762175514849,1.78350310771393,0.1939644364535497
318,0.5541231176036135,0.40340292115660753,0.5216256693025153,0.45474869786768596,1.7850588517815134,0.19257264193845294
319,0.5536481924771598,0.4061817104936283,0.5178340998534497,0.45144324077209674,1.7774722304275061,0.19305311438240064
320,0.5518039912202495,0.40567299518850153,0.5140738525715285,0.45542658034922895,1.7803889912859048,0.19891275156542057
321,0.5513885279560455,0.4080154450653384,0.510623322904159,0.4590983609676426,1.7744492206060638,0.19774849529681496
322,0.5541785018845014,0.4080121742221475,0.5069228449236701,0.46301826535717494,1.7761330553079917,0.19631541552999432
323,0.5539641960346214,0.40578103225323037,0.5032528560646047,0.4596661341750411,1.7701338327639036,0.19553578846635944
324,0.5532916573689115,0.4080709826889737,0.49966201567862983,0.4707576654777831,1.7717562139665717,0.19417775769131176
325,0.5539446411570134,0.41269678608923516,0.4960518209395924,0.4673563125753392,1.7589585610452472,0.19277576134301191
326,0.5522517867843145,0.41112521946694625,0.49247129316370086,0.46398291046738077,1.7534803587811654,0.19138429589752706
327,0.5540706143100981,0.41033888384309675,0.4892169587355363,0.48197292141446535,1.7479663865703399,0.19010324895619776
328,0.5540982708364253,0.4072098047922736,0.4856928206786785,0.4785009667236022,1.7425789609806412,0.188733815451459
329,0.5557182698050123,0.40565347040956595,0.4893939963792933,0.4750574679315085,1.7588246211597403,0.18737560572832226
330,0.5548166179821379,0.4101928522744702,0.4859172696036898,0.47878976156706915,1.7604752025687012,0.18611180396315824
331,0.5547729619254775,0.4085049633960739,0.482501452134719,0.48245905496247943,1.7620504225030127,0.18494007894532144
332,0.5543139490422622,0.408501442734908,0.4790395653830638,0.4789974724051603,1.7853373643988961,0.18361315732401176
333,0.5528436446057373,0.4084926336809484,0.475605952560185,0.4755641612922009,1.8083904551192755,0.18229707293976502
334,0.5510716202011381,0.41074622933283855,0.4722026227801352,0.47931713931886805,1.8169162277398567,0.1809985223851083
335,0.5510304963002142,0.40834859607680035,0.46882477757463314,0.47588840126690457,1.8324701609414062,0.19414058138921583
336,0.5506035949486805,0.4083085003767187,0.4726206784464547,0.4724875927935526,1.8265251994237957,0.19275320793684286
337,0.5522347665291524,0.40746391594166576,0.4692527357044251,0.4762474124395753,1.8277513753098844,0.19140637480209727
338,0.5506812184910247,0.4059203271405067,0.4730380001840302,0.4799827912143016,1.828980282652948,0.19004127355627176
339,0.5502812212381395,0.40822018680132577,0.46966768745519644,0.47656299806825125,1.8228473962608664,0.18891469264150643
340,0.5476224257046812,0.4081937653485958,0.46632473224028487,0.47317096407873366,1.817235444484055,0.18757005392394596
341,0.5474275120704858,0.4065092749079055,0.4630088886905206,0.4698064397876056,1.8256351494530156,0.1862469180209054
342,0.5455780519656955,0.40584214166985666,0.4597199133620635,0.47357266022405803,1.8309053631232093,0.1849239163824177
343,0.5445487930962586,0.4077109871210075,0.4655512045356943,0.48240751466941284,1.823480082517085,0.18578770029268848
344,0.5413490085495394,0.40668571118075547,0.4622507773718578,0.4789875882468367,1.816821186172197,0.1853644009365519
345,0.5406921059608428,0.4058300729147889,0.45897702328244716,0.4826775041909661,1.8393805832892376,0.18405161252103558
346,0.5401980896863519,0.40805179605886166,0.46278782496317383,0.47927950401402636,1.84048307520996,0.18278497999097224
347,0.5417267235898059,0.40805178634741346,0.45951681595780597,0.4829599842249855,1.834542607717141,0.18149304601314117
348,0.5423112036081223,0.4065158594847275,0.46333316164645566,0.49367178672809553,1.849833216968994,0.18021152565483511
349,0.5428850068083731,0.4049803118117236,0.46006484135393894,0.4901894598584346,1.8438462634049846,0.1930481886449445
350,0.5447144834559288,0.4049796077314282,0.4709165810013661,0.48673515312269844,1.8449499834589733,0.19873468195921853
351,0.5462337739805111,0.40495669999888934,0.4676014047769041,0.4833086167204103,1.8391835729221162,0.19733562208494898
352,0.5485489102841671,0.40960021970164745,0.4713456582667894,0.48694240451098025,1.833153485516075,0.1960760760347385
353,0.5510946986207402,0.41249969034148914,0.4682742679487624,0.49030685338684643,1.834085620710991,0.20196444004126732
354,0.5496064329336893,0.4110304808647363,0.47200631775699464,0.4868655123197189,1.842666081267917,0.2075656518673257
355,0.5501004087446308,0.40877709268579504,0.4687830332921466,0.4903771765897467,1.8368150857244718,0.20619861409393322
356,0.5525676542514735,0.4072620303194092,0.4725040626979685,0.48694221873186366,1.830953537880891,0.2117589750208986
357,0.5508115430495834,0.403682820417674,0.4691976092165294,0.48353473100531935,1.832136478531194,0.21027714395221764
358,0.5510501323642011,0.4053817863564146,0.4659193317793924,0.4941341746752165,1.8472901243388478,0.2088106925133028
359,0.5506452621486727,0.4038911992200475,0.4766329576948611,0.4976670118519647,1.8623265732292125,0.21433615570998782
360,0.551330727691929,0.4046061603380177,0.4733234372307687,0.501155835344322,1.8632562883135146,0.2128724532700053
361,0.5471405681904352,0.40339350076428393,0.4700244722784487,0.5046326744070496,1.8711791532503623,0.21138877697719216
362,0.5456742076566501,0.40042952999008347,0.4737145984318502,0.5011190060727849,1.8651132864139668,0.2099169141955036
363,0.5470160613767812,0.3995681598999255,0.4773753682866445,0.49763329025085706,1.866193806250728,0.20845676061873972
364,0.5487830247380641,0.3988503094948382,0.474058128886549,0.4941752803347944,1.8671977730419402,0.20702573997083232
365,0.5477123115395547,0.396172839191935,0.4707672332326037,0.4976866985980232,1.861269258351319,0.20558857421749943
366,0.5515858286883065,0.40059746207764035,0.47443693611731047,0.4942357685797426,1.8691647644096543,0.20416443522956906
367,0.5506524452106957,0.3989525052928319,0.4711499912642366,0.49773975195620684,1.8565227799518156,0.20274996433054818
368,0.5530526459581971,0.39892785340887693,0.46788908122317185,0.49429480961282307,1.864552155249534,0.2221096579022341
369,0.5532877489532662,0.39973404083110586,0.4647970141704462,0.5045626009580554,1.858502905934865,0.22064545620926856
370,0.5528758044287496,0.3997339751264965,0.4615865016257935,0.5010774138536813,1.8525754974669337,0.21912138229423972
371,0.5543946886618023,0.39824893275889395,0.4584013519362715,0.4976197595168645,1.8535942229721358,0.21760934847105842
372,0.5592898356866459,0.3967660595925907,0.4552413427689104,0.5010829390182384,1.8477100568459608,0.21610924919524385
373,0.5585719603627549,0.39669047901775906,0.45210625391572884,0.4976321550295071,1.8404264601582772,0.22023538089086617
374,0.5577267157153362,0.3993602537235336,0.45336511823417835,0.49671907885303224,1.832146461021469,0.22123191383651603
375,0.5598152100942498,0.3964067142410034,0.4571220811706866,0.5001780746662758,1.826427261897126,0.21971141061145355
376,0.5607981315198464,0.3971783013542066,0.46084949362694017,0.5036098636666742,1.8276079495739732,0.21821395473196403
377,0.561195405475361,0.3962612057936309,0.45768845287368454,0.5001555226620585,1.8225809655946668,0.22357391206099855
378,0.5615858428052546,0.4008087144402188,0.4545522319965683,0.49672830447001326,1.8165694261863015,0.22241688220789915
379,0.5611545990030935,0.40022171914149823,0.4514406146351591,0.49332797265489214,1.8171334178116012,0.22849075855331363
380,0.5605840470807385,0.4008173154948037,0.4483533864861582,0.48995429302905563,1.8175874558691427,0.22781347408865474
381,0.5609866267486191,0.39885499686245096,0.44529033528232265,0.4866070336298376,1.8188508081138695,0.22625710280410605
382,0.5634883982521703,0.3973842885287456,0.44225125077161903,0.4901109152288184,1.8132655525735117,0.22471290926994217
383,0.5626371145748656,0.39997932494429855,0.4434933657929364,0.48932996368450776,1.8051722603217226,0.22574267635283884
384,0.5633924778202368,0.39980234659304126,0.4404725931010643,0.49961961206283734,1.7997120481893158,0.2242050720396434
385,0.5629037185780511,0.3983041432933948,0.44427990090104713,0.5030244535959988,1.828402240888471,0.22267946720054668
386,0.5626620740086263,0.3975849694978678,0.44805752234000334,0.506402746880292,1.843187878283555,0.22797316435455417
387,0.5638480585325181,0.3961245671497072,0.45180571455490987,0.502963810921764,1.8374618663072015,0.2332159298458664
388,0.5660828628184642,0.39834667013452274,0.4623085614070657,0.49955193662433245,1.8521343190801676,0.23163435276095165
389,0.5668708799331144,0.4005207858171774,0.4591753378532014,0.49616630195331085,1.8532080480858055,0.23014212609414866
390,0.5653435092125313,0.39978684041569024,0.46283702840724783,0.49957754264197435,1.8609724818324322,0.22858393300831198
391,0.5648309257278594,0.4006022267435661,0.4597064905922993,0.4961984992795153,1.8550278392713981,0.22722370699289743
392,0.5662382498338542,0.4013358365137822,0.463357129624214,0.4928458120450882,1.8762780877878458,0.2324459740274191
393,0.5670482661328826,0.40059417649359336,0.4602293357952606,0.48951896113250953,1.8771009896480926,0.2309216228153031
394,0.566903727937196,0.40381704289330933,0.45712576060131677,0.4862178701620463,1.8693105658983693,0.23124624173677233
395,0.5655600160998878,0.40379863574737956,0.45404619559788106,0.4829423174235036,1.8634796874903443,0.22968838196467847
396,0.5655252445846695,0.40490109615268544,0.4527855670666368,0.48462701748132364,1.850938344721873,0.22814256587822054
397,0.5667273349262069,0.40621114057615854,0.449741335636094,0.48136870514538793,1.8385011790580128,0.22660900865414246
398,0.5645820466305034,0.4080506946817838,0.4527180517341333,0.47885469674429126,1.8322463691220514,0.22580758933901554
399,0.5619329342115501,0.4080420537942776,0.45639026271718325,0.47564162625614276,1.8199905812062198,0.22429244141160035
400,0.5615314856023703,0.4069727642711527,0.46673617244215504,0.472454520864651,1.8211960046485536,0.22949338045202525
401,0.5605939921666325,0.4054828941831342,0.46361067338125517,0.4759872294849386,1.8224112802432748,0.23465269928361684
402,0.5611987392760619,0.40766245172736126,0.4605092072413692,0.4728029665677394,1.8369772976601308,0.2330847218713779
403,0.5593576402296124,0.40448455484681195,0.4574315684908761,0.47632628812944217,1.8383401790156044,0.2315269884734368
404,0.5586890468657233,0.40425294889148233,0.4543775535150184,0.4731461236686874,1.8396646629413103,0.2364718821176952
405,0.5593000497756773,0.40377261611267695,0.47135626492508165,0.46999034874234147,1.8540955675774566,0.2348946694997696
406,0.5580152605932964,0.40950066661833306,0.4748778400684097,0.4668595870756863,1.875054463715849,0.23333370153006977
407,0.5555299847226938,0.4079219415822702,0.47171684331527375,0.47040840526015776,1.8764538033729203,0.23843697120606983
408,0.5542424193090675,0.4064499660237976,0.46858002593937936,0.4672802887209724,1.8778343870510448,0.23685141570824558
409,0.5563387046141313,0.40644995821937696,0.47211032446046547,0.46417607925816423,1.8786460953452124,0.2419211201087068
410,0.5573875767755948,0.4046903746983238,0.4756136656126274,0.4677320760484577,1.8662120903580786,0.24695211249133606
411,0.5583845485917361,0.4046903746964923,0.4790902784807158,0.46463107350935157,1.8538393481075903,0.24531485225820654
412,0.5591915651112321,0.40392200221566393,0.47591714726213225,0.46155370911541754,1.861384590946555,0.2503594470506631
413,0.5606025397454748,0.4024138142961194,0.4727681830011884,0.4651164051354864,1.8557342938535024,0.2487029130180325
414,0.5623463788229248,0.40461727630918964,0.47625317650472687,0.46204199509524724,1.876517861715905,0.24705906425276417
415,0.5636923211964306,0.40690251732461236,0.4732198931090113,0.4654827403280281,1.8706182724845573,0.24553924201534
416,0.5624949810542068,0.4111822795254028,0.4766949575430078,0.469008845232418,1.8710646973644052,0.24432656715953865
417,0.5648881747628627,0.4161358465193954,0.48014364724792186,0.47250818802538924,1.8784867014970148,0.24273432089775587
418,0.5678113820120674,0.4161358465190896,0.47698256283226015,0.4693973725892155,1.899037566059519,0.2411362498135415
419,0.5663527732578327,0.41542118971640735,0.4804224704584946,0.4728871683298975,1.9062786421758682,0.23955028658220634
420,0.5653936349495748,0.41388284612950743,0.4772658698946701,0.4697800782290724,1.9003666009372109,0.23797632904236007
421,0.5657043330064508,0.4160532117298523,0.4872586838981477,0.4732626514085893,1.9141421741795792,0.2429849741968481
422,0.5672632478450395,0.41668685509480863,0.48409353354589907,0.4832440171974641,1.9212325751001431,0.24797898212188466
423,0.567315044385118,0.4151443406745198,0.4809223402433639,0.48662917522613053,1.9348547634155484,0.24635452479539602
424,0.5676065844053654,0.4136100603808131,0.4777750695953763,0.5030772741443805,1.9615070589440113,0.24474232195097187
425,0.5683469413955592,0.41587348253914463,0.47492179619365743,0.5060557291372895,1.9549600298888083,0.24341266570172573
426,0.5683726348199957,0.4165646661399503,0.47189915765730484,0.5092026065643813,1.9551753362338833,0.24843351039069225
427,0.5681052670150778,0.4150150322752084,0.4688201876503204,0.5058802451495542,1.949002604492528,0.24681257228387266
428,0.5693953947739128,0.41259489181781667,0.46576436415233474,0.5025828599664576,1.9493239928481634,0.24521499390222998
429,0.5706601159616884,0.4095995881210086,0.4627314932485699,0.5058218410632344,1.94329449114231,0.2436182521215949
430,0.5731855176213987,0.408092599839769,0.45972138280083885,0.5025314239840211,1.9501684612622587,0.24203349323513793
431,0.5735377217704549,0.4079460668491178,0.45673384242997067,0.5057642678535652,1.9513116706181608,0.24046061701228996
432,0.5748389749241046,0.4070673782208805,0.4537686834984209,0.5089728925695884,1.945136018199069,0.2388995241394112
433,0.5743342625102651,0.4085516872210874,0.45091659956619323,0.5120666199193082,1.9453100833630075,0.2375505569849094
434,0.5739035268856617,0.4075778287940842,0.4544741782104396,0.5087488775326015,1.9416452188923479,0.23601143781323045
435,0.5697832024607127,0.4095173886831382,0.4580233403831441,0.5183830528672642,1.9484685677681532,0.2348550056810022
436,0.569270068096147,0.407638793823196,0.455061680275305,0.5150310961591791,1.94922991315734,0.23333639158402214
437,0.5678024502580165,0.4061879430764608,0.4585818261395032,0.5117041424151423,1.956410018242504,0.23828881946957362
438,0.565895371552936,0.40483200420222903,0.45562247937992717,0.5084019836521886,1.950343525337273,0.23675108027987019
439,0.5669471133839838,0.4018047822297501,0.45268516882769194,0.5051244137803262,1.9571105938831106,0.241671599366038
440,0.5650838283439377,0.4006604111941011,0.45621007547514275,0.5018712287870868,1.9595874981997372,0.2465555110674039
441,0.5633369951308814,0.39887651096560817,0.45970878018861433,0.49864222590468255,1.9770631555927716,0.2449691908915425
442,0.5648562824678811,0.39737702160263033,0.4567540036797949,0.4954372048154528,1.9772128870792802,0.24339465231010873
443,0.5657493936624118,0.3959435293181556,0.4602422253743829,0.4922559668167384,1.97735920499102,0.24183179770595922
444,0.5645419281369743,0.4019547346057784,0.4637038185884419,0.4890990812740413,1.996746227822329,0.24028436170857786
445,0.5628814409743276,0.40009048742495207,0.4671405333626814,0.48596481697506627,2.005256492544645,0.24515280933828376
446,0.5628456568881268,0.4012821493157178,0.4658852853322393,0.48752027694261135,1.9924191662571538,0.24358338322599427
447,0.5659429171171894,0.40566672830086714,0.469300529850335,0.4844030243125817,1.9988611272920167,0.24202752134528666
448,0.5677095889642584,0.40417912139195816,0.4726911936232538,0.48769719754097557,1.9924793584845968,0.24048119617476524
449,0.5673433811719464,0.4073281261650044,0.477199244753128,0.489824634868385,1.9861447356710338,0.2453289550242498
450,0.5702967452208333,0.41163070802381335,0.4805320768152271,0.48670206783313186,1.9926072840623559,0.2437667467336745
451,0.5708761275769615,0.41613231470606804,0.47998168489564497,0.4874611752506653,1.98628452606316,0.24858393256224554
452,0.5703648917326761,0.4162174552564635,0.47692730142989476,0.4843591957361667,1.9925630463837245,0.2543564535713003
453,0.5698192771840167,0.417171175928635,0.474098940599277,0.4937908466607261,1.9923850440547055,0.2529741333259923
454,0.5696894601108112,0.4201116224552162,0.47281181451347903,0.4952818991632443,1.984361812151631,0.25309605470899
455,0.5684926431036715,0.4242335779359433,0.47615654924356143,0.49848407289787,1.9907340585368238,0.2515617430241987
456,0.5704500684634201,0.422719396305088,0.4794767415191903,0.5016627502390965,1.9907956036574792,0.249967309888065
457,0.5693259955299205,0.4234569651005094,0.48060378675251875,0.5006551260359904,1.9781903562568754,0.24838457175095338
458,0.5691179682490931,0.4234569649053943,0.4775637396288587,0.4974882446717469,1.990979265107266,0.24681342141105425
459,0.5678713359545647,0.42494569124687226,0.47454594155403174,0.49434454061208316,2.003655237636228,0.25160382609923965
460,0.5712479410580535,0.42494463014558737,0.4841758835447229,0.4912238243747427,1.997323771375711,0.2500154922936054
461,0.5699677321676323,0.4213310960287584,0.4811224153718324,0.4881259081743063,1.9910341223092027,0.24843876289754588
462,0.5718863929070008,0.4218893441965101,0.47809123667252174,0.4850506059057638,2.028892029341928,0.24688078349568382
463,0.5730723827412986,0.4188777275521493,0.47508216565223765,0.48199773312825667,2.02871838104892,0.25162086002820255
464,0.5727964882877326,0.41596373477513837,0.4725226490121748,0.48482711572232823,2.021827882683349,0.250477054168096
465,0.5718144640092091,0.4159631616828775,0.4695545683737572,0.4880630974608943,2.028635484659993,0.24890371986042129
466,0.5732599885480483,0.41516362351342956,0.4666080792546348,0.4850004659735801,2.030817941276736,0.25112410974866756
467,0.5739921415241173,0.4126597998504892,0.46368300610553187,0.4819600946139844,2.027048016687811,0.24954986270242782
468,0.5713762153809765,0.4126596052334642,0.4607791749411947,0.4852043377754167,2.033148535400291,0.24798704789397127
469,0.5706614285814946,0.41440453584138437,0.46034681377501097,0.4859746409854975,2.026685336317735,0.2526923134059917
470,0.5734833168149961,0.4144045358320905,0.45746963574695,0.48918731113888647,2.026518569399926,0.2511129807154282
471,0.5748525012933681,0.41362073645917335,0.4546793829387124,0.492310626010409,2.0200461572531205,0.2496111901627629
472,0.5734168080941504,0.4136200819811796,0.45808083944429706,0.49547735631537926,2.019925874982728,0.24805423159548684
473,0.5745690606127902,0.4135980578464375,0.4552263999834166,0.492389887912302,2.0137350119597404,0.24650853108558665
474,0.573221210467832,0.4134921617995723,0.452392582627917,0.48932472514913794,2.0078861629409173,0.24497399760138078
475,0.5731741195123772,0.4113746522075232,0.4620169218892983,0.48628168780584685,2.0202805489469644,0.24345054091807278
476,0.5736346559254363,0.40989671628562857,0.4591465794717963,0.4832605972586525,2.0201563665351685,0.24193807161001485
477,0.5732336690440302,0.4096216012816618,0.45629692052779824,0.4802612764647478,2.032578534598727,0.24043650104305067
478,0.5708743762663232,0.40667067624931647,0.4534677783363805,0.48968399388679734,2.026179912500435,0.2389457413669369
479,0.5715124502847361,0.4065003176138317,0.4506589876500837,0.4990389287553757,2.0198470462871,0.23746570550784243
480,0.5732173648646931,0.4062587834855941,0.4602460525169462,0.4959509587455901,2.044524130664568,0.2359963071609246
481,0.5760100755433254,0.408427592207133,0.46975462668009565,0.4928948084687504,2.044239253549819,0.23454710534213574
482,0.5743292215382308,0.406938612646171,0.4730291414031759,0.4960264216791078,2.050160659191523,0.23309866658464126
483,0.5725562018258656,0.4069380062198246,0.47011088355661185,0.49296628675195675,2.044267645868169,0.23166061139259453
484,0.5760019163812935,0.40911594909264715,0.47337637586017084,0.48992835472230567,2.0501570977191483,0.2302337092943109
485,0.5755066117503698,0.4085609972286763,0.48277575471914125,0.48691187957612697,2.037559995559809,0.22881616680017935
486,0.574710246078092,0.4082944745926954,0.48808078805741906,0.49409492823093615,2.0250273347140224,0.22741679765013698
487,0.5706522691777824,0.40672888580611094,0.4850816925206698,0.49720354811495193,2.03161715808599,0.22601939640119845
488,0.5698120695606332,0.4058615905456265,0.4882425333449551,0.4941514498499774,2.043700887837999,0.22463196984275563
489,0.5675454931106859,0.40805265902705856,0.4852533842159247,0.4972485659979738,2.0495516521884687,0.223269360165167
490,0.5687106023288524,0.4065446779527646,0.4822805939055448,0.5003285539798109,2.043122980968217,0.2219015531346685
491,0.5676223274700969,0.41085494485831237,0.4854491095346791,0.5033866135532206,2.04259166578306,0.22081089723607192
492,0.5703812947399751,0.4093380300737562,0.4824810621940717,0.5064229195469967,2.0301035274266686,0.2194608541863548
493,0.5722076633466894,0.4093380276407554,0.4856420226819529,0.503329732569855,2.0299197846734476,0.21812040644996714
494,0.5735703071372034,0.4093373921382675,0.4948823440424285,0.5002585112704521,2.0297398356133343,0.22289128548535697
495,0.5754092220648159,0.4093373899550196,0.497961394320763,0.5033047899974369,2.0417499852277063,0.22153260505413946
496,0.5736315000358612,0.4079641034967104,0.4949290004419977,0.50023985688867,2.035508311427076,0.22018355646689022
497,0.5740749205288413,0.4101985788904481,0.5040511918515805,0.49723058571778006,2.035258471518716,0.21887814472499095
498,0.5741001477077048,0.40520827597788045,0.5009878462637869,0.4942086920182942,2.0411589571637294,0.21754792388681626
499,0.5727211634776188,0.405207584799118,0.4979461612111144,0.4972795406880536,2.0469825117759552,0.2222984838167842
500,0.5731045233544987,0.40520656950369854,0.4949259650745068,0.5003286944064287,2.0467019195867873,0.22095017535635902
501,0.5723378507928915,0.4079045407446458,0.496044985833003,0.49923842682552944,2.0384302707687185,0.22155383403755682
502,0.5711986179844221,0.40958818416393017,0.5112018958521137,0.5083228196226665,2.0684656460305466,0.22021584422490598
503,0.5736778462407398,0.4042541808433666,0.5081105874706917,0.505248921412355,2.0619988323501146,0.21888982319316108
504,0.5724691496640661,0.4042451630853657,0.5050410437364972,0.5021966652713249,2.0797582972306103,0.21756748923313454
505,0.5719121743043519,0.4056878595541152,0.5019930928793525,0.4991658803968037,2.085258129458797,0.21672521376829706
506,0.5702028710354893,0.4039906419620164,0.5003091049455131,0.5068719045683145,2.072686089584107,0.21541857246001841
507,0.5714679629083075,0.40195529796857066,0.49729574435472035,0.5038190162504564,2.0602041456631874,0.2201441046286241
508,0.5725955681482363,0.40050006340271416,0.49430352694187013,0.5007875484559636,2.0598432897177394,0.218819502456408
509,0.5705461531118657,0.4004443094201044,0.4913322863612156,0.4977773326570506,2.0657202270755666,0.22351521449185413
510,0.571657196998463,0.39754225126345427,0.48838185770433923,0.49478820178211536,2.0653461024667084,0.22217301551085777
511,0.5734485471127626,0.3961090298138352,0.4914510313205115,0.4918199902021096,2.0530096809621474,0.22084020984768934
512,0.5743252031044351,0.39610864336734747,0.5004917017473951,0.488872533717046,2.0526977840068894,0.21951672377220288
513,0.573983416704281,0.39500751486014596,0.5094692098188953,0.48594566954264035,2.0475375624736682,0.21820248418994068
514,0.5739731107378881,0.3957817395080573,0.5065263311531782,0.49489695568188957,2.0471489925794826,0.2170107978020835
515,0.5745816826332572,0.39883562111896204,0.5098996814610136,0.5034651131191165,2.040467732843909,0.21613960216094313
516,0.5750163737918258,0.40102155813429935,0.5128235187457924,0.5004615009220651,2.0461966667745504,0.21485424550650029
517,0.5744524263265701,0.40066811879977815,0.509765517294928,0.5034402828989115,2.053017608480539,0.21357305505702537
518,0.5745338372258889,0.40465929658245775,0.5096054730857036,0.5035216587329413,2.046744943355573,0.21825789213804322
519,0.5758324794618322,0.4068201065754032,0.5125238823947669,0.5005251278453262,2.064320207140453,0.21695903377341114
520,0.5755515080031467,0.40790064475865834,0.5128352424087175,0.5001361887841916,2.0571429199501874,0.21747593276199376
521,0.5751701813546328,0.4076804753100474,0.5097893789023108,0.49716574830023397,2.056902513400184,0.21618428594768688
522,0.5758155402369558,0.4099002971961628,0.5069826432587379,0.4999312169001268,2.0504224621260727,0.2151196939774105
523,0.5757738511292697,0.41256505717927044,0.5088804484383751,0.4979924305293606,2.0490992335214533,0.22079674669569818
524,0.5732295396385306,0.4154043264768916,0.5063868795292176,0.5004453018770787,2.0477703850467464,0.22053046258574785
525,0.5729877139490565,0.41660973318643146,0.5034415539438124,0.5033502113268716,2.0473906137648568,0.2193263823136481
526,0.5727233539117875,0.41656838853011874,0.5004663950719533,0.5062852333039067,2.0472352895127535,0.21803024212207778
527,0.5738456469905718,0.4150927571761194,0.49751177441953953,0.5032962597762899,2.052873914395465,0.2167430494902287
528,0.5751701709917793,0.4193375285314215,0.5057890384369034,0.5009120636838438,2.046372511072035,0.21575681615537312
529,0.573637946337103,0.4179617501254267,0.502808960432113,0.4979607205152935,2.03678581974375,0.21792170821546752
530,0.573520541714922,0.4208391761741476,0.501304209493087,0.4994609410740125,2.0292310111188043,0.21809750433326383
531,0.5730479143507063,0.41994073560913825,0.5042245029753354,0.4965361483789638,2.029035064133328,0.21683946337817134
532,0.5718470638952998,0.41564121862135833,0.5012625423416265,0.4936193513648689,2.033087572041884,0.21833761612261815
533,0.5713873121990684,0.41564115383098393,0.4983209242111877,0.49072258667400015,2.027027311073531,0.21705631972424225
534,0.5709339846760629,0.4142973309472045,0.49539949161935465,0.48784569973507147,2.0213675962421185,0.2216463684685082
535,0.5713655331939549,0.4128663357622843,0.4983547818348546,0.49084523018987913,2.021362503492705,0.22034825375566694
536,0.5734173080389287,0.4114413955983361,0.4954389881737238,0.4938242128433231,2.0153900292203497,0.21905903156906228
537,0.5719962357770486,0.40991888827952383,0.4983881428584212,0.496782805875651,2.0106181113579944,0.21777863345261086
538,0.5715993385843213,0.4098850438405087,0.501317129308445,0.4938820169762293,2.004720237061778,0.21650699152986547
539,0.5684375193288236,0.40907855353942696,0.4983928283853234,0.49683432278136025,2.0222255612248983,0.21527543113997255
540,0.5711751416212905,0.4076639394725548,0.5013159354116905,0.5055939944956376,2.022099743861876,0.21402091732721376
541,0.5736540792328386,0.40485413244350615,0.49839744550884085,0.5026505991960942,2.027809516371282,0.2127749607515363
542,0.5730976826402278,0.4045164340148271,0.4954988461051344,0.5055431033403163,2.0345584193776163,0.21153749579276548
543,0.5735188810303397,0.40523721745327485,0.4927163722189364,0.5083195234728604,2.0284520325010225,0.21042271095139134
544,0.5729523323020156,0.4076480806510199,0.49198655645117206,0.514847545826419,2.0166784551591115,0.20920169607665315
545,0.5734502161439615,0.40670429256604385,0.4891338253908493,0.5176606499062202,2.034001420063267,0.20799138823024543
546,0.5747926721489384,0.40522776566984253,0.4863076786581145,0.5204474388097385,2.0395828104505807,0.21259363737835937
547,0.5772265940742047,0.4004823064311196,0.4834934975360251,0.5174356966110969,2.0335623490054617,0.21136796337278255
548,0.5762231305855452,0.4012897166507815,0.4806999481369103,0.5202238742936449,2.0404213904782726,0.21015805029539314
549,0.5801959936198912,0.39995595780881876,0.4779237759130349,0.5172194407054816,2.05173848699021,0.2089443307097865
550,0.5802636482296764,0.40705782328738827,0.4751663955941413,0.5142353441230803,2.0500506015252045,0.20912820715623834
551,0.5793375570146763,0.40864786442390977,0.47310461143608906,0.5163582138076581,2.049085175938145,0.21438476742504425
552,0.579251026871194,0.40864786341678283,0.4703804889743108,0.5191430090122999,2.054560567084381,0.21890830810465103
553,0.5812184283921893,0.40864657673511784,0.4734269745592522,0.5219090020714025,2.0542649708777825,0.21764910033155904
554,0.5806592853366588,0.40751138456291836,0.4707064459420356,0.5246563323412946,2.055622081728475,0.2221340170592987
555,0.5799353997691493,0.40616080121295883,0.4680042508042187,0.5216444258707126,2.050370748415053,0.22085880728467988
556,0.577519064661395,0.40400983447681876,0.4653202535588229,0.5301227725563679,2.044346888181848,0.21959218539106495
557,0.578006526263006,0.40314679506590956,0.46265432918341753,0.5328148049864356,2.0613048513097243,0.21833685584832294
558,0.5759201411842921,0.40312041688749745,0.4600063149849354,0.535488751714439,2.0726448109910023,0.21708719912219057
559,0.5745607876673551,0.40311326715876683,0.46309389389358635,0.5324269311385794,2.0665502261081445,0.21584593672237362
560,0.5738743976236337,0.40311315910550266,0.4718728408745122,0.5293856602495437,2.060458940351768,0.21461300516786602
561,0.5734838200343847,0.4000528599537923,0.47488653587373514,0.5320711651658542,2.065224015953857,0.21338834150634634
562,0.5723570498301531,0.4007123861605494,0.47220355201636627,0.5347144854108543,2.065443288484637,0.2123331969426103
563,0.571726266380518,0.40058751527581055,0.4695143622103154,0.531669297086509,2.059375610217323,0.2168195993364751
564,0.5701622051402531,0.39966856764430775,0.4668431598249798,0.5286444773815241,2.053348517364067,0.21558605021093064
565,0.5692710034600782,0.40096817161439463,0.464189809356671,0.5256398728540528,2.0527943335829737,0.21461512612014289
566,0.571721413757589,0.4029335751157493,0.4615544066617236,0.5283330218069723,2.058171801543466,0.21339724915821823
567,0.572598455182425,0.40293356402798663,0.4646086023224435,0.5310084327601399,2.0464974653439607,0.2121868075454495
568,0.5712748776615753,0.4035755478278533,0.4619929734513351,0.5336488980359952,2.0462004377472556,0.2110205544292163
569,0.5705900476625385,0.4036334707324403,0.459377671666894,0.5306279583345269,2.03461707617319,0.20985825657630436
570,0.5725743619546586,0.4036334353197712,0.45677977407391207,0.5276271222452932,2.045732020660769,0.208671454750154
571,0.5725461330695997,0.4073571048995971,0.4598487521266319,0.5302958409809732,2.0450001516540315,0.20796604617828993
572,0.5716539627623645,0.4060328924285503,0.45725338637950136,0.5273028750217031,2.039147247942643,0.2067922951344496
573,0.5705164516225342,0.40594782085562686,0.4569198567159253,0.5277234813335598,2.0276499749542545,0.2056296404677627
574,0.5727068829520717,0.4046404068277035,0.4543461740393749,0.524750984599277,2.021866309681419,0.2044713948024048
575,0.5711772734846967,0.40333578176526375,0.46304364337295645,0.5217981852598245,2.0104981395172286,0.20332082430853418
576,0.5705298844197446,0.4010360054961213,0.4660621029657395,0.5244863606341805,2.0158236818850925,0.20217787165517184
577,0.5677566650267455,0.39941215130625896,0.4746764003619478,0.5271567529058431,2.0163494232311114,0.20104247998335947
578,0.5688885103762,0.3994121513062495,0.4720133742200694,0.524199301865965,2.021867892793541,0.20552478574036007
579,0.5708281137246051,0.4032940137223108,0.46937028714579754,0.5324682007704835,2.027346794120252,0.2043766312372104
580,0.5699538920655708,0.4039750028060703,0.4722228968960165,0.5296052973564518,2.021482663917232,0.20335091851603027
581,0.5701740875391821,0.40594602371041555,0.4752594389489063,0.5377453044658128,2.0156855901768114,0.20229879668858974
582,0.5694293852286176,0.4058520502395265,0.4726037857345612,0.5347404929265366,2.0044255430523794,0.20116839210183948
583,0.569083043723787,0.40651510425457393,0.4755478231498887,0.5373376700764881,1.998611632400935,0.20025314899567728
584,0.5684697256753152,0.40712506094509593,0.47846158819606865,0.5343520473704776,1.9985989081914382,0.1991582436511438
585,0.5669397644932233,0.4059708285683889,0.48136710925983056,0.5313751407918633,1.9944681518974967,0.19804872140148108
586,0.5646731502371174,0.40391323309056126,0.4786880652612754,0.5395487582648985,1.9889334490005917,0.19694648315485885
587,0.5666023307634038,0.4039132096998222,0.4815865218939861,0.5421088338486578,1.98900362855273,0.2014114021336372
588,0.5645386613483512,0.40130064030349505,0.4844659824168309,0.550206501515158,1.9891234343008204,0.2002926885858848
589,0.5641125351327242,0.4000514383759025,0.49287540620620635,0.5471535052846351,1.995200542762343,0.19918130073137916
590,0.5650137202031571,0.397459174791005,0.4901432633498593,0.5441204841154611,2.000770544375769,0.20362045728268116
591,0.5620838528683413,0.3970454141187849,0.4874289811466197,0.5466450228560938,1.9952285449620453,0.20249286169024028
592,0.5623604191563291,0.3982704754668807,0.48473242781379006,0.5436208746924172,1.9841905471193568,0.20137263148152995
593,0.5599464204031012,0.4001269852122254,0.48218240392670564,0.5460141992913035,1.9840200581451501,0.20052807711873238
594,0.5595794310360062,0.4022278770929528,0.48504134946266225,0.5485207202905243,1.9841130526385944,0.21050854507341998
595,0.5586527562175876,0.40221042725294914,0.48788166860872445,0.5510109109900515,1.9786850534344207,0.20934745874084199
596,0.5564420719284066,0.40240920409976516,0.485983955757011,0.552694321341485,1.9725018182337426,0.20910404207058514
597,0.5569295337239647,0.4062823044576389,0.4887680903094807,0.549697278134827,1.9725625430299176,0.20804364880446052
598,0.5588806848798687,0.40628229605118654,0.4915794075328469,0.5521735394434659,1.9672215191691966,0.20689959523110282
599,0.5583635347897566,0.4062822906442473,0.49437247057157746,0.5491401148992304,1.9674016139850905,0.20576297012045558
600,0.5576380689352786,0.40608948848066684,0.4916592969274351,0.557102602772084,1.9786219237582015,0.20463371899766183
601,0.5592751374361098,0.4052894457924348,0.4893320511983337,0.5591625049988725,1.9677738717320037,0.20351179259006774
602,0.5587459533270328,0.40507309955116744,0.4866519056172482,0.5560998874711398,1.968186562331278,0.20768985409761723
603,0.5567686092129207,0.4037589307024204,0.4894607804159057,0.5585287653667572,1.9738496712646574,0.20655344236550957
604,0.5540913521168959,0.4015987701122912,0.49771770159250944,0.5554757311054098,1.9713910070848808,0.2054243783397256
605,0.5552534273228886,0.4003321184365504,0.49499979250725373,0.5524424201916531,1.971844450059113,0.20976283759360376
606,0.5563836804521081,0.3990296060517171,0.5141205719510196,0.5494286886519848,1.9720116689278586,0.20861852126958422
607,0.5555961878541272,0.4021347264551799,0.5165016449595686,0.5467012827418951,1.9879799318142943,0.22436487254270068
608,0.5555466672518815,0.40066025168426145,0.5136896103339672,0.5437248296135585,1.993589716015429,0.228587730189194
609,0.5529910270589299,0.40055168199251945,0.5108956808388763,0.540767540215233,1.9994004956535738,0.22734445411597098
610,0.5528363717066296,0.4036786434968439,0.5081199231827042,0.5432625853108157,2.015703286809235,0.2261101683773897
611,0.5527206309310658,0.4048717887621201,0.506266210961117,0.5502654671716137,2.0096861279193927,0.2253964093870989
612,0.5526761260362533,0.40343375805001636,0.5035209052098055,0.5472815687421562,2.0151572302321576,0.2295968156704208
613,0.5549759321695431,0.40216288710421555,0.5007932153518383,0.5497340497825259,2.0259096095585596,0.2283530363177744
614,0.5554466747467016,0.4007242934479401,0.5034948316477429,0.5467589891203339,2.0204444503193746,0.22711723123036917
615,0.5588129672478788,0.3994591719835479,0.5061791416351796,0.5438029864263695,2.036554249968483,0.22588934259804355
616,0.5583061245939157,0.3994590621570902,0.5088462706820114,0.5408659036436488,2.0363610159666368,0.22466931307355578
617,0.558128725785868,0.4050965098152695,0.5061007362121194,0.5379476038199071,2.0416211269922386,0.22352687209730318
618,0.5570040487722588,0.40388038664682524,0.5087629589535525,0.5350479510980016,2.0471281156707715,0.22771222844593622
619,0.5572966355108274,0.40134227618662155,0.5060233586843943,0.5375516372172457,2.04153636017738,0.22648603760133493
620,0.5583972144228292,0.4038403823272661,0.5033030265133458,0.5400375601216593,2.052066527953677,0.2306524911487742
621,0.5582292892356981,0.4050384799032997,0.5005982420153128,0.5371353617560114,2.0571438482800923,0.22942991560519668
622,0.5571340067799259,0.40668586123866224,0.5032787935234534,0.534252229991223,2.0675867786818833,0.2282055774336411
623,0.5564241890189462,0.40668579389500725,0.5005795431579791,0.5367501890838634,2.0565017648784667,0.22698163556241993
624,0.5557723805343173,0.40675003220657485,0.497897453195033,0.5338742979004777,2.04548309098787,0.22579851942076262
625,0.5541057501097808,0.4053405493447081,0.5005850144596915,0.5363692889922298,2.0392714435103105,0.23001058233312988
626,0.5540616245703461,0.40373703521191023,0.49790825405956907,0.5441957093093807,2.044976842165977,0.2287806549469436
627,0.5538060201965822,0.4038238640502467,0.5002500049177528,0.5416290424575244,2.039085396380353,0.22790015180829917
628,0.5527179310351013,0.40738078414825263,0.4975803804938676,0.5387385954685875,2.0330785828088027,0.22714560696259095
629,0.553357773346108,0.40850420795378906,0.49492765678615047,0.5358664471675566,2.0435642505568543,0.22595136935969434
630,0.5557526314281399,0.4085041985363786,0.49229171266519184,0.5330124664055952,2.032680475878973,0.22474797089222176
631,0.5556036721230522,0.4092373449849463,0.48967242796128346,0.5301765230729514,2.0267222233646462,0.22402643815278137
632,0.5550582467232831,0.4071509527196754,0.48706968345614154,0.5273584880899965,2.015949633712675,0.2228356756192724
633,0.5536813933317566,0.4084484521880905,0.48448336087470695,0.524558233398347,2.0212631741381832,0.22705514510922215
634,0.5546502247805493,0.40595353142381624,0.48191334287702126,0.5217756319520682,2.026455169532904,0.23115535235824178
635,0.5557651459769146,0.40652768751291407,0.47936022501942477,0.5243092006228902,2.036911558408273,0.23523187910297097
636,0.5552689057129191,0.40527442988097906,0.4821165222774774,0.5215334772120106,2.042145016899314,0.23398654784989434
637,0.5557318757212696,0.4052701776146484,0.4848554872026284,0.5187752082908671,2.047272410246002,0.2327490475721554
638,0.5566407370918584,0.40574873415542945,0.4928536911417842,0.5213247829259432,2.0526167422315478,0.23683403135509143
639,0.5561723562080492,0.4076109348523481,0.49038321535953283,0.5237204218891774,2.046929917260513,0.23571487898111523
640,0.5531192743109057,0.4050278327959844,0.48779746181616324,0.5209588837813894,2.0396683363854096,0.23447197228190556
641,0.5531164499317256,0.40495494289316125,0.4852365708762921,0.5234736493227706,2.0447010578611717,0.23326283115967428
642,0.556898248701602,0.40372967700546203,0.48268306731690735,0.5207189273850241,2.054990601370876,0.23203531141901929
643,0.560014086332832,0.404886447922827,0.4801455400828089,0.5179814407213734,2.059957483887721,0.2308166262300501
644,0.5598390800084785,0.4048733599588241,0.48287575055328513,0.5205129417836438,2.054414239538894,0.22960440623718195
645,0.5613522129762315,0.4036512041976868,0.4803422823652159,0.5177820053512879,2.0593775041470375,0.2336463833436952
646,0.5608379640376678,0.40364812129179756,0.47782462525210706,0.5150681123698216,2.053831514166734,0.23242175353163513
647,0.5604836685811341,0.4027567084821737,0.4805588100059894,0.512371142255648,2.0483135020226593,0.2312047600736736
648,0.5606837508679289,0.3994008837894578,0.4780450505387345,0.5096909753691491,2.06383247103391,0.22999534898306775
649,0.5603403017910648,0.39819111485397485,0.4755469396791615,0.5070274930066373,2.0687351733889874,0.2287934666954081
650,0.559827183284107,0.3971837149013897,0.4737348645343031,0.5141509953573464,2.062820637766424,0.22796712778939787
651,0.5592712590500446,0.398752412276389,0.47429311347021125,0.513655924568518,2.0520628664535994,0.2267792961552273
652,0.5598884661637685,0.3981755348710442,0.47182203340745366,0.5109797631858833,2.0569773551217123,0.23083214764333368
653,0.5646440712417847,0.3981755348710442,0.46936628471622405,0.5083202055649172,2.0775000777036188,0.22963070789628542
654,0.5650709191433968,0.399990371962993,0.4669391656080196,0.5108633463919682,2.0770703399532096,0.22846357117684585
655,0.5639085298594995,0.39760336188430034,0.4645136872593566,0.513404127830141,2.071547278009798,0.2324712561689297
656,0.5639815120440782,0.39640916474413246,0.46729244825628735,0.51073995634315,2.0711760689929046,0.2312649096308762
657,0.563196702586391,0.3976421275514081,0.47003786371322626,0.508108421827065,2.0759426427736387,0.2301145157717242
658,0.566825283316031,0.3982531720407935,0.47278158119375047,0.5054778816898445,2.080726446458383,0.2341034144182883
659,0.5655215533821899,0.3926593969616454,0.470335558502544,0.5080363830597209,2.070571295150059,0.23806592172994756
660,0.566088478639815,0.3933043912409858,0.4679203842166001,0.5105633422543249,2.0702206203560034,0.23687166497417503
661,0.5671447659125429,0.393304391240976,0.4655043487103447,0.5079271263409187,2.075021394455314,0.2408119616901192
662,0.5668455627846268,0.3910893663806793,0.4631031903940706,0.5156235167162161,2.0749492965041823,0.23956980864456237
663,0.5669105531305154,0.39443125636928617,0.4630327845292316,0.5158035445196378,2.069410309736819,0.24348833641969406
664,0.5654138270639979,0.3944312555014451,0.4657970276323033,0.5182961300519221,2.074200930725903,0.2473827681246387
665,0.5671839326472514,0.39799153326136005,0.4634049847816677,0.5259127128587482,2.078957416164809,0.24611592500222865
666,0.5661377956392762,0.39696228619506885,0.46102419759683794,0.5232107862756686,2.0924872160735926,0.24998907658259292
667,0.5659568192020668,0.393473727511982,0.46379046938952273,0.5205254277989997,2.0868810321847584,0.24870601762531444
668,0.5657918972374902,0.3969987551563711,0.46141246251379325,0.5178565220581651,2.0862360014734507,0.24763038312694594
669,0.565608453574667,0.397597598340715,0.4590490130960472,0.5152039545725225,2.085755995817657,0.24643599345763081
670,0.5645052498641847,0.39726553786762187,0.4618171056976557,0.517684697521745,2.076850432702864,0.25030339091254294
671,0.5660875428437976,0.4008829604904244,0.45945630993067366,0.5150383082315638,2.071229430463571,0.24914002096181512
672,0.5649716904180302,0.40084892725283594,0.45710993003725353,0.5124080787523823,2.0709404327776975,0.25297455977983613
673,0.5646359474196863,0.3967430602153578,0.46489559631638133,0.5149814392500875,2.065429413415733,0.25177195958989806
674,0.563411056216621,0.39633547186786033,0.46252618234733084,0.5174534130931792,2.0661467502531132,0.2555854223702356
675,0.5624524751782044,0.39483810386087,0.4637879927750421,0.5162935378407142,2.055626831415025,0.2543569795449884
676,0.5611009785500978,0.39462507861360263,0.4665154218446578,0.5187538987581838,2.045925984606766,0.2530631990799426
677,0.5603430604341734,0.39385774189614353,0.46922626571424364,0.5161179072340522,2.0355298342022405,0.2517772859534269
678,0.5614611677324985,0.3915770577049245,0.46684432660197206,0.5134979315003553,2.0302731612814933,0.25049918579404823
679,0.5628840012710097,0.3904419921362316,0.4644768476198746,0.5108938609549847,2.0351910033638196,0.24922884464688985
680,0.5637078938710933,0.39221745556832616,0.46212372898422827,0.508305585842434,2.0349990637452295,0.24797987476679526
681,0.5639557137082644,0.39057408990052844,0.45978487167456883,0.5057329972467316,2.0299983181592935,0.2467248222638182
682,0.5629457792535665,0.39273357045519763,0.45941320998541973,0.5062790022357362,2.022837564974426,0.2474304023528963
683,0.56186794976241,0.3927330421024784,0.45709271653149375,0.503721789937497,2.017673622273918,0.24618063282846228
684,0.5610913198348619,0.39245155100307433,0.45983219721450774,0.5011800371278259,2.01758444213526,0.2449384187180582
685,0.5594122968557572,0.39136992194046266,0.4625551303316585,0.49865363752808495,2.022536702976279,0.24370370808082534
686,0.5597055062660753,0.3926040690319153,0.4641865772567432,0.4972175379690787,2.0174292868088854,0.24751779125426582
687,0.5601325293004814,0.3926039724091178,0.46688216380168357,0.499746951347235,2.037466026804847,0.24627257118433474
688,0.5576210978583799,0.3925196692113781,0.4645357767154151,0.502261053901681,2.0326877141342146,0.25003192193216844
689,0.5565849993967799,0.39662527139500114,0.4622034452614836,0.4997393121697899,2.037491785263578,0.24882931809005052
690,0.5539490897748848,0.3966251728903308,0.45988514338965314,0.49723273937223084,2.0373112784318907,0.24758124977769053
691,0.5537489563749879,0.3962349607565803,0.4625915225231069,0.4947412316978217,2.037450683638491,0.2463406826649141
692,0.5536587022550026,0.39571117091979374,0.46027591000794704,0.4922646861233665,2.0373230789063954,0.24510756545459295
693,0.554102250802728,0.3953366621886682,0.4729763995855221,0.4898030004071288,2.0471563085785665,0.24388184723870177
694,0.5546893213162425,0.393656811240987,0.47061353354518964,0.48735607308236345,2.0519131171267904,0.24266737693721951
695,0.5532230786418565,0.3926250037182909,0.4782194844575159,0.48495062960359814,2.0566045404055604,0.24150388256185037
696,0.553976084072365,0.39150333074368293,0.4758351986836164,0.48253278398085214,2.0563229282183983,0.24029980307481963
697,0.5523906382174611,0.3909935310660705,0.473468922649434,0.4851064196414881,2.061044426347639,0.23914668755110777
698,0.5502642152571988,0.39495135167446044,0.4711130385018709,0.4826926296982764,2.0654623111861254,0.23821114751209652
699,0.5498739669046054,0.39408594493240534,0.4687712197401829,0.48029325085715896,2.068096427540611,0.23885220978622285
700,0.5515102411760857,0.3957994385762752,0.47636520907828284,0.47791805291039513,2.0677484029496846,0.2376759725729378
701,0.5516816762777497,0.39643421920537547,0.4740020138348598,0.47554715418005095,2.0624048214464077,0.23655656796782784
702,0.5518606886130208,0.39590343545025547,0.47165289243864944,0.4731903751745075,2.0720058000774904,0.2403438672088768
703,0.5515837073343702,0.3947909543511947,0.4693177494375548,0.4708476201305154,2.0766305999814305,0.23915393005728425
704,0.5529144507849301,0.3964899271190385,0.47194251465120257,0.4685187987521188,2.0910896562908095,0.23797110077876024
705,0.5531051973744319,0.397504600240564,0.4740084050962074,0.46674709406258774,2.0807574221306537,0.23679527129564154
706,0.5516157115812583,0.3936030470619753,0.47166862986943664,0.469379308861949,2.080358791613457,0.23562641499765763
707,0.5518886991931602,0.3956389416402985,0.46934273117945535,0.46706469930250355,2.070102370767945,0.2344646491108597
708,0.5510500926189104,0.39563774174905586,0.46703068734308795,0.46969001824099427,2.0846220449204966,0.23339980188750795
709,0.5525693955043033,0.39788843986442596,0.4656652868190259,0.471366839008832,2.0752958935910817,0.2362394920814018
710,0.5562764562444229,0.3957107975954815,0.46829231243139996,0.46904939129608986,2.0798421477095914,0.2350780343264723
711,0.5578183975873819,0.3946265416428929,0.465992281631374,0.46674564208202934,2.0696282027198243,0.23392344198103499
712,0.5565342958155195,0.39370558222414676,0.46861245400414153,0.46445549908516587,2.064363267334293,0.23277566879548284
713,0.5568068728033171,0.3937036642552809,0.4663154494260498,0.46708058546488535,2.0640567523585274,0.23163466886617481
714,0.5578396494215601,0.39557428056675725,0.46403198871200574,0.46479337802083753,2.058640796125876,0.23070977782721844
715,0.556188159632566,0.39540958858143765,0.4617619808270149,0.4625196454794078,2.0589884668993887,0.22958116379294483
716,0.5556790154615169,0.396848825616568,0.46245191126402885,0.46219975313051453,2.048936604165359,0.22845989355223711
717,0.5550221171592583,0.3958940835625088,0.465076300081324,0.45994322596784776,2.0542760280517234,0.22734451875619083
718,0.554540225487026,0.39459070649334727,0.4628079986294192,0.4576999598907025,2.068912163309333,0.22623569875851066
719,0.5541912816368342,0.39789387564521206,0.465745301291663,0.4648947586899694,2.0633842125734585,0.22545329068199024
720,0.553645071379162,0.3978938623799269,0.4634782755305983,0.4674993955238061,2.0533629592545,0.22435589170345965
721,0.5538006572419945,0.3978933427340869,0.4612245394319111,0.4652261060959462,2.0725565460433195,0.22326492585073146
722,0.5537662095273683,0.3984941957826017,0.4638418013788759,0.4678239292434026,2.0720108604917904,0.2224004637698144
723,0.5525038730067179,0.3975731020913391,0.46159080407810604,0.46555360690757186,2.0703063603134875,0.2213211672464144
724,0.552028913862766,0.3957575193066767,0.4593529696900734,0.46329656048938955,2.060269325940315,0.22024818200821686
725,0.5516402486392765,0.3952549353918953,0.45712821039963825,0.46105270141981425,2.05996392390774,0.2192224881020641
726,0.5506516778896517,0.3949541324716177,0.4597548439073382,0.46366034665107075,2.0516561059480245,0.22300975261242756
727,0.5504808628035462,0.3924202168819375,0.4622895914902033,0.4614957770196663,2.046497158823386,0.2220112984638149
728,0.5496326891732495,0.38932378385773164,0.46971479175038006,0.46892481040172385,2.036780553399864,0.22093926413147708
729,0.5487956586093953,0.3878642362775064,0.472258260419613,0.4666773388552486,2.0365809836302637,0.2199553600782931
730,0.5490593135272956,0.3943537627714271,0.47172578178225677,0.4723231822303462,2.0394804130549202,0.2254578446491683
731,0.5478152871928023,0.39345246230161324,0.47426903820370325,0.4700492893830708,2.035717636830886,0.22437242898549278
732,0.5483168232290159,0.3922616946923126,0.47198805959360546,0.4677886054918446,2.035597035085563,0.2232933184596402
733,0.5469309147312482,0.39134725779534835,0.47931043546004076,0.4655602362256262,2.040201870328307,0.22225518603932737
734,0.5453584971456072,0.39244204624710716,0.477009816287327,0.4633256159747948,2.030409586291097,0.22118839934171947
735,0.5463871891558673,0.39556114837493084,0.4795173558222609,0.46110417129923786,2.039852972149143,0.22012869671969085
736,0.5455830000856411,0.3967416246367338,0.4915911274137882,0.46847588587346456,2.0636152916241377,0.219076915895401
737,0.5477446842905825,0.39674162463632257,0.48923863082331515,0.4662340066718725,2.077667284550695,0.21802852899629924
738,0.5476179810212538,0.3978074322617196,0.48694077543160924,0.46874473362396474,2.077217064386505,0.21706830076766717
739,0.5478243660372899,0.39678479243239423,0.48461518880746063,0.471281962387355,2.0816389919951597,0.21603160151744621
740,0.5475867409982499,0.39833644579223143,0.48231940742173784,0.4737881646018685,2.0812176155996376,0.21503425489123965
741,0.5474670552609862,0.3973482399930826,0.4800204944744571,0.47152991471784667,2.085590192921286,0.2140161372639107
742,0.5450020592592668,0.39840982742549014,0.481863796081359,0.46991731099323325,2.079788473115979,0.2136299073040665
743,0.546700307170702,0.398409808353889,0.48432849082515017,0.46768198615458645,2.074652282435813,0.21261370248057262
744,0.5443707885760569,0.3982396290387103,0.48202691693133143,0.47021161071123546,2.0698157350623796,0.21160334245350973
745,0.5442284770546881,0.39820687479868294,0.4797385698217155,0.47272669791228844,2.069599319425549,0.21059878880706356
746,0.5440579418954886,0.3999856900567516,0.48475078641933494,0.47268251747151624,2.064534672794358,0.21434877260803442
747,0.5444606718053905,0.3994971420517922,0.4919298217275085,0.4704430149183583,2.0645275266859144,0.2133332186034358
748,0.5435786015549566,0.40249249650260666,0.48960145771230384,0.4682163505878778,2.05912223555328,0.2126902490841333
749,0.5433038031089144,0.4022449874560819,0.48728643031406815,0.4707308319051418,2.0543632927994606,0.21168456630641438
750,0.5429127711981284,0.40144291364689844,0.4897083177286291,0.4732309224291926,2.0587841019739965,0.21068463921786798
751,0.5440491783097043,0.4004089792899311,0.4873974114917636,0.47099777210168425,2.0679464889734334,0.20969043015677105
752,0.5440483946353961,0.402951906660335,0.4851333024968384,0.47817224330935326,2.0817184666588378,0.2181807475278575
753,0.5449632420942432,0.40295189829069494,0.48284855956007794,0.4806297993566672,2.0766241905803655,0.2171532218575194
754,0.544865652118347,0.40144183146360574,0.4805768495024909,0.47836852814117603,2.0717768136271104,0.22083636739853596
755,0.545214553683193,0.4013680803819528,0.48771829959250346,0.49022046372329775,2.07637764185538,0.22449851917788732
756,0.5450223940184424,0.40287649057535874,0.4901236713868596,0.4926140868351999,2.080747972077819,0.2234881048005835
757,0.5446848490722067,0.4020832383262482,0.4878246407683993,0.49499408971578013,2.0756784909984516,0.22243978572155532
758,0.5490884139350658,0.4020832383262482,0.48553868135088113,0.492674534067219,2.0940679673823106,0.2213974268890864
759,0.5488179024122475,0.40396265250988245,0.48326570811092434,0.49036815545114804,2.087736808890782,0.22157045436875533
760,0.548936275000153,0.40674054689270167,0.48991185610521654,0.4978753058353732,2.0780142569960125,0.2205380169038849
761,0.5506150967450149,0.40673991122223313,0.4922949827837313,0.500221227356834,2.0683094240801734,0.21950766550677653
762,0.5509207994147071,0.40466656028118647,0.48999728442258167,0.4978865346735755,2.0679915276918654,0.21848315292604142
763,0.5512075709688371,0.40520055352150053,0.4969731684543074,0.5002924548194698,2.0629560585163538,0.2175292143780058
764,0.5515269118427126,0.4056176141623805,0.4946582699321927,0.49796209507814065,2.0673166058482937,0.21653805352852912
765,0.5513836110542013,0.40502380755430345,0.49238976270143836,0.500264942254484,2.0669367681866486,0.2155971019008029
766,0.5515670212456311,0.4043927513987181,0.49474948447066436,0.49793936647236253,2.071261647097498,0.21459485817647445
767,0.5521121278023192,0.40535011379723596,0.49706768272969126,0.49565512149612434,2.0801749819572817,0.22294296809450748
768,0.5520545490492952,0.4049856411891157,0.4947615868175953,0.4933555790209133,2.073706435214065,0.22190864644130745
769,0.5530912776587464,0.4049282305108355,0.4924684840570545,0.4910689927734686,2.0687349861300044,0.22088015242863457
770,0.552827877985768,0.40642356419920217,0.4901882906185561,0.4887952791625031,2.0683834661226634,0.2198908123672641
771,0.5494743913881772,0.40688931722099814,0.48792092327506587,0.4865343551974962,2.06803122800025,0.21890963700776261
772,0.5485522244576775,0.4068870253706125,0.4902871790731256,0.48428613848396757,2.0677675166754383,0.21789808191526855
773,0.5480519104982952,0.40557616602284163,0.4926401465435138,0.48205054721879087,2.0685710468322913,0.21689220747468788
774,0.5480172087882451,0.4055761660223938,0.4903682640147028,0.4798275001855475,2.068254894688284,0.21589197714377742
775,0.5486795905229237,0.40636541222138756,0.4967911957355343,0.478148915515933,2.0633339621050526,0.219504393472658
776,0.5480125694133687,0.40729088819942266,0.49450474750494655,0.4759482671324201,2.062832940919926,0.21870658444372018
777,0.548357603690018,0.40626668962541085,0.4922310972867417,0.4737599365109653,2.06732718733626,0.21770100810506568
778,0.5480472730759007,0.408284278695253,0.48997016299754265,0.47158384464840175,2.071570823556841,0.21674249734669948
779,0.5495757792669242,0.4082842777404746,0.4877218631406783,0.4694199131062522,2.0666538782376485,0.21574794265222627
780,0.5489218987114375,0.406684342727786,0.48895037745585257,0.46838786346510064,2.0617642727399867,0.21934883367251118
781,0.5487832690814584,0.40566982278088065,0.4867112397909024,0.46624289138767355,2.0569514424335043,0.21834433043888118
782,0.5487809792174043,0.4036107393867531,0.48448458397791067,0.4641098762454294,2.061254602962471,0.21735667503996697
783,0.5487366958984674,0.40361072655919455,0.4822703302563867,0.47112939871289866,2.060974688596672,0.2163632836245917
784,0.5485026002876613,0.40498682631593574,0.48006839943399676,0.4689783347156412,2.055380538396766,0.2168059231207991
785,0.5491207283989301,0.40498682631592636,0.48243990989998775,0.46683923213389694,2.0551315407938997,0.2158170285908069
786,0.5489742832712431,0.406500162847288,0.48637827312712956,0.46768862360133967,2.0457670580857297,0.21483406049040593
787,0.5481927969584579,0.40647491145748205,0.49326840597874455,0.4655596658223973,2.0457712555344734,0.2138561178568201
788,0.549145497651384,0.4079898020971363,0.49102525116513074,0.46344251744484855,2.0409868249452185,0.21294625438413226
789,0.5511908911362423,0.4079898020184721,0.49333751768278894,0.46133710333854944,2.0453436123131157,0.211978841962985
790,0.5516985416378869,0.4084589262257386,0.49111314467186507,0.46376718322291,2.0451526565747327,0.21104982150297355
791,0.5526609992672068,0.40747635925832404,0.4888864810031959,0.46166450373080753,2.045207594552689,0.21462642723008254
792,0.5515044537734443,0.40629123793496996,0.4912015084191724,0.4595734497019144,2.0571610381730663,0.21365430255569326
793,0.5508777567348616,0.4061372543682673,0.48897889379451254,0.4574939473939916,2.056938235163975,0.21721240205286108
794,0.5505211241822893,0.4076492897396218,0.4867685476260407,0.45542592358651346,2.061093345803058,0.2253819050764672
795,0.5513458497931096,0.4099338191201447,0.4939112313306658,0.45757590350109234,2.0531880347122877,0.22747773590114242
796,0.5518583225344348,0.41136308004151956,0.4916830501884056,0.4555116418794504,2.053015756519427,0.22649501027482977
797,0.5502881532856461,0.41034351465034535,0.49397392780763594,0.4624723261810297,2.0528116198941553,0.22547424488406662
798,0.5527174552377218,0.41034351464479557,0.4917499162968463,0.4603901438654302,2.061578930700845,0.22445909552540644
799,0.555225702432214,0.4108102256754239,0.4985227721955702,0.46282812205115303,2.056798014977833,0.22346510334379177
800,0.5550244972001617,0.4122507856875919,0.5007760546285476,0.46524179088586964,2.0610674336230486,0.22250044786655102
801,0.5550241227731734,0.41051256264937436,0.5030163892338816,0.4631539953279281,2.0697685868703424,0.22150401431707828
802,0.554757284060503,0.4105097709110735,0.5007607067820746,0.4610770682891558,2.082949920254885,0.22051072119821827
803,0.5546075568069442,0.41046834232915563,0.4985173839591087,0.4590115214193024,2.0870908894083344,0.21952287066028076
804,0.5554739610378958,0.41188852490554917,0.4962863429978154,0.4569572831139918,2.0820816274654845,0.21868475539827095
805,0.5561256144928945,0.4118863612651889,0.49406750667710914,0.4549142822716555,2.0772717636261366,0.2177070422596594
806,0.5576476665296167,0.41088753680381984,0.4918607983177843,0.45288244828966245,2.0771163333136657,0.22120108383502715
807,0.5597278625015585,0.4098805671558756,0.4941280882212094,0.45978560394620704,2.076775426449265,0.22021409644585205
808,0.5576471481064763,0.4097954354464417,0.49192551882669855,0.4577361157195122,2.0811742726999807,0.2192324950339235
809,0.5586809891384749,0.4086891974124731,0.4897349590114886,0.4556978023922081,2.080797563973653,0.21827149751707525
810,0.5594393322622064,0.4076944424885401,0.4875563335432123,0.4536705939606656,2.0759895848052135,0.2173004991541049
811,0.5609853421717902,0.405712729467694,0.4853895677156362,0.45165442091082253,2.066769454485876,0.21633478655129523
812,0.560698088113965,0.4057061310586794,0.48323458734462593,0.44964921421442927,2.062050872889042,0.21537432664528866
813,0.5592584925291824,0.4071383673251922,0.4854867202343409,0.4476947587739842,2.0617019958715566,0.21450993724674805
814,0.5576019332129011,0.40713499222073896,0.49219725881312176,0.45014192492170096,2.0617440798323354,0.21355948192314145
815,0.5566882067595735,0.40659952311294095,0.49444499345103393,0.45257581300666966,2.06587522742877,0.21706354025202698
816,0.5570499149395226,0.4070232078046218,0.4922585729719042,0.45057453674940573,2.0699305557490675,0.2162051142973154
817,0.5567856112004478,0.4070227499544629,0.49008399644073897,0.4530016508386458,2.0784588246545805,0.21525001753865383
818,0.5593422245246812,0.40602685886986617,0.48792119009678836,0.4510024938545993,2.082526617911425,0.21430009036933362
819,0.5585444220144545,0.4049643242726695,0.4857700806923515,0.45783159488679187,2.091326727557012,0.2133553006181984
820,0.5582726348837881,0.40397198752115887,0.483630595488863,0.4602194761636408,2.0953331515073867,0.2124156163377094
821,0.5577383944202963,0.40397198748222957,0.4859025766829507,0.4581945498495292,2.086113869635671,0.2114810058022406
822,0.558752846509023,0.40397169812968514,0.4881623005001423,0.45618054804706576,2.081340821716726,0.2105514375063882
823,0.5578411909534206,0.40396615128454544,0.49040984299688206,0.45417740297017195,2.0766231639427057,0.2096268801632936
824,0.5577081720319859,0.4078240053048769,0.4882585452359067,0.45218504730266645,2.0850603225092867,0.20871245188479914
825,0.5600988537404802,0.40927538885560205,0.48611882543698265,0.45020341419469195,2.0978346017788176,0.2077978073432826
826,0.559322739440399,0.4107235009188894,0.48399061191693976,0.44823243725917145,2.1061614056623887,0.20689103012703214
827,0.5590227948713393,0.40973203033250377,0.4862474274721719,0.4462720505682935,2.1015838864722944,0.20598617276239536
828,0.559251077638549,0.4087247770297033,0.4884921268104073,0.4443221886500267,2.1055215251692445,0.20945539590181528
829,0.5594798384536847,0.40771838120631604,0.4863599292458926,0.44238278648466256,2.109434159102531,0.21290600544860008
830,0.5579457095491068,0.40765843398433904,0.4885996531086773,0.4404537795013868,2.1135005187338747,0.21197763033130573
831,0.5602657485508172,0.4076579985560486,0.49518351637845925,0.4428912381247512,2.113017479883422,0.2110542272520195
832,0.5605284089784124,0.40913008483689056,0.49302858636207647,0.44096387263001907,2.112503948604586,0.21015787779100153
833,0.5598925297566755,0.4100237344776937,0.49523260959536886,0.4433942436131318,2.1163339796045597,0.2092828682485178
834,0.5574711041456172,0.40919741679662247,0.4930817719159809,0.4458116301305085,2.1201718168871535,0.20837393481005323
835,0.5568383552334245,0.40963712868878926,0.4909424159350398,0.44387736723211174,2.1195677091625424,0.20756929229271776
836,0.5570833065026315,0.4125424097864541,0.49745077520238534,0.44198593387173707,2.1190169432277735,0.20670211544317815
837,0.5565153595422903,0.4130039708263275,0.4995548584726224,0.44014409425380163,2.1141051159615403,0.20587923966108404
838,0.5548867490141873,0.4130038230163351,0.49739391000036737,0.44256588986580747,2.117943308949015,0.20498865793443466
839,0.5546470809209038,0.4158841697577592,0.4952444597721391,0.4406533747870093,2.1173643186532525,0.20417212238270216
840,0.5553670966570916,0.41621437240325593,0.5017369338567043,0.44307184696498,2.1214450178068867,0.20762744293381752
841,0.5546598321314942,0.4167482038268702,0.5025796121056545,0.4424671968700236,2.1122957367645183,0.20673199293192357
842,0.5525899305636459,0.41667488783087536,0.5004142975809962,0.44486927610003796,2.107882020006764,0.21012594889558095
843,0.5511657051994419,0.4155941826933201,0.5025646010354735,0.44725865495437406,2.111969902746239,0.2092215303912128
844,0.5508243851377566,0.4135576691776792,0.5004036379289781,0.4496353716025765,2.111508323741847,0.2083219047364644
845,0.5514771029579532,0.41355766901509877,0.49825411728149993,0.44770392977873935,2.1110293335034576,0.20742704266590412
846,0.5508281308626426,0.412830517829164,0.5046985295867584,0.45007398694489376,2.1161505100230618,0.20653691511397787
847,0.550383032875651,0.41181289805004506,0.5025348915224281,0.4481445238043607,2.111372407844525,0.20565149321351017
848,0.5508507623770765,0.41180750419372747,0.5003826822407961,0.4547906648305124,2.1066599533171737,0.2047707482942176
849,0.5505730499847651,0.4130641549240824,0.49870099796534967,0.45666413660570676,2.101466025229761,0.2043586100934597
850,0.5503646494087838,0.4134915967174176,0.5008436247537558,0.4589864352164866,2.1010132753709976,0.2035598006623026
851,0.5508564625223958,0.41678895649972736,0.5029194706094607,0.4570821100761194,2.100471005181991,0.20280163264678672
852,0.5527171382163875,0.41581005564612034,0.5050398220694343,0.46366359538299834,2.096095719376424,0.2019365600630851
853,0.5531881726213915,0.41580541387283304,0.5028876726003939,0.4616877643356008,2.09569843743823,0.20107603849324368
854,0.5532771991655371,0.41529383345707066,0.5050039229622116,0.4597223194160734,2.1033236784520173,0.2002200403299309
855,0.5541395295453704,0.41529363606322695,0.5028562261635472,0.4577671976659432,2.0986328945236497,0.19936853815322955
856,0.553959888857478,0.41694332014957175,0.5007198006524429,0.4558223365538484,2.089716688901436,0.19852223220643875
857,0.5542038226590975,0.41631665925453204,0.49859457820402414,0.45388767397235535,2.085552145454412,0.20192195760466805
858,0.5555470100157203,0.41776311700216784,0.5049606246458603,0.45196319971199533,2.0936709718144972,0.20106589277837075
859,0.5556787884585005,0.4203037876080233,0.5114291131537696,0.4583847393006793,2.084833481605298,0.20021691367354705
860,0.5560599195480872,0.4216014586344361,0.5092649390689689,0.4564450288928277,2.079908675474746,0.19970393371035397
861,0.5552369047521775,0.42141104458756684,0.5113394682047218,0.46719763109316764,2.0801777105370283,0.19885970703492425
862,0.5543832225993873,0.42038360414865894,0.509179996728131,0.46944774396310485,2.0756367641217155,0.1980198894736223
863,0.5539786024928897,0.41913444522352106,0.507031794334995,0.4674671697584739,2.0711056919276456,0.20140339949984096
864,0.5544659366222682,0.41992262232901567,0.504900166503616,0.4739210056714445,2.075012669171168,0.200562599218999
865,0.5542275716713744,0.42069740888505114,0.502776320625286,0.47613402533315974,2.078901301763294,0.1997244552222837
866,0.5559301197533292,0.4206974088850479,0.5006614890104338,0.4741312593945629,2.078569418656967,0.19888435282518213
867,0.5567528238482085,0.4224611235630902,0.5027484436469014,0.47215022822339203,2.0782803408163195,0.19816061538276758
868,0.5570767750759658,0.42178956125543,0.5006379544932827,0.47016818740728183,2.0845551536401805,0.1973287563591851
869,0.5579135268183832,0.42178924637452686,0.4985384255477043,0.4723901468429483,2.075821526221477,0.20069492445662954
870,0.5581828861174198,0.42314833007260816,0.5006393065827538,0.474600576496733,2.0755042814985756,0.1998874114348751
871,0.5609242878653287,0.42109676653011346,0.4985439668394452,0.4726142173813877,2.071002943238823,0.19905081704074845
872,0.5601721207705159,0.4224407976033569,0.4964594823075043,0.47063814888746464,2.0915403641790262,0.19831693819037832
873,0.561333723711338,0.4224407975647156,0.49438578803875927,0.46867230944480853,2.095335052765138,0.19748857512596668
874,0.5612449445216822,0.4239697682966293,0.4923228195203595,0.46671663789594403,2.0865916998654166,0.1966655461040914
875,0.5606687503798774,0.42391311783802055,0.4902705126715687,0.4647710734930353,2.0862397563227852,0.1958457221365901
876,0.5604321952304224,0.42337576470546967,0.48822880384058354,0.46283555589487035,2.0855438539726956,0.19956139192150932
877,0.5590627716858688,0.4224914963549758,0.49035792108945414,0.46507031645194546,2.086461374688671,0.19873115840126182
878,0.5592722982421143,0.4216511081468091,0.49247598070761095,0.4631375030100092,2.094508624273809,0.1979055288211238
879,0.5586025665631352,0.4232192983787885,0.49458320978813247,0.46536654483442574,2.0888441633511245,0.19870420480128362
880,0.5577587028207652,0.4231924445740582,0.492531763149885,0.4634362839297695,2.0885313414921436,0.20202784304518914
881,0.5595316437939479,0.42319237572599144,0.490490867478195,0.46565963407212446,2.088164963088447,0.20119070363351974
882,0.5590665599810796,0.4222943554409179,0.48846046005490656,0.4637320165761925,2.083338679148128,0.20072246010335065
883,0.5598864697936881,0.4236776438410911,0.48644047857971645,0.4618142972119042,2.0912646532625794,0.19989259599929002
884,0.5596409007376201,0.4248954494232844,0.4844308611671127,0.4599064172267185,2.0866340129127128,0.19926725108562338
885,0.5597520891743999,0.424407068753424,0.48243154634333824,0.4621354599917945,2.086286724152254,0.19844484689768943
886,0.5574264339084153,0.42244094315867714,0.48044247304337817,0.46023006779387166,2.0805526170305706,0.1976266554890415
887,0.5580050362601802,0.422800671551335,0.47846358060797123,0.4583344281474953,2.080241562195859,0.19681789336043887
888,0.5592948824172437,0.4231696271716668,0.48060936759435785,0.45644870337866567,2.0840257602427115,0.19600869139729996
889,0.5606918686510952,0.4235412601110573,0.47863374294089456,0.45457239514948994,2.087818537305848,0.19520381731652217
890,0.5609669265369728,0.42249335475305555,0.4766682059408939,0.45681222498590796,2.095892645198103,0.19440220161111968
891,0.5627064138960252,0.4224933546089208,0.4788151500412494,0.45493817429275824,2.1078066110843343,0.1936046757115219
892,0.5654900755826562,0.4214817194182357,0.476852796716529,0.4571720298542679,2.1073647863982945,0.19281121548155386
893,0.5667312364998597,0.42085115130083856,0.4749004391417776,0.4553002503835457,2.1192083894740863,0.1920218030728123
894,0.567363929381926,0.4208511512298447,0.47295801841162205,0.4534379976419221,2.1187208106392865,0.19123640238629255
895,0.5690343890230805,0.4212534379292372,0.47512589906286223,0.45974302043480664,2.114135285339306,0.19046934298437124
896,0.5701295969855835,0.42054513503487295,0.47351340520623975,0.4616213788379154,2.10550540369074,0.1896918515453886
897,0.570358425980655,0.4238313259935938,0.4736365420999742,0.46176275658678395,2.0989734209693585,0.19094213397791757
898,0.5703565794152128,0.4239095483418657,0.4757758389557233,0.45988663240190125,2.10262899078904,0.1901793372464317
899,0.5682440149500471,0.42360883626220575,0.4738395434184408,0.4620847665181739,2.0981415506558267,0.18940535216387297
900,0.569315825884996,0.4236088362621961,0.4800444487938602,0.46020607005522773,2.0896111443146923,0.1886352874680498
901,0.5696831283120017,0.42296659241121404,0.4862179494284446,0.46239851574697344,2.0914137626956775,0.19188254619223813
902,0.5705324561825798,0.4229438801166662,0.48424508444418585,0.46457987319174704,2.091235435547595,0.19110396869028026
903,0.5696502020394267,0.4229167318275151,0.4822821883821087,0.46269669041322675,2.090921893520644,0.1943828433064183
904,0.5698181970073032,0.4229166343407214,0.4843786692096783,0.46487248205465814,2.090571120982793,0.1935956965344599
905,0.5711679771929813,0.4229166295320796,0.4905099923122811,0.462991878152429,2.0821139088814946,0.19281252085422107
906,0.5714603876022847,0.4243146353161728,0.48852765726930325,0.461120754140563,2.0816934649935166,0.19616464448324555
907,0.5714628825276994,0.4239320003295414,0.48655530692336,0.4632963907727518,2.0822719572228348,0.19537266188277003
908,0.5718534477662575,0.4247444228415582,0.48459288302410625,0.46142777707816585,2.0777077523003245,0.19478375375276685
909,0.5726004836841393,0.4291104574629503,0.4826410142001085,0.4676264127056896,2.0854518139045446,0.1940002905104537
910,0.572743695266861,0.4291102906704624,0.48472350944316783,0.4657441031165696,2.0851099593950515,0.19321939234645347
911,0.5740842784401679,0.4231662567776378,0.486795549062425,0.46387124407530017,2.0847677887532607,0.19244241485284025
912,0.5743533130995827,0.42024679361082873,0.4928743936815674,0.4660249804068984,2.080410119232287,0.1916693352221941
913,0.5750661861500531,0.42103265432837966,0.4908963977506223,0.46415473612807073,2.072061657098504,0.19090014806593533
914,0.5762305687972809,0.4210325895334232,0.49293748238609164,0.4622938592923824,2.0677687051464706,0.19013479626444613
915,0.5766393579644508,0.4172387637887656,0.49096318581290177,0.4604422955245195,2.063593185418647,0.18937327479342309
916,0.5769176466334262,0.4162825649024901,0.4889987620320561,0.4626011539001331,2.0673479774777133,0.18861556143484431
917,0.5773387818911073,0.41758735796399343,0.4870441538169934,0.46075206125222284,2.0671420363587267,0.1878872037171242
918,0.5784943928281953,0.41892557883243975,0.49308564184837217,0.46689853804645987,2.0708621232092006,0.19113524009801075
919,0.5790407258091396,0.4179671878309696,0.49510781324824893,0.4690251744540885,2.070612917610688,0.1903727676806894
920,0.5793659779524394,0.41727037274379386,0.49313471965704025,0.47114120491877154,2.0823040969403,0.18961572164661233
921,0.5793548923192325,0.41802788831658033,0.4912213649195637,0.473196784602982,2.081877101497995,0.1889660062411205
922,0.5789240278063744,0.4179964807491356,0.4892676699704518,0.47529199668392996,2.077583485739672,0.19219168217653923
923,0.5784221627849543,0.41798742987660165,0.49129693860783463,0.4734035414486525,2.073389003538225,0.19142805604583366
924,0.5790777998740892,0.41608038655793494,0.4893468427641803,0.47152446953510413,2.069128420452565,0.19066822420663754
925,0.5784998006208955,0.41752766434034155,0.49392883825106576,0.4750282599703237,2.0609261178330485,0.18991227361646923
926,0.5783071069358279,0.41784459234598476,0.4919722128235945,0.47314650636485206,2.0562197212564004,0.18966426497350514
927,0.5773128684041186,0.4175235159334333,0.4939826776640878,0.4791888633835478,2.0614531330714874,0.18891368922577575
928,0.576402958520145,0.41752311223814453,0.4920297487261505,0.4772944208446631,2.0572585092934657,0.18816683103186882
929,0.5750051158398475,0.4171935051796694,0.49403596941805134,0.4754093538730716,2.057226245081327,0.187423669027797
930,0.5746968912919221,0.41719303260742735,0.49603226927385813,0.47747914573162775,2.0491116128071742,0.18668418198753323
931,0.5739680779618046,0.41530970291771807,0.49801870522501346,0.47559711701593677,2.044976441252734,0.1859483488220293
932,0.5736609345245577,0.4171797677410342,0.49605767992047917,0.47372438016600177,2.052469727191394,0.18596159358832975
933,0.5762772506873917,0.4171797677236953,0.49804004701163296,0.4718608819359461,2.056197052575897,0.1891637913072095
934,0.5775736113253448,0.417178862809708,0.5000126424471605,0.4739363559003818,2.0559888019631116,0.1884204179980875
935,0.5775346320469701,0.417615296524506,0.49830856311590727,0.475742707781952,2.051584239556144,0.18794175945489203
936,0.5774909775300023,0.4179878553095355,0.4963542595036928,0.4777987806167823,2.059225682094985,0.18720478594088602
937,0.5766208912926662,0.41784190849063374,0.4944095361766127,0.4798447727148046,2.066850270121769,0.18647131482184234
938,0.5779154233614568,0.41784190305247754,0.4963884671679832,0.4818807116283154,2.0626792471185516,0.18574144768567846
939,0.5772770109124509,0.4158167194008706,0.5061780553995401,0.4799964681337847,2.0546137863958065,0.185015163968524
940,0.5781093178043543,0.41758536265970136,0.5042007830186729,0.4781214683205163,2.0503820864298556,0.18441167484763152
941,0.576945907700696,0.4174299280539877,0.5022332029782647,0.47625565952044696,2.0423813514258455,0.18369203151729777
942,0.5776049501441336,0.41648346169510514,0.5041737336975156,0.4743989894029418,2.0422162095363943,0.18297591298112034
943,0.5772893902018486,0.41459692180174956,0.5061047673095286,0.47644598305162383,2.038174849355129,0.18615789019855172
944,0.5766337575769395,0.4155804896862557,0.5041356733619078,0.47459228207468473,2.0332917343477983,0.18627776695638998
945,0.5783534948078934,0.4141038364328819,0.5060629390367436,0.47274769649138,2.0370570317220924,0.18555668654395094
946,0.5761294074004177,0.41410217619559014,0.5079808526129677,0.4709120593284968,2.033063820982855,0.18483618647135514
947,0.5755757864213605,0.4133691718915498,0.5137684394758417,0.4690853773770197,2.032952689311398,0.18799823126671011
948,0.5760047185297896,0.42116885104192825,0.5117775082716273,0.4672675998657864,2.0444489734571194,0.18727118695981484
949,0.5747644388335217,0.42011992337256004,0.5097962744547976,0.4654586763484372,2.052685262344247,0.18654620783797798
950,0.575008960587139,0.4182827521865526,0.5078246831254382,0.4675259669343146,2.05259897320662,0.1858247571245698
951,0.5742662121051152,0.41864808662513786,0.5058781993824296,0.46956768454405745,2.052789618768653,0.18520205721039507
952,0.5729649965566586,0.41810013489497866,0.5041036882979452,0.47143696673646024,2.048550446768801,0.1846654657664732
953,0.572697713534148,0.4188167126703244,0.5042092153028471,0.4714257506948944,2.0406515939438696,0.18395733514298027
954,0.573547229925634,0.4188167126703148,0.5022670157796594,0.4696098321427749,2.032791065886358,0.1832487367323245
955,0.5735462774854461,0.4204418494524225,0.5041823527503853,0.47165083792220447,2.0364960028333745,0.18256988295707544
956,0.574405909731266,0.41951695575973846,0.5022441370114787,0.4698376822805157,2.044045430375411,0.18186803407508387
957,0.5751123582614278,0.41951669844597206,0.5003153021072405,0.4718737350842787,2.0362023156072175,0.1850100149891595
958,0.5735605236577205,0.4195134783750415,0.506068983991602,0.47389994134441515,2.0363448663869996,0.18430020660532767
959,0.5726141836683213,0.4192195391399594,0.5041293431824597,0.47208359674563793,2.032252352932418,0.18754704051532128
960,0.5727442209577707,0.42442131438790526,0.5031981018759809,0.4769348458726659,2.03495875701734,0.19165690045844622
961,0.5731543190308542,0.42434289816750553,0.5012733178882365,0.4751105215139081,2.046312358369738,0.19092379329494968
962,0.5719554738793439,0.42548650931763926,0.49935781285837605,0.4732949918193824,2.04201568891456,0.19049270010106817
963,0.5715616466097175,0.42494981805738224,0.497451534738576,0.4753056667439151,2.0533154517786754,0.1897655019741265
964,0.571182884762467,0.4239320664850876,0.4993680755446249,0.47349302026575474,2.0498083070562787,0.18904180395641476
965,0.571902213767179,0.4242663130672454,0.5012751094668264,0.47168938100910907,2.053427512278535,0.18832245851512988
966,0.5740503840702907,0.4242663130672258,0.49936724433466556,0.46989411987157725,2.045612118146172,0.19141172277483778
967,0.5740320429091619,0.42333180096711925,0.5050729801328566,0.4681074790755605,2.037834250975035,0.19068393330422503
968,0.5743066397958249,0.4233298514844995,0.5069529956131164,0.4739261747224991,2.0301088407018795,0.1937538000953148
969,0.5740552354703606,0.42275002935311196,0.5088239231690279,0.4721278035086659,2.0276920274840142,0.1930185774483145
970,0.5743963940435598,0.4266970060674238,0.5068950579824818,0.47033804708739435,2.0232734560598926,0.19284077438902322
971,0.5754531704282525,0.4282069594572536,0.5156377262319292,0.46925568090350445,2.0193982787653066,0.1958975198304479
972,0.5756964398390477,0.42539873346627605,0.5212534491510146,0.47126362269076,2.0155416861804296,0.195156389305006
973,0.5759647187327841,0.4235417730409755,0.5230628597385295,0.4694824936426339,2.015502385217435,0.19441880062388975
974,0.5754375546864244,0.4234790169766292,0.5210879326873502,0.4677098698375076,2.007894597116409,0.1936847340744087
975,0.5730328312506624,0.4234454493250895,0.5191224288499131,0.4659457039716203,2.0041254283501138,0.19295417006746088
976,0.5725661975034803,0.42282927193749903,0.5209344493514776,0.4641899490375874,2.0084858749472834,0.1922270891366776
977,0.5725584111691836,0.4228292718052087,0.5189734503640362,0.46244255832235176,2.0122183221627212,0.1915034719375749
978,0.5719478492349159,0.42262357931455,0.517021785976681,0.4607034854051494,2.0109154560834304,0.19205137394642877
979,0.5740380326747185,0.42237690774161774,0.515079404419741,0.45897268415549114,2.0146309170295478,0.19133099501110135
980,0.573858423546067,0.41911944626815106,0.513146254247056,0.4572501087311594,2.0145576659287134,0.19069831063092985
981,0.5730241492311358,0.41815145681180577,0.5149716440872012,0.4555357135762195,2.011573846887228,0.18998331405999824
982,0.5732047872864328,0.41715193214662405,0.5163646960755086,0.45425312959085656,2.004039325722027,0.18927176474215346
983,0.5730617773450268,0.41840748026662256,0.5144512858468256,0.45627648405295324,2.0039868148239397,0.1886011727190988
984,0.5729249870262906,0.41901848842310097,0.512528200818187,0.4545708639105956,1.9998239603477383,0.18888270794970027
985,0.5729137411641773,0.41811864197854887,0.5106142194672191,0.45660771025989527,2.0035693338662552,0.18817734582531587
986,0.5736057336449708,0.41668884206980383,0.5087092915541066,0.45490426225657876,2.0035526086253395,0.18747879856517816
987,0.5732307276702857,0.41915645422130454,0.5107863463910606,0.4604166790893102,1.9995664512240985,0.18702613080087396
988,0.5738237890244122,0.41987553355118107,0.5088845836624821,0.45870245300223006,1.9921258874422982,0.18632993868728703
989,0.5750714551729473,0.4189845666660277,0.5069917953231271,0.4607158008574647,1.988437741170681,0.1856368873618141
990,0.5765795392367511,0.41898456666584655,0.5051079319863121,0.4590038883296228,1.9996280045897856,0.18494710395843875
991,0.5767643681287845,0.4188992253159419,0.5032329445717683,0.461012094569248,2.0000986649890757,0.18426057050624223
992,0.5769872349778586,0.41842852330027186,0.5050751271065241,0.45930250368626446,2.0077079945000484,0.18357726914573202
993,0.5768232192523828,0.41837490747503253,0.5032040074494821,0.4613055912658526,2.0151900517960577,0.18289718212807887
994,0.5762926323804896,0.41779834109648933,0.501341682866325,0.4595983299359664,2.015133834424057,0.18222029181435956
995,0.5768198890644552,0.41600845130936154,0.5031853395729371,0.45789908715946015,2.0076834122254503,0.18154658067480525
996,0.5788655204796495,0.4160084513088336,0.5013268048673101,0.4562078189959579,2.003989440380339,0.18087603128805563
997,0.5789054097960705,0.4152771738453868,0.49947698547681935,0.4545244817766453,2.0044607215629355,0.1802086263404183
998,0.5788579896892178,0.41492362684072587,0.49763583371018383,0.4565351914654503,2.0083317510119048,0.17954434862513402
999,0.5779790037274657,0.41482306513473066,0.49580330217048263,0.45485401201519554,2.008301069546713,0.1788831810416471
1000,0.5767656277722006,0.41449658877436796,0.4939793437531483,0.4531806976176481,2.000913390731613,0.1782253850260595
1001,0.5761024282466081,0.41497712896370464,0.49468797725930697,0.45266625716582654,1.9935598502447904,0.17757038794282032
1002,0.576075863600769,0.41571280215623785,0.49316380912349506,0.45438371129102706,1.9896199995624968,0.17722183275659564
1003,0.5753785901371984,0.4150859264376509,0.49869054458029183,0.4563849088378285,1.9944712030519476,0.17657182302578034
1004,0.5758043167105672,0.4134047579189519,0.5005273968798003,0.4547126649569348,1.9913927060803647,0.17592484468606046
1005,0.575581451978055,0.41079236276608594,0.5023556895458378,0.4530482136430855,1.9914242126179593,0.1752808812307998
1006,0.5763487152038159,0.4095763644311511,0.500518681423555,0.4513915124937456,1.984143017135655,0.17829670399799158
1007,0.5737899730651372,0.40952324320369105,0.5059964857684869,0.44974251936674153,1.9810983486295504,0.17764536246559126
1008,0.5738301129137445,0.40792729958992646,0.5077993424370949,0.44810119237849483,1.9775404757928186,0.1769970490080107
1009,0.573172973172749,0.40915216984999064,0.5059479904271571,0.44646748990226875,1.9737884040736169,0.17656180831927987
1010,0.5735852856313612,0.4099205197575234,0.5077473142349171,0.44484147794648704,1.9811722983260494,0.1759195710524685
1011,0.5733634264819667,0.409031288435682,0.5058998505359477,0.44686144966847013,1.9740531231803062,0.17527947899812166
1012,0.5737526647108778,0.40773474724422315,0.5040609487465073,0.4452371473118738,1.9741048281563713,0.17832026876881468
1013,0.5749921986224019,0.4068743693683696,0.5058618421060707,0.44725164634156966,1.9669369803356052,0.1776727380146028
1014,0.5770473125203343,0.406015680319122,0.5076544024613817,0.4456291738462325,1.9706859363014138,0.17702820348251572
1015,0.5770471746526671,0.4084305662387634,0.5058157647858028,0.4476371129764035,1.9816597872194448,0.18001513012658663
1016,0.5777165103591918,0.407118221906887,0.5039845083361264,0.4460164866390656,1.9817235102189916,0.17936613970598314
1017,0.578943250310428,0.40711810005543264,0.5021617054856751,0.44802012506555444,1.981789983728446,0.17871741121270085
1018,0.5789248341082955,0.40743777998093894,0.5039604791380924,0.4500145213718196,1.9817663321976968,0.17817336631956848
1019,0.5809645443969375,0.4074377799808953,0.5021414049849292,0.45199972539118766,1.9782225949667172,0.1775302393703912
1020,0.5801860005134837,0.40728168242598994,0.5039366578877704,0.46118768545702343,1.9788051361508734,0.17689007430994438
1021,0.5796994675168439,0.4067879888393154,0.5021213040595575,0.45952632818678985,1.978980995513658,0.17625285519014988
1022,0.5793780213481337,0.4067847784015063,0.5039130423828052,0.45787261024411235,1.9790719845549525,0.17561856615990828
1023,0.5804406591577783,0.40594756547757604,0.5056965482992736,0.45622649055315817,1.9719876129228373,0.17498719146444694
1024,0.5801877095698188,0.4063698365069735,0.5080185587133469,0.4648158988568216,1.9718149102423657,0.17822365254306377
1025,0.5782019125165916,0.4063690415405431,0.5061958060810771,0.4631481558410784,1.9647445958607341,0.17758419237722184
1026,0.5773920313337874,0.40515366323027424,0.5043814087256815,0.4614880575569377,1.9611804236114063,0.1790848016413726
1027,0.5774887125735503,0.40631878137996047,0.5025753218473487,0.45983556301443135,1.9612720146500335,0.17849306207113907
1028,0.5783024524012031,0.4054418151288212,0.5007775009176373,0.4581906314718833,1.9614034395215612,0.17786167702455027
1029,0.5799299502188922,0.4030020989512429,0.4989879016776585,0.46012686389517427,1.9758359375601418,0.1772260631612253
1030,0.581144989640758,0.4021934873822664,0.4972064801362713,0.4620542485693115,1.9723539253517317,0.176593353779797
1031,0.5808450131231976,0.40258284708205005,0.4989996938888171,0.4639728328021603,1.9724399796174201,0.1760220027871562
1032,0.5802820065077589,0.40398164902170025,0.5033167129936351,0.46691361344099286,1.9654146324918194,0.1753949335292942
1033,0.5810795980993507,0.40198438768653943,0.5015252198437764,0.46525169258984506,1.9619657923728606,0.1747832124314258
1034,0.580265487349695,0.39937937900263193,0.4997418875149396,0.46359734231669236,1.9586666504784822,0.17416171516481974
1035,0.5806101172628244,0.3997647178089341,0.49796667249395415,0.46195052225551647,1.958834275931509,0.17354598885204442
1036,0.5807761143324596,0.40090521236456905,0.49619953152987056,0.4603111922835545,1.9591625114644353,0.17295976455034015
1037,0.580621141541087,0.4005075057990652,0.49444042163221213,0.4586793125196773,1.9734887413557822,0.17589259437024796
1038,0.580610634663942,0.39702464578641167,0.4926893000692398,0.4570548433227798,1.9842074915779593,0.17528837263282995
1039,0.5810120516229327,0.3966586956185979,0.4909461243662294,0.455437745290183,1.9877923415616265,0.17821540726197976
1040,0.579748669455271,0.3978140802868982,0.4927187985128201,0.45385457986657685,1.9877863816088954,0.17764597358688175
1041,0.5793833710679885,0.3978001991310339,0.490979001517769,0.452252012973198,1.9834992738862678,0.17982915618840783
1042,0.5808447462310483,0.3970293600831533,0.4892470805575427,0.450656700876038,1.9835574802588183,0.17919481157509498
1043,0.5812294905791698,0.39364742872481473,0.48752299387117876,0.44906860510811714,1.9801201103520871,0.1785775273375674
1044,0.5801182724774606,0.3928399149379134,0.4858066999480846,0.447487687433077,1.9801900962485954,0.17794885642599265
1045,0.5799461111598841,0.3928176181132258,0.48409815752637664,0.44943082803743145,1.9803338287743588,0.1773230248552656
1046,0.5804448166224334,0.3920621769064303,0.48942413165815124,0.45136519943633435,1.9768918450116215,0.17670001760183682
1047,0.581339202280508,0.3905559305651404,0.4912161975006209,0.4532908479971904,1.9734630925879009,0.1760798197320542
1048,0.5817392162841936,0.3917272169507497,0.4894947114863849,0.45520691357755905,1.9805668205599511,0.17897152723538148
1049,0.5829384920252895,0.3917272073996212,0.4912829495463418,0.4536123790128242,1.9771321046401333,0.1783446116992413
1050,0.5840495023960154,0.3917272073996174,0.49656252003315565,0.4555243955551288,1.9807115055314144,0.18121989407051156
1051,0.5841239634572121,0.39172720552264567,0.4948265971187871,0.4539319369937271,1.980781420159315,0.18058637109210507
1052,0.584750150648533,0.3917266737773036,0.5000832432325175,0.45234663157447863,1.9808514980717908,0.17995569382663062
1053,0.5859940947566975,0.39172667377730214,0.4983385052605615,0.4507684416325544,1.9809183051864845,0.17932784729000306
1054,0.5853500064208363,0.39172667352941665,0.4966015922780779,0.45616814560524827,1.984470222327671,0.17870281658739662
1055,0.5847130056709523,0.3909613059128782,0.4948724631402565,0.4580617269391568,1.9845359305035095,0.18156221274882184
1056,0.5851684974305702,0.389437087053106,0.4931510769459528,0.4564683848326099,1.9880708102366376,0.1809306587430689
1057,0.5867071713227822,0.3906292555389276,0.49838539344543004,0.4548841064439509,1.9881103294216704,0.18030386496556347
1058,0.5876942312823603,0.3898669722387066,0.4966552514660214,0.4533049789280265,1.9881516043536522,0.179677941152528
1059,0.5888311848953706,0.39108156099132807,0.4949328389383996,0.45173290620306433,1.984701946244845,0.17907762304451677
1060,0.58812425256427,0.39386527857703063,0.4966749216642836,0.4501756031020339,1.9881962522802579,0.17848045595927847
1061,0.5874858273858092,0.39188105403263923,0.4949558824387571,0.44861750244836224,1.9847760108988413,0.177862718096139
1062,0.587680460290342,0.3903800391956279,0.49324450520498253,0.45052398237292074,1.9849199236443575,0.1772477335747162
1063,0.5875093168616153,0.39037404247023944,0.49154074991434166,0.4524219714293604,1.9953639201674973,0.18008966809928473
1064,0.5877857766764242,0.38961673107154654,0.48984457670645126,0.4508607864681275,1.9953802388293338,0.17946822772002602
1065,0.5880589125447513,0.38961673107120204,0.48815594600547746,0.44930654375094925,1.9953961644391602,0.178849550748618
1066,0.5882748473869763,0.39089350720097715,0.4864748184532903,0.4477592070519731,1.998852465090826,0.17823701031605466
1067,0.5870440599919046,0.3899064296018912,0.48824154580481127,0.44621874035935366,2.0153967426794512,0.1776238053311886
1068,0.5874134313378774,0.3907622832781938,0.48656348294529433,0.44468510787385274,2.0223039438102086,0.1770138972304478
1069,0.587414164037967,0.3934963791413832,0.4849044176084025,0.4465802323412206,2.025626240995112,0.17644296707292165
1070,0.5889288656086049,0.3931522666429588,0.48324115415466606,0.4450484241071819,2.0324102147485363,0.17583776735352152
1071,0.5900626515902634,0.393152257602695,0.4815852525660585,0.44352339589683515,2.032299373319857,0.17523523167171012
1072,0.5895391183144879,0.39175771935488646,0.4799366745864389,0.442005112477595,2.032186713663046,0.17806068411621603
1073,0.5923786623764936,0.39216917361620096,0.4782953958905325,0.4473331457957385,2.035496430986925,0.17745177090636657
1074,0.5912375892408421,0.39161983136635725,0.4800777434503431,0.44922127254643224,2.035412820893682,0.17684552605369
1075,0.5918897614822602,0.3930725411319496,0.47843924888824735,0.44768809042689667,2.028466069596186,0.17624195650921465
1076,0.5920937874628593,0.3934814053182913,0.4768120170893252,0.4495671959588055,2.0283613043174213,0.1756491250344889
1077,0.5918858848022435,0.3920011267632735,0.4751879198228878,0.4480358988692445,2.02832956223763,0.1750508362884081
1078,0.5913853779309117,0.3916684350857296,0.4735709722453492,0.4465113429386203,2.028227794203769,0.17447748495565552
1079,0.5921666957567576,0.389138107502182,0.4719611521541267,0.4483928314443026,2.0315311465655324,0.17388441872398144
1080,0.5925373692636549,0.3889873745699862,0.4737538161722861,0.4468706417341973,2.034818433704462,0.17329551916078614
1081,0.5923564193999845,0.3889375675427809,0.4721465774525998,0.44874716682223315,2.041587032198281,0.17270760354124828
1082,0.5906228865621916,0.390078002756417,0.4705571205418941,0.4506047282922015,2.0414246343570346,0.1721437244259455
1083,0.5903550679149014,0.3926684721135725,0.46896391640393736,0.44907907861789365,2.037520720905616,0.17193879286094962
1084,0.5902372122165589,0.3938215922055363,0.46741529392772047,0.4509049123502944,2.0339738322453385,0.17139483952316134
1085,0.5888400562089379,0.3931117670304569,0.46583588930199366,0.44938129659877574,2.034542961011088,0.17081569329948118
1086,0.5876746823415016,0.3930377301954909,0.46763903532375556,0.4478643468805376,2.03804436481335,0.17023908092201356
1087,0.5882548748612716,0.39343553062422326,0.46606203183494405,0.44635402891262904,2.0412880451106075,0.1696654303161193
1088,0.5875612938579393,0.3923804394416138,0.46785580069433985,0.4448553212354733,2.041143028191269,0.1691271381295178
1089,0.5870928289020123,0.3923786377133244,0.46628121853050664,0.44335814784729655,2.0376432042522237,0.168557935878047
1090,0.5878181239781312,0.3920734169124927,0.4647334921138849,0.44520968161797403,2.0341359976433515,0.1680112104274338
1091,0.5884483043680709,0.3919657223783635,0.4694946207907973,0.44410984066277553,2.0306625627640447,0.17080572223492535
1092,0.5882904467699575,0.39347903240277926,0.4712523966048834,0.44264196052757354,2.03051507466909,0.17027721934808954
1093,0.5876079099732371,0.3964623937166526,0.47302474967725605,0.4411582416258682,2.0404695990946164,0.1697067259905945
1094,0.5887613304998137,0.39574023230635835,0.4714407112922864,0.4430296591299049,2.0369853387270345,0.16913842175632335
1095,0.5890822422021481,0.39543569043804194,0.4699580900789274,0.4481438068993642,2.03691923174996,0.1719670018213686
1096,0.5886142975416281,0.3965307009971473,0.4683874655416655,0.44664608683836926,2.0367844478258528,0.17141990805300042
1097,0.5877828668142335,0.3953607176413752,0.4668236548289612,0.4484935760462538,2.046339022131085,0.17371109902234447
1098,0.5879542294865036,0.3953586215592999,0.46860199783885764,0.4469976818206961,2.046186342964977,0.17313170737924988
1099,0.5889116848008127,0.39493216970917844,0.4672026337146461,0.44867827129064947,2.0393683667892906,0.17255482707164957
1100,0.5875704056028931,0.3963873288605812,0.4656474512447341,0.4471847510666864,2.042498819014143,0.17537645615721742
1101,0.5873953606879565,0.397455736305085,0.4640989947585358,0.4456976901443788,2.0385678856907505,0.1756585224361756
1102,0.5867032421780701,0.397478185422679,0.46390047740811347,0.4461958683259128,2.0318000307164183,0.17507927829481265
1103,0.5852524909633368,0.3966765466576222,0.4623617549691309,0.44803295758866896,2.0297491566374606,0.17781866037291089
1104,0.5846617422166787,0.39777629232187045,0.4673581615347763,0.44664905300484914,2.0262843846893785,0.17727987338314707
1105,0.586844939287962,0.3981472390906401,0.4658131805673247,0.44847885143568844,2.022882268175491,0.17669566327564856
1106,0.5854122367495024,0.39727468136079847,0.4642718986751582,0.4503037237125822,2.0241318773653423,0.17611101295317505
1107,0.5850953940149055,0.39767769701821193,0.4627372519882689,0.4488152487054551,2.020741485488251,0.17559285702921015
1108,0.5848383390955716,0.3976025327306428,0.4612092068719297,0.4473331766527379,2.017270600094398,0.17511538070486932
1109,0.5845380555736674,0.3979923190406521,0.46292567242820304,0.4459184194246692,2.0138538031931605,0.1745986431881463
1110,0.5847528576209748,0.39658195718105915,0.4614000593915982,0.4477444449251223,2.0072184515121108,0.17402323771360403
1111,0.5860491965301299,0.3941615926153005,0.4598809939746698,0.44627033782855097,2.003900860495851,0.1734518318439938
1112,0.5859414081051203,0.3925797533893038,0.45836844307765817,0.4513805624845421,2.004626199806936,0.1728813478986225
1113,0.5863621338312609,0.3954410519751724,0.46014809144796387,0.4531831710574994,2.0144681103838695,0.17231335060965872
1114,0.5854496861617909,0.39477760332071005,0.46192011948185224,0.4516956273980647,2.0113105577662664,0.17174774348100647
1115,0.5861170753295258,0.3947433807867764,0.46040541283375996,0.450214448421705,2.0079970654843136,0.17118455638896696
1116,0.5856011026295026,0.3958192943770281,0.459128137438515,0.4583362725540345,2.0078170641002666,0.1707779270761851
1117,0.5841783842109078,0.39504547243660576,0.45762637154364494,0.46010814450638143,2.005862001112413,0.173493194740211
1118,0.5851124410234526,0.39609330287654876,0.46266887752654423,0.45860392161612473,2.01565265113611,0.17619536344590744
1119,0.585534837138495,0.3954068716105597,0.4611577721130533,0.4603721549783131,2.0156027680181423,0.17561989839851005
1120,0.5854506567047736,0.3954068585486492,0.4596531074813146,0.4588700536565481,2.022108620478217,0.17504688615469818
1121,0.5852052692118862,0.3944775734480976,0.46141438805097307,0.4573743498398088,2.028787626308528,0.1744763143912031
1122,0.586334227914967,0.3944775734478897,0.4631681729997027,0.4591412902796059,2.0286938857723746,0.17716444972664458
1123,0.5846936078499014,0.3938106253476416,0.4649144999351685,0.4576476925417815,2.022286966966464,0.17658812948070574
1124,0.5857505667061664,0.3941976274262993,0.46341863897992197,0.4593952087793164,2.018949809968838,0.17603171463688566
1125,0.5847227772687357,0.3929771150937867,0.4619141389342752,0.46115029557267184,2.0226134676201246,0.17870674800556757
1126,0.5829478410778736,0.39297670736203816,0.46690258168210613,0.4628979359313864,2.022541949759623,0.1813704318459217
1127,0.5826624141448938,0.3922904332198626,0.46538979952241705,0.4613981289765585,2.025725680202945,0.18078278473417703
1128,0.5824524474489987,0.39169209560466156,0.4638834259615807,0.45990467565372484,2.0223786406408903,0.18026019662809573
1129,0.5818271946862339,0.39206580630218074,0.46238342897745827,0.45841754421540193,2.022193293060907,0.1830514157065148
1130,0.5817663823586605,0.3920657930240996,0.46088977672967546,0.45693670309431195,2.028613183924887,0.18246009875743097
1131,0.5817055098385092,0.3920657929130074,0.45940243755847704,0.45546212090224686,2.031747953645725,0.18187128107093706
1132,0.5816676505186542,0.3917700603481638,0.4579213799835893,0.4539937664289408,2.0285110400997333,0.1812849501844137
1133,0.5816237139244766,0.39148972245493907,0.4564465727030904,0.4557522647294509,2.031817879807246,0.1807010937058487
1134,0.5811003787165037,0.38802727835738543,0.45497798459228855,0.4542859105108421,2.038150286720575,0.18042361606117066
1135,0.5793628413213203,0.3873562875554485,0.4535155847026075,0.45603995631369887,2.0316029929994293,0.17984369464703862
1136,0.5806398791139454,0.38735628754316476,0.4520593422604804,0.4577866166913279,2.0315016515096675,0.17926621499710396
1137,0.5809912878889217,0.3885182912584348,0.4506092266662505,0.4563181291507888,2.034603634060254,0.17869625873320752
1138,0.5826051186801865,0.38785507191564544,0.44916520749308003,0.454855815268683,2.0313121360797157,0.1781236099534796
1139,0.5836518774828301,0.3878550626781888,0.4509286444938757,0.4533996444065968,2.0280105931948325,0.17755336680838393
1140,0.5833724772798271,0.388241192789929,0.452684675552177,0.45194958967888893,2.037515577081962,0.17698554243599568
1141,0.5839283425403244,0.389295057977851,0.45443311833032585,0.450505839815514,2.0405900308000517,0.176420753396721
1142,0.5841972248213768,0.387369326248951,0.4529826585987899,0.44906791517244427,2.0376604751218905,0.17587559661555943
1143,0.5841228479764687,0.38736931558761817,0.4515382735524381,0.4508246227412105,2.034352075618704,0.1753147979250411
1144,0.5841887212714778,0.38670500838262684,0.4532853561552732,0.4557594016324922,2.0406136447733645,0.17475634613395943
1145,0.583312860303903,0.38777087684236533,0.4518428937361456,0.45430906620891903,2.0403948227661024,0.17747374072831298
1146,0.5834501532858921,0.3909111956028778,0.450406458730903,0.4528647910970421,2.046624238421296,0.17690982521670448
1147,0.5834334085508174,0.39058364596784206,0.4489760213894143,0.4546024274441391,2.0439367040708514,0.1763479806535087
1148,0.5833791526742094,0.3883423777850776,0.44755155262835555,0.456332813512985,2.047556034545867,0.1789611889875802
1149,0.5836523454403646,0.3876796132485861,0.4461330220292371,0.45488645039448294,2.0474056209082234,0.17839396511997738
1150,0.5838465670577091,0.38700795861947757,0.45105313622873183,0.459778848021192,2.05365257567347,0.180983378711312
1151,0.5831469916069963,0.38738107980400543,0.4559395849196689,0.46150086167454957,2.053623837405705,0.18043892851612564
1152,0.5836738227625197,0.39108712667382795,0.45449879700698215,0.46004249989770946,2.0523873476601473,0.18409594116711814
1153,0.5843442688727715,0.39079677788325845,0.4530639975606704,0.4585901996309544,2.0522565603938907,0.18351833875607995
1154,0.584486355627331,0.3898852528937122,0.4516557062066973,0.4602771095745399,2.0489821542518163,0.18296085027322678
1155,0.5838364329735117,0.3898810681705675,0.4502327308634387,0.45882697185018406,2.0582853571087925,0.18238441832485838
1156,0.5841212401461502,0.3895959349533308,0.44881575445577687,0.4605301761474777,2.061249186493523,0.18181081645144725
1157,0.5842495283119438,0.38894050285885945,0.45054883233935333,0.4653707011184298,2.054769937655212,0.1812391522438176
1158,0.583773971840205,0.38931326387285276,0.44913359636848565,0.46390890761517944,2.0512019736160063,0.18092516512601758
1159,0.5831799829335782,0.3898395296441864,0.45079785864282274,0.4625175178101737,2.0478389482104142,0.18042177780699958
1160,0.5822538056795149,0.389131838374939,0.4499745060047658,0.4667474765728268,2.0414192718930604,0.17985618052719382
1161,0.5819876114131629,0.38950397176092816,0.448565308013771,0.4652857501916407,2.041279052829493,0.17930353751002587
1162,0.5809599506921764,0.38879577502077245,0.4471619273309135,0.4638300579609616,2.0348927105723833,0.1787425687583597
1163,0.5802355732277915,0.38693480521037,0.4488898068695338,0.4623803704192218,2.031658183090164,0.17818391398672484
1164,0.5799818495744745,0.38895901883896455,0.44748821694498997,0.46093665826855856,2.0315141148841973,0.1776727824165832
1165,0.5805274913666855,0.3880458007493765,0.4460923997864127,0.45949889237380287,2.0314141406885526,0.17712030519312236
1166,0.5800481858159138,0.3875954967059686,0.4447023272656623,0.46118315271427507,2.036472786038135,0.17656837902438743
1167,0.5813968829396309,0.3869569569278039,0.44643096581198494,0.462860486543246,2.0332462703289185,0.17601872264902338
1168,0.5820691073757482,0.3880661322303634,0.45126171777053686,0.4645315934775282,2.036250762862219,0.17547332828334203
1169,0.5832762948054977,0.38806613212275315,0.4529665239467024,0.4630883985060256,2.0330322467835082,0.17492817219801413
1170,0.5828450841787784,0.38762282624003425,0.45156066560137237,0.4616511252082271,2.032929725609535,0.17438525298055152
1171,0.5825773641675666,0.38798701820534637,0.45326070809876917,0.4602201753937995,2.035946660795709,0.17384603478576827
1172,0.583446855485116,0.38835181429965615,0.45185674743420806,0.45879465800006697,2.0544201610352384,0.17331045197502853
1173,0.5843108244560705,0.3893524815207447,0.4566472604978079,0.45737499511459906,2.0604414490319414,0.1727742021486418
1174,0.5848140676784284,0.38871249894082704,0.4583269156996997,0.45596112115407883,2.0602562574830285,0.17224010879400528
1175,0.5840511196611337,0.3880287730548565,0.4599997049918806,0.4545530266719567,2.069343323202495,0.17170819864741407
1176,0.5831921622892177,0.3880179658882953,0.45858055845270573,0.456235786847891,2.07842088093417,0.17117846114277213
1177,0.5824997878323535,0.38791427785279387,0.4571672041881675,0.4579116788049224,2.084361520449174,0.17065088577222098
1178,0.5830611722012443,0.38785746620146916,0.4615200170848677,0.45689927196713576,2.0810228628244865,0.17320442508769424
1179,0.583116949869991,0.38659005751974224,0.46010044533577776,0.4616456364116333,2.0808428579754854,0.17267167222851187
1180,0.5833142072929512,0.3873330391432131,0.4617530780404282,0.46023346135989535,2.080581717465796,0.17215381662156168
1181,0.5829680390689653,0.38606627931747545,0.4603356271666092,0.4588206752779188,2.0834301598821576,0.1716253532730615
1182,0.5823749901868985,0.38562632770242306,0.46505723576343333,0.4604802817461317,2.087219153917052,0.17109903873481197
1183,0.5821848823792689,0.38499750596219723,0.46363249439745635,0.4590695622579305,2.0900155336799253,0.17057486265621766
1184,0.5830338411359025,0.3870332240413162,0.4622135375112773,0.4576645703204097,2.086637570519731,0.17009476270585172
1185,0.583094549545678,0.386789230172019,0.46080033727921066,0.4562652783817358,2.0832975853854583,0.16959282239290044
1186,0.5826221901910744,0.38587849374548544,0.461758280821082,0.45556065010950236,2.076934349029588,0.16910060138742627
1187,0.5832135173917529,0.38587849371773925,0.4603492933138217,0.4541705737611967,2.0766995957157626,0.17163596874532938
1188,0.5845145026096044,0.38500213962967045,0.4619942919396466,0.4527861444942083,2.0795199082725127,0.1711147650455601
1189,0.5837060723225164,0.38471823561679175,0.46058740087694017,0.45140729460121126,2.082351738791959,0.17059367671646197
1190,0.5836516939558539,0.3862950472729112,0.4591861960638603,0.4500340176234861,2.078433634213524,0.17070230558372118
1191,0.583748825495514,0.38629459641855685,0.4638689941548385,0.44866628686119736,2.081239659177566,0.17018351192502537
1192,0.5825787404944422,0.3872832472097922,0.4624618087558665,0.45033902689314526,2.0840262259413977,0.1696703943586661
1193,0.5818701834700947,0.3882712147361179,0.4640831259024916,0.44898219350392415,2.0867883656035278,0.1722071150114402
1194,0.5817443618296188,0.3887792558646076,0.46267692242908665,0.4476217468839907,2.0831670922109295,0.17201393517671423
1195,0.58064780466698,0.3897282392670287,0.4612763810898055,0.44626677815639365,2.082755091667851,0.17468099492219819
1196,0.5799976036775207,0.389684693484495,0.4629054888637605,0.45096528919527834,2.0796822448933643,0.17415275714534778
1197,0.580199167418775,0.390664833723048,0.4615118024876889,0.4526191712198362,2.07943205005049,0.1736361554517312
1198,0.5778590980790789,0.3909799591655682,0.46011897277568353,0.4512531792202815,2.0791112513394228,0.17320960072541836
1199,0.5766151367593912,0.39072383436810537,0.46174669008461683,0.4529076265028569,2.081830403823578,0.17877458911180832
1200,0.5762617593237586,0.39072383423028817,0.4603559357804169,0.4545554370656123,2.078571994553696,0.18124807251628033
1201,0.576015234094584,0.3943561232701719,0.46152480419422365,0.45364259451786726,2.077427196098493,0.18161306207335834
1202,0.5755487880569176,0.39435586779728327,0.46013749559112554,0.4552849034947706,2.08053096770104,0.18106714696509185
1203,0.5736311135166484,0.39531647423943855,0.4617562383516799,0.4539201404894254,2.08349385926095,0.1805308622106499
1204,0.5721727549829191,0.39469965875717633,0.4633709257235163,0.45255841710144606,2.0836514520313956,0.1799892843527931
1205,0.571427900369372,0.3917165503452995,0.46198224013717437,0.45419905572127983,2.0777565929189223,0.18244679088110505
1206,0.570798807251312,0.39132036932831377,0.4605991001560928,0.455833142580376,2.0715359463984657,0.18190055895060322
1207,0.5693858142565511,0.39065711143372056,0.46520325256772765,0.4574607999502021,2.0717817581596893,0.1843477125378321
1208,0.5681395919133756,0.3903042504850322,0.4638132519015679,0.4560939332888815,2.068248756297905,0.1841596324989433
1209,0.5675032057926049,0.39065188660934214,0.4624440832076051,0.4606871317902539,2.068033459495934,0.18362524668512303
1210,0.5682779555718643,0.3906518715729426,0.4670290331211934,0.4652773208851697,2.0648487578519448,0.18307768119516155
1211,0.5681496038412162,0.39137759823970003,0.4656377572220473,0.46389126332330755,2.061500507373846,0.18270836889901612
1212,0.5681479595815677,0.39267021586208534,0.464252012361073,0.46251071605403915,2.0612226927210937,0.1822594494333044
1213,0.5681596531306494,0.3937772777850544,0.4638532130018269,0.4631272527718059,2.0582495449138727,0.18475749176388928
1214,0.5680025236570039,0.3933161920723748,0.46841541205659454,0.4617519954792417,2.0580762772845804,0.187179080520201
1215,0.5674047749480037,0.3926732585964844,0.46702557662052585,0.4603819310674521,2.0549368590110073,0.18662370144363402
1216,0.5673420992937425,0.3932377616052142,0.4656412499844084,0.45901729709049605,2.0513324191987596,0.18732412580644933
1217,0.5682242395781978,0.393237761382512,0.46426240621209225,0.4576580679811767,2.0482192464015463,0.18973059874689643
1218,0.5679549305371588,0.39360696917907934,0.4629797420201035,0.4621299201586234,2.046805041008237,0.19035144264094933
1219,0.568544614928434,0.3930048964270151,0.4616115186153921,0.4607642081945977,2.0468245479949716,0.1927438382534112
1220,0.5693166840211946,0.3930048922623428,0.4632010038276834,0.45940389325361886,2.046686389212245,0.19512710180228382
1221,0.568688291190844,0.3923435020001908,0.4647842123996892,0.4609983008368981,2.046783386370463,0.19750095442135618
1222,0.5693395126517136,0.38987839269147584,0.46930757675060086,0.4596400140757282,2.049593827567379,0.19691903702334856
1223,0.5697760668568532,0.39085912533624595,0.4679261895923109,0.4582870829824852,2.046479655452372,0.19636416772850984
1224,0.5685957406422018,0.390115349826229,0.46655024512182547,0.45987999850920586,2.047474355296897,0.19578675574175414
1225,0.5688409386037783,0.3883696430745904,0.4651797178509018,0.45852906560133727,2.0447691495073896,0.19523369604288646
1226,0.569396783573903,0.3893250105827123,0.46968369047943065,0.4571836211913143,2.047572148419441,0.19466101586032133
1227,0.56940739213921,0.38932501050503626,0.4712384228983423,0.45584329243939614,2.0503643910473377,0.19409032665724946
1228,0.5709030279839882,0.38871651496481613,0.4698582704185361,0.4545082288709507,2.050221467238754,0.1935218792798161
1229,0.5724947573449943,0.38810778689012876,0.4684835355207236,0.4531784058947258,2.0588529737795636,0.19295566325748398
1230,0.5731174716014665,0.3900581628210042,0.472737189144841,0.45207665437815897,2.05564681147533,0.19250309596650536
1231,0.5743839709065546,0.39005816246983854,0.47427679882609936,0.45367659291002443,2.0554843271266448,0.19194098609620833
1232,0.5742973422977496,0.38853688430899097,0.47289329272652514,0.4581873509123523,2.052405388818469,0.19138107777752256
1233,0.5742973422977495,0.3879290411900956,0.47151520121369117,0.45685211501602646,2.046424330320223,0.19082336075539777
1234,0.5746142982377871,0.387813022883365,0.4730530689313259,0.4555227884809594,2.0491983788296215,0.19026989479720685
1235,0.574919038984196,0.3878130228825682,0.4716772661624256,0.45710631748522795,2.0490552928476498,0.1897165238008158
1236,0.5743652359227698,0.38781302275841734,0.47321227655176706,0.455778222172583,2.0576290897114107,0.18916531368545944
1237,0.5747987260218603,0.3874536880022565,0.477643834015166,0.45735784587811584,2.054587555271914,0.1886162544123172
1238,0.574066893975863,0.386932471626677,0.4762588409235242,0.4560316747609791,2.0536848936753564,0.1880693359958552
1239,0.5733915480523801,0.38509684931310506,0.4748792440940911,0.4576074081906337,2.0508725258573617,0.18752454850351102
1240,0.5748549069268191,0.3844965462069366,0.4735050185074145,0.45917700675060064,2.044937624474452,0.189875724234771
1241,0.5745234783603724,0.38449454337491196,0.47213613927660325,0.4578495490822779,2.0419266691360516,0.18932680305087407
1242,0.5754585851748999,0.3844939335417721,0.473660641925404,0.4594153122647392,2.041815009985035,0.18878001583125936
1243,0.5756472788917073,0.38389073130355017,0.4751792223786631,0.4609749929679436,2.041753885909927,0.1882353527016466
1244,0.5753463783684476,0.3837617938617003,0.47380961809078326,0.4596463293874658,2.038777444335774,0.18769280383997666
1245,0.5761691286717217,0.3831601276258688,0.47532473545494947,0.46120222865374555,2.038666956000077,0.1871523594761037
1246,0.5760446278845666,0.3827061678575795,0.4768339801768222,0.4627520972058036,2.0364152873084485,0.18661400989148919
1247,0.5757126605019726,0.38225814798883195,0.47833737935816617,0.4614223068567677,2.0334484439943967,0.18607774541889788
1248,0.5747749701287822,0.3829404634151748,0.4769641761593083,0.4600976631739966,2.0276110654672297,0.18554355910127038
1249,0.5750685173317828,0.3829242841941934,0.4755962837065727,0.4645139713367099,2.0333013869639576,0.18501143604709877
1250,0.5751589500259012,0.3833137479517763,0.4742336775400645,0.46318311652674443,2.030298213846436,0.18452939441402733
1251,0.575045942968253,0.3828532302290408,0.47858599148768177,0.46187211160456965,2.0301967843784223,0.1840159483054105
1252,0.5749362828748641,0.38381067198218105,0.48007688542530513,0.47198876161367076,2.0415477392458,0.18348981793356917
1253,0.574880377399745,0.38360240547900104,0.48156202796870107,0.4706405419055768,2.0415134455091737,0.1858221512731764
1254,0.5747693826616846,0.383312467411837,0.4802146605482344,0.47212430458248533,2.043622719014943,0.18591802413657105
1255,0.5743461839439041,0.3840237417017935,0.4788456845313783,0.470778392216523,2.0434021842278285,0.1854856482351148
1256,0.5744398267067684,0.3828448025116985,0.4803298846742685,0.46943765812633503,2.043281205954696,0.18495740196055965
1257,0.5732206612040537,0.3817698663401469,0.4789633160534596,0.47094714123559256,2.044956865214822,0.18443118656199656
1258,0.5731135793132122,0.38355935368033156,0.47760203055275985,0.47245079218740826,2.053355579288421,0.18390715847130515
1259,0.5734258242304712,0.38461932566473295,0.4762472434251943,0.4739473982424359,2.0560395377220617,0.18338891982692276
1260,0.572550663911246,0.38402692592908083,0.47773288920812235,0.4782761078938259,2.0505607584981616,0.18286872977167926
1261,0.5723558103758999,0.3834228178116948,0.4792128402057477,0.4769208144273378,2.047742537020155,0.18235053371171725
1262,0.5712428214255587,0.3834206723096217,0.4835179952927685,0.47840158509414665,2.047815806918387,0.18183432253596263
1263,0.5707580139832139,0.3838801105516501,0.48307077427753387,0.47895649918858035,2.0448539613751535,0.1841694978717598
1264,0.5709699773238645,0.3833006622256925,0.48735642815893154,0.4804285600229057,2.0419021527095613,0.18364917911858047
1265,0.5703590464841534,0.3832829017686301,0.48598091680640015,0.47907260183663897,2.041827600292978,0.18595324203743224
1266,0.570533526580258,0.3832343815720984,0.4846106586309614,0.4833609661108525,2.038902561238089,0.18542893348674766
1267,0.5699214207167922,0.38322621690150405,0.4860623835252498,0.4819994572648092,2.0331793234801077,0.184906625830658
1268,0.5694117460786378,0.38293503043699006,0.48469463388513745,0.4806431404492043,2.0360098286254726,0.18439717506700642
1269,0.570141423386187,0.38293503043535754,0.48333209622750917,0.47929199204986395,2.035908600486941,0.18387881138516585
1270,0.5690470065044697,0.3830807349555815,0.48240930777565505,0.48031974388076326,2.0325648806514947,0.18385536833640098
1271,0.5698757335506968,0.3840160861201614,0.48105725896514223,0.48177635668366975,2.0324710617932666,0.18334227045847945
1272,0.5699772615150119,0.3828583167955975,0.4797089972847904,0.48322878478264236,2.029598527578129,0.18282841612400869
1273,0.5701850465780253,0.3828582669988775,0.48116576208926715,0.4846756945203981,2.040715869431849,0.18231651412978284
1274,0.5697312117995514,0.3837585724494467,0.4798198907428762,0.4833200055230872,2.037178879975594,0.18243274975273868
1275,0.5700384946744744,0.3823847805844375,0.4784809045645985,0.4847619902461163,2.037072387938149,0.18192749072989844
1276,0.570037515949217,0.38343351982848,0.4771452170957543,0.4834087690212633,2.0397470192398375,0.18143303941992192
1277,0.5692545053799087,0.38290208265715614,0.4758145895139952,0.48206067410534,2.0368971119281425,0.18092707226811017
1278,0.5696733396293401,0.3854159290837031,0.47727493825741557,0.48350362163613253,2.0451520953122766,0.180423061870455
1279,0.5699771185218678,0.38518544566569834,0.4759466082372685,0.48215795622614044,2.0450309847308055,0.1799302263979404
1280,0.5696770825047095,0.38609260722202016,0.4773987651316998,0.48082228426968815,2.0448960098768865,0.1794403506883642
1281,0.5682361485562597,0.38590955084624284,0.4760727451759175,0.48226434918886724,2.041993712967024,0.17894193824312105
1282,0.567700723570453,0.38713436864233636,0.47567280427196595,0.4827798970656236,2.0381812960213517,0.17936648119699886
1283,0.5683150594609504,0.3865630065827164,0.47435421814593187,0.48144160976291933,2.032550007345818,0.17886926934999428
1284,0.5685252553309598,0.38835356965543893,0.4730418024044804,0.4828764389567166,2.035226234619927,0.17837887663908103
1285,0.5686465677666546,0.38868162840349285,0.4717331294973051,0.4815405584701215,2.032383846100158,0.1806529811975259
1286,0.5679254375919847,0.3882777100316113,0.4704293814415126,0.48020970522358425,2.029530604832963,0.18015370319841573
1287,0.5677306990922849,0.3880401347323742,0.4718880588774588,0.478887312200888,2.0294422345689984,0.17966328374175147
1288,0.5672497945847201,0.38804013467215076,0.4705864883828971,0.47756643623453404,2.026602840175475,0.1819259514833742
1289,0.5674555083754831,0.38895215468020106,0.4692898052361897,0.476250520107349,2.0237377667031518,0.18147795836552308
1290,0.5672569119118975,0.38883519740881906,0.47075069534525327,0.47769224940207805,2.0184146945941897,0.18097840256839498
1291,0.5679810025100769,0.3897424606625991,0.46945615141119773,0.47637861649633106,2.015605740652277,0.1804930586212672
1292,0.5670731375686427,0.3893325058346175,0.46816645775536453,0.4750699053896109,2.012815660521024,0.17999720666166236
1293,0.5660814124418514,0.3887652179304328,0.4696260547461036,0.4792550182122935,2.012800222868653,0.1795032111530753
1294,0.5679150801983885,0.3887652179304174,0.46833847207271334,0.48068275461879945,2.0100234092628986,0.1790110637899492
1295,0.5678407336163411,0.3900567984070579,0.46705570299986365,0.47936617481968896,2.006686385170044,0.17917083205703624
1296,0.5684487920130906,0.38948286680817595,0.4657777260202899,0.4780545134219775,2.006676030727367,0.18141681851252628
1297,0.5669618503872998,0.3894828173998188,0.4645045197368666,0.4767477484645626,2.006661632921589,0.1809209145215339
1298,0.5668517977430332,0.38813040002297244,0.4632651525862142,0.4781475423949721,2.0066143783091706,0.18318675120537786
1299,0.5665645559443441,0.38756476112062066,0.46200134458305947,0.47684313456849503,2.012061507640005,0.1826870095758751
1300,0.5667300051269757,0.3875503045828438,0.4634675619651662,0.47554358542389585,2.0065955159422257,0.18218912939303775
1301,0.566752993611469,0.38755030421646547,0.4622057279735307,0.4769714672981686,2.009300180309321,0.1844156915940605
1302,0.5666905038880168,0.3885539336635085,0.46276360691588375,0.4765790186444567,2.006555225089112,0.18663481096490264
1303,0.5666222389078447,0.38855392848023224,0.46694051528113384,0.4780012341770887,2.0065824161049113,0.18612769539915536
1304,0.5671362976536034,0.38855038456692237,0.46567303400094023,0.4821326061206796,2.006822613040008,0.18562246322948173
1305,0.5670988816502547,0.38831604782699247,0.46712198065209387,0.480825196238359,2.0041499114241708,0.18783083409674098
1306,0.5670083487427564,0.3892256996932746,0.46607866049806473,0.4847185432504866,2.0013212201189603,0.18743404645478426
1307,0.5664279419518657,0.3895506508700628,0.4648173084076531,0.4834067459089458,2.0040218786276944,0.1869288862759323
1308,0.5665524532038512,0.39136595341282104,0.4661466266973028,0.48221740918849454,2.0011897998510215,0.18654110782260525
1309,0.5661082669557003,0.3895813754215898,0.4648876112201335,0.4809149881330634,2.0032184029311138,0.1871381662636439
1310,0.5659232942609742,0.3890138125318985,0.4636332512054139,0.4796173830409203,2.0059129955193358,0.18663322995791407
1311,0.5660763944759285,0.3896279701315635,0.46238352605581373,0.47832457260462546,2.004421550005194,0.1869837513951929
1312,0.5658929699761654,0.38994955204669113,0.46383122483405803,0.47972934518039806,2.0071010079140947,0.1864817051718627
1313,0.5664481818128796,0.38961805411670414,0.4625834640645321,0.481128934681626,2.004391950049188,0.1859800473629668
1314,0.5672435500762915,0.38960824694410184,0.46134030370097767,0.47983593467661084,2.0071156963720895,0.19354225651402415
1315,0.5670194505231114,0.39015673755849767,0.4622832154622829,0.4790509496112253,2.0044118631882566,0.19570739020216393
1316,0.5669255645722555,0.3910450347014064,0.46372539213772535,0.47776611821509624,2.012458141074334,0.19518256940151796
1317,0.5666115547354252,0.3907279723636304,0.4624828960084035,0.4764860016576076,2.014091929666439,0.194659601302069
1318,0.5662618254750748,0.3906403827807757,0.46392166861685863,0.4752105910661932,2.014105019156414,0.19413855573859495
1319,0.5662865805999338,0.390390177881698,0.46268142061293593,0.47928762668136005,2.0167408920285355,0.19361985994723893
1320,0.5669941719601728,0.38982153364041794,0.46144543520284165,0.4780072802325398,2.0193685308539226,0.1957739859693616
1321,0.5673101613624598,0.38982153356381893,0.46021398361362514,0.47673163032901295,2.019316843408719,0.19525152726079675
1322,0.5664063524214659,0.3892976012884911,0.45898704592968975,0.4754606563403875,2.019264290451189,0.19739805323629905
1323,0.5659302034945722,0.39170875203696376,0.4604278490521736,0.47419444199362704,2.0272032473450214,0.1968728342099771
1324,0.5658381933869339,0.3918338398993116,0.45920279376195666,0.4729327580816925,2.027119186367228,0.19636488435280786
1325,0.5655518722936849,0.39261151342517475,0.45903864001587513,0.47327729753914305,2.0243892415452174,0.19850113923077745
1326,0.5654555966100775,0.3931253179027297,0.457819721255774,0.4720205698338665,2.021451740341158,0.19819521089516615
1327,0.5653125273343571,0.3939301879716332,0.4566052542539412,0.4707684319734066,2.0186216065624856,0.19779025561474492
1328,0.5648760187814976,0.39268793639587896,0.4553952195315513,0.46952086387473546,2.0185722580490433,0.19726609809615644
1329,0.5646361532275903,0.3930640831749685,0.45418959770763,0.4682778455557113,2.0211671672092675,0.19674841434074414
1330,0.5651396003309179,0.3924992219115609,0.45298836949850413,0.46703935713451167,2.02376213654194,0.1962280595228449
1331,0.5666119605097844,0.39249922190548153,0.4517915157172554,0.4684475079914012,2.0210858829755973,0.19570959964431195
1332,0.5663401127556944,0.392811361352383,0.45323432251892465,0.46721522935774007,2.0210225143418277,0.19520139708400439
1333,0.565488276115767,0.3936699164445579,0.4520615269616857,0.46859778752880943,2.020950754154893,0.1947411016600503
1334,0.5653410410333202,0.3930889028028962,0.4508706998635116,0.4699976150232956,2.015695597705581,0.1942281117966047
1335,0.5647042874468917,0.3924237132219947,0.4523157785106453,0.47139235962947384,2.0182858752115926,0.19371698464137804
1336,0.5650001947867812,0.3913565122354519,0.4537556137597705,0.47278204347227776,2.0234955370675216,0.19320788065136452
1337,0.5647400083750534,0.3922239327918784,0.45256390456896073,0.4715403647153202,2.0234230080510796,0.19272419190091467
1338,0.5642706651130668,0.39395698132682705,0.4540002120172881,0.47292688364718216,2.025972013524368,0.1922317806071975
1339,0.5638815202961426,0.39388130605827343,0.4534996919356797,0.47361893339763494,2.0232835032745453,0.1943499358956223
1340,0.5637946308201071,0.3961870388639737,0.4523122226353209,0.4723787827349568,2.028459727387488,0.1938436660627493
1341,0.5642988782906295,0.39618699717587225,0.4537448859777813,0.4711431156382091,2.036233179278119,0.19333660213688902
1342,0.5639518293381796,0.39506991527873164,0.4525591484954651,0.4699119126670866,2.036139251383361,0.19283137009363777
1343,0.563607113100002,0.3945122738922881,0.45137769166010694,0.4712957675647971,2.0360548369048352,0.1949383076001673
1344,0.5627928141723018,0.39441614237218986,0.45020049693458625,0.4700666264220503,2.0307451668390155,0.1944301455498799
1345,0.5639612205961824,0.39472553324508564,0.4490275458750887,0.46884191620682303,2.028051006675929,0.19393223753502034
1346,0.564506703550357,0.39440384134453177,0.4478588201291585,0.470224410740601,2.025375364838964,0.19342747206783434
1347,0.5649347625006903,0.3943992536250825,0.4466943014355469,0.46900173722857325,2.0331457732678504,0.19292452360069
1348,0.5645333575365871,0.39474750257133284,0.4455345036774588,0.4703805223327727,2.036200332494036,0.19242815021523396
1349,0.5650214112252753,0.39365287411755867,0.4443783432863544,0.4717548829207454,2.033573413252148,0.19192879987631295
1350,0.5642438966113301,0.3925896085257314,0.4432263357109649,0.47312430693911095,2.0334863774481255,0.19143124315525906
1351,0.5643558849069241,0.3929136044877921,0.4472279326268906,0.47451896909003,2.0307842877273146,0.1909656408484865
1352,0.564210791414388,0.39243310588223573,0.4460708542411392,0.47329128270752224,2.028088910689022,0.19052884257784355
1353,0.5632883726228276,0.3918871724966334,0.44750256003589023,0.4772372706270604,2.0280352356122013,0.19003639467169084
1354,0.5631202790505133,0.3914754383250408,0.4489291380992053,0.4760050183630189,2.0253807934205152,0.1895457104942443
1355,0.563469603486779,0.39095181514931415,0.45035061047799085,0.4747771762966965,2.0253153244481457,0.1890567824622749
1356,0.5636726342377864,0.3907130298870226,0.44919254676945597,0.4761281778192273,2.025249683876821,0.18857779661504392
1357,0.5646582498228644,0.3910171968812316,0.45318471678028427,0.4749025752516451,2.027759007629593,0.1880924921618347
1358,0.5650061303870738,0.3909763560456825,0.45201924074248445,0.4762529925172637,2.025115952037916,0.18760876602459395
1359,0.56487694723693,0.39056471170382945,0.45599627523292235,0.47502941492039236,2.0229703695943955,0.18712676614912638
1360,0.5653643370556527,0.3908696241444125,0.4548259116500302,0.4738102007332997,2.02547766149115,0.1866469886955873
1361,0.5644517667315173,0.39083699446056314,0.45622376115227875,0.47259533126791503,2.0280837373619534,0.18616841789440713
1362,0.5651525102102312,0.3928273143825094,0.4558110019771078,0.47575189857551725,2.0228888420827777,0.1856915512800661
1363,0.5650664123107502,0.3911895984870884,0.459762457291777,0.47453448777250207,2.0177180655937286,0.18521638155140316
1364,0.5647261238611053,0.39118959847322454,0.45858713808866647,0.47332140591431265,2.017672771921328,0.18474290146072697
1365,0.5666251481920913,0.39118959847322243,0.46252360867518294,0.47211263450829233,2.012520025775694,0.18427110379013656
1366,0.5660826880333027,0.3911893173144067,0.4638948475918599,0.470908155152656,2.009941343403207,0.1838009813571991
1367,0.5674012550968761,0.3906437534292799,0.46526122107255563,0.4697079495359897,2.0073708491123807,0.18333252701475483
1368,0.5676998634193978,0.3909409218441627,0.46407659304132476,0.46851199943675387,2.0073676368594637,0.18286789225726455
1369,0.567612435008021,0.3920899801615852,0.46522554494843565,0.46753451599044377,2.0045910571046623,0.18261701420463625
1370,0.5674825268786304,0.3916775697625899,0.4691255136521604,0.4663464782470005,2.002514501775061,0.18215297166221472
1371,0.5672259315744131,0.39100750968008585,0.46793462455766993,0.4651626438166903,2.0102602461384818,0.18169057091621224
1372,0.5676353145575077,0.3910030168221372,0.4667479458428816,0.46398299482436856,2.0178768333443515,0.1812298049846725
1373,0.5671950104237181,0.39049185842640954,0.47063237523438145,0.46280751348236393,2.0204958987673938,0.18077066691980603
1374,0.5674209450435338,0.3914513771111212,0.46944123969894636,0.46163618208999924,2.0177479934858664,0.18047828597574808
1375,0.5685366540217496,0.3914513771110631,0.4682543063659507,0.46299737899116195,2.0151747236638275,0.18002196540697166
1376,0.5685496507819553,0.39090902811488704,0.4670715574109233,0.4643537771709766,2.012610681049544,0.1820931223624452
1377,0.5676490360438765,0.3917505125710705,0.4658929750964124,0.4631820527515242,2.0125533774248487,0.1816593958228413
1378,0.5669395153779875,0.39147249799946937,0.4670401468553067,0.4622136702324675,2.0098016934037726,0.18150333911957353
1379,0.5672364433023882,0.39147249798611256,0.4683823010255544,0.4610496763567795,2.0047404048120243,0.1835645613678396
1380,0.5670357738527408,0.3914458779542584,0.46720395165788925,0.4624055597346691,2.002262165726372,0.18561853792710348
1381,0.5666793385864332,0.39107807934257655,0.4685430125164557,0.4612434092499744,1.997229938285768,0.1851520282381973
1382,0.5670623207409249,0.39053560048001074,0.4698773729243851,0.46008533821465736,1.9947261350824002,0.18719791510695202
1383,0.5669699662867638,0.390531063185374,0.4686988032614883,0.4614395788711815,2.002287624968931,0.189236625607696
1384,0.5677088173164673,0.39137947260552586,0.46752579851684667,0.46278763883999025,2.002292628697108,0.1887653167668
1385,0.5673461560147346,0.3919778449131604,0.4688586700131277,0.4616292093952618,2.009796268292381,0.18829659849484726
1386,0.5671741036978667,0.3914350379917766,0.4676861782528996,0.46047479660754176,2.0147776231942065,0.1878257184102196
1387,0.5669177486291299,0.3914349925175053,0.46901602408518317,0.45932442165178666,2.0147425894154707,0.18735648534014135
1388,0.5674611097321202,0.39012997676192834,0.46784548225027556,0.45817806753225127,2.0122006393098415,0.18689831605130267
1389,0.5679244090885681,0.38989654258949585,0.46668029067728206,0.4595277005232076,2.012167696440359,0.186440694812024
1390,0.5680294243123041,0.3898964863251076,0.4680086583679384,0.4608738835495793,2.012147731028951,0.18597631708346354
1391,0.5684608678745493,0.3893595513047408,0.46933239302597657,0.45972710786941956,2.0121175612798483,0.1855135589946901
1392,0.56946605707866,0.3893595512046365,0.4706515141024739,0.45858432901980084,2.0096024661691256,0.18505241374589426
1393,0.5702824962346069,0.3893592407891004,0.4719660409544398,0.45992882221575637,2.004613745669984,0.1845928745701514
1394,0.5697523911498494,0.38877442053071837,0.47327599284532573,0.4587878262248479,2.0026693298906957,0.1841349347332433
