0,0.5,0.5,0.5,0.5,0.5,0.5
1,0.5073818861282413,0.5049455959540129,0.5024975012581799,0.49750249874181995,0.4950049975696378,0.4950049975696056
2,0.5154397305540644,0.5089886916044702,0.505839177126552,0.49416082287344787,0.5151399008126422,0.4949363346930112
3,0.5499473812746912,0.5089886916044704,0.5207360277006505,0.48923401725438315,0.5199739777984422,0.49000179718624226
4,0.5545133069786083,0.5039116593425561,0.5255095351547995,0.4843612073559409,0.5247634068442558,0.48512134013833813
5,0.5587721276929777,0.5013875816141043,0.5302307744925886,0.4894918776903078,0.5394535689866419,0.4902444470566617
6,0.5989398306602168,0.5013875816141045,0.5647209039053473,0.4846262404934812,0.573852022886962,0.4853713291851416
7,0.614958927520881,0.5040749826952298,0.568991465069492,0.4798656501235667,0.5879102875819933,0.4806552065574546
8,0.6154689555845911,0.5016746960897639,0.5732672072916742,0.4751052297260006,0.601918737726067,0.4858072726564496
9,0.6293215735648287,0.4965715482194356,0.5874067053646077,0.47039674505775425,0.5959552915069225,0.48099272642140883
10,0.659460292942146,0.4940357743927353,0.611292581267189,0.46573958286534844,0.5999555354716305,0.47623065873312803
11,0.6657028330750605,0.4940357743927353,0.625027734734282,0.4611331376486932,0.6039122163677205,0.4715204504522484
12,0.6714813314869773,0.49411927229595226,0.6682031060762315,0.45662930361364984,0.627555786741858,0.4668929854963602
13,0.6899967802093538,0.4967324625071203,0.6714781020957421,0.4521221066827268,0.6509734517404332,0.46228471435170587
14,0.7000552182352249,0.49673246250712033,0.6747176484633417,0.4476637416916589,0.6642761698987167,0.46758711157860977
15,0.7102946980187177,0.4941347987337761,0.6976242825378122,0.4531048721190111,0.6971367836212775,0.4629808551144038
16,0.7210151162025448,0.4941347987337761,0.7104413177831236,0.4486457432839864,0.7099586164766115,0.45842453403259736
17,0.7380103967350737,0.49413479873377614,0.7132880956806509,0.4638977846852047,0.7128101400537692,0.46374899902378797
18,0.7404112405472817,0.49425695415765,0.716072832211466,0.4593727974825952,0.7155995832025902,0.45922547316186363
19,0.7466338500588555,0.49695452304871784,0.7384813235135572,0.4548664571148452,0.7380127179262885,0.4547205783099442
20,0.7540681830729054,0.49695452304871784,0.7410447261109268,0.45040786213688805,0.7307787270563415,0.45026341323409735
21,0.7575167863465183,0.49967182538679766,0.7533712765542384,0.44599876128698934,0.7627888054515639,0.44585710561424047
22,0.7605324221486953,0.49967182538679766,0.7655663003086901,0.44163582195625,0.7651093024051491,0.4512779543667993
23,0.7664712210910709,0.49967182538679766,0.7971752074182933,0.4470925055911006,0.7771774259083497,0.4468677842212331
24,0.7729371436498182,0.4969177820313531,0.8089182139816938,0.4427276053496161,0.7891156679549004,0.44250507790236937
25,0.7767835935806704,0.49691763104136333,0.8302880518213779,0.44816273825163894,0.820431741109106,0.4479423811366422
26,0.7799892430637323,0.49691763104136333,0.8416849657798284,0.4437961314343018,0.8319246885618651,0.44357792133599894
27,0.7826150165975833,0.49690782640432735,0.8334923305471902,0.4394763918995359,0.8335606693769332,0.439260305773755
28,0.784961311849698,0.4940872099068052,0.8448353154227937,0.43520297458986695,0.8546268734018716,0.4349889896604354
29,0.787679725048255,0.4912739980138156,0.8560567753604804,0.43097534124085257,0.8560391720738862,0.430763434996257
30,0.7900384650236327,0.4912739980138156,0.8768625766258105,0.42679296029108527,0.8768451441695249,0.4265831104811757
31,0.7920788341675824,0.49127399801381566,0.8683616081359782,0.42265530679345514,0.8780391116361822,0.42244749142619276
32,0.7938780380617331,0.4912739980138156,0.8696365346257244,0.4185618623276535,0.8985904425091322,0.4280411254866936
33,0.7943934767707956,0.4912739979957524,0.8902486226126177,0.4241875005097898,0.9285977759289707,0.42389966254671096
34,0.8040083575294574,0.48836928146689224,0.9203065932915167,0.4200874250036281,0.9582850746196441,0.4198023692002799
35,0.8080114384177708,0.48836928146689224,0.9307321713056697,0.41603103807477615,0.9586878761985046,0.41574873478570445
36,0.809963742494076,0.4854486393585221,0.931400356691676,0.41201783504811074,0.9783791954604508,0.4117382549703153
37,0.8117231993050146,0.4885343798462053,0.9416980548653211,0.40804745906971257,0.9882241697762728,0.4077705732384246
38,0.8120166136363982,0.48853437658242604,0.97114072346266,0.40411913337627076,1.007591806671694,0.403844913160712
39,0.8138263389472844,0.4855717835392121,0.9714182777594124,0.4002325147452283,1.0267538066001205,0.39996093184453735
40,0.8141105905921503,0.4855717835392121,0.9716928879282278,0.3963871230115024,1.0264967588517353,0.39611814945063983
41,0.8158466264738551,0.48259414860115446,1.0103577530336516,0.392582483937476,1.035843068355221,0.39231609206320245
42,0.8178137708587304,0.47962747317089277,1.0102584356698656,0.3888181291351787,1.035499457712024,0.38855429161208543
43,0.8187649148451087,0.47962745105165183,1.0388975106481524,0.3850935959895473,1.054317703410412,0.384832285796139
44,0.8227917401993251,0.479627354222012,1.0576643585301075,0.38140842758275,1.0633677564731268,0.38114961800757885
45,0.8239820249205265,0.4766206661538675,1.0475531138963134,0.3777621726195597,1.0627619623169495,0.3775058372574099
46,0.8271417741899566,0.4766206661538675,1.0470989617042754,0.37415438535375956,1.0812635294511872,0.3739004981018822
47,0.8273938755869843,0.4766206661538662,1.0561904704221627,0.3705846255155676,1.07094733038196,0.3703331605699645
48,0.8328612482014915,0.47996572564236883,1.0651862379336692,0.3670524582406214,1.079802445275278,0.3668033900923775
49,0.8330570664493875,0.4324094644602194,1.0645655466463302,0.363557454227734,1.0790434517886311,0.36331312628143053
50,0.8330646935519724,0.43240946445990214,1.1020005571485694,0.3600991887481541,1.0973161557097255,0.35985718492116814
51,0.8351434212136769,0.43240946445990197,1.091528480904838,0.3566772429647201,1.1248997416211035,0.35643753884848384
52,0.8396269092092549,0.43240946445990197,1.1381260179563701,0.35329120293579663,1.14270060965614,0.36254706306835977
53,0.8397611105308413,0.43240945963734023,1.1557836586596801,0.3499406597812953,1.150831094542355,0.35910873918637787
54,0.8391897304892878,0.43240894165461025,1.1448333931958372,0.3466252096168231,1.1778259415739645,0.3557064276940723
55,0.8390378055226504,0.43240894165445304,1.1434625666399616,0.3433444534887372,1.1666780095719913,0.352339719185632
56,0.8388923634823826,0.43240894165429683,1.142106071927028,0.3400979973100922,1.155646627888764,0.34900820924944553
57,0.8389921101792808,0.43240894165429683,1.1502096870930607,0.33688545179746676,1.154176399072558,0.3551574390969382
58,0.8416913280325715,0.4324089416542968,1.1676652324084982,0.33370643240865777,1.1432850140898807,0.3518059961095821
59,0.8407089244928282,0.427222724987613,1.1660846409130603,0.3305605592812287,1.1419625143178762,0.3484894971699565
60,0.8413901517595164,0.4272227223943396,1.1645205146692104,0.3274474571719003,1.1406255716308358,0.3546251920181862
61,0.8402265800229303,0.42462894271598584,1.1723808998307634,0.32436675539677146,1.13930253357283,0.3512887957975788
62,0.8422193514703172,0.42462894271598584,1.1707607212531577,0.3307169166402686,1.1379932528990102,0.3479870925226629
63,0.8423233733828992,0.42202343341545245,1.178546809342218,0.32761167173508887,1.146087008999507,0.34471969042814077
64,0.8432504586120335,0.4220234333677343,1.167491981348778,0.32453865787516756,1.16347680585685,0.34148620249755796
65,0.8427147050168867,0.42202277624697726,1.1752931431215665,0.32149751170613766,1.1806886050973906,0.3476569210358043
66,0.8438154284696028,0.4193833500470738,1.1642908612629024,0.31848787427112696,1.188358436347806,0.3444023972961422
67,0.8442680658564595,0.41938335003407423,1.1721063730255046,0.31550939095410385,1.195948869330849,0.3411815626033398
68,0.8466519428857895,0.4167328985760424,1.1704984512098198,0.32190431615976756,1.2128034059691488,0.3379940381208037
69,0.8486453966382972,0.41409386092496425,1.1782404104763404,0.31889989729272517,1.220150521925984,0.3348394495859485
70,0.8490355584218522,0.41409386092496375,1.195226384302603,0.31592649435868136,1.236745728463181,0.331717427251402
71,0.8502435062934403,0.4140938609249638,1.2120371627719977,0.3129837594565956,1.2252259133000307,0.3286276058270091
72,0.8497845264146555,0.414093857764687,1.2379800183361391,0.31007134887598053,1.241740767317739,0.3255696244226241
73,0.8496940394847287,0.41140006425355496,1.2450637624106486,0.30718892304315726,1.2580858771201227,0.32254312649167954
74,0.8511084626654779,0.41140006425355496,1.2613613584941044,0.3043361464682396,1.2742625405103323,0.31954775977552063
75,0.8528896190456191,0.41140006425355496,1.2774914652414666,0.3015126876928372,1.280995522518594,0.3165831762484944
76,0.8517805248185387,0.40070962052823045,1.293455953500977,0.29871821923846714,1.3061956966729669,0.3136490320637829
77,0.8530307616453185,0.40070962052823045,1.2814799760666424,0.29595241755566415,1.331137357393487,0.32000388603603436
78,0.8532113338081757,0.40070962052823045,1.2696267421547474,0.29321496297377864,1.3188248951391472,0.31704396392664413
79,0.8534945940142397,0.40470542458649716,1.257894884165806,0.29050553965145404,1.3158788258192542,0.3233547503664825
80,0.8558138954930222,0.4047054245851513,1.264745377797443,0.28782383552777274,1.3129628967527962,0.32036980980903174
81,0.8571935495595636,0.4047054058745095,1.2715258495394497,0.2851695422740617,1.3192987734858006,0.3174153796336798
82,0.859625488269545,0.40470540587450954,1.2874497972009578,0.2825423552463481,1.325569883008178,0.33291655992245217
83,0.8584912814193753,0.40470540587450954,1.2756007382225356,0.28914548491065684,1.3409805197993123,0.3298525585439201
84,0.8586938555306782,0.4060015177616995,1.2730667788921677,0.2864869909479216,1.3470397508818401,0.3268197910238802
85,0.8584092331815074,0.40600151776169946,1.2797437498274384,0.28385557274285284,1.3438521487305797,0.33300303393948527
86,0.8613641125196186,0.41007982395154025,1.2863527796290242,0.28125093038236776,1.3498729235621028,0.3299474173102687
87,0.8620901583767586,0.4100798239515397,1.3020613911981191,0.287839538478629,1.3649995032218412,0.32692286490815237
88,0.8622539867560869,0.4100798239440149,1.2901376223866072,0.2852036165975007,1.3616589575201707,0.3239290332142605
89,0.8626021723804698,0.4043886159949583,1.3240771341339075,0.28259444393538424,1.3583504351406648,0.3209655827923773
90,0.862571440747904,0.40438860832182905,1.3668118514042857,0.28915103703712725,1.3642146954939753,0.3180321782372502
91,0.8627580210869281,0.40438860832181156,1.363462794235287,0.2865110368577294,1.3700195433754092,0.3151284881235854
92,0.8627890941530642,0.391987235511054,1.3510265798769356,0.28389775493653496,1.3940077349950555,0.31225443260452895
93,0.8653288925299736,0.3961115879645968,1.3569399834997464,0.28131089704606654,1.4177533671320006,0.3094091905102499
94,0.8644400259999877,0.3961115879645968,1.3536908203584033,0.2787501724419513,1.4139506450616985,0.3065926919842464
95,0.8649272686762384,0.400246812496808,1.359568127566468,0.27621534736356046,1.4010925605887685,0.30380462102428407
96,0.865891517262916,0.39750272202241627,1.3744708608356486,0.2737060303259033,1.4428719798081455,0.3010446653631245
97,0.8658785864615329,0.3725680929629386,1.3710654441311234,0.27122887872432405,1.4388526685012113,0.2984925081226035
98,0.8669046217533223,0.37023058570707457,1.3858341614247773,0.2687697850687059,1.4348738160994263,0.2957862290699223
99,0.8685903988276017,0.36790357424008135,1.3823394966426086,0.26633542233907553,1.4218775511408304,0.29310716686878363
100,0.8685903820642563,0.36135271603385016,1.3969766941737722,0.26392551978027035,1.4452053677408891,0.29045525567683045
101,0.8703191237326553,0.3628651095026218,1.4114669513599947,0.26153980982476077,1.4592596700154157,0.2878297346750145
102,0.8703189387976364,0.3565996470744834,1.416781578308654,0.2591780284545625,1.48220330522255,0.2852314565983763
103,0.8718605348079541,0.3565996470744834,1.4130216792702295,0.25683991355053626,1.4778532191996132,0.2826583066915481
104,0.8734805724588213,0.3565996470744834,1.4273239293612365,0.26353746024995617,1.5005834440262813,0.2801109185263815
105,0.8751453665834951,0.3565996470744834,1.423476627234318,0.2611647678691248,1.4960765691437723,0.2775890112364468
106,0.8754120886867693,0.3565996470744834,1.4106735275893727,0.2588157875748196,1.5006089806883232,0.27509230724903594
107,0.8760408110071836,0.3565996397825923,1.4069835205118073,0.2564902612777078,1.4961109600504843,0.272620532243982
108,0.8750407126618227,0.3601735615747518,1.4392354279759672,0.25418793391034195,1.5006340071284519,0.2701734151130322
109,0.8757495514641714,0.35816803559326643,1.4442639744638606,0.2519085533893576,1.5051119738811731,0.2677506879197199
110,0.8757409871125104,0.35816803559326643,1.431325764776823,0.24965187057836402,1.5005957814743947,0.26535208585984377
111,0.8765071988699691,0.35816803559291627,1.4274656633737206,0.24741763925113208,1.5140145308321493,0.2629773472223926
112,0.8779306281497442,0.3597676098707824,1.4415248163075491,0.24520561605536437,1.5272998985865343,0.260626213351024
113,0.8768779579428544,0.3597676098707823,1.4375813344961221,0.24301556047692432,1.5136588094604004,0.25829842860604396
114,0.8768724823567466,0.3471908891737334,1.4515221284556112,0.2408472456921978,1.5269198967909716,0.25607926866690095
115,0.8765967576500666,0.3471908891737334,1.4564110745093788,0.23870041488556543,1.513309449786406,0.25379666476443996
116,0.8781897119437062,0.3471908891737334,1.4612515992074617,0.2365748468331012,1.5354528130161378,0.25153666834715727
117,0.8777089982617802,0.3453243408915981,1.474940077140951,0.2344703120249249,1.5306895040775326,0.2492990353901644
118,0.8779266247121975,0.3453243408915103,1.4796062639492609,0.23238658361740622,1.5259732874044054,0.25597048522959187
119,0.8778950916026154,0.34532434089083586,1.4931044381402154,0.23032343740012667,1.565701793236698,0.25369795929407535
120,0.8782244026627979,0.3453243408316674,1.4887309941039906,0.22828065176327547,1.5784228777898845,0.2514478602455618
121,0.8799115183544232,0.3434186977171144,1.4844006715251734,0.22625800766547288,1.5910185338544693,0.2580802864090453
122,0.8809194765222003,0.33964101387277246,1.4712615231991262,0.23310677228704169,1.6034914534452027,0.264647376649495
123,0.8822558354430693,0.33776826528733356,1.4582516921682374,0.23104549380473896,1.624682907789265,0.26230719606386305
124,0.8820645562493109,0.33590149675840886,1.454203589099119,0.22900448448919988,1.6368321833005257,0.2599900271726501
125,0.8812594734195183,0.3359014910825457,1.4854951325972752,0.22698352700680288,1.6312121857781094,0.25769562323582257
126,0.8816228866672381,0.3396091480524186,1.498847232363555,0.22498240653295834,1.6344634739131638,0.2554237403736107
127,0.8814781445260852,0.3396091480524186,1.5032610535392819,0.22300091072120315,1.6464902139105484,0.2619814742103048
128,0.8809750706440489,0.33773197205910294,1.525228695528137,0.2210388296726993,1.6496005817122779,0.25967642135673247
129,0.8810186302170971,0.33511108278357027,1.5294018116903256,0.21909595590612962,1.6438907680964996,0.25739393321834636
130,0.8797017583678619,0.33511108278357027,1.5159722042614565,0.21717208432798615,1.6382367926817545,0.2551337688512893
131,0.8792286570199837,0.33511108278357027,1.5114460043747577,0.21526701220324554,1.632638066129019,0.252895690082452
132,0.8797384218553642,0.3351110827835702,1.4982005834199326,0.213380539126426,1.6183305894542601,0.2506794614754706
133,0.8802018466493964,0.3351110827835702,1.493839011223409,0.21151246699302062,1.656690584088664,0.2484848502971666
134,0.8811855882114036,0.3312261430077958,1.5157576462342137,0.2184085006173356,1.6596931341459575,0.2550575271304565
135,0.8811246366286625,0.3312261430077958,1.5025142304964374,0.24271170814560383,1.680140767615252,0.2528290489319597
136,0.8814287572948076,0.33122614300778164,1.4893996457334546,0.2405932168828674,1.7003897706123103,0.25062224920556575
137,0.8798492008288222,0.33122614300777764,1.5287307378424686,0.24721501792687645,1.7117219848826557,0.25715660007375174
138,0.8809977219161709,0.33122614300777764,1.5241249713022649,0.2450615311399163,1.740366607321397,0.2549165122947713
139,0.8807209362164374,0.33122614300777764,1.5282661691824264,0.2429289370089678,1.733923729591141,0.2614004376401965
140,0.8809986804286292,0.33122614300777764,1.5323672260898014,0.24081701428891356,1.7275433032063945,0.2765150961161791
141,0.881934441656168,0.3312261430077776,1.5190587805152533,0.2387255442590649,1.7125397743214792,0.2741135920611795
142,0.882539647463023,0.3312261162519331,1.5319077413315647,0.23665431069241155,1.7584272758299608,0.2717353242695396
143,0.8821487324918124,0.32918036000730383,1.535964950029758,0.2346030998252685,1.7691886579353677,0.269380047289807
144,0.8831390605183256,0.32918036000729367,1.5313240951935587,0.2325717003273144,1.7798461399409387,0.26704751846460845
145,0.883370276087058,0.32918036000729367,1.535378246252573,0.23055990327201642,1.773100296978486,0.28203794375890545
146,0.8835791714009547,0.32918620247272523,1.5307517326254716,0.22856750337837115,1.7664551332216776,0.2882303641473168
147,0.8847132679530146,0.3291862024719355,1.5348027246568463,0.22659429388737481,1.7598383722237352,0.28574208877254786
148,0.8855180528821489,0.32904618218362314,1.5215661084064274,0.22464007419220686,1.7619096008292068,0.28327776009048805
149,0.8862766988991861,0.3290461821836231,1.5343038382005965,0.2227046446932807,1.7811922964721547,0.28083712640017083
150,0.8868244140354236,0.32904618218362314,1.5210979626826082,0.23800196758103775,1.791682707581614,0.2784199388524816
151,0.8880044011332394,0.3290461820870695,1.5166173138427217,0.24455399012662066,1.8106708737703892,0.2760259514156502
152,0.888274417920324,0.32904618208706954,1.5121796316605332,0.2510431828187595,1.8466567200063768,0.28224480364859683
153,0.8886659805678957,0.3247191377207618,1.533528357666532,0.2488889066524104,1.8308133073515531,0.27982277710022
154,0.8881546098940611,0.3291651222390626,1.5203818481219802,0.24675525169227797,1.8579818652094429,0.2774239347239435
155,0.8883031682407055,0.3291555078883437,1.5330535225434663,0.25320615404038355,1.8591981392943038,0.2750480340409954
156,0.8871472359086698,0.3269698761567379,1.5370485260454594,0.251039825518906,1.8518471906514078,0.27269483530782285
157,0.8872791998958767,0.3249633672295622,1.5580994714954444,0.24889417870556174,1.844568998652112,0.27036420749965956
158,0.8876889774242824,0.3228436340860387,1.5704111360142832,0.24676899630335206,1.8373576481017642,0.2680557033034029
159,0.886860011970293,0.32284363408603783,1.5740755133826183,0.25319402933951113,1.8302150182057655,0.26576919791421577
160,0.8865769119655464,0.32071970060506205,1.5862264403306767,0.2510364521444612,1.8401832682723849,0.2720259000908666
161,0.8866541808061015,0.32071969784038673,1.6067747032586226,0.24889939873176667,1.8500567072258212,0.26971016517203517
162,0.8867964230804865,0.320719697812712,1.610118853208787,0.2467826556870988,1.8598362989817283,0.26741643879457866
163,0.8865165212942663,0.3185758875576822,1.6219271609613608,0.24468601198984571,1.8695230293190817,0.2736404041783538
164,0.886217186479823,0.3185758875576822,1.6505982846760037,0.24260925898442504,1.8706304421981272,0.27131790307924925
165,0.8872623801991094,0.3185758875576822,1.6620397768630901,0.24903112739284095,1.8886852326154946,0.2690174156609769
166,0.8877171186020573,0.3164126419819826,1.6479615315224412,0.24692171860630047,1.8811576578188276,0.26673871377230696
167,0.8880448461562865,0.31426262462379134,1.6509404796744558,0.24483226798314683,1.8821633024426356,0.26448157181307985
168,0.8878013445837263,0.31892512403748174,1.6454377293240479,0.242762569061171,1.891612977699054,0.26224576812683065
169,0.8859672867613472,0.31892512403748174,1.6568771283018142,0.24071241755136072,1.9094184938202212,0.26847616830010684
170,0.8865395132142171,0.31673900800289734,1.651335287082063,0.2386816115753013,1.9017460500712007,0.26621112932721275
171,0.8866260802931568,0.31673900800289734,1.6542739085016183,0.24509816719575117,1.9025741555579887,0.26396744449826054
172,0.8867114631629144,0.3192541483935797,1.6487650584460578,0.2430344916846464,1.8865548913301278,0.2617448935916416
173,0.8879004039840682,0.3192541483935785,1.634896675359053,0.2409902371580404,1.904331873108262,0.25954325883670726
174,0.8892543882226397,0.3239628094752472,1.6379646272692587,0.2389652036715417,1.92194170736375,0.2573623248846208
175,0.888037177085918,0.3217208977423828,1.6410037586233148,0.2369591934921255,1.922596973189703,0.25520187877956196
176,0.8884689459119988,0.32172089762148,1.6356281858296333,0.23497201108233004,1.9232460893442194,0.25306170993030247
177,0.8886580319389982,0.32172089762147826,1.6470586170744823,0.23300346307419514,1.9323366636993056,0.25094161008213817
178,0.8886048348999414,0.32172089762147826,1.6500125332382338,0.2310533582435292,1.9329734498002136,0.24884137328917497
179,0.8896215295954287,0.32172089762147826,1.66966091708292,0.22912150748450008,1.9502559807315918,0.24676079588696356
180,0.8900262450868399,0.319426979194748,1.6974782473815138,0.2272077237845456,1.9423189119111879,0.24469967646547838
181,0.89001811325966,0.3126805597597716,1.7250356566139824,0.22531182219959947,1.9261115161315654,0.24265781584243623
182,0.8904329000867878,0.32228319773640035,1.727326700912387,0.22343468198335517,1.910055956312556,0.24897052289928112
183,0.8904768335367077,0.32474927624019884,1.7379251188736813,0.22157398910300136,1.9108049816663422,0.25522485722480004
184,0.8890922994850108,0.3224952157959897,1.7317860556043405,0.22804999379395322,1.9198663849973652,0.2531015502572814
185,0.8887286677000514,0.32247467943919017,1.7257041503475803,0.22615466052620714,1.9039832211049776,0.250998012430597
186,0.8895671717849863,0.32247467941841795,1.7279815563593757,0.224276958096037,1.888174951243192,0.2489140422094563
187,0.8905667882403361,0.3224746794184179,1.730237796301966,0.22241670691495372,1.8808080397419613,0.24684944027736622
188,0.89042651776619,0.32247467682618225,1.715900791451709,0.2205737293701138,1.881795691175399,0.26137630365516007
189,0.8912297476717861,0.3201696044176815,1.7430861215665403,0.21874784980107462,1.8910520368011636,0.2592126658818052
190,0.8916075434127163,0.32272256735580124,1.7452106943506138,0.21693889447683998,1.8919529919697873,0.25706908306495757
191,0.8906400425643501,0.3204314098026269,1.7555769177172196,0.21514669157319186,1.8928456035136474,0.2549453515956965
192,0.8905085715601897,0.3204314098026269,1.7410880208336448,0.21337107115030568,1.8854768874228989,0.2610943387829938
193,0.8894469983678259,0.3204314018061178,1.734977883689367,0.21161186513064387,1.87817632328485,0.25894166302423033
194,0.8894417853294203,0.3204313923409711,1.7371607592984195,0.20986890727712515,1.8956529252424719,0.2568088695492867
195,0.889778710379617,0.31810632465208555,1.7310951450853231,0.2081420331715655,1.9047398757197214,0.2546957571656733
196,0.8899496515653416,0.31810631173119863,1.7415256982391474,0.20643108019338727,1.8890911855641248,0.25260212688056516
197,0.8894767232486078,0.31578151780612085,1.760072077660981,0.20473588749859303,1.8900020372440853,0.2505277818750734
198,0.8873076632920996,0.3157815178061208,1.7538366754737318,0.20305629599900038,1.8827007931044721,0.2484725274788354
199,0.887199162462057,0.31345731721759373,1.7476586078039824,0.20139214834173477,1.908248716747763,0.2628271690115796
200,0.8866850813072981,0.3161566047060933,1.7333550159053925,0.2079255698374406,1.9006674408628046,0.26082100137721725
201,0.8865304872933466,0.31384680525160924,1.7355359383784172,0.20622492075336094,1.9096590185355893,0.26686683829838836
202,0.8865050102090293,0.31155417262626134,1.7458678100915797,0.20453986738573232,1.9022262408346642,0.26468628289829244
203,0.8875540345229408,0.31155417262626134,1.7316166710337482,0.21103303536747792,1.894861571508542,0.2625257063629554
204,0.887731793932193,0.3166185646465618,1.7338052348597475,0.20931214160554182,1.8794096884068014,0.26038490801287184
205,0.8881399944056094,0.3119952527832593,1.7359737833703903,0.207606985861029,1.8803920856511314,0.2582636893474046
206,0.8883160097393394,0.3097177044530287,1.7543991775770391,0.2140557423042472,1.8895038251827925,0.2561618540194669
207,0.8861712755515155,0.30971770445017777,1.7563959605238688,0.2123154270573869,1.8854480811812224,0.25407920781051613
208,0.8866412474581318,0.3097177044501778,1.7583745296742086,0.2105909862188018,1.8782564095594376,0.25201555860585717
209,0.8870581278590142,0.3198630862923768,1.768449019584966,0.21699621334636326,1.8873581836084063,0.2580846687266844
210,0.8868487490750302,0.3198630862923335,1.7703259353535998,0.21523727622662578,1.8882712404270448,0.25599267506072154
211,0.8877631507545337,0.31986308629233345,1.7802835170362712,0.21349434058148092,1.8891759909473147,0.2701151941025898
212,0.8875075152640399,0.3174795710507543,1.8063298867451776,0.21176724673487435,1.9062518120449459,0.2679300575395366
213,0.8877946774152211,0.3174795710507537,1.8078950436514005,0.21005583673377207,1.9070094437802314,0.26576476433608315
214,0.8876342283010524,0.31747957093959417,1.8094459999140295,0.20835995432825608,1.8996868181857072,0.26361911680325645
215,0.8878102470633603,0.31747957093959417,1.8190483112924118,0.20667944495186413,1.8924304884752823,0.2614929193820087
216,0.8871733862675005,0.3174795706565182,1.8124489499089302,0.20501415570217077,1.8932972140036899,0.25938597861864826
217,0.8877886180156952,0.31504712742172286,1.8059093048258097,0.20336393532160638,1.9102546960923579,0.2572981031405717
218,0.8880684307720836,0.31504712742172286,1.8315938007356098,0.201728634178511,1.9029351064971145,0.2552291036322929
219,0.8883392837990759,0.30786991004324393,1.8168802099459451,0.20010810424842035,1.9037148498673275,0.25317879281176586
220,0.8884995670341467,0.3078671897869224,1.8103245927042937,0.19850219909558042,1.9044883430816835,0.2591721733866218
221,0.8893114615861305,0.3055142349374973,1.8118452520829917,0.1969107738546883,1.9052540759678094,0.2570943468419106
222,0.8891992663664218,0.3055142349359131,1.8133522123677843,0.19533368521285582,1.8980037569979087,0.2550352387172179
223,0.8885024929648485,0.3055142349359131,1.8068444605395637,0.19377079139179346,1.898819844083891,0.2529946639013076
224,0.8887713180835854,0.30551423482947854,1.80039523065565,0.20021510347390525,1.891635506512493,0.2509724392635975
225,0.888402584920793,0.30313140940940886,1.7940039449246883,0.20660151558785406,1.908471138945562,0.24896838363146165
226,0.8881987034825215,0.30310017476822904,1.8116015747780547,0.2049534178996941,1.9013287636527785,0.25495949878446583
227,0.8885215688467974,0.30072188019500345,1.8290413766279587,0.20332010151843746,1.8941459013622404,0.2529276735522296
228,0.8889477140205913,0.30072188019500345,1.8304024197029043,0.2017014208651271,1.8870273889233888,0.25887529758159744
229,0.8879430016870833,0.3038446156601563,1.8397037872213662,0.2080512930123785,1.8879255116141604,0.2647700640704121
230,0.8882137281413053,0.3038446156601563,1.8568680665454993,0.20639825557895247,1.8967613172220361,0.2706117129670364
231,0.888006568241125,0.3014527362783117,1.842129371869122,0.20475999116721402,1.8975885947185893,0.268463761001503
232,0.8877473362371191,0.29674349696260827,1.8433812008947257,0.20313635475517047,1.8825417683790309,0.26633498801615824
233,0.8890251728621139,0.2944277031371325,1.8367003265734057,0.20152720286185033,1.8993152894287013,0.26422520589104265
234,0.8892323634057471,0.29213200890075336,1.8459062359933418,0.19993239352975922,1.8921984516237103,0.2621342285036494
235,0.8901124852545593,0.2921320089007533,1.8550301648689616,0.20625749480383535,1.8930506992406257,0.2679675802024878
236,0.8902503690579676,0.29213200890075336,1.8482773018705307,0.2046285129713367,1.8938953641555183,0.26585122404164313
237,0.8903916212923265,0.2921320089007533,1.8336945549803652,0.210903924711369,1.9026224333686923,0.2716435939250425
238,0.8907485572213014,0.29213200889991614,1.8350053789734453,0.2092415743011716,1.9112719928887936,0.2695024918075415
239,0.8917123418036738,0.29213200889991614,1.8599270176457035,0.2154681238287402,1.9198447992453467,0.26738038907868367
240,0.8920523008079648,0.29213200805039186,1.8767614279720604,0.21377319153498595,1.9126090465904417,0.26527710044316255
241,0.8918254076223046,0.2897607249980575,1.8620130554430554,0.21995168907372864,1.9054375342736154,0.26319244256260416
242,0.8918254076198769,0.27203536790150157,1.863096329506524,0.2182249457200167,1.8904787801703271,0.2611262345179169
243,0.8916996542098556,0.27203536790150157,1.8484845957200806,0.21651346963479115,1.8913377239016904,0.25907829584560854
244,0.8912603774242578,0.27203536790150157,1.8496717001766172,0.21481711337368906,1.923528584768544,0.2570484494345992
245,0.891442622432152,0.2720353679015015,1.843021281219178,0.22096277546081175,1.9554353115356937,0.262863564937813
246,0.8905374415082251,0.2720353679015015,1.8364295104604738,0.21923501841067147,1.940145328435987,0.26080817630233283
247,0.8918944278261475,0.2720353679015015,1.8377072261168754,0.2175224844673947,1.9406128776399545,0.25877089750517823
248,0.8919191767987004,0.27534751418944586,1.8389736939150756,0.21582502613100663,1.9332727115215471,0.2567515530762024
249,0.8923661405094384,0.2753475141894459,1.848024822483042,0.22193829718358404,1.94938450357293,0.2547499693870661
250,0.8921754358288663,0.2806451378475195,1.8569964141863324,0.22020983998718296,1.9575667052861738,0.25276597463060546
251,0.8912441744763745,0.2785945004545308,1.8503287903605048,0.2262767818832981,1.9579143321612067,0.2585796225158799
252,0.892127613060222,0.2818048598348042,1.835947207200453,0.23229050488332795,1.958241440799965,0.25656982600615674
253,0.8917933523698779,0.28180484288013863,1.8527503820822513,0.2304868437203827,1.943036324963601,0.25457764371276786
254,0.8915723634394288,0.2817975497320959,1.8461356672765192,0.228698976168848,1.9435055045306413,0.2526029058006448
255,0.8917166904328278,0.2817870814441567,1.862826317334493,0.22692675007184748,1.9439504608862166,0.2583946091888774
256,0.8913320982706526,0.2799749135900752,1.8716296560700671,0.225170014861125,1.936642944203918,0.2563942680740496
257,0.8910054429788445,0.2799749123175984,1.895823477918886,0.2234286215392581,1.937132936969148,0.25441139630284826
258,0.8914033387862537,0.2778902552416319,1.8966283407614595,0.2294283749831529,1.9376186764773942,0.25244582598507576
259,0.8897608538676725,0.27789025524011357,1.8974261870267648,0.24309405442451207,1.9535366103721723,0.2504973909794101
260,0.8903513595058548,0.2758087315226875,1.9059275998963499,0.24121967386287768,1.9616053829327516,0.24856592687386678
261,0.8900867090031819,0.2758087286472039,1.8989494124488213,0.23936160474075419,1.9619011355813425,0.246651270966493
262,0.8891278444118632,0.27373058347903184,1.9074221180966249,0.24521480104282653,1.969889420813139,0.244753262246291
263,0.8894782252355371,0.26764002111966523,1.9311960599817943,0.2433297321288021,1.9624334744777598,0.25055916034747955
264,0.8900681457364467,0.26764002111966523,1.9470839268285098,0.24146102417193535,1.9857611816432406,0.2486349322948249
265,0.8894995855013923,0.26567391381829997,1.9398178425906165,0.2396085208276156,2.0088866054655066,0.24672739030054056
266,0.8903290502393993,0.26567391381829997,1.9479434934677866,0.2377720673711663,2.0241472775941327,0.24483637504301503
267,0.8898721547070781,0.265660221931178,1.933028614690942,0.23595151067983877,2.024014035947552,0.2506184595648125
268,0.890014195456765,0.26365317758911944,1.9182427284062258,0.2341466992150189,2.039128506340133,0.25635053727774976
269,0.8899698968252958,0.25295977169862194,1.9112260040325308,0.23235751749874295,2.031188041447289,0.2543930266143489
270,0.8901581174858599,0.2529597716986219,1.9195374814574186,0.23058374785660737,2.046217548263838,0.25245104241415206
271,0.8896518003980304,0.25295977169862194,1.9277772668612982,0.22882527815742382,2.0382389206525025,0.2505258091193552
272,0.8910233948182088,0.25295977163874106,1.928327498831191,0.23470050563622924,2.0379475960553695,0.24861716756744956
273,0.8913558341108038,0.25113061006271925,1.9136511373157212,0.24052514489159266,2.037658779638757,0.25433588811257574
274,0.8918209055754492,0.2511305941869668,1.9219109961679417,0.24629967581852305,2.0297691271582825,0.26000541152896506
275,0.8929718569044871,0.25657804658926503,1.9452913021691032,0.24442885214141208,2.029543009168348,0.2656262041363675
276,0.8943857607008276,0.25657804658926503,1.9381183095348828,0.24257409440485175,2.014142574379418,0.2636105981518905
277,0.8939957186216989,0.2565780465892651,1.9461679514434467,0.24073525057339065,2.0140353659583274,0.2616122861577401
278,0.8947405965604955,0.25468828413904393,1.9390026516209782,0.23891217017253377,2.013929083897467,0.2596311046299766
279,0.8951329943033274,0.25468828413904326,1.9243333228370674,0.23710470427154148,1.998692906755342,0.26523229075444327
280,0.8957771862814967,0.2602093292825529,1.924905199280416,0.2353127054667791,1.9911449481390135,0.27078554563838797
281,0.8957769976791697,0.25760027967876986,1.9481230363684063,0.2335360278638412,1.9912118062896813,0.2687603770272869
282,0.8959620145440198,0.25071822250475717,1.9409715938080834,0.23931726390709132,1.9761926196315245,0.26673318822891817
283,0.8961357339796798,0.25071822069556465,1.9414163845291976,0.2375139609677869,1.9839072191586045,0.26472330087482415
284,0.8963983543995125,0.24908094339987932,1.9343297159986628,0.2357260350931009,1.9915560266920462,0.26273055216507324
285,0.8969916894734531,0.24908094339980447,1.9348235658952049,0.23395334170805884,2.021700096749105,0.26075478096233984
286,0.897186327919509,0.24745097356753867,1.9202879597601037,0.23970836387251665,2.021570398482725,0.2587958277736756
287,0.8971533335792724,0.24745097356751822,1.9133810906830286,0.23790932448664995,2.0214085358858744,0.25685353473249317
288,0.8976192260946645,0.24745097356751822,1.9065329100743131,0.23612557174729368,2.0212480595593894,0.25492774558076053
289,0.8990082752572197,0.2458033425670747,1.9222132340939448,0.2343569623948296,2.036069153107932,0.25301830565140276
290,0.8989683135728481,0.24580334244577906,1.9227952841236176,0.24008599030293098,2.020833991082885,0.2511250618509087
291,0.8989377541676274,0.2458033424457774,1.930847558259144,0.23829130988469158,2.0132030969530215,0.2567230194223215
292,0.8993819385738168,0.24414569253116244,1.931363966935922,0.24397951071824756,2.013104500381153,0.26227357804840845
293,0.9003852444113918,0.24414566784178113,1.9467964497530206,0.24215936954952466,2.0055466276449496,0.2603169590869685
294,0.9001283943189453,0.2441181920219835,1.9620984931344907,0.24035461269644476,1.9981753058716778,0.26582964290208627
295,0.9003875849207238,0.24411810020695338,1.9698259976998893,0.23856509668298836,1.998189294618531,0.2638504572418324
296,0.9006018071183702,0.2493128721932177,1.9626125538553245,0.2367906794862177,2.013078510977914,0.26188797071210035
297,0.900555994593326,0.24931287219321774,1.9851816794061359,0.24246166064408364,1.9981204516382238,0.2673724679502474
298,0.901118255108093,0.24931287219313877,1.9852916759984323,0.24066186448874788,2.0278264571421563,0.26538775853853597
299,0.9020525269106092,0.24931287219313877,1.985400746959036,0.23887721378770982,2.0350357015252665,0.26341975064360473
300,0.9018657656100454,0.24931287219313875,1.992917083092464,0.23710756786291362,2.042184332871441,0.26146828913396253
301,0.9019846925580818,0.25460141020360205,1.9929695021861522,0.23535278745566646,2.0566736915260653,0.2595358368586637
302,0.9018749554074754,0.25460141020360205,1.9930214813326412,0.23361273471122815,2.0488613007092114,0.257616989624738
303,0.902044193179652,0.25460141014773513,1.9856870336447536,0.23188727316364463,2.063272393914921,0.25571423286727285
304,0.9015592638443247,0.25278722535964543,1.9710354260933052,0.2301762677206907,2.055426927824467,0.26120602627750683
305,0.9020618260157197,0.2527872253596454,1.9565064632500317,0.2284795846490192,2.069760830471599,0.25928061560249577
306,0.9017975792710674,0.249186478251618,1.9494628776404255,0.22679709155947494,2.0839748551956507,0.25737130784235557
307,0.9022887476777262,0.2474130953965331,1.9424781482756723,0.22512865739257748,2.0686440816509224,0.2554779542696504
308,0.9023845014425663,0.2474130953965331,1.9502500383552877,0.22347415240417126,2.053441299419782,0.2609495608296773
309,0.902736799171664,0.24564251063082887,1.9359316776062532,0.22183344815124062,2.0530489436761945,0.2590337193345978
310,0.9029438815062899,0.2438860287616301,1.9290671152045114,0.2275408870401309,2.045325391058122,0.2571338444045436
311,0.9033992441427516,0.24388602876162527,1.9222597115352689,0.23320080214620506,2.0376661470507567,0.25524978904703527
312,0.9029860140371183,0.242132514829015,1.9155089408045387,0.23149381535081456,2.0373904378119505,0.2533814077403692
313,0.9033298502226659,0.24213251482901502,1.9015017833496564,0.22980101702845934,2.0298045211424554,0.251528556417802
314,0.9035314923430915,0.24212422428997066,1.9022213315646848,0.22812227687216255,2.0222816031672233,0.2496910924519152
315,0.903248301440482,0.23918609568772098,1.8883391319229528,0.22645746587582022,2.029416883457462,0.24786887463916024
316,0.9039322066577459,0.23918609401218935,1.874572017030455,0.2248064563202424,2.029202421562683,0.24606176318457929
317,0.9039395781479739,0.23744547856626497,1.8900521627084703,0.23045242931061094,2.036273038896465,0.2442696196867014
318,0.9043504829121245,0.23571924663013175,1.883576118354259,0.22877565100897773,2.028733087369866,0.24249230712261122
319,0.9047933244800466,0.23571924013359893,1.8844223750834952,0.22711273673902704,2.0285242617509374,0.2407296898331881
320,0.9053943714783804,0.23571924013359882,1.8707386601524252,0.22546355978812488,2.021055741470941,0.2389816335085139
321,0.905966493259,0.23398576672622873,1.8789305844761226,0.22382799470291176,2.0209029982266435,0.23724800517344707
322,0.9056562050600178,0.23226693256009978,1.8725609904361682,0.22220591727584804,2.020751516158029,0.24277565507666038
323,0.905632534016542,0.23226692614952088,1.8879630926330342,0.22783694307559169,2.02060128060666,0.24101802280913492
324,0.9068482533124197,0.23055197052284127,1.9032384046847175,0.22618911183256663,2.034917286642336,0.23927485937498874
325,0.9063592355346207,0.23444113834573974,1.889487485929504,0.23177960784138218,2.0273309790128273,0.2376554882114792
326,0.9066055854566455,0.23444113834573974,1.8975032228631434,0.23010661060857418,2.0199161035614894,0.23594007856935256
327,0.9069174902242064,0.23444113834430882,1.8910314730299373,0.22844734924784618,2.0269833292366686,0.23423875301950473
328,0.9060017264504425,0.2327049368876066,1.8918164420013472,0.23400532922142075,2.026788951311363,0.23255138366493336
329,0.9058969568126195,0.23663013080195053,1.906987837755893,0.23232132621166432,2.0268878096690197,0.23087788548809515
330,0.9066007076524913,0.23663013080195053,1.9220349989338827,0.23065111305970484,2.0267052646264525,0.22921804957407543
331,0.9070669656368947,0.23663013080195053,1.9082308442207707,0.22899456484326042,2.019331415203257,0.2347538453840662
332,0.9073325592374526,0.23663013076057143,1.901714403051233,0.23452643109902882,2.0191927150965387,0.2330695163035222
333,0.9073486562235878,0.23663013076057143,1.8952511829737526,0.24001311748505091,2.047725955201506,0.23856664542055275
334,0.9072491172462251,0.23663013076057143,1.917482854306724,0.23829449447945777,2.0473842117465733,0.2368583799328863
335,0.9069189430793045,0.23484049331617668,1.9252265117411647,0.2365898832027649,2.0470452544330318,0.2351640417305087
336,0.9071608232245856,0.2348404933161767,1.9114683982489657,0.2348991572313747,2.061001520294675,0.2406297362098922
337,0.9071014690447853,0.2312984390093516,1.9121004331799738,0.23322219138304293,2.0677051269475175,0.23891185925165517
338,0.9072561643177901,0.2295565666287493,1.8984634229906514,0.2386908145827488,2.0672222571724714,0.23720795112924217
339,0.907579785970241,0.22783022783965634,1.892062028790357,0.23699018442125866,2.066743310395605,0.24264271060049422
340,0.9080390984857077,0.227830227839656,1.9070657056916716,0.23530335862068774,2.0662682513972235,0.24091565179609312
341,0.9087614636611434,0.22441320813656682,1.9077265232701297,0.23363021312790644,2.080018223256491,0.23920259959273343
342,0.9084796503202166,0.22156600002030064,1.8941750221613194,0.2319706251032941,2.08655329752079,0.23750342822090875
343,0.908185374315049,0.21991768079893007,1.90202237875704,0.23032447290796604,2.078842707734206,0.24291439525608985
344,0.9079710958673193,0.21991536995832334,1.8956276811765511,0.2286916360911439,2.071197858329605,0.24828159411821807
345,0.90771008444024,0.22978564307739408,1.9105310982353505,0.22707217139351865,2.056529213537178,0.2465232133350707
346,0.9079828431767346,0.22809557141311096,1.9040889770163472,0.22546560742616562,2.0490541374223814,0.25185415568817393
347,0.907360819631381,0.22642007546398446,1.8976988279546045,0.23094005778206633,2.048707420165349,0.25007403709633136
348,0.9077119114366181,0.22642007545802445,1.8913601866186274,0.2293093926293383,2.055424494705595,0.2483082671306902
349,0.907977727751724,0.22642006886331256,1.8780186617935586,0.2347457912293668,2.0479796028814277,0.24655671767245793
350,0.9089185368512597,0.22473884787171444,1.878878249755579,0.24013844649464472,2.0405946154372407,0.2448192618486187
351,0.9092530977748916,0.22307240810049683,1.8726910896611288,0.23844791084456113,2.0332689984010663,0.24309577401889515
352,0.909327204869836,0.21979309176538925,1.8665536267012834,0.23677095408632345,2.026002222928882,0.24138612976285573
353,0.9095460780732024,0.21979309176538925,1.8745169624192417,0.2421332272961437,2.01879376530704,0.23969020586716588
354,0.9096517996568855,0.21979309176538925,1.8894351957954063,0.24043375478610232,2.0116431068999265,0.24502662998653563
355,0.9100138808980897,0.21979309176538858,1.8902104468400245,0.23874789714903294,2.011561517502557,0.2433085683282811
356,0.9091276763323674,0.2197930917653541,1.8979842188021414,0.23707553349811653,2.025489984643257,0.2416042584244551
357,0.9088723270871114,0.21979309176535386,1.9126935471370055,0.24941199407053147,2.039307062699957,0.23991357827064508
358,0.9094550302049597,0.22400006546114015,1.8993224215415834,0.25465915272421286,2.039032277608046,0.23823640704167032
359,0.9088012269112603,0.22400006546114015,1.893041784413583,0.2528806785182177,2.031775942678967,0.23657262507930973
360,0.9071540038832041,0.22231103444828562,1.8937880065625174,0.2511163898909883,2.045507775970931,0.2349221138801666
361,0.9077766110566701,0.22231103444828562,1.922407441789305,0.2493661613917399,2.0312510163604065,0.2332847560836674
362,0.9070829936454851,0.2223110344482856,1.9507989998045545,0.24762986877860532,2.0240705973652995,0.2316604354601941
363,0.9061080572892327,0.22230064345979195,1.9580970996220508,0.24590738900608972,2.0447717555771177,0.23700490123433904
364,0.9051152996392067,0.22230064345979192,1.965337191134548,0.24419860021266418,2.0444606412627797,0.23535797504455247
365,0.9045598601826509,0.22058694356659883,1.972519785701572,0.24250338170849695,2.037210030472528,0.23372412786421895
366,0.9042130175540264,0.21721789403500436,1.9796453897696076,0.24775664197541775,2.0438870151552875,0.2321032444903775
367,0.9038478253504001,0.2155619146324784,1.9867145049229389,0.24604016006357393,2.0366548661551547,0.23742330727653116
368,0.9040030752321295,0.21556191461987098,1.993727627933927,0.24433727384191947,2.0502435152680434,0.23578005977353664
369,0.9039938665781502,0.21391164577621244,1.9799424884992236,0.24264786384337486,2.0429818647318743,0.23414981652748745
370,0.9036048991914584,0.21227685847740935,1.9869883759234046,0.24097181174525045,2.0495923175425967,0.23943980666598133
371,0.9035275844040727,0.21227685847740932,1.9870781618470434,0.23930900035743788,2.0492501087599155,0.23778756678640264
372,0.9034280753908047,0.21832187648552276,1.9733801542360783,0.23765931361073156,2.04201705862361,0.2361483681102244
373,0.9031831789794086,0.21786975971188852,1.9942234328442099,0.23602263654527886,2.041727703371614,0.24140874872956053
374,0.9023397958136802,0.21786975971090344,1.987383405174248,0.23439885529915727,2.041440776613033,0.2397479122751659
375,0.9009177973033526,0.21786975971090344,1.9943430104657438,0.2327878570970774,2.0549017441741437,0.24497304336588327
376,0.9012494702758677,0.21786975971090344,1.994381851487866,0.23118953023920966,2.047661651044763,0.24329105273480836
377,0.9014620165299043,0.21616480424251422,1.9875612265326057,0.2296037640901342,2.047334732119163,0.24848144103670972
378,0.901462016542575,0.20879483540999338,1.9807941514752414,0.22803045338832437,2.040158084170392,0.24677877906879397
379,0.9006962285023314,0.20879483540981428,1.9740801681420301,0.23331493705077438,2.039884201134238,0.24508946576368712
380,0.9002057145770467,0.20744478227636542,1.9605801956851923,0.23171938623435603,2.025934221152005,0.24341339348928454
381,0.8998659770837848,0.20478100813026157,1.9540177241762033,0.236968109517839,2.0325888231834504,0.24175044700459222
382,0.9003941343411859,0.20478100813026132,1.940681649869944,0.2353508138927054,2.032366406077336,0.24010051216268394
383,0.900014950249669,0.20345934928764461,1.9479042190256342,0.23374616168501036,2.0253275987528054,0.23846347589950703
384,0.9002008069171068,0.2021470555657168,1.9414477454902896,0.23215404311794782,2.02515508451927,0.23683922622281073
385,0.9000134453066233,0.2008442058334668,1.935041658316567,0.23057434945457705,2.031788423007327,0.23522765220119557
386,0.8999018648537572,0.19827322811744968,1.9354832259773018,0.22900697298720568,2.017978073147686,0.24042634921008488
387,0.8993095628318752,0.19827322811744943,1.9223395317458911,0.2274518070268885,2.011065117501132,0.2455845462320084
388,0.8999007314257724,0.19827322811744943,1.9432187602462871,0.22590874589304083,2.010990050429061,0.2439184703572213
389,0.9005659233598814,0.19827322811744946,1.9436035861670369,0.2311550276033047,2.0176929097911516,0.24226535129271654
390,0.9001561260721463,0.19698417001471644,1.9304442844739,0.22958997659816838,2.0108025539791448,0.24739564582224377
391,0.9005242611945686,0.1969841700147164,1.924150943970717,0.22803707555620312,2.0039656860872914,0.24572231076699685
392,0.9005981026671024,0.21756389699545914,1.9246634591627072,0.22649621965531436,2.017452972088839,0.24406195501741174
393,0.9006672828976218,0.21948425114707068,1.925172002470796,0.22496730506044516,2.0308357350389916,0.24241446723646107
394,0.9016914746717005,0.21948425112279155,1.9256766081073375,0.2301937694759597,2.0306277931431214,0.2407797354437383
395,0.9018235165624643,0.21948425112279157,1.9194405095705223,0.22864299999940557,2.0236847583971818,0.23915765042749756
396,0.9014019725584501,0.2194842511227916,1.9132526133759518,0.22710421729961744,2.016795777473855,0.23754810342627397
397,0.9008094391047153,0.21702840884103833,1.9205591858288988,0.22557731837306536,2.023406562684882,0.23595098669969405
398,0.9006632591478466,0.21581416285162855,1.9278093798887719,0.22406220118253523,2.016532729415352,0.23436619351813837
399,0.9012421753154134,0.21581416285162738,1.921583865223433,0.22255876464735252,2.0164229274068513,0.23279361815251562
400,0.9016326206520964,0.21581416285162736,1.942219105675236,0.22106690863371203,2.009609640771941,0.23123315586414764
401,0.901954488003367,0.2158141024361165,1.9359095348589708,0.21958653394511168,2.0229382947204675,0.22968470289476342
402,0.9022768677788692,0.21581410243605903,1.9564077101012984,0.21811754231289007,2.02278484194602,0.22814815645660136
403,0.9028480137496331,0.21581410243605903,1.9566990426490636,0.21665983638686584,2.009266326104012,0.22662341472261824
404,0.9028596288232991,0.20474535982446102,1.9569881389452704,0.21521331972607802,1.9962373560054123,0.22511037681680374
405,0.9027972964007811,0.20474535955496154,1.9772843224101786,0.2204476648982112,1.9829229193290503,0.22360894280459953
406,0.9038260252271294,0.20474535955496154,1.97077257760531,0.21897879969314363,2.003026010676607,0.22211901368342116
407,0.9044223680276365,0.20474535955496154,1.9975928958565163,0.21752118003499418,1.9896929844063096,0.2206404913732824
408,0.9048928408092916,0.2036011287436051,1.9843093250142136,0.2160747101307962,1.9831117351140921,0.2191732787075201
409,0.9050632593718432,0.20359565616994008,1.9844135604012916,0.21463929507894833,1.9765807839419258,0.2177172794236188
410,0.9049752283217579,0.2013198712422921,1.9845169998466758,0.21985134336162931,1.9966462500973947,0.21627239815413393
411,0.9055114213350955,0.2001946683972749,1.9713599114822973,0.21839375768619304,1.9900386232217184,0.2148385404177125
412,0.9061427613102518,0.20466506642945323,1.9583031162201903,0.22357052557217622,1.9768581143173074,0.21341561261020991
413,0.9062566571180322,0.2046650664294532,1.9453457631167186,0.22209124372894512,1.9703946180072562,0.2186201448241807
414,0.906290394059268,0.20351465726624862,1.9324870091171058,0.22723322800787768,1.9705903099221096,0.21717506358723393
415,0.9063462691295385,0.20237072754474655,1.9461396302047143,0.23233611827924536,1.9707845139521245,0.21574096916272076
416,0.9064451911240073,0.20236617119910416,1.9398981337330197,0.23080344274574788,1.9577836471804035,0.21431776855380247
417,0.9065131381830233,0.20571176787691034,1.9402942171280466,0.22928240025105132,1.9646520736215518,0.21290537302820725
418,0.9066253392599625,0.20571176787691034,1.9341036751664125,0.22777289153137253,1.9583011702211732,0.21150368446990253
419,0.9053324372141289,0.20571176787691034,1.9411141200120485,0.22627481966808785,1.9585754251755023,0.21011261586399796
420,0.9053622924910877,0.20903777373804647,1.9415010278138294,0.2247880881614164,1.971988540710265,0.2087320778903759
421,0.9059089078213007,0.20785661119207186,1.9353211082625938,0.22331260140157794,1.9721724064811355,0.20736198119263777
422,0.9065298878581332,0.2066822247966211,1.9291878893780838,0.22184826465993276,1.9592402006963352,0.206002238097197
423,0.9067748260015659,0.20551458242267842,1.9231009780533053,0.22039498408021618,1.952956423102074,0.21120354778280828
424,0.9069263759163513,0.20551458242267842,1.9236042236178788,0.21895266666986601,1.9598085263233378,0.21636562014576746
425,0.9057723535549779,0.20319303792476753,1.930641373972279,0.21752122029144236,1.9666089846349282,0.2149510870958456
426,0.9049665364435631,0.20769300497146345,1.950687856757157,0.2161005536541386,1.9668270668130774,0.21354720641845656
427,0.9053723402329132,0.2076930049680302,1.951009600518639,0.21469057630538263,1.9735681468299024,0.21215388872977523
428,0.90540618222524,0.20297193049444126,1.9448108113861005,0.21329119862305307,1.9867766980172572,0.21728916034135315
429,0.9053675704425926,0.20297193049444123,1.958193379851215,0.2119023318051498,1.9933744021528939,0.22238585969056673
430,0.9049868794380017,0.20284431640071662,1.977980608559179,0.2105238878648265,1.9869124113232235,0.22093921944790093
431,0.9050030509188931,0.20721937589068937,1.978123703536506,0.20915577962027687,1.9934960868841394,0.21950343810623285
432,0.9047963289982397,0.20721937589022554,1.9847578202712701,0.2077979206871031,1.987046217650584,0.2180784012039009
433,0.9049836634349537,0.20721937589018444,1.9848566750270806,0.2064502254707343,1.974159020929461,0.21666403085253244
434,0.9050178689354345,0.20380722177177174,1.9784756679306144,0.20511260915843224,1.980806101326419,0.2152602380434103
435,0.9054431595053953,0.20268875942937134,1.9980329273392654,0.20378498771162784,1.9874029839865133,0.21386693458028722
436,0.9055453623206154,0.20268872706563051,1.9915794695204172,0.20246727785828908,1.9810182637088407,0.21895021033073078
437,0.905456958409549,0.20046425334497667,1.978714435113476,0.20115939708536976,1.99406172607124,0.2239955553723421
438,0.905158620144363,0.20046425334497667,1.9917583120088618,0.19986126363133758,1.987646789511682,0.22255005430106997
439,0.9053792093394534,0.19935824561802498,2.0111518679761518,0.20501960427507915,1.9812796204890692,0.22111531687593525
440,0.905359794184771,0.19935824559002027,2.0368415027280804,0.20369920335318709,1.9878405514140185,0.21969125370266082
441,0.9052529001282327,0.19935824559002027,2.023736613055077,0.20238861753546544,1.9943527114851105,0.2182777761993592
442,0.9057446141191162,0.1993582455123733,2.01715654970664,0.20751526178860813,2.0072440030133216,0.21687479658855735
443,0.9053299417145769,0.20828697311104447,2.0234674582811065,0.2061827913911141,2.0136185607648303,0.2154822279438816
444,0.9045548710737814,0.2071257499901164,2.023316922651086,0.20486020008064357,2.032775173524252,0.21409998396359328
445,0.9048310915280133,0.20482942203387589,2.010351016629668,0.20354740618659842,2.0581981133013234,0.21913622205169653
446,0.9048479836794695,0.20482942146642547,1.9974810756597283,0.2022443287237394,2.0578255458956645,0.2177333475194126
447,0.904800373890651,0.20352515213999206,2.0038926234248193,0.20095088838438457,2.0446648481561747,0.2163442352174867
448,0.9044019290059249,0.20352515213999203,2.003867753271426,0.2060560505862122,2.0379904415540904,0.21496200176504912
449,0.9044554875265829,0.20352515163660276,2.0038430667135136,0.20474086467101313,2.0505132922932017,0.2135899721827093
450,0.9048375383553405,0.20243998360102072,1.9974422807220449,0.2034353792799969,2.0374386424195503,0.21222806239103123
451,0.9044225517838194,0.20243998360101337,1.9974585731596142,0.20213951454423326,2.02446034485264,0.21087618906906858
452,0.9049237601252039,0.20243895125345004,1.9911112039380325,0.20085319131476898,2.01794114873099,0.21589781134422115
453,0.9040146500028591,0.20243895125345004,1.978453348953931,0.20593351249187786,2.0241842749313927,0.2145253098074034
454,0.9043292433257102,0.20134103762965885,1.972239360681858,0.20462566431207507,2.024030684784044,0.2195137239388336
455,0.9044688662695516,0.2045628412413402,1.9724154874939015,0.20332742094294654,2.0238782226137415,0.21812102357793617
456,0.9046397070298077,0.20236805337482605,1.9662521835800757,0.2020387036143945,2.011050602500454,0.21673854234887818
457,0.904553432251652,0.2002111696546304,1.9727976715194748,0.20075943426379048,2.0173126486777604,0.21536619650938646
458,0.9045891332894777,0.2002111696546304,1.9666442643996744,0.20581501029118038,2.04250503700378,0.22032937783083625
459,0.9052178763960416,0.20021116965463037,1.9731741968269763,0.20451443386485893,2.0295981372008214,0.21893708290333097
460,0.9051471113101677,0.19913147350334215,1.967030707280114,0.20953620414623833,2.023098483116745,0.22386780536008163
461,0.9050769293136347,0.20235885330283576,1.9672386290073713,0.20821475846467183,2.02295282056754,0.22245598570370484
462,0.905749336076208,0.2023588533028358,1.9737452563629154,0.2069029589712883,2.0228082126703186,0.2210544632972335
463,0.9060837452626587,0.2023588533028358,1.9676165754599693,0.2056007269910816,2.022664662470895,0.2196631627914102
464,0.9063509770058239,0.20668211463577188,1.9803954617184456,0.20430798455410418,2.0162346055300056,0.22456967929634303
465,0.9062602035437064,0.20984415082874674,1.9930813068092563,0.2030246543805534,2.016385831074315,0.22315911714516748
466,0.9066247737073273,0.20983784526284674,1.9993997949534625,0.20175065988590346,2.0100079359599095,0.2217587774300658
467,0.9060990512938424,0.20983784517180679,1.999403557519401,0.20048592516680314,2.0036763982963595,0.22036861580561481
468,0.906089091002135,0.2098378451718068,1.9931447575248769,0.19923037499600857,2.0036533747794425,0.21898854958409675
469,0.9058125356466521,0.2098378451718068,2.011956473307383,0.19798393481600776,2.0036305182591065,0.21761849681394468
470,0.9061474097679997,0.20983784380454723,2.0181317677608326,0.19674653073257237,1.9973578699044334,0.21625837627265482
471,0.9063922239009214,0.21853316218935023,2.0117747812842497,0.1955180895083763,2.003618142562161,0.22115188324673946
472,0.9069652177038807,0.21853316218935023,2.024176405930706,0.20053607368585571,1.9973580391416497,0.21977244060610415
473,0.9058243448908397,0.21612964573601165,2.0302570561869984,0.19928647310716013,2.003605803459493,0.21840297244052645
474,0.9062457352633299,0.21612964573601165,2.036293776343498,0.1980459003586817,2.0035833570714443,0.22949354314861467
475,0.9067060412953806,0.21612964573601154,2.0422869213366415,0.1968142824994094,2.009779923279052,0.22806635709822132
476,0.9068781036747313,0.21612964573601154,2.0420242081366102,0.1955915472343932,1.9972939238957421,0.22664946410627795
477,0.9067973531071474,0.21928242627287317,2.04796981332125,0.1943776229085535,1.9973107189549202,0.23144920643255318
478,0.906149388046169,0.21806512875151726,2.0414721678609875,0.1931724385005545,2.015928059003799,0.23001416997793264
479,0.9053908818877278,0.21685501420830328,2.0474093130697284,0.19816994846366845,2.0467995244452064,0.22858945649394377
480,0.9052368187547774,0.21685501411103755,2.047115952114283,0.19694370573502445,2.0465099377555735,0.2271749829017393
481,0.9049710487514044,0.21445000676520434,2.0468246978276707,0.19572626883854644,2.033859152559176,0.2257706668556431
482,0.9054969702285943,0.21445000676520434,2.0588864745173496,0.19451756701623232,2.033650056458524,0.22437642673614952
483,0.905393674897403,0.21445000676520434,2.0646924845278543,0.19331753013360853,2.033442459224649,0.22299218164299428
484,0.9055131609610138,0.2177679209410428,2.0827831722621544,0.192126088674063,2.0322708100441225,0.22259691288110556
485,0.9057034363579043,0.21776792094104166,2.0822734785911434,0.1909431737318439,2.0320721251356324,0.22122638992841273
486,0.9058911571417168,0.2177679209410246,2.07561661131895,0.18976871700791226,2.02572403725591,0.21986566665098656
487,0.9066652819240865,0.21653730256290335,2.0690073018415185,0.18860265080305663,2.037855312186323,0.2185146646126523
488,0.9065461382199337,0.2153142561309418,2.068583698536555,0.19358343674289538,2.0376230546897296,0.21717330606590762
489,0.9062970521943635,0.21289656691897155,2.0742955095951614,0.19239630697824153,2.025130176994562,0.2158415139453786
490,0.9053506081553819,0.21289656691897155,2.0738403556936875,0.19734390036210098,2.024976222897392,0.21451921186134196
491,0.9052487798139457,0.21289656691897155,2.0733884423245494,0.1961361279177017,2.0248233648981073,0.21932646483332732
492,0.9055424293898456,0.21168976015811142,2.0729397436519297,0.1949369469913608,2.0185575711958115,0.21798549763843977
493,0.905860283545342,0.21049045975519587,2.066386321375366,0.19374628913895398,2.012336310480538,0.21665406125103434
494,0.9058724552845532,0.2092986419341846,2.0781848604615463,0.19866589434558365,2.0122613991220963,0.215332079803495
495,0.9061957656580285,0.2092986419341846,2.083803977371226,0.2035505939238961,2.006090948127257,0.2140194780909368
496,0.9060243664968881,0.2092985537982533,2.0711144104738834,0.2023110488867235,2.0121439212821706,0.21271618156493857
497,0.906132693803134,0.2092985537982533,2.0585147241596222,0.2010802835842414,2.0059865188643737,0.2175056461654509
498,0.9054698031314182,0.20809596266919578,2.05815910388737,0.1998582283456706,2.0120275855273304,0.21618376661775343
499,0.9055104884314585,0.20690108063173449,2.0456632482868713,0.20471618904444994,2.0119545616030816,0.21487123391524027
500,0.9052153053453887,0.20690108063173449,2.039320980088664,0.20953982918962646,2.011882053521725,0.21356797400264146
501,0.9051622564313199,0.2057078475040765,2.0269642360189755,0.20827017616934032,2.0057508129342896,0.2122739134687682
502,0.9054792337138345,0.2057078475040765,2.0328542045326676,0.20700947761602123,2.005716002181833,0.21098897954044682
503,0.9056012391454892,0.21030853215817719,2.0326555306258203,0.20575766274917393,2.0117285746720928,0.20971310007651434
504,0.9054185176751206,0.21030847026535227,2.038499349329847,0.20451466140256122,2.0056169328169258,0.20844620356187418
505,0.9056091187163551,0.21030847026535227,2.0322319478558675,0.203280404018431,2.0055830343307237,0.20718821910161225
506,0.9057260117037181,0.21382958594578252,2.0501246918226714,0.20205482164210786,2.00462933643802,0.20687136299498693
507,0.9062446434816037,0.21382958594578252,2.049822790918868,0.20083784591510748,2.0166474493649407,0.20562537725047292
508,0.9059622856390322,0.21257534915193638,2.037489052860837,0.19962940907138124,2.016547282058962,0.20438813393737937
509,0.9064969831140463,0.21257534915193638,2.037263707523166,0.20444040767793017,2.0104368531989985,0.20315956427388512
510,0.9064113697526456,0.21008891589917048,2.0430448963951107,0.2032127520685184,2.0163793305658944,0.20193960007248615
511,0.9057056973941934,0.20885977618560136,2.036787718215043,0.2019936881504175,2.004283164089132,0.20072817373443286
512,0.9064605442505181,0.21348445594919369,2.0545461246047023,0.20078314848561818,2.004257495268065,0.20551817612267967
513,0.9063763987395992,0.21223757882570995,2.0482325907906915,0.1995810662175498,1.9982450502250175,0.20428774539606656
514,0.9066052517357925,0.21223757829804507,2.0539250963803855,0.204368359006277,1.992274562820602,0.20306590367158564
515,0.9066456151325916,0.2109928772434212,2.047627887662682,0.2091222627921854,1.9923207230746465,0.20185258368968098
516,0.9068646054474901,0.20975676090068537,2.0413745612586203,0.21384303883748512,2.0043055246744617,0.20661675269618007
517,0.9063687537588054,0.20975676010752892,2.047090909817821,0.21853094615835383,2.0162059862914252,0.21134775085180324
518,0.9059816491280045,0.21900078494099498,2.0527674919126464,0.21722913382536638,2.022066553205005,0.21008872958777855
519,0.9057651253408585,0.22226581829858316,2.0465023108013103,0.2159363698708089,2.015984078097387,0.2088384592760247
520,0.9049996598932472,0.2222576726977663,2.0462258450083155,0.214652583781386,2.009981162587785,0.20759687172356436
521,0.9055370729379719,0.22679436973605385,2.0459512975460497,0.2133777055799101,2.003982618589842,0.21230316249922085
522,0.9052799018758646,0.2254721223247262,2.0338119995714146,0.21211166588860106,1.9920945981834703,0.21104349842333273
523,0.904675072775437,0.22415926024780236,2.027684185850501,0.21085439592352345,1.9862140600452856,0.20979255991044626
524,0.9037257776370732,0.22415926024779986,2.0512061433391233,0.21552729964515124,1.9922171652724587,0.2144717512644598
525,0.9040453508645871,0.2228501001448107,2.0509032306513153,0.21425233634242538,2.010010283298276,0.21320303211480343
526,0.9036220787662699,0.22285010014481071,2.044692769783227,0.21889582298801574,1.9981318440236069,0.21194307872491222
527,0.9042161059767159,0.22285002368958523,2.0385251811830267,0.22350725455627216,2.0276615449182804,0.21069182308876352
528,0.9042797674035025,0.22023667607155198,2.0324001324997902,0.22218904596584185,2.0216005681538856,0.20944919778033486
529,0.9036197270129123,0.22023667607155198,2.020425355524565,0.22087992172931342,2.0273652376211295,0.20821513594824154
530,0.9029110097268487,0.22023665444317278,2.0144190811700895,0.219579811532993,2.0154323579385514,0.20698957131042764
531,0.9029190891593284,0.21713996112034417,2.0260946277489915,0.21828864566158632,2.0212238670775373,0.20577243919827956
532,0.9029190891551825,0.22292545393517654,2.0200670509834215,0.21700635500235116,2.0210991919221435,0.20456367236876086
533,0.9023685117649607,0.22586194795635614,2.02581770712429,0.2157328710249209,2.009238537031735,0.20336320723140097
534,0.9026223415342651,0.22586194795635614,2.0198037969365608,0.22033067826112696,2.0033218231338537,0.20217097974762444
535,0.9029165829203921,0.22586190089260522,2.0255445050810685,0.21904026914178376,2.0033025963168063,0.20684361930710574
536,0.9030919025504368,0.2258619008926052,2.0253950482910326,0.2177586997627472,2.014984954079636,0.20563341056424897
537,0.9029416426659251,0.22586190089260522,2.0194016232354826,0.21648590207428836,2.014897367160366,0.20443148508471018
538,0.9030614776261232,0.2246473375071276,2.007610035960576,0.22106095775440024,2.014835258984628,0.2032377791520325
539,0.9029438671938835,0.22343481806375748,2.0133989571604545,0.21977144001320806,2.014748723494179,0.2020522295888744
540,0.9028319496243474,0.22343474817404396,2.0016659099242857,0.2184907257873139,2.003008146604194,0.20087477375206253
541,0.902519740024982,0.22102558989683127,1.995834553612538,0.22304040546964843,2.008812292157577,0.1997053495276936
542,0.9020699874122069,0.21866978663579414,1.9900429399730568,0.2275590775409116,2.02039375659131,0.19854389532628416
543,0.9020164528643635,0.21866977970597554,1.9959108170270576,0.2262369533215945,2.020275268332935,0.1973903500779684
544,0.9019649277984478,0.2186697797057947,1.9959345515411828,0.2249238244643692,2.0143533670930163,0.19624465322774282
545,0.90152513618177,0.21631726552708824,1.9901597068766286,0.2236196221494388,2.014271535802848,0.19510674473075795
546,0.9016464019895728,0.21515433888766933,1.9960093302919573,0.22232427813637068,2.0083962438736727,0.19397656504765615
547,0.9019744114321645,0.2151543388756446,1.9902455910426269,0.22103772475880543,1.9967740187470828,0.19285405513995507
548,0.9015291499111848,0.21284375411875492,1.9845209331086242,0.2197598949192177,2.0141358142417554,0.19173915646547662
549,0.901222925082765,0.21170265476284308,1.9788350584191983,0.21849072208372836,2.025616080996655,0.19063181097382048
550,0.8998140190663539,0.21170265476283573,1.9789571695095158,0.2172301402769673,2.025473928787467,0.19530145920568706
551,0.8993494144470519,0.21169430847972776,1.967550991755264,0.22174181556647574,2.0253271039019536,0.19417579403532012
552,0.8990572478023927,0.21169430847972776,1.9619798615530941,0.22046503270302656,2.0309392418202266,0.19305773551447875
553,0.8981433801430095,0.21169430847972776,1.9621985615845405,0.22494908586079024,2.025009149218302,0.1919472258069205
554,0.8983279067833257,0.2116943071838542,1.9624157862729292,0.22940288974673906,2.0248654477885175,0.1908442075605058
555,0.8981456133634694,0.21053172739053513,1.9511501015945962,0.23956739661424886,2.0189819802035993,0.18974862390280076
556,0.898308760890105,0.2105254149464003,1.951430255017418,0.238193481245971,2.0131381340822743,0.18866041843672304
557,0.8979406344311662,0.20936470158451456,1.957437775997645,0.23682881061458425,2.0073336577477505,0.18757953523622997
558,0.898059192284456,0.20936470158451456,1.9634049082556138,0.24119684095147081,2.0130152096166776,0.18650591884204878
559,0.8977171361624209,0.20936470158451456,1.9693319574617387,0.23981772430692294,2.001505606309005,0.1911573198435728
560,0.8979809800751456,0.2093647000970706,1.9695071361004224,0.23844786372896581,2.007209111301958,0.19577750254490406
561,0.8979007604657647,0.2130585723045742,1.969681087970902,0.23708724131481076,2.0031963409463955,0.19466034771217536
562,0.8973678690169262,0.2130585723045742,1.9584525705743028,0.2357356833240918,1.9974774417625052,0.1935506517750702
563,0.8973100139243805,0.2162486330364057,1.952994201957398,0.23439317366471876,1.9917968865129374,0.19244838502859116
564,0.8966818766684396,0.21624863303640557,1.9475723435641945,0.23305964341518168,1.9975328632586962,0.19135349075800423
565,0.8963810838383048,0.21624863303640557,1.95355392293683,0.23173502528383452,1.9975468854806997,0.19026591377710633
566,0.8967154046035951,0.21503632933320257,1.953817640079544,0.23041925218524717,2.008916655484913,0.18918559900544232
567,0.8970491309298687,0.21503632933320257,1.9597518433927903,0.234784503214561,2.0088660780248557,0.188112491819309
568,0.8972249114772828,0.21503632933320252,1.9826462174949602,0.23345407893327128,2.020149820656275,0.18704653804764285
569,0.8969964501422074,0.2150363293332025,1.9940662806786484,0.23213251582667666,2.0200357542852543,0.18598768396794751
570,0.8965402565320377,0.2150363293332025,1.9884445829838764,0.23081974739818356,2.025577701384931,0.18493587630226066
571,0.8964516586478484,0.21503632663081143,2.0111082743276647,0.23516530966033256,2.0254332099400876,0.1838910622131598
572,0.8955324585265306,0.2138036393444452,2.011045579725219,0.23383804719243811,2.0196457108618784,0.18285318929980662
573,0.8958015037379654,0.2125793504594554,2.010983301277897,0.238157908893268,2.019534962173022,0.1818222055940297
574,0.8957950006189536,0.21257935045945536,2.0278194715260276,0.23681644194804144,2.0194249280626067,0.18079805955644465
575,0.8961552316885393,0.21710423600737064,2.0276629300052744,0.2354838642990644,2.008061525670497,0.17978070007261202
576,0.8961885930178926,0.20907606848318136,2.027507424934048,0.23416010954633115,2.0080162163074475,0.17877008434908204
577,0.8970853783709899,0.20800011739810767,2.0273529485765343,0.23284511183627996,2.0135874434285284,0.1833819521031532
578,0.8969957015383048,0.20693026935261027,2.0271994932603206,0.23714899869581632,2.0135113323239278,0.18235314398876828
579,0.8973594895223959,0.20693026412916718,2.0270470513761536,0.23581987686830416,2.013435634940258,0.18133113021125358
580,0.8968906943029447,0.20693026394338707,2.026895615377294,0.23449952522968195,2.018959397252721,0.18031586017512616
581,0.896601088456844,0.20693026394338704,2.0267451777789613,0.23318787852106795,2.018853349997489,0.17930728370027849
582,0.8966663389958778,0.1996231915794132,2.0154201373801195,0.23188487201895538,2.0187625484935197,0.17830535101827377
583,0.8969087693393168,0.1996231915794112,2.020916270790876,0.230590441530441,2.0242400238765073,0.17731001276867703
584,0.8971496708919007,0.19861009955876505,2.0207996284361744,0.23488115585169717,2.0296814786532846,0.17632121999542116
585,0.8969043043256061,0.19760400975150014,2.0151126938687995,0.23357261916415517,2.02395261896701,0.17533892414320792
586,0.8961849673219937,0.19760400975150014,2.0094630939728946,0.23227267300754983,2.0349505063559747,0.17992856739804794
587,0.8961849667872075,0.20645504256921887,2.0094104768796064,0.23098125672949565,2.029196254947301,0.17892819714675873
588,0.8963973911076576,0.2054547892251271,2.009358207604558,0.22969830125407173,2.029034088130491,0.17793436364923818
589,0.8963088864816429,0.20545478922511703,1.9982086428198935,0.22842374698043985,2.0344218021265505,0.18249585698330434
590,0.8967536765583869,0.205454789225117,1.9926752999541648,0.2327008046734595,2.0286877341124243,0.1814842326545358
591,0.8972839149377404,0.205454789225117,1.9816403974921064,0.23694990224587334,2.0506798178128167,0.18047922154921905
592,0.897283554782764,0.20444638829507905,1.9872737695418266,0.2356394428932815,2.044867118239332,0.18501297189217317
593,0.8977216137740597,0.20444638829507905,1.9818174352432014,0.2343371419368161,2.0446191525750974,0.18399046663034055
594,0.8974564007552679,0.20343844150524557,1.9874389678453654,0.23304333282154174,2.04989394784972,0.18849577280459232
595,0.8976684255060943,0.20237335699094858,2.0040551267726525,0.23175795303544733,2.0441031383261623,0.1874561006835589
596,0.8982580397953179,0.20630131841427965,1.9985226697768443,0.23599105336417603,2.0603904634293366,0.1919333092155486
597,0.8984913716224836,0.20528579628278878,2.004035407328076,0.24019662116136023,2.0710672486188857,0.19087679207920064
598,0.8982684450344183,0.2206954938840178,2.0149923256461935,0.23889485277613856,2.065172564452398,0.18983191525743232
599,0.8982684449833284,0.22691340920869452,2.009416356348759,0.23758245841427492,2.064814531729853,0.18879376396189182
600,0.8983450049728576,0.2269134092086945,2.014852794650361,0.2362785782371791,2.075435054788857,0.18775764181704904
601,0.8983171872040749,0.2216274157526699,2.0092887171085465,0.23498316414428763,2.0695388270702963,0.18672921691715236
602,0.8988134830310299,0.2216274157523357,2.0092378414014442,0.23369612584898591,2.063680801314042,0.18570647278184696
603,0.8987193952210548,0.22063797615255934,2.003715618236337,0.23241741620610626,2.063332368730681,0.18469034700471376
604,0.8985970405846373,0.22063789576346954,1.9927628924112752,0.23114697432627734,2.0684528326989455,0.1836807912000539
605,0.8977323840193222,0.22063789576314347,1.9818809238722512,0.22988473981153007,2.0790005178222035,0.1826777573726609
606,0.8975821919989997,0.22063789035860493,1.9765244823675494,0.22863065275098518,2.089480149850131,0.18168119791439397
607,0.8974080529981764,0.2206378903586049,1.9712025863424063,0.22738465371658165,2.0889978582686326,0.18614089929285904
608,0.8967448100490046,0.22063789035860484,1.9713593705949313,0.22614668375884517,2.0885133534014937,0.18512747627831455
609,0.8970621864229609,0.2196307267942775,1.9660762004835604,0.23035562931979287,2.093470879065212,0.18412057813219582
610,0.8965755957518226,0.2196307267942775,1.960827017052311,0.23453749869666682,2.0820959868499895,0.18312015737076953
611,0.8970362323145504,0.2196307267942775,1.9827519626468577,0.2332644108837619,2.0870784413361667,0.18212616689188468
612,0.8975352426618612,0.21963072679427706,1.9720001876940227,0.23199949903519168,2.081183592672538,0.18113855997163736
613,0.8973643313648118,0.2186149155630925,1.9613174040077304,0.2307427037879157,2.0753265696774257,0.18015729026106683
614,0.8970747768206343,0.21861491556308404,1.961526747179567,0.22949396625492346,2.0640952798547962,0.179182311782883
615,0.8976244027832545,0.21861491116441636,1.967141158271163,0.22825322802108194,2.0529359666837554,0.17821357892822406
616,0.8970122158762284,0.21861491116441623,1.9619176238012888,0.22702043113902234,2.058051082871893,0.1772510464534452
617,0.8971177296242405,0.21861491108692288,1.9621231013346287,0.22579551812506524,2.046946649215954,0.17629466947693692
618,0.8971254016667424,0.2094323620906226,1.9623272659252566,0.22457843195518395,2.036239551071426,0.1753444034759735
619,0.897361007081904,0.21301291916541643,1.9625301270624371,0.22336911606101092,2.03065958086513,0.17978503079453256
620,0.8971838652184443,0.21109238338542535,1.978870027287519,0.2221675143258563,2.0304946493553486,0.1788178872217455
621,0.8971927276385779,0.2110923777521343,1.9736095135692964,0.2209735710808137,2.0303307690499866,0.1832309754244761
622,0.8973717066980368,0.21109237775213432,1.9630138035967106,0.21978723110085258,2.0247992361981013,0.18224726397586205
623,0.8969874924387625,0.2101325560995314,1.9578488425557006,0.22397176982710143,2.0246662297050153,0.18126981171635093
624,0.8969514966952049,0.21013255609953144,1.9580746871749088,0.22277173589833385,2.019176099224644,0.18029857358000517
625,0.8965955216273893,0.21013255609953144,1.9636517114884375,0.23228455329280787,2.0137208426798736,0.17933350485946145
626,0.895795845133511,0.2091689381849883,1.9691933397419654,0.23104246638278436,2.00830020936069,0.17837456120282583
627,0.89489637276246,0.2091689381844907,1.9693579064489746,0.23515017582215103,1.9975720308773002,0.17742169861059784
628,0.8949770097036575,0.20820580619364001,1.9801945914581123,0.23389527797810414,2.0029216331318205,0.1818114539376532
629,0.8948294729346907,0.20820580619364001,1.9749689323829769,0.23264832457451579,2.0082373037770695,0.18084217224347496
630,0.8945047480141891,0.20820529758678719,1.9697763277867406,0.23140925867265197,2.0082001231372177,0.1852049396714125
631,0.8946350920582236,0.20723865089127014,1.9646165409444385,0.2354986185390316,1.99751530410126,0.1895401339950883
632,0.8945851185235465,0.20994391933615467,1.9754351674615265,0.23424687819122766,1.9977435131210994,0.18853270368496874
633,0.8942767603012988,0.20897421279329859,1.9755656058428535,0.23300303565437003,2.0083754242114344,0.18753160177811345
634,0.894571463807871,0.21262673841643984,1.9863045356973776,0.23176703449621744,2.0136356523483157,0.186536811845363
635,0.8932902449077639,0.21262672879492575,1.9757784030566554,0.23053881873020074,2.0135634438990118,0.18554828708061824
636,0.8926496685391747,0.21262672879492575,1.9759066336000155,0.22931833281176614,2.008197580060842,0.1845659836541546
637,0.89246339392429,0.21065603313834047,1.97603405779549,0.228105521634573,1.9975767118735888,0.18358985721384447
638,0.8924965486203005,0.20775489804219174,1.970877200745396,0.22690033052673042,1.9923077645763563,0.18261986375722541
639,0.8926860071354552,0.20775489804219174,1.9868655161046922,0.22570270524706773,1.9870701659298342,0.18165595962849854
640,0.8926980398001,0.21140575562366143,1.9763889247625694,0.2297855162216488,1.9818654197251677,0.18069810151577623
641,0.892084498705251,0.21140575562366143,1.9817809536881232,0.22857508563906348,1.9766932928739858,0.17974624644724865
642,0.8917340293450271,0.2114057495695263,1.976614440464993,0.22737223463854642,1.9716018577072592,0.178800351789597
643,0.8912098618407733,0.21140574956952632,1.9819945105443897,0.22617690943088936,1.9717511504100622,0.17786037524421178
644,0.8909506304956377,0.2114057495695263,2.0136003211424414,0.22498905664915783,1.971899509828665,0.17692627484455004
645,0.8911149124344294,0.21139953146280857,2.008282339930735,0.2238086233450807,1.96680034105706,0.1812446343743621
646,0.8910513538035527,0.2097899527536762,2.013480310446207,0.22263555698547294,1.96035606871437,0.180294662115625
647,0.8900091381409548,0.20978995275367623,2.013409725617657,0.2214698054486915,1.9553275073375627,0.18458675620106796
648,0.8895238710930665,0.20978995275341553,2.008108671430454,0.22031131702112358,1.9555611850889265,0.1836211996525895
649,0.8894878328549828,0.2088054317101024,2.0080662981015505,0.2191600403937073,1.950608191471558,0.18266165386839403
650,0.8894151142578614,0.2088054317101024,2.0080241883329704,0.21801592465848418,1.9404251247444066,0.18170807641861222
651,0.8892766097279654,0.20880543170831997,2.0444890197000687,0.21687891930518358,1.9355205821144996,0.18597566512403418
652,0.8892414214739552,0.2088054317021503,2.0338371761214353,0.22095900150387157,1.930646494400329,0.18500672683419975
653,0.8891374683074763,0.20880542514118228,2.0284562398521615,0.21980894970395923,1.9414171409271794,0.1840438001476043
654,0.8889999803765936,0.2088054251411589,2.028308278285328,0.21866602721064354,1.9417217493953662,0.18308684275698262
655,0.8888291397750406,0.2088054235310679,2.022966812554849,0.2175301838887234,1.9420244757156926,0.1821358126846402
656,0.8891698890705233,0.2077932183443502,2.022847632509659,0.21640136999327297,1.9475145531553464,0.1811906682796562
657,0.8891675730462252,0.20779321834433545,2.027913231585861,0.21527953616633133,1.9633387664248345,0.1802513682151113
658,0.8891329141366996,0.20578131851223797,2.017410951416301,0.21416463343362233,1.9687074937157518,0.18449673220087018
659,0.8897760131804265,0.20578131851223722,2.006973503761053,0.21305661320130456,1.9792167601554844,0.18354220432762805
660,0.889598945048537,0.20578131851223722,2.0017689477688863,0.2119554272527508,1.9741556653601122,0.1825935639952052
661,0.8896285438150586,0.20578131851223724,2.0017598140769968,0.21086102774535695,1.9742891086385672,0.18165076998856083
662,0.8897290745469423,0.20578838272795819,1.9965925498874286,0.20977336729910653,1.9692914744612486,0.18586264806615763
663,0.8902519116768343,0.20578838272795819,1.9914570775436744,0.2086923986260591,1.9849091078256893,0.18490489207150515
664,0.8910167723817441,0.20578838272795819,1.9812052943191858,0.20761807507902497,1.995282555105654,0.18395302376761852
665,0.8909391747807667,0.20476771496078142,1.9813019505151126,0.2168358208342923,1.9901640803988636,0.18814973734003215
666,0.891598381697762,0.20476771496078144,1.9865356086350558,0.21572180618100245,1.990214613371332,0.18718310016909345
667,0.8913801553576649,0.20476771496078142,1.9814722540011778,0.21461462262128647,1.980004998540658,0.18622239037886484
668,0.8917578332183939,0.2077034614435867,1.981567251872598,0.21351422258741498,1.9749801893249461,0.19552222707541494
669,0.8917141422383098,0.2064470550225372,1.9867838721301754,0.21242056036646326,1.9648639353087287,0.19452294522492702
670,0.8901519730315676,0.2064470550225372,1.9868515001901366,0.2113335861380858,1.975277901123455,0.19864464040631355
671,0.8902475328536813,0.20644705174565015,1.9869187149431422,0.21536522617141338,1.9702923425255632,0.19762917471563402
672,0.8908073587696712,0.2102329736782905,1.9818786574248726,0.2193722475512426,1.9908715027624542,0.1966199098261004
673,0.8910369956748996,0.2092307997586116,1.971767593071891,0.2182530635366517,1.9909180741419272,0.1956168027216966
674,0.8908562137463508,0.2092307997586116,1.966814825686555,0.22223736056209856,1.980771044981064,0.19971646903408982
675,0.8909762211025227,0.20923079975861159,1.9669837901322618,0.22110582477180787,1.9706858221057777,0.19869959980899204
676,0.8911336418125407,0.2082257448895004,1.9671517262645164,0.2199811754804484,1.9657484527581488,0.19768891922493587
677,0.8906221321112479,0.20822574488101106,1.9724000324493915,0.22394475631332247,1.9760852808217042,0.19668438447977227
678,0.8901873058196047,0.21102482289415453,1.9826926852707913,0.2228080208107432,1.9660540546341922,0.1956859530995104
679,0.8898485558172624,0.20901153532817268,1.9777092161662755,0.2216781081690889,1.9814399185061062,0.1946935829352912
680,0.8899747887697959,0.20901153532817265,1.9676898052175966,0.2205550492047497,1.9916662868804755,0.19370723216109562
681,0.8902049023039231,0.20901153532817263,1.9627922242615377,0.21943879665881644,1.9866473584025766,0.19272685927076663
682,0.8899622321438843,0.20901153532817263,1.993316634807214,0.21832930363361677,1.9867148699965025,0.19175242307541138
683,0.8899862369996319,0.2090115352492424,1.9882993982570958,0.21722652358970357,1.9968839626688883,0.1907838827007559
684,0.8900485218491229,0.2090115352492424,1.9934043845777096,0.22117635606220556,2.0019456317434563,0.18982119758452382
685,0.8902372711450792,0.2090115352492424,1.9883967301348853,0.22006142766116632,1.9968950142347341,0.18886432747383827
686,0.8906266487276351,0.20901153524924238,1.9884551626228726,0.21895322825895017,2.0069823783472467,0.1879132324226477
687,0.890520419774936,0.2090115352492424,1.9784515816111445,0.21785171166564732,2.006947682764193,0.1869678727891742
688,0.8905184540140775,0.20901153517648868,1.9785598797007726,0.22178263429319073,2.0019387294313504,0.1860282092333851
689,0.8909985876435584,0.20797835447669374,1.9736467468456045,0.22066911270922307,1.9969082165393444,0.185094202714487
690,0.8902974566777692,0.20797835447669374,1.9737789284568474,0.22457804993871383,1.9969237241852942,0.18416581448844252
691,0.8904228076377091,0.20797835447669377,1.9688995681868635,0.2234527460505737,1.9969391386264521,0.18324300610550887
692,0.8899868947642134,0.20797835447669377,1.9590437704491117,0.22233419988163539,2.0069659388884302,0.1823257394077988
693,0.8904986504936061,0.2069388342990896,1.964249317695846,0.22122236525382585,2.006931104067408,0.1814139765268633
694,0.8902016308965751,0.20693883429908957,1.9544364432868966,0.22011719633910123,2.021883691251001,0.1805076798812957
695,0.8900661303613694,0.20590143623982807,1.944682350396342,0.22400939213640295,2.016783823711703,0.17960681217435734
696,0.8903561405309326,0.20590138237613365,1.9499439069423898,0.22289253591400002,2.0167004028058195,0.1836970926215366
697,0.8902878487485452,0.20486611515189648,1.9452124520117313,0.22178235879685662,2.0315596108182032,0.19274368504018352
698,0.8907068261327155,0.2048661151518962,1.9504608582839893,0.2206788153153227,2.021450989919832,0.19178463203710971
699,0.8900750942289587,0.2048661151518962,1.9556779298832223,0.2195818603432084,2.0114027181312317,0.1958021262635459
700,0.8900397381832686,0.2048661151518962,1.9558980267697583,0.2234573021328664,2.011346093908759,0.19482980168001002
701,0.8900689576286667,0.20486610645301895,1.951155922126074,0.22234875511170527,2.011289807191971,0.19882416219701216
702,0.8903596931218573,0.20486610645301898,1.941486127504472,0.22620274122323505,2.016189799401405,0.19783880331694773
703,0.8906453860886515,0.20381657700480016,1.951677783993973,0.2300337942753137,2.021060649133051,0.20181028559600067
704,0.8904393678278035,0.2038165770047394,1.9420247284908223,0.2288960403889136,2.0160112801465346,0.20081212601046794
705,0.8908513091646791,0.20381657595766095,1.937370103535736,0.23270613116978067,2.0258143435112395,0.19981989607770415
706,0.8912849819404053,0.2038165759576595,1.932743106792665,0.23155745946907905,2.025686920113713,0.2037697027983935
707,0.8911872941306791,0.2029246680438611,1.9380059783354928,0.23041560021127,2.021396558175298,0.20276487089993153
708,0.8913080578168735,0.2008350822095507,1.9333850938377846,0.22928050736576838,2.0262174512146207,0.20176599341912496
709,0.8916421546057253,0.2049447018080881,1.9238702080794547,0.22815213524727504,2.021167064800373,0.20077303015309486
710,0.891495305607227,0.204944701034921,1.9193280538093616,0.2270304385129485,2.0161465598387154,0.20470238317489034
711,0.8918094254038315,0.20388796784264812,1.9246358043211245,0.22591537215960178,2.016067310566909,0.2036969816902996
712,0.8916726197023672,0.203870851450895,1.9348188255432914,0.22480689152092406,2.011161436090164,0.2076041371435962
713,0.89123086291553,0.20282454216476611,1.9400400398181525,0.22860666701529414,2.0111422157490733,0.20658652088228063
714,0.890925918523319,0.20282454206269138,1.9403336526797024,0.2274872223480834,2.006190839838282,0.2055749048076549
715,0.890821594431055,0.2028245420257282,1.9308416935082633,0.22637437280101197,2.001268633962395,0.20946116970746642
716,0.8906148173559233,0.20590113812326563,1.926292640698404,0.22526807407819757,2.0012624341082126,0.20843752634333762
717,0.8907712666033363,0.20378318146196922,1.921770343812356,0.22416828221419036,1.9914919766980486,0.20741990368835536
718,0.8908289530788039,0.20378318143907698,1.9221518907599888,0.2230749535712805,1.9964107401081503,0.2064082613651323
719,0.8914218067015941,0.20378318143907698,1.932275982338356,0.2219880448368294,2.0061730134246525,0.20540255929706513
720,0.8914463494227064,0.2037831814390769,1.9228705854029513,0.2209075130206247,2.0012754435829487,0.20440275770588714
721,0.8907993108619668,0.2037831814390769,1.9135203243870167,0.21983331545225793,1.9964065879583,0.20827147457923242
722,0.8909557954266497,0.20272014226752563,1.9285138168459053,0.21876540977852585,1.9915662467985538,0.2072597339842178
723,0.8897349312703299,0.2027201422675256,1.924007793263653,0.217703753960854,1.9867542723997442,0.2062539145423955
724,0.8900502225840189,0.20166002490305673,1.9292243017820556,0.2166483062727433,1.986818541131793,0.2052539767218162
725,0.8900472241592223,0.20166001322549285,1.924723840187821,0.21559902529723873,1.9820391899109628,0.2042598812837945
726,0.8897575571828641,0.2016599918654944,1.9250880567256508,0.2193942747891003,1.9724493791182494,0.20810999414521203
727,0.8898137877749133,0.2005987775087449,1.9206165798850565,0.21833381745042194,1.9725825474168313,0.20710408015426696
728,0.8897147426569314,0.2047995375354813,1.9209999016005297,0.21727954070938782,1.9823724145760506,0.20610402889033486
729,0.8895828979681378,0.20479953322290276,1.921380991075891,0.21623140345572286,1.9776335563417533,0.20510980131554754
730,0.8895828902730302,0.20680929431859196,1.9313978936588785,0.2151895141738135,1.9681031624427017,0.20412143220574266
731,0.8895758846583097,0.20680929431859196,1.9317281629422545,0.21415353305855697,1.987513815419158,0.20313873586109893
732,0.8897949614940855,0.206809294318592,1.9224375909983566,0.21312356991773387,1.9971928367158036,0.20216174796170658
733,0.8898265594697925,0.2044205618025497,1.9228102515598806,0.21209958484212044,1.9972063336840533,0.20119044022550014
734,0.8900421213362811,0.2044205617922973,1.9279806029742692,0.2110815382165675,2.006819447051253,0.20022475588001903
735,0.8897485365019798,0.20442056179056575,1.9379160490940266,0.21006939071793085,2.006800592113761,0.2040597218351042
736,0.889748536501979,0.21379474252167985,1.9382134474806314,0.20906310331252131,2.0067680154962435,0.20787248424965424
737,0.8900534497299459,0.21285212219970162,1.9385091254252347,0.20806263725381957,2.0019501532699953,0.2068777158675983
738,0.890110088715169,0.21190045566199484,1.9388030942947996,0.207067954080175,1.9923794482255184,0.2058886974369394
739,0.890574852962707,0.21095369809611367,1.9343194526920477,0.20607901561251055,1.9876399306346428,0.20490539099603122
740,0.8904109225437699,0.20907832088131897,1.9346328237230443,0.20509578395205447,1.9781566424285986,0.20392775886193634
741,0.890589259963393,0.20814959461109847,1.9301780174964067,0.20411822147809042,1.9830271263629635,0.20295576362818923
742,0.8905527551233198,0.20722931236932565,1.9352720887088717,0.20314629084572694,1.9878892173698994,0.20198936816257848
743,0.8902335602242459,0.2072293123693195,1.9260662951187455,0.2021799549836864,1.9879468267536002,0.20102853560494818
744,0.8900427951843939,0.2072214945197265,1.9169134495055193,0.20121917709211304,1.9975189955513026,0.20007322936501856
745,0.8901305967391715,0.2072214945096966,1.9315499188575511,0.2002639206403999,2.002278122822534,0.20387075611962455
746,0.8900306711579191,0.2072214935924374,1.927131952048201,0.1993141493650348,2.002267327940964,0.20290387907342372
747,0.8903431690385254,0.2062884257711457,1.9274771904976886,0.19836982726746455,2.006994443805275,0.20194254934694836
748,0.8903668519894896,0.2053602697356786,1.918354205201285,0.19743091861197798,2.0116944605593914,0.20571985287296995
749,0.8893502998331898,0.2044369976275677,1.918740258487958,0.19649738792360705,2.0210959476819514,0.20474712885783478
750,0.8898495772357009,0.20443699762756656,1.9144004368002947,0.19556919998604616,2.0209971996572906,0.2037799719034128
751,0.8901295158999473,0.20443699762756656,1.9195233205874698,0.19936526406251776,2.030336003493255,0.20281834558225065
752,0.8901263548581655,0.20443699002036578,1.9199027059737217,0.20313963846212982,2.0207645759873962,0.2018622137321368
753,0.8902293167062135,0.20437043609167546,1.934408472741006,0.20218294913207616,2.02537643851197,0.200911540453989
754,0.890508949525589,0.20799694037131286,1.9441266855314008,0.20123171705335935,2.0299618558300017,0.19996629109263855
755,0.890633233944654,0.20704969234710663,1.944389296040205,0.20028590662300402,2.0345211381844237,0.1990264282986202
756,0.8907434503007825,0.2070496923471066,1.9493458193966033,0.19934548249656187,2.029663638952117,0.1980919179372699
757,0.8907647172577052,0.2070496923435194,1.9448927084090761,0.1984104095860564,2.024833779990432,0.19716272514125857
758,0.8907599431103491,0.2070495371883978,1.9451509426630649,0.19748065305794732,2.020032906365707,0.19623881529609316
759,0.890909285552358,0.21069771762386205,1.9407263666552048,0.196556178331112,2.029301812001319,0.19532015403822492
760,0.891138686986183,0.21069771651642705,1.9410035695384273,0.20031361534494282,2.0291647879102395,0.1944067072526041
761,0.8909084242494264,0.21069771651642702,1.9412792002682393,0.20404974209191074,2.0243565470312874,0.1934984410713939
762,0.8912688831434574,0.21435245619778093,1.9368859487595382,0.2030973765907503,2.019575546991305,0.19259532187155826
763,0.8915055101493959,0.21435245619778093,1.9418428831263868,0.2021504035311197,2.0148219617568173,0.1916973162730381
764,0.8912684306080685,0.21435245619778096,1.9374557837081332,0.2012087879669746,2.0100953005659825,0.19080439113683006
765,0.8916771187837153,0.21435245619777965,1.933093483858658,0.2002724952044621,2.010048323707033,0.19456985287282466
766,0.8918423079741273,0.21435245619777862,1.9473505762861756,0.19934149079992877,2.0192989936684795,0.19366535827495654
767,0.8916787047367487,0.2133463241827799,1.9522391243491781,0.20305978248954704,2.0284974526021062,0.1927659682304291
768,0.8914495089361973,0.21334632418277988,1.9524607061657462,0.20675710710275294,2.0237258478133433,0.19187164975676332
769,0.8916587791207585,0.2123423291093787,1.9480462764023851,0.20579883688596357,2.0282506472583286,0.19098237010884886
770,0.8914595816302239,0.21134412852588016,1.9390265675658918,0.20484596137674904,2.028119843069659,0.19009809677707437
771,0.8913595636394619,0.21035306100870246,1.9485596060858559,0.20389844579516422,2.023417544591906,0.1892187974854734
772,0.8908585991043506,0.2103530610087025,1.953418185632448,0.20295625561105457,2.018688455572099,0.19296531986572354
773,0.8910630466201392,0.21035306100870246,1.9490169583445207,0.20201935654209213,2.023218445887345,0.1966908026706843
774,0.8902581869732323,0.20935917499267445,1.9446404269912891,0.2010877145518284,2.013888076303319,0.1957837340907064
775,0.8902247187756128,0.20837123456345763,1.949502508447275,0.20016129584776368,2.0092170556013746,0.19488175102516955
776,0.8903109998671135,0.20738890030520782,1.9589397859224604,0.19924006687943288,2.01377712547176,0.19858725388348186
777,0.8908127401947694,0.20738880508742624,1.9683242398119758,0.1983239943365074,2.00911594760811,0.20227201580796011
778,0.8903511231859517,0.2064086799700686,1.9592832592835552,0.1974130451469134,2.018260550878074,0.20134293241845777
779,0.8904623466034368,0.2064086799700686,1.9640587404779086,0.19650718647496568,2.0089994667339015,0.20041904088316986
780,0.89033628959685,0.20543850227470845,1.9733916175982014,0.19560638571951766,2.013578559870655,0.1995003079519611
781,0.8905436977437466,0.20254925082286296,1.9780929484533905,0.19471061051212682,2.0043574204613708,0.1985867006120328
782,0.8911579409333705,0.2016007634875878,1.9736182698939728,0.1938198287152358,2.00433748569347,0.19767818608606746
783,0.8917133028025275,0.2016007634875878,1.9737388430680207,0.19293400842036876,1.9951770916674134,0.19677473183038957
784,0.8917355770193262,0.20065440030194295,1.9829902662133927,0.1920531179463431,1.9951991119717298,0.19587630553314148
785,0.8917439849203371,0.20065440022580477,1.9785066539425582,0.19117712583749621,2.0043434049057414,0.19498287511247497
786,0.8912010114695024,0.20065440022575268,1.9740479532414374,0.19486263896260425,1.9997669754812322,0.1940944087147579
787,0.8912424292065092,0.2044291829854576,1.9832702566117828,0.19397560791222254,1.9997680362283552,0.19321087471279608
788,0.8914914747908161,0.2044291829854576,1.9878938696191883,0.19764103118500306,1.9952215571602976,0.19233224170407015
789,0.891394521869926,0.2034628212924911,1.997034844973869,0.19674315021945285,1.9907517180249883,0.19145847850898726
790,0.891382547479916,0.20346282129242205,1.9925098542228035,0.20038868962493095,1.9998705867780053,0.1905895541691474
791,0.8917438271961324,0.20346282129242205,1.9970777256562653,0.19948014498579658,1.9953372617527974,0.18972543794562455
792,0.8918507333806867,0.20346282121474835,1.9970909617476056,0.20310600370897977,1.9953584272201252,0.18886609931726198
793,0.89215755390747,0.2072688043484518,2.001628977729676,0.2021869788964286,2.00442913567791,0.1925363609906219
794,0.891992391365792,0.20726880434845182,1.9971012837918565,0.2012730269451478,1.9998887841009352,0.19618636344126905
795,0.8921761340478243,0.20726880434844963,2.010661810897984,0.2048799280737288,1.9953734739818694,0.19530042263849123
796,0.8921830353375622,0.20516267521328774,2.0015911146952767,0.20395565350128872,2.004416954455406,0.19441938670672948
797,0.8927406264261322,0.2042054550123818,2.0015839438758767,0.20303646825260718,2.0043970481703393,0.19354317940749222
798,0.8928429175155624,0.2026204888129382,1.9970745272957582,0.20212234016388805,2.0088795366421746,0.19267179281276345
799,0.8929743227245343,0.20074868183111697,1.9970876854435267,0.20121323729811433,2.004341813960762,0.19180519647879155
800,0.8928988244958819,0.20074868183110942,1.997100771316355,0.20030912794329594,1.9998290157668512,0.19094336017633037
801,0.8930761322189994,0.19981922293098575,2.0105801811622857,0.1994099806107322,1.995341058846619,0.19008625388898281
802,0.893160205225047,0.19981917913508257,2.006048424286007,0.19851576403328855,1.9908776408199909,0.1937181598540395
803,0.8934021494916644,0.19981917086701056,1.997061668429913,0.197626447163688,1.9864387172239888,0.19733016540728177
804,0.8933798844827212,0.1955837401250082,1.9925994522146877,0.19674201307618608,1.9820240424587305,0.1964482116564974
805,0.8933409211232128,0.1947161060512394,1.992632539170335,0.1958624032892526,1.9776678528560194,0.1955699154202394
806,0.8932917737190175,0.1947161060329027,1.988199034654612,0.19498760137094245,1.9777675975827957,0.19469641987285394
807,0.8936007825654786,0.19384350327066494,1.9793277970442316,0.19411757713660302,1.982328744110448,0.19382769487476414
808,0.893690287552058,0.1929756960973781,1.970504969661218,0.19325230061310722,1.9824075135062718,0.19296371049760278
809,0.8934611841975861,0.1929756960973781,1.9706363119594639,0.19684477350515212,1.9780328276936903,0.19210443702258964
810,0.8929171246500601,0.1929707066928963,1.9707669386942528,0.19596909365227613,1.9737074850793188,0.19124984493892247
811,0.891551025180028,0.1929707066928963,1.9708968543448453,0.1950981806804335,1.9827126011588063,0.1948440392472976
812,0.8921160502832336,0.192098760904731,1.9754657557513358,0.19423200477194663,1.9739099671076457,0.19397899164859794
813,0.8920728704516844,0.190372480240142,1.9667040615411155,0.19337053631738332,1.9651558697381593,0.1931186453717345
814,0.8920372769299341,0.1931396658534734,1.9624207679250907,0.19251374602183122,1.9608794823194695,0.19226297116010801
815,0.8910665054964222,0.19227750663280055,1.9670135016587884,0.19166160447136202,1.9654790930590729,0.19583833291141356
816,0.8910563244165642,0.19227750663280058,1.967159366934933,0.19081408278011336,1.9656317434426216,0.1993943109488931
817,0.8909452187876351,0.19142921599511506,1.9584693433837481,0.18997115215581903,1.9657835669225554,0.2029310260773206
818,0.8907621558683265,0.19057350647102855,1.9542394897435402,0.18913278400661565,1.9659345686264778,0.2020354642679737
819,0.8912910488712359,0.19057350647102855,1.9588499582250487,0.18829894993951302,1.9749021998084717,0.20114474585680897
820,0.8910135412227129,0.18971962473330944,1.959031196034868,0.18746962175887696,1.97941705501016,0.20025884072467992
821,0.8913143542611353,0.18971962473326387,1.9680112841264903,0.18664477146492478,1.9927073619019158,0.19937771896165246
822,0.8913805748013153,0.1924936918816733,1.9681518910617952,0.18582437125223308,1.9883445272899816,0.19850197747422454
823,0.891842159449272,0.19249360979054034,1.9770739868281315,0.18500839350825793,1.9840045845138345,0.20202145419201964
824,0.8919925464039629,0.19249360979054034,1.9771745571602914,0.18858354527834698,1.9840747521547188,0.20113523971594716
825,0.8924555966735119,0.1924936097905403,1.9772745862380001,0.19213945611755584,1.9797621922387643,0.2002537947133336
826,0.8925642691407614,0.1924936097527292,1.9729961076471816,0.19129827538797703,1.988606732547218,0.19937708965471812
827,0.8929985156601272,0.19249360975272922,1.9687406177246516,0.19046161440165565,1.988656568989891,0.19850509521492463
828,0.8932860270934821,0.1924936097525395,1.968877196923393,0.18962944521619918,1.9887061309903946,0.19763778227151124
829,0.893104526678411,0.1924936097525395,1.9864724656109387,0.18880174008225914,1.9800257160248185,0.19677512190323276
830,0.8932125562598378,0.19160713665822543,1.9952524380545298,0.18797847144206778,1.98012841918505,0.19591708538851535
831,0.8933276144304805,0.19160713665822415,1.995273119073148,0.18715961192798683,1.9802149824648323,0.19941977875381628
832,0.8931541327515303,0.18543590352894554,1.9952936894218294,0.1906969149537318,1.9852261820633426,0.19855194763084213
833,0.8932965117882871,0.1854359035289455,1.9953141497822724,0.1898678732764916,1.985290410227888,0.1976887567411357
834,0.893447971165574,0.18543590352894554,2.0083637580192026,0.1890432608256233,1.9810112095080705,0.19683017752290208
835,0.8937928634459754,0.18460515949451775,2.0039887249931385,0.1882230503580321,1.9724161073958353,0.19597618161087094
836,0.8937438595256698,0.18460515949451778,1.9996370279925033,0.1874072148179477,1.9725356672988585,0.19512674083481263
837,0.89383995082141,0.1837763295631657,1.9909784476960626,0.18659572733551066,1.9683245147782793,0.1942818272180663
838,0.8936461374629509,0.18295217687620863,1.9866917245739337,0.19011430931009943,1.9814387792019992,0.1934414129760801
839,0.893955736006772,0.18661201940278344,1.9781063862838018,0.1892927446762748,1.9858404146150817,0.19260547051496366
840,0.8942221226032375,0.1866120179459199,1.9825180085524645,0.18847554797741958,1.9815844961323275,0.19177397243005045
841,0.8944084062815328,0.18661201044332265,1.978280614428485,0.1876626924647863,1.977351166987315,0.19094689150447583
842,0.894780266438346,0.18577154005778376,1.9783741919592799,0.1868541515728098,1.9731402693879097,0.19012420070776276
843,0.8948721570620771,0.18577154005778376,1.9784672731854052,0.18604989891772988,1.9732558783239578,0.18930587319442096
844,0.8949776796879417,0.18493309689488632,1.9742599898353437,0.18524990829622562,1.9733708824726026,0.19709162491094218
845,0.8942634271956726,0.18409946112524378,1.9700749843609027,0.1844541536840605,1.969189754483302,0.19624500333372008
846,0.894132946504823,0.18373934676368914,1.9616208406754778,0.18366260923473876,1.9650311840045078,0.19540286104527912
847,0.8942926229856218,0.18373929699620864,1.9574983807665052,0.19144923131890423,1.956607131193495,0.1945651707346242
848,0.8945458360822154,0.18290821303260146,1.9491149903692686,0.19062931051428586,1.9525102639672924,0.19373190527703815
849,0.8946012175993626,0.1829082130326009,1.9536111237040585,0.18981371719081416,1.9570297913434551,0.1929030377326866
850,0.8945754825617286,0.1829082130326009,1.945261098049136,0.18900242502065367,1.9614876017510308,0.19207854134523442
851,0.8942590980532328,0.18290805325512935,1.94122494913783,0.18819540785517877,1.970192207869424,0.19552826684699723
852,0.8946300923922583,0.18663563849379858,1.945741270120331,0.18739263972363415,1.9703193562726027,0.19469421960201003
853,0.8942345975394029,0.18663563849379858,1.9374497931745707,0.18659409483180608,1.978968527939543,0.19386456015134576
854,0.8939494273441897,0.18663563686704776,1.941973161708613,0.18579974756070444,1.9790580698734364,0.19729634874765314
855,0.8935720332274939,0.18663563686704726,1.9422199400981826,0.1892624043760783,1.9748943006872048,0.1964572805398103
856,0.8933653861880756,0.1849261912555424,1.9382168421700638,0.19270688888672438,1.9792495454940544,0.19562261583019822
857,0.8935470761356112,0.18492562610584698,1.9299904010796258,0.1918889763422367,1.9750932826273888,0.19479232796453158
858,0.8930716025561046,0.18407712346242497,1.9345273407910066,0.19107534932634662,1.9751988894137598,0.19396639046910508
859,0.8923271121602835,0.18781581685426066,1.9348046734531055,0.19026598193650088,1.9710790051552267,0.19738063161053987
860,0.8918973344072907,0.18781581684681092,1.9393121761776728,0.19369246926857364,1.979664629522106,0.19654539161972476
861,0.8919906186405747,0.18781581684681087,1.9353413360397151,0.19287365540573034,1.9755232065840322,0.1957145173377048
862,0.8921097423130666,0.18781581684681087,1.9482838984308886,0.19205911793437733,1.9714034101076001,0.1948879824347188
863,0.891989329071599,0.1869480494914147,1.9442831408342205,0.19124883108214166,1.9630862337192017,0.19406576075878906
864,0.8924063032483587,0.18694804949141466,1.9403032441010921,0.1904427692505537,1.959027087061226,0.19324782633440268
865,0.8926176342765759,0.18608271710513796,1.9405545982186727,0.1938514225400311,1.9591996191046586,0.19243415336120312
866,0.8924877574333171,0.18608271389464395,1.9408046438351576,0.19303602392208932,1.955164946550033,0.19162471621269253
867,0.8922462206594016,0.18521985536189517,1.9410533888135943,0.19222486668410782,1.9511512451479933,0.1950215923455851
868,0.8920999758724505,0.18521985536189514,1.953894549688359,0.19141792535724908,1.951356307478043,0.19420291063593895
869,0.8923109166107109,0.18435949068051513,1.9540879024428377,0.19061517464395547,1.9515603049335457,0.19338848051009916
870,0.892057922843167,0.18350546467581605,1.9459012209018927,0.1898165894166835,1.947573730801051,0.1967677919674121
871,0.8913586845190468,0.18350546467581605,1.9461276420406612,0.19320747278769176,1.95197853754733,0.1959442542042136
872,0.8914855852824602,0.18265282389468865,1.946352890171889,0.19658078919571315,1.9521793259195361,0.19512498289781163
873,0.8913684864542231,0.18265282389327864,1.9758157327736965,0.1957596779662412,1.9482021054745409,0.19848691830140835
874,0.891278287211832,0.1826528238932785,1.9717438577619628,0.19494281376304776,1.9525910381595497,0.20183146479654382
875,0.8920159045445019,0.1826528238660477,1.9718616468871795,0.19829879140916215,1.9527886682478708,0.2009901060760462
876,0.8918975113085696,0.1826528220905267,1.9761432814149962,0.19747298528146426,1.948820832593398,0.20015309209313303
877,0.8920666675716914,0.1817370121391871,1.972082241025411,0.1966514401411673,1.9448734671303614,0.1993203969278164
878,0.8924779067070984,0.18173701213918714,1.9763544040231409,0.1958341305863062,1.9451025803369995,0.1984919948333752
879,0.8919524471485721,0.1817370118011212,1.9764525800415649,0.1950210313846064,1.9453305165395718,0.19766786023508215
880,0.8920242084764863,0.18087930121620624,1.9724024215988787,0.1983599465890538,1.9455572767809126,0.1968479677289404
881,0.8918732634635216,0.18087930121512244,1.9683730938643786,0.19753800577889924,1.9457855248029425,0.19603229208043058
882,0.8919905440227025,0.18087930121504595,1.9767830982601353,0.19672028895701998,1.9501494896968778,0.19522080822326776
883,0.892106895533342,0.17917204272861748,1.9727437052588215,0.19590677103288226,1.9420848331582579,0.19441349125816823
884,0.8922223279325174,0.17917204272861748,1.9852501212135314,0.19509742708300343,1.9381928254651635,0.19361031645162616
885,0.8925324370565354,0.1791720427286173,1.9935652795194059,0.1942922323497291,1.9384479124700473,0.19281125923469986
886,0.8926615213081988,0.17917204267553158,1.9894687933251698,0.19761417889396077,1.9345787069692104,0.19201629520180785
887,0.8927911484375662,0.179172042675386,1.9853932745689302,0.1968002267026292,1.9389670661511484,0.1912254001095344
888,0.8921609721476973,0.17831722445673062,1.9936829357363084,0.19599043728991938,1.947859162133168,0.19043854987544456
889,0.8922498527544357,0.1783172244567306,1.9937089030784751,0.19518478603578107,1.9480735494108927,0.193766386715923
890,0.8924481611279906,0.1783172244567306,1.9855216227748476,0.19438324848342775,1.944180232942833,0.1929706739019737
891,0.8920337573202856,0.17831722444937922,1.9896834726598478,0.1976882533607365,1.9526141369952184,0.19217902077755322
892,0.8925134754532044,0.17831722444937925,1.981529048186481,0.19687805718961038,1.9528083409717079,0.19139140338421917
893,0.8929630350739912,0.17831722438885514,1.9897931856295739,0.1960719879604831,1.957095812609398,0.19470205423807244
894,0.8931817935861698,0.17831722438885514,1.9857447690692354,0.1952700213531127,1.9490909695644432,0.19390569088444118
895,0.8935150968356704,0.17831722438885414,1.9817169410396136,0.19447213320799625,1.9492989877312112,0.19719945348369888
896,0.8935053019888373,0.17831722432293556,1.9817915723391621,0.19776029147798072,1.941341965878292,0.19639448690148595
897,0.8937059653606152,0.1783172242704427,1.9818658247048422,0.19695384241201325,1.9375032564231465,0.19559360746639218
898,0.8932161058519511,0.1783121946535694,1.9819397003633006,0.19615148473336144,1.9337073718505633,0.19479679116200363
899,0.8937075395416275,0.1774363311204008,1.9820132015265066,0.19535319441800164,1.933977167223784,0.19400401413021529
900,0.8937369885061163,0.17656637287372554,1.9820863303918586,0.19455894760016396,1.9423769892251688,0.19321525267008294
901,0.8942222876985629,0.17656637287355395,1.9821590891422896,0.19376872057118527,1.9466726656772593,0.19243048323668416
902,0.8942357673769237,0.17569962773188882,1.9903466266067444,0.19298248977837132,1.9468890452934127,0.19164968243998812
903,0.894581130201873,0.17532334111573214,1.9984927922974123,0.19220023182386756,1.9471046645008365,0.19087282704373443
904,0.8947166575327454,0.17532334111573214,1.998498895684201,0.19142192346353906,1.9473188623795616,0.1900998939643206
905,0.8942018026248836,0.1753233411157321,1.9944595494288673,0.1906475416058592,1.9556229743307973,0.19337627912072877
906,0.8944613352923844,0.1753233411157321,1.9985233159240254,0.18987706331080692,1.955802318553068,0.19259477297286293
907,0.8944625510019014,0.1753233411157321,1.9985292777939518,0.1931478018875476,1.9600180955471243,0.19181720314350426
908,0.8945362435669303,0.17359012994605005,1.9945019088783023,0.1964020794880809,1.9601811000215614,0.19104354666831938
909,0.8942298999528588,0.17270620133450282,2.0025826011608823,0.19561072258027432,1.9577440449572094,0.19027378073334608
910,0.8942567786673623,0.17270620133450285,2.0065974478059356,0.19482334203708146,1.9498640518590045,0.1895078826739097
911,0.8944294352383108,0.17270612627305773,2.002549699013354,0.19403991471048113,1.94604487901091,0.1887458299735477
912,0.894597830151271,0.17270554894096637,2.0025394563629852,0.1932604176037248,1.9462616275178337,0.18798760026294292
913,0.894782613728211,0.17681276322106726,2.0025292650557938,0.19248482787024823,1.9504904741363032,0.187233171318865
914,0.8952728745471075,0.17593666264368366,2.0065282982239534,0.19171312281259184,1.9426706195511085,0.1864825210631201
915,0.8952106052638932,0.17593666248298062,1.998491818782349,0.19895561240314608,1.9388950700070768,0.18573562756150896
916,0.8954064039102955,0.1759366624823005,1.99849785326138,0.1981595585489445,1.9351384074299796,0.18499246902279284
917,0.8947839494117004,0.17506137380264455,2.006498185454909,0.19736748230845785,1.9437988162019868,0.18425302379766775
918,0.8948328081395105,0.1741921593202863,2.002479068336342,0.19657936064241047,1.9440232370138184,0.18351727037774654
919,0.8945477778790942,0.17418488089084924,1.994490823703448,0.1997843482559072,1.9442465382625365,0.18278518739454896
920,0.8944880676844831,0.17331918239315705,1.9905275884091513,0.1989881695870008,1.9404835360127788,0.18205675361849966
921,0.8943089501684699,0.17245949316284503,1.9945465072548607,0.1981959564510656,1.9367392761760935,0.1813319479579338
922,0.8943086817318757,0.17160609036347219,1.9985452301901805,0.19740788078834476,1.9330135855435686,0.18458797719888734
923,0.8946981335901457,0.1716060903634722,1.990604504848236,0.2005967821371836,1.9491727647217614,0.18385456250993282
924,0.8948922890570317,0.17160609020770826,1.982703235236697,0.19980055704324218,1.9454064081540507,0.1831247919984302
925,0.894965150611124,0.17160609018528886,1.9788065081527169,0.19900828505907883,1.945622888943608,0.1863639588527907
926,0.8949524996711216,0.1707506960441062,1.9749291121512862,0.19821994341820037,1.937915661831401,0.18562570582438537
927,0.894963186432589,0.17075069604410623,1.967113544494023,0.2013929009891348,1.9500335283259331,0.18489111223625532
928,0.8951182314220304,0.17075069510721935,1.967243558993575,0.20455014310352534,1.950231076229635,0.18416015704333025
929,0.8948925776760868,0.1707506951070042,1.963423445439101,0.20374227546049611,1.9626997903160952,0.18343281933653047
930,0.8950609482301854,0.17903264628192936,1.9635677486053245,0.2029384137399939,1.9549558909825677,0.1866546234189034
931,0.8949510442619192,0.1790326462819294,1.9637113497320229,0.20213851299963756,1.95907506443319,0.1859189067612626
932,0.8951430803865612,0.17903264628178545,1.967791895793157,0.20134256149248658,1.9513609053657281,0.1851868224501212
933,0.8948171130850722,0.17813520963419782,1.9600511569406551,0.2005505365879532,1.9554860206635527,0.18839206790035143
934,0.894768761855173,0.17813520963419432,1.9562783608863494,0.20369220227875798,1.9517311651207419,0.18765172729943813
935,0.8946245530510801,0.17813520963419435,1.9564500058616883,0.2028925354834217,1.9440689444333128,0.18691503314163477
936,0.894852898576915,0.1822704748587635,1.9605427408563858,0.20209680419618078,1.9482102371431786,0.19010389933512423
937,0.8947206784204622,0.18135530045053616,1.964615349765556,0.20130498592944196,1.9444951354153752,0.18935906944694
938,0.8948639522039111,0.18135530044506767,1.9686679475080917,0.20051705834006336,1.9486264857102535,0.18861789935407108
939,0.8948639283470561,0.1813796412497768,1.9648802750937198,0.20364318581406143,1.941006992565238,0.1878804605454355
940,0.8950177079849121,0.18051344023692986,1.9767362975756608,0.2028476988454608,1.937331157319608,0.18714654716934523
941,0.8951695091668624,0.18051344023692986,1.9729247072160703,0.20205611125390352,1.9375757145836312,0.1864162313442941
942,0.8946590523577032,0.18051344023692986,1.9769287331345442,0.201268400837607,1.9378190744003536,0.18568949258699852
943,0.8944227934766719,0.17964821498404965,1.9731240088824546,0.2004845455369352,1.9380632188776978,0.18496631054531867
944,0.8945058784378039,0.17964821492195887,1.973228574883141,0.2035952078821679,1.9383042318372057,0.18424666499733316
945,0.894471919703282,0.1787860721158795,1.9733326299434095,0.20280387490179494,1.9385440306841655,0.18353053585042073
946,0.894167726891793,0.1787860721158795,1.969553266108046,0.20201640553428796,1.9348997826316088,0.18281790314034882
947,0.8940992885708912,0.17878607211587316,1.9696713698987443,0.2012327778597559,1.9312732788122946,0.1821087470303695
948,0.8940643300398003,0.17792788909821344,1.9736640507694434,0.2004529700981883,1.9354292324830429,0.18140304781032193
949,0.8942194779856605,0.1770723722541624,1.9660234454336376,0.19967696060847134,1.9318079243976107,0.18070078589574198
950,0.8943394483396349,0.1770723722541624,1.9661548467085022,0.2027721381219564,1.9320716511290699,0.18000194182697846
951,0.8947273923504707,0.18103283829431352,1.9585585194583215,0.20198871889077435,1.932334095345227,0.18317004245610552
952,0.8947858609753686,0.18016328482750954,1.9548587872984775,0.2012091064372455,1.9364549474447625,0.18246306413079907
953,0.8945758971605058,0.1792996542929017,1.951177018542741,0.20043327925598634,1.9444122187762685,0.18175951841542334
954,0.894646420604238,0.1792996542929017,1.9475131117837754,0.1996612159783088,1.944626341324828,0.18105938593214607
955,0.8943796586625615,0.17758719907471515,1.9438669662583994,0.1988928953712621,1.9563837902248828,0.1803626474262261
956,0.8941374745771227,0.17758719907471515,1.9402384818430756,0.20197257158418586,1.948862912445525,0.17966928376515118
957,0.8941269595802936,0.1767384799527071,1.940467991943186,0.2088777752641449,1.9452188681049338,0.17897927593778237
958,0.8940929795196484,0.17590151970673457,1.9406963921107527,0.20807639596536845,1.9416206756362755,0.17829260505350492
959,0.894082624693302,0.17590151339540575,1.9409236885893555,0.2111116488433321,1.934178938903224,0.1776092523413857
960,0.8941295518029024,0.17482548619708352,1.9449788164427873,0.21030331735845345,1.9344316027602937,0.1769291992990101
961,0.8941425646738048,0.17482548510722287,1.9528394817629462,0.20949888575127532,1.9385075155284466,0.17625242709238698
962,0.8937590567102681,0.171620838917334,1.9568409738994208,0.20869833213095235,1.946385052756361,0.17557891745488446
963,0.8934801554585778,0.17455329706687925,1.9570057291189107,0.20790163735043665,1.9427722650937296,0.17498368588573313
964,0.893594006294242,0.17830632232374807,1.953356050215753,0.21092241830861297,1.939176867551478,0.17431636044833795
965,0.8934812565132845,0.17669504509013345,1.9573435878255192,0.2101188393303732,1.9394085934676624,0.1774620763980262
966,0.8934249540468384,0.17669491394030565,1.9689240113660131,0.20931912197038915,1.939639535476902,0.1767866514638004
967,0.8932567104899725,0.17669491394030565,1.9652399491619152,0.20852324462933855,1.94367125918717,0.17611446973106717
968,0.8936475784323997,0.17431214179856006,1.9615735627927928,0.20773118584393707,1.940086799753409,0.17544551307237538
969,0.8940583317272958,0.17431214179856006,1.9579247535318947,0.2145321705009177,1.955492640197356,0.17477976347437038
970,0.8940741452387316,0.17431214179856003,1.9542934232734612,0.2175097458123077,1.9556613600490758,0.1741172030370018
971,0.8941359429315268,0.17352555587845078,1.9468924330829804,0.2166860273901301,1.9520422308707681,0.17345781397273716
972,0.8937631460239212,0.17352555030712252,1.950876608916812,0.21586624861256026,1.9522236942524556,0.1728015786057816
973,0.8937576600465621,0.17352555028554323,1.9586212194051287,0.2150503875373545,1.9524042637059293,0.17214847937130331
974,0.8937806905126712,0.1710700348864589,1.9550017558112749,0.21423842236008436,1.9601353910796435,0.17527419659691576
975,0.8937704099132369,0.17032429500130788,1.9551714857475924,0.21343033141254775,1.9565141725143502,0.1746130757295829
976,0.8931781484644429,0.16960828510482281,1.9591085599677864,0.21262609316277806,1.9529971373037776,0.1739551068575756
977,0.8929678352359887,0.1724710551384518,1.9630268784097336,0.21559007344084896,1.960702849228341,0.17706466019581366
978,0.8923791794440834,0.17247105513844965,1.978208419331704,0.21853994480262967,1.9646112557949647,0.18015941117905812
979,0.8923288567973099,0.17247105513844962,1.9707765554263272,0.21771891951945432,1.9647442065640262,0.17948257641682014
980,0.8923155142099817,0.17247105513844962,1.9821455672228212,0.21690179625019845,1.9648765254697798,0.17880895838702335
981,0.8926436792520427,0.17172891602912185,1.978463150161041,0.21608855338488572,1.9650082160116258,0.1781385392748897
982,0.8924840114132099,0.17172891602912185,1.9785438188500066,0.21527916944840536,1.9651392816670032,0.1774713013768213
983,0.8927758555890468,0.1717289160291133,1.9711403680036326,0.21447362309958307,1.9690115944195845,0.17680722709963442
984,0.8931341524787393,0.1717289160291133,1.9749863775468026,0.213671893130259,1.969127433062567,0.1761462989597995
985,0.8933308402338708,0.1789701695133228,1.971345395955754,0.21287395846437243,1.9729771156116456,0.17922289185425583
986,0.8932062325577136,0.18228552002957749,1.9863749355082176,0.21207979815705344,1.9693472690556937,0.18629550374832038
987,0.8929735208551293,0.18228552002957746,1.990152646131385,0.21128939139372147,1.965734581172573,0.18560119326980906
988,0.893216013224093,0.18158078126573912,1.9901893098572163,0.21422592336972207,1.965862158381451,0.18491016181559322
989,0.8933350104573015,0.18158078126573915,1.9865063160318526,0.21342911336061654,1.9622697120298034,0.18422239132823862
990,0.8936057037298993,0.18158078126573896,1.9939879892366796,0.21263606052351344,1.962409909019118,0.18353786386241944
991,0.8933005041765176,0.1815807812657388,1.9865862001381238,0.21184674419701677,1.9588374182823698,0.18656861458472457
992,0.8934132506306641,0.17920432427225313,1.9792192575003382,0.21106114384783858,1.958990063246051,0.18587675420556699
993,0.8935846972489438,0.17842383079133994,1.979296242593629,0.21398387538365451,1.9628466264729196,0.18518814843205827
994,0.8934994643384724,0.17842383079133997,1.9719709987653535,0.21319193528455618,1.9629844297391479,0.18450277940433046
995,0.8936030651200267,0.1784238307913251,1.9868635663359524,0.21240371471793196,1.95942405059857,0.18382062937303723
996,0.8936748137298575,0.17842383079132504,1.9869120862667864,0.21161919330134535,1.959573966611684,0.18683521975759504
997,0.8937776700544519,0.17686646551947946,1.9869603786708026,0.21083835077832797,1.9560332856831915,0.18614582631407933
998,0.894048812717126,0.1768664395471496,1.979636126066987,0.21006116701751973,1.96725395578657,0.18545966313352194
999,0.8940613013705282,0.17889930827800982,1.9760286404782315,0.20928762201203538,1.9673745424281186,0.18845918773792328
1000,0.8942735694441957,0.17812581094117666,1.9761168261816813,0.2085176958777365,1.9638157726660408,0.18776588513123676
1001,0.8942598728522163,0.17812581094117666,1.9762045996506878,0.20775136885371318,1.9786492237804454,0.18707582344913332
1002,0.894163149865577,0.17812581094117666,1.9726205189591286,0.206988621300567,1.9860705003208903,0.190060429182317
1003,0.894143306121053,0.17812581094117666,1.9837242644228708,0.20622943369980337,1.9861215905855376,0.18936333037406172
1004,0.8943544087834652,0.17735075594560734,1.9874480091112023,0.20547378665300933,1.9861724425913332,0.1886694825619374
1005,0.8943456850773003,0.17735075594560737,1.9874939550004118,0.20472166088103733,1.9825626112784038,0.1879788680435069
1006,0.8944788046001375,0.17657832770673945,1.9911964746836388,0.20397303722319507,1.9789695885784744,0.18729146922510073
1007,0.8943703398858945,0.17657832764612733,1.9912286351304755,0.20322789663644145,1.9826995485221415,0.1866072686210786
1008,0.8943950145291416,0.17580853501544455,1.9949101275285308,0.20248622019458828,1.9973606120573253,0.1859262488530966
1009,0.89477598731914,0.17580853501544455,1.9912828505504485,0.2090396567019343,2.0119535700559696,0.18524839264937967
1010,0.8945486388984848,0.17580853501544455,1.987672410267506,0.2082782945973947,2.015552222680805,0.1882158726397148
1011,0.8947654255431973,0.17580853501544452,1.9949943636648715,0.2075204637280542,2.030049832855521,0.18753103988428074
1012,0.8948734047016054,0.1735150646920688,1.9877427333246365,0.206766144959842,2.0299406043365935,0.186849380926577
1013,0.8949263428592312,0.17351506469196853,1.9805246836874546,0.20601531927571906,2.026200602031537,0.18617087858138218
1014,0.8946243516541379,0.1727598592933712,1.9878506335917887,0.20526796777488704,2.040616200626259,0.18549551576851872
1015,0.8944101007613046,0.17200923700331922,1.9806466145942114,0.20452407167200307,2.03684498222996,0.18482327551214328
1016,0.894626216593895,0.17200923700331922,1.9734758774602248,0.20378361229640007,2.0403319906654573,0.18415414094004218
1017,0.894797681774037,0.17051965902759572,1.969955025975844,0.20304657109131327,2.0365693351426053,0.18348809528293233
1018,0.8951276024903635,0.17051965902759575,1.9628372464956025,0.2023129296131119,2.036437203972172,0.18282512187376707
1019,0.895222347120608,0.17051965902759575,1.9738000590425284,0.20158266953053686,2.039915238956586,0.18216520414704718
1020,0.8949231823043601,0.1705195937941343,1.9702885853022185,0.2008557726239439,2.043377466735338,0.18150832563813696
1021,0.8950298354727042,0.1839960676519921,1.9703956160616731,0.20013222079884466,2.0504258966047044,0.18085447001116994
1022,0.8948010157602526,0.1839960676519921,1.9705021546817647,0.1994119960279401,2.0502444266784776,0.18380236565395433
1023,0.8948968643508405,0.1839960676519921,1.9670130560303225,0.19869508043628883,2.042873520849206,0.18314156899004028
1024,0.8948002715969338,0.1839960676519921,1.9599484216079295,0.19798145624324803,2.0427195383412746,0.18248380607967649
1025,0.8951617182479267,0.1839960676519921,1.974443983871778,0.197271105776088,2.0353903328395493,0.18182906063352433
1026,0.8951389221396236,0.1839960676519921,1.9817043432716739,0.196564011469268,2.0316791020423497,0.1811773164610436
1027,0.8953812080224971,0.18399606765198984,1.9817698562841994,0.19586015586371736,2.031565719556761,0.18052855746982985
1028,0.8952612234113015,0.1839960676519898,1.9889895032418126,0.1951595216061219,2.0278755852727084,0.1798827676649567
1029,0.895121534067138,0.18319522736321334,1.9926024922704604,0.19803573290914278,2.031349609386358,0.17923993114832287
1030,0.8955210448205588,0.18319522736321334,1.9926289018879635,0.197328731558243,2.027668980144692,0.178600032118004
1031,0.8948222702693481,0.18319522736321334,1.9926551909191137,0.19662495837656283,2.0240037973699425,0.181529556188135
1032,0.8949161014069223,0.18676225978468153,1.98911842340636,0.1994873327173851,2.020355336759848,0.18088277788807258
1033,0.8947688141125396,0.18676225978468136,1.992716530469037,0.198777282403496,2.0202828844739913,0.1802389481698292
1034,0.895009556288589,0.18676225978468133,1.9891866113102206,0.1980704665945943,2.0237665888414487,0.1795980513007008
1035,0.8951864366084996,0.1859439663415207,1.9892250233195186,0.19736686804442913,2.020129899838788,0.18251233545210319
1036,0.8951942817210381,0.18513074618241648,1.9857145473018174,0.19666646961067968,2.0200584648850968,0.18186465149604106
1037,0.8956503205956964,0.18513074561029763,1.9822200252270417,0.1959692542542624,2.0199873568205358,0.18476507742901252
1038,0.895607843483394,0.18372321587730828,1.9858246181814423,0.19527520503864323,2.015417247227971,0.18411070918358846
1039,0.8956132532476124,0.18372321587730825,1.9823366887265061,0.19812238826342501,2.015362699725577,0.1834593101885875
1040,0.8952150769142885,0.18372321587730792,1.9823991205271914,0.19742211540609939,2.015308941066698,0.18281086466723664
1041,0.8951719455736472,0.18372320454310742,1.9859922835191695,0.19672501514490198,2.0223169626215016,0.18216535693753214
1042,0.8955319451273581,0.18648647360129536,1.9789867259453389,0.1995585554364325,2.022238239875288,0.1815227714116096
1043,0.8957542415254136,0.18648647360129536,1.9720128577256142,0.19885531925526634,2.015111955090821,0.18440705166381507
1044,0.8955869156834385,0.18567126883991464,1.9756318215642112,0.19815526165736164,2.0115383180421165,0.18727829515088162
1045,0.8955018837862672,0.18567126632148012,1.9757175224543013,0.19745836581244547,2.007980831412835,0.18661965270736525
1046,0.8951484881322478,0.18567120149034366,1.9687760305176503,0.19676461499101797,2.011466194569028,0.18596398265343994
1047,0.8950963620583074,0.18485698832808653,1.9653757318726475,0.1960739925636846,2.0219556685575024,0.19233105204560288
1048,0.895608959909847,0.1884248924419616,1.9690035210759531,0.19538648200049338,2.0253850668188402,0.19165666566663103
1049,0.8956498465742908,0.18759998418398324,1.9656092193603616,0.19470206687027666,2.021794332625842,0.19448819424917743
1050,0.895740034615957,0.18678192163877133,1.9657295656840337,0.1940207308399979,2.021718066092868,0.1938076066399349
1051,0.8955407235791736,0.1867819216387713,1.9658493710052458,0.19334245767410294,2.035625661793861,0.19313007853063918
1052,0.8959248858632455,0.1867819216387713,1.9624762524444042,0.19266723123387605,2.03899362899179,0.19245559380030233
1053,0.8956930771340819,0.1859648880279862,1.9626071688630131,0.1919950354768007,2.0423464794011745,0.19178413642402986
1054,0.8957301143059421,0.1859648880279643,1.9592520901946373,0.19132585445592473,2.0421989090926176,0.19111569047238675
1055,0.8957910686144652,0.1859648879269956,1.9593939713308652,0.1906596723192303,2.042051975928309,0.19045024011076794
1056,0.895628792716631,0.18590431257350637,1.9560567730421032,0.1899964733090082,2.0349488127331727,0.18978776959877344
1057,0.8954721168054793,0.18590431257350634,1.9562094743225176,0.19281120914496105,2.031352399365101,0.18912826328958793
1058,0.8953973098442715,0.18590431257350634,1.9528899987231292,0.1921418661597342,2.038186550176585,0.1884717056293647
1059,0.8951300982963011,0.18590431257350634,1.953053377356771,0.19494353787499408,2.0380541182890397,0.18781808115661414
1060,0.8951353805473707,0.18460187922387472,1.9601451428652692,0.1942681446611675,2.041388435987302,0.18716737528813654
1061,0.8950321977082568,0.1838145355875965,1.9637441795999586,0.1935957641032288,2.0378179361531683,0.1899806664464363
1062,0.895021497922403,0.18381452951553895,1.9638695390265781,0.1963840163485263,2.030771930136821,0.18932378247162268
1063,0.8951638010126203,0.18302240116747592,1.9605401601384818,0.19570567060616506,2.034120181998012,0.18866982404794205
1064,0.8954655608160801,0.18302240116747592,1.9641270528454615,0.19503034365682823,2.0340024425459653,0.1949202309890322
1065,0.8953330066743743,0.19693277297811296,1.9711387276178662,0.19436456610110245,2.030436311516583,0.1942499232492648
1066,0.8955036633488953,0.19693277297811296,1.9677942880277028,0.19713903998804036,2.026887660950632,0.1935809589548487
1067,0.8956248524419699,0.19693277297723796,1.9747858700265537,0.1999011955132071,2.0199144071523008,0.19291496478901426
1068,0.895592929563967,0.1960918080145211,1.9714355775769894,0.19921414465764994,2.01640901818359,0.19225192527457918
1069,0.8955258701431072,0.1960918080145211,1.9715336540062591,0.19853013951031262,2.01291921244362,0.19159182502567715
1070,0.8952798572852055,0.19609172864260746,1.9784914663459898,0.197849164222149,2.0060148991331976,0.1909346487471611
1071,0.895134500570158,0.19609172864260746,1.9785651687091683,0.20059785984098755,2.0059942881381603,0.19028038123401078
1072,0.8953861242616473,0.19609172864259936,1.9786385451065447,0.19991116685624483,2.0093970002128296,0.1930522392301825
1073,0.8949991815468262,0.19524849035480205,1.9787115972308373,0.19922750858102345,2.0025282331269305,0.1923920371865686
1074,0.8950895291119669,0.19357813403886712,1.9890335034776716,0.1985468692671867,2.0127687724037635,0.19515114276176518
1075,0.895460860630126,0.20043500050395843,1.9822449767781174,0.19786923325915737,2.0195511479762303,0.19448509629211497
1076,0.8956180740115864,0.1987410529146245,1.9788959474252428,0.197194584993315,2.0160749208059663,0.193821986465567
1077,0.8959370714405093,0.19874105291462446,1.9823739895909127,0.19652290899739752,2.0092078520311185,0.19316179807451977
1078,0.8959769045542169,0.20127785520826258,1.9824339664410928,0.19585419001650553,2.012579275799001,0.1925045179642391
1079,0.8959006403347423,0.20127785520678762,1.9858930324986424,0.19518841250568833,2.0193352202335086,0.19524948008111084
1080,0.8958964235049193,0.20127785520678762,1.9893368943855305,0.1945255613902416,2.019269558690722,0.19458642158291037
1081,0.8960553836864459,0.20127785520678765,1.9893730696217622,0.19386562155743736,2.032774429531867,0.1939262752781901
1082,0.8952770980157185,0.20127785520678126,1.989409086096809,0.1932085779829771,2.032666695200136,0.19665819627127243
1083,0.8953745721292549,0.20127785520678124,1.986059161972218,0.19255441573041843,2.032556159084103,0.19599235436093926
1084,0.8954515888209673,0.20127785520678126,1.9861063154427843,0.19190311995060574,2.0290636426113955,0.1953294301024297
1085,0.8954998413146554,0.20127785520237934,1.9861532624510296,0.19125467588110495,2.02558642215462,0.1946694084697356
1086,0.8958165406071601,0.2012778552023793,1.9929512851195772,0.19060906884564216,2.025500051659688,0.1940122745245474
1087,0.8959548217317792,0.20040696137733321,2.009836388148987,0.1967108174070702,2.0254140586877707,0.1933580134156867
1088,0.8960216703298999,0.20375411707281918,2.0131721463760957,0.19604811912198558,2.0286973373899495,0.19270661039202885
1089,0.8959382267508161,0.20290273438974124,2.0131278151383243,0.19538831353410058,2.0252352363334496,0.19205805074795534
1090,0.8960350085437847,0.20289784474088624,2.009721512321499,0.1947313857972235,2.0217882399803773,0.1947744848409165
1091,0.8958802655542613,0.2020496004288623,2.006330055209974,0.19407732115153656,2.0250738619955686,0.19412027543396973
1092,0.8954943356044388,0.20204960042886227,2.00630881504314,0.19342610492303905,2.02498974916053,0.19346891507464006
1093,0.8952340679569247,0.20120460485658592,2.0029355737480024,0.19277772252299413,2.0249063241462015,0.19617248272784182
1094,0.8951330647277527,0.20120459475059754,1.9995770001267439,0.19213215944737957,2.0214742672961403,0.19551555147228336
1095,0.8953494016811336,0.19952753275217447,1.9995784152288574,0.19483479734582862,2.0214024273777444,0.19486147451486457
1096,0.8949795204690387,0.19952753275217436,1.9962377718416735,0.19418364925436282,2.0179888469995713,0.19421023726690342
1097,0.8948894797909606,0.20286525852919265,1.9962503328378358,0.19353532598144604,2.017928787420881,0.1969005371879521
1098,0.8947408714043249,0.20532839907912878,1.98959208954264,0.19622518802942507,2.0145336132724196,0.19624380007440448
1099,0.8946816702787467,0.20532839907912875,1.9829626867037657,0.19557135761593566,2.011157418631642,0.19558990764481415
1100,0.8945832154221999,0.20496404473189161,1.976361977319206,0.19492035711843642,2.0077919622327833,0.19493884539963277
1101,0.8946820742627901,0.20411359697739107,1.9864167341864891,0.19427217212254452,2.0044406671887995,0.1942905989231103
1102,0.8946032754352298,0.204113596977391,1.97981773847486,0.19362678829715577,2.0011042018530265,0.1936451538827832
1103,0.894308438392982,0.204113596977391,1.973247238809386,0.19298419139391088,1.9977817976258336,0.19300249602894073
1104,0.8946443113722032,0.204113596977391,1.9865976258695204,0.19234436724666576,1.9911583067283916,0.19236261119409517
1105,0.8946471371187753,0.20249094956558553,1.9833299071686994,0.1917073017709653,1.9914743024338775,0.19172548529245548
1106,0.8945788023869611,0.20249094956558555,1.9767674684064722,0.19107298096352096,1.98488491550988,0.19109110431940488
1107,0.8944323292749855,0.20249094956558555,1.9735387721112005,0.19044139090169193,1.9882403695136024,0.19045945435098202
1108,0.893748377608741,0.20249094956558492,1.9736261520441412,0.18981251774296995,1.9849770146315147,0.19643489631446373
1109,0.8937913224739006,0.2024909495655849,1.9770120432330194,0.1891863477244677,1.9817276931237358,0.19578687981838483
1110,0.8933917057794499,0.20249094956517752,1.973792212493761,0.18856286716241083,1.981787996063003,0.1951416466113338
1111,0.8930053073551428,0.20249094956510044,1.967293904942272,0.1879420624516334,1.978555669463577,0.1944991826134734
1112,0.8929252601878035,0.20249094956510041,1.960823465416411,0.18732392006507698,1.9786262000414525,0.193859473825799
1113,0.8927875766343243,0.2024364379949413,1.9543807531333344,0.18670842655329312,1.975410729183617,0.19650822398687753
1114,0.8929066022828486,0.2024364379949413,1.9545304952812308,0.18609556854394937,1.9853387425814066,0.1958631987933419
1115,0.8931215668868421,0.2024301633706169,1.9579587495234396,0.1854853327413387,1.9821076663006325,0.19522093343875704
1116,0.8936251800093236,0.2024301633706169,1.9679240972421268,0.19142945647636622,1.9821662794162733,0.19458141400969634
1117,0.8937655348609634,0.2024301633706169,1.9680290688747664,0.19080298423852163,1.985497243106161,0.19721722770971203
1118,0.8936170040852428,0.2024301633706169,1.9681335924013261,0.19017918630430966,1.985544657686727,0.19657245949643012
1119,0.8938883777556835,0.2015668188461927,1.9649716077001267,0.1895580492192001,1.9855918697368036,0.19593044158228753
1120,0.8938883777556835,0.2007077232957509,1.968348696212813,0.18893955960551623,1.9791132846621744,0.19529116013988881
1121,0.8940827041857292,0.1998539974828563,1.9651923280224752,0.1883237041619476,1.9857005360250917,0.194654601420772
1122,0.8939990030665833,0.1998539974828563,1.9653056715093047,0.1877104696630663,1.9890034073297609,0.1940207517549086
1123,0.8939628518843166,0.1990036843395036,1.9654185330001923,0.18709984295884638,1.9825331311086674,0.19338959755020696
1124,0.8943302847267052,0.1990036843395032,1.9622811420897346,0.18649181097418688,1.9793401216424207,0.19276112529201903
1125,0.8942377156624138,0.1989897750872322,1.968896646639767,0.1858863607084379,1.976213766576604,0.19538184621623436
1126,0.8943445827649481,0.20240603886458083,1.9657542437449187,0.18528347923493005,1.9827774715295723,0.1947481682266573
1127,0.8943267057114651,0.20240603886450081,1.9691052394133515,0.18468315370050717,1.9795932386983823,0.19411717673917395
1128,0.8944049203742088,0.20154260513938435,1.9692052395649746,0.1840853713250623,1.9796592916959668,0.19348885832084128
1129,0.8945109616807457,0.20154260513932407,1.9660712518969963,0.18349011940107673,1.9829586292018937,0.1993303286399958
1130,0.8946645680759225,0.20154089701858138,1.9726415181653019,0.18289738529316232,1.9797855239911664,0.19868642538835282
1131,0.8945694557160043,0.20408254351302546,1.9727298068272587,0.1823071564376076,1.9830778620510678,0.1980452436611151
1132,0.8945319840453635,0.20266139394011382,1.9760416009682318,0.18171942034192395,1.9790659827385733,0.19740676988667533
1133,0.8943998868591898,0.20266139394011384,1.976118762731944,0.1811341645844009,1.9726920918317212,0.19677099057132852
1134,0.8942079545972542,0.2026549711855994,1.9697607250249365,0.1805513768136584,1.9728036987212563,0.199355329339637
1135,0.8944577270719262,0.2026549711855994,1.9666436995306933,0.17997104474820547,1.982533777289783,0.19871455721108036
1136,0.8945823384364904,0.20179222602890548,1.9763838326944385,0.17939315617600093,1.9793788528823868,0.1980764830591876
1137,0.8945169363022173,0.20093502912276726,1.9732517894218358,0.17881769895401736,1.9826528006043964,0.1974410934762668
1138,0.8946872841883452,0.20093502912276726,1.9765420995494434,0.1814492540070543,1.97950379831889,0.1968083751303492
1139,0.8946969080346817,0.20093502170130464,1.9798185874455643,0.18086836417831534,1.9795694146568803,0.1961783147647143
1140,0.8946032865604654,0.2009350200747881,1.9830813216599479,0.18028991274522507,1.976436571390303,0.19555089919741808
1141,0.8944357769614913,0.20093502007478573,1.979940383102906,0.17971388762308055,1.9860968372740864,0.19492611532082457
1142,0.8943735779182801,0.20020900904033123,1.9831962096225741,0.17914027679525885,1.9834471870250188,0.19430395010114074
1143,0.8946459166831191,0.19935388838352128,1.9800611803320458,0.17856906831279115,1.980311357465429,0.19368439057795434
1144,0.8949634083236577,0.1993538883835213,1.9769392708982507,0.1780002502939397,1.9835594971291017,0.19306742386377504
1145,0.8950566278643012,0.19682087515332206,1.9706481772980609,0.17743381092377755,1.9836118147414519,0.19245303714357867
1146,0.8948501091068014,0.19598897408046936,1.9675624299310566,0.17686973845377132,1.9773057966829466,0.19184121767435466
1147,0.8948311318227851,0.1959889740804694,1.964489566735678,0.1763080212013667,1.9773778707734369,0.1912319527846564
1148,0.894737834522417,0.19938753722795913,1.967774937693702,0.1757486475495768,1.990140620842694,0.19062537949539196
1149,0.8948682295427397,0.1985464173816035,1.961538004886958,0.18153067723696567,1.9870023663651846,0.19002118556020225
1150,0.8951372259623089,0.19605976529591312,1.9616597897057226,0.1809558843651306,1.9807107862648792,0.18941950861710863
1151,0.8955045316575171,0.19605976529591312,1.9617810675704477,0.18038348418535083,1.9807718019618736,0.18882033627647643
1152,0.8959444491679889,0.19524114037107268,1.9587417996879484,0.17981346492784686,1.9871526464353848,0.1882236562180329
1153,0.895903949563056,0.19524114037107268,1.9557151641667831,0.17924581488868976,1.9935069951223432,0.18762945619043578
1154,0.8956702107701485,0.1952411403710726,1.9527010989520626,0.17868052242939172,2.0092961098915967,0.1870377240108448
1155,0.8956564523272638,0.19524114037107257,1.9623018438117892,0.18126815134553373,2.0061162464281708,0.18644844756449602
1156,0.8957841542826658,0.1952411403695309,1.965567922351045,0.18384504955466055,2.009244422437176,0.18586161480427907
1157,0.8953197978021419,0.19442056324860946,1.9719647474923925,0.183266989147521,2.0155039164103288,0.1852772137503174
1158,0.8951518346373024,0.19431715541897882,1.9814762235030028,0.18269132227925391,2.0123140786665177,0.18469523248955122
1159,0.8951504621324,0.19431715541897882,1.9815343510810224,0.18525603547032468,2.012275437109352,0.1841156591753233
1160,0.8953189556761175,0.1935095705515967,1.9815922383385938,0.1846752833998742,2.0091020935018906,0.18353848202696774
1161,0.8954259968802931,0.1935095705514325,1.9847816149645923,0.18409693054903348,2.00281013627011,0.1829636893294012
1162,0.8955712372415727,0.1935095705514325,1.9848292271789152,0.18352096519573882,2.002801344482552,0.1823912694327173
1163,0.8956871786072381,0.19350957055143247,1.9848766429942117,0.1829473756831016,1.9965416599942936,0.18182121075178342
1164,0.8956871785979318,0.20105843409283303,1.9786791685545848,0.18237615041900535,1.990307763337711,0.18125696557565474
1165,0.8958686038564571,0.20027596341048925,1.9756264464392703,0.1818072778757057,1.9965765388348027,0.18069158402351154
1166,0.8961762478155045,0.20027596341048928,1.9725862881349328,0.18124074658943304,1.999703315665589,0.1801285293608403
1167,0.896261535040623,0.19949627479005871,1.97267162686649,0.18378953956138006,1.99970424453091,0.1795677902574108
1168,0.8962975811664696,0.2018228481033902,1.9696467269453177,0.18321798060375416,1.9997051580025633,0.17900936574089307
1169,0.8963336783635412,0.20411847791644744,1.966634248004442,0.18264876871429858,1.9997060673981608,0.1784532344450296
1170,0.8959807174351522,0.20333479107952296,1.966737804268341,0.18208188731758093,1.9935023652794908,0.17789937459969324
1171,0.896102889529454,0.20333479107952293,1.9668409359445718,0.18461789746739216,1.9966230789451194,0.18044835291164663
1172,0.8961096453543155,0.20333478615527642,1.9731385816476443,0.1871435176636468,1.996633538850961,0.17988941986286008
1173,0.8962359170108951,0.20100291660457545,1.9763160732350364,0.1865644259358017,1.990455211221335,0.1793327750147245
1174,0.896188360029792,0.2002358669188215,1.9794805664043522,0.18598770314464005,1.9843022008248994,0.1818696868093195
1175,0.8962441204817163,0.20023586648209754,1.9764557445129398,0.18850152761432387,1.9781743007988313,0.18130803869815315
1176,0.8957995992483717,0.20023586648209754,1.9703581746683954,0.18791998095757598,1.9751565321815563,0.1807486846967248
1177,0.8959505388360685,0.19946987961688498,1.9704495313547374,0.18734080789499677,1.9721510806464946,0.18327363329925464
1178,0.8960471523605072,0.19946987961681337,1.9674615763379244,0.18984293606504152,1.9691578866641726,0.18270934494177396
1179,0.8960877125677582,0.19946638218133786,1.9706375217396834,0.19233486715733086,1.9692527560070983,0.18214735626355294
1180,0.8959577631114207,0.1994663821813377,1.973800533778515,0.19174386300363963,1.9693472357505972,0.18158765616483097
1181,0.8957527943344635,0.1994663821813377,1.9708112425681832,0.19115526377368464,1.9663716149122292,0.18103023360687445
1182,0.8957700477697054,0.19210435702094433,1.9709007542114039,0.1905690578753816,1.9696606683666797,0.18047508089153264
1183,0.8960642165114351,0.19489163725388484,1.9648627364862294,0.18998523378030088,1.9697536154223751,0.1829857643612928
1184,0.8962737545329703,0.19489163725388484,1.971091316383623,0.19246430080930169,1.9790277474691464,0.1824257326259188
1185,0.8961863866031834,0.19767116108312172,1.9742371653743107,0.1918758485626783,1.9821493311250016,0.1818679729179925
1186,0.8964234045987786,0.19767116108312172,1.9712614496659844,0.19434418770757841,1.979149455720268,0.18131247431550837
1187,0.8959416586462733,0.19698828230982043,1.9744004941094977,0.19375117499083466,1.9731103722423706,0.1807592259562873
1188,0.8959514387449046,0.19586031063357134,1.9775268323184878,0.1931605626729352,1.973192510092029,0.18020821703761206
1189,0.8959583569782145,0.1951871179991311,1.9775952688756346,0.19257233923807204,1.9702288893967588,0.18270469319078583
1190,0.8960076428321482,0.19727239556997866,1.9715790035505376,0.19198649323339914,1.9672772468050954,0.1821488666636516
1191,0.896056653602917,0.19727239556997866,1.9747045517943247,0.19140301326864914,1.9643375830778451,0.18159528493761343
1192,0.8961164623730097,0.19659716560053048,1.9838897550594188,0.19082188801575298,1.961409724669915,0.18408007156082343
1193,0.8959350046368069,0.19659681473737772,1.9809055193591547,0.19024310620846197,1.961530511429599,0.1865548380338802
1194,0.8959880973739436,0.19659681082358976,1.9839934450311303,0.18966665664197224,1.9555899700974737,0.1859895641711135
1195,0.8961478882595415,0.1993540602441115,1.984041897499427,0.1890925281790745,1.9496703219303992,0.18542656640600141
1196,0.8960014719531832,0.19799229641516955,1.9810661410097512,0.18852070972367338,1.955870547629925,0.18486583387038164
1197,0.8958553093348735,0.19731700547836195,1.981123340037065,0.18795119025961435,1.949961879305433,0.18430735575525567
1198,0.8954648599117476,0.19731700547836195,1.9841982813001393,0.18738395882416833,1.9440769488916685,0.1867690933416929
1199,0.8954702130824529,0.19664359808821216,1.984245922779913,0.18681900451421102,1.9532904211091144,0.18620599282384537
1200,0.8952529626251747,0.19664359808821216,1.981281431029518,0.1892682586049843,1.9504191658369328,0.18564515115122626
1201,0.8951884750846869,0.1959721683367895,1.9813377539247436,0.18869876334518143,1.9505687486042773,0.18508655757423
1202,0.8952320464463472,0.19597216833343192,1.9813938512228695,0.18813154915560001,1.947711414213173,0.18453020140158866
1203,0.8953029859113502,0.198740987919997,1.9904584834949282,0.18756660519543633,1.9478684326444806,0.1839760724864959
1204,0.895130829017484,0.19807421503134287,1.9874871888519028,0.19000383909673002,1.9540246599221873,0.1834241592788922
1205,0.8952369720103276,0.19807421503074604,1.993518528736093,0.19243133278732166,1.948168631542597,0.1828744517483589
1206,0.8950221995109472,0.19807421503074604,1.9905440091990818,0.1918552078914557,1.9453298861771808,0.18232693943347764
1207,0.8951176451712503,0.19807421503074607,1.990572291425931,0.19128138198298972,1.9544661972160717,0.1817816119294287
1208,0.8947902175509816,0.19807421503072337,1.9965763462946384,0.1936977868803647,1.9486263642788382,0.18123845888765003
1209,0.8950271584111918,0.19807421503072334,1.9936016094926168,0.1931196074591437,1.948779712334352,0.18069747001549852
1210,0.8951136524358266,0.19740395770755506,1.9906387165247381,0.19254373004365483,1.9489324562120454,0.18015863507591365
1211,0.8952304763183072,0.1974039577075551,1.9906666037162413,0.1919701437521321,1.949084586032382,0.17962194388708314
1212,0.8953081200868614,0.1974039577075551,1.993670394850479,0.19139883776150093,1.9492361110583398,0.1790873863221109
1213,0.8954271724887252,0.19740354104733482,1.9877431324587842,0.19082980130702576,1.9464139938667988,0.17855495230868734
1214,0.8953825199439236,0.19673253347886485,1.9848094674706325,0.19026302368195966,1.9554833888454755,0.18396476928301786
1215,0.8953978854156391,0.19606476181206156,1.9848545393018717,0.18969849423719662,1.9615496743746788,0.1834189273897822
1216,0.8954850047214692,0.19474013909556673,1.9819352979589837,0.18913620238092577,1.9557353773053943,0.18287524901441116
1217,0.8949743644576907,0.19745648380539368,1.9819887906465585,0.1885761375782894,1.952912816632285,0.18529489584399175
1218,0.8951917125329916,0.19745648380539368,1.9820420716254645,0.18801828935103665,1.9471356867904006,0.18474675422600662
1219,0.8953655731255272,0.19679006044206293,1.9761846309960152,0.190417902724745,1.9443366591469398,0.18420078037416257
1220,0.8951017289619321,0.19679006044206293,1.9703503378111988,0.1898557316326775,1.9415486924518157,0.1836569641027886
1221,0.895300601521127,0.19679006044206293,1.9792858375970666,0.18929578047049464,1.9387717350217912,0.183115295280847
1222,0.8950909539733134,0.19546289892792762,1.97640046690005,0.18873803882135706,1.9389527624568539,0.18257576383160704
1223,0.89524725297611,0.1981719537236834,1.9764699311293439,0.18818249633029227,1.9332455363661658,0.1820383597323206
1224,0.8954726347188214,0.20086804638792666,1.9794796377240196,0.18762914267959657,1.92756079702585,0.18150307320092568
1225,0.8956528783278295,0.20019360044995135,1.9736647638618687,0.1870779676249242,1.9336487468095043,0.1809698939470741
1226,0.8957215904433937,0.19885563088101804,1.9854806119009316,0.18946360186519753,1.939712745843366,0.18043881229561803
1227,0.8957717515698972,0.19885218213585867,1.9913865939440545,0.18890814996086164,1.9398920831213837,0.18284152615700702
1228,0.8959962563639575,0.1988521821358293,1.991411820693721,0.18835488002582426,1.9517832357475626,0.18230602401313456
1229,0.8957507592666109,0.19818606597208419,1.9972886487486285,0.1878037818691096,1.963627742679221,0.18177262390277987
1230,0.8956855885438064,0.20019849533742493,1.9943736480502823,0.1872548453541022,1.9608111303108957,0.18124131601485627
1231,0.895844433030307,0.19953199616618741,1.9914700727102284,0.19254806902223937,1.9580055576680135,0.1865520992145944
1232,0.8960909871884223,0.19886873854573542,1.9914949552397208,0.19198638979059054,1.9610451448354018,0.18892499650834343
1233,0.8959158005448292,0.20417038135497478,1.994433910514262,0.1914269087987071,1.9640728360382849,0.1883744369374562
1234,0.8959329544634017,0.20273548413872428,1.994450114833596,0.19086961578895323,1.9641774341666758,0.1878260353922228
1235,0.8963157002579674,0.20273548413872428,1.9944662558289314,0.19031450059544097,1.9671899662645749,0.18727977198852486
1236,0.8960654201159273,0.20273548413872425,1.994482333794634,0.18976155309395004,1.9701907653412767,0.1867356417111322
1237,0.8960889439410044,0.20528387102496617,1.9944983490235102,0.18921076321402902,1.9731798379872376,0.18619363915182333
1238,0.895729574588105,0.20462854562965527,1.9916146661515504,0.1886621209386482,1.9732576067356982,0.18565374543694974
1239,0.8957435423713458,0.20462854562965527,1.9887422187933252,0.1881156163039492,1.9762318101026688,0.18511595527628724
1240,0.8954989373426452,0.20397489780831168,1.9887747970354275,0.18757123939888679,1.9791949960266968,0.18458025891683055
1241,0.8955063082567268,0.20397489779121566,2.00037104766811,0.1870289803649276,1.982146092334749,0.18404664665724885
1242,0.895340357266824,0.2033229785328212,2.0003699760600777,0.18648882939574002,1.987973776489475,0.1835151088475807
1243,0.895423896126379,0.20332297853282122,1.9974837349527639,0.18595077673688604,1.988008529345534,0.1829856358889308
1244,0.8956968122245934,0.20332297853282122,1.9946086976275983,0.18541481268551496,1.9851608023274763,0.18245821823316852
1245,0.895897353479376,0.2026715485656717,1.9917448123113017,0.1848809275900593,1.982324121366706,0.1819328463826287
1246,0.8957821505007647,0.2026715485656717,1.988892027504068,0.18722564296138378,1.9766219043586162,0.18428604200126542
1247,0.8959006522884746,0.20202185001755923,1.9860502919779541,0.18668762086574028,1.9795627409819836,0.18375646730761186
1248,0.8960993470023806,0.20202185001755923,1.988961122372194,0.1861516810683864,1.9853629795309715,0.18322894221840344
1249,0.8959268374581278,0.2020218384155242,1.9889927809288497,0.18848572842201042,1.9796691795504036,0.18557137173700766
1250,0.8961521837804883,0.2020218384155242,1.9890243171394895,0.19081075573728648,1.979727428326233,0.18503970085538188
1251,0.8960660327872741,0.20201104337986392,1.9947801002725927,0.19026462017789217,1.976970624128876,0.18737226747164903
1252,0.8959035668413128,0.20201104337970519,1.9919357020561246,0.18972059205937367,1.985929703189855,0.18683650952547998
1253,0.8952389711685143,0.2020110433797052,1.9919587374466323,0.19203512739924214,1.9859698947413078,0.18915928314819555
1254,0.895238781184289,0.20135736257738593,1.9948351830769275,0.19148724558021868,1.9831562833022163,0.1914731066669718
1255,0.8953909674290121,0.20393877551324646,1.9948499067218335,0.1909413616913861,1.9803564309729809,0.190927263084584
1256,0.8951172297172136,0.20584411454686505,1.9891687554260469,0.19609339633411652,1.977564465067204,0.19038351973204393
1257,0.8951849205710959,0.2051826531874152,1.983509445669582,0.19838056099674384,1.9776282955699693,0.18984186668840414
1258,0.8950562203301643,0.2051826527276081,1.9920829725039668,0.19781671999260605,1.9776918848107607,0.1893022945236559
1259,0.8945642696252601,0.20773792568819147,1.9921054519394341,0.19725504350551867,1.9749231582561773,0.19160417193513576
1260,0.8946831020649555,0.20707098293653722,1.9892913048778842,0.19669552163214138,1.9749942897275026,0.193897219251498
1261,0.8945737992984092,0.2070709829365237,1.9978227655899123,0.1961381445209797,1.97223144660418,0.196181476846713
1262,0.8946919524985867,0.20640599092484974,1.994998056209932,0.19841377522583498,1.9779722814781184,0.19845698488326366
1263,0.8947762396504348,0.2089514703610748,1.9950122019240342,0.1978526524591561,1.9780345768220104,0.2007237833136776
1264,0.8950864674549387,0.20828217512342362,1.995026293534784,0.20011889259425797,1.986572284201949,0.20015669511571807
1265,0.8948674259246815,0.20828217512342315,1.989395545366093,0.19955407844035572,1.9837877895311138,0.19959177426824531
1266,0.8948169028530217,0.20828217512341834,1.989425445389233,0.19899142135245618,1.9810139293203621,0.1990290108942457
1267,0.8950841749568531,0.20828210834777344,1.992271985122798,0.19843091150690947,1.9838844426369266,0.20128514898472086
1268,0.8950752473862447,0.20761231876305225,1.9922937312811622,0.20350041607246072,1.981115852353187,0.20071874496043265
1269,0.8948821697761777,0.2069455606042208,1.9866931426957917,0.20292835077431784,1.9839802550971992,0.20296562522873351
1270,0.8946648340183018,0.20694556060422079,1.9867305125589667,0.2023584637957902,1.9784086111710468,0.20520394978953493
1271,0.8946150311078679,0.2069455606042208,1.981156721618946,0.21020727315838264,1.9840802046238326,0.20462824819892506
1272,0.8946985209317688,0.20496002396740817,1.97560412337674,0.20961812414119416,1.9841248231170958,0.20405473554399156
1273,0.8943576162883129,0.2043054422468826,1.9728725255927675,0.20903121353917384,1.9841692721387738,0.20348340189536798
1274,0.8941674730836229,0.20684311708778777,1.972948403997634,0.20844653120520815,1.9870106577450348,0.2029142373777785
1275,0.8936351451201364,0.20619318605190579,1.9702296848520486,0.20786406704483748,1.9842526443076525,0.20234723215961467
1276,0.8936786915173429,0.2055373816303266,1.9675212724167879,0.2072838110159633,1.9870881200877841,0.20178237646783562
1277,0.8936953727369453,0.20228511623665263,1.9704005573743624,0.20670576911180386,1.9815611612210484,0.20121966590708124
1278,0.8936414543743525,0.20228511623334589,1.967697080310279,0.2089158386979949,1.978826591421424,0.2006590801288803
1279,0.8937783859698057,0.20103906828704304,1.9622206747988666,0.20833439358537287,1.981668694906921,0.20566692438961287
1280,0.8939048529715381,0.20103906828704302,1.9595453424102534,0.20775514626153255,1.990060781786336,0.20509509362511485
1281,0.8936739783495429,0.2028758673285143,1.9652128670035136,0.20717811687368667,1.9845332008756615,0.20452542271932073
1282,0.8933569990006218,0.20225345052505364,1.9708590305910318,0.20660323534399064,1.984576118442922,0.20395790193262348
1283,0.8931209533580232,0.20469773267516397,1.9681677662669517,0.20880256639029024,1.981846856612003,0.20339255003716958
1284,0.8933424623485936,0.20469773267516397,1.965486644709594,0.20822433492929132,1.9929742225385105,0.20559857411818414
1285,0.8934427005594879,0.20282687516089382,1.960049114435796,0.20764828109144562,1.987461305170346,0.20502978446294715
1286,0.8935399661777952,0.2028268751608938,1.9684507504645878,0.20707439508295153,1.9957871832986116,0.2072268760134683
1287,0.8938153308294154,0.20282682145332154,1.9740598139675833,0.20650266716046564,1.9930378364403616,0.2094157054484059
1288,0.8940303122846678,0.20159188971916045,1.9686149251639284,0.20869130638645966,1.9958152700102485,0.2115963098775582
1289,0.8937115148219196,0.20159188971912814,1.9659459436268145,0.21087172735514856,1.993071338959079,0.21101326430422152
1290,0.8934530710965074,0.20097789746917916,1.9660396844944668,0.21029125909994312,1.9958431194161022,0.210432406439148
1291,0.8936617655219335,0.20097789746917913,1.9606331608868741,0.20971296728530633,2.0013544636548035,0.2098537264754685
1292,0.8938013807668033,0.20036071685116444,1.9579941018619693,0.20913684216128614,2.006845158495494,0.2092772146566867
1293,0.8938301415294596,0.19914499339393188,1.952620461292214,0.20856287402798088,2.0013374485432074,0.20870286127639043
1294,0.8941417591748916,0.19914499339393188,1.9582338006571243,0.20799105323525233,2.0068172196189433,0.2081306566779643
1295,0.89396579924516,0.19914499339393188,1.9556092187418224,0.20742137018244047,2.004059568767617,0.20756059125430432
1296,0.8938141334530899,0.19853949954573824,1.9557306826190193,0.20685381531808014,2.009520943303228,0.2069926554475344
1297,0.8936891369747179,0.1985394995457382,1.950384680750124,0.20628837913961937,2.017695436227062,0.20642683974872444
1298,0.8934019356937685,0.1985394995457382,1.9477893949544764,0.20572505219313952,2.0203778880100267,0.20859390871808275
1299,0.893549035245372,0.19853949954573824,1.945203783202844,0.20516382507307737,2.0148662070002157,0.2080248552294369
1300,0.8936567791581267,0.19853949951278818,1.9426278023846557,0.2046046884219485,2.014825692007454,0.20745792136152366
1301,0.8929930013349419,0.19853949951278818,1.9427840035841937,0.204047632930073,2.0175079216793126,0.20689309767483868
1302,0.8927745080198799,0.1973270434107129,1.9456594965547054,0.20621252207678575,2.0147404296188935,0.2063303747780718
1303,0.8927855309986509,0.19732703894575576,1.9430899938551804,0.20565221085051183,2.014700377599769,0.20848689755605745
1304,0.893057749643517,0.19732703894575573,1.9432444725630322,0.2050939805857285,2.014660474329846,0.20792097270873755
1305,0.893100887776243,0.19732703894572093,1.9488218286664738,0.20453782203934825,2.009197268449814,0.20735714813615178
1306,0.8929804804544573,0.19732703894572093,1.9462514561187754,0.20398372601536144,2.009172352934322,0.20679541451553377
1307,0.8930885548071887,0.19672118881733847,1.9463969161964985,0.2034316833645684,2.009147529728438,0.2062357625715723
1308,0.8930341124014666,0.19797013490568602,1.9465418310017935,0.202881691603159,2.003715597024904,0.2083817942701348
1309,0.8930495604106182,0.19736764799010703,1.9466862161765328,0.20233372841918743,2.0118082619103586,0.20781897585824322
1310,0.8928841565624145,0.19736764799010703,1.946830067458106,0.20178779143908152,2.0117764008533405,0.20995643914425138
1311,0.8932824553274633,0.19676678319725066,1.9442778834967023,0.20124387169823454,2.0063536500972594,0.20939050078319366
1312,0.8935013483459877,0.19676678319725066,1.9444279325444764,0.20339476983305937,2.006336540927565,0.20882665204184858
1313,0.8933385259826391,0.1961675439014777,1.9472675460604691,0.2028476138829285,2.006319494885324,0.20826488368711463
1314,0.8932122164963557,0.19616317150660964,1.9527841194401079,0.20498990457664715,2.0089899681003343,0.20770518653269154
1315,0.8931742319933453,0.19616316516764915,1.955595625188295,0.20443955931762622,2.0089658661362364,0.20714755143881508
1316,0.8930067824913493,0.19616316516764917,1.9583967802093862,0.20389124018769583,2.011623879344443,0.2092740291430779
1317,0.8928457380155986,0.19801492601398352,1.9638670092311508,0.2033449382576506,2.0089133557824024,0.20871330468091331
1318,0.8926522983411946,0.19742000364409118,1.96931712859021,0.20280064464343717,2.008889500449987,0.20815464155454003
1319,0.8926501432066161,0.19560404895833988,1.97742125250358,0.20225835050589938,2.0035176782796453,0.2075980306916171
1320,0.8928972341264084,0.19560404895833985,1.9801529213285434,0.2017180470505243,2.0035082813191507,0.2123861691047711
1321,0.8929984980208671,0.1950130725965962,1.9855432528937713,0.20117972552719007,2.00616760183031,0.21181937774544882
1322,0.8929500314576904,0.19501307195354164,1.9855817948078447,0.20064337722991557,2.00081913053568,0.21125466396882045
1323,0.8931415970970915,0.1950130719535415,1.9909468974879763,0.20010899349661118,2.0008169489303027,0.21069201865469048
1324,0.893320900612129,0.1950130719535415,1.9883102960278543,0.1995765657088315,1.9981540863333793,0.21013143272881576
1325,0.8928474639516331,0.1950130719534002,1.9856833380160317,0.19904608529152937,1.9955009632373435,0.2095728971626466
1326,0.8925928082679191,0.19266522683784576,1.9883767269820078,0.1985175437128114,2.000823655637334,0.2090164029730693
1327,0.8924935105535291,0.19266522683784576,1.9831021225689254,0.20064365132791978,1.9981687518662794,0.20846194122215064
1328,0.8920559659264742,0.19266522683784576,1.9937471728890923,0.20011193211822614,2.0008236722486514,0.2079095030168835
1329,0.8918517866929868,0.19208420585731328,1.991116308032128,0.19958215204535457,2.0034689103834875,0.21000649821737297
1330,0.8919797762158282,0.19451728937743493,1.9964293486027942,0.19905430263613114,2.0008150061633554,0.21209587283130596
1331,0.8919722856857686,0.19451728937743362,1.9911545244003173,0.19852837545824875,1.995545680651067,0.21153548814048834
1332,0.892081580138168,0.19393132579226177,1.9858988952225602,0.20064385047712222,1.9955574377751337,0.21361663103692055
1333,0.8923367275052313,0.19393132579226177,1.9885729279080413,0.20011478270292396,2.0061165528851315,0.21305335598390654
1334,0.8927019909941881,0.19393132575149272,1.9859688146162369,0.19958763741013716,2.003466226102584,0.21249212771179996
1335,0.8931125927870263,0.19334602190250288,1.9860057388276877,0.19906240622509283,2.0034571044452156,0.21193293730552587
1336,0.8927549275389451,0.19334602190250286,1.9886714805495804,0.20116803230416924,2.008705918861656,0.21137577589460677
1337,0.8927447151179723,0.19334602190250286,1.9887012329104063,0.20063969990292888,2.011309378172987,0.21082063465291292
1338,0.8929021411282759,0.19334602190249728,1.9913545763120895,0.20273698059470097,2.013903410547464,0.21026750479841427
1339,0.8929700168292373,0.19334602190249728,1.9939983130806906,0.2022055914688834,2.0164880450976277,0.20971637759293396
1340,0.8930164642949677,0.19159707408834853,1.9913955715521272,0.20167612488599487,2.0190633285538686,0.20916724434190329
1341,0.89304229668599,0.1915970740883485,1.9861864002804432,0.2011485725046657,2.02162930180809,0.20862009639411813
1342,0.8931093873888746,0.19159707408834756,1.9836092733187958,0.20323615103095993,2.0189595545699026,0.20807492514149703
1343,0.893123908345484,0.19159707408834756,1.9888732893384293,0.20531619316234836,2.0215206716211487,0.20753172201884051
1344,0.8931700264249447,0.19159618353772692,1.994118315399503,0.2047807277547298,2.0214654977060666,0.2095984822824035
1345,0.8928054683362909,0.19159618353129265,1.9889228453661787,0.20424719264488408,2.021409571647412,0.20905239500898595
1346,0.8928003326920196,0.19159617724977684,1.9863488839227543,0.20371557948491006,2.018751082009497,0.20850827490201299
1347,0.8927681143766946,0.19159613047218635,1.9811839964551021,0.20578607146015818,2.021302708871096,0.20796611345965024
1348,0.8927681143620636,0.19309255912183246,1.986428057966533,0.2052515230837721,2.0212473731121694,0.2074264643514302
1349,0.8926492558350267,0.19309255912183249,1.983868280800272,0.20471889613963062,2.0211922362574377,0.20688819344273404
1350,0.8926130709044093,0.19309255768767603,1.9942797111370083,0.20678058494614585,2.0211373039909826,0.20635185595080752
1351,0.8925721271976939,0.19309255768767605,1.9891149026076431,0.21401449670821948,2.0262621853572793,0.2058174435412978
1352,0.8925936825531104,0.19252336738931758,1.9891430647817845,0.21346079348372715,2.021019793262558,0.2052849479211485
1353,0.8923695608991555,0.19196896227858362,1.9865864889660347,0.21290907480757024,2.026120080498399,0.20475436083837054
1354,0.8924946551693159,0.1919689622785836,1.9866211233719324,0.21235933214157543,2.026052637047839,0.20422567408181455
1355,0.8921480128164356,0.19196896227854515,1.9840761608777042,0.21181155698980025,2.023405962032057,0.2036988794809445
1356,0.8923515249660594,0.19196896227854515,1.9789634054135505,0.2112657408982993,2.0181918578336537,0.20317396890561282
1357,0.892248742685753,0.19196896227854515,1.9790175603219322,0.21072187545489174,2.0181450323225993,0.20265093426583694
1358,0.8922712107436158,0.19083642710871535,1.9816432679515124,0.2127516984106444,2.0206701199734036,0.20212976751157702
1359,0.8921998656816428,0.190836427108715,1.9791212539596703,0.2122051019252435,2.0257569362573378,0.2016104606325152
1360,0.8921557720467035,0.190836427108715,1.9740416259724043,0.21166045466190705,2.0205576127655496,0.2010930056578361
1361,0.892327262660461,0.19083642710867763,1.9715441419005624,0.21111774827230162,2.0153768218410604,0.20314143710065105
1362,0.8920565503919194,0.19083642661097155,1.971617031002969,0.21057697444921428,2.023021877976782,0.20262109443658147
1363,0.8922854676848028,0.19027075248892117,1.9665718217665193,0.21003812492632576,2.020404047371789,0.202102603370073
1364,0.8922301969331956,0.19027075248892117,1.966657276285869,0.20950119147798513,2.022908249087847,0.20414231783022063
1365,0.892230196933174,0.19682864982506526,1.9641886203991692,0.20896616591901843,2.020295939086558,0.20362097779903493
1366,0.892318982573621,0.19682838141043404,1.9617287301032447,0.20843304010437447,2.0202454295079164,0.20310148891819008
1367,0.8918243851108152,0.19682838141043404,1.9643749765020764,0.20790180592910096,2.0252912383968176,0.20513254754065818
1368,0.8920571023201999,0.19902853721738048,1.9670118402188748,0.2099186121482413,2.020134529297185,0.20461024790568266
1369,0.8916656824384781,0.1984839814948974,1.9696393612319254,0.20938466066077527,2.0149960911114415,0.20408979883686504
1370,0.8916394863372071,0.19848397783798252,1.9646343705369436,0.2113936692613283,2.0200401412760596,0.20357119245428323
1371,0.8917943484351941,0.19794072451471734,1.9647241472410915,0.21085704013321335,2.0225277987492736,0.20305442091662185
1372,0.8916126939841129,0.19794072451471734,1.964813606540357,0.21032230825346437,2.0250070340853004,0.20507546895605014
1373,0.8913048749187323,0.19739877699304673,1.962369291973549,0.20978946555897537,2.019876764200385,0.20455591890755767
1374,0.8914379386020485,0.19739877699304673,1.9675263837337902,0.2092585040260745,2.024888308825905,0.20656912871057825
1375,0.891561616954089,0.20178311879176625,1.9650800939358533,0.21125781162835547,2.029882173426029,0.20604684026341974
1376,0.8914312035281721,0.20123265224202191,1.965168297037983,0.21072420210774268,2.029806718497977,0.20805226179879632
1377,0.8913969532900711,0.20123265081513994,1.9753495662925247,0.21271581662998787,2.029731512444808,0.2075272743266212
1378,0.891628937076463,0.20123265081513989,1.9703700613783188,0.21217959789062502,2.0271357877726537,0.2070041349795533
1379,0.8917875459964894,0.2006826697294927,1.96792637595459,0.2166818706118942,2.0245491490746597,0.21151944108239534
1380,0.8921053368420445,0.20013485750902985,1.9654912807832798,0.21613674549706596,2.024487388680629,0.21098730353308015
1381,0.8920971548164179,0.20013485750902985,1.9731178235542441,0.21559353528202468,2.0244258452367303,0.21045703526120624
1382,0.8923102359699616,0.19958793629936186,1.9756960772081205,0.21505223187561348,2.0268752768140237,0.2099286283683879
1383,0.8923015457464079,0.20394185824701147,1.9757570375099158,0.21702107670976511,2.031824365882286,0.20940207499466326
1384,0.8924035173534602,0.2033878486069738,1.9708062991551585,0.2164772777770725,2.0342503647044943,0.20887736731828396
1385,0.892368687633468,0.20283601941848786,1.970879377936413,0.2159353836296553,2.0341646278992216,0.20835449755550794
1386,0.8923750279836344,0.20228634575662444,1.9659507289024318,0.2153953862397374,2.0290777191616853,0.20783345796039188
1387,0.892763581800696,0.20228634575662444,1.9735305016103233,0.2198537506686261,2.0290050761919862,0.20731424082458547
1388,0.8925445999395014,0.20228326228919763,1.9711008230467473,0.21930505297067232,2.0264509439232414,0.20679683847712704
1389,0.89264996905481,0.20171089627812444,1.9836391010022694,0.2237447618242855,2.0263849952383652,0.20628124328424027
1390,0.892405471201037,0.20169812484498417,1.9861706049940249,0.22318746889075453,2.026636219714172,0.20812121688657043
1391,0.8925561749067868,0.20115824759645087,1.9911815432498379,0.22263211964972338,2.0265699417798615,0.2076033564510591
1392,0.8925469338534762,0.20115824759639592,1.993689240480967,0.22207870595445406,2.024018121268361,0.20708730090244978
1393,0.8927874346635316,0.2006195774337368,1.9912216199551291,0.22152721968405886,2.0239584781190354,0.20657304266805462
1394,0.8929224438982981,0.2006195774337122,1.988762587513931,0.22097765275690065,2.0214182317550895,0.20606057421178675
1395,0.8930371186486306,0.20008219744697103,1.9887904375345042,0.22290832749405257,2.0238434806735,0.2055498880339619
1396,0.8929613752102912,0.200082197446971,1.9937698973105349,0.2223564391820568,2.0213085944626408,0.20504097667110127
1397,0.8929303336849637,0.2000821548984047,1.9888385494009475,0.22427984616759533,2.0237294493506535,0.20453383269573544
1398,0.8928554437372285,0.19954527990292859,1.9839243152740897,0.22372567163475798,2.023670816120727,0.20402844871620973
1399,0.8930591538104999,0.19954527990292859,1.9814955602440834,0.22564185578674403,2.021143955492782,0.20352481737649042
1400,0.8932025350664733,0.19847700737049495,1.981541191630716,0.22508542982099242,2.0161598759224657,0.20302293135597227
1401,0.8933250235180373,0.19794637337368956,1.9865136748003267,0.2245309307611807,2.0136565610865587,0.2049862882716379
1402,0.8930369807084382,0.19741779789416686,1.9816247799639681,0.22397835056909546,2.013622951726246,0.2044818082778839
1403,0.8928916938549464,0.19741380457218657,1.9767527913316485,0.22342768124516915,2.013607885580783,0.20643765563408428
1404,0.8931236267310032,0.19688653204237752,1.9768098893927872,0.2228789148282717,2.0184867138837626,0.20838674431403423
1405,0.8930289438887173,0.19636130608735647,1.9793204608491015,0.22233204339550333,2.0208950241426007,0.21032910245800213
1406,0.8932592910590287,0.1963613060873565,1.9769199327897982,0.22423827718237993,2.018392587760405,0.20981353995081142
1407,0.8932588978033931,0.19347786929751173,1.9745275922915517,0.2236892597399958,2.015898780450172,0.2093076600586872
1408,0.8929235840211956,0.19347786929751176,1.9770362265501558,0.2255883646829463,2.020752528102947,0.20879562642163907
1409,0.8928056770734204,0.19347786929751173,1.986867849095102,0.225037054808686,2.0207018115082542,0.20828535590874983
1410,0.8929478958377849,0.19298046616715203,1.9868999103594698,0.22448764195476426,2.018209838227403,0.2077768412025064
1411,0.8930990234364199,0.19298042456591846,1.9869318613814115,0.22394011825297705,2.015726636168163,0.20727007502041173
1412,0.8930301585913047,0.19248459315757316,1.9820905929269172,0.22339447587274963,2.015690507279427,0.20676505011479704
1413,0.8929957758012969,0.19199015838315342,1.9821341865640596,0.22285070702093454,2.0156523147179497,0.2062617592726347
1414,0.8928441065077259,0.19199015762059718,1.984609317228946,0.22474049054726605,2.0204776264052753,0.20819188192100765
1415,0.8929707859485603,0.19199015762059138,1.9870759612739692,0.22419453833193637,2.0204278815730494,0.20768613051470056
1416,0.8926782930170952,0.19199015762031316,1.9846804976016428,0.22365045672811024,2.0203783714230825,0.20718211197872902
1417,0.8928004935033402,0.19199015762031316,1.9871420407187048,0.22310823800672608,2.0203289660489174,0.20667981915315548
1418,0.8929559662940856,0.19149473033005598,1.9871731824297547,0.2249898537623696,2.020279729714959,0.20860122419897745
1419,0.893125380967104,0.1914947303243594,1.9896237761835796,0.22444547764520997,2.020230661751816,0.20809650133007812
1420,0.8932994523096376,0.19358160271887828,1.9896488569709685,0.22390296146544997,2.0274331819135623,0.207593502917691
1421,0.8931768339843814,0.19358160271887762,1.9848444036529833,0.22336229755767023,2.027366938344311,0.20709222185475837
1422,0.8930796101000604,0.1930824894571067,1.9824686529408229,0.22282347829289692,2.0248918723309846,0.2065926510680134
1423,0.8930599818272369,0.19308248945400158,1.9776911024978956,0.22469639569313243,2.022421985823773,0.2060947835177995
1424,0.8927498937970216,0.19308248945400125,1.987374774644695,0.22415544116082115,2.0199605142620864,0.20559861219789133
1425,0.8928129364411054,0.1930824869352834,1.9850000547480902,0.22361632835408735,2.0175074367195664,0.2075092147673925
1426,0.8925915127045758,0.19466800942455761,1.9802307333295421,0.22788441120490593,2.0150626913392067,0.20701063652305807
1427,0.8927028000398655,0.19466800942455761,1.98027818509051,0.227337424976784,2.0126262574036544,0.20651375318358708
1428,0.8927316986802084,0.1973307906077982,1.980325475639237,0.22679229706948914,2.0126040059811054,0.2060185579464068
1429,0.8926599466228632,0.19683311621259783,1.9827680891464865,0.22624901986198084,2.010178329784122,0.2055250438883799
1430,0.8926508152618766,0.19885644769698038,1.9780231482017567,0.22570758577096206,2.0077608829118816,0.20503320412246379
1431,0.8930635159200446,0.19835605389527272,1.9756849908732974,0.2251679872484429,2.00535163166047,0.20454303178893787
1432,0.8932067962683794,0.1983560531834894,1.985296293907836,0.22463021678211165,2.002950569082519,0.2040545200651617
1433,0.8932302130522647,0.19835605317237323,1.985331375784758,0.22409426689514553,2.0053294500512435,0.20356766215917513
1434,0.8934875171610197,0.19835605317237323,1.9925169469327046,0.22356013014602233,2.005316747127051,0.20308245131108507
1435,0.8937097032525108,0.19785540730475493,1.9901536115916083,0.2230277991283334,2.0029229335278664,0.2025988807928957
1436,0.8934080981942022,0.1998770107398307,1.9877982544830652,0.22249727223200982,2.0076735048777006,0.20211751268078326
1437,0.8933011357254536,0.1998770107398307,1.983074458479426,0.22196853058379687,2.014784457866699,0.20163720141352376
1438,0.8932336604042476,0.19937344132674992,1.9783665983010423,0.22144157265666434,2.0147515097758157,0.20115851048643507
1439,0.8934414915322639,0.19887126174379138,1.9784179051159845,0.22091639118280781,2.014716524386679,0.20068143329741128
1440,0.8935265874658419,0.20238436793263337,1.9760997609556228,0.22039297947584244,2.012312378721247,0.20020596382263406
1441,0.8935918563773255,0.20238436614036423,1.9761563306583134,0.21987132924042505,2.012283253158959,0.19973209442621126
1442,0.8936512724274925,0.2023843661403642,1.976212710058039,0.2193514338593176,2.007525121344384,0.19925981914725682
1443,0.8936060364107767,0.20187692935465804,1.978631080333388,0.2188332862004122,2.0051451672825618,0.20115131191208843
1444,0.8934254527040781,0.20732691108088788,1.9857609650135049,0.22067669889805502,2.0074928447768734,0.20067663138845362
1445,0.8934797225431657,0.20732691108088722,1.9834370722142662,0.22015646223852983,2.0027602591581752,0.20256100486894957
1446,0.8934211782076545,0.20732691108088722,1.9811209751566174,0.21963797076732167,2.0074639674299584,0.204439057021406
1447,0.893500155534819,0.20732691108088722,1.9811653927928108,0.21912121740952245,2.007446407164574,0.20395806291637014
1448,0.8936910502873425,0.20732691108088724,1.9788592626531676,0.21860619512335616,2.0074289051367975,0.20347868009307687
1449,0.893595684050168,0.20732691108088724,1.9789089021563588,0.21809289690000463,2.007411467050991,0.20300090202771714
1450,0.8936237343253567,0.20629295884446427,1.976612672724395,0.21758131576343417,2.0120854877133927,0.20252472222699772
1451,0.8937161968946167,0.20629295883433912,1.971980760912027,0.2170714447702233,2.0144005255044566,0.2020501342279808
1452,0.8938561861150135,0.20577846175275635,1.9720463544036198,0.21656327700939149,2.01904884596865,0.20157713159792465
1453,0.8937745374154602,0.20526583914103713,1.9721117289325614,0.21839548191963928,2.0166656214438308,0.20110570793412505
1454,0.893936349625313,0.20526583914103713,1.9745132241926426,0.2178852360792927,2.016626685609681,0.20297219567379923
1455,0.8938826041391207,0.20475440092737404,1.9769067140591352,0.21737669114539673,2.0142538752337877,0.2024984578304784
1456,0.8936837295771505,0.2062203121734243,1.9816239016036505,0.21686984026162667,2.014220639889608,0.20202629848270118
1457,0.8937028745481658,0.2062203121734243,1.9839960460867703,0.2186940169002119,2.0118581748834385,0.20155571048466633
1458,0.8936354898179475,0.20571524739242233,1.9793792632402725,0.21818511327217893,2.0118305807728487,0.203413700024005
1459,0.8935495342291845,0.2057152473924111,1.986401258798769,0.21767790133468465,2.009478394878621,0.2052655132597146
1460,0.8936299436441664,0.20469600682770206,1.9817881145141494,0.21717237428571504,2.007134019860153,0.2047888122784153
1461,0.8935527595745025,0.2066639468951426,1.9795103252997508,0.216668525354871,2.004797427117177,0.2066337352836669
1462,0.893698737186713,0.20564488755765079,1.9772400920197364,0.21616634780320326,2.004786311189609,0.20615481559237
1463,0.8935823154739211,0.20516649714833157,1.9796081965487373,0.2156658349230481,2.0050322886661007,0.20567748347495862
1464,0.8933733373546746,0.20415953836850914,1.9819684565135802,0.21516698003786422,2.0073338774083056,0.20751482441457225
1465,0.8930535377061504,0.20415953836850914,1.9773885636125543,0.21466977650207028,2.0050061505169343,0.20703530332629733
1466,0.8930211238566643,0.20415953362031894,1.9774407614416658,0.21648268799074716,2.000377653471685,0.20655736847961567
1467,0.892959073297547,0.20365775726236998,1.982105112669186,0.21828960660473973,2.000376782591373,0.20608101352454003
1468,0.8931114947395885,0.20362138254242762,1.9775386240215667,0.21778669835629094,2.00037591453825,0.2056062321404779
1469,0.8926653944949754,0.2036213825424276,1.9798918753762533,0.21728545023584317,2.0049781598636285,0.20743457329280848
1470,0.8927437085090602,0.20558118233151987,1.9822373639312239,0.21678585561014824,2.007265968657276,0.20695762834371997
1471,0.8927210476941707,0.20558117509126245,1.9845751206842333,0.2162879078766108,2.0118432253686085,0.20648225562310596
1472,0.8928403447298758,0.20558117509126245,1.982315854614657,0.2180862614007383,2.0095213882443703,0.20600844885681818
1473,0.8930366209447429,0.20558117509126245,1.9800640257498332,0.21987869498318394,2.0049148268768917,0.2055362017996684
1474,0.8932637095828928,0.20558117509126242,1.9801096806500271,0.2193751560164766,2.0049035715488244,0.20506550823527794
1475,0.8932586300227369,0.20507329935395927,1.9801551854694412,0.2234488468679933,2.0026045659498215,0.20459636197592845
1476,0.8932214043346166,0.20507329935395927,1.9756295395520989,0.2297946562685253,2.0071696144660995,0.2041287568624131
1477,0.893020795843395,0.20507048026014302,1.9734019663154259,0.2292699853709331,2.0048826992642796,0.20366268676388902
1478,0.8929930818251978,0.20456310818407045,1.9711817004865377,0.22874703562178106,2.002590627955175,0.20319814557773028
1479,0.8927575211689404,0.20456310818407045,1.9689687130322142,0.22822580018273694,2.0048633792086963,0.20501378162867204
1480,0.8924275992162009,0.2045631081839465,1.964486598168867,0.22770627224690548,2.009405062093675,0.20454709299530427
1481,0.8926181783877515,0.2045631081839465,1.9736637658334366,0.22718844503866584,2.011657775671263,0.20408193211469206
1482,0.8926461319459135,0.20405565979169463,1.9714517685657431,0.22667231181350994,2.009359462522535,0.20589012160807746
1483,0.8929257303429261,0.2055185273823849,1.9715165604323994,0.22615786585788195,2.0093382206973893,0.20542284204790198
1484,0.8929662094150936,0.20551852364433618,1.9693138510745902,0.2279123900520791,2.007049774372474,0.20495708898211246
1485,0.8929885536042536,0.20551852362657885,1.9671183325134047,0.22739616315391945,2.0070348118770607,0.2067578797849504
1486,0.8930761441328617,0.20551461181331254,1.964929976303903,0.2268816203219565,2.004756155594418,0.206290036425064
1487,0.8933450676603617,0.20551461181331254,1.9650092520183644,0.22862925278560375,2.009266400088706,0.2058237182336202
1488,0.8933400235452337,0.20697222776108176,1.971862985030158,0.22811295340040136,2.011503712866321,0.20535891918511984
1489,0.893487525230072,0.20697222776105437,1.9764384244312179,0.22759833481833489,2.0092230508165607,0.20489563328122706
1490,0.8932794980524097,0.20645998312886682,1.9719840726689752,0.22708539040719125,2.009202264588229,0.2044338545514168
1491,0.8929738184920886,0.20594963074055092,1.976550097710349,0.22657411356505422,2.0091815501731385,0.2039735770523072
1492,0.8930543496006569,0.20544115976011978,1.9788520653908879,0.22831372132688238,2.0091608988137435,0.2035147948676513
1493,0.8930542474219061,0.19981077759936736,1.9788995842819859,0.22780070598706584,2.00689333899112,0.20305750210819756
1494,0.8930898165492641,0.2017324003657379,1.9811916786658494,0.22728935498691413,2.00912260169449,0.20260169963399818
1495,0.8930582102551273,0.20076695643110282,1.9767488839694036,0.22677966177965492,2.0113447788728456,0.20214736814940856
1496,0.893053245914692,0.20008536980720254,1.9768009721584447,0.22627161984833838,2.009079120201727,0.20169450858290577
1497,0.8929318113906046,0.19960815508620539,1.9768528917116757,0.22576522270568242,2.013534812549684,0.20124311515184162
1498,0.8929579296460701,0.1986482756105331,1.9791404119614613,0.22526046389392118,2.011293537884344,0.20079318209987818
1499,0.8930426609523054,0.19770739957693714,1.97918700256097,0.22475733698465392,2.0112683162868747,0.20034470369685303
1500,0.8925014917034488,0.19770739957693717,1.9792334426354874,0.2242558355786947,2.0134744749062095,0.19989767423864532
1501,0.8921166683030362,0.199603759389402,1.979279732774897,0.22375595330592593,2.02013165358484,0.19945208804705006
1502,0.8923283467204837,0.199603759389402,1.9748721866505914,0.223257683825138,2.020086823543758,0.19900793946961579
1503,0.8922400670853337,0.19960375938939945,1.974928086429622,0.22276102082389915,2.0155929084299857,0.19856522287955766
1504,0.8922019816924659,0.199130404702439,1.9727614118837535,0.22226595801839688,2.011113466568061,0.19812393267559666
1505,0.8924259032062029,0.199130404702439,1.9728218862599673,0.22177248915329476,2.011088792750336,0.19768406328183685
1506,0.8921928450201674,0.19913040470243892,1.970664212187557,0.2212806080015871,2.008846244444389,0.1972456091476358
1507,0.8923587077104226,0.1991304047024389,1.9729449496087423,0.22079030836445468,2.0066109064631683,0.196808564747476
1508,0.8925805654457369,0.1991304047024389,1.9730048365688246,0.2203015840711209,2.006596273073626,0.19637292458083663
1509,0.892502139891493,0.19913040470242818,1.9796984611961224,0.21981442897870918,2.0043703793912275,0.19814999315635812
1510,0.8926262467823606,0.19913040470242818,1.9819524091006135,0.21932883697210076,2.0043607247870776,0.19771226005014989
1511,0.8925652334037936,0.19913039920167433,1.9797853463966941,0.2188448019637936,2.0021442674653622,0.19727593048784992
1512,0.8925916496030636,0.19961303229990357,1.982034599320428,0.21836231792901725,1.9999348540218953,0.1968409990184602
1513,0.8926271575571592,0.19914011978574997,1.9798716853881655,0.21788137876449432,2.0021374799188654,0.19640746018030508
1514,0.8927068931266691,0.19914011978574997,1.9799159733369665,0.2174019785000666,2.008733619954167,0.1959753085715722
1515,0.892586914459665,0.1991401197856132,1.9799601196714187,0.21692411115730245,2.0153086757689973,0.1955445388030512
1516,0.8925747185172109,0.19866774859933117,1.9800041249413347,0.21644777078469263,2.0152750596795683,0.19511514550980075
1517,0.8925010354144218,0.19866774859933117,1.9866290599280976,0.21597295145751375,2.0152415509327084,0.19468712335102542
1518,0.8926453922435852,0.19866774593332648,1.9866583623096294,0.21549964727769258,2.0152081617526543,0.19426046700995334
1519,0.8925937697208601,0.1986677459333265,1.9844982641691988,0.21502785237367097,2.0151769547834246,0.19602447827603028
1520,0.8926551216138682,0.20057309917391494,1.9823450494386223,0.2145575609002717,2.0195179987183307,0.19559574944075517
1521,0.8926035992955582,0.20057309917391494,1.9823836243199604,0.21408876703856483,2.021660286045754,0.19516838586368507
1522,0.8924700595772855,0.20057309917310884,1.9867875744526269,0.21362146499573517,2.021619346433576,0.1969251312671095
1523,0.8925624252312548,0.20057309917310884,1.9846358176912111,0.21315564900495007,2.02157220399272,0.19649572275643618
1524,0.8924556995254789,0.2005730991731082,1.980312511104171,0.21269131332522828,2.021525211365274,0.19606767885793072
1525,0.8926073712966492,0.20057309917310817,1.984707776362881,0.21222845224130935,2.021478367972809,0.19564099430302895
1526,0.8927067983434234,0.20009394636579064,1.9912631285365932,0.21176706006352386,2.0236057335367295,0.19521566384675745
1527,0.8927630340019103,0.20009394636579064,1.9869383788259938,0.2113071311276643,2.0278981901234183,0.19696354476465078
1528,0.8929133387694846,0.19914035511594735,1.9826273350770893,0.21301835151496518,2.030007600226752,0.19870588631252015
1529,0.8926349578279611,0.19866635277828124,1.982664990729842,0.21255662931459046,2.029942558059701,0.20044270982414658
1530,0.8927636185958459,0.19819405803180704,1.978371813861524,0.21426172507203986,2.027712365282854,0.20000867986484255
1531,0.8926267131470043,0.19819405803180318,1.9740922149917697,0.21379823573700926,2.027652418218241,0.19957602260886398
1532,0.8927167983478059,0.197722905826757,1.9806312933627828,0.21333621127413727,2.027594246010985,0.1991447327793192
1533,0.8928963590202303,0.19725408393228958,1.9785142375515088,0.212875646055701,2.0275346736120783,0.1987148051228508
1534,0.8928449731850485,0.19678630142000747,1.9742471510724535,0.216729959571556,2.0253185769863764,0.19828623440951737
1535,0.8928273127129468,0.19585793388631606,1.9764571939628037,0.21626300253918918,2.0274186759484003,0.19785901543267587
1536,0.892912731536328,0.19585793388628714,1.9765078675793102,0.21579751731037294,2.023054853033054,0.19743314300886475
1537,0.8929296590905245,0.1953951454229162,1.9851593900029445,0.21533349824471315,2.020855027182695,0.19915886408180422
1538,0.8929421741996785,0.19493400988804402,1.983043166233934,0.21487093972689986,2.020810228629485,0.19873105034297586
1539,0.893044236899594,0.1940171931033175,1.983079554851358,0.21440983616658144,2.0272034499684426,0.20045053817101366
1540,0.8931925296824074,0.19401719310331747,1.9809720180737642,0.21609399301250962,2.027145130912775,0.20002081009946632
1541,0.8934590987153003,0.1940171931033175,1.983154437973793,0.21563119136329903,2.0292286633218874,0.19959243187617573
1542,0.8934971147904551,0.19401719307000823,1.985330007196989,0.21516984246135137,2.0291661278429585,0.19916539834405564
1543,0.8934971123265066,0.1898021537421552,1.9832239734627084,0.2147099407598772,2.033378566685122,0.19878566582707655
1544,0.8933127879967582,0.1898021537421552,1.9789892887262739,0.2142514807366711,2.0311720421060246,0.19836120815806696
1545,0.8934266435755569,0.18937382098731917,1.9833003444921078,0.2137944568939889,2.0289724311507316,0.20007119886539382
1546,0.8935181201394216,0.18937382098731914,1.983335931235217,0.21333886375842553,2.0267797046268075,0.20177583646933825
1547,0.8934576626421253,0.18937205015154415,1.9812425499120931,0.2128846958807936,2.0267314957441163,0.20134628462026466
1548,0.8937855500453062,0.18894420830983347,1.9812824419241395,0.2124319478360025,2.02667464509836,0.20091807564868683
1549,0.8939435390011415,0.1889442079145953,1.979197606029814,0.21410521750253791,2.030867180610478,0.2004912044462328
1550,0.8939774626023367,0.18766935568493195,1.9771192789512557,0.2136507835165314,2.0329241453852234,0.20006566592709482
1551,0.8940524892823485,0.18766935568493193,1.97504743595907,0.2131977673002525,2.0328543344059242,0.19964145502791691
1552,0.894041538253664,0.18766935568488782,1.9772185304748155,0.2127461634703837,2.0306665046071184,0.19921856670768315
1553,0.8940002532358212,0.18766935568406465,1.9793828606807078,0.2122959666673458,2.0348338542365036,0.20091311778827406
1554,0.8941193740989549,0.18724633366399135,1.9794264454529416,0.21184717155517993,2.0326462098701117,0.20048838609577485
1555,0.894238096323688,0.18682474602229363,1.9794698946157767,0.21139977282143016,2.032577264541031,0.2000649759109123
1556,0.8941964028630441,0.18640458663115972,1.9774034256946835,0.21095376517702671,2.0282889677632308,0.19964288222820512
1557,0.8943393306774977,0.1864045866265615,1.979558726172435,0.2105091433561699,2.0282293438586225,0.19922210006419439
1558,0.8944629185837155,0.1859853862705999,1.9817073342960616,0.21006590211621473,2.028169905209006,0.1988026244573343
1559,0.8946296073146501,0.18598538627059988,1.9796423491200545,0.21172749936130633,2.0260071930359422,0.19838445046788347
1560,0.8947035429359841,0.1896382496816243,1.9817864885998102,0.2133839442245046,2.028053903254275,0.20006893388980476
1561,0.8948385313079374,0.18963824968159942,1.9797254631014412,0.21293599576005132,2.0237964936117696,0.20174819750092032
1562,0.8950036195231917,0.18963824967788642,1.979767982093655,0.21248943444074586,2.019552264142351,0.20132509880911892
1563,0.8953085137530996,0.18963824967567275,1.9798103695080305,0.21204425503502464,2.0237014330318908,0.2009033094242467
1564,0.8954649265506555,0.18963824967567275,1.9777596537828512,0.21160045233425043,2.029930742767789,0.2004828244113317
1565,0.8951469448262905,0.1896382496756715,1.9861696762078112,0.21324890128433197,2.031959041309051,0.20215451898874925
1566,0.8952562429378141,0.18921090933119403,1.9861985648539484,0.21280346904854885,2.038158656463773,0.20382105088774582
1567,0.8952550990842428,0.18878502976890685,1.984140661793424,0.21444611405738534,2.035992341889044,0.2054824395314676
1568,0.8952908777997027,0.1887844262174494,1.9820891055468315,0.2139990760658342,2.035917515168357,0.20713870425813413
1569,0.8953811114558688,0.1887844262174494,1.986291472213182,0.21355341586034102,2.0316776491145085,0.2067073310054904
1570,0.8954212186765641,0.18835979460189178,1.9863199921448145,0.2131091282668847,2.0295347878693963,0.20627728636175469
1571,0.8955160506644557,0.18793590266256163,1.9905051691189835,0.21266620813402912,2.0273950311694793,0.20792693775226131
1572,0.8952602316266497,0.18751346000717753,1.9884485881115543,0.21222465033281196,2.0231855608461706,0.2074952200748114
1573,0.8951080185073031,0.1893376307528677,1.9905467680997904,0.21178444975667263,2.021063249075582,0.2070648293766415
1574,0.8951248796191534,0.1907276383153864,1.990566356582488,0.21134560132118768,2.0189477896958747,0.20663609384532367
1575,0.8950815946139752,0.19072763788132976,1.9905858849368554,0.2109080999641934,2.014768417411889,0.20620834152449852
1576,0.895171218170063,0.19030092122653383,1.9864693404159106,0.2125399471314999,2.0147378764598685,0.20578190133676316
1577,0.8952301229709336,0.18987565669695064,1.9885632334533345,0.21210085245659804,2.0126414893860325,0.20535676837570033
1578,0.8953908293403311,0.18987564837538298,1.988586837505388,0.21166310289324622,2.0105515648179932,0.20493293775622556
1579,0.8949697869251878,0.18987564837538265,1.9886103692980752,0.21122669341785497,2.0084679977142876,0.20863402814098214
1580,0.8949334413019119,0.18987564837538262,1.98657407811905,0.2107916190286526,2.0084505557501124,0.20820429399662993
1581,0.8950704852728589,0.18987564837538143,1.9866017045345958,0.21035787474557818,2.0084331978608647,0.20777587363224956
1582,0.8950816200790661,0.18869841008189397,1.9866292465475441,0.21198109120716432,2.008462900792715,0.2073567307794488
1583,0.8951530444906064,0.18869816050509694,1.9887102854613592,0.21154577086829313,2.0063919407114583,0.2089844879279572
1584,0.8953133508645813,0.18869816050289487,1.988733446631749,0.21316330713840617,2.012533412787532,0.2085557503086705
1585,0.8955034388856545,0.18869816050289487,1.9908060151154057,0.2127264336446912,2.008408769973058,0.20812831990099467
1586,0.8958111858058943,0.1882809370418469,1.9908248391510752,0.21229089127377504,2.0083915536095445,0.20770219184369887
1587,0.8954627444108005,0.18786512015433957,1.988798222798224,0.21185667507852357,2.004283623524787,0.20727736129658203
1588,0.8954238018615,0.18786512015433957,1.9847344344015911,0.21142378013319224,2.0063182097750967,0.2088971621511798
1589,0.8953265912672963,0.18786512015433957,1.9806830031587357,0.21099220153332154,2.012429201616553,0.20847074112748334
1590,0.8953724070686143,0.1878651193238798,1.980722395462713,0.2105619343956332,2.0103651153918944,0.20804561589335224
1591,0.8953174901016403,0.18744940918803454,1.9766872323823435,0.2142074096189533,2.0083067817683133,0.20762178164469194
1592,0.8953162518970756,0.18882796859451595,1.9746994964190276,0.21377145862298358,2.004219515364337,0.20719923359813242
1593,0.8953162518789894,0.19736800431099857,1.9706846410421028,0.21333682971279144,2.00014464143694,0.206777967549003
1594,0.8952797710365998,0.19736800431099608,1.968713068533513,0.21290351799573382,2.0001443476808385,0.20635797763779556
1595,0.8951900089303474,0.1973680043109753,1.9647183818157141,0.2124715186002385,1.9981152982416874,0.2059392597019231
1596,0.895506540767821,0.19736800339311433,1.9647898996743742,0.21204082667570204,1.9981191237312363,0.2055218090399098
1597,0.8954932300904489,0.19904712704353847,1.9608111388851859,0.21161143739238772,1.99812293259075,0.20713065215368204
1598,0.8955866662175913,0.1986311601493303,1.960890418231458,0.21118334594132432,1.9981267299388934,0.20671162536319831
1599,0.8957266505036354,0.19821650509357064,1.962990443270574,0.21479851784409668,2.000151500947098,0.2062938642369846
1600,0.895484643692695,0.1982165050933498,1.9610461990969896,0.21436484711586531,2.000151245573591,0.2058773641082535
1601,0.8953597648259569,0.19780273620028843,1.9631417140814946,0.21393248453257047,2.000150940520064,0.20546212033024885
1602,0.8954699481793222,0.19697952595645513,1.9632159809948968,0.21350142527664512,1.9961207738618907,0.20504812827614863
1603,0.8954269008177794,0.19697952595645513,1.9632900241853475,0.21307166455117765,1.9921027480325457,0.20463538333896836
1604,0.8955946667055829,0.19656965637463625,1.9633638444757617,0.21264319757981168,1.9921186286597516,0.20422388093146499
1605,0.8956391934115786,0.19656965637463625,1.9694641293328377,0.21221601960664668,1.9901255659624555,0.20381361648604135
1606,0.8959096271368019,0.19824130670405862,1.9695254113947958,0.21179012589613902,1.990145382842252,0.20340458545465118
1607,0.8960822881822598,0.19782928028112293,1.9695865093420335,0.21136551173300347,1.9981846672822947,0.20500166508182263
1608,0.8960822877616244,0.19790205008709735,1.9696474226698184,0.21094217360243217,1.9981883031619891,0.20659562920233668
1609,0.896243244411331,0.19790205008709671,1.971709030430506,0.21052010446636818,2.000192804159418,0.20618225696271822
1610,0.8962473997965122,0.19669680444326004,1.9697667044338256,0.21009930085240183,1.9981935995574833,0.20577012416862914
1611,0.8961222486828777,0.19669680440522816,1.9678301983808666,0.20967975812530779,1.9981972069099079,0.20535922628035472
1612,0.8962567712519034,0.19669680440522813,1.9698892557349577,0.2092614716696348,1.9982008032700844,0.20494955877754684
1613,0.8962911056779607,0.19669680440402001,1.9679563745925943,0.20884443688961046,1.998204388880953,0.20454111715913073
1614,0.8963866305542488,0.19669680440402001,1.966029273531761,0.210419545814944,1.9962170671669175,0.20413389694321213
1615,0.8964551679476975,0.19669680440396092,1.964107931432979,0.21198994767394239,1.9962245917068635,0.20372789366698477
1616,0.8966148941052535,0.19669680440396087,1.9602054084748406,0.21156874086323085,1.996232093136551,0.20332310288663874
1617,0.8966450932219309,0.19669680440396087,1.9622693309336168,0.21114879111603885,2.0002094379151862,0.20490445304343127
1618,0.89679285973478,0.1966968044039608,1.9643270978487297,0.21073009384758906,1.9962431255558295,0.2044981379784526
1619,0.8967014087012023,0.19793421188770563,1.9604358307542389,0.21229361146022926,1.9942696008323464,0.20409303392217956
1620,0.8969054061011454,0.19793421188770563,1.964472101712152,0.21187348516491183,1.9942838847764144,0.20368913646312728
1621,0.8969047245609764,0.197087755613062,1.9605883227005516,0.21343161837236976,1.9962721945806257,0.2032864412085614
1622,0.8969002057065101,0.19668707738196592,1.9567160961183248,0.21301008388877618,1.9962795579629458,0.20288494378437508
1623,0.897095500679605,0.19668707526422363,1.964693733516874,0.21258980244134484,1.9982599679801758,0.20248463983500786
1624,0.8969892031250941,0.19628725467838376,1.9647633252345913,0.21217076947652613,1.998263522502688,0.2020855250233568
1625,0.8971163802218375,0.19791932276462176,1.962863593609116,0.21175298046005625,1.9962978250973877,0.20168759503068812
1626,0.8974194858767136,0.19791932276462174,1.964903795059202,0.21133643087686493,1.9963051078271197,0.20129084555654914
1627,0.8973414014468919,0.19791932276462174,1.9689031304136535,0.2109211162309836,1.9963123689643878,0.20089527231868096
1628,0.8976647205401248,0.19791932276462174,1.9670009621017093,0.21050703204545396,2.0022092633508213,0.20050087105293127
1629,0.8973971979109493,0.19791932276459812,1.9651044256463572,0.21009417386223717,2.0002436744035417,0.20010763751316799
1630,0.8973888874436524,0.19955268433223614,1.9612542049140391,0.2096825372421234,1.9982839012321707,0.20167486321250686
1631,0.8975224750434043,0.19955268258653053,1.9613300435088163,0.20927211776464205,1.998287264416871,0.20128011745508967
1632,0.8976362035899506,0.20118245830657097,1.96336103907532,0.20886291102797208,2.0022013755991583,0.20284191919029337
1633,0.89758849670912,0.20077333116670262,1.9634326105984607,0.20845491264885332,2.002197334988302,0.20244568237716243
1634,0.897721384520803,0.20036542269685675,1.9615524967040787,0.20804811826249778,2.0002415727794407,0.2020506148487148
1635,0.8978673991444387,0.20036542269681124,1.9596779273104674,0.20764252352250168,2.0041401492603073,0.20165671238384264
1636,0.8978082424378673,0.20036542269681124,1.959756457577787,0.20723812410075795,2.006079661172168,0.20126397077920727
1637,0.8976967681994081,0.20036542269681004,1.957889128001345,0.20683491568736906,2.011904718095812,0.20087238584915462
1638,0.8978201165288539,0.20036542269680968,1.9579709782255141,0.20643289399056036,2.0118815967651384,0.2004819534256312
1639,0.8979846365961612,0.20036542269680965,1.9541691053213075,0.20603205473659403,2.0099168149898987,0.20009266935810016
1640,0.8977745320960812,0.20036542269680968,1.9561978085330964,0.20563239366968317,2.007957778058604,0.20164432993636733
1641,0.8978731686444322,0.20036542269680968,1.9524069679334621,0.20523390655190668,2.0079423569889028,0.20125357113412634
1642,0.8978316418542949,0.20036540382847756,1.9544350291588228,0.2048365891631244,2.0040552650209547,0.20086395937498996
1643,0.8977486674537174,0.20036540382847756,1.9545231513450252,0.20444043730089262,2.0040474260661925,0.20047549053801728
1644,0.89798948304928,0.20036540382847756,1.9584751286339261,0.2040454467803803,2.0059716629395585,0.20008816051953845
1645,0.8980134665256438,0.2003654038223091,1.962415528108222,0.2036516134342855,2.0059601412692847,0.1997019652330728
1646,0.8980483181020482,0.201591712102374,1.9624879983541348,0.2032589331127571,2.0040204541174145,0.19931690224767867
1647,0.8980851524630674,0.201591712102374,1.9625602565688245,0.20286740168329298,2.0001601711780994,0.19893296423099086
1648,0.8981741844852504,0.20117926450198403,1.9664809913676402,0.2044013589586269,2.0020842159247354,0.20047449271714599
1649,0.8981234536773106,0.20076860868391092,1.9723126906361026,0.20593083413242602,2.0001577887553137,0.2020115168633323
1650,0.8982249956724316,0.2007686086839109,1.9742863631746432,0.20553534415365274,1.9963164875497381,0.20162355392979286
1651,0.8983116420758391,0.20076860597574211,1.9704985377382347,0.20705958779321443,1.994404975132978,0.20123672310301943
1652,0.8982180507252665,0.2003583888615413,1.9686384201412532,0.20666272456477977,1.9982525747892996,0.2008510203376395
1653,0.8982177054829263,0.19954162758110056,1.964868977162703,0.20626701789357557,1.9944264282200026,0.20046644160515084
1654,0.8982196007789938,0.19954162758109983,1.9687618417893855,0.20587246365180997,1.9963499219629492,0.20008298289384208
1655,0.8984590115256909,0.199134918291191,1.9649996943139652,0.20547905772888622,1.9925350558579955,0.1997006402087134
1656,0.8984622768103719,0.19913491829119098,1.9650665102682303,0.20508679603132168,1.9906402959237892,0.19931940957139777
1657,0.8984639062440147,0.19913491508051387,1.9670402345502978,0.20469567448266712,1.9906581910147751,0.1989392870200826
1658,0.8985069259163823,0.2007674315297021,1.9651978328950794,0.20430568911872748,1.9925855583233436,0.19856026889685818
1659,0.8987003495367417,0.2007674315297021,1.9728772401535617,0.20391683570609703,1.9887930858882665,0.19818235069738752
1660,0.8987968613337829,0.2023969618389325,1.9729288110919485,0.2035291103149909,1.9869149289951937,0.19780552879743787
1661,0.8985465451962245,0.2023969618389325,1.9691812538041003,0.2050419982967656,1.9888392733099562,0.197429799299823
1662,0.8985496133689261,0.20360790319679714,1.9692397351740167,0.20465291248274303,1.9907580426241454,0.19705515832474968
1663,0.898668773265494,0.20360790319679714,1.974985129766951,0.20426495314776932,1.9888798683696318,0.19668160200810914
1664,0.8987114844109364,0.2031938022356769,1.9807139012120119,0.20387811629538402,1.9889009277040013,0.19630912650180987
1665,0.8988621406991275,0.20319380223567673,1.976966575549568,0.2034923979456835,1.9889219271478642,0.19593772797370237
1666,0.8988420211096376,0.202369106406187,1.9732300778437792,0.20310779413524319,1.9927233528615182,0.19745741327433888
1667,0.8986006491341586,0.2039854563038967,1.9713924915772747,0.20272430563630278,1.9965133263384365,0.19708499592650536
1668,0.8987074074704612,0.20357244230832383,1.9676739734554949,0.20422815843589118,1.9946336638478264,0.19671324644890778
1669,0.8986552773316888,0.20316289552100672,1.9677348870663485,0.20572767441200127,1.9927792835657863,0.19822692324847263
1670,0.8986154438720566,0.20316289552100483,1.9659131545382835,0.2053403981017138,1.9927928763758385,0.1978537668821514
1671,0.8987434358184688,0.20316289552100472,1.9697384361425265,0.20495423718178118,1.9928064300320825,0.19748168523948553
1672,0.8987673504717429,0.2031628955210047,1.966037869874335,0.20456918771393248,1.9965773636152904,0.19711067452579198
1673,0.8987712264539202,0.2031628955210047,1.9642247793699232,0.2041852457761411,1.9965837873277792,0.19674073096203973
1674,0.8987009264841532,0.20234083145122225,1.9699167237682247,0.20567736327601646,1.9947152370476944,0.19824680659824423
1675,0.8985885156164792,0.20193193229257267,1.9699730722052629,0.20529211275125764,1.9984712997053433,0.19787547411392392
1676,0.8986839098687505,0.20354264369774708,1.9700292588817019,0.20490796816954965,1.9966048603896482,0.1975052076178326
1677,0.8988320903626819,0.2051484686346465,1.9700852843681667,0.2045249256364226,1.9947418676829076,0.1990053427313827
1678,0.8990442067757607,0.20514846842394888,1.972008620201062,0.20414298127517957,1.9984866309330394,0.20050117700086142
1679,0.8990777165169586,0.2047349623792515,1.9757920499079524,0.20562773565681763,1.9984894542810785,0.2001271211163602
1680,0.8989746224425401,0.20633613315372684,1.972109704945095,0.20897196135199575,2.000355993139513,0.19975417179875002
1681,0.8990806818189238,0.20633613315371074,1.975885387147034,0.2085828812734999,2.0059409613076338,0.19938225411017352
1682,0.899038980089197,0.20633613315371074,1.975930240712916,0.20819491377578087,2.0040699210545756,0.1990113999262423
1683,0.8987393001946705,0.20633538223654282,1.977833123022249,0.20780805495613092,2.0022107811369003,0.19864160551639776
1684,0.8987406087584507,0.2059193708968634,1.9815868707719637,0.2074223009278432,2.0022066772869667,0.19827286716537634
1685,0.8988376076772616,0.20591937089686338,1.9853299055339855,0.20889209213969734,2.0059114737659263,0.19790518117313866
1686,0.8988818543170087,0.20591937089686338,1.9835044924139065,0.20850510057115676,2.002195340626425,0.1975385438547988
1687,0.8990083038163662,0.20550397257717867,1.9798335430207106,0.20811921202119515,1.9984897995272726,0.19717295154055398
1688,0.8990092843213509,0.20550397241545165,1.9798708285677076,0.20773442263212352,1.9966441202046825,0.19865728989887646
1689,0.8990510072233296,0.20550397236642964,1.9780609666217717,0.20735072856202613,1.9984973603939016,0.19829036166835012
1690,0.8990415235210554,0.20508923651124436,1.9781014484217299,0.21065851646454745,1.9966549378174296,0.1979244772368757
