0,0.5,0.5,0.5,0.5,0.5,0.5
1,0.498814726008939,0.49735824926431654,0.5051431507835203,0.5148368592131471,0.4950049975008331,0.5049950024991668
2,0.49404355073514766,0.49723274756680774,0.5300418720025897,0.5096987770683238,0.49054234142066966,0.49995514228105503
3,0.4940284278634143,0.4922867852263428,0.5247573307106737,0.5145871023024606,0.49590268545226435,0.49497056703701264
4,0.48913898296077174,0.48984923096598293,0.519530705772127,0.5094617736513943,0.5011180899759183,0.4999173278305112
5,0.485595752625418,0.4824105451136092,0.5442116847922369,0.5043925654268466,0.4961319024451659,0.494943088032951
6,0.48464897325533896,0.47914715296786736,0.5388021228829215,0.49937881271715123,0.4912002622094584,0.4999634444665995
7,0.4806753741591746,0.4763534524040889,0.5438069638416845,0.5138553145940036,0.48632252354196637,0.5049289296866476
8,0.47608657751356936,0.47374197034738735,0.5489428123659273,0.5279880761615977,0.5187382534437188,0.5122812647544341
9,0.4713603659453852,0.47159332635190826,0.5435025674390095,0.5227555011317301,0.5186009070534393,0.5121920169960942
10,0.4697968314887892,0.4694648005099408,0.5478436081769911,0.5177584724960185,0.5329104736420028,0.517378581789155
11,0.46542838806028347,0.4660471024158207,0.5523157074464564,0.5324187346800736,0.5375302706135298,0.5122613957457871
12,0.4681011706769861,0.46135784118842293,0.5863813006899621,0.5370387728973417,0.5322687006053624,0.5071998857985113
13,0.46606217182559745,0.45671642751112673,0.5807672686727262,0.5414345449487669,0.5274309676816339,0.5316318754709614
14,0.46158344549794816,0.450849986046167,0.5849013123410906,0.5360954721972363,0.5419519347469006,0.5263894666024236
15,0.4611879860160645,0.45016902641605855,0.618543857262446,0.5406654510889806,0.5563153403228603,0.5212039411181102
16,0.4571722172888052,0.4455288159263639,0.6321391445777081,0.5353446146747137,0.5606817622736374,0.516074630740362
17,0.452976518017571,0.44342975948334695,0.6375588215558013,0.5381097685410904,0.5650008917832935,0.5209089822377391
18,0.4506740755996972,0.44040628988339386,0.6607617982228665,0.5328246640831663,0.569273283515304,0.5157928172001458
19,0.4477648563263671,0.4354458139231854,0.6739021270699754,0.5275966984422428,0.573499485165118,0.5107319645258472
20,0.44435462017993815,0.43202613802617423,0.6869005208271846,0.5322271893367692,0.5678780508201084,0.5057257765854114
21,0.44124371212027474,0.42905852616672135,0.689966450305213,0.5270155197641885,0.5721094708965452,0.5007736138723708
22,0.43581008133431137,0.4279562794858348,0.6929993232304849,0.531642444255403,0.5665128658636965,0.4958748448949513
23,0.43310751123651625,0.42608398680340287,0.6862269008317506,0.5264469020998797,0.5707491729975945,0.5105740957447895
24,0.42917323826286735,0.4249335822191809,0.6892902227599947,0.5310701333227944,0.5847044963839232,0.5251183115249057
25,0.42844650251390304,0.42493344540756095,0.6923206060150576,0.5453967519132418,0.5887556668987184,0.5199967805827275
26,0.4228175734124664,0.4216436384329061,0.6923311826303775,0.5528133625616231,0.6054931673200101,0.5411730704891657
27,0.42248755818234285,0.42142229409382836,0.6931749530421698,0.5495834501612207,0.622347749870288,0.5423586343392154
28,0.41949736120061915,0.4210152485186914,0.7011505414201163,0.5586950746471168,0.6307518227706287,0.5523150895988467
29,0.42010125621767236,0.41495586167554793,0.7041434483112161,0.5823204785933435,0.6252087583086859,0.5663781391720821
30,0.417829169405577,0.41595455459832903,0.702590297267822,0.5810936532528644,0.6288459031738103,0.5706676042129366
31,0.4162178308259633,0.4115944205773233,0.6957788559570082,0.5754600922278827,0.6387981112806371,0.5781706728485286
32,0.41411713523105326,0.41245833756187056,0.6890401919403492,0.5698867233574166,0.6433011492445109,0.5812981719838459
33,0.41092450010608517,0.4102621864566944,0.6920488479881504,0.5740482351588455,0.6560996697349895,0.5856773376476884
34,0.4096883179932759,0.40853240363663834,0.6871166728981967,0.586074106714804,0.6673324555051886,0.5914390343121131
35,0.4104589372320775,0.4007107870787949,0.6804818370886829,0.5900709975596583,0.6613541640423524,0.5857280669629339
36,0.4083811248158216,0.39674399863363763,0.6835640380331225,0.5940253378918713,0.6549744752933714,0.5800778980187696
37,0.40435381690937705,0.39244156434140315,0.6856085828465629,0.5893057305083773,0.6669312922536259,0.594766221491806
38,0.4060544764953565,0.385745405064886,0.6790081402956383,0.5836324079793598,0.6620016876921899,0.5890403301094548
39,0.4060544764953564,0.38479968373163564,0.6724777746911834,0.587636826248274,0.6556348817662494,0.583375230557469
40,0.4012187478333211,0.37914653838943513,0.666016679251304,0.5819908736811107,0.6589435054543636,0.5777702229516423
41,0.40222317324060036,0.37914554572952364,0.659624057153539,0.5860030470413596,0.6622185295898256,0.5722246160475881
42,0.3989744100217422,0.3756698793547326,0.6532991214041075,0.580384040910046,0.6654574140339622,0.5667377271273109
43,0.3949956871212961,0.3749731334672643,0.6470410947089696,0.5748244760760374,0.6686620355695556,0.5708952482448367
44,0.39402011678441506,0.3715336163029939,0.6409234766195357,0.5883884823803045,0.6729060431235973,0.5750758504213231
45,0.396898547154264,0.371453204934808,0.6730308515877589,0.5827688153134938,0.6765297186987745,0.5791407705950665
46,0.3951600457113231,0.36758158112198436,0.6666031245366063,0.5772031285846881,0.6848286477933139,0.587500920286647
47,0.3871996850719007,0.3651256059173438,0.6697840221093626,0.581236980252268,0.687835657945533,0.5818956480454647
48,0.3826092117371497,0.36360883599801047,0.6721000670213656,0.5860597072248708,0.7011736947752386,0.5954244506677002
49,0.38084608860754704,0.36416558861375664,0.6720852641181577,0.5836163614732337,0.6976547570325099,0.5961884485434453
50,0.38374688928815437,0.3641142305430723,0.6847167798181468,0.6066017136517213,0.6911744084789412,0.5905173285954258
51,0.38209440384522714,0.3615722789862736,0.6909507363511453,0.6166049930226107,0.6941091122043113,0.6039113417866342
52,0.37936528463442704,0.35818728920191917,0.7033779188921583,0.6297379611663103,0.7052522845118104,0.6089255526171606
53,0.3803118258568929,0.35990742873758064,0.7032130644164927,0.626743611217097,0.701541996256694,0.6096566996812577
54,0.3814703414611584,0.35813608774774347,0.6965505980670956,0.6208056410189774,0.7045711436366373,0.6038806163690382
55,0.37855919580392594,0.35680503621966725,0.6952702333815161,0.6285471275150384,0.7073673338848854,0.6125024742571209
56,0.3753506038251059,0.3543246034895086,0.7076069639425053,0.6226039684368688,0.7006788989084993,0.6067110236547228
57,0.37283903326442985,0.3543136535096618,0.70092295052668,0.6167228882753736,0.6941305175024512,0.629288837473611
58,0.3707727447887932,0.3530881784395508,0.6943086914724625,0.6297761820130683,0.6875803552388966,0.6233505536895656
59,0.3640124643695147,0.35231669935713256,0.6971904641306765,0.623839239314692,0.6810984886866651,0.6174741858243559
60,0.3633745300437549,0.3498286025572915,0.7000422169438049,0.627381787948087,0.6746841446814358,0.611659032938224
61,0.3596900779966325,0.3490248139105458,0.6989526720717436,0.6253908516895199,0.6793297894395675,0.613769676186845
62,0.3567282820937351,0.3466683986339499,0.7017821643880832,0.6195129100989331,0.7011413716074838,0.6080009600360518
63,0.3545722860833662,0.3448812030235074,0.7045822612929382,0.6230854687977888,0.6945580504574408,0.6022921747018259
64,0.35127056564132403,0.34313528933390797,0.7197569054534924,0.6329774349330568,0.7036249167158047,0.6185809884762719
65,0.35450129318174767,0.3431283176997144,0.7130180986588385,0.6364108829917895,0.7251482792094608,0.631543219511459
66,0.3499194964682117,0.3420809683903772,0.7151331195715508,0.6310247495330659,0.7271497457581445,0.6355639623958607
67,0.34672275608439873,0.337775006800607,0.7163962489282636,0.626524368395437,0.7203494762292817,0.6389721507314765
68,0.34752180176493835,0.3346046176024516,0.7190458466761092,0.6206709988641891,0.7143987756576486,0.6330024864900261
69,0.34405993251044975,0.32864324236756604,0.7310013335486509,0.6335446444378459,0.7141967797410222,0.6392953605408819
70,0.34155902386056236,0.3271945467277294,0.7243083643263493,0.6368386094906857,0.7167387492686731,0.6427813903424487
71,0.3378538735263659,0.3235458896450516,0.7455055646949844,0.6402213194502007,0.7193772198743994,0.6367941266417209
72,0.33305900829856544,0.32033763526237713,0.7386860924073088,0.6434514839074555,0.7224332720806228,0.6404092441523264
73,0.3305041401097414,0.31780556348256717,0.7369211741931819,0.6416640480403198,0.7301154485194135,0.6572421055717216
74,0.32995529397623097,0.31550756232180927,0.7393643127809398,0.6449918125950261,0.7233350730166513,0.6511384841772705
75,0.3270556891887894,0.3155521055852915,0.7460886546692934,0.6532565015157632,0.725901813855695,0.6558767605007831
76,0.32368792054367035,0.3129062850730395,0.7484419461681113,0.6564701764549061,0.7401618924267841,0.6751509444917622
77,0.31938935907023436,0.30729940527287475,0.7507710966644707,0.6689097827712874,0.7425677071006076,0.6688997904001845
78,0.31509651753021267,0.3047628125812299,0.7488794838585133,0.6761691410028944,0.7583954000002734,0.6862647465835892
79,0.3115588341983196,0.3026249156769428,0.7588312026976141,0.6807706016606713,0.7590187887305967,0.690772919815186
80,0.30924925498521,0.3005952191756378,0.75182630782403,0.6744862969553469,0.7700198365428145,0.694082098144423
81,0.3044565926841282,0.296557758745631,0.754114949957102,0.6682662268751663,0.7629187621873446,0.6876813168218888
82,0.30232299327195944,0.2949270123313068,0.7542070105809103,0.6642828869103907,0.7651029251506427,0.699771340858742
83,0.3029084943560456,0.2925700495430759,0.7472656577066144,0.6857796861565277,0.7688739249385069,0.693330987295231
84,0.29924931044874925,0.29249325662847325,0.7454798915736651,0.6835838980449346,0.7668894856427272,0.6913161039605387
85,0.29728180182148356,0.2889477736273164,0.7386325671918184,0.6864902188112161,0.7598455115093156,0.6849662806216156
86,0.29482551086149233,0.2869098763508357,0.7348010127325117,0.6864208711105565,0.7620491552417223,0.6970329541692315
87,0.2931627778036389,0.2851897888494023,0.7302284415188557,0.6871321977932285,0.7642303961344871,0.7089769546420102
88,0.2951327264513332,0.28518775614414127,0.7235412951407195,0.6899973187217022,0.7663931673150852,0.7024844210664142
89,0.29416191860255897,0.28302399684973334,0.7268653833956082,0.7011869022343612,0.7677353910527485,0.7060011472017048
90,0.29213977483944653,0.28057630152368795,0.7249372207295355,0.7174815852782199,0.7607188178935533,0.708688094401768
91,0.291889192827314,0.2770078752639356,0.7185172844975831,0.7198621594549723,0.7537733203560416,0.7113478236938381
92,0.29051713703659726,0.27527681201302057,0.711963651345309,0.713296259628957,0.7468981150851771,0.7048595835627496
93,0.2897282156656002,0.27427164275519855,0.7147907321461298,0.7248181081658963,0.749204363009648,0.7166608188570341
94,0.2887890669614169,0.27293115806979507,0.7264897705701244,0.7273230414920702,0.751487312461623,0.710137178959245
95,0.2882108267627437,0.2714303213139571,0.7198832692248793,0.7298026919512725,0.7719346782701814,0.7036793836561934
96,0.28608795752128763,0.26935959658397246,0.7224280289269593,0.7231726971065944,0.7830912098119152,0.6972867096671829
97,0.2842243169173346,0.26786119748802656,0.7249471500217752,0.7256850599206203,0.7914236213741213,0.7118212796286045
98,0.28052179969286656,0.2691854939774854,0.7183744246333075,0.7191056442801439,0.7904011090604081,0.7082875558777879
99,0.2787499014518468,0.26605405848611546,0.7299826548263562,0.7125923973440907,0.7922995357311916,0.7018722929885867
100,0.2761751057779062,0.2668960797705741,0.7333570896032473,0.7142617520726288,0.7901203085604367,0.6996279027941187
101,0.2741504137292317,0.26358199728059795,0.7482149355811644,0.731515052838817,0.8032796564741275,0.7181988803354612
102,0.2721164730413879,0.26243226605024844,0.7504886291195549,0.7339395512534651,0.7960258037936219,0.711713332206277
103,0.2714138325363941,0.2618637996551266,0.7617608082329862,0.7453610240621887,0.7983182657788394,0.7144715453186405
104,0.26862964608942963,0.26299639554030646,0.762505874255929,0.7490579007720681,0.8067450078374746,0.7197280948095713
105,0.2681759155163963,0.2605139197023814,0.7733388178681354,0.7426224682704792,0.8180838779042701,0.7315632161952151
106,0.2668867248800626,0.2628211370965718,0.7709686262681258,0.7403519768884286,0.8197200763452229,0.7340195160642851
107,0.26658068539738106,0.2651946099086677,0.764041275230406,0.7336997243055947,0.8179005868975356,0.7325551786377372
108,0.26898693919375316,0.26370304121778565,0.7571830298958189,0.7271138331052936,0.8119584706898312,0.7439321131238134
109,0.2677223031271424,0.26596337490169925,0.7818986912749802,0.7518591594945059,0.8136446962806844,0.7462387757126092
110,0.26502154133558237,0.26506553450085296,0.7838525172480675,0.7540820898473658,0.8063557893513722,0.7485120553819221
111,0.26392408217439356,0.2632707654199759,0.7777780705660307,0.7642917387758967,0.8076185098128887,0.7512329950618304
112,0.2620446486445389,0.2606176610500427,0.7708243903900379,0.7574586323748211,0.8272193706284074,0.7445166396090321
113,0.25958003853489625,0.25966142241375756,0.7639397672589341,0.7596248922008199,0.8287625619601924,0.7378669843276905
114,0.25872005385695207,0.2587352340522194,0.7571234539074166,0.7528470786652949,0.8213678620657276,0.7312833074561971
115,0.2556173214488347,0.2567219647032953,0.7645103588013934,0.7587417919782004,0.8192684526169595,0.7373702329250099
116,0.25193408895142966,0.25545204619801715,0.7666073357096991,0.7519853843118313,0.8119730700341129,0.7308041336968418
117,0.25001615970654656,0.25279776270995247,0.7681481324015678,0.7458312635698278,0.8214707219107084,0.7342697200472575
118,0.25112024233567676,0.24792650937521438,0.7613216302706821,0.739203090571317,0.8232686276672498,0.7277442940296531
119,0.25341282940429666,0.2455214600860385,0.77231871346349,0.7503965438849904,0.8249020520218501,0.7302191571874967
120,0.2511269181250053,0.24366337025612503,0.7743380653243629,0.7526103279480268,0.8262391018027113,0.7328278283207781
121,0.24966318226511952,0.24227944964398732,0.7763375066994633,0.7725229636467904,0.8189183427733041,0.726334724896509
122,0.24800021677299972,0.24072018532836384,0.7829948799359172,0.7787103282817633,0.8205211841079038,0.737608552299272
123,0.2503271911449037,0.23954437591740518,0.7937399837943018,0.7718409060020065,0.8222053187754659,0.7399452147148037
124,0.2538382338765799,0.2383663586648267,0.786728363606969,0.7738562986249934,0.8149433219270458,0.7422427239003282
125,0.25099028439687454,0.2368976971435052,0.7925446394416019,0.7807428185614911,0.8077514723532195,0.7445174238780943
126,0.24840700923546669,0.2347192476432134,0.8208220421042354,0.7826758224256918,0.8006302154478419,0.7379536477322955
127,0.24564448359931687,0.231279649493494,0.8135927859873238,0.775782532910312,0.8023861322733771,0.7314542414685582
128,0.2447842390968932,0.2294066748186207,0.8064343623673372,0.7689567840796867,0.803606802767637,0.734335092198138
129,0.24341536398364408,0.22822612085243413,0.8119463763783756,0.7759667110022366,0.800353930635961,0.741649334778758
130,0.24219404400323116,0.22667863345451333,0.8357435221534942,0.7821309445058674,0.8021070136490592,0.7526988544750244
131,0.23958893634594053,0.22513587490891315,0.845956586916663,0.7752699528416493,0.7950707883556924,0.7460960463359316
132,0.241376321194851,0.2229523539499093,0.838543122544938,0.7772393543731592,0.8235099836707988,0.7395577008192235
133,0.2408652044070818,0.22245163020036635,0.8312019702247782,0.787944196985666,0.8163004412337302,0.7330831313125489
134,0.23978335567864026,0.22129359621803615,0.823932360376405,0.7810529153242107,0.8179070593234202,0.7266716590808062
135,0.23752596028596867,0.22291658716740986,0.8259411262540686,0.7824954559462617,0.8194980343201722,0.7291044243452851
136,0.24058596145175212,0.22154536045590711,0.8187440528376053,0.7843818354816232,0.812808163785776,0.7314810092718649
137,0.2386019491320212,0.22255402970649527,0.8168539391428978,0.7810128710040923,0.8057207186019929,0.7270445955719321
138,0.23607196458595187,0.22094227649517587,0.8135264235472095,0.787843363555666,0.8055190386897545,0.7313163507197842
139,0.23497383562322427,0.21966106135898716,0.8078989916519401,0.7882375070088864,0.8072114665250913,0.7423567914282876
140,0.23241179831612796,0.21780836968517128,0.80160313984632,0.7893507970691804,0.8001939071637719,0.7445966338799515
141,0.23042163398809679,0.21650761178274094,0.8227575782340459,0.7891186662532169,0.8089582707190562,0.7571555020554925
142,0.22710545164266285,0.21607767646027418,0.8156191585959386,0.7996245300956242,0.8019395768061968,0.7505862599750064
143,0.22492537506989013,0.2143098265938138,0.8085497463521171,0.7926937519451339,0.8036562735831007,0.7614156044040123
144,0.22355259117284554,0.21148704232521495,0.8102074906420824,0.7944887913480022,0.7966975123736354,0.754822599973667
145,0.22097877457373682,0.21020600791508778,0.8118492381586827,0.7876162861865759,0.7898059012829448,0.7482932162104566
146,0.21895912609224372,0.2087022282123742,0.8294181988113936,0.7907917291228387,0.7989237740974598,0.7518084724850468
147,0.21835160675420767,0.20651809472460572,0.8222578814534598,0.7839648717514148,0.7920267132715293,0.7539510949945409
148,0.2178768597649464,0.20983325297227953,0.8244921535534717,0.7851266571513262,0.8071074907138286,0.768700027673523
149,0.2158362044191963,0.2082396601287691,0.8173885838036896,0.7869779395094614,0.8173850841477814,0.7620771456488681
150,0.21511703002684257,0.20739395811563924,0.818960334828754,0.7888114373756484,0.8103497855304128,0.7555178868697559
151,0.21873288473432814,0.20537044964361256,0.8119185232367971,0.8078242913443896,0.8207074315318516,0.7490215837065476
152,0.21655113970425108,0.20452790022565373,0.8135341210804379,0.8094750581601725,0.8136576508758214,0.751177458889698
153,0.2179206638570059,0.20777102161559005,0.8320542210041353,0.8199339201722541,0.8125583954741872,0.7560129572601838
154,0.2167659135352305,0.20635868902847462,0.824921252967822,0.8129048560838349,0.8141073399641853,0.7581625298538223
155,0.21562052552710553,0.20540994745964328,0.83498480570479,0.8230713190675039,0.8071352011437238,0.7516695108781604
156,0.21387411505171552,0.2026899242403097,0.8449522002688015,0.8331406405613343,0.8165582503092292,0.763132332353856
157,0.2121009629660535,0.2006586125511082,0.8377303595180347,0.8260197536907968,0.8176418730508038,0.765641111261853
158,0.21029758476689267,0.19955160618408538,0.8305774006698061,0.8275052836445762,0.8106604397004765,0.7591036863026825
159,0.2093558903793544,0.19808973464942792,0.823901578983656,0.8285676839945183,0.8118665259559359,0.7615674963873953
160,0.20800941756213934,0.19688787656650472,0.8168807528511521,0.83002853382764,0.8219911315596309,0.7550778462681446
161,0.20933345696555677,0.19565915506396958,0.8099351083919404,0.8484929322442423,0.8150988663691301,0.7571656480166522
162,0.2089101124452223,0.19413425429158998,0.8115514985455401,0.8497814107762279,0.8081669297517866,0.7507263993592944
163,0.20727226176576816,0.19256134921216575,0.8121522391187469,0.8435620440793375,0.8237876465118236,0.7558451097749306
164,0.20704060677349975,0.19220558081287709,0.8156540534110838,0.84298232734083,0.8302139564374802,0.770789487052563
165,0.2045343331641638,0.19127177102008405,0.8172171110859525,0.8443136703016125,0.8316535616112668,0.7642540115200728
166,0.2031926343079537,0.19018278378494508,0.8171569239635691,0.8387703858522487,0.8262175141358089,0.7731129086799662
167,0.20217638031730487,0.1892952240258405,0.826861116945091,0.8319777346377827,0.8193785750077055,0.7833423122129488
168,0.20532091234164143,0.18836408917855368,0.8452227566625424,0.8249536521177764,0.8124739451036871,0.7851768606726214
169,0.20438978941007552,0.1869497371536554,0.8380847752290823,0.8179868450768334,0.8112910117583393,0.78975766878589
170,0.2034449453621583,0.18586077424776665,0.8394507970131875,0.8110857778605334,0.8044464349319252,0.7830947611979716
171,0.2012015105949235,0.18513834523679767,0.8408039403319971,0.8295344191495134,0.7976663868312956,0.776494669609869
172,0.19948527504145488,0.18409535270273522,0.8337245462672216,0.8309697038376952,0.7909502019828104,0.7699567462109903
173,0.20133541724742424,0.18408094233192746,0.8351374281473796,0.840788580893088,0.7843370604682646,0.7719060030435801
174,0.19993749747357878,0.1832280851443964,0.8281197942474727,0.833723460531977,0.7839018046745477,0.776070134607751
175,0.19920712866913007,0.18209457083878053,0.8215602916045803,0.834727073506136,0.7773212859392707,0.7779499295843852
176,0.1985668844763344,0.18066048797275985,0.8230567190885986,0.8444992618226719,0.770802529847077,0.7714259015735325
177,0.1976573119078912,0.18303075550281864,0.8228954889403464,0.8474456407577053,0.7727226999186563,0.7748955849959949
178,0.19620708785466048,0.18183227472553223,0.824377751727317,0.8403530086741978,0.7662554558271092,0.7684101551074218
179,0.19561571401258968,0.17796515064862384,0.8342071986997489,0.8333267675929124,0.7705666113235352,0.7619854324690027
180,0.19370189102278093,0.1767406618932902,0.8355920165816741,0.8347189394536051,0.7795917243892825,0.76521747504942
181,0.1913953356857606,0.1754802233730992,0.8362362036840082,0.8284814407209009,0.7807031977306428,0.7679042746974736
182,0.18986663716092683,0.17328053482361896,0.8495309844171207,0.8429896184106788,0.7920160253666653,0.7853623014342991
183,0.18902815454548577,0.17205394870484741,0.8711635379515823,0.8405730184960615,0.8009248439378998,0.7966283046914513
184,0.18666632803507036,0.16963557804430995,0.8639160165694799,0.8502187066744197,0.7942616633994374,0.7900008686013056
185,0.18574482876715442,0.16872081785056223,0.8567359735468862,0.8514635454196577,0.7959715635284508,0.783435137539891
186,0.1848406684031439,0.1673506379027875,0.8579254569296344,0.8526968043809606,0.7893628218129092,0.7852332184089063
187,0.1885545726444046,0.16652953728394365,0.8591038853281298,0.8539186015105182,0.7912277975568012,0.7787201506627961
188,0.18737879814305766,0.16407103100831952,0.8602713712562203,0.8551290534629332,0.7922166261105602,0.7812947966588453
189,0.18521256428343977,0.16365369608231148,0.8654651375911158,0.8522911640103231,0.793936628842772,0.79138307388849
190,0.18381008602189622,0.16285706848220516,0.8665776859241442,0.8452430643817475,0.7873710973728346,0.7848386592744874
191,0.18325460001582772,0.16219112407823455,0.8676799311405903,0.846521561859314,0.7808663681477539,0.7866161772273239
192,0.18210221775718438,0.160282598964788,0.8687719777572799,0.8477882299509428,0.7991810304324395,0.7801241798880001
193,0.18023093175934524,0.159041053428434,0.8616091094042992,0.8407983688161242,0.800836746637176,0.773692196648923
194,0.18053017322979067,0.16340299117813015,0.8601391615838363,0.8364828819220509,0.8081348345367358,0.7782062921114373
195,0.18010761259920982,0.1617402210938345,0.853061638454812,0.8296000108608904,0.8179419141954642,0.7718029410287717
196,0.17880523664134343,0.16042970987349345,0.8518431842070021,0.8252069028298692,0.8218647594921454,0.7876926879091078
197,0.1772029923159403,0.15939892241140743,0.8682933115437859,0.8278326225948832,0.8209770290126993,0.7917866960589618
198,0.17928480102772432,0.15861450860359358,0.8693737935104469,0.8210413333246744,0.8225736872407807,0.785291116703338
199,0.17969423965718573,0.15857900803012218,0.8786134186471012,0.8143389106858179,0.8242027424449144,0.7870771838599971
200,0.1776993267361363,0.1575888225382878,0.8807641655205252,0.8228893650495347,0.8244851310538079,0.7899773660378328
201,0.17975831813555923,0.15757717141556882,0.873578575987055,0.8406779335124818,0.8259641035185953,0.7917073606494154
202,0.17883151251053253,0.15672554106189973,0.8664406097510747,0.8338087967574216,0.8192151927221213,0.7852383599614037
203,0.17760364931059464,0.15964794968313833,0.8724347305431632,0.8384242572528046,0.8250464620891877,0.7909439229306238
204,0.17627909200884923,0.15773828710946874,0.8734749773142875,0.8397418466358744,0.8183185186460383,0.7844940728619318
205,0.17991094273469294,0.15696552522856125,0.8663592368520714,0.8329009122174715,0.8361756317578195,0.786258378815784
206,0.1785800906915767,0.15603658284223812,0.8673015566755143,0.8262677820116355,0.8293705578907566,0.7879978788267644
207,0.17980695176141911,0.15602042094884516,0.8683177311761741,0.8196127525011603,0.8307920166672259,0.797914384148965
208,0.17874412183344873,0.15640266692489146,0.8724673057418966,0.8179978285064435,0.8306884086122328,0.804228680607728
209,0.17618230271772528,0.15529368879661404,0.8704518983844063,0.8144108346608638,0.8320621947981452,0.8139311121224673
210,0.17713038572448264,0.15838737561971866,0.8685579249133863,0.8188592611709998,0.8415295089104684,0.8235467624892209
211,0.17585114118601783,0.1576207892079639,0.8696223087504084,0.8122283512297813,0.834715021182158,0.8168778943779428
212,0.17563296561266487,0.1543727835317088,0.8787666652217848,0.8056577106047059,0.8384847714815589,0.8102696405902006
213,0.17461689414337256,0.1531361734911642,0.8716648584849822,0.7991467383714961,0.8397900667133699,0.8037213967617688
214,0.1763011568973549,0.1530494422796962,0.8727009701774203,0.8007683239355192,0.8418196121846006,0.8054590692798019
215,0.17550153815471986,0.15195923514940254,0.8656622752041098,0.7943097955631658,0.843095402562565,0.7989627081023937
216,0.17467609044650756,0.15122937765919256,0.8667446816765239,0.7879097611340743,0.8524169913131157,0.7925251835144083
217,0.1735676229152504,0.15023002863291904,0.8617820348443155,0.7876028981607135,0.8536049311796384,0.8022445101841115
218,0.1728206685918163,0.14902133229280193,0.8548522262504205,0.7812695828773,0.8694136685054402,0.8052856838912725
219,0.17177839164227127,0.1481655992320722,0.8640514470219037,0.7830266918222546,0.8624294796857398,0.798816649099392
220,0.17065768486629443,0.14725307618792227,0.8648989601106302,0.7769862550317981,0.8632900093672358,0.800674682913221
221,0.16985351380777666,0.14655571762143885,0.8659820876826687,0.78679136022745,0.8643860361657618,0.794255540425445
222,0.16971483890224626,0.1458307751568634,0.8670554577333788,0.7884989809814773,0.8662015285042527,0.7878942257700983
223,0.16868489159800365,0.1449022686175963,0.860118018264435,0.7821900835481082,0.8672720699428194,0.7975924640588684
224,0.167692412403284,0.14369497648616328,0.8600947986018448,0.77707923734363,0.8751848182061369,0.8083448069833021
225,0.16633172239334693,0.14618825169296737,0.8612119643258971,0.7788592957884233,0.8681963254886411,0.8022407230807663
226,0.16570259116623198,0.1494693477697964,0.8633001869441272,0.7796422898813583,0.861270566242222,0.7958698123478944
227,0.16359112750265292,0.14732677637966288,0.8564203683408198,0.7893675740915739,0.8623761299309911,0.7895273604133205
228,0.1623093613663407,0.14585988059247051,0.8496021980222863,0.7830832273349562,0.8629438806610978,0.7917308904442232
229,0.16213102099339285,0.1482112961231578,0.8486090222497491,0.7790444753922992,0.8618478473978116,0.7876274890408468
230,0.16112361283843965,0.14687671415338474,0.8623275385890837,0.7921203852070443,0.8617501924480165,0.7984555162527317
231,0.16168478845884798,0.15116289054322282,0.8610803458787232,0.7881729664615867,0.8684812088242726,0.8024370595640284
232,0.1641886267271824,0.15043363201873242,0.8695382913480766,0.7904257144877243,0.8628023567742816,0.8192894759318607
233,0.1688156508518712,0.1551024412998191,0.8644949477876103,0.7902411295919879,0.8710753603832526,0.8235693972908226
234,0.16754812702880598,0.15421096834039555,0.8655672830294285,0.7919010811978509,0.8720956207524605,0.8170519835532616
235,0.16769802129052133,0.15168391989778165,0.8587243604058744,0.7935462505882932,0.8760760623475924,0.8105926087449761
236,0.16627978747340164,0.15080027195702736,0.8701230324731363,0.8006894915116402,0.882196241841934,0.8227426730103784
237,0.16543752748659785,0.1490837254473084,0.8779985035074951,0.8033011938644627,0.8820865434260127,0.8251803776824452
238,0.16417029898667893,0.14803439720119704,0.8789601225860237,0.7969695522368346,0.898779994285766,0.8186762837391744
239,0.16387391733847392,0.1514884407823433,0.881140431907605,0.7973410208850517,0.9120018505668978,0.831370351217476
240,0.1662777380696724,0.1501761740626198,0.8742091357750976,0.7910689142670573,0.9055226893274856,0.8328271621230189
241,0.1655521532482639,0.1494263574803771,0.877382916533621,0.7983839341878449,0.9084503951474928,0.8476724446135875
242,0.164557785032121,0.15207625019291338,0.8793264022596813,0.7989858608298666,0.9013185492003933,0.8413031865625002
243,0.1627920247205164,0.15081214191355816,0.8802728109114019,0.7927196423243155,0.9020924797083911,0.8347050853258381
244,0.16225868646217814,0.14988925500338574,0.8733759822901328,0.7865087819523316,0.8950246966802606,0.8281652741997468
245,0.16308880217082333,0.15062410456088016,0.8665400288408334,0.7803527420223199,0.8958639770507811,0.8298714867704047
246,0.16157753855634108,0.1486794367626754,0.8597643597674512,0.774250990499632,0.8998312492049203,0.8358679722289913
247,0.1636812500206513,0.15495823449809548,0.8570989860069183,0.7719638123559933,0.9084251189723179,0.8449614891391853
248,0.16233669621672972,0.15729868073837414,0.850410528845878,0.7659397159877651,0.9091397326619625,0.8462039690071074
249,0.16089237442426804,0.15632624610583265,0.8539440069607569,0.7653970945321026,0.9125623066990824,0.8602802859430938
250,0.1597333941469167,0.15475081760166656,0.8628695000089833,0.775012191627709,0.9202149622501867,0.862184741890011
251,0.15871596645753774,0.1539817526645919,0.863936405977144,0.7767626471101255,0.9324675736712558,0.8827460043136683
252,0.15770796712612858,0.15349595359723198,0.8700408597273304,0.7734508410636505,0.9252200185206967,0.8836573548253159
253,0.15652956573846,0.15237268939430723,0.8788146295292794,0.7674452437010957,0.9180359822406798,0.8767960392797242
254,0.15557751482980664,0.15134878495106974,0.8719977364928355,0.7614922338605106,0.9178341948211677,0.878589297888727
255,0.1578373562166475,0.1500560902558074,0.8883998306996984,0.7634286162992834,0.9344779967366611,0.8797064222697565
256,0.15988683557618594,0.1493695367800576,0.8891772775237372,0.7576050919024987,0.935137890692753,0.8884655819524087
257,0.16010995008515208,0.14650455519704753,0.8840274131340127,0.7654866291724963,0.9383615857594746,0.8979252108459861
258,0.159490925489956,0.14479198920605915,0.8849234118106903,0.7595725159730935,0.9311118488879739,0.8909878834791038
259,0.15819708353176545,0.14367314406727663,0.8935298296429058,0.7614281906485378,0.9239253132679687,0.8841110338618823
260,0.15700447284861532,0.14265965080372853,0.8943507695798519,0.7632677023678226,0.9245118883464111,0.8772940817150259
261,0.15554374080925187,0.14117547589913687,0.8951645654434985,0.7650912060870496,0.9306975398840966,0.880337890169924
262,0.1547459350617742,0.1404737216511698,0.895204305571487,0.759970725012468,0.9381589600937894,0.8897207936310189
263,0.15330258359668889,0.1394780711256817,0.8890536638444786,0.7610847617786562,0.9309469391041697,0.8905685560943994
264,0.15266384967665533,0.14246032390822494,0.886060397362453,0.7590851371807555,0.9430131633009288,0.9031655035570179
265,0.1517581768916216,0.14171218252972148,0.8869345487732672,0.760933450342681,0.9357783102030285,0.9039084235753576
266,0.15056831738888604,0.14115939503360994,0.8801367353561441,0.755101358645011,0.9362705303619748,0.8969805157402984
267,0.1489350697350874,0.13997270960707867,0.8741315539732926,0.7562426930024059,0.9436814318723897,0.9061598274961362
268,0.14836409173116685,0.1393301767033685,0.8674452536998754,0.7581072116106373,0.9517612947932322,0.8992285404663899
269,0.14998537857986102,0.13820353209836939,0.8610608747977816,0.7673529060950016,0.9535005779038265,0.9002427242785286
270,0.15241826775906164,0.1373830308301237,0.8545154024836178,0.769101196466243,0.9693770766584205,0.9011150102166956
271,0.15156796648665788,0.14002575070555806,0.863251056988057,0.7784882337960441,0.9779405899217734,0.9090219890299629
272,0.14987807524184085,0.1388534721894286,0.8696944638490479,0.7747742514140252,0.9704901078665271,0.909715108883193
273,0.14928992973790722,0.13818014896861944,0.8630752820102847,0.7764884283423964,0.9859365612797709,0.9027913328015122
274,0.14829090711040535,0.13702248302788364,0.8683402333382617,0.7815673104880971,0.9784401693626367,0.903530441478156
275,0.14771355388825175,0.13659639304170204,0.8617445629910776,0.7756307430733904,0.9781912255776636,0.9046759036003952
276,0.14665930460018636,0.13515361267672896,0.8552055338169693,0.76974515669999,0.980319990534308,0.9110240873213321
277,0.14445866828812767,0.13620307705628087,0.856303154779437,0.7714906138944405,0.980883217618837,0.9124486060350989
278,0.1435860487790061,0.13893436092318612,0.8498183982057652,0.7656481399971364,0.973455020189042,0.9056776090540439
279,0.1413107207040406,0.13893436092318612,0.8585199809827766,0.7674211053319848,0.9660904445214616,0.898825796547066
280,0.1397220033411102,0.1381634892885044,0.8595892639639172,0.7691788988039431,0.9706210957534568,0.9028739238169795
281,0.13791251025570414,0.1399126980637441,0.8615125790335282,0.7700584892957586,0.9632926314503697,0.8962133428338962
282,0.13730046247392325,0.13904229050697306,0.8676539053160925,0.7742388623363239,0.9584727533617985,0.9020929303867824
283,0.13646508965820564,0.14169357842581193,0.8725986644974663,0.7795277098910431,0.9587856693825707,0.9030785949134055
284,0.13593635983406355,0.14126388986540428,0.8660300328089775,0.7736596853047413,0.9586689620008579,0.9042351420379174
285,0.13810116050687007,0.13896950649900544,0.866661242223393,0.768217918026695,0.9518358985902436,0.9124754499636148
286,0.13723056858679306,0.13783909288328317,0.8744875342671444,0.7706472685144851,0.9453731696744343,0.9199575569918217
287,0.13696067454652047,0.14110232343774337,0.8867819299471513,0.7835315296262751,0.9455936825011735,0.9208271315307697
288,0.13570008566060418,0.13962406772270536,0.886282823838781,0.7790048828671551,0.952151244382821,0.9302663269255171
289,0.13476263813590805,0.13885216263557917,0.879644457313841,0.7881502853218508,0.9450195153485001,0.9232985185940938
290,0.13413038825275375,0.13825539062937264,0.8877740735802218,0.7825064399659079,0.9380750766520833,0.9312282854675895
291,0.13349407950440728,0.14061988773360426,0.8925179331642648,0.7877024420167692,0.9424429283519639,0.9366164472710908
292,0.1322512971184228,0.14238000488455552,0.9015577664818821,0.7959859930412209,0.9462218362826555,0.9418231007319973
293,0.13102962443489707,0.14419596696522682,0.9031083394712205,0.7966918105717605,0.9474392054223436,0.9418341143204779
294,0.13083116405342723,0.14729226491185013,0.9150097323780113,0.8019332664029134,0.9450361755168971,0.9376958054885952
295,0.12979679518201623,0.14607816612147667,0.9133152423718667,0.7982898893190087,0.9482361756367881,0.9428142186867732
296,0.12902846712731814,0.14472188764089486,0.910989238289592,0.7953230638946202,0.9530883083233436,0.9536481880305205
297,0.12862274409777083,0.14419665360873268,0.9116506274248389,0.7894134634894175,0.9534368828394446,0.9465621622703615
298,0.1289456203680813,0.1468004890607705,0.9123064460011231,0.7909766501712641,0.949185793328174,0.9446871528790899
299,0.12825885149020222,0.14579774746779048,0.9055411517079195,0.7851110883954852,0.9451824522549309,0.9494774891056891
300,0.12725821607745863,0.14490128739938307,0.9136491022739306,0.7941112068136933,0.9455885506367573,0.9424435868651228
301,0.12866585294974786,0.14397765321183206,0.928982540985908,0.7957421245522364,0.9388780814169073,0.9429231393573215
302,0.12792556373713915,0.14297907728119308,0.9221142194442211,0.789858900127061,0.9393299790269829,0.9359517496654014
303,0.12682295568486548,0.14121204504952992,0.9226894831156072,0.7914110003918254,0.9323920962899526,0.929038818499909
304,0.12584830140022113,0.14038206877050527,0.9369407689477431,0.8014050812027775,0.9255123398895506,0.9295624132885691
305,0.12478720980442996,0.1390479750931536,0.9309451272532182,0.8019582030519924,0.9445320362046369,0.9337246960749508
306,0.12951386621594135,0.13683788602444502,0.9314543602897036,0.8107797003467132,0.9375783570538452,0.9415773269331155
307,0.12852632332422897,0.13907342992662872,0.9246021106910556,0.8048151946090786,0.9342970354008955,0.9386217066760906
308,0.12852632332422897,0.13852238392595687,0.9178070681489517,0.8062496376423227,0.9274307433720296,0.9317236319755697
309,0.1309060146249038,0.13717569062467333,0.9110687051486602,0.807672115544609,0.935698498899519,0.9248830962398148
310,0.13324818624856177,0.13614689431149313,0.9043864994616353,0.8090827385591177,0.9370816783883504,0.9180995693218109
311,0.13243468739092104,0.13540950700486604,0.9050870728472843,0.8104816158251248,0.9421593955892777,0.9287372367311589
312,0.13149005973012629,0.13367496754285055,0.911871842809802,0.8130986458043057,0.9413529877149557,0.9304886574092159
313,0.1334379759396336,0.13359580289739476,0.9198287790078928,0.8144653617934517,0.9425975363288861,0.9236844599154477
314,0.13274450221347447,0.13267224671936195,0.9211198142842167,0.8224205486591029,0.942311502996767,0.9249473287090768
315,0.13419084693518654,0.13587173039632958,0.9340403166809245,0.8332653263886974,0.9427351568533081,0.9254989727585133
316,0.13181619314500453,0.13448598310131418,0.936251290369916,0.8327508328989137,0.9358620571022164,0.9260421295380894
317,0.13118462664773187,0.1340979846627846,0.9294322842768906,0.8339689600206025,0.9363291934660459,0.9192974799032425
318,0.1306952130890283,0.1325342989130906,0.9226697090600664,0.8351770064971263,0.9295164361456469,0.9126086458056413
319,0.13018979976841705,0.13532227032061359,0.9232318040371162,0.8363750645365335,0.9264081893955141,0.9097307879919808
320,0.12959479520769943,0.13485074648191614,0.9371619177325037,0.8314520536209269,0.9269425756195836,0.917647767376488
321,0.13182405208070014,0.13431245331477268,0.9376177597917484,0.8326747396130271,0.9275944211880001,0.910990937109747
322,0.13109358190657555,0.1367759832161031,0.9344868203246633,0.8302233832766788,0.9280382060699728,0.9119589865486644
323,0.1302659186985133,0.13573912496254523,0.9389670667506472,0.834686312002296,0.9213194520994811,0.9125963804671726
324,0.1309774009288809,0.1347504101554224,0.9321759851645063,0.8286494412276281,0.9165240286694843,0.9059960249334941
325,0.12969092564191181,0.1344087870446519,0.925616727639882,0.8297115269331052,0.9275423359726267,0.9072031362236758
326,0.13127375855703366,0.13789454817308885,0.9239597140342661,0.8259165420150758,0.9359231469659103,0.9072400965374335
327,0.13071086899168838,0.13655828663092073,0.9172971907442498,0.8343826669601697,0.9363851947361822,0.9006981356910831
328,0.13048234486803473,0.13940707945528732,0.9143529160469297,0.8319121179360138,0.9296398220713072,0.8946867449626144
329,0.12948220928866583,0.1388955858299623,0.9362177619822231,0.840658978634591,0.9370017965199778,0.8957854222740348
330,0.1320162777880336,0.13832612261278018,0.9296003410015187,0.8416912483474887,0.9517012099368547,0.8969877284341673
331,0.13151451226426986,0.13726930710150237,0.9372880066818384,0.8500102816753063,0.9520480943436722,0.904909619583705
332,0.13461263083978614,0.13621510553939292,0.9520767278290716,0.8510974148016942,0.9525229152976804,0.9056028569202691
333,0.13739230439659642,0.1356811481842024,0.9667447449174634,0.8450078887348736,0.9457374704438151,0.9062830963479017
334,0.1410225613917006,0.13968063224198782,0.9617744464929836,0.844165601723757,0.9529695942429143,0.910436286495211
335,0.14303882538518195,0.13911899838318698,0.9549116562434108,0.8524165767187929,0.9534696823478392,0.9110941185204606
336,0.1413672548589139,0.13832820168286497,0.9602445217626692,0.8484605881651708,0.9588128525457352,0.9138650377533596
337,0.14036117901291578,0.13779160295933593,0.9608844036812998,0.8563254657760749,0.9655338515410449,0.9151920909533826
338,0.14090568572011147,0.13722132852969224,0.9611633742710781,0.8573501457840698,0.9692862692785915,0.9086649840854852
339,0.14008025283007922,0.13627625562809825,0.9556473839126441,0.8570343709686885,0.9797583582302628,0.9133121200147121
340,0.13898139788905997,0.1359959108240417,0.9622587110306375,0.8588740227561956,0.9790803673609083,0.9147512034861908
341,0.14091661597924773,0.1357395477329493,0.9625270738279261,0.859877511589181,0.9865277765600589,0.9223502714290875
342,0.13985106516534493,0.13485003185395064,0.9698967441333333,0.8679763512170929,0.9937269583044906,0.9157983728348607
343,0.1455041336496185,0.1332853082609157,0.977206750455489,0.8689132414771525,0.9937930887139464,0.9092995176403778
344,0.1449240872294936,0.13269537665661524,0.979414233568133,0.8748859475366784,0.995882986476572,0.9220752029857157
345,0.14376067775990076,0.13157772417727318,0.976243730200347,0.8720061231421676,0.9921462364251956,0.9263929898376736
346,0.14719741099252068,0.13620254747479535,0.9710766984084122,0.8711716812998416,0.9922018562028225,0.9269138228544579
347,0.14628665279855183,0.13492129910077946,0.9789460314463246,0.8714853984021417,0.9851889206161086,0.9274303998487425
348,0.14569681913046909,0.1343771040316077,0.9797911941920122,0.8787573264116079,0.9909614884226743,0.929335814800547
349,0.14684794522403044,0.1348389150912962,0.9853734677032305,0.8741728419187168,0.9921064352234086,0.9359741512098216
350,0.14610670008547755,0.1339510809523351,0.9784296582370775,0.86801265001816,0.9921620602342435,0.9293784528434001
351,0.1465987321362987,0.1332416544587456,0.9849627397459626,0.8625605897119537,0.9876052801998928,0.9302049209277707
352,0.14570703362991752,0.13237286442528998,0.9845995412756341,0.8569633250770926,0.993787345955015,0.9316336809101735
353,0.1453441348071252,0.13184056365217545,0.9987592852538519,0.8509424961994936,0.9868052227116659,0.9250882351422777
354,0.14407695350964383,0.13075853538988044,0.9987679935200714,0.8519886935056341,0.9847637333572847,0.9277481222605846
355,0.14318736105256114,0.12967400672491458,0.994041056223185,0.8507503508467751,0.9848705660127199,0.9352664676715987
356,0.14270017975793817,0.12901352061563584,0.9870780707904442,0.844791077572538,0.9849765435553974,0.9287151821393177
357,0.14387570006992317,0.132292051646746,0.985216049356088,0.8408319074895109,0.9850819898397923,0.9292156101472585
358,0.14384239774036484,0.13265213760521738,0.9837530104553653,0.8365202675372844,0.987801802587288,0.9307507654976583
359,0.14521815817645553,0.13212168681011902,0.9838664752632118,0.8376619680584622,0.9879770290351776,0.9384317206280246
360,0.14418746016166223,0.13433638481008195,0.9770022717851508,0.8318177988148175,0.9845286877444855,0.9356354432826839
361,0.1436500181240806,0.13344801818633542,0.9703560603209554,0.832826704251546,0.9844732303570022,0.9362473399101514
362,0.14561217192837758,0.13684142781643666,0.9687451121775461,0.8288452324236928,0.9879127898450598,0.9333798972751914
363,0.14481642654138074,0.13618989857681976,0.9689625169370445,0.8300357617672405,0.981041002504095,0.9268874333367373
364,0.14387010725014932,0.13564419006109918,0.9679200572578731,0.8255260527615482,0.9868635224396891,0.9356025344882056
365,0.1431337100786591,0.13487272260569408,0.9681427551459926,0.8197952785511523,0.9869547154269561,0.929107613028259
366,0.14240834365616875,0.1341881708968582,0.9614286580193457,0.8210450033423123,0.9939802128529935,0.9226642257056548
367,0.14168208027845086,0.1366153079787596,0.9616958839968107,0.8222848208194456,0.9907962912681958,0.9196917599931588
368,0.1429120919991378,0.13969741258973664,0.9666578540963813,0.8257391291944921,0.995311425922503,0.9296537098038029
369,0.14193084719241714,0.13853217608993088,0.9668883901655483,0.8200297590312102,1.0022580980195657,0.9232258478250254
370,0.1414785358475509,0.13780170895355204,0.9602097601157279,0.8143655319641387,0.9953351572549515,0.91684880994478
371,0.14105155152858637,0.13685561394587678,0.9730623261260658,0.8237698137403443,0.9941444637592058,0.9186454726545813
372,0.14305056669077088,0.13582795356810318,0.973248022123753,0.8249846640059336,0.987353376494094,0.9260998359655648
373,0.1423441400577983,0.13472409495897286,0.9789311873065515,0.8275776524934428,0.9929394030053745,0.9348831317470971
374,0.14132031189085822,0.1342251922215515,0.9900745678870934,0.8315249846580866,0.9861082091642449,0.9353311207663833
375,0.1409725498328805,0.13357696616825382,0.9897866010890009,0.8261661858169413,0.9793307931653813,0.9357755830400701
376,0.1406652366077853,0.13205095815606052,0.9835347465818474,0.8268156894526748,0.9726066850913061,0.9362165493852999
377,0.1395430250451941,0.13096026453864215,0.9806096757348626,0.8241824364040121,0.968973428169265,0.9404752023977243
378,0.1388868513957971,0.13043263323079377,0.9875948491575641,0.839091801988617,0.976038336709419,0.9340307794596959
379,0.13778302464694397,0.12994079652115698,0.9945252242000635,0.8401932919985243,0.9693569090975337,0.9276369127379519
380,0.13585134540296598,0.12945332496151024,0.9945626640790002,0.841286148403879,0.9627278512786819,0.9212931618741281
381,0.13479054377631897,0.13162052373575434,0.9914412968562925,0.838697181349053,0.9561507074615331,0.9150406539343637
382,0.13418428475877384,0.1319076852570579,0.9945908150153494,0.8367069596735439,0.9496250261819197,0.9136301965564887
383,0.13300373818329148,0.13387359861608208,0.9878095665434611,0.8310021836932661,0.9465955796659601,0.9108516772582268
384,0.13220850162725187,0.13268597744065283,0.9959553240381109,0.8309018705819059,0.9401480196845627,0.9114588945012245
385,0.131402989105914,0.13177653665422032,1.0014736624680887,0.8265616834726788,0.9467029442497543,0.9195227243566311
386,0.13103322389930389,0.13114248121785302,0.9946659396881794,0.8277406660286677,0.9606606524394065,0.913272079899522
387,0.13162141136366703,0.13047854999843794,1.0009115397301027,0.8227010869124993,0.9565883241479268,0.9141518084996988
388,0.13066347232337444,0.12958579905252016,0.9996977207485204,0.8183274161742565,0.961251687780887,0.917149483194385
389,0.1297592924256859,0.13132225870258404,1.0011024351959257,0.8181560077367368,0.9547369556717081,0.9109881658178204
390,0.1289686888383104,0.1305156797213979,1.0006755593097778,0.8130360380151025,0.9609751574241875,0.912429650106002
391,0.12807383545975637,0.12956371391928012,0.9939071884002713,0.8143006251529131,0.9544753121549029,0.9062581570148662
392,0.12766113011792973,0.12903776252843843,0.9889740736255604,0.8137726464820938,0.95478292434354,0.9136486156440257
393,0.12752149606458088,0.1318362892992977,1.0011754432973947,0.8164033681068125,0.9530571723709226,0.9096090591883741
394,0.12707223010794833,0.1344839406273138,0.9982207811142935,0.813844654412247,0.9504269976996067,0.906488869638035
395,0.12625723937794248,0.13335160405356528,1.001069131905426,0.8189991816613102,0.9518250324161598,0.9127915645550493
396,0.12541269528706683,0.13245461481706183,1.007792003535488,0.8269473962478051,0.955789653168172,0.9164681501299827
397,0.12474880185986376,0.13101093173168762,1.0107363482660165,0.8318374950198247,0.9523602871380221,0.9207563704136497
398,0.12344663575732287,0.13101093173168762,1.003947616014936,0.8329669787105418,0.9459636447227832,0.9145719995063022
399,0.12268115114101079,0.1303759083330587,0.9972112208650161,0.8407976617651183,0.939616316628509,0.9084353064324325
400,0.12204124612808107,0.1296777361479723,0.9972299146105976,0.8351616264917077,0.9400210805626827,0.9023458824681506
401,0.12459381219905462,0.12827840818649425,0.9972484644890985,0.8295689661501405,0.9338811578467553,0.8963033227154293
402,0.12438774284632131,0.13084484986580383,1.0057452157261446,0.835610387870817,0.9385626521671676,0.9000511837789015
403,0.12393750463991486,0.1334158726310244,1.0057068197543146,0.8367090235387074,0.9424665309364245,0.904100830731692
404,0.12266079110703815,0.13199527287381782,1.0019288622223577,0.8348626412162803,0.9391107934750337,0.9084809521830135
405,0.12194090481987205,0.1311969197661135,0.9966391668414538,0.8345711313140144,0.9342400800457036,0.9143681933266387
406,0.12385243940360466,0.12976017366911682,0.9901284430512587,0.8488696197234146,0.9434391583809215,0.9150687510720612
407,0.12531358151475602,0.12843648727979895,0.9968505943995956,0.8565320522225216,0.937456018896097,0.9160525278446672
408,0.12444712010056944,0.12843648727979895,1.0035213260698708,0.8574860837731217,0.9312221343721885,0.9099609720155813
409,0.1238406024236785,0.1275131333025798,1.0091329373275868,0.852797820073692,0.9311749663246127,0.9110631832907552
410,0.12271289761060511,0.1268220668927858,1.0085618167191472,0.8476487350546358,0.9311212139857358,0.9121639225443294
411,0.12228887800507195,0.12546787547180258,1.0018751836771842,0.8420289347153446,0.9249480020196482,0.9061163949430838
412,0.12111933329222134,0.12437662525979447,0.9952395211199484,0.8364519726693417,0.918821846861413,0.9001149660900875
413,0.12041374507196875,0.12371264354676455,0.9952710194131796,0.8507673539370548,0.9259755949109059,0.8941592448573806
414,0.11945236007398422,0.12280494277803437,0.9886922685071845,0.8583637926597895,0.9330749064453729,0.8882488437430411
415,0.1182900077760763,0.12201487471852744,0.9821635352060156,0.8526956707818698,0.9269134369889638,0.8889867816419594
416,0.1174737853401057,0.12108480992937562,0.9815505043342979,0.8543981028902068,0.9310593232334025,0.8992489707429053
417,0.11679125917911878,0.12049782025474963,0.9816720903703591,0.8553576498519958,0.924923447516204,0.8933227319033273
418,0.11811062936720013,0.1192922711809606,0.9817927544046204,0.849726298167428,0.9216273164412966,0.887441432458543
419,0.11769682112502641,0.11897283308926358,0.9753354622700657,0.8441376126560868,0.9217340407691765,0.8885904709792262
420,0.11619814834736707,0.1181963282297311,0.9754975198308423,0.8385912333172671,0.9288187529634511,0.8827520155484775
421,0.1156273643048468,0.11735090815539818,0.974329136403818,0.8344160187519418,0.9410845663697879,0.8979786370221571
422,0.11517461816137477,0.1168396239105678,0.9679401286006899,0.8289444688868337,0.9414708949225574,0.8920902854327214
423,0.11450415228040836,0.11574749068214339,0.9680732129960334,0.8301419500939083,0.9386173799045104,0.8960341055954644
424,0.11370252394974445,0.1150782685337083,0.9682821495149135,0.8312535417378385,0.9390190824297567,0.8901702444183992
425,0.11319267172808381,0.11445819138273193,0.9619518133865792,0.8258190572441347,0.9393410965658757,0.8909649388531239
426,0.11495939442036683,0.1144416530914989,0.9556691488900252,0.8204254980249263,0.9334964891037643,0.9046239252905622
427,0.11422276501578947,0.11355202934765352,0.9549911173814764,0.8160397948315631,0.9339304002733141,0.9117708549378661
428,0.11294474958975478,0.11296696381173615,0.95283286480445,0.813172379911158,0.9343610494660445,0.9188640567245479
429,0.11439544399785244,0.11648010892552228,0.953139998288586,0.8143889265098191,0.932716345033258,0.921465261763927
430,0.11362951530793025,0.11560485130641228,0.9658243373206389,0.81622701485902,0.9331540313280788,0.928481228325903
431,0.11320848440942002,0.11492842929924033,0.9719241937457656,0.811543517142667,0.9270898467042394,0.9289459994365037
432,0.11250147794120059,0.11425436825402076,0.9760670922131546,0.8152984603665929,0.9236025585553844,0.9333679163712784
433,0.11214654090299653,0.11337951452930266,0.98270791651565,0.8164963615804107,0.924098042177344,0.9273144608225109
434,0.11462021427994534,0.11297586791531122,0.9949843182373987,0.8120000625042215,0.9181139898158643,0.9280500263108349
435,0.11390614102701946,0.11214076511785416,0.9950167829732611,0.8132169196737605,0.9121713623562858,0.9285157330684968
436,0.1164738638639696,0.11174439947888833,0.9950303481662223,0.8079771720924992,0.9127525527645786,0.9354627974407409
437,0.11553617788107413,0.11063916054931584,0.9977272748659335,0.8130124748480503,0.9068564320342481,0.9358796893319054
438,0.1149477660027556,0.10985723351595769,0.9977419413471971,0.8142191535585825,0.9074575114934044,0.9298402164001218
439,0.1143826994947774,0.109657321068403,1.019319791632427,0.8131939773416154,0.9016073073334994,0.9302925230400201
440,0.11373284345976026,0.11119326149443516,1.0165674951305106,0.8105845819608072,0.9086813563207875,0.9388641539753301
441,0.11344831888862714,0.10984957992729895,1.0180628907770666,0.816635204309438,0.9028349667482313,0.9392574975497545
442,0.11282798237375327,0.10930253252656069,1.0152368748333234,0.8140962012898584,0.9061694114243681,0.94979299569281
443,0.11214651763104747,0.10885547835032257,1.0087179656910057,0.8152899029796262,0.9067719043960651,0.9436943064150513
444,0.11214651763104748,0.10847844060162387,1.0086620429556983,0.8164747543807885,0.9073699303918602,0.9376408337610824
445,0.11353537503419886,0.10890058454662854,1.0021982917213146,0.8112425859470411,0.9023375095748818,0.9374347888573192
446,0.11398649691541848,0.10936883434898416,1.0012258240859742,0.807007537088233,0.8992254328631656,0.9366837131511142
447,0.11328769825800758,0.10875178456164417,1.0012179844027063,0.8082418086282147,0.9156759332379002,0.9660507194163179
448,0.11242319867636366,0.10773673419523035,1.013988296323945,0.8030779138545847,0.9098256368098901,0.959878576119843
449,0.11186962705595695,0.10725880218784539,1.0075163527837867,0.8107174617582293,0.9104011891998456,0.9537519965798454
450,0.11144567901243961,0.10671786369503686,1.0119403348756282,0.8138287535512149,0.9065005879678596,0.9585187953423815
451,0.11392228037616811,0.10669852283148695,1.0054999721132007,0.8150090428428267,0.9072969704961192,0.9587942358153468
452,0.11539929352688377,0.10598599095187672,1.0013085100316388,0.8203427032919967,0.9084231730367833,0.9665235315699364
453,0.114809992219888,0.10543883914607749,1.0025833706894036,0.8265588195485005,0.9179288830548847,0.9895987147086687
454,0.11441347461496984,0.10803796332210522,0.99621613681576,0.8213094872054265,0.9151347720544828,0.986891135322835
455,0.11361374696447796,0.10764722446086253,0.9967065806898125,0.82832122798128,0.9210848029862196,0.9879071787103408
456,0.1142382954809263,0.11082667554330532,0.9903893164661286,0.82307121342271,0.9190166861415185,0.9905546343529443
457,0.11382685174980194,0.11053428983176254,0.984118366024183,0.8305232951158567,0.9131976531629741,0.9842826371506409
458,0.11631615872611271,0.10939245067880027,0.9904781434269416,0.8253359972074966,0.9074766074596253,0.9844151350497757
459,0.11442287521091309,0.10864069539611844,1.0094957708372094,0.820120573219499,0.9017421244331911,0.9781944657382982
460,0.11675462789089162,0.10811623026345644,1.0031538051851008,0.8212253065711252,0.8968135321037621,0.9783629365611785
461,0.11609643319708275,0.10953312421157335,1.005574772758238,0.8199118968317676,0.8930905883742835,0.9785884285724282
462,0.11757941938489382,0.10914632975816897,0.999239427045041,0.8147462687138859,0.9004855953166306,0.9852663324486929
463,0.12284967417439283,0.10839871043992573,0.9992442140351844,0.8159122420500472,0.901183257522855,0.9790651387416773
464,0.12222946619219777,0.10796778264330405,0.9929613305972099,0.8107820832356011,0.9018045811852629,0.9729091339747769
465,0.12176123907998529,0.10757205530783451,0.9870286097560355,0.8116662095388419,0.9024213810825262,0.9793606522664776
466,0.12115884002949795,0.10717781387204475,0.980834933334185,0.8065729449518347,0.8967586211834327,0.9732150928364118
467,0.12076953833794066,0.10668018218589487,0.9746862744173035,0.8015166997452788,0.897405820832301,0.967114201182532
468,0.12014722126828811,0.10622211279918276,0.9685822672791585,0.8027597084069958,0.8917857852578307,0.9610576144198337
469,0.11965771823386699,0.10590574029411165,0.9625225494494992,0.7977374222447364,0.8862065274025905,0.9550449728939991
470,0.11907318437962738,0.10535834883501063,0.9627567843655344,0.7927515452607669,0.886917739187482,0.9490759201502917
471,0.11823309658955942,0.10442754323828897,0.967825165422025,0.7954534911592873,0.887623799469156,0.9556376544709998
472,0.11775830627233713,0.10408105347700104,0.9735518909230155,0.7974408584828746,0.887613248678508,0.9566258674487923
473,0.117085106102375,0.1033019003767785,0.9695607704727669,0.7966276912649755,0.8883135643220119,0.9631274454236081
474,0.11847273114489298,0.10679883132055622,0.9679741569609516,0.7934447260341365,0.887234547002044,0.958912156516373
475,0.11758553208828941,0.10868102148009733,0.9690176714339458,0.793884911875343,0.8887801690440208,0.958743273380902
476,0.11711038938799263,0.10816841149094342,0.962997518504802,0.7951654296492637,0.8894711372387677,0.9527869515348825
477,0.11644029963344574,0.1074524370710284,0.9632271716418551,0.7902302948146215,0.8901571263682083,0.9468735505000985
478,0.11548917074502635,0.10706033780345724,0.9696553933099537,0.7853306915794945,0.8970383985363483,0.9410027243096463
479,0.11504296529652293,0.10662407405663339,0.9716305903815659,0.7910671416328483,0.8994633870778974,0.9519689627712258
480,0.11424242742571604,0.10588200805844565,0.9706878618549997,0.787290423264027,0.9012037646629822,0.9635235649669942
481,0.11396718385713246,0.10525319826779479,0.9708690592096407,0.7886053192440031,0.9049833589368461,0.966761828061627
482,0.1135237695934256,0.10449590882448183,0.9648734858609092,0.7899107808837387,0.911745602029566,0.9607916187981699
483,0.11272951010411947,0.10672617814871733,0.9662989053924765,0.7899981703422277,0.9061207714973488,0.9552133627856836
484,0.11189169819001493,0.10821057448303797,0.9676854232778607,0.7901136257525369,0.900536229557341,0.9497867108968999
485,0.11143694912716764,0.10784034286710831,0.9677630051347906,0.7853702963936202,0.9010272471176581,0.9502172507964052
486,0.11115505989289254,0.10730663004645263,0.9641313486688304,0.7843695669370595,0.8954851924416994,0.950523455429937
487,0.11058284472178086,0.1097174106295932,0.9616967354910041,0.7822048887471988,0.8926377453646626,0.9483040103010423
488,0.112297539599366,0.10934527347010635,0.9557933324502335,0.7774033015645427,0.8996036389861378,0.942482818888629
489,0.11170459640761723,0.10870967935727834,0.9499320318508628,0.778768352059939,0.9002193089547457,0.9367031435930429
490,0.1111284490409115,0.10811998690029999,0.9521888865444327,0.7842998143636968,0.9008305918043885,0.9432171807839251
491,0.11044779269748184,0.10710317727620672,0.9586016380277311,0.7794997891174245,0.9014375225396495,0.9374445588891287
492,0.10969129686029648,0.10634354197732665,0.9591183023358824,0.7866984025381133,0.9134775219444028,0.9386176855669482
493,0.10926604667088258,0.10562918037612229,0.9593680041758607,0.7818933173815297,0.9262218190674638,0.932884690693597
494,0.10838362431878582,0.10501125948930444,0.9669006446380959,0.782041258444481,0.9327738071805349,0.9454978310753104
495,0.10797601042471583,0.10461174941045784,0.9730380343791522,0.777434245822645,0.9271679311074299,0.9518457278275361
496,0.10743812711018164,0.10402555898321418,0.9703529610138106,0.7755492308746723,0.9300696182396117,0.9618600339248361
497,0.10721100774034513,0.10531929026563096,0.9690697688556779,0.7722947047921384,0.9258750627699465,0.9635758403346295
498,0.10667125250233535,0.10479257758920879,0.9705662897221792,0.7784474775859258,0.935020090577223,0.9854899158094403
499,0.1067542317947234,0.10617043044943815,0.9671811395880059,0.7772850843055062,0.9384413593042187,0.9889684475612258
500,0.10829326565275288,0.1058069464286915,0.9613148894414465,0.7725706119558201,0.9453417556606751,0.9953419789886103
501,0.10785345774570891,0.10531807870214764,0.955490047655779,0.7739486621840218,0.9456729433173481,0.9893109587538041
502,0.11019657523249367,0.10528435973379319,0.9498418157563511,0.7872878405735789,0.9461855527821051,0.9894660142597351
503,0.10971785461378016,0.10463254160042734,0.9561922671594313,0.7946212782879254,0.9414561975261067,0.994584493366308
504,0.10898735152011066,0.1038172282313146,0.9580020707614297,0.7943168334386852,0.9478509599584907,1.0066993966071287
505,0.10838346606497051,0.10311131353776963,0.9561275945611245,0.7976860788614215,0.9543751142670438,1.0125196449392546
506,0.10786044850187604,0.10301520377598436,0.9684501497640282,0.7928768105748099,0.9486211640700851,1.0064151399879735
507,0.10728976889543078,0.10244602503473252,0.9626171767347566,0.7881013153645042,0.9480726061876018,1.007234514107916
508,0.10694814945167255,0.1050467248159668,0.9568251306317441,0.783359327310728,0.9453101515577613,1.0043321702674568
509,0.1065709015604007,0.10448351631302616,0.9800166016676445,0.7797624893213133,0.939627926506708,1.0043061297490314
510,0.10582468058192113,0.10377127410542686,0.974131645303004,0.7750800500477023,0.9580053255032407,0.9982753158421478
511,0.10516013399652574,0.10311901232855006,0.9993656928815713,0.7813452390998458,0.9673056144907907,1.0012352049364344
512,0.1048476973905754,0.10278700087859428,1.009988054744096,0.7780300252636178,0.9619643777776303,1.0067649751936583
513,0.1044426004372678,0.10222372192621013,1.0099282565807992,0.7793589523806925,0.9562051279114856,1.0007375055881635
514,0.10409716254708332,0.10190104694934587,1.0158498597782588,0.7806786029431468,0.9504860803975012,0.9947521106384569
515,0.1035883957173548,0.10086811465708156,1.0184643762879249,0.7852548360247816,0.9475161399314498,0.9980492532386921
516,0.10298152473490435,0.10003721921066311,1.0213656888547828,0.7894941640655408,0.9477753976888357,1.0040839514230062
517,0.10216734531280255,0.09933207592948491,1.0212382838019172,0.7907494246535836,0.946168265355524,1.0059781497251752
518,0.10157863162298587,0.09857786867547569,1.027068872845059,0.7979530606748365,0.9515588988957692,1.0068296929373879
519,0.10105116560656334,0.09772671629839753,1.0328589354821638,0.7932043193982703,0.9518471793318407,1.0008378947264995
520,0.10058512067326841,0.09709666248868128,1.0386087878385801,0.7944337622117624,0.9521334577451401,0.9948877077904781
521,0.10001124618974354,0.09649617492693985,1.038379480084004,0.7956546742124426,0.9682307214066496,0.9969228891108135
522,0.0993739866139443,0.09785865927534267,1.0359910799580971,0.7930944770124156,0.9668072562170186,1.0005236269788327
523,0.10134777216407506,0.09751451741630833,1.0298503499635305,0.7883934915138607,0.9615701428507234,1.0064479198240182
524,0.10076069622662782,0.09683865533618834,1.0237521197912975,0.7837250414058308,0.9617977041797948,1.0004882664902408
525,0.09991582129370305,0.09646817934664169,1.0236116128525212,0.7850044275251767,0.9679392455536988,0.9945698244799571
526,0.09963150693250897,0.09582323425379735,1.0274085970726827,0.7823384538085013,0.9622190720573509,0.9946019148681018
527,0.098987049852454,0.09531522028091938,1.0272467839963961,0.7836234697575167,0.9565383862601788,0.9946337837287711
528,0.09846273665938077,0.09415979210836274,1.021188253422772,0.7790017889465385,0.9508968820488377,0.9887675992031437
529,0.10060613325881464,0.09355238738744708,1.0269553522231332,0.7744119581662862,0.9513078726029737,0.9829418411294992
530,0.10004138384048306,0.09292356576948331,1.0209106419835698,0.7816258302883031,0.963366576278242,0.977156196603563
531,0.10182021702715803,0.09307668198418312,1.0207876839252208,0.7829099067849711,0.9695141085880341,0.9832055448629512
532,0.10055997935728032,0.09277829007620299,1.0206655710546855,0.7841851568100627,0.9638189021739904,0.9774299109904521
533,0.10002273913798976,0.09182151726418794,1.0205442968453533,0.7795832305138798,0.9640312279800379,0.9716939436987985
534,0.09964664196516818,0.09145639202219534,1.0145613023023632,0.7808754354020904,0.964242096795217,0.96599733691693
535,0.09904463148562694,0.0911858982234159,1.0131116239539333,0.7776664850552555,0.9613236214968386,0.9751810713301354
536,0.0988627090537777,0.09050899947928186,1.0071840708154511,0.7731164835498031,0.9674007499017376,0.9694754437533915
537,0.09833748794683736,0.09210830450133294,1.0132939189972088,0.7799807591415405,0.9648222205174578,0.9679761376110948
538,0.09803205694218399,0.09169714853931915,1.0073771446698494,0.7754263351535923,0.9591884796671495,0.9623239805684651
539,0.09770264367025513,0.09134589656814326,1.0015007985555504,0.7767363436144519,0.9710931718779848,0.9567104436584496
540,0.09879041347030715,0.09227190491185863,1.0003908277494034,0.7733111510752779,0.9683625308435078,0.9603172521706501
541,0.09785535978554155,0.09183030891921884,0.994566894529941,0.7746308560157006,0.9627250554134802,0.9547266136012004
542,0.09755183153570955,0.09146369625577414,0.9945984925977435,0.7875732451308656,0.9571260012917124,0.9491740771309105
543,0.09996769315501412,0.0914550462424468,0.9888885607335437,0.7887387386483664,0.951628450652622,0.9495380885876737
544,0.09894367300083756,0.09102115755770036,0.986851603610248,0.7862621765079323,0.9519092097257273,0.9556351997317173
545,0.0987327823774259,0.09132685738689733,0.9896283296053413,0.7848010316163542,0.9512710429691812,0.9600177167201952
546,0.09971222330368851,0.09516275400134284,0.9922174107765805,0.7893112182744499,0.9571029734629493,0.9662974866720313
547,0.09935854603009911,0.09479843927044287,0.9979872613600748,0.7848056249396548,0.9515643787871523,0.966492517474416
548,0.10148557627043107,0.09449421279693013,1.015280750427154,0.7861109667034032,0.9461062690716651,0.9724672745076304
549,0.10094377325501017,0.09410697813562957,1.0128635416803282,0.783899921517262,0.9429712077375986,0.9760725956523748
550,0.10054283584198971,0.0938113800596076,1.0071574433083912,0.7907785927029044,0.9375307371426138,0.9762106447663874
551,0.10255537153823102,0.09378096925989168,1.0071161897270104,0.7919844887164178,0.9325983010979232,0.9876698165218963
552,0.10209673809714348,0.09610566174672609,1.0044137933201898,0.7900856868792324,0.936518074593088,0.990156908466711
553,0.10126463686611772,0.09563499336630726,1.003082245756861,0.7868471021810375,0.9368832363113222,0.9959657435971442
554,0.10059947566480588,0.09749327844752649,1.0004913132971733,0.7848987323377556,0.9340726888935975,0.9938618945430442
555,0.10249698492999099,0.09688577248253673,0.9947477701918542,0.7861335690488865,0.9523774168626363,0.9881564090918711
556,0.10466917752657445,0.09603140966790998,0.9891663564638886,0.7872366401979086,0.9584667966285153,0.9885946806238954
557,0.10428962405151604,0.09569918086166126,0.989965010096094,0.7934482829280298,0.9629608335813978,0.9901331944827858
558,0.10388938096129402,0.09523437366479023,0.9900224456242431,0.8003540133545637,0.9631728282227309,0.9844661411516162
559,0.10305234621397168,0.09487841607529546,0.9900794953403886,0.8014955502922523,0.9691012044173644,0.9788371551503893
560,0.10234837108805377,0.09433632275693533,0.9933403954676633,0.7994251923956468,0.9680237724718481,0.9802119679048429
561,0.10475144208452221,0.09402292137015972,0.9933120808704742,0.7949296841853591,0.9686233756673227,0.9860975842067782
562,0.10428254047246677,0.0934013434872619,0.9921522490502815,0.7915960036163084,0.9790056419501744,0.998776150641239
563,0.10373059508798228,0.09264588187173829,0.9865019617900451,0.7870878801717779,0.9848201844456274,0.99308814039362
564,0.10356029700001076,0.09529741183430258,0.9865787560156659,0.7882991985213904,0.9792172588749727,0.9875494643746259
565,0.10438894258723541,0.09473816212298816,0.9809714355500965,0.7838188200397856,0.9753571199105321,0.9819366267896028
566,0.10590112567989027,0.09437664150008297,0.9758487553910782,0.8016328438909925,0.9702436650864376,0.9821509886573491
567,0.104474038779707,0.0939119168977511,0.9816579928069007,0.8027580311242305,0.9647402047026764,0.976579987009566
568,0.10406552089743823,0.09365492886464276,0.9760953529747525,0.7982091415596071,0.9592734308061901,0.9710461220842826
569,0.10356042672520212,0.09324845680420785,0.970760201075313,0.7991610234903967,0.9538430678796452,0.9712100274528292
570,0.10323278247759626,0.09290426709311135,0.9709255595764568,0.7946415646063869,0.9699911990567991,0.9657175876843827
571,0.10405638601839722,0.09566496506701666,0.9654402166327457,0.7901521560660507,0.9685460907446936,0.9622715524468616
572,0.10355270773323137,0.09523460996899899,0.9615629131395362,0.7897649300724965,0.9687236151988038,0.9681284452951012
573,0.10265627032475666,0.09484903273790725,0.9575089014330366,0.7895827194466742,0.9632616472315196,0.9683081471296952
574,0.10194959255048106,0.09437733757147934,0.9521155615813323,0.790767932349653,0.9691012611143859,0.962853978598386
575,0.10420349904644391,0.09349292363602289,0.9579490575182329,0.7863812435109091,0.9637089536832474,0.9630945014781568
576,0.10371019230655275,0.0929214587691344,0.9574294775025076,0.7939594758760249,0.9582915366064315,0.9633019629499595
577,0.1034075755730084,0.09540927064128525,0.9520527394539536,0.789500753616827,0.9557347892737311,0.9607670705344079
578,0.10265400833881891,0.0947380015734233,0.9594046996011565,0.7948191138887573,0.9609973829577153,0.9671933031953932
579,0.10199226209197929,0.0942360540279392,0.9596322194310999,0.8071782385971121,0.9724251473571826,0.9617725856812135
580,0.10395472069449489,0.09292344870240861,0.9542592543094697,0.8026588608239354,0.9676317461641478,0.9563876366839105
581,0.10341639828435399,0.09258256990089168,0.9545151000237659,0.8037626662811999,0.9720297238645672,0.9580080354967804
582,0.10311278667795844,0.09499836011001617,0.9547692604063418,0.8048592006440258,0.9721860160865364,0.9583959317872673
583,0.10275180793604824,0.09742185250016452,0.9524413212617878,0.8029467327651907,0.9667590677531976,0.9530781232265702
584,0.10490582633858897,0.09711961339502033,0.9527065385335461,0.8040456264122315,0.9622160958220596,0.958916421751017
585,0.10411742338815419,0.09913701810427385,0.9503641351367064,0.8021721191387678,0.9568555335489346,0.9536327167345532
586,0.10358610313165809,0.09868997122147906,0.9506403830633243,0.8032731282994957,0.9515301633162648,0.9538907734018494
587,0.1029880115952971,0.09779751724510043,0.9494473774621233,0.8002744293340347,0.9517996521007347,0.959707065000646
588,0.10259238746417337,0.09740265522198312,0.9441737949698068,0.7958294086622567,0.9465130042035883,0.9599308668896401
589,0.10208021861051463,0.09708277747564732,0.938934745578236,0.7969623142968162,0.9468097938563801,0.9546043843597061
590,0.10099043840950091,0.0963807725604602,0.9503597926396787,0.7925445347396173,0.9471046416818407,0.9493127517959283
591,0.10522365201188257,0.09637929532402162,0.9506346868216009,0.799231099924991,0.9474263436599047,0.9440557118645871
592,0.10499497408217733,0.09605824936083879,0.9619721802394869,0.794809595727325,0.9421849941230002,0.9388330093280723
593,0.10727483415478156,0.09575098788526692,0.9621209886483416,0.7904783057331463,0.9428860995741086,0.9447590856473076
594,0.10650476520526414,0.0976659536519719,0.9568089800831538,0.7861139611442721,0.9404778832358118,0.9424817033860678
595,0.10613721233183544,0.09702129866199732,0.9570472055808317,0.7872936764682178,0.9381453922897595,0.945459745439251
596,0.10687588726346035,0.09624965904108054,0.9627939931126367,0.7939758250919192,0.9339487673992394,0.9402501556035578
597,0.10638676298143807,0.09552330009567937,0.9574941920689626,0.7951099068840894,0.9288077479416932,0.9350744494902777
598,0.1059423916910546,0.09492178108318261,0.9565520963470941,0.7919133547131777,0.9390216091017748,0.9476055285340853
599,0.10546958176889157,0.09448600782176249,0.9580090721284987,0.7973318181687542,0.947286787780899,0.9674312119418266
600,0.10719193203294856,0.0941684736964267,0.9529377166267441,0.7982577749723813,0.9478166677050149,0.9732843793622881
601,0.10666975558030216,0.09373605428803744,0.9531957417599193,0.7993638531468499,0.9486470648021602,0.9783691870971137
602,0.1085506662102525,0.09343374129700001,0.9583670867279348,0.8010249277622041,0.9446529967312618,0.9888798043985193
603,0.10800533251614253,0.09473966878609502,0.9607845592036123,0.8053956610744568,0.9449558376385602,0.9908528921764015
604,0.10731887814582693,0.09410747265333144,0.9664651266916434,0.8119256165604539,0.9507229282069553,0.9854366844260573
605,0.10940777548547288,0.09380894945560435,0.9666482520587864,0.8074918984050804,0.9566740747906904,0.9800554667016802
606,0.11050699872945716,0.09324697021055489,0.9668163058121375,0.8031006885320974,0.9573438754548588,0.980192048997295
607,0.1098940739999126,0.09249139881378726,0.96699715142675,0.7987239233416061,0.9575763442395783,0.974850165343965
608,0.10914000549658648,0.09434807650690895,0.9617324451103106,0.7943753615303294,0.952362928439384,0.969879431994038
609,0.10844626522037253,0.09370327883897386,0.9597315606265269,0.7922638173024086,0.9493920985374589,0.9732731814144493
610,0.10777186722131994,0.09508981358464391,0.9601343068730409,0.7932086063252627,0.9549166383694055,0.9802164931707152
611,0.10717780355391987,0.09482155074052927,0.9549226230628847,0.7889030082208418,0.9538168004078416,0.9816684335472725
612,0.1067420051290782,0.09443577094050698,0.96058971454826,0.7846250613249114,0.9540672358520985,0.976345186729394
613,0.11132595079555062,0.09360390562446863,0.9662204418220605,0.7857917974619931,0.9543408469348054,0.9710560977637487
614,0.11092591967560256,0.09323708500736869,0.9609914325791223,0.7815392352162542,0.9491761278980967,0.9712127368967758
615,0.11038647026397325,0.09544205400297935,0.9621342495477228,0.7817884027504319,0.9494509025352593,0.9715752472860193
616,0.10985256720635171,0.09512764515011556,0.9623387626645761,0.7829669647320118,0.9551249237223132,0.9663277642781125
617,0.11469852420878544,0.09484933837931711,0.9571464002016395,0.7841379504391893,0.9554011487694692,0.9665095641597777
618,0.11602879270012455,0.09777483320420027,0.9573773902765415,0.7853014930874415,0.9533052825275742,0.9690272050668323
619,0.11561470824835325,0.09743779436194973,0.9522220791244042,0.7864576072993238,0.9481718989691988,0.9638091616831646
620,0.11630212936157659,0.09614196676712368,0.9524790977921528,0.7876063467227636,0.9437522465163355,0.9693832926607557
621,0.11567373299878932,0.09530738122726402,0.952734478334,0.7994958998184121,0.9386804581266553,0.964173761295914
622,0.11489565481903319,0.09651695451881097,0.9561205260023763,0.802808748225881,0.9434824697183569,0.9723265925083402
623,0.11433097000583205,0.0960874306167041,0.9509925358854451,0.8038663500268494,0.9437855918968227,0.9671116839050709
624,0.11375639735951941,0.09780153488395987,0.9512551163872008,0.8049172281563677,0.9410189966151472,0.9657779826107249
625,0.11569921618184095,0.09644530085001901,0.9515160289475566,0.8059614309877323,0.946852206517436,0.966041867502261
626,0.11514987002421775,0.09612047925528228,0.9517752855573334,0.8069990065096225,0.9510957193424329,0.9676113974359317
627,0.11453371587408898,0.09802332033810615,0.9466909783573652,0.8026880825747134,0.9485212460776662,0.9655168452415106
628,0.11374601023134027,0.09752602506065167,0.9416388857379754,0.7984044730016252,0.9434593860872413,0.9657008673729467
629,0.11486798475021248,0.09708057731255237,0.9525332256446662,0.7995585192365545,0.9386422374965115,0.9659233698912065
630,0.11438851398499002,0.09667559984930038,0.9517738658967106,0.796312300015223,0.9389690239088864,0.9714307772392945
631,0.11402277384833379,0.09632242785774325,0.946709862858702,0.8027166344773734,0.9339731502459856,0.9662621877419141
632,0.11571940264686628,0.09604276828144324,0.9416778378705318,0.8143958038144428,0.9291274713883647,0.9611262367345388
633,0.11506774255146947,0.0980778586202019,0.9426638232526388,0.8147050586621132,0.9241938377792441,0.9560515842658485
634,0.11668663092508409,0.09753468841896085,0.9377173290213995,0.8156339708366772,0.920080814750628,0.9563387294445471
635,0.11590324565788697,0.09698573413524161,0.9430367271764621,0.8169210065583163,0.9201943201705378,0.9568801207165716
636,0.11781029801250337,0.09671327263192529,0.9485935928455952,0.8126349386117511,0.9207888902061806,0.9571471592543259
637,0.11741076548142237,0.09636906133426741,0.9435767025782075,0.8083371019562972,0.9264965860561383,0.952085031169193
638,0.11665667717772547,0.0957347989655181,0.9501606029346306,0.8136309214947003,0.9310301427141459,0.9587599474697214
639,0.11611986295678443,0.09523372107702885,0.949596729793854,0.8101633503624553,0.9394697726957432,0.9614584270163197
640,0.1154109727216095,0.09474965380804347,0.9475869177501792,0.8081670050625624,0.9397889439985746,0.9669345780512002
641,0.11484263100703337,0.09393610831493672,0.9478630117300171,0.814445168848199,0.9348384610538873,0.9618411013000222
642,0.11394160658667467,0.09367222449715602,0.9481373768399728,0.8101592416069322,0.9299189774843782,0.9567795193353803
643,0.11358465382698585,0.09333908605417798,0.9432009395807373,0.8111092155921817,0.9250302733001018,0.957006734985117
644,0.11373878399786788,0.09378118391806821,0.9434992411274713,0.812101246318337,0.9266768525531869,0.9621702657269554
645,0.1133406240490181,0.09348077229847444,0.9490423048663474,0.8183337061170559,0.9323081770635999,0.9571221187513985
646,0.112577351166916,0.09311107298164929,0.9493093935827294,0.8140445070360226,0.9326629757264949,0.9521054766633382
647,0.1126614323802053,0.09287033844977476,0.9504750379424342,0.8350625460377091,0.940038141249072,0.9580425124330562
648,0.11216072956595197,0.09258128499640769,0.9455031893876497,0.8359253188716885,0.9403517962835255,0.9530310791068599
649,0.11161588610121315,0.09213051045191384,0.9405622914900387,0.8315570399521348,0.9402996446827219,0.9536403777725764
650,0.11118721428063198,0.09131948744482007,0.9408725835371184,0.8324363893113159,0.9400131358343048,0.9544805682545993
651,0.11066679582441559,0.09067709477781767,0.941180947199775,0.8333102737427851,0.9351107418037278,0.9495027230929356
652,0.11038607285730481,0.09026881081926924,0.9362773687837693,0.8289687044788532,0.9337919239056934,0.9514227079872992
653,0.1117664409823682,0.0902528783174888,0.9366090336004393,0.829858891562958,0.9290666802207487,0.9464707241787595
654,0.11092664532534398,0.09190806243277372,0.9317390247432643,0.8255439426278818,0.9268105432035649,0.9444197634148312
655,0.1127613220579187,0.09140199845603895,0.9268991803352093,0.8212557201447329,0.9325459065253112,0.9500533705724502
656,0.1124975407429302,0.09104069893029637,0.9220892884124442,0.8169940363082878,0.9277067124483658,0.9451233262588286
657,0.11176026617267949,0.0904365067162124,0.9224931808265391,0.8283108312738688,0.9384495682324664,0.9402237670829244
658,0.11080828346116973,0.09006783764947994,0.9209063291767927,0.8260093735202871,0.9387683293455711,0.9457122005828293
659,0.1103165546813115,0.08966659070373396,0.9213155348711006,0.8269095461177992,0.9339114382440978,0.9459930685261393
660,0.10959760137415325,0.08907267809313582,0.921722216579157,0.8381411931284013,0.9445900445473138,0.9411036907272629
661,0.10937811264544604,0.08863700878840135,0.9221263919698324,0.8389769263804515,0.9477984173945974,0.9436488682514316
662,0.1099479620216002,0.08835939894965858,0.9225280785750337,0.8398075134488747,0.9591061681028259,0.9441785456978785
663,0.10945288892643172,0.08802776535225112,0.9205987606734853,0.8378084923818642,0.9564923973653591,0.9472906933071682
664,0.10848643462397325,0.08764975260012911,0.9158596281872364,0.8386434348949134,0.9567163693082431,0.9424141539391498
665,0.10812620133225455,0.08736054228003544,0.911149604568517,0.8394732489944656,0.9517962302856547,0.9375675674240803
666,0.10785476540754814,0.08687653048172304,0.9167436770381119,0.835160375333525,0.9469062866250335,0.9327507248722313
667,0.10732527600147436,0.08867154643680833,0.9223034468776777,0.8411388682127028,0.9497592110423916,0.936172948293169
668,0.1066828546742245,0.08820144553593955,0.9227018227601933,0.8419534016897999,0.9569274873569097,0.9449715260331026
669,0.10632624161614697,0.08781823255767633,0.9179755544798027,0.8376407434097181,0.957082876350934,0.9453186304446975
670,0.10584093435573527,0.08750642260567891,0.913278194825546,0.8333544638746555,0.95218540117612,0.9404813539252976
671,0.10584093435573527,0.08686740136676148,0.9137215142003267,0.8342063510642321,0.9473178567808495,0.9407856115328572
672,0.10772013496662373,0.08612121910432802,0.9142396364898067,0.8451892500062862,0.9480969312189937,0.9411655212166072
673,0.10719562672950947,0.085621693702593,0.9095754075452325,0.8408772993905176,0.9530991056271055,0.9469318179738331
674,0.1071714817169961,0.08562711807002035,0.9049396124795079,0.836591635109076,0.9526805577008542,0.9472652203448458
675,0.1066950421085988,0.08518327969819092,0.9003320543399473,0.8323320750846523,0.9572900183592828,0.9533483205937376
676,0.10624840123005648,0.08489325659013613,0.8957525376856635,0.8280984386375538,0.957005415930953,0.9540874588936344
677,0.10553360765784651,0.08452383674380652,0.8912008685749134,0.8238905464740045,0.967386670742424,0.949239367224455
678,0.10524948448547607,0.08424331127400185,0.8866768545525574,0.8247845330771538,0.9777048509954273,0.944420731651576
679,0.10476427020693643,0.0836638151617126,0.8872515432651413,0.8256730925211501,0.9727466763887562,0.9396313487566041
680,0.1040414946218074,0.08320263167712938,0.8833035985225108,0.8260092399161265,0.9774038939402343,0.9455503788660978
681,0.10374808307556144,0.08313906863434488,0.8875682196779874,0.8282769236672531,0.9761311572130871,0.9467438930654738
682,0.1031762448508574,0.08298175429045049,0.8881366801233479,0.8291451637339959,0.9762518392209858,0.9419571107735545
683,0.10288445490632331,0.08280892663874545,0.8988036894797304,0.8300081505191157,0.9763717910430769,0.9371992908808734
684,0.10272441770365043,0.0849826703831974,0.8942683748502772,0.8258199744449901,0.9770115555829421,0.9373662727666752
685,0.10238956948722418,0.08475378790889006,0.8898475212960312,0.8316518352818802,0.9720865357894313,0.9376820032660769
686,0.1021236895634195,0.08430200961266694,0.890402234188471,0.8324996137294147,0.9722271041965379,0.9329599643038999
687,0.10152332091117235,0.0838022572759675,0.8900542805399451,0.8292107706650413,0.9755990126183774,0.9350958742421671
688,0.10494997192004217,0.08312231908204512,0.8855835983267083,0.8300665689654028,0.9707966264087261,0.9354271787289504
689,0.10365228496101268,0.08312231908204512,0.8811372788288484,0.8309197671605534,0.9659224711323484,0.9307306056313125
690,0.10447715749794602,0.08562015505694671,0.8867492264839443,0.8367835938366579,0.9697123182027124,0.9324804076389082
691,0.10423955185171659,0.0851036472325709,0.8923274449440943,0.8376014300255196,0.9698640821266513,0.9278079838262652
692,0.10609054072655628,0.08508904927464261,0.8878645210844184,0.8384105203068428,0.9702041386122735,0.9281770274420612
693,0.10566372556676588,0.08487737183839131,0.8834245450489244,0.8342178506712526,0.9703531398476837,0.9235354592065095
694,0.10704690592879004,0.08486822438115743,0.8839759157225613,0.830081326811461,0.9655461901054665,0.9239484657211858
695,0.10686978937901861,0.08671475046972464,0.8896204261094541,0.8358453726226479,0.970708884746859,0.9302225114035124
696,0.10625759301689731,0.08644473533588728,0.8901707517576339,0.8316780513488512,0.9658691668773012,0.9255846487220777
697,0.10841152398747704,0.08644007758323577,0.8857370133423962,0.8275356517945021,0.9710966004514803,0.9209745217262283
698,0.1079100807693127,0.0881392881696086,0.8813297678214725,0.8234180042988722,0.9685102561797481,0.9198430866431382
699,0.10757790876529948,0.08886296435921551,0.8856962924797026,0.8254899471006226,0.9736376074461203,0.9280818839833747
700,0.10708441930399903,0.08857201984367113,0.881298054855023,0.8213906853390454,0.9688026661753565,0.9284390187782768
701,0.10671267488943062,0.08803097816890215,0.8818869221081426,0.817315856775597,0.9739183223733398,0.9238331352436029
702,0.10617227247510104,0.08755937858613828,0.877516351145792,0.8182212268311477,0.9740475813747228,0.9192546817324646
703,0.10579920434842467,0.08717451609216159,0.8929756983809048,0.8141702316993191,0.9791270490260753,0.9147034722080785
704,0.10541337175532951,0.08684079300680685,0.888559014412819,0.8101433218784146,0.9841763165528336,0.9101793220340267
705,0.10444010285760386,0.08738719914420712,0.8891096538778408,0.8110814200038113,0.9827964720868719,0.9094649160297517
706,0.10593217047940237,0.08694944838488142,0.894593172067751,0.8070778027830707,0.9838329879683922,0.9049756633978038
707,0.10803840676692394,0.08671091945008788,0.8901817421883575,0.8030979298694836,0.9938985229674415,0.9054574521925509
708,0.11158752116972014,0.08983036473667616,0.8907227381913763,0.8040679255245724,0.9890108258284696,0.9010031266731131
709,0.11058544946715951,0.09096895600704306,0.8912605310322367,0.8050321779701758,0.9893349623721415,0.902118875021957
710,0.11225472276648141,0.0900505014756971,0.8868787003471569,0.8059907259541015,0.9849373592516852,0.8976836599187114
711,0.1117255958319649,0.08944544877458992,0.8969428951124199,0.8121695955682666,0.9800998118432875,0.8981861894868587
712,0.11107659262223245,0.08913690233481951,0.899874475625008,0.8155719081286139,0.9752908355659564,0.8986857510555336
713,0.11059646899142717,0.08880749105304626,0.8954635476341778,0.8213776367775262,0.9705102380911695,0.8942806498534599
714,0.11011037506651268,0.08849852958978813,0.8995589435543611,0.8186688173304728,0.9791349597012181,0.9010084687747255
715,0.1100289490967209,0.08987954761327996,0.900050293279498,0.8195558751723192,0.9743451087145194,0.8984793027159939
716,0.11130514251270973,0.08922631408689205,0.9102206974590282,0.8205298278037658,0.9703681507339089,0.899021495817839
717,0.11078923574218738,0.09104403906245388,0.9057768661633031,0.8165238805230136,0.9682019321174519,0.8971441041030322
718,0.11198340840485156,0.09057722909007575,0.9013591502309695,0.8125414752630994,0.9687821069604092,0.8927684924592032
719,0.11145410885047254,0.09028149786559395,0.8969673746524961,0.808582454259493,0.9640618202721114,0.8932909664541029
720,0.11099895227422439,0.08982387109848146,0.9023364108403498,0.8095141834816881,0.9642367501726878,0.8889428525226009
721,0.11218078548663235,0.08978585099637086,0.8979486579517325,0.8055777932903176,0.9646295789275061,0.8896443565504748
722,0.11176102207935736,0.0894743665035942,0.903302199922822,0.8065222569500575,0.9696591985045162,0.8853226446479388
723,0.11163219606744658,0.09170173580541628,0.9015246512494618,0.8048550687935516,0.9698064406505809,0.8859700802985447
724,0.1110388166888228,0.09109501219599808,0.9093273921793996,0.8081720085206582,0.9651047304270467,0.8865229077667656
725,0.1106927525804173,0.09074922967310442,0.9049232962068336,0.8042578329239725,0.9652737367909917,0.891915750894141
726,0.11018013276950617,0.09025464151576977,0.9005449109283042,0.8003665079126961,0.9633772283670721,0.8945032343955722
727,0.10974336712330747,0.08986694485103917,0.8961920650734094,0.7964978812688865,0.9629163192963621,0.8956510880384585
728,0.10911979354391195,0.08957738370362653,0.8948145142849275,0.799359351706833,0.9582666489390568,0.8961549615662425
729,0.10846212729347553,0.08923614185636672,0.8953219197487041,0.8003272244176688,0.9571483264024861,0.8979755413556579
730,0.1082059304723875,0.08901593486369115,0.9054645526298932,0.8061085553748649,0.9621739223708589,0.8936481164930538
731,0.10741957772960341,0.08862973966750584,0.9059196721024836,0.807042001764261,0.9575417542236536,0.8941601235176905
732,0.10900506066210403,0.08770680178275193,0.901562686450713,0.8031605644466427,0.9578008566694957,0.8898596949603655
733,0.10836561144000717,0.08711107270325537,0.9116449523029573,0.804106309886185,0.9580036089647622,0.8855842267546403
734,0.10938507032441146,0.08643418611513798,0.9072691914164603,0.8002467185721577,0.9534948451991906,0.886193424014438
735,0.10882518731840005,0.08585505433273312,0.9113718841095737,0.802341557647031,0.9537178399551652,0.8915341873487103
736,0.10827665584955715,0.08516540118453843,0.9261672217948814,0.8032883933589506,0.949149281692666,0.8872635050700775
737,0.11018150112039507,0.0849951378585479,0.9217350725757879,0.7994442775863874,0.956509772013294,0.8830175285783749
738,0.10986705768800993,0.08470949901935201,0.9173285420263807,0.7956223815377876,0.9519369943718785,0.8787960946424077
739,0.1093336757712949,0.08412474863244601,0.9129474610101208,0.7918225585167282,0.9569424517706625,0.8745990412302285
740,0.10865916508701698,0.08372740161880246,0.9085916616322455,0.7880446629038101,0.9571478853249469,0.8799684858099263
741,0.10807239725037841,0.08353400406279139,0.9042609772298007,0.7842885501480135,0.9668848751776067,0.8757742300654988
742,0.10792103263321152,0.08522336464029684,0.9020090648086844,0.7832618607240235,0.9622809499555024,0.8726693132590052
743,0.1077219912603224,0.08484664311393292,0.9068594761591106,0.7846654146723777,0.9607505700703252,0.8749848095202293
744,0.10752566951269033,0.08452241030677858,0.904270374311387,0.7839683261228525,0.9561849942835734,0.8755788932964053
745,0.10717787578301595,0.08411093903287546,0.8999774926803357,0.7849939025774817,0.9611403421436291,0.8714222199668928
746,0.1068312054327288,0.0837081901169303,0.9051944572557138,0.786013590071401,0.9613246378803972,0.8672894146638067
747,0.10829939446253586,0.08347671365513575,0.9056085992307316,0.7823246026567152,0.9569767823037846,0.8679532117512411
748,0.10779768407043683,0.08312665408715979,0.9013222429636851,0.7786217646245779,0.9614597817622896,0.8690319623561507
749,0.10926954649612218,0.08269261766961813,0.901788830036777,0.7891253107144272,0.9618217614861447,0.8649228389638359
750,0.10880701352554883,0.08231555578461615,0.9022527467547389,0.7901214122148088,0.9743117434302477,0.8863169162698967
751,0.11005575708685722,0.08230778108865405,0.9027140105907477,0.7863928733412257,0.9698470983857213,0.8821344361781811
752,0.10955189051648874,0.08209555312697128,0.9078868665281433,0.7873998659612642,0.9652750183904675,0.8779758536392552
753,0.10913971346034791,0.0818079005868378,0.9036111590164099,0.7836915938783084,0.9630642016224706,0.8809248828967478
754,0.10814583073414885,0.08150399971444737,0.904064650064827,0.7847092835286099,0.9585331688801941,0.8767802999279625
755,0.10981507407718184,0.08146590418002952,0.8998154502454957,0.7810210666012495,0.9603490583377506,0.8726593394504347
756,0.10949373432042013,0.08113255036999968,0.9033136249286357,0.7837169032052536,0.9649231292343862,0.8782601791048116
757,0.1089313332484328,0.08066287147539855,0.9011971409863215,0.782610722517787,0.9650876648497784,0.8835219412777889
758,0.10861999679976167,0.08011778007605783,0.9059420754384866,0.7840334998994212,0.9605652380352596,0.8840677606010008
759,0.10798150060987773,0.07989042150983029,0.9110637361444314,0.7803631699484832,0.9560685024194435,0.8799291359366098
760,0.10765594999434484,0.07966182918785669,0.9158184571249046,0.7817282060010984,0.9515972910144113,0.880490667056455
761,0.10717813136511896,0.07904304116179361,0.9149794789463656,0.7793082531844729,0.9518234279840244,0.8857210034014894
762,0.10603483790573247,0.08026150927507632,0.910708976660576,0.7756709719632686,0.9473809631873773,0.8818397580848935
763,0.10565314948827267,0.07992036038398415,0.9125602289416999,0.7799446771785206,0.9476263076183182,0.8870533538645047
764,0.10513458044071838,0.07965876057694848,0.9129675229560356,0.7763116987902763,0.9432122690378344,0.8829214637983177
765,0.10480084075815804,0.07939888506529762,0.9109514810415882,0.7751202906067823,0.9388231823088885,0.8834662699531521
766,0.10555433011194125,0.08221871631082009,0.9103039628668722,0.7772271632625235,0.9398399710815064,0.8879272679249292
767,0.10502153060696715,0.08194218817435009,0.9107205150244169,0.778261729657554,0.9494074406416122,0.8838036964604739
768,0.10475568207735703,0.08174905704278375,0.9146728009485657,0.780391779783943,0.9496421597721703,0.8889821778265394
769,0.10430022429765051,0.08148472821799346,0.9104335091750514,0.7814096118659647,0.9498755564333461,0.8848619560058484
770,0.1039616511128768,0.08118276671089687,0.9062180830492863,0.7777915832459852,0.9454775084743656,0.8807649295130269
771,0.10343779481965164,0.08076130766281006,0.9037814941577019,0.7770642834652545,0.9411041995484952,0.8813164516733784
772,0.10315811728530459,0.08053779237508558,0.8998292447634043,0.7778704264433545,0.9413763499557938,0.8864857537455342
773,0.10305588994400024,0.08243918366405048,0.9074327589886186,0.7856035180078385,0.9370307109255436,0.8830235837057562
774,0.10260537446295606,0.0819383987669354,0.9032479992899186,0.7819805917813483,0.932709455916086,0.8835630376628208
775,0.10209482693350658,0.08169431438549046,0.9032677123474777,0.7788040046962379,0.9284124281869457,0.8840994671507886
776,0.10172257583128697,0.08147879186145515,0.9083153493025145,0.7844244775359972,0.924139472120281,0.8800304585216449
777,0.10122070569514828,0.08117747515581158,0.905376915428595,0.7841778094136314,0.9198904332120813,0.8805820584315274
778,0.10082470375779715,0.08065922746653101,0.9119784194267292,0.7835954916738516,0.9228385681394244,0.8831436381269087
779,0.10071006975836287,0.08281622727533407,0.9193184642049957,0.7914182899904382,0.9230862843416371,0.8838790314465506
780,0.10024481849865557,0.08469907836178428,0.9174963458307402,0.7899823483589061,0.9188548013246809,0.8798661228527183
781,0.10005654739281328,0.0843800969676701,0.9178741695283263,0.7909441196464975,0.9185891715843735,0.8810535057618971
782,0.09986354836625515,0.08409630509405158,0.9228247882398307,0.7919005296349523,0.9235365192321459,0.8770227730609135
783,0.09955158949251317,0.08370414971529255,0.9277478328531182,0.7928516125835977,0.9238859824605953,0.873014490850638
784,0.10124034807802848,0.08369070435598992,0.9235158066698813,0.793793554285252,0.9244066110416099,0.8736019727168461
785,0.10094750065236988,0.08403974087405615,0.9193034691265553,0.7901729054926524,0.923065706887639,0.8743775211937878
786,0.1020578489899018,0.08343859277628417,0.9242278121144027,0.7956856497267161,0.9190801442809233,0.8752565019366255
787,0.10154193267234507,0.08287517194306686,0.9336769009391038,0.7920636220183354,0.91489641450026,0.8712722610457112
788,0.1012494882572958,0.08470979812643348,0.9366157319191265,0.794919529247928,0.9160103408845265,0.8712961258433516
789,0.10075782125804801,0.08430352241099458,0.9413356325576772,0.8050482268886642,0.9179802625406025,0.8748354571700312
790,0.10052918373203168,0.08401549513792889,0.9370634297831758,0.801394557411417,0.9183525048501663,0.8708650619803803
791,0.10020365377011446,0.0836679794048996,0.9373487786398554,0.8022950169658185,0.9141887756163511,0.8669166366228782
792,0.09974681905918094,0.08323173644567462,0.9363631879293358,0.7999304797668966,0.9165681035835224,0.8700581455793517
793,0.0993576010584956,0.08295382134186569,0.9366511351500807,0.8008357649380473,0.9237169493699753,0.8819741966982579
794,0.10107398605142584,0.08294845103554822,0.9324631429546899,0.8016900726644455,0.9195882807548403,0.8825536927512705
795,0.10051017789192176,0.08265930140326046,0.937283939076989,0.7980697907340555,0.9199514049896301,0.8785682458866892
796,0.1012328620298682,0.08244752873080256,0.9511007663490889,0.8034920570376257,0.9207870270425659,0.8746047620185471
797,0.1008859206508922,0.08207345268641512,0.9468143551639621,0.7998708872706544,0.9221534996128334,0.8786672053862663
798,0.10055475748209335,0.0817708565838587,0.9560583825323087,0.8007719256155921,0.9180017015473846,0.874711195020283
799,0.10007475056847281,0.08366169105029614,0.9542354205501228,0.7991908274553721,0.9188270935811333,0.8748490255493692
800,0.10087147336320335,0.08309582524383267,0.9499477644197252,0.7955998315890469,0.9247080916312309,0.8804858439743775
801,0.10048072583179113,0.0827895685385794,0.9473506114557387,0.7993391701471811,0.9242125762296293,0.881855804564603
802,0.10021409876823088,0.08251075577826265,0.9556354645478051,0.8011588632029187,0.9254722979666856,0.8949186688504125
803,0.09968818228667073,0.08223695558762074,0.9670547140758899,0.7997887936783945,0.929731252881069,0.9004239918097915
804,0.09904120292374269,0.0820337355264407,0.9627268034586504,0.7962094569962734,0.9255703779047564,0.8963942771540961
805,0.09953717920066486,0.08114232494621147,0.9595011942666182,0.8005128330631244,0.9274246894881953,0.9018676781537496
806,0.09915805414005269,0.08063196752686756,0.9552156679416618,0.7969374140432662,0.9322152512469121,0.8978395667772866
807,0.09882813749927499,0.08249529495637596,0.9532711645669993,0.7955258506492778,0.9323444140542008,0.8986373238415285
808,0.09860840378983501,0.08224044611542994,0.9498508512109676,0.7956084112490281,0.9326459879305379,0.9035466333517322
809,0.09806952113580669,0.08195876867576597,0.9545271984165384,0.7920655419575915,0.9329459174657742,0.8995231117606806
810,0.09757007468878381,0.0816398733164423,0.9502809071800905,0.7929905551666502,0.9376927936228889,0.8955215106404735
811,0.09721429975241869,0.08116002007474071,0.9505018655061107,0.7939105329419172,0.9343835139943332,0.8995720083010552
812,0.09845515275249772,0.08111506661786126,0.9551613143893862,0.7948255067809147,0.9353499451040661,0.8955781852996207
813,0.09791241514781503,0.08073667158915503,0.9553601853902955,0.7957355079611876,0.9312014296591952,0.8960413226669061
814,0.09953636427390054,0.08046892769456777,0.955554563892944,0.7922131582258465,0.9315393210059487,0.8965087701784951
815,0.09932949529612903,0.08024128477352785,0.9557512968723711,0.793132904504621,0.9317607206111509,0.8970484973458591
816,0.09900160316945253,0.08011778703756578,0.9703452906585526,0.7929152442970613,0.9276405035027241,0.897503745708653
817,0.09868315277718838,0.07983978839846179,0.9660587424660985,0.7894125020877348,0.932377704482235,0.8935389786345765
818,0.0981763179390241,0.07928378615851776,0.9679895561378424,0.7929739605714915,0.9282629967405874,0.8940088053868575
819,0.09784827195333584,0.07887552944370975,0.9681306813200024,0.7894779579819738,0.9329879883859329,0.8900673681466844
820,0.09758886830520654,0.07846696069525291,0.9814839935227248,0.7904051636947337,0.9288788139523424,0.8861472297109378
821,0.09731969902611312,0.07811421065761094,0.9903652912266878,0.7869274486094946,0.9247918266551685,0.8822482577278818
822,0.09847027120144337,0.07808040102067766,0.9860121240354089,0.7834684958558489,0.9253365765388023,0.882934154678183
823,0.09968567546616522,0.07745303526533033,0.9859961762137559,0.7801055593254639,0.9266892498890937,0.8922304520404261
824,0.09934326394358436,0.07722788602820635,0.9816708728037418,0.7766834433808784,0.9270108446833687,0.8883164739644175
825,0.09874365380616497,0.07692696849614687,0.9817511974529292,0.7732797447513016,0.9360954085519699,0.8844235603316746
826,0.09846213596174402,0.07667532928732895,0.9774531203935611,0.7698943494087622,0.9319972111560152,0.8849295504901085
827,0.09835807135216915,0.07875704664060464,0.9842396574504922,0.77733359388884,0.9320395573752872,0.8857788293740462
828,0.0980229817356405,0.0784620818120349,0.9799392953192164,0.7739372504015363,0.9492394443476507,0.8868518247221612
829,0.09758063937572219,0.07803029793614905,0.9756620018600675,0.7749239816458423,0.9494610068400537,0.882980844624478
830,0.0971252898869166,0.07766092538780725,0.9752264645704088,0.7720865941111937,0.9453208888958263,0.8834911058163525
831,0.09674252521354829,0.07941594366386565,0.9778363021346179,0.7749336294122352,0.9412029439109914,0.879758813040078
832,0.09602003572834077,0.0791201346952564,0.9735809730921864,0.7759130688758203,0.9414588157985853,0.8759302957112652
833,0.09581625992759771,0.07889016045660929,0.973695827988418,0.7768872713440242,0.9373658885695758,0.8721222492010311
834,0.0971456662385904,0.08133207278155907,0.9764541635284646,0.7752121747858982,0.9368003119881111,0.8691970285368866
835,0.09690533733473049,0.08096677939773951,0.9895725573473446,0.7718487269825404,0.9370745193067399,0.8654258044366911
836,0.09650104188218923,0.08059585846151274,0.9896177541406813,0.7728376277398551,0.9416816722668125,0.8746779204149155
837,0.09751651639805761,0.08023882269680806,0.9855699316426696,0.777914036486862,0.9428898365127553,0.8754578721283599
838,0.09908799584745481,0.08004435161034479,0.9856323524832288,0.7788747244181741,0.939489137606289,0.8803223580841977
839,0.09883590177710787,0.07982068527003865,0.9900158656859954,0.7841517251001743,0.9354292062306832,0.8765181114791335
840,0.09779842279159094,0.07962969524524395,0.9857418630102114,0.7894006700518479,0.9313908599081562,0.8727340905521161
841,0.097477776622052,0.08145345614389414,0.9814905650780402,0.7859961505095839,0.9388099416479448,0.8792809090256754
842,0.09699390609175834,0.08101476011682826,0.9772618329494971,0.7826097020883434,0.9347650981169969,0.8798010247727799
843,0.09661400947752993,0.08066752366446846,0.9816638752877506,0.7792412142838292,0.9307417071154666,0.8760142086696342
844,0.09802533468241398,0.08046583583055895,0.9817427182642309,0.775890577347486,0.9311971148776503,0.8722474603117107
845,0.09756019823243611,0.08166181054666086,0.981757703647872,0.7769166959763977,0.9358516764289263,0.8780152114805971
846,0.09717810386329928,0.08129475190872382,0.977544706296604,0.7735827287764027,0.940418235012478,0.8742474022272586
847,0.09692824539754326,0.08104530087874628,0.9733999517168005,0.7745074067868977,0.9363866704835911,0.874786502484698
848,0.09674986867350903,0.082981430579537,0.9844950851605142,0.7859054429155015,0.9366591076825406,0.8753565664166792
849,0.09840404174574385,0.08278157561591583,0.9888398473917855,0.7825430049441701,0.9327083017408516,0.8716114184680218
850,0.09807825799983218,0.08259899648061322,0.9888875475504613,0.7877465979310931,0.9287217671876857,0.8678860211169194
851,0.09761022722486458,0.082096335963721,0.984665119052465,0.7843830166092907,0.9290261164964206,0.8641802542906973
852,0.09728610271655817,0.08179303823136905,0.9889961412307402,0.7810371449122335,0.9335944729360998,0.8604939987334495
853,0.09807383618409589,0.08144929003063839,0.9933043785672189,0.7819702214177371,0.930978566325051,0.856827135999936
854,0.0977949937318306,0.08123634065913116,0.9973049042668252,0.7831834581377172,0.9270153096942289,0.8574366353193907
855,0.09718688023756102,0.08064398460731048,0.995051656689555,0.7821174199013275,0.9250609919477558,0.8603076427124258
856,0.09679240970255303,0.08013980367898431,0.9950726801279377,0.7830431117359488,0.9253793764088594,0.8651497182406461
857,0.09649882495649542,0.08003703580458733,0.9988280507999889,0.7844738266652971,0.9214517565674125,0.8657220679771598
858,0.09622857158582478,0.07977606689927312,0.9950978391120813,0.7848827659109227,0.921279896715177,0.866796330506922
859,0.09588189668902147,0.0792419512709343,0.9979919175408838,0.787156512200252,0.9173774890631636,0.8673605618778217
860,0.09550973763047878,0.07878911083734831,0.9980004149844325,0.7922888059584806,0.9177271162009072,0.8636902208629765
861,0.0951619231536251,0.07831983990179904,0.9980088680127658,0.7973942737741707,0.913847524558082,0.8600390643223255
862,0.09475806290136744,0.07777981857120164,0.9980172768937537,0.7982499113965016,0.9128889238384358,0.8619525795208046
863,0.09440242147351395,0.07736655551267378,1.0022445868774312,0.8033200289048053,0.9169503972985795,0.8630599823546361
864,0.09408080975752013,0.07700685548434823,1.0060454702235142,0.8045533659932645,0.9134900851271701,0.8674474909711362
865,0.0938731505548252,0.07673788955726882,1.002168329982073,0.8050174672492361,0.9096438209406454,0.8680056053684486
866,0.09341536661217063,0.07826626346093676,1.0045054560339743,0.8076976840656753,0.9100238867795344,0.8688598488777347
867,0.09314500656059115,0.07796079431447545,1.0055283305040832,0.8116660542378034,0.9114437825268094,0.8767733122497255
868,0.09270299576128573,0.07769938827393794,1.0073165052193636,0.8106452797464286,0.9130087933287193,0.8844931513376977
869,0.09220369489873366,0.07936252965492775,1.0053485502039603,0.8091829426138906,0.909179901866647,0.8808331335218257
870,0.09196001468284895,0.07913091387513412,1.0066474733770747,0.8128505581174588,0.9108817250818612,0.8883900849330227
871,0.09152527033358498,0.07870041024900329,1.0066196515201482,0.8136338399300499,0.9133224178939487,0.8909748335201734
872,0.09278242327147801,0.07842397716777787,1.0065592750620715,0.8102646177390086,0.9139017946129668,0.891496081004507
873,0.09247801747167655,0.07807248498445003,1.0105251141801064,0.8070638989524538,0.9182546608560967,0.8921330269556145
874,0.09379285470256384,0.07787913780481913,1.0063084041774264,0.8036961900575829,0.9147837903043359,0.8967559241813461
875,0.09345472066376306,0.07760269681384653,1.0078476011846782,0.8071176319328847,0.9135735299688515,0.8987518038693173
876,0.09452083453211127,0.08000325697183579,1.0078149202132007,0.8079208816165706,0.9097693250896668,0.895009513259222
877,0.09419772683826728,0.07961844996468229,1.0042169521125632,0.8081251511674834,0.9131153312046518,0.8966359753303789
878,0.09385648166407576,0.07915540133011685,1.0000432928221663,0.804766475496974,0.9176325685266914,0.8929094368959607
879,0.09352796613074076,0.07892619839039838,0.996662078973269,0.8048061360722856,0.9172036114516134,0.8941250195897972
880,0.09338412157432709,0.07877540778352783,0.9925280949824774,0.8097635959813247,0.9133992076059858,0.890416341799469
881,0.0929999843549433,0.08018246919855242,0.9884153728300504,0.8064081920423761,0.9137580538684716,0.8915037538024185
882,0.09264070796116725,0.08181332639559558,0.9865282318982572,0.8050051276445191,0.9138457062154735,0.8923497466500889
883,0.09240199561203666,0.08156680975646527,0.9824485388296258,0.8016761059974196,0.9100665847743443,0.8927949239681096
884,0.0935392369876596,0.08121059675132808,0.9783897777323098,0.7983641647983962,0.9108241555716823,0.8891065462444278
885,0.09326314365551254,0.08080177685610147,0.9826061079152764,0.8033234862014734,0.9070650551879886,0.8895642192453157
886,0.09313134915312614,0.08063347096763414,0.9826778232220186,0.8041343867433038,0.9033252108592407,0.8858965311546172
887,0.0928167844180829,0.08035561933965119,0.9812659525946598,0.8023054599438173,0.9025709462677827,0.8916378651042575
888,0.09231243659549682,0.0800772436385312,0.9797324314710256,0.8006147579829196,0.9020782815891358,0.8970920938768578
889,0.09203893264331674,0.07988474373926238,0.9757050785396834,0.8096556964239273,0.9024808050812815,0.8934044477829807
890,0.09174077127955,0.0796170768269607,0.9758048470322868,0.818650471311646,0.8987747157377295,0.8897356310228145
891,0.09272543900598067,0.08222533523625819,0.9749337572910621,0.8203647984534082,0.8982410173638032,0.8911898448887494
892,0.09241414662506314,0.08173776723731371,0.9791348402126555,0.8170026542322198,0.8986580615569101,0.8875374346529333
893,0.09213794473335107,0.08163535969376853,0.9827953864323254,0.8182710296794954,0.8949787251124706,0.8879978852214173
894,0.09194114312607812,0.08323302177938961,0.9852123013139068,0.8207579499083484,0.8977548245501011,0.8907076869869776
895,0.0916343684592943,0.08472982440474183,0.9832117253803282,0.819465270152648,0.9022946052943812,0.8956722399581245
896,0.09093738822575616,0.08442123725650727,0.9868041799145869,0.8207602784875012,0.9021353709088935,0.896656172055486
897,0.09254659619567664,0.08642261237397351,0.9839291481353333,0.820342133470141,0.9074157474528732,0.9001909202750322
898,0.09264471290935737,0.08610625431145869,0.9800726727358566,0.8209221394663687,0.9103353047678739,0.900901307531893
899,0.092298645067939,0.0857167826335213,0.9842235365890288,0.8216509441550188,0.914769983273498,0.897234851527875
900,0.0919524878649392,0.08545665554540446,0.9802219823052318,0.8264417539019244,0.9110508060650937,0.893586966844944
901,0.09133485416522069,0.0868275279652006,0.9809981439302585,0.8264508532130578,0.9073504521075622,0.89008871242813
902,0.09234841859484853,0.08893375460183764,0.9880387095122315,0.8323642974355355,0.9077293814975349,0.8905390598656271
903,0.09198531523207068,0.09047503567579972,0.9902584383282037,0.8349260860099937,0.9059321585784157,0.8892274644333179
904,0.09280215391791767,0.09274404712543631,0.9877556246688532,0.8340873427523126,0.903771148129058,0.8881725392021144
905,0.09425624479653674,0.09216485966569209,0.9837597394446067,0.8307131100925366,0.9041528508373217,0.8889767178951772
906,0.0954393124075935,0.0919620546959849,0.9797839969807708,0.8273558865199143,0.9087115681556,0.8853840292081074
907,0.09492762784508946,0.09176231305852424,0.9798656157795332,0.8280529088315084,0.9090801302368858,0.8818094363057069
908,0.09463384557340598,0.09108584577706777,0.9775270083504708,0.8271329378445382,0.9078333520945657,0.883899619722537
909,0.09532095508360094,0.090974977626892,0.9784534622800383,0.8350521006268263,0.9157740178337098,0.8854005036177954
910,0.09657909681541621,0.0907552829571303,0.9746498099357215,0.8355811960165815,0.9163029358939901,0.8900218964539471
911,0.09640770945215188,0.09054280713842032,0.9707305295918697,0.8402635790468153,0.9126182811092117,0.8864429234845688
912,0.0961094441270001,0.09214655366095281,0.9729899602789509,0.84278062258987,0.9108274615565658,0.8851634791465721
913,0.0958911967540639,0.09190900993663433,0.9730983565546507,0.83939838836644,0.9071721428062963,0.8816111546955189
914,0.09551410322683482,0.0915401421347761,0.9698690921665177,0.8393702123925325,0.9035351323545401,0.8820857961085717
915,0.09517231401828344,0.09130423780559008,0.9659846052010747,0.8400135613983548,0.9039214901877967,0.8785528958387713
916,0.09689510607027745,0.09091450361049358,0.974114268741924,0.8406624570270999,0.9044042479378015,0.8790475893047872
917,0.09627295061037795,0.09071857544159796,0.9702205743199165,0.8373021913737233,0.904786359830129,0.8755338919850922
918,0.09612978760774364,0.09050568238101014,0.9703394885924522,0.8339587024142843,0.9051665639642824,0.8720377373928487
919,0.09592927031341528,0.09031743449137274,0.9744469872345167,0.8346210706383775,0.9015556937880114,0.8685590239892691
920,0.09526565798260948,0.09004915354158356,0.9825192016776485,0.8392653275726707,0.9019480130931297,0.865097650895614
921,0.09489985846045651,0.08953525220693906,0.9825887963580073,0.8399052456098156,0.90233837837059,0.8696159323131989
922,0.0947079744996692,0.09118359384243226,0.9866352726796539,0.8445192069439372,0.9007829486882561,0.8683220319709557
923,0.09606829558628614,0.09079308543035387,0.9827151213642503,0.8411637186782549,0.9012569078357071,0.8648719690651567
924,0.09563704558356197,0.09211080623015512,0.9808282214057958,0.8397804116083604,0.8996350739825195,0.8637500567563832
925,0.09716363995727369,0.09171746908744884,0.976947940921437,0.8404067210351761,0.8961682089486651,0.8642993421704857
926,0.09683240025664641,0.09127760021196692,0.9730779073569037,0.8450002768663788,0.892618172244736,0.8608755492293295
927,0.09642142999669592,0.09096184044295286,0.9731844486171609,0.8456136714513056,0.8928780817166642,0.8615911616057077
928,0.09609044784237743,0.09072459692538186,0.9785573401353318,0.8528174582047631,0.8919881394970277,0.863451793976134
929,0.09562779604185001,0.09040470498118532,0.9786420275905559,0.8494492687748229,0.8963642152924864,0.860041604400682
930,0.09528247189538164,0.0902185902501616,0.9747807591594413,0.8460977351671473,0.8958829780483274,0.8614839515214909
931,0.0948878213271041,0.0917848822920627,0.9754308248126858,0.8461536936833116,0.8923517714905997,0.8581090302830395
932,0.0962793518868163,0.09164336518134611,0.9755275697215585,0.8467594871937378,0.8931507851746295,0.858682770350531
933,0.09754403127221041,0.09078676668250059,0.9795386965883968,0.8434474329707442,0.8939769230447975,0.8592575315208074
934,0.09724996212824377,0.09062917139228954,0.981987307874374,0.841694448399165,0.8904637846213703,0.8598106193702546
935,0.09845900775413965,0.09025478896909865,0.9781762399184484,0.8422718582029989,0.8876275141731398,0.8604050584796858
936,0.0982174724508513,0.09004223539117526,0.982183766040618,0.8507343272026451,0.884146296972317,0.8570306059740707
937,0.09804540973185236,0.08970909493712059,0.9822535703086748,0.8552371670999721,0.8806821987091272,0.8536727473891038
938,0.09747126549600009,0.08941342077528389,0.981479262185148,0.8527334537934456,0.8833757802886365,0.8559330255052471
939,0.09727981607573465,0.08916666010504895,0.9776414951399802,0.8493991068812198,0.8836598922732478,0.8566682647312382
940,0.09698224395584434,0.08899396304543852,0.9777288336835335,0.8538936742436255,0.8802080707641292,0.8533218800325151
941,0.09793246762256207,0.09119786808636876,0.9778157441045339,0.8544638357745428,0.8767733944327056,0.849992252607248
942,0.09738903538700135,0.09068583306815534,0.9807899236306504,0.8521435098791577,0.8733553164976193,0.8505770538508884
943,0.0968500826219832,0.09017771455812221,0.9837599335835024,0.849824153546861,0.8699539668999797,0.8511589930320691
944,0.0965020643664704,0.08977413602045434,0.9838231185573562,0.8504084403772375,0.866569250529814,0.8517380864232189
945,0.09616546571707667,0.0894809101786693,0.9799991990817151,0.8509898722092845,0.8670878685943058,0.8484275544837022
946,0.09591438659192986,0.09066204628266392,0.9761939495526717,0.847685554396087,0.8698404019703289,0.8515147742906217
947,0.09549175817041791,0.09030944928810285,0.9798267952342951,0.8486149152681968,0.8700067663554962,0.8524292815043206
948,0.09502544683155162,0.09010481656452002,0.9837801222801206,0.8453264028074218,0.8743856627931778,0.8491259877915646
949,0.09462364601686714,0.08974327385309742,0.987653172124311,0.853728768120255,0.8762030584822502,0.8522502353825802
950,0.09424456542047585,0.08941180515611405,0.9915683326073468,0.8581618692139914,0.8805492422754265,0.8489542340998681
951,0.09407518934141237,0.08913726915742551,0.9877373639743263,0.8625734119379563,0.8771472008668261,0.8456742614194634
952,0.09537543201690118,0.08894278489983336,0.9877846938638924,0.859244151879659,0.8777569553877234,0.8424102267275658
953,0.09517626461140964,0.08868822509465814,0.9866865497431948,0.8647879514506424,0.8743724778330683,0.843017865376522
954,0.0948556365136882,0.09008420177114243,0.9886551183683807,0.8672434703043225,0.8748737917700213,0.8439433240496352
955,0.0945907343942272,0.08971996606819008,0.9906854645103319,0.8696157653391609,0.8792034140608388,0.8522400919821377
956,0.09436731923313812,0.08935324605607327,0.9979964144366794,0.8666861311845135,0.8758235141386438,0.8528081217391043
957,0.09411095150751841,0.08900655096299555,1.0036025534780735,0.873120968427275,0.8764085422230024,0.8571056985403983
958,0.09469212813664972,0.08891750391615859,1.007204496685909,0.8699919870625374,0.8786042843202012,0.857874755650546
959,0.09429043335045859,0.088789215964163,1.0071768835813257,0.870490276535684,0.8790695649274622,0.8545867278562553
960,0.0939150779530289,0.08819001084361108,1.0071494038046582,0.870986160053475,0.8757036701005825,0.8551435049305574
961,0.09370333646122551,0.08796364858739235,1.0071220566069763,0.8676545492859306,0.8761791162213725,0.8518724939323489
962,0.09329625123402824,0.08772417247908283,1.0078597890245755,0.8673953303513128,0.8797103313197004,0.8570230267209177
963,0.09294417558527618,0.08911155388455179,1.0078297845999766,0.8679015432788479,0.8763520729462956,0.8540278089881407
964,0.09276155513916012,0.09069172762567601,1.0085849233711353,0.8676203209505737,0.8753092996112437,0.8524891359705368
965,0.09258028254987853,0.09044742867307919,1.0047423842579872,0.8643148332902274,0.8756169195742396,0.8532185582374019
966,0.09230362374016858,0.09010409909293587,1.0085303586990308,0.8648312543006229,0.8722843005025234,0.849971187868055
967,0.09395905231262218,0.08973400672775574,1.01216077665845,0.8616823433424374,0.8690924735947874,0.8543438503583012
968,0.09380302127039808,0.08947782317511806,1.0083161652971786,0.8622077318444555,0.8771865545696329,0.8510986939076001
969,0.09357075399164308,0.08925877124128098,1.0048449495929392,0.8699648836679277,0.8812105656708823,0.8519003609885797
970,0.09321455711927708,0.089028596410721,1.008617413591862,0.8742486551185548,0.880609186880266,0.8535134709867812
971,0.09646590462632425,0.0884810181333644,1.0085847790894371,0.8709378392280036,0.877276254504723,0.8502811800979158
972,0.09622864920480455,0.08823848510449009,1.0085523006698898,0.8714261144604333,0.8775506237624312,0.8510375308912854
973,0.09555476494130226,0.08868573848038437,1.0139853131041037,0.8740056704606465,0.8796992788189303,0.85160549807206
974,0.09666101077094343,0.09081368423788108,1.0158647355916834,0.8725491601191224,0.8820870780444992,0.8502349977172169
975,0.0963814649806317,0.09232592497557401,1.0139807922063064,0.8710820742218855,0.8824081186659708,0.851043876854352
976,0.09602985886254548,0.09198175320908505,1.012793564719318,0.8689342489732979,0.8828512229248889,0.8553733198881761
977,0.09566909950209274,0.09198175320908505,1.0127454047876958,0.8694276312124098,0.8795278290576329,0.8521533634881467
978,0.09661445473791774,0.0916153354165316,1.0126974741033627,0.8736792896121658,0.8805486336458138,0.8489487344827166
979,0.09627116464852072,0.09272269854185604,1.011203377155398,0.8718433878540045,0.8786869246827703,0.848875045729588
980,0.09587848915424149,0.0923193962947353,1.0074082186489737,0.8760774848318146,0.882895337107308,0.845689123467585
981,0.09546910678698214,0.09195799546144277,1.0036310828186708,0.8727927551692775,0.8867859090195509,0.846565545808781
982,0.09529098449058537,0.0916966691126576,0.9998718699225625,0.8695236119183056,0.8834643528398529,0.8433946395149389
983,0.09511258788307345,0.09154969141699851,0.996130480840795,0.8662699688808011,0.8801585453826417,0.8439806361846026
984,0.0948937725530551,0.0913134079412255,0.9924419789830806,0.8667347070135966,0.8768683996137034,0.8445638566196283
985,0.09459988905352618,0.0909435834774712,0.9924702035983379,0.8672323718934999,0.8735938290409341,0.8451443161518482
986,0.0951629884211984,0.09073549989062682,0.9924982947066516,0.8677276827389395,0.8820725057754044,0.8458804630970858
987,0.09477691542237501,0.0905100617738159,0.992526253044277,0.8756745144290592,0.8862389443519609,0.8427279250203228
988,0.09427862159707856,0.09026322458006848,0.9925540793428922,0.8761374038080368,0.8886586822862262,0.8450405051123611
989,0.09392936340006572,0.0916683959700776,0.9888622897939963,0.8728786242834826,0.885353330060006,0.8420205805064538
990,0.09348463501020188,0.09135402255972672,0.9851879080188147,0.8696352107747312,0.8882538563599125,0.843848836118748
991,0.09329190261631973,0.0911448241368944,0.9815308382887237,0.870119131781744,0.892380716968289,0.8407164245146019
992,0.09264749994920213,0.0920155329205306,0.9815993282716328,0.8706007745646462,0.8929832131658927,0.8417143499572065
993,0.09224468594028407,0.09162461520963013,0.9810678419684378,0.8679751694203073,0.895884999554556,0.8435000489240516
994,0.09186500477671604,0.09141145810767314,0.9809039609312945,0.8649967987089371,0.8960363745550081,0.844313192535875
995,0.0916586590391583,0.09121757338115863,0.9809745634647108,0.8691931716404359,0.8964207524520762,0.8411915687176914
996,0.09276238667196735,0.09059422462893398,0.9810448346576683,0.8696763117701654,0.900265130087014,0.8465375420034831
997,0.0924415198318829,0.09037851016244937,0.98093408805577,0.8703378745567301,0.8988785569854294,0.848858374598556
998,0.09205033649895085,0.09004872919112226,0.9773182086825637,0.8708158298144637,0.8955651473763668,0.8457293473531394
999,0.09187771398141598,0.0898789364928778,0.9847666839053653,0.8749740223436645,0.8996322011612371,0.842614970135726
1000,0.09160414383546261,0.08964076000473283,0.988308061095861,0.8719486302592109,0.9034867706110962,0.8433874147634178
1001,0.09123574575739991,0.08926315231146162,0.9901036457985504,0.8780168535416679,0.90664027779429,0.8485144095923144
1002,0.09081384073285784,0.09060649734992823,0.9864685355349654,0.8747932636786736,0.9051919829680293,0.8472470237681047
1003,0.09036182385740239,0.09022353346612326,0.985517914729172,0.8725849703622027,0.9082072408011068,0.852475312982805
1004,0.08998535519996832,0.089785005518964,0.9822661498400067,0.8726925530687771,0.9180987861074686,0.8544529786709547
1005,0.08973746637405644,0.08953532917168117,0.9786706172990213,0.8694981087999346,0.9220590274548018,0.8513252993856064
1006,0.09119642170388767,0.0893549838715926,0.9824054020553039,0.8663185387832817,0.9187386731327692,0.8482121834754631
1007,0.09244003589109355,0.08917052755975304,0.9825124286033238,0.8704172765358652,0.9227485532211722,0.852505319584999
1008,0.09215659086189162,0.08887435533699693,0.9789267677064508,0.8672407048187278,0.9230304809443008,0.8566930801518375
1009,0.09184182133345241,0.08864147370087773,0.9789193608489356,0.8641631256983466,0.9196652652117859,0.8572155533650275
1010,0.09443059705956508,0.08829130536473107,0.9789961405377388,0.86465786937581,0.9199638444803325,0.8577373651714151
1011,0.09426110665392147,0.08811667688771738,0.9850541057957264,0.8628073261567801,0.9170483629535583,0.8614616918343021
1012,0.09391761995788556,0.08774108834044694,0.9851084328163173,0.8669409222443327,0.9173498849121833,0.8583303537938378
1013,0.09356817505066067,0.08736182755169457,0.9815312286606359,0.863792817359151,0.9140187309892185,0.8552135162902131
1014,0.09331528274708636,0.08711924810596504,0.9779705767662432,0.860659279228439,0.9179582910866131,0.8521111008621841
1015,0.09265146095386119,0.08705044313085385,0.9744263876329955,0.8575402290879363,0.9146315879348663,0.8526470538261121
1016,0.09353255501481181,0.08686231655432634,0.9709467482295637,0.8616282169026142,0.9150865814688207,0.8532287066621926
1017,0.09333896835357772,0.0865412858082475,0.9819021780298255,0.8585118941906631,0.915393694919294,0.850142763160228
1018,0.09300963093941086,0.08586240160724828,0.9783543999931553,0.8554099460428943,0.9120862232399285,0.8506842226104585
1019,0.09279436294425632,0.0856935782974035,0.9816557814133053,0.8563181588715861,0.9120172462768992,0.851609493207977
1020,0.0953183986520358,0.0851911898510123,0.9853278791390742,0.8532303189189119,0.9123521779014935,0.8485386324654354
1021,0.09490090830697334,0.08501700076588369,0.985380733184034,0.8501566887283856,0.919872606126921,0.8454819033493413
1022,0.0945729317426947,0.08461719594410957,0.9818345994831316,0.8470971918421355,0.9165622194517288,0.8460379745322653
1023,0.09414699461725992,0.08598191522444673,0.9801928689161242,0.8457587901329819,0.9132670428378236,0.8430344551740862
1024,0.09406535442978588,0.08764328099441795,0.9766724528918891,0.8427212014176975,0.9118861991152464,0.8417483420296971
1025,0.09384626564512706,0.08746270036801292,0.9766843306119496,0.8397693682282135,0.9086862043587254,0.8458322873445712
1026,0.09364347193920203,0.08724784132924772,0.976767902795616,0.8403436954570201,0.9089823058534142,0.8464160844861438
1027,0.09348919656243418,0.08704988986847488,0.9770191905631885,0.8443280896237315,0.9093082216390685,0.8505468330363912
1028,0.09311600576055262,0.08677366703591964,0.9829990308880485,0.8461417626052057,0.9084241413793346,0.8522899638505415
1029,0.09280475500332946,0.08648601369520265,0.9851511787933332,0.8481738457052019,0.9066600081273313,0.8549092190971105
1030,0.09374985250316584,0.08629551787187652,0.9852041901186035,0.8487158756439989,0.9080090854370869,0.8518571336783863
1031,0.09362714107281196,0.08584456734457292,0.9816904580735579,0.8456889293527633,0.908337171155352,0.848818984086223
1032,0.09340580516704718,0.08558139201852281,0.9839862272891172,0.8475711330378403,0.9117924238368097,0.8533548418315153
1033,0.0961688588753904,0.08509044864428592,0.9840422212242024,0.8445553142523549,0.9087161463771724,0.8538788171953985
1034,0.0958881743417295,0.0847442162076838,0.9805431463290333,0.8415522293908073,0.9107975354765427,0.8561974150119681
1035,0.09554817588071958,0.08600273848900114,0.9812873549588316,0.8414399849193375,0.9075621423537157,0.8531932656993689
1036,0.09538470480215987,0.08578913797608871,0.9849024740925403,0.842002668957029,0.907890177810508,0.8501655273920108
1037,0.09529460134643022,0.08744500399486674,0.9814108309524053,0.8390176294019727,0.9084560009655104,0.8504945172584294
1038,0.09514351426157869,0.08730339797487141,0.9779350437937784,0.8395877682661902,0.9087802152968161,0.847482386325759
1039,0.09481136603755823,0.08709522397454503,0.9744750283089199,0.8366172369435481,0.905564875344316,0.848022006322379
1040,0.09452636397486489,0.08686133585747459,0.9745652475164306,0.8371947209690848,0.9023641138942372,0.8450246328369917
1041,0.0942814313809942,0.08669646833013267,0.9761262670577895,0.8362983796217907,0.9041800766520804,0.8476316580004172
1042,0.09385675163212708,0.08639542478865199,0.9726829964972995,0.8333483498074955,0.900990595183969,0.8481691350093488
1043,0.09367903363394899,0.08621527983592227,0.9692553014308262,0.8304116643328083,0.9013395002739566,0.8522281398316368
1044,0.0932848674558002,0.08585531906016138,0.9716479287064848,0.8322447337283786,0.9004507839691127,0.8539844057024654
1045,0.09418473535115861,0.08552317060366858,0.9686882095457476,0.8323772281587518,0.8977414593420477,0.8580148487964068
1046,0.0938537314607057,0.08514201727507746,0.9687982204853127,0.8329661545138158,0.9007710615921088,0.8628701791411557
1047,0.09365123569546069,0.08490140339611961,0.9674420453707337,0.8315082237545486,0.8990751429735222,0.8653956913330267
1048,0.09335464534387759,0.08465828484478351,0.9675562060374844,0.832099020496457,0.8959226409521427,0.8658676656262494
1049,0.09311281471424128,0.08425142186688857,0.9711727313285458,0.836190035866523,0.8982208656730446,0.8714096177849926
1050,0.09276220302953653,0.08394144175501646,0.9712736088236649,0.8367632687678315,0.8950776517936615,0.8683602265829776
1051,0.09224180540465524,0.08366219273986682,0.9741566110807345,0.838047226387502,0.8940413872242976,0.8702234839096084
1052,0.09210783408626282,0.08332504399235263,0.9812316376238586,0.8421052136732569,0.8909190498413285,0.8671843278322993
1053,0.09327754185947237,0.08330713559065296,0.9812971184712019,0.8426560920180248,0.8881284963210816,0.8744859411742826
1054,0.0930831676781761,0.0829818999728252,0.979153044344017,0.8419283530841069,0.8850330062092605,0.8749234088713544
1055,0.09435206755460102,0.08277415322343944,0.9792297776061205,0.8459565251202628,0.8820886267278278,0.8788408403630593
1056,0.09412164591229934,0.082623814062111,0.9758235815742663,0.8430139126457625,0.8790203307580615,0.8757838416365764
1057,0.09380472956243222,0.08220667549587886,0.9788322919957109,0.8406347360230573,0.8759657637790468,0.8762154887354209
1058,0.0945067092124938,0.08176457748237277,0.9789057755702854,0.8377164774519384,0.8744433304262547,0.8731737117892929
1059,0.0943860259584608,0.0813837397779085,0.975510906460925,0.8348112562726611,0.8714107396249379,0.8701455240563806
1060,0.0940352353325852,0.0810749489114419,0.9721311922450876,0.831919004170015,0.8718562445889677,0.8740599705365615
1061,0.09381609373051046,0.08068525842625952,0.9707071604704391,0.8340212368843604,0.8713294588839062,0.8754661644293886
1062,0.0935517582213365,0.0819539840897414,0.9690539035591572,0.8328920359898695,0.8752834365380171,0.8797056492335272
1063,0.09320888642597364,0.08167251054448665,0.9694526486844309,0.8366315852438249,0.8722600499937622,0.8801211675745297
1064,0.09293795062199686,0.08143819586056861,0.9693108044822193,0.8339918523720498,0.8759043185199847,0.8842328191037171
1065,0.0927390626184066,0.08120827922412932,0.9659693201399007,0.8345641286981064,0.8728848323529372,0.881184622275273
1066,0.09259931223430501,0.0809947736692826,0.96264268312576,0.8351338622097875,0.8802102617454668,0.8781499696008714
1067,0.09253610614226467,0.08069185246186347,0.9627712068980555,0.8357010661667508,0.877181994388,0.8785691813342501
1068,0.09235213794565532,0.08055901577739026,0.9628991604807561,0.8397027059596532,0.8810410662130094,0.8755495810454565
1069,0.0919829558319226,0.08024956982292135,0.9595930298680555,0.8402530894397835,0.8780159967565163,0.8725433666965041
1070,0.09492436699596568,0.0799496452432355,0.9665917995656133,0.8442311201235055,0.8750145169354219,0.8695504686305631
1071,0.094713300272199,0.07973099134208078,0.9636298099330762,0.844414697881869,0.8720161424878178,0.8699974744047415
1072,0.09455601415134635,0.07940889226717893,0.9657133260652878,0.8429882899060994,0.8690310290469093,0.8704425031921667
1073,0.09437960479250938,0.07922768129313318,0.9624107696486627,0.8435252401755636,0.8763185387650618,0.8674657549205723
1074,0.09421672826249183,0.08068122291990372,0.9609119382139938,0.84227067808225,0.8751138321597031,0.8663374679359452
1075,0.09506406651068813,0.08066989106866645,0.9644583224444702,0.8393960271643967,0.8756852363588074,0.8633806776045483
1076,0.09471138682412171,0.08033774775829935,0.9611699378684699,0.836534050773455,0.8795186620665728,0.8706656228023266
1077,0.09449624005777853,0.08016299450857799,0.9647083576308323,0.8370908416926837,0.8799290405901445,0.867699997760814
1078,0.09422074479203896,0.07995600592540285,0.9682312003701822,0.8342424275133855,0.880337612523166,0.8647474281543885
1079,0.0941388801854643,0.07969568160726415,0.9683391937316589,0.8348058959998138,0.8773450342980331,0.8618078464678609
1080,0.09376601855541977,0.07937301204016825,0.9650507571566798,0.8387628430420772,0.8811575203299877,0.8588811855815989
1081,0.0948032704474799,0.08164231290905456,0.9628878604236465,0.838198753104928,0.881560855758157,0.859360398807877
1082,0.09629696714907088,0.08134199249913113,0.9697845644383664,0.8387545406653979,0.8820432190052675,0.8598444659507585
1083,0.09597605356399118,0.08260531941160781,0.969886867336071,0.8393004827451666,0.8790568123714512,0.8571956904096857
1084,0.09564913470590065,0.08391810585012918,0.9682802047618516,0.838170151186135,0.8829175606330258,0.8611418101172461
1085,0.09626604804523275,0.08576886818789092,0.9683873865164435,0.8387169771353878,0.8843715158869253,0.8639337363683052
1086,0.09579731258886,0.08534670798053638,0.9710113096929628,0.8367442002869923,0.8813861955542897,0.8643930471625906
1087,0.09819945863565568,0.08755821629713034,0.9767172183215118,0.8384311244802284,0.8823545709896282,0.867654616728838
1088,0.09791771435159269,0.08715734549039321,0.9734267595957219,0.8356065372222492,0.8822963332105944,0.868555047554343
1089,0.09772563248958537,0.08687347408403674,0.9802472501684723,0.8361598081530712,0.8793269395054675,0.8656319005416165
1090,0.09735919197551586,0.0865882008283201,0.9769514972342991,0.8333485009643139,0.8797326622383108,0.8694458331913433
1091,0.09723703454210561,0.08643884627706461,0.9770289126480155,0.8339082507613161,0.8767778122552409,0.8698843391081326
1092,0.09715611454643681,0.08798567732348893,0.9822383148334753,0.8393995809466651,0.8769929719732582,0.8705792621131981
1093,0.09679151689018599,0.08778026962247529,0.9822978536638813,0.8365858350197259,0.8740532094824776,0.8676609989779152
1094,0.09629610595125805,0.08762823404039297,0.9823571336049667,0.8404818102222996,0.8744749729330784,0.8647554251607736
1095,0.09634812539414085,0.08820934525325398,0.982349092987672,0.8410825247405805,0.8725806542771304,0.8652853593824141
1096,0.09742394010373356,0.08803301878596867,0.9857501355884111,0.8482977399526359,0.8766244945243299,0.8623935304175138
1097,0.09713878081637865,0.08774582579118974,0.9824589998175218,0.8521429420668546,0.8803751217641678,0.8595142468201077
1098,0.0967861046977634,0.087535217077346,0.9858528805501283,0.8493007258691891,0.8774387406623884,0.8566474445574368
1099,0.09806920971535635,0.08752529820902383,0.9825709064494927,0.849799933734277,0.8779700303374615,0.8571309578342099
1100,0.0992292766005047,0.08720680019983457,0.9892863445360348,0.84697119548559,0.878412616253643,0.8542778167261553
1101,0.09891396216966315,0.08685069549725889,0.98881954348941,0.8446571192644077,0.8788169409686148,0.8580877827021941
1102,0.09874102350753276,0.08830584439172519,0.9873202892435493,0.8433875139710802,0.8792195183699766,0.8586462020113383
1103,0.10003880905764312,0.08798529886155608,0.9840509607875279,0.843899939487474,0.876381313160087,0.8591226490216489
1104,0.09966177037638675,0.08776666515981496,0.9926035658083721,0.842548595113775,0.8797449487976747,0.8632667746979383
1105,0.0994305366244666,0.08881374396293125,0.9943184733862376,0.8446917903404959,0.8817649456531973,0.8661267579179379
1106,0.09910582032572231,0.08850782212028292,0.9943372724122312,0.8452056738913252,0.8854649599772905,0.8731873142212052
1107,0.09875308908173377,0.08984471951722092,0.9928310500179737,0.8439367944439193,0.8860991647903588,0.8733709351750246
1108,0.09832206335622734,0.08956568070827224,0.9928547232341719,0.8411499570071059,0.8864752866915916,0.8704869006899846
1109,0.0989531882794674,0.09146196079531171,0.994060715907551,0.8437904509597328,0.8859160234325627,0.8718535609254183
1110,0.09859961204089895,0.09120677723457454,0.9940802893505013,0.8476008431374021,0.8928831766219956,0.8689802893879354
1111,0.09833160900803978,0.09098176320700331,0.9908074831198438,0.8448102905530197,0.8931576987345208,0.8694897831547503
1112,0.0981347776053229,0.0907403647438831,0.9877876475090864,0.8450817751127715,0.893270168426141,0.8701579670863068
1113,0.10218787844788177,0.0905882267474646,0.9943992091658103,0.84230507500246,0.9026973494008611,0.8672988736892511
1114,0.10320774053068967,0.09040768843980944,0.9912376316295796,0.8427202262982104,0.9031595043718225,0.8711193617262765
1115,0.10275257874500789,0.09017611080156471,0.9912663647742597,0.8432359707067973,0.9034770591531494,0.8682628282417233
1116,0.1034574873719149,0.0904681054153876,0.9938243827814499,0.8412201024069142,0.904337964273557,0.8715243677743991
1117,0.10323544112096278,0.09072114461826643,0.990571992075412,0.8384671246271347,0.9034092482777015,0.8720626679852128
1118,0.1028747180615489,0.09203881642004504,0.9911135456097214,0.8384844986497376,0.9004557052549198,0.8692291392661189
1119,0.10263449135503855,0.09174049187345744,0.9914615162936297,0.8419591337584105,0.900461876161177,0.8699751920238216
1120,0.10229919812909419,0.09137636000029005,0.9918226957167706,0.8454042670423946,0.8975238510009794,0.8703994367002452
1121,0.1020676372610982,0.09239909244239958,0.993501335411089,0.8475157288287546,0.899465427086513,0.8731631054780059
1122,0.10193716652960245,0.09202453679824436,0.9902662180036976,0.844755981267633,0.8994494776985823,0.8739194397713481
1123,0.10233749831665728,0.09213370773808377,0.9915390685942073,0.8440198074587075,0.9014141471691474,0.8797539815498537
1124,0.10197561088703834,0.09167228546673699,0.9948163375211999,0.8477764804712687,0.898484755972256,0.8801447537925741
1125,0.10161383806617053,0.09130814493209978,0.9948331664093368,0.8482706778833184,0.9006508590831621,0.8819438601138033
1126,0.1017070626621189,0.09081790013345707,0.9948499238962049,0.8455194987528715,0.9028471812410032,0.8790834694325818
1127,0.1012093899196191,0.09054631268130298,0.9948666103390658,0.8460200214646212,0.9025484761777184,0.8800887274989523
1128,0.10105334274424684,0.09182789784319981,0.9933486981712623,0.8448161520396402,0.9028639072402379,0.8807372953006019
1129,0.10075893518450714,0.09152994992095498,0.9901366410723259,0.8453179490233167,0.9161122611126346,0.8778893744376899
1130,0.10195230835356345,0.09075509151182291,0.9901685030018625,0.8458176234896875,0.9197295501320133,0.8783279115965765
1131,0.10160162427855307,0.09039612173858744,0.9889592277779724,0.8443290846693347,0.9199885912095254,0.8819476639073354
1132,0.10118661007240973,0.09019216269986599,0.9894523994528045,0.8475972495510593,0.9197889606902765,0.8827858278467132
1133,0.10094815861333349,0.08996444380022899,0.986265713558225,0.8448674303086962,0.9168266367738934,0.8799426782954164
1134,0.10073364389818469,0.08965476655913131,0.9830924657179673,0.8421491225426694,0.9138768047914579,0.8803289551694565
1135,0.10056409193910051,0.08950506406218643,0.986361031486666,0.8426564901815377,0.9109394025791142,0.8774993831670299
1136,0.1027737546179075,0.08904064480830876,0.9896158349305455,0.8399507129458096,0.9112390287662527,0.8746817251023217
1137,0.10244806073932775,0.08872901133662103,0.9864413460518205,0.8404641189199945,0.9083159569432543,0.8718759217685905
1138,0.1022593226832729,0.08852542003492457,0.9832802030200959,0.840975366487632,0.9118143599850229,0.8690819142934795
1139,0.10353183594211696,0.08836504825432082,0.9832983604178201,0.8383184455456395,0.9123192177437872,0.8727377933462009
1140,0.10326593522693803,0.08806490732491977,0.9827048382323198,0.8426806613355554,0.9094014473457568,0.873144802090663
1141,0.10299835144388671,0.0893667622910043,0.9855265939561298,0.8436117914542289,0.9116780729502912,0.8748764256897535
1142,0.10246561317663558,0.08921262391852218,0.9823809899470222,0.8409191511443653,0.9119599788973488,0.8720839949131509
1143,0.1021988804737992,0.08898141808126162,0.9792485600741238,0.8382377879088257,0.9122407041912365,0.8693032591443431
1144,0.10177230956494152,0.08872772448874876,0.9825000851970603,0.8419384919898968,0.9112869443908663,0.8709528938303007
1145,0.10139485467486253,0.08859144362749626,0.979373534933652,0.8392592423353009,0.917933728907826,0.8681813134094448
1146,0.10243784650340086,0.08843248826633202,0.9794753302071655,0.8429130826074644,0.921418228567006,0.8718518763263191
1147,0.10209814318087339,0.08822363861236679,0.9827163951770049,0.8497637340927235,0.9184919138667584,0.8690829784653555
1148,0.10326292174668648,0.0874878599077838,0.9827712309869701,0.8502403897100868,0.9220355955030693,0.8695392104944869
1149,0.1029761409216447,0.08714032379203532,0.9891649094748719,0.8475455224879151,0.9191131708169827,0.8667831749719289
1150,0.10259756404284706,0.08687114746616058,0.9878423890723071,0.8462187100096553,0.919369288259761,0.8703713561167578
1151,0.10249286459292463,0.08657457630738713,0.9878808460625571,0.8435419485247115,0.9196243395616726,0.8676181949113939
1152,0.10226218299174435,0.08633555768281755,0.9973992669501182,0.8408763211401256,0.9230383712540398,0.8648764855941921
1153,0.1020634717458767,0.08756843057281519,0.9961930229176494,0.8394362273658298,0.9259517330223737,0.865900419365964
1154,0.10173927408177286,0.0874191291212072,0.996397493969612,0.8429038643909831,0.9289540588328434,0.8667082626709971
1155,0.10147349576650488,0.08716924295946153,0.9932582685673438,0.840248232237369,0.9291778944251545,0.8702787837045558
1156,0.10123134294633788,0.08687032467847422,0.9917745866937379,0.842255940140514,0.9294008017877083,0.8738344980496965
1157,0.10106600659475648,0.08658320236991988,0.992289306237436,0.8516959167231615,0.9266414571347609,0.8772125261154538
1158,0.10082055393214474,0.08646098016857126,0.994208389531508,0.8502668973435973,0.9237307486208243,0.8775982184918186
1159,0.10169016563123204,0.0861711541194615,0.9910885653563682,0.847598761317403,0.9209716778882209,0.8748443168280029
1160,0.10155727949839097,0.08590237390637387,0.9942513632813206,0.8480765181401668,0.9180845589481985,0.8721018007905101
1161,0.10417129822622144,0.08561188424921852,0.9942693664508486,0.8485523012402422,0.9183836987712249,0.8693706147139284
1162,0.10388526997853514,0.0852958859644,0.9923662569791053,0.847818560232467,0.9205600817190579,0.8741154599723893
1163,0.10372801702312172,0.08507681678131458,0.9923901160239522,0.8482941989573156,0.9207280951200142,0.874589182276387
1164,0.10342327182114792,0.08483748123279665,0.9900704210595802,0.847988985430633,0.9209756095466706,0.8781031058250065
1165,0.10301350513687163,0.08451779065605566,0.9872638832298324,0.8481814260502414,0.9209403883454085,0.8787650460458714
1166,0.10277105978086734,0.08430690815955744,0.9873035703573239,0.8486545092677276,0.9211867467090902,0.8822589363240799
1167,0.10245292229712845,0.08421175494054595,0.9904560886731014,0.8460126525316694,0.9183190975239572,0.8795124691947336
1168,0.1021560983407605,0.08394351570816243,0.9873758861573776,0.843381652197113,0.9216829985339261,0.8767772883510746
1169,0.10181632862540747,0.08363923080549288,0.9843083317996261,0.8469750047417715,0.9250330864419444,0.8740533389115901
1170,0.10441719043095375,0.08363876194817915,0.987460702962908,0.8474499437389261,0.9221836228348292,0.8713405662985813
1171,0.10455470192405421,0.0839395430453228,0.987499581897198,0.8479229354541524,0.9232094369565614,0.8746137821256922
1172,0.10461197368415788,0.08365930913860431,0.9844408332686888,0.8452965210602151,0.9237406753814116,0.8719046936809026
1173,0.10397877288685643,0.08351862997857393,0.9844889791241197,0.845775231228974,0.9208822777704995,0.8692066958988611
1174,0.10439354805384474,0.08336301985517645,0.9845369280254627,0.8462519830998934,0.9196314018219931,0.8696277595121298
1175,0.1048388958982783,0.08320498817238597,0.9876728707234431,0.8467267861569748,0.9207617325702895,0.8669421839381205
1176,0.10436511151489092,0.08298283405010624,0.9862127554635173,0.845612692406546,0.9225043365240855,0.8720247416017054
1177,0.10530249449818961,0.08468605311625625,0.985496904448661,0.84376484109598,0.9227435407762232,0.8724252660601909
1178,0.10627470107891963,0.08442042851910003,0.9824626194863194,0.8411669405267008,0.9202863449215093,0.8728999251731548
1179,0.10712527956306825,0.08427730556549037,0.979440700333237,0.8385796273423617,0.9205579082247435,0.8702150057163881
1180,0.1067035118595618,0.08404850215687197,0.979261621372798,0.836245103758418,0.9205597635651486,0.8708560607268365
1181,0.10629246390504228,0.08375264871885024,0.9823949984427804,0.8336780686710081,0.9177339064061546,0.86818277982639
1182,0.10591606416561733,0.08358535382630905,0.9824489867847636,0.8341881194812105,0.9166071598504307,0.8699660445379902
1183,0.10572129295468737,0.08336486573988038,0.9794391729300524,0.8316325150750552,0.9137990578867105,0.8703644143322462
1184,0.1056330679871749,0.08482290652724868,0.9781207920870848,0.8304685941579286,0.9126815699802299,0.8691008102158941
1185,0.1053334655880353,0.08464913052987881,0.9751302251343958,0.8309869299543412,0.9098910809490264,0.8664435676926666
1186,0.10501088129374508,0.08432145157229066,0.9721517816591037,0.8284487586047304,0.9071119042981276,0.8637970973809219
1187,0.10480634253865025,0.08414218950781577,0.9691854034209422,0.8259208690145237,0.9104466916482089,0.861161347531773
1188,0.10460954306742289,0.08395498476558684,0.9662310324984646,0.8234032118241954,0.9076713741261154,0.861584569834049
1189,0.10432401010238225,0.08374749196144486,0.963288611287102,0.8208957379442572,0.9079525384626456,0.858960823930228
1190,0.10538115524656239,0.08360333032652181,0.9603580824972336,0.8183983985536134,0.9084639749829684,0.8594107345570307
1191,0.10737910203967906,0.08318799236659738,0.9574407272039196,0.8189489789949072,0.9057525445782045,0.8598406856121381
1192,0.10737910203967906,0.083094920800004,0.9545338085759013,0.8194986742090625,0.9030025582141415,0.857230093817664
1193,0.10712523722921763,0.08292248171848335,0.9532631857644144,0.8184215793454616,0.9002636614446659,0.8576631291742797
1194,0.10670868841803405,0.08249762078881391,0.9503747333987219,0.8220018424200856,0.8975358012466854,0.8550643514899783
1195,0.10765329252583083,0.08188920347964233,0.9535395551904291,0.8195260457340198,0.898122492382737,0.8555155128234275
1196,0.10718659011896124,0.08172966154812202,0.9567040662419852,0.823095815516411,0.8979634744061606,0.8564195329250965
1197,0.10682857364646337,0.08239423722462837,0.9538138713776233,0.8206092500435288,0.8952507343711906,0.8548888038263805
1198,0.10626247934279848,0.08276360142702165,0.9583799623447141,0.8227598878494137,0.8969755952165673,0.855343798244272
1199,0.10610086289053847,0.08403160471277576,0.9591760282255817,0.822623675595754,0.8961140230938275,0.8541120467276356
1200,0.10587783379546488,0.08379471134131332,0.9629096915175801,0.8225591610853432,0.8934149795241352,0.8545514527987692
1201,0.10545193516669163,0.08351546977604302,0.9603592474532181,0.8227461830335132,0.8963977328377893,0.8583449146368897
1202,0.10504937668879746,0.08328016636439094,0.957472480298021,0.8232789945811806,0.8997150776602539,0.8557647948390377
1203,0.10474943492620799,0.08298285091904942,0.956332257425529,0.8220746833651446,0.8987482956376431,0.8574658512020784
1204,0.10454141346290668,0.0841188916352999,0.9580898890080667,0.8239817312954502,0.8974254105725306,0.8568603422338467
1205,0.10515271491712719,0.08384572195510323,0.9582087022838675,0.8215191119431361,0.8979650161713505,0.8573028962839608
1206,0.10486781055611556,0.08358846051654784,0.9553398977039433,0.8190595456866198,0.9012644257898488,0.8547361960761881
1207,0.10477839031569802,0.08341055062327568,0.9579231238355328,0.8201420076567092,0.8991100863965742,0.8576203210528809
1208,0.10483705867541691,0.08370573991779129,0.9550609044230248,0.8176914703255618,0.9001611996326513,0.8605264502865178
1209,0.10449657889176227,0.08353662795087426,0.9551950456576221,0.8212206095707822,0.9004592140846566,0.8579578164730641
1210,0.10519807676686595,0.08521930910775026,0.954580071896964,0.8195203329704813,0.9000086367833798,0.8561503381886063
1211,0.1048062985637516,0.08476685007481684,0.9538320478893079,0.8179623178233257,0.8973275179736738,0.8565788652252254
1212,0.10441308771360007,0.08440996082777932,0.9539694443984759,0.8185040646612217,0.8946570579919463,0.8570056886461931
1213,0.1054831311268753,0.08439653182597275,0.9511804368798311,0.824942557883899,0.8950710698721743,0.8574622712050317
1214,0.10528256755430768,0.08423636408912888,0.9513254343375264,0.8224924217910509,0.8983527847332461,0.8549155493286333
1215,0.10512397832667245,0.08388729277330412,0.9514698566482611,0.8230191045517277,0.895687282057253,0.8523789292800182
1216,0.104888615683654,0.08508314729437154,0.9531641793355147,0.8249573614463955,0.8959964789859927,0.8529686098565082
1217,0.10458369831237323,0.08492717393899755,0.9579444711758166,0.8267564336045344,0.8933432794142012,0.8534039950734347
1218,0.10439993747208279,0.0847427293843892,0.955364269821617,0.8270153231836763,0.8988144120386679,0.8545984621087216
1219,0.10502936592618128,0.08459710032910653,0.9525409243588298,0.8275265370921808,0.9000072922816678,0.8520729053481049
1220,0.10478803687716842,0.08441282556337952,0.9497287361978256,0.825083429115383,0.9032548025888167,0.8495573290873313
1221,0.1043483812199839,0.08486153046075418,0.9498770037921108,0.8255993194512165,0.9023395728502089,0.8495299745359733
1222,0.10415489395325633,0.0860323199731704,0.9517342544192192,0.8273500090179399,0.9031000530206852,0.8496023353674338
1223,0.10557396865144822,0.08744816361874364,0.948932864579613,0.824914738985051,0.9022414768644524,0.8520131336123627
1224,0.10594797513733863,0.08749909636430216,0.9495014030342408,0.827951721331295,0.9087793229915037,0.8559162492620954
1225,0.10566151460320289,0.0886162385261494,0.9512635013226804,0.8297809486300965,0.906109713751268,0.8534682337413932
1226,0.10551608197131904,0.08840481239040933,0.9514065254447551,0.8302804804192749,0.9063106268371053,0.8539728730427912
1227,0.10691286547022863,0.08979930088127279,0.9486172795888049,0.8278463407246758,0.9054632722720845,0.8563352866142526
1228,0.10616020551930447,0.08965859978198941,0.9458389906649963,0.8312793179628492,0.9028113718329954,0.8538272711131033
1229,0.10600530859694161,0.09085846257024854,0.9465824687872417,0.8311879582739768,0.9019253116765266,0.8526527790114173
1230,0.10677829756570587,0.09236375847126745,0.946043028322144,0.8294540335093777,0.9059736673293011,0.8522498329536584
1231,0.1065645312848917,0.09345750873705103,0.9466986919293997,0.8294539194496323,0.903328220314134,0.8499398707289879
1232,0.10699004795717998,0.09316628680564476,0.9439934468583068,0.8298950607848875,0.9037940228176325,0.8504903214142542
1233,0.10679997235314445,0.09294207113437447,0.9412424893435877,0.8274766053798288,0.9011602132640779,0.8480118479156541
1234,0.1065595646823426,0.09265898922153676,0.9406676003859541,0.8316360700163927,0.8985367039012323,0.8484543245520677
1235,0.10632789380537165,0.0938060151850852,0.9423472269905357,0.8335270111145954,0.8973247270761747,0.8475864345663842
1236,0.10600593025184522,0.09335814246731215,0.9512310558946526,0.8340106885169053,0.894717603266321,0.8451238224174163
1237,0.10564858255434989,0.09321380098907078,0.9484700728054998,0.8315899418508892,0.8921206525497968,0.8426708194719437
1238,0.1054860529320344,0.09436892729101094,0.9457198551644135,0.8291786340049143,0.8927760382440072,0.8429725598959587
1239,0.10519235221336418,0.09543641961670622,0.9445816638980319,0.828072147783068,0.8917912113158495,0.8419053375070245
1240,0.10570525783583384,0.09503379927703971,0.9418481936371648,0.8256758376742348,0.8956238043759476,0.8456148412379697
1241,0.10538842825678263,0.09473824573384727,0.9391253578055382,0.8290707498572456,0.8959255507161051,0.8431702111956415
1242,0.104950045137154,0.09423949792520409,0.9393011674416498,0.8295644038350781,0.8933380637202665,0.8407350848003696
1243,0.10488003712594039,0.09551996774361839,0.9381384198708613,0.8285088407099006,0.8936458019295725,0.8412433956766748
1244,0.10556836808903182,0.09536977179770836,0.9354344329497832,0.8261208380209312,0.897059673464795,0.8446732494408453
1245,0.10508387855870191,0.09608929365909812,0.934437115779735,0.8249253260278285,0.8990522620070086,0.8467084193131704
1246,0.1048520626845913,0.09577672141645313,0.9322824786415302,0.8248956334773062,0.8988093410189456,0.8476826676111701
1247,0.10545896595121257,0.0956212374005374,0.9296034194861885,0.8253988231939643,0.8999652214382928,0.8452467192119281
1248,0.10530838254364999,0.09523600101153094,0.9298055128489944,0.8230292816250735,0.8973816158614129,0.8428201986247154
1249,0.10523614685937974,0.09487495258143953,0.930006824632975,0.8264047329550244,0.8948080021585034,0.8404030623986882
1250,0.10488767553724627,0.09580464345183742,0.9317295817225508,0.828244916406158,0.8951093822782323,0.8410266812264453
1251,0.10457917218458665,0.09674117222977173,0.932353476120997,0.8283080192434119,0.8925474142103385,0.8386451943774431
1252,0.10440688258600328,0.09792323105417121,0.9311892075581143,0.8272973104417922,0.8899953323257116,0.8362617847232063
1253,0.10410507617197898,0.09893256379786702,0.9317239210736004,0.8274524719048207,0.8874530911817323,0.8340211301618314
1254,0.10392487259490156,0.09871097975539418,0.9290651437541156,0.825091244704904,0.8877742562412269,0.8316411585686474
1255,0.10366371325099422,0.09844132640145964,0.9311642186191524,0.8236930106007734,0.8899910414540805,0.8330750107242563
1256,0.10341197725704573,0.09822482216659063,0.9313602566707025,0.8241951168888573,0.8931522461222253,0.8307024887796891
1257,0.10328030001880129,0.0993339862750882,0.9316678090741258,0.8245830247652902,0.8919775693296695,0.8299534177618184
1258,0.10309443020130063,0.0992008362872742,0.9317092849824131,0.8223921183513646,0.8894423737145736,0.8304367273925486
1259,0.10293136303971337,0.09894113022387395,0.92906380992753,0.8200570360789238,0.8869169104071404,0.8280788034323755
1260,0.10278890609106946,0.1001310734380257,0.9278902136718326,0.8191057208915746,0.8857759444941466,0.8272031304714526
1261,0.10236577677600502,0.09998166204739642,0.9280945515441774,0.8167846167980082,0.8832659166451039,0.8248590807067184
1262,0.10210263133383078,0.09980474134133858,0.9254672338724809,0.8144724033989392,0.8807655031390146,0.8253548823807297
1263,0.10181072926494046,0.09968811420642808,0.9256780157695044,0.8149970834932602,0.8782746600745441,0.8230207429563563
1264,0.1016737614543463,0.09946832419073309,0.9230627747194035,0.8126945400687063,0.875793343779719,0.8206955309545625
1265,0.10131610693382534,0.09919279638356658,0.9232799218025055,0.8104007967190439,0.8761439037719948,0.8183792056645396
1266,0.10210480156868924,0.09918847127966869,0.9234962395852309,0.8109353853198878,0.8793670705341633,0.8160717265879123
1267,0.10328948344801939,0.09903822430743665,0.9208949780278491,0.8086511799783473,0.8854058142344507,0.816597093160732
1268,0.1031936534466528,0.0997006702774374,0.9202931918491083,0.8072000681569974,0.8837387195949709,0.8175130941585175
1269,0.1029711933027067,0.09950198536745701,0.9204225831025045,0.805025601730221,0.8839708700734935,0.8181207624554705
1270,0.10264599678317883,0.09911483190142883,0.9241407708568867,0.8076950747265629,0.8832357549449874,0.8196924984837591
1271,0.10228405120992609,0.0988395339227885,0.9243535946301373,0.8082345879838642,0.8807578288157543,0.8201983528570704
1272,0.10198008518059147,0.09875501695633611,0.9270483001003588,0.809092064202539,0.8807720151672066,0.8210222981697446
1273,0.10157161840837639,0.09849048141226602,0.9244526539550507,0.8096265880753596,0.8811058420662048,0.8187235146400994
1274,0.10130022598081194,0.09825470024613008,0.9265221256964534,0.8083009247192582,0.8809689277876933,0.8197000378427426
1275,0.10102605381815302,0.09798464674508252,0.9243902233924771,0.8083795038587437,0.8785072277830464,0.8202038517727015
1276,0.1008475090268893,0.09781112991268949,0.9218097725825729,0.8061228989178273,0.8760548601248079,0.8179142389662982
1277,0.10067143574887866,0.09757029582465994,0.9248165504011103,0.809452295803748,0.8762524314884009,0.8185701041311033
1278,0.10049395158360319,0.0973647199845218,0.9259221088619164,0.8090870482115191,0.8775421033957849,0.8237025167497801
1279,0.10034051559392715,0.09704599103018569,0.9269954072302434,0.8087512603712089,0.8750997679064344,0.8241931799309072
1280,0.09997809859076091,0.09684759913524492,0.925869914302349,0.8078311031263299,0.8754470371400072,0.827462361471972
1281,0.09993895698137885,0.0979240264442775,0.9232982235639269,0.8055872762841058,0.8763594451259471,0.8278400369021308
1282,0.09966389755330686,0.0976148417000389,0.9235110570196671,0.8089015539890085,0.8767025251403378,0.8255429316192979
1283,0.09952392492118511,0.09748679932911979,0.9277228443164605,0.8082035751959783,0.8742722668284748,0.826026534356073
1284,0.10118728278268889,0.09907704410690416,0.9295602226771429,0.8070974888634365,0.8724172109181415,0.8259423022432848
1285,0.10088863497738965,0.09882262206197964,0.9312509351102627,0.8116683260809291,0.8700036636124305,0.8264238338799852
1286,0.10052052786935917,0.09861483231634732,0.931440939699898,0.8121888259957385,0.8703629397798816,0.8241398126838699
1287,0.10026288096894737,0.09825689896331462,0.9288692514273833,0.8099463902278263,0.8731329826742935,0.8249742194310756
1288,0.10017683832225285,0.0980834955414716,0.9294859350759097,0.8155665476864625,0.8732726649190993,0.8256672235636178
1289,0.09997214048005357,0.09782603253465691,0.929680233896318,0.813319285124723,0.8736218572645728,0.8233921289741775
1290,0.10224548400707426,0.09739535136916941,0.9298738036671386,0.8138331625904377,0.8767352604149782,0.8211255710128508
1291,0.1020598261986688,0.0976037060064269,0.929510556265552,0.812151248186841,0.8770742330866929,0.8236365900772636
1292,0.1017007675264721,0.09735839598358446,0.929704205423443,0.8099200998480345,0.8774119357267584,0.8213738891162865
1293,0.10143612661242347,0.09834257251861303,0.9271526674839851,0.80769730484438,0.876418338419712,0.8205445049077744
1294,0.10121236508383308,0.09805610388791881,0.9298170891190336,0.8085015690678063,0.8742924698883378,0.8235012161668501
1295,0.1009749792685911,0.09786257309774662,0.9327482972563769,0.8062871005370433,0.8773757587719321,0.8212456639230256
1296,0.10065825040752109,0.09766943935684799,0.9384047961924188,0.8040809046876075,0.8777112882525071,0.8189985378386477
1297,0.10039064361035555,0.09733851974581921,0.9413066732218089,0.8073499569019063,0.8803446376629163,0.8199277401473226
1298,0.10019943846407715,0.09697839287272919,0.9414669514337499,0.8078760406346415,0.8861329374587412,0.8176887027758637
1299,0.10003765868880048,0.09683006159340202,0.9416266322014789,0.8111282079780897,0.886443571885121,0.8154580115164666
1300,0.10089982653175884,0.096550902976815,0.9443796404097099,0.8117743393674473,0.8840469158471348,0.8160923428146062
1301,0.10069164833151863,0.09625843572290643,0.9445310720655963,0.8095642074423386,0.8870852029900022,0.81387045471933
1302,0.10165601391496157,0.09585424657892055,0.9419620677492009,0.8073622958220356,0.8874002614531972,0.814566401979896
1303,0.10143355297435903,0.09566437228707798,0.9394894838974421,0.8077988498110046,0.8849890580806615,0.8150702536648113
1304,0.10125506019280052,0.09548280163531976,0.9369392975357771,0.8056061295676542,0.8907301250657645,0.8128577956433848
1305,0.10200490449074855,0.09547013386659595,0.9425152297065051,0.8034400688392969,0.891108774302653,0.8133776217935283
1306,0.10275945811697287,0.0954643627230571,0.9426352063721523,0.8012992880950938,0.8914283510858255,0.8166279500305355
1307,0.10360395533312812,0.09518966017716748,0.9453710884110643,0.8019627053276922,0.8890344760785215,0.8172498831931384
1308,0.10329911166158603,0.09599199716181363,0.9441216931201635,0.801191607206415,0.8880279705119198,0.8167469751764861
1309,0.10302474377607587,0.09694628044510903,0.9415717147316223,0.7990276687032066,0.8896957906551309,0.8187489071838084
1310,0.10280369403204853,0.0965973289898177,0.9390311654000311,0.7995699323608293,0.887295212971133,0.816539758420796
1311,0.10256989841608176,0.0963969608112914,0.9368128350364747,0.7997973607237328,0.8849035054309882,0.817034276182965
1312,0.10226308994167546,0.09612979546409961,0.9342901764825504,0.7976436587482925,0.8877068716004614,0.8177263443588272
1313,0.10226308994167545,0.09603772883588343,0.9317768255756868,0.7981880212029094,0.8853188352848427,0.8155265639256236
1314,0.10202487743578828,0.09585586702563699,0.9334757520817717,0.7999022244030463,0.8856270328091715,0.8187097525646482
1315,0.1017768834417116,0.09553454260885909,0.934733887220154,0.7993599009379032,0.887816233781999,0.8226838178711409
1316,0.10156785464639577,0.0952116705760506,0.9339351547222376,0.7981897499743523,0.889825397068822,0.8268152304290486
1317,0.10130164977771626,0.09618983543463651,0.9314327883768654,0.7960510970309892,0.8874412174867344,0.824681859041975
1318,0.10097468553153868,0.09598998381072006,0.9297151963093749,0.7958214322025692,0.8888680546212672,0.82670228344906
1319,0.10084086749941354,0.09712468075630477,0.9287770145714221,0.7948195103432049,0.8895869997891601,0.82678042080331
1320,0.10072313797353655,0.0969922724139559,0.9262959232889573,0.7953676198638245,0.8898819518906829,0.8245717984296025
1321,0.10032495989201863,0.09677830367868184,0.9259635967705144,0.7937740551515858,0.8917864663854814,0.8260979993594422
1322,0.10008997872583147,0.09650805473525857,0.9261609789803987,0.7916578410957927,0.8920749653599388,0.8238956091624319
1323,0.10108363996926861,0.09622812227634937,0.9238301721284463,0.7974035464365957,0.8950330527550966,0.8271185778585369
1324,0.10197547025180179,0.09595487642604694,0.9293542142476592,0.7952819036319503,0.8953411577564155,0.8249178725981401
1325,0.10232010433312304,0.0958070369759898,0.9294227573128426,0.7932872563228156,0.8929720780894138,0.825502481597428
1326,0.10207588870336891,0.0966602877438647,0.9310170124264994,0.7950846824114537,0.8930979575880178,0.8264519381572056
1327,0.10301536967423472,0.09651493643134024,0.928547286053342,0.7929755462916666,0.8962084706028619,0.8242595935270102
1328,0.10272503136299647,0.09708095413139115,0.9287366405648789,0.7935241750580617,0.8991335926079354,0.8282957983031786
1329,0.10253642478673473,0.0966695177488958,0.9315727232243122,0.7914233843114148,0.8967532095134796,0.8261029525106297
1330,0.10227080474637425,0.09653965257994136,0.9291089251989122,0.7893302494193015,0.8964231729919393,0.8271659714647099
1331,0.10187791347297769,0.0964027874012876,0.9292962285749932,0.7872447369486008,0.896696836347119,0.8249804921294152
1332,0.10145362965409176,0.09619235690208829,0.9314384683535497,0.785850683990322,0.8989251218418018,0.826126324438608
1333,0.10112085839950083,0.09593972826288687,0.931619254840938,0.7837785134690612,0.8991916411529463,0.8239479530873905
1334,0.10097145324444154,0.09563704165806458,0.9327111682964354,0.7834363033824285,0.8968229773563756,0.8244117119689782
1335,0.10084249587499426,0.09523379191831446,0.9302566626036718,0.7840062084551475,0.8944629143720941,0.8222422051495148
1336,0.1005851481329215,0.09483327794496667,0.930440014454309,0.7898319486311787,0.8921114147622533,0.8200805702806605
1337,0.10020095667276867,0.09483327794496667,0.9306227015034025,0.7903839179971454,0.8897684412761746,0.8179267731194304
1338,0.10007831614403882,0.09455257358248557,0.9323914062183816,0.7893472078908337,0.8874339568493022,0.8184044784335158
1339,0.10063848555454469,0.0959092974485514,0.9360428637404892,0.7890461711869822,0.8851126133998245,0.8162663301304262
1340,0.10032210354500318,0.09558759104043521,0.938828789417336,0.7895985446504334,0.8880318977311855,0.8141289721009
1341,0.10106430403533863,0.09701030399122293,0.9403716906198173,0.7887660339649133,0.8877129533872331,0.8126208973905326
1342,0.10160133814671482,0.09678295635034996,0.9379142878030909,0.7945444858587534,0.8889433831012771,0.8104973361411908
1343,0.10270514733016212,0.09638350115258108,0.9354657564888428,0.7924702376257455,0.8866888787815067,0.8083814411884602
1344,0.10253450212378509,0.09605235722048677,0.9330260582609713,0.790403472251422,0.8843763908350145,0.8062731793351198
1345,0.10229267179702792,0.09579694823257372,0.9309163314837391,0.7906283778432843,0.8843564596593316,0.807099091216945
1346,0.1021759233952532,0.09556603812321973,0.9310961419714474,0.7937761218162234,0.8820546628709648,0.8049983793651058
1347,0.10183284268536383,0.09537338038089,0.9307517323393222,0.7922357247554317,0.883914389109784,0.8065525666350025
1348,0.10169878282789943,0.09646275813939895,0.929733279993588,0.7913761502327704,0.8842159322335914,0.8071127807371618
1349,0.10252837723794697,0.09620111456075758,0.9323628083275626,0.7894703418970529,0.8845616683909081,0.8102822235895416
1350,0.10228881710246622,0.09589919919428481,0.9299457485530888,0.7900161195314559,0.8848609310226568,0.8081816458411407
1351,0.10202658044971005,0.09686216243253326,0.9275373643594614,0.7879701267002067,0.8838957831742696,0.8073997148044547
1352,0.10173718809553026,0.09669645837351097,0.9277248413557702,0.7911059182440014,0.8841961706724175,0.8053107917061708
1353,0.10160916101883342,0.09629838969711917,0.9253270093560043,0.7890611965750232,0.8819108444877587,0.8032293555949119
1354,0.10137341661217567,0.09605433684421086,0.92627610858202,0.7914316160484554,0.8814594674759164,0.8044937175205142
1355,0.10342904259140888,0.09579317678903862,0.9290996792362577,0.7996541024590534,0.8844241316953276,0.8076583870208347
1356,0.10335262156030799,0.09687506340165829,0.926705487140498,0.79759347799191,0.8850696657389137,0.8079538552114599
1357,0.10318425903280175,0.09703055134235092,0.9280276097073721,0.7969810978799112,0.8827912139456557,0.8077521840509345
1358,0.10303690055539957,0.09679628856070836,0.9286258397544215,0.7970900756226293,0.8830926451866218,0.8108183427477236
1359,0.10275435706580673,0.09670679632769645,0.9288092125097513,0.7976113868617225,0.8833930007172045,0.8087352079960137
1360,0.10254512418546409,0.09771957164729808,0.9335325033187888,0.8012900903765302,0.8821787611539641,0.8082218485673855
1361,0.10215118681126129,0.0974959144113692,0.9337029288014685,0.8017995910189758,0.8820230389511621,0.8091713967476974
1362,0.10186073108808538,0.0972410685495267,0.9364342270862303,0.8023072773398999,0.8823252345400442,0.8070987206542228
1363,0.10282244087105111,0.09697210439791315,0.9417147257499234,0.8002542376154221,0.8826997470869477,0.8050334200120894
1364,0.10256264236618717,0.09676036711379474,0.9393073621571117,0.7982084982169069,0.885311691101284,0.8057761048584883
1365,0.1024134188996731,0.09661399554499076,0.9420161661857908,0.8012776414781279,0.883050776119948,0.8037183083949502
1366,0.1021805909494036,0.09640651326523404,0.9464124458174009,0.802638793064677,0.8812249692568486,0.806343246956022
1367,0.10311513606646043,0.09589173683307653,0.9440003203939525,0.8005931041611196,0.8841232872088398,0.8094253930068608
1368,0.10381462121832835,0.09716445773933018,0.9435555352625082,0.799142037666321,0.8877505759022887,0.8091286183779749
1369,0.10361247395739323,0.09813898800974663,0.9450557609656361,0.8008399014239562,0.888036094877242,0.8097218838059274
1370,0.10335758280264119,0.09787470898087128,0.9426543085053677,0.798804911499562,0.888320602952346,0.8076643241461543
1371,0.10307867745557853,0.09766567028816857,0.9427998822519016,0.7967771214304941,0.8860655746333118,0.8056140441941075
1372,0.10271129075273594,0.09719908115344326,0.942944941323517,0.7998284856685957,0.8863545114855315,0.8035710129918677
1373,0.10227910354770287,0.09748211681167622,0.9442526400650821,0.7991724595973899,0.8878055796935481,0.8040766812781553
1374,0.10274288151493244,0.09743073470808432,0.942376850746678,0.8016976209041545,0.8882619255818717,0.8073604961828151
1375,0.10260342266922859,0.09712618008312403,0.9399941489262925,0.8021990078379316,0.891072839635638,0.8053191691675793
1376,0.10241162184328483,0.096894640849875,0.9401457158348892,0.800172758371893,0.8913479753542924,0.8032850385833064
1377,0.10222719339807154,0.09726400841903592,0.941024393085846,0.8024726912175253,0.891465967406076,0.8052130100515502
1378,0.1020609786194987,0.09709420289030109,0.9386522379646878,0.8004498002934984,0.8967812066711837,0.8031832112711452
1379,0.10188153131157214,0.09693050831560705,0.937484385353004,0.7997563703394623,0.8945228402497138,0.8036788554968942
1380,0.10176096024279496,0.0966581478908764,0.9391615544565832,0.798740247140743,0.8922724126314245,0.8041727573915854
1381,0.10157596631132637,0.09763954163151824,0.9393144579576072,0.7992460674415827,0.8925431612529316,0.804720440926839
1382,0.1012828474236871,0.09741372166881405,0.9387519241448156,0.7979542537772273,0.8917320016546593,0.8088024576446138
1383,0.10101021902372288,0.09704916838551851,0.9414137990831869,0.8009692843996082,0.8894953153218851,0.8092820287815168
1384,0.10201309175672366,0.09928234247441614,0.9420868989699899,0.8009417061661372,0.8887825435712448,0.8082439547143522
1385,0.10174231510791738,0.099121331230497,0.9422318692450654,0.8064464724468968,0.891564185332126,0.8062207277353245
1386,0.10368250301192866,0.0983401091493816,0.9398755960788184,0.8044297627122073,0.894337788537023,0.8067063902501461
1387,0.10444254597749988,0.09808748545657857,0.937552257958802,0.8048936499990933,0.8925020023963777,0.8072139768292055
1388,0.10511662294882147,0.09793845998670189,0.9402038507948638,0.8028848450935187,0.8906576198498664,0.8051993809922215
1389,0.10565244416875876,0.09792799121929459,0.9428353029448543,0.8008939357795488,0.8910272157662995,0.8056959460182452
1390,0.10536712607648885,0.09771473230452886,0.947307621563467,0.8020414304328989,0.8905130591446778,0.8069654903485294
1391,0.10506749817783947,0.09758560433634542,0.9472573900571833,0.8002270840156913,0.8929110669851726,0.8078084991410956
1392,0.10482019917114528,0.09732357902187734,0.944902719880088,0.7982378983208487,0.8921412942053417,0.8093222161958699
1393,0.10472694182263645,0.09727481946493545,0.9457876720833228,0.8004740949459114,0.8899258468805191,0.8097957248079874
1394,0.10457185019997613,0.09711320270402783,0.9459221625649429,0.800969080793183,0.8877181099993977,0.8102675854632997
1395,0.1042614841314089,0.09688360725222549,0.9451615230784652,0.8023570073965576,0.8872045475513378,0.8115296391325576
1396,0.10463783681379807,0.09675309806236597,0.9527248549171692,0.8053221957185557,0.8877293110429264,0.8095204108201368
1397,0.10429501383049554,0.09666028058991946,0.9528417842519907,0.8058037076445214,0.8855336203124182,0.8075181603141727
1398,0.10406815229182326,0.09646015068738899,0.9570813397383952,0.8071023296122026,0.8837549400636497,0.8100552809176282
1399,0.10444506106823438,0.09588240339953133,0.9571872817406135,0.8075784853286109,0.8818800648283444,0.8129925843026918
1400,0.10419682789428475,0.09563221137388019,0.9548268869646059,0.8105189605811771,0.8797053753628713,0.810987769272731
1401,0.10398424762912314,0.09539292619452007,0.9574016760523738,0.8109857480506879,0.8800017217603913,0.8089898969273811
1402,0.10550535866656935,0.09672127474439296,0.9570086519688,0.8094877379281176,0.8783338626904672,0.8089621231704552
1403,0.1060835043674669,0.09657403958439073,0.9595193204123849,0.8100097402641425,0.8812091037418023,0.8095926420983028
1404,0.10581004568065361,0.09633501441140842,0.959290593237619,0.8083484075189715,0.8790447436244578,0.8100603064582618
1405,0.1055128113051766,0.09618972665383638,0.9593904807106913,0.8088186573900874,0.8782555514399766,0.811612332430016
1406,0.10515689239184625,0.09594743962276561,0.961941241620625,0.8117385026817648,0.878553973638344,0.8096228935740305
1407,0.10495530985577183,0.09574333977646145,0.9627943607000906,0.8138883575585241,0.8788513667969065,0.8125378510919182
1408,0.10453096549093963,0.09555097530289369,0.9617910972237202,0.8129916061145094,0.8767014146086322,0.8129964436053855
1409,0.1043292606128468,0.09536559944258244,0.9594405995390533,0.8110047558584175,0.8770027409988657,0.8110095815270681
1410,0.10420398491747485,0.096308962940281,0.9584360388787847,0.8101283259331153,0.8759651814258266,0.8105702936957052
1411,0.1039880070867027,0.09612485489432872,0.9585374130731763,0.8105914215447241,0.8738287088138169,0.8110323113512031
1412,0.10481301672294889,0.09565432224712857,0.9562018840947757,0.8110529259343354,0.8719212978152495,0.8090561866431367
1413,0.10517990040122396,0.09678985649905188,0.958742613451646,0.8139469652019039,0.8739434685196821,0.8102464042454911
1414,0.10592732114620751,0.0966536033304718,0.9588162585387051,0.8119943812161037,0.8719026327284639,0.810734505469857
1415,0.10788250859650353,0.09640613135907357,0.9613455605297786,0.8100218388843651,0.8697859432011206,0.8087650236990037
1416,0.10761081158998516,0.0960264850526237,0.9687198524871167,0.8104828832227365,0.8676751222396321,0.8068022900191978
1417,0.10742668632616872,0.09584590522443884,0.9708072647755398,0.8113551748463755,0.8655715285236149,0.8072706790259213
1418,0.10712918673331233,0.09570272625605143,0.9708779689755789,0.8142340479922753,0.8634751322102754,0.805315486162469
1419,0.10789782901999577,0.0954580866854902,0.9733679899519212,0.8122639610657184,0.8638475404381828,0.8033669782181566
1420,0.10769457370669606,0.09526659398379335,0.9710152230842184,0.8103006052176194,0.8628972076159874,0.8051217001949579
1421,0.10752049518502521,0.09499272203218623,0.9759146618014777,0.8083439527069698,0.865642997288682,0.8031775533117875
1422,0.1072998428570092,0.09478625516540644,0.9739734896600719,0.8083932493855863,0.865554070867826,0.8040653874685716
1423,0.107060042970044,0.09453260307008418,0.9716263113225874,0.8064451028053454,0.8681272460056756,0.8071081955002405
1424,0.10693566586099039,0.09550301347857064,0.9706239156740657,0.8055742985895079,0.8673740234170976,0.8063474147889476
1425,0.10675483682127716,0.09531625710020114,0.9719914514091823,0.8095551943540658,0.8665847992492622,0.8103264511436153
1426,0.10758667540367484,0.09496446735133514,0.9768368178792713,0.8124427438016644,0.8693882250277497,0.8108640480170202
1427,0.10735863247714422,0.094817073202987,0.976892415985138,0.8128929335956147,0.8769025675729556,0.8089177478519523
1428,0.10720341877242416,0.09465750155345046,0.9769478252030919,0.8133415939236022,0.8771977404676434,0.8117738203893404
1429,0.10785906160894107,0.09463313378997236,0.9746075627990517,0.8113932475484967,0.8776091588763154,0.8147897398846002
1430,0.1077298326897026,0.09563065661835354,0.9735774648738537,0.8105423754056249,0.8779020510791335,0.8152863732571297
1431,0.10758961868172684,0.0953894476832666,0.9712499358286536,0.8086046139134088,0.8805846476489003,0.8133372703019195
1432,0.10746618596579491,0.09595957650408428,0.9689302920049582,0.8066734171850656,0.8784815404426002,0.812293738999384
1433,0.107402936892887,0.09701482070525796,0.9666185011518966,0.804748758370449,0.8776371036686897,0.8115275915322088
1434,0.10795137603396522,0.09829475233838579,0.9666980671556263,0.8052141467309423,0.875545329991673,0.8095934495653837
1435,0.10772239662435075,0.09800869333120017,0.9677832580884168,0.8070532215004758,0.8762110414939951,0.8120586246444074
1436,0.10765037955059753,0.09784976986865587,0.9698127345106164,0.8079381318102671,0.8745526673253619,0.8144585347254554
1437,0.10833221024316635,0.09910085535307883,0.9712402200722201,0.8070387982213889,0.8762072039330916,0.8135444138248142
1438,0.10816660566824723,0.09891593183434191,0.9715412695338543,0.8096381398843931,0.8786423383564433,0.8165938573074644
1439,0.10863569301503545,0.0985588228802136,0.971608763626454,0.8077179631691825,0.8775421381068684,0.8146571840785949
1440,0.10801408687842998,0.09843556278235491,0.9693067527596346,0.8105428102762154,0.8754629971875605,0.8127270350714144
1441,0.10777237816611111,0.09827026430675159,0.967012491404435,0.8086243288037019,0.8748959101969905,0.8140321480347918
1442,0.10750831601287361,0.09805016830095868,0.9678344263211148,0.8083329104453535,0.8743814196636633,0.8152821817891297
1443,0.10734740207214699,0.09794413960099128,0.9655482268038235,0.8064234822834566,0.8723159730075012,0.8133563381946344
1444,0.10713121291961095,0.09767520222283846,0.9632697073613161,0.8045204685009554,0.8763383910380063,0.8147953155547193
1445,0.10701350273757307,0.09752000369674826,0.9657137583506781,0.8049813038269342,0.87662991842934,0.812874467566338
1446,0.10670430010950409,0.0971569602495983,0.965794506032096,0.8054405932325858,0.8769204678615313,0.81096006326355
1447,0.10735352777426527,0.09713405338818315,0.9682277335828481,0.8058983429849954,0.8775173662308544,0.809052076523969
1448,0.10711831915076385,0.09691199356164457,0.9683024110854664,0.8063545593218995,0.8778052492884844,0.8118512793100109
1449,0.10681053223936986,0.09674422074501192,0.9707248883584781,0.8044611986947783,0.8780921686432067,0.809945012110857
1450,0.10652213732393293,0.09660437926555972,0.9707935590721954,0.8049198746243351,0.8773391172864458,0.8114298355514689
1451,0.10630463042463442,0.0964494567403436,0.9685186418789148,0.8030336589146365,0.8772414487943102,0.8122568299169121
1452,0.10621629741724925,0.09615542564183317,0.9662513240836679,0.8011537441393182,0.8751878123834292,0.810355323549199
1453,0.10596636950753786,0.0959475834143915,0.9719203706787338,0.80070601443757,0.8751232302941636,0.8111553184593062
1454,0.10573326357155415,0.0956338954425638,0.9719859742064887,0.8011716327106473,0.8754149847377,0.8139328624279012
1455,0.10556158568239424,0.09544491805044715,0.979053369961669,0.7993016952044277,0.8780397702557001,0.8120331401650833
1456,0.10540606389006091,0.09533908529401941,0.9789860340071402,0.7975541633799312,0.8759924705604129,0.8124714170039012
1457,0.10694068494812643,0.09498614977705572,0.9813643229815497,0.7956963883284249,0.8762898126239475,0.8105788945924136
1458,0.10728139558273053,0.09486186946872106,0.9814076884278475,0.7961718053090703,0.8768344815172812,0.8086926676799817
1459,0.1071527749164587,0.09469611203519554,0.9837755959909305,0.7966456419150361,0.8794454889788477,0.8068127109374715
1460,0.10761731042549817,0.09588854970341602,0.987397458011101,0.7981784469266459,0.8797268318359617,0.8072756344185117
1461,0.1074049701469225,0.09645975684065432,0.9881491285837539,0.7979242491628603,0.8784846337343892,0.8076062216633686
1462,0.10718770220905044,0.09610474848842396,0.9858588729535831,0.7960748820468723,0.8787662726527384,0.8057344144202894
1463,0.10698787681185878,0.09601540619006706,0.9850826705006754,0.795040590314246,0.8782380330597513,0.8069931630467352
1464,0.10672294799932702,0.09591428910928065,0.9831823642151246,0.795136399842849,0.8781413992615603,0.8078178859999924
1465,0.10646686504136674,0.09564052595435762,0.980910446155337,0.7932990146205869,0.8784229876685891,0.8105727564837757
1466,0.10632313208734667,0.09541331336785115,0.9853803433779025,0.7916588184394159,0.8763951742996229,0.8110100436475236
1467,0.10658080111322418,0.09658505011454273,0.9839062251822773,0.7913409576911573,0.8758824747585605,0.8099390417994111
1468,0.10624622358418835,0.09645602103958544,0.9820545018477072,0.7914066216300565,0.8738645659443062,0.8103769152514451
1469,0.10695575500121576,0.09599608086059964,0.9797942491465843,0.789585155559833,0.8742509753367742,0.8085117880022156
1470,0.106892737931245,0.09701810994083211,0.9798407073172697,0.790068952911817,0.8722408495399814,0.8066879363217143
1471,0.10736398498966937,0.09681881509633461,0.9775900555943374,0.7951450689391951,0.8733200573534734,0.8048350090242538
1472,0.10720088226288467,0.09670926811218242,0.9753468178807698,0.7933204806097678,0.8713160839318338,0.8029881855678255
1473,0.1069015893584419,0.0965545372280023,0.9776956994559681,0.7937942660071473,0.8693187073253525,0.8011474416096783
1474,0.10785238269996511,0.09643545671670171,0.9777467780038462,0.791976416649282,0.8696840674224144,0.7993127529193566
1475,0.1083549749320813,0.09756758754700805,0.9794099606904776,0.7931278455770561,0.87133466210313,0.8030024349177161
1476,0.10794969592861584,0.0973175680546134,0.9794570192382231,0.7936006520156353,0.8761997280669158,0.8011671723494745
1477,0.10762799176562074,0.09698531416527,0.9793007204806936,0.7919918929217179,0.8741991745933932,0.8016211506962656
1478,0.10756798466564282,0.09799246017525523,0.9770669999817315,0.7901854115322601,0.8734057536946985,0.8009080830543821
1479,0.10835523742009019,0.09764974080071569,0.974840601963822,0.7883848520680173,0.873699667785155,0.8015090415554567
1480,0.1082715565236073,0.09757937804532475,0.9726214973520847,0.791142944782878,0.8739871749418299,0.7996845049010725
1481,0.1087931835781027,0.09879058950538977,0.9721074541451095,0.7899201100157824,0.8736980922180055,0.7984434841137397
1482,0.10864889705706254,0.09862015649180028,0.972170821230735,0.7903973755348959,0.8784010826769715,0.7990289891841555
1483,0.10820709766878726,0.09912334346711867,0.9699644231790259,0.7886035228586261,0.8776041809897325,0.7985512326758497
1484,0.10806549769119515,0.09909133509480779,0.9717577169953958,0.7896249149814542,0.8773395926561992,0.7992911575420238
1485,0.10775906786653006,0.09892568918817345,0.9718216864274617,0.7878363960664565,0.8776174213499163,0.7974807443613711
1486,0.10748746529472782,0.09874754361321286,0.9718854471746284,0.786053711764606,0.8778943436942872,0.7956762372186456
1487,0.10732248005418618,0.09855391210056172,0.9742094979488631,0.7887978347840688,0.875909865385375,0.7961381106526725
1488,0.10902561665565241,0.09820206759734054,0.9765258612025259,0.7892748960193056,0.8761925343687222,0.7965988285351177
1489,0.10878015089941726,0.09795811791940552,0.9760048403494243,0.788068284600972,0.8775798669710431,0.7982056539442006
1490,0.10872107368702907,0.09775729308474213,0.9760589188779297,0.7885459207358971,0.8756020419203708,0.7964067166652405
1491,0.1084332562142063,0.09843239387681352,0.9769434554087114,0.7881913702779348,0.8812157024039096,0.8008433357176657
1492,0.10816550334005207,0.09819448182540529,0.9756249678812505,0.7877888984931277,0.8792336512434387,0.8012912835884078
1493,0.10804347988193068,0.09888928885048019,0.9756797379814126,0.7882657316406043,0.8772580347638448,0.8000262585780044
1494,0.10997146017270669,0.09877228649420786,0.9802237897047217,0.788741017831764,0.879779458481596,0.7982304159106199
1495,0.10992467533316133,0.09853889846968318,0.9802681375803775,0.7892147631516442,0.877806565321245,0.798682881387711
1496,0.10978079360661348,0.09838922422313727,0.978072097098104,0.7919272183396923,0.8758400638313475,0.796893636309976
1497,0.10936759442721648,0.09833250262418418,0.9758831663094617,0.792392886381349,0.8761179344584739,0.7951101839234214
1498,0.1090565242227769,0.09813199186621302,0.9757295787153007,0.7908287864467873,0.8784231675143344,0.7980115460806817
1499,0.10894732937002385,0.09787543374814213,0.9780173215460068,0.7912959774680767,0.8786947135056266,0.796229160144869
1500,0.10871588986716707,0.09863231935510196,0.9780949161545038,0.7917331144649306,0.8800382160521055,0.7979950787524899
1501,0.10860380397340295,0.09851845491911758,0.9819723033471323,0.7905978684449817,0.8782864092317677,0.8004645723520126
1502,0.10843268085953664,0.09834764891908752,0.9878404628667771,0.7919166899241487,0.8785574463451088,0.8031357499716032
1503,0.108115035467596,0.09817110980116726,0.9900921309161457,0.7901549780170373,0.8810522273303466,0.8013490799446243
1504,0.10878939746806182,0.09794794605459517,0.9878917558854325,0.7883989421596332,0.8816791519145606,0.7995681663797791
1505,0.10864671459286582,0.09772241638193861,0.988778898774444,0.7902286455471922,0.8819418446595189,0.8022333326510802
1506,0.10848655617325516,0.09758432352606063,0.9885904055445964,0.7886893359753812,0.8842082649629474,0.8051033049871834
1507,0.10879605423806367,0.09745717450232098,0.9908314232353567,0.7891575448384585,0.8850652411605953,0.8033194077814847
1508,0.1085423163802399,0.09733558001411843,0.9886381956851045,0.7918377717361922,0.8897466966244584,0.801541242277765
1509,0.1082538386428523,0.09714802497142491,0.9905734173937698,0.7925992956968517,0.8938106953297025,0.8047938315883726
1510,0.108091596788298,0.0978285007964723,0.991714220181743,0.7941465858001939,0.8951343993524233,0.8067638876505047
1511,0.10774627453108604,0.097714038057311,0.9961462895691401,0.794600882008699,0.8931589346009201,0.804983447055224
1512,0.1075292446692069,0.09749348419351839,0.9983594717858473,0.7972584085628698,0.8946786062489108,0.8063339626662579
1513,0.10836064977498529,0.09749209770577498,0.9961606026091135,0.7977049433520431,0.8949174866836866,0.8045580262958754
1514,0.10813047351549031,0.09726418737622483,0.9939687693326248,0.800350330357328,0.8929484167145597,0.8027877725332967
1515,0.1079135246704523,0.0978593533229689,0.9926975547100413,0.7998755665849839,0.8992352219888203,0.8086946914666222
1516,0.10781330329748896,0.09774183525628956,0.9905177051738293,0.8025109016648014,0.8994564898398107,0.8069188910329791
1517,0.10803302092899375,0.09758346335911917,0.9925541064280246,0.8009285315022171,0.8983514264421847,0.8074314961659206
1518,0.10786433362686952,0.09751985387186275,0.9999352217064564,0.8005744909564995,0.8963826915510146,0.8078535095576508
1519,0.1076487093328235,0.09738399204052695,0.9978310160653496,0.8009261350142107,0.8965245820366203,0.8083591368516505
1520,0.10757921585915743,0.0972526873191697,0.9978357598910408,0.7991744143512276,0.8945637762062575,0.8065911593300915
1521,0.10757921585915743,0.09702605368504222,0.9956555557664891,0.7996132047691965,0.8926092144307081,0.804828811814514
1522,0.10741377320576821,0.09680688170277844,0.9968396191223633,0.8010587673252739,0.8950263705639585,0.8096203195371734
1523,0.1083299935876348,0.09658198885016782,0.9989659305032352,0.7993731521233091,0.8931325099099835,0.8122160225966778
1524,0.10820054023388422,0.09644740795956099,0.9989681831076813,0.7976318073469671,0.8911869208861568,0.8104467010671104
1525,0.10798410357406961,0.09631333847393256,0.9968797743915646,0.7979866467448679,0.891338164657222,0.8109447653612809
1526,0.10771005764732838,0.09631333847393256,0.9990605933184629,0.8027739018270277,0.8894003638930394,0.8091817426967781
1527,0.1094666867265488,0.09608967466815219,0.999062633580604,0.8032022497930863,0.889667342289043,0.8074243112165287
1528,0.10928469396670916,0.09588366884478525,1.0012343590968713,0.8036292402422462,0.8877370384228276,0.805672449373868
1529,0.10984079702538606,0.09711897988262547,1.0033992067078719,0.8062224015155862,0.8873633836308742,0.8045434949003779
1530,0.10956850516858137,0.0969398169345155,1.0012264895397833,0.8066419991315734,0.8897726387529313,0.8028013712748477
1531,0.1092712399146808,0.0968463653429209,1.0012238364069337,0.8070602696893,0.8878478893441167,0.8032279498495607
1532,0.10906037507970061,0.0965904002846642,0.9990601613717497,0.8053161880025493,0.8902512837397085,0.8014921499220556
1533,0.1096379409106799,0.09604012353732522,0.9969033200239773,0.8035776147719549,0.8883679329834645,0.7997618322938427
1534,0.10954587771977195,0.09594245361279079,0.9948396949545181,0.8039148325663084,0.8864519787167157,0.800193688462372
1535,0.10936435644392145,0.0967892266354156,0.9926962562137227,0.8021827523073864,0.8904308327176943,0.8034242687334223
1536,0.10935052355312642,0.09680631254386488,0.9905595733852073,0.8004561313984653,0.890377074029243,0.8038131517499466
1537,0.10914736278815372,0.09659906061390379,0.9927301247865161,0.8008852010217893,0.8906127909564711,0.8020847508290796
1538,0.10899119678356269,0.0963769829047869,0.9925306332498942,0.7993799251543048,0.8906326579635244,0.8027250011319236
1539,0.1088562690077813,0.09630555644807624,0.9926591831090826,0.8018438819570731,0.8907548345286065,0.8032608655067432
1540,0.10857301645560939,0.09681662357061166,0.993801377030611,0.8032860456423246,0.8930237443512921,0.8065172638798632
1541,0.10846006591056956,0.09663553737574584,0.9916729841499681,0.8015656734027798,0.8932528520041723,0.8047899714427301
1542,0.10984976721489806,0.09630575495148894,0.9895521006448748,0.8019894008455677,0.8913744537943845,0.8052092852837277
1543,0.10974044591658523,0.09619759524648067,0.9932417867191228,0.8008826609373247,0.8896717141772089,0.8075605435457871
1544,0.10951078388036697,0.09687075639443145,0.9911209643157587,0.7991725739147153,0.8888541316400868,0.8071633805056242
1545,0.10921567973314598,0.09671607501603635,0.9911399043529233,0.7974678439429974,0.8890912189716722,0.8054416051948414
1546,0.10903609815067705,0.09655437987386219,0.9907683941045199,0.7961588416000297,0.8893275641044894,0.8079871931984289
1547,0.10850988203949843,0.0962622064948332,0.9914852715277931,0.7958955655667536,0.887434313127179,0.8083959609560091
1548,0.10826468605954281,0.09704088443692159,0.991951930938792,0.7958810894838813,0.8855469808861905,0.8067867951741124
1549,0.10816006485456826,0.09693960662213921,0.9919690298927138,0.7941901579109926,0.8900393547051588,0.8050726933031479
1550,0.1078908046990387,0.09762005532754867,0.9909987115147207,0.7934918693418196,0.890272743946804,0.8056200320925168
1551,0.10777604318589602,0.09732744553837393,0.991017797471646,0.7918093822552721,0.8883850467276275,0.8039118289551817
1552,0.10755449015170075,0.09809946713355407,0.9901590789226666,0.7910098857255156,0.8877437288760988,0.8031419342220674
1553,0.10786140081173033,0.0992521202211562,0.988871413257928,0.7906445026829104,0.8867090564571078,0.8028530141886243
1554,0.10778835575745092,0.09896486145845418,0.9867809323891789,0.7910870816229436,0.8869485542794776,0.8011557774760679
1555,0.10754179331689209,0.09861530706830848,0.986808849656457,0.7915282835255214,0.8850754131033516,0.7994638215356237
1556,0.10737017459806682,0.09844351298235386,0.9868366801210463,0.7898583306182771,0.8853178790417096,0.7977771263652838
1557,0.10719600995531849,0.09826157775747009,0.9868644241115277,0.7881935665459995,0.8876672658558348,0.796095672051042
1558,0.1071097352064029,0.09801265109287831,0.9847865143160811,0.7865339716790466,0.8876982616322855,0.7967305347987733
1559,0.10696544004141657,0.09787006614191646,0.9827150521984505,0.7848795264740428,0.8921414104451759,0.7950546414992581
1560,0.10682565349503576,0.09768957943680913,0.9848527348206775,0.7874329328974665,0.8922611005171894,0.7955922653542494
1561,0.10661678433382078,0.09751245237208882,0.98679939095327,0.7859643084455159,0.8944943317627057,0.7982128319805118
1562,0.10639149810684902,0.0974269534010601,0.9868270747714544,0.7864131760052625,0.8926184320705122,0.7965388502093066
1563,0.10628164390698905,0.09730005950598014,0.9868546729202295,0.788955720591157,0.8928434035507276,0.7948700486855822
1564,0.1062908282246249,0.09749552013953586,0.984789213664843,0.787304458313234,0.8936425123718528,0.7969726968945037
1565,0.10610147605534463,0.09729315823755509,0.9848210175957792,0.7877491791954551,0.8997504167594755,0.7977843194140848
1566,0.10588314583151366,0.09704314541152678,0.9848527233069388,0.7881925266504167,0.9015744412101669,0.8007696620649464
1567,0.1056971583897895,0.0966965866645476,0.9848843311678466,0.786547803294815,0.9017798260747225,0.7990986939687978
1568,0.1055095406278242,0.09642447170518476,0.9836413190423011,0.7861826749626794,0.9007100550042038,0.8007920187288639
1569,0.1053541753247517,0.0962207393707275,0.9815928532244341,0.7845454233496338,0.8988342963066314,0.8012068759866674
1570,0.10592520558412137,0.0957825627070336,0.9795506965829398,0.7829132143929524,0.8995438174885705,0.7995400036804639
1571,0.10567482555490926,0.09553012969102795,0.9795931978509987,0.7833644015790866,0.9008924330874513,0.8008951763775032
1572,0.10540027557008184,0.09624356438705738,0.9786150616860042,0.7827584126356204,0.9000424212706308,0.8003354685573515
1573,0.10604799229602176,0.09612775508237119,0.9786382669992988,0.7811559513708735,0.8982495290867029,0.8007707684355986
1574,0.1059647643971876,0.09697932237980587,0.9791615164393163,0.7811304435336214,0.8963882243451712,0.7991243694367202
1575,0.10586288215978264,0.09686027573866401,0.9792046536741511,0.7815835200460265,0.8965686220610641,0.7995742836486616
1576,0.10564646409570697,0.09662647924197336,0.9791264830706171,0.7800883757718522,0.898608174278245,0.8002311163592609
1577,0.10622741971616352,0.0960511501866892,0.9791981471843894,0.7825800987085271,0.9030952537761543,0.8027953883737307
1578,0.10699862178070095,0.09584276540469934,0.9771812692459624,0.7830247618696523,0.9012789693863911,0.8032064582159504
1579,0.1074239259309763,0.09572577905675038,0.9792901289367033,0.7814103122047136,0.903684108735747,0.8015503976920825
1580,0.10738026536120347,0.09662801168142834,0.9798177860316241,0.7813755526111557,0.9038824954873654,0.8019860755840615
1581,0.10789960905114174,0.09641591176667855,0.9798593148171085,0.7797677221839263,0.9021557324658891,0.8003358350432239
1582,0.10751167262580233,0.0970220809182177,0.9789603488369493,0.7791051717865026,0.9023568646251792,0.8007906054202594
1583,0.10733998776096475,0.09688714507019264,0.9790035554645871,0.7795587972062284,0.9025226936735576,0.8012343870838492
1584,0.1070462716482629,0.09672935715050118,0.9786720688794388,0.7824371284241338,0.9012301317203439,0.8031346998093135
1585,0.10692864765902735,0.09655432382264933,0.9805776497318608,0.7810211489997971,0.8993830804544795,0.8035381708974672
1586,0.10759943952642538,0.096449639695797,0.9806151774859456,0.7794243014150581,0.897549311672021,0.8039426507759807
1587,0.10833388541342072,0.0963467657395634,0.9826902915837809,0.7778399985049144,0.8978330583954419,0.8043535815206426
1588,0.1080070042103802,0.09619086007982994,0.980682322470251,0.7782939466359627,0.895998481351378,0.8027100147103432
1589,0.10789247561283537,0.09704138170571608,0.9786804591822943,0.7767052180096683,0.8952538333478782,0.802072329880226
1590,0.10779018147841093,0.09691642799369811,0.9827400083503435,0.7772230123304794,0.8934281814916495,0.8024759550923091
1591,0.10749319508141643,0.0966594066904383,0.9807379528334366,0.7756396397126135,0.8916080736253603,0.8008411367279131
1592,0.10725320323807247,0.09641899392808967,0.9840378215037612,0.7789411319457029,0.8930541561121681,0.8040913393359457
1593,0.1074603067615849,0.09627565264602947,0.9859452252225468,0.7775156269790634,0.8920439587267707,0.8045687491734577
1594,0.10717498144038304,0.09699511321296951,0.9850317289096933,0.7768784462090188,0.8902321145179336,0.8029626013780807
1595,0.10693633789020006,0.09758415776460876,0.9874842648707548,0.7789671853781893,0.8912728461729342,0.8047705791859965
1596,0.10734018895021781,0.09737681452531446,0.9875060577782833,0.7773917515292951,0.8916480400796126,0.8051734747991379
1597,0.10714182158729703,0.09708157527488134,0.9895563895706395,0.779867571341052,0.8936897951589141,0.8077957279421007
1598,0.10687316238649777,0.09683311992419276,0.9895775170692196,0.7843589151202411,0.8939048614635244,0.8061615514079831
1599,0.10667877112463113,0.0974693991621657,0.9906729532819222,0.7857413351771037,0.8939915182596209,0.8069258113267371
1600,0.10656280233913833,0.0973702279909564,0.9906917842644777,0.7881928811408296,0.8962245108729804,0.8052966562108683
1601,0.10633152861837508,0.09728197183991949,0.9890212964114841,0.7882923997301857,0.8961061353666534,0.8060170477706422
1602,0.10606707192205188,0.09717080892222295,0.9910583490296379,0.7867040447123784,0.8983304056496311,0.8043929788049856
1603,0.10580967780856204,0.09704725106553218,0.9890634304734376,0.7871333918437379,0.900547975501823,0.8027738022131468
1604,0.10583175655261708,0.09741560671221776,0.989333261363001,0.7873136079837776,0.8994835034973953,0.8029664287930667
1605,0.10646044658252224,0.09841769469094046,0.9889059425699537,0.7861807243377699,0.9007985293809002,0.8022571820145263
1606,0.10625046530168,0.09818787469001568,0.9891409567670322,0.7884039735905852,0.8989907279302417,0.8026540296353335
1607,0.10612399626633702,0.09796650737388579,0.9871578460917654,0.7888281986071977,0.9011981213518485,0.8010448032011979
1608,0.10698526963590606,0.09755755846696236,0.9871835673579324,0.7892511499399277,0.9014084471658578,0.7994404082732017
1609,0.10716040941842721,0.09843094102268236,0.9872092114506251,0.7896728322595523,0.9003505301964665,0.7992832005384599
1610,0.10770209396547407,0.09842945547663598,0.9872347786526778,0.7920921263576521,0.8985732348133948,0.7976855324192
1611,0.10751712097673691,0.09825445200993986,0.98560019979443,0.792170484258956,0.898438962903727,0.7984263385943754
1612,0.10732254315140313,0.09807910150105022,0.9856289257021869,0.7925850796986913,0.8986415652274863,0.7968335719569444
1613,0.10711714075115301,0.09784150395326367,0.9876504541491467,0.7949913230060159,0.9005461652691857,0.7975287445100752
1614,0.10752993798304032,0.09781671447538454,0.9916568340298607,0.7934085774793252,0.8991341218902689,0.7959409472395242
1615,0.10729048316259271,0.09766685821929717,0.9976401479218195,0.7918305618402416,0.8993347347114874,0.7943578949532465
1616,0.10714985552213784,0.09748385135356145,0.9956579179644337,0.7902572588169792,0.8995347484187732,0.7927795703243287
1617,0.10699874446777488,0.09729818056022758,0.9956665367057737,0.7906735840773923,0.8991396201511385,0.7937854340131378
1618,0.10754035936456308,0.09719575769678131,0.9936921808167245,0.7891057187434787,0.8993558367716974,0.7922113980397381
1619,0.10735046040991929,0.09705802805460287,0.991723709430514,0.7915044603159648,0.897574242566889,0.7906420534288251
1620,0.10713198321600796,0.0968273812397987,0.9910089189568171,0.790669252430877,0.8977769418083756,0.793035357072354
1621,0.10687115418285438,0.09669703379868463,0.9913054641641713,0.7927813404350688,0.8977002679544385,0.7937232977919318
1622,0.1066824873696269,0.0965037376772976,0.9895988132412763,0.7929393940658201,0.8976511032439322,0.7943819111345302
1623,0.10740747086182906,0.09630049864951193,0.9935654532484687,0.7913748779162593,0.8979080978847193,0.7928145488137904
1624,0.10720377459994265,0.09613679096882584,0.9935781362989801,0.7917860961517461,0.8981093298908459,0.7912518424792168
1625,0.10690320626274732,0.09670440959434008,0.9936846339719138,0.7921022413642811,0.8972784800034433,0.7909008312076569
1626,0.10677944754493433,0.09660646475697723,0.9917299086159573,0.7905440585336624,0.8955133998801793,0.7913121603488895
1627,0.10647551700304898,0.09645145265463828,0.9914080830455723,0.789328573029469,0.8970077619498411,0.7923984256475003
1628,0.10719737718728514,0.09625852359487454,0.9914249508537737,0.7897421670204847,0.8974591460393053,0.7908427745938623
1629,0.10698541253810308,0.09605088219802967,0.9909715562160863,0.7886634929479704,0.8986810859142649,0.7921934104695287
1630,0.10779981436255429,0.09594981079736746,0.9909892456075424,0.7890775636662122,0.8989420792931193,0.7906412692941343
1631,0.10763797272800397,0.09582650102268926,0.9901282949287414,0.7884116603853388,0.8971825463185471,0.7910510549729638
1632,0.10749585648986522,0.095643303183502,0.9921029789396916,0.7888253962183585,0.8973835936207062,0.7895042487180146
1633,0.10797897544077267,0.09562854441568718,0.9901649785291157,0.7872844836576708,0.897670201046842,0.7899717444192473
1634,0.10782270723045458,0.09543934592804709,0.9920735019339572,0.7858102618881923,0.8997592256246656,0.7904437527414839
1635,0.10768388059383843,0.09532720348117597,0.9940384785428897,0.7901268772877046,0.9019041711043109,0.7889027639017281
1636,0.1084950808712935,0.0952276111475448,0.9940500890540176,0.7885880458053146,0.9021530267074023,0.7873663164721663
1637,0.10827793732783875,0.09508480335605568,0.9940616653706955,0.7889993749417472,0.9020805826605145,0.7880428405529171
1638,0.10805750501888611,0.09492933206560569,0.9940732076161426,0.7874658095548736,0.9003272231501332,0.7865111343665405
1639,0.10798530561623533,0.09474498889025632,0.9921429747195045,0.7859367547539443,0.8985790206932632,0.7869256744913065
1640,0.10792719133009279,0.09555515768080425,0.9902184153575575,0.7844121943046929,0.8991187398529887,0.7871083845375415
1641,0.10783185434251598,0.09630866012885664,0.9882995091226825,0.7828921120410038,0.8973763721803234,0.7857014590668504
1642,0.10772729853125712,0.09702165593885215,0.9863862356928843,0.7813764918645896,0.8967615659794828,0.7852242047388548
1643,0.10755354174199841,0.09683640484909942,0.9847830924609938,0.7814947898570789,0.899915654647073,0.7865531318125508
1644,0.10742545323929052,0.09665605857075574,0.9886766058273467,0.7799848975975109,0.8981769665600237,0.7850334665494211
1645,0.10733579660970656,0.09649138769902478,0.986768335772697,0.7784794287572535,0.8964433721784428,0.7854483789647829
1646,0.10717652781766934,0.09637300444541025,0.9867938490209133,0.7789065639401029,0.896615832991684,0.7858892933531272
1647,0.10696029235434344,0.09616400720303664,0.9868192876232487,0.7774061801895433,0.8948887094975513,0.7843754589857275
1648,0.10661569084849934,0.09599131654234624,0.9849203079191367,0.7759101833271524,0.8950909797711877,0.7867147386898833
1649,0.10724825563614851,0.09575104343227045,0.9830268768831546,0.7763409781948432,0.8973316963102981,0.7852023421124922
1650,0.10708713956312144,0.09560742641526938,0.9821730676035245,0.7757364222027004,0.8984152768407827,0.788569452843534
1651,0.10759564044732244,0.09559903803634857,0.9860354104357726,0.7742571288188962,0.8986673754686889,0.7889811116000878
1652,0.10754100070854927,0.09550259499747926,0.9879091509964488,0.7728428264217223,0.9007085710155773,0.7894552502321851
1653,0.10817659668457366,0.09536614483173946,0.986026582157178,0.7732687482859273,0.9048181044659024,0.7898944958998075
1654,0.10793936311891122,0.09513351156504082,0.986053310964033,0.7737024471778692,0.9064307415795664,0.7907786548590601
1655,0.1078242404517543,0.0949594830802013,0.9842242487879473,0.7740796764573808,0.906554337632803,0.7912336675946517
1656,0.10767751272538814,0.095678458002082,0.9864179447260938,0.776165402069178,0.9064781571216528,0.791968955133989
1657,0.10830289864603598,0.09544039027541595,0.9845367445629053,0.7765922775983651,0.9086795191037461,0.7904585891318255
1658,0.10813699154085218,0.09520475861283895,0.9845662051012788,0.775112716797741,0.9088535025539114,0.7889526102845816
1659,0.1087354428534875,0.09510480612582317,0.9845955801218281,0.7736374508548287,0.9090866028597896,0.7874510029811522
1660,0.1095274508901757,0.09510003468410438,0.982728371443722,0.7740629629810428,0.9074186092446987,0.7878600327923622
1661,0.10927612998126827,0.09500067627890008,0.9827611787184221,0.7725926386176577,0.9113934453347047,0.7863635010416493
1662,0.10914712937006658,0.09486515886521936,0.9808963001258032,0.7730241647393945,0.9115615843195763,0.7848713048795851
1663,0.10904267327923119,0.09477404744545481,0.9828282090777746,0.7734544415091436,0.9098335423300932,0.7833834289154122
1664,0.10887023431856287,0.0946351845320428,0.9809669295730126,0.7757772727919555,0.9118980989491426,0.7818998578221704
1665,0.10863798292061273,0.09524705371513267,0.9800733470029569,0.7752391660263163,0.911102464296846,0.7815114130307729
1666,0.10845133254814907,0.0959326659908926,0.9811881644582374,0.7764768273620326,0.9093804664089267,0.7800709756917833
1667,0.1082385337006653,0.09572583430305127,0.9793355570363874,0.7787869939463251,0.9114396941040153,0.7785981029732927
1668,0.1080396894088062,0.09556586836817157,0.9812607744873172,0.7792042546264274,0.9134929794043392,0.7771294805818311
1669,0.10784394545250957,0.09612854113727129,0.9820271492129209,0.7788892485977835,0.914387052650327,0.7769317598452158
1670,0.10768086972085882,0.09590831528952369,0.9801785119207517,0.7774230124427224,0.9183131578242947,0.7754692086052916
1671,0.10783710119778651,0.09691577058588403,0.9783351988690548,0.775960999178713,0.9180794293728461,0.7762795398738408
1672,0.10774892067228536,0.09674854952171807,0.9783759007362679,0.7782606128503946,0.9163546248477789,0.7748211361450847
1673,0.10765988005782924,0.09659933245740504,0.9765396538243314,0.776799948655832,0.9146347814329429,0.7733669272694584
1674,0.1075374387871844,0.09639296578733265,0.9747086851233118,0.7753434830761984,0.9165293252477762,0.7739323222781531
1675,0.10805300884189628,0.09620622991420767,0.9765737827454172,0.7739465581874931,0.9205459764006785,0.7744664792780448
1676,0.10793826242632064,0.09606550045305917,0.9748204838285549,0.7742954762004405,0.9188234418870559,0.7748884997782499
1677,0.10864976768576627,0.09596944747929598,0.9748627958099849,0.7728528122585642,0.9189795399219669,0.7771834060238442
1678,0.10844166516275378,0.09566224113015874,0.9749097388090737,0.7732770030375613,0.9172633723092483,0.7775995095447024
1679,0.10824994105471965,0.09541354652616728,0.97495654731156,0.7736999784656068,0.9174177261285846,0.7798800253177844
1680,0.10815799507752273,0.09525501621323587,0.9731394820296788,0.7722580030531243,0.9170421469095622,0.780819762752997
1681,0.10806905755582122,0.09510931421732918,0.9713276160568186,0.770820153676093,0.9153347272720416,0.7793659724329104
