0,0.5,0.5,0.5,0.5,0.5,0.5
1,0.5285442299934601,0.4974899610998373,0.4950049975008331,0.4950049975008331,0.5049950024991668,0.4950049975008331
2,0.5467779089714204,0.4974899610998353,0.5000448577189449,0.4900648377322716,0.5099354696740953,0.5000448577189449
3,0.5422340766892347,0.4938799579007581,0.5128700762006682,0.4972783159415861,0.5226620783099929,0.5071597974347252
4,0.5749099220900907,0.4938799579007581,0.5276820090536347,0.5122455439724125,0.5373764820397422,0.5021084453335345
5,0.6115708526283065,0.4913670573452161,0.5323816320050232,0.5170987616777054,0.5320295189832861,0.4971124036433855
6,0.6266430105343821,0.4913670573417344,0.5469700222266484,0.5119587070947286,0.5466215166493467,0.5021111966901692
7,0.6358603029664007,0.4913670573417344,0.5613989650690852,0.5068748319955529,0.5610539202406272,0.4971251097763313
8,0.6442631440486031,0.4913670565477418,0.5657500273144055,0.5018464718938803,0.5951698908870116,0.5120341083274225
9,0.6490551384986333,0.4887891545223471,0.5997848312517164,0.4968729707179648,0.5892715169460228,0.506959643560808
10,0.6477589928303994,0.4814514539717646,0.6300152112926525,0.505287623619289,0.5921934520815356,0.5031928492757329
11,0.6525612131891638,0.48145141186402296,0.6336745838752679,0.52007123001601,0.6456800890124781,0.4982159686779087
12,0.6668680012969056,0.4814514118640229,0.6471748588176395,0.524813270434108,0.6689424580832221,0.4932932376224412
13,0.673417520044004,0.48145140753601096,0.6506575398106135,0.5196329219031718,0.6820850560084132,0.498294859684945
14,0.68626140667519,0.47889110311423755,0.6836853235594943,0.5243698098637319,0.6950809829065874,0.4933811863104037
15,0.6890524139199271,0.4788910924327778,0.6868013772038265,0.5192041802590904,0.688233698251648,0.48852082933630464
16,0.6947687014678015,0.4788910924327531,0.6800423772162477,0.5239358232748444,0.6913020928634709,0.48371316239064543
17,0.6983426437423768,0.4788910534191013,0.6930194572245032,0.5187847813167779,0.7041684959659417,0.47895756698285397
18,0.7071209430691079,0.4788910534191013,0.6862128901689831,0.5333327000000453,0.6972524274741758,0.474253432398417
19,0.7103002603025453,0.4788910534191013,0.6892917045320233,0.5280997496155525,0.7100347177979451,0.48922374283985176
20,0.7090475024333291,0.47096131036195,0.7021392498550669,0.5229233228761396,0.7128867091348963,0.5040323516692516
21,0.7132244203274264,0.47087162001472,0.6952637691628003,0.5178027585283796,0.754866935519492,0.5088889609398355
22,0.7141566737619935,0.4740913856032824,0.6884624192331162,0.51273740360625,0.7664844805114794,0.504558030861944
23,0.7141606307684676,0.4740913856032824,0.6915069591328059,0.5077266133205329,0.7883117897526947,0.49962717451746497
24,0.7268365884677509,0.47409138493132225,0.7042815897039691,0.5027697509500467,0.7903784752641037,0.49474938581058375
25,0.7360703833172275,0.4770860998833695,0.7071657243243241,0.4978662240813055,0.8021759611989716,0.48992411870498326
26,0.7444750046763623,0.47708609988336953,0.7100189114266339,0.4930153387607712,0.8041034302246912,0.4851506161039842
27,0.7494445839495566,0.4716201397183946,0.7420423121962875,0.4882165185385039,0.8060102115083597,0.48042834804381146
28,0.7464960680236942,0.4607429978867606,0.7637496993460422,0.4837178886411765,0.8078136353998538,0.4855635125892115
29,0.7518037523693517,0.4638000545979851,0.7563305090192806,0.47901897342934585,0.8096806104202764,0.49056083333045025
30,0.7545014234909988,0.4638000545979852,0.7975130100530639,0.47437035519685083,0.8115275667958866,0.4858002076340565
31,0.7575369395922861,0.4638000545979851,0.789781316228496,0.4697714504773034,0.8230495167285428,0.490785249017852
32,0.7586653848819205,0.4638000545828586,0.7918172980175833,0.4652216830587018,0.8441334256106328,0.4860319615772403
33,0.7647605447398041,0.4610959696579891,0.7938315459336575,0.4607204838875398,0.8456414948193605,0.48132941493705356
34,0.7709611269220197,0.461548299513693,0.7958243053881933,0.4562672970482759,0.856799183486629,0.4766770345597417
35,0.7713813887819676,0.46150825368528703,0.7881397827914707,0.45186155531536576,0.8581822948764244,0.4720742152959769
36,0.7757514710915963,0.4614940728824267,0.7998298747473563,0.44750271668203423,0.8595503265790925,0.46752039720008765
37,0.7808182248935448,0.46149404242143754,0.8210323891814955,0.45282700114982133,0.8609039131841384,0.4630150147043813
38,0.7828530788989122,0.4587334811313037,0.842009592348673,0.4484675770099025,0.891124397438924,0.48743889746628893
39,0.7851517069637175,0.4587334804378089,0.8339115591231792,0.4441544369077182,0.8825540183823827,0.48275095041325167
40,0.7911970838351221,0.46200788641636736,0.8258994249312532,0.4398870479843824,0.8836824227485323,0.47811273448621494
41,0.7908202752181378,0.46200787392069037,0.8275704929661697,0.43566488395896086,0.8752005814564462,0.4735236691866263
42,0.7930492760977141,0.46200787392065756,0.838812565207632,0.4314874250421122,0.885986436402297,0.4689831938189377
43,0.792060211865931,0.46196715583769415,0.8499357118805767,0.4273541578758853,0.8965355847714582,0.474069864237066
44,0.7940557633394599,0.4619671558372973,0.8609412975992198,0.4232645753496664,0.9070952481788985,0.47910277348479274
45,0.7940505453028536,0.449483350185143,0.8718253181264857,0.41922352865211837,0.917509045835028,0.4747796704235507
46,0.7969174373027899,0.449483350185143,0.8730494401232822,0.415219768038114,0.9564985475685577,0.47024532534305497
47,0.798733481312849,0.4494831511026961,0.9028832813439476,0.4112582085589584,0.9569140175073323,0.465758773956199
48,0.8024982075625099,0.4494831479399752,0.9038089336023594,0.4073383676210533,0.9573247067018205,0.46131946971534454
49,0.804793696185009,0.44692707203378557,0.9047248467850535,0.4034597685505437,0.9767746933509733,0.4569268727770898
50,0.809050339078689,0.44692707203378557,0.8961188378316651,0.3996219405160685,0.9674833275314808,0.4525804499147832
51,0.8105517930909243,0.44418152495553187,0.9161115717691005,0.3958244184525765,0.9867979199863756,0.44827967443224326
52,0.8132821003830638,0.44418152495538005,0.9169079488342372,0.3920667429861932,0.996416541149213,0.44402402607866864
53,0.8129402124838505,0.4414231065781449,0.9082121771146319,0.3883484603601218,1.0154181281034078,0.4398129909647194
54,0.8176595097939479,0.44489981441745746,0.8996074833534888,0.38466912236156464,1.0342206928816329,0.43564613054113727
55,0.8226471842568419,0.44489981441736565,0.9194873865722746,0.39995798920871917,1.0338968120700716,0.4409876560974662
56,0.823269982534924,0.4421029239934528,0.9202486648415619,0.39617622989363044,1.0619495209815806,0.4368179452246189
57,0.8246229612501867,0.44206840185990876,0.9398938726110396,0.39243397272181535,1.0708102901783314,0.43269178882009846
58,0.827320583267494,0.44561559732763495,0.9593340606184754,0.3887307721253143,1.0984515841609712,0.42860869615675096
59,0.8331458473466724,0.445615597327635,0.9691444888733374,0.3944932485142634,1.0975234744127436,0.4245681729648853
60,0.8350026185473052,0.442752611338759,0.9694350751337845,0.3907780510123716,1.10602267826209,0.42056974049101536
61,0.8368337269132281,0.44275261080241823,0.9603144046523858,0.38710152029250344,1.1050253413600095,0.41661292263301025
62,0.8385625207327863,0.44275261079565115,0.9512885739036683,0.3834632193487661,1.1228358839185775,0.4314949068048442
63,0.8403267450011784,0.44275261079532086,0.9705248161337234,0.3798627164766926,1.1310719592460081,0.4274434135380991
64,0.8414761770848659,0.44643514887334296,0.9801780261275815,0.3763029039045237,1.1298408852614747,0.42343563310018767
65,0.8403572382915862,0.44348279716257,0.9897344460291132,0.3821473664620641,1.1473656140648985,0.4194677555540597
66,0.8434809228444988,0.4405447959867538,0.9898305450482252,0.3879312756604514,1.1459860790682843,0.4155409884285668
67,0.8418089213938934,0.44054479597990776,0.9992776013163042,0.3936553129993581,1.144621461650762,0.41165486904519544
68,0.8421754948994935,0.4443748618325589,0.9899417456658954,0.3899775470078684,1.1523952815546143,0.4080269901673276
69,0.8443062625385852,0.44139708058549254,0.9993688888379278,0.38633778251532946,1.141640848046422,0.4135520322069579
70,0.8437950412735006,0.4384340523737262,1.0086987114784591,0.38273559290719483,1.1682920129092769,0.40969609861656475
71,0.8426840054115147,0.43843405231937843,1.008617686295931,0.3791705567116557,1.1667244369426175,0.405879935584418
72,0.8452834372820435,0.43843405231937843,0.9992321871043313,0.3756422575336344,1.155867705587887,0.4021030973839063
73,0.8454592819933606,0.4135403285499687,1.0271273495864592,0.37215028400337125,1.163714766396411,0.39836514365991926
74,0.8481420818825212,0.4146080901164345,1.04544885944566,0.36869422965800824,1.1807678370405605,0.3946656487912155
75,0.8480776745139703,0.4138301467159858,1.0357497757492566,0.3652736929578868,1.1881158943454873,0.39100416394177867
76,0.8506241586154184,0.4138301467159858,1.0354184410338039,0.3618882771732551,1.1771042728924892,0.3873802739820442
77,0.8509600173023635,0.4134066001707455,1.0536082276793695,0.3585376650082433,1.212499978977792,0.39305255882974244
78,0.8488810892685061,0.41340660015401764,1.0716116591745055,0.3552213191511572,1.2105344298418577,0.3894169624829482
79,0.8505496092604206,0.4108479249596975,1.0894307373420773,0.35193893234206,1.2178294069001567,0.38581859427704446
80,0.8526817014930995,0.4108479249595823,1.1162986779785775,0.3486901265283118,1.2065874248233657,0.39148820322974026
81,0.85255416067339,0.4145402438940693,1.133655465187603,0.34548911572709234,1.2046822886243358,0.3970998606312548
82,0.8546347806758328,0.4119555855507369,1.141636854452528,0.34230622138355066,1.2120093276817854,0.3934414909672368
83,0.8538553391476086,0.4079605783616448,1.149536538972163,0.3391560726857671,1.2376713474862346,0.38982440778791144
84,0.8565623282661481,0.40796057836164484,1.1573559658545214,0.3360377657465494,1.2354861228306637,0.38624024033882165
85,0.8583837351566185,0.4079605783616448,1.1742808776659381,0.34213634043195373,1.242508276708418,0.3826925762840078
86,0.8579206328931024,0.4054002139104632,1.1910335710107587,0.34817285942144394,1.2494589842449328,0.37918101128071796
87,0.8587717362861074,0.4054002138931213,1.2167827228893275,0.34498123856591656,1.2563390219536312,0.37570514579931746
88,0.8602169808636158,0.4054002138931213,1.2147975115256116,0.34182203535109434,1.2723067870132714,0.37226458506225096
89,0.8606265253850637,0.400251131068061,1.2402778132065049,0.33869489159118277,1.2789640561614835,0.36885893898382366
90,0.8624820178816976,0.4002511260792515,1.2380818393403228,0.33559945335401037,1.2764145522392212,0.3654878221107899
91,0.862765251110362,0.4002511260792356,1.2541684641986965,0.33253537090720714,1.2830210462674918,0.3621508535637384
92,0.8637453607562158,0.4002511260792325,1.2792133350345734,0.3295022986651036,1.2895606488074067,0.358847656979262
93,0.8646478951071646,0.3976419909923862,1.2948930312797011,0.3264998951363408,1.2960341259990258,0.35557786045290196
94,0.8642756261498591,0.39504572915277725,1.2922086708489127,0.3235278228721805,1.32975068987235,0.35234109648285467
95,0.8651622563951296,0.3950457291520444,1.2986451336287257,0.3205857484155066,1.3358457556998002,0.349137001914431
96,0.8651841923837992,0.3950457220905061,1.2959320500539684,0.31767334225050714,1.3509646461644202,0.35504985804594436
97,0.8665683890785233,0.39504572209050604,1.3113974210822958,0.3238658388143611,1.3568550055000834,0.35182758173448075
98,0.8685924250869351,0.3950457151591626,1.3267071178528136,0.32092951273711723,1.3989520296784312,0.3486377408215811
99,0.8688587570024175,0.3923777115477161,1.3237479919562678,0.32708014415784076,1.4043959778458066,0.36359483406714266
100,0.8699151132692194,0.39237771154771617,1.3208185989849073,0.32412060062653464,1.4188336000819446,0.3603048919584574
101,0.8696591906523338,0.3888105657339421,1.3359055828702013,0.3212824589316405,1.4150683911911077,0.36610363393605105
102,0.8691780497208715,0.3888105657339421,1.3238419606744891,0.3274114788998481,1.420350496475704,0.3627976099318749
103,0.8688276945505231,0.3887927234242459,1.3299417647306084,0.32445781163441784,1.4255796710259043,0.35952471483353315
104,0.868191265678779,0.3887927234241716,1.3449927520285223,0.32153371575650924,1.4219281831669708,0.3562845871529719
105,0.8680972510047855,0.388792723421848,1.3688964333584521,0.31863886886517057,1.4271327110244942,0.3530768696446384
106,0.8682661284748553,0.3880437980804726,1.3565842414301938,0.3157729523402469,1.4231445988899258,0.3500480995367324
107,0.8703039093754631,0.38804379808047257,1.3533802404751059,0.3129356512951103,1.4732540764144464,0.3469028274945802
108,0.8711695916542272,0.38804379808047257,1.3502082019162691,0.3101266545300161,1.4600297412590175,0.34378893198219135
109,0.8729288901015125,0.3922192137218193,1.3470677782817013,0.3073456546494866,1.4559045144761986,0.3407060745635971
110,0.873969818734359,0.3895400130865847,1.3618753093571692,0.3045923473617859,1.4607787075642071,0.3376539132466275
111,0.8739920143444454,0.38424839728805676,1.3675861344802154,0.3108158199082631,1.4745537953419812,0.3435815050289986
112,0.8738657823590136,0.3816355190116616,1.3821806369035348,0.30803698891897063,1.461370631908069,0.3494501768884571
113,0.8726471210296068,0.38163551901166154,1.405561707825676,0.30528575451903933,1.4572507999283468,0.3463290603268013
114,0.8721663990383811,0.38163551901162535,1.3930204716627645,0.30256181808616756,1.455520384227962,0.3432389117325026
115,0.8722804928364137,0.3580681725170637,1.425171865996013,0.2998648844753585,1.4692873526224963,0.3580067191587415
116,0.8724138865624284,0.3580681725170637,1.4391953203388366,0.2971946619757358,1.4740132191353368,0.3548187580268927
117,0.8729994811008697,0.35806817248460465,1.4619758595949381,0.2945508622679276,1.5053798756562866,0.35166234289291914
118,0.8747907737578193,0.3580681724845907,1.4489833378405392,0.3008201609081564,1.5186625057030885,0.3485371335330977
119,0.8728295567055513,0.3559393256372699,1.453875306750689,0.29814945605334914,1.5584481860036212,0.3454427936730387
120,0.8727323233892128,0.3559393256368155,1.4587189982650761,0.2955051075956509,1.5712336350160538,0.3423789909387858
121,0.8729847936437877,0.3559393256368155,1.463514931757272,0.30174717158595077,1.5750326506179626,0.33934539680855674
122,0.8727777000693714,0.35593917548069715,1.4771151042711088,0.2990762614196549,1.5876462241141711,0.33634168656511704
123,0.8704370901277702,0.3551112140329428,1.4905814220266667,0.3052742753421837,1.5912925214505629,0.34221017587438574
124,0.872126842578191,0.3551112140329429,1.486247724641367,0.30257754393440994,1.5949029609242489,0.33918716016726197
125,0.8715353575327657,0.3551112140329429,1.4996065415842108,0.29990730648127223,1.5896529607207084,0.3361938439848212
126,0.8721205664494335,0.3551112140309361,1.5040180846059374,0.30607942760857926,1.602086789619217,0.3332299091422791
127,0.8725678900800826,0.35511121403093604,1.5348083745227201,0.31219101975070945,1.6232060187026964,0.33029504112529817
128,0.8723877815024865,0.35286661558442295,1.5301028449675333,0.3094441965140467,1.644126671558783,0.32738892904481004
129,0.8718850284116447,0.3506366969942571,1.543022858280564,0.30672426258879654,1.6384649697747324,0.32451126559242766
130,0.8726641791545169,0.3462148382204194,1.5382545993731482,0.3040309308534795,1.6328586380471122,0.32166174699643807
131,0.8735036293175544,0.34621483822041904,1.577393823075522,0.3013639174883862,1.6360792673313094,0.3188400729783685
132,0.8727479374588931,0.34621483820308124,1.6073875241040303,0.2987229419350583,1.6392684540383204,0.3160459467101181
133,0.8734752951633015,0.3462148378108229,1.6020700583566758,0.2961077268562965,1.6336718841833673,0.3132790747716463
134,0.8738940911182406,0.3462123290574003,1.6055503140903702,0.29351799809668855,1.6368757534881884,0.3105391671092122
135,0.8725139629654832,0.34820269125700976,1.6002595226227392,0.2909534866637962,1.6662598950591263,0.3078259490685438
136,0.872040112021489,0.35659532259168664,1.5950200194270343,0.28841410276816254,1.6691725566234024,0.30513947730457114
137,0.8724798829572034,0.3520276504313274,1.6072710265407473,0.2946189199253792,1.6807770812457778,0.3024787519143001
138,0.8731073002662095,0.3520276504313274,1.6019810965731995,0.2920524983682736,1.6835580244854722,0.2998438634635656
139,0.8714804801880012,0.3520276504313274,1.6228493291985469,0.28951097566966033,1.7037163538588318,0.29723453812209355
140,0.8720803499941286,0.35202765035594136,1.6174345372610333,0.2956876705142808,1.697623170513185,0.2946505051864795
141,0.8729770076858695,0.3520276503559414,1.612072184298191,0.29311965469985646,1.6828794947243781,0.2920914970420717
142,0.8734923987823878,0.3520276502941186,1.6067617159221823,0.2905764862687424,1.6856309422471225,0.28955724912534675
143,0.8739889478122328,0.3520276502941186,1.6101701247498816,0.2967254434397094,1.6710206674757546,0.2957150405757259
144,0.8740978869756798,0.3520276502941186,1.630863368839131,0.2941561341795906,1.6565515042661654,0.29315448027021235
145,0.8732220086941676,0.35202765029411853,1.6427067059218181,0.2916116180423844,1.65087218739038,0.29061862866262206
146,0.873222008447028,0.3171873359033146,1.6457942834455568,0.2890916337816897,1.653889202277006,0.2881072253961444
147,0.8733414669217453,0.3152224633324478,1.6574850598383988,0.28659592311803794,1.648244243679584,0.2856200130707982
148,0.8716435931921881,0.3152218637031742,1.6604390152556776,0.2841242307029126,1.6433790338070413,0.28315673720757406
149,0.8718506164878567,0.3152043831620583,1.6633645678264815,0.281676304083232,1.6636829523116998,0.280717146213038
150,0.8715709963222418,0.31322393052572545,1.6576549360784214,0.27925189366628833,1.6581991425581,0.27830099134438957
151,0.8718711087842539,0.31322385842799944,1.6605985822320246,0.2768507526851365,1.661138213314754,0.28450650366156116
152,0.8718368840829959,0.31322385842671624,1.6721038834427322,0.27447263716442755,1.6554591137455026,0.28206262613716204
153,0.8734187404158186,0.31121833017694966,1.6663363602574617,0.280698603104794,1.64983442430301,0.2796421629081573
154,0.8743987777509614,0.31121833017694966,1.6691967652852628,0.2782922525170066,1.6442635756005597,0.2772448688865944
155,0.8734594274288947,0.31121833017694966,1.6891581179446389,0.27590891542868995,1.6730026117247574,0.2834346535254912
156,0.874043662833714,0.3112183301769495,1.7174843299452165,0.2735483513456868,1.6758006184717273,0.2810097022985576
157,0.8738718639674508,0.311218330176947,1.7369930840203245,0.2712103224839063,1.6871187761647928,0.27860790096734034
158,0.8725014622251906,0.309162217506803,1.7221617723596092,0.26889459373670144,1.7154058084192538,0.2762290080123837
159,0.8732799994326528,0.309162217506803,1.7245317223252061,0.2666009326426625,1.7263633709010335,0.2738727846316215
160,0.8743954736640486,0.30710237712325106,1.726879108143984,0.26432910935382203,1.7286951484402369,0.2885818704870386
161,0.8753170214784971,0.3071023518043361,1.7206912439298199,0.26207889660426475,1.7310049542850705,0.2861251959049297
162,0.8754091246979563,0.2874887153187556,1.7315710127247317,0.2598500696791377,1.7332925989920227,0.2921962813878472
163,0.8758659239486374,0.2874887153187556,1.7593392974002107,0.25764240638405456,1.7270626096857797,0.28971380752830095
164,0.877950832785414,0.2874887153187556,1.7613818859133272,0.2554556870148897,1.7378665642296018,0.2872548847006191
165,0.8788199344028523,0.2857876721776724,1.746447239797723,0.2532896943279559,1.7316102400870579,0.28481926861855755
166,0.8784240698289718,0.284094049297887,1.7401244865628056,0.2511442135105611,1.7592950151120226,0.28240671772947823
167,0.8796283895505674,0.284094049297887,1.7338615560340995,0.25748102826531083,1.7613318597586138,0.2884789892950332
168,0.879315973576141,0.2840940400546217,1.7361113675757354,0.25530440251928455,1.7633501015372648,0.2860403210967681
169,0.8794029029914244,0.2741261787231916,1.7467850196054422,0.2531483341092726,1.7569102357083706,0.28362468511783184
170,0.8810987521497585,0.2725204806208813,1.7489213053053825,0.25101261068059283,1.775834394854374,0.2812318434383104
171,0.8814029527080486,0.27252048043587257,1.7678938821800922,0.24889702224564247,1.7861519271568764,0.2788615607903404
172,0.8822481099696353,0.2725204804358455,1.7614283756201008,0.2468013611556976,1.77111289992949,0.27651360452651313
173,0.8839978378597054,0.27685213743222137,1.7550237151426595,0.24472542207306866,1.764626779275264,0.2741877445886781
174,0.8839978378595955,0.27637123171990124,1.7570822432634061,0.24266900194451585,1.7582016441716726,0.271883753496712
175,0.8851763508443306,0.27637123171988914,1.7423322930116423,0.2574210403858463,1.7434422970321026,0.269601406239653
176,0.8854208185648906,0.2772754736342224,1.7361069241987086,0.25526229795589667,1.7455943162589405,0.27572762575631393
177,0.8857876619089652,0.2772754736342224,1.7550733627309878,0.2531237620261133,1.7477256756480006,0.28179543329261225
178,0.8858878158572786,0.2811374273820024,1.7822315303616918,0.25100526188547395,1.7414676422556472,0.27943696776547017
179,0.8872588790729035,0.2811374273820024,1.7673301873954235,0.2572676510770229,1.7519903055445687,0.27710057879288685
180,0.8870983872537209,0.2796209894188639,1.769273609031056,0.255118771023979,1.7707672608760336,0.2747860402025816
181,0.8880441382731841,0.2796209894188639,1.7962319323800173,0.25298996979188476,1.772680059904991,0.27249312832237127
182,0.8885142869915836,0.2796209894188638,1.7895945323188795,0.25088104201258227,1.7745750019726612,0.27855763535629263
183,0.8889060335539756,0.27808746431841136,1.7996744036090286,0.24879178458592008,1.7681245881118275,0.27623789607367116
184,0.888828185765724,0.27504830159509464,1.7930216259313676,0.24672199665297045,1.7866923587605303,0.27393977411249676
185,0.8888285684584212,0.2750483015950827,1.7781197463878569,0.2446714795695821,1.7884651677048513,0.2716630489146729
186,0.8893689311901222,0.2720313501669788,1.7633564876464387,0.24264003688026425,1.790221485621362,0.2694075023522115
187,0.8903644311520849,0.2720313501669788,1.773613749801072,0.24892191165625174,1.7836732915679459,0.2671729186985987
188,0.891723470764946,0.27203135016697877,1.7920619137100264,0.24685930808674328,1.7771796594173592,0.2649590846005193
189,0.8919845451260985,0.2720313501669784,1.7937831971306142,0.2448158400438812,1.7790241361308865,0.2627657890499343
190,0.8920393336774274,0.2705037399037833,1.8202972998359694,0.24279131309329813,1.780851607274813,0.2605928233565075
191,0.8924614421084055,0.2705037399037833,1.8217818824038121,0.2490468608161462,1.7661401109098116,0.25843998112037614
192,0.8927322354909801,0.2705037399023668,1.8315057974541469,0.24699145996806762,1.776323251699471,0.25630705820526106
193,0.8923726714491731,0.26895999357480105,1.8246501820402157,0.24495505990296787,1.7781674261695493,0.2541938527119124
194,0.892132864882297,0.27262122682205575,1.8343310432082838,0.24293746870053537,1.7799945675282958,0.260336744164696
195,0.8925721406621397,0.27262122682202033,1.8274658782218456,0.2491668415912236,1.7735770588873194,0.2581946032060542
196,0.8913959865686096,0.2726212141438553,1.8288841298118566,0.2471186596685825,1.7672181608215904,0.2560722119784216
197,0.8911603006069185,0.27518896033347584,1.822077410945217,0.24508934441382585,1.793765481973992,0.2539693711238363
198,0.8917501811654882,0.2751889602631872,1.8235370342277446,0.24307870531900166,1.787253730471761,0.2518858829669326
199,0.8925347697662104,0.2751889602631872,1.8249832362755032,0.24108655404884471,1.8135837892157483,0.2580170514150857
200,0.8913838775809635,0.27518895952866346,1.8182288448123776,0.2473000118200907,1.7987354285511319,0.25590458646696534
201,0.8914991059987898,0.27518895952866346,1.8115364493720976,0.25345643859571865,1.808560720823525,0.25381151104133554
202,0.891250764204153,0.27358746445435783,1.8049054262058757,0.25138545889141,1.793783934807028,0.2517376300580832
203,0.8905589815563394,0.2735874644543579,1.798335158347703,0.2493334540883715,1.7791416668602376,0.24968275055843855
204,0.8907779799688706,0.2762298554919805,1.7918250350564986,0.24730023407041948,1.7972519289688056,0.2476466835961002
205,0.8903913547211282,0.27622985549198054,1.7935209268218513,0.24528560935008564,1.7989036106885372,0.2537757096981169
206,0.8900022550187583,0.2762298554919461,1.8033396525778067,0.24328939392983254,1.8168168611464117,0.2517103990330219
207,0.8899956016633987,0.2805196178494869,1.8130687363459586,0.2657019928504746,1.8183085656853868,0.24966396367473617
208,0.8894694050867751,0.2805196178494869,1.8064649348560518,0.2635439425678592,1.8116622124361699,0.24763617539363603
209,0.8897462565038413,0.27884313186576304,1.8080352691539292,0.2614055595740367,1.813190376271379,0.2456268672647625
210,0.8903825263015008,0.2771747637543068,1.8176971474796886,0.25928664729003936,1.8228104892751396,0.2436358545748442
211,0.8904447189927606,0.27717476375430683,1.8029779073649572,0.2652847519302115,1.816147583327676,0.2416629546068725
212,0.8902224126855185,0.2771747637540743,1.7964820995651165,0.27122833891473425,1.8176348844752974,0.23970798661700674
213,0.890480565767381,0.2771747637540743,1.7900452805956502,0.26903639044792443,1.8191086793485522,0.2377707718117633
214,0.8910303990102426,0.2771747634897404,1.79174034663204,0.26686432949451977,1.8205691062628109,0.23585113332548505
215,0.8912685675654693,0.2771747634897404,1.785354632637849,0.2647119580880951,1.8220162907772819,0.23394889619808712
216,0.8918176677894195,0.2754548402094997,1.7709694000990521,0.26257908039349875,1.823450405411038,0.23206388735307576
217,0.892224351100469,0.2754414176516349,1.780862235729584,0.260465502682286,1.8168222063565078,0.23019593557583665
218,0.8932881074723913,0.2754414176516349,1.7906656326610473,0.258371033308453,1.8424189488486755,0.22834487149218896
219,0.8935309575357223,0.27544141492705854,1.776280826734368,0.2643286998660046,1.851718073912681,0.22651052754720222
220,0.8931797502736302,0.2754286505194949,1.778076215154471,0.26220741236117007,1.860933258226455,0.22469273798427195
221,0.8933302361299534,0.27542865050599324,1.8119240823667166,0.2761395854051173,1.8780826086994895,0.22289133882445128
222,0.893280972923819,0.27542865050599324,1.813430411287655,0.2739279410385977,1.8870682174615687,0.221106167846035
223,0.8931906639856643,0.2754286505059932,1.798920885285319,0.271736202905981,1.8799707081206105,0.2273382130573383
224,0.8903379371076985,0.2754286505059932,1.8005281410812892,0.2695641743105928,1.8649438235010158,0.22552106431416613
225,0.8899919914419485,0.283037202041113,1.818091187658875,0.26741175360168656,1.8580371259610184,0.22372030916532976
226,0.8912608353053242,0.28303709866151416,1.8115651261667884,0.2652785616372243,1.8511989135743154,0.2219356517620155
227,0.8915642817412017,0.2830370944573736,1.821036010660349,0.2631645016485769,1.8364464673576582,0.2201670004298129
228,0.8916659528911786,0.2830370944573736,1.830422028994206,0.2610693852076775,1.8218260715121326,0.21841419752723912
229,0.8920248445101197,0.2830370944573736,1.831770730984154,0.25899302589487444,1.8152898542697993,0.21667708709307879
230,0.8914878804575506,0.2711038764555061,1.8172166970056647,0.2648805753010321,1.8088121024198243,0.21495551571428667
231,0.8916044769326634,0.26954360297181923,1.826604914879206,0.2627781136370066,1.818267042686497,0.21324932895164278
232,0.891223720927072,0.26954360297181923,1.8200503832516088,0.2606944247720235,1.8117786258932183,0.2115583766647432
233,0.8909511733987562,0.26490571031137966,1.8373189320417107,0.2665508603054564,1.8053481132636013,0.20988250942390338
234,0.8905852534180217,0.2649057102931345,1.830692709736268,0.2723550967360137,1.7910612777456492,0.20822157938607916
235,0.8910800739065434,0.2633740151085535,1.8320312038193893,0.27020193673374066,1.784807377881119,0.20657544027681626
236,0.8916549797365103,0.2618494639166598,1.8412555956491896,0.26806793405682544,1.7786091208850483,0.20494394737241836
237,0.8911166901227604,0.2603320552000864,1.842508075169733,0.2659529014111483,1.7961357013946562,0.20332695748233057
238,0.8913474269369529,0.25882150766120954,1.8437494307595004,0.26385665348518367,1.8056260580967995,0.2096063558426735
239,0.8915386954454426,0.26160666089292484,1.8371056219881563,0.2617790071111196,1.8229048843559166,0.20795588493691258
240,0.8911272566194465,0.26009446839160427,1.8383869945497084,0.25971978050676015,1.8164316856248748,0.2063200460072713
241,0.8914206899226643,0.2585896382937594,1.8475154330840775,0.2576787943595736,1.8257326581159774,0.20469869720216258
242,0.8913184142282065,0.2585896382937594,1.848712522596464,0.2556558710662127,1.8271007546488933,0.20309169743440889
243,0.8913184103053124,0.2623381757242105,1.8577417202883555,0.25365085693115935,1.8127713239233023,0.2014991620369907
244,0.8898726377356556,0.26087441204531814,1.8745260490038687,0.2516635338329019,1.8220731147789173,0.19992044101928758
245,0.8899310329337292,0.26087441204531814,1.867681093930208,0.2496937519324919,1.8312928026422255,0.19835565465455643
246,0.8904969844459204,0.26087441204531814,1.8687157248645458,0.24774134099188147,1.8326119617344416,0.19680466770641603
247,0.8907941642527033,0.2608744120453182,1.8619298328265228,0.25361753949800736,1.8339194978174382,0.195267346360192
248,0.8913583464400587,0.26358588741677536,1.8630072770369248,0.2516384098784743,1.8196083246845747,0.19374355820691797
249,0.8893002910267928,0.26208976724167216,1.8640752448701394,0.249676687229718,1.8054230617290112,0.1922331722274139
250,0.889611564171544,0.26208976724167216,1.8573458200967647,0.25552021106514033,1.8069384284479426,0.1907360587767838
251,0.8898807747553494,0.2620897589079714,1.8506754778147865,0.26131243037478846,1.8006602675894463,0.18925208956887057
252,0.8903783019815669,0.2605801759387564,1.8518360948061177,0.25928139325978034,1.817754519931867,0.18778113766101098
253,0.8898623360083566,0.2648402376693928,1.8762805763964903,0.2572681565181992,1.8269517956118715,0.18632886010330196
254,0.8901150893087486,0.26331173395836416,1.8927540938638514,0.26302946653927617,1.8127802810439602,0.184883522410634
255,0.8913079687168334,0.26331173395836416,1.8858359951042774,0.2609912078085643,1.8297294076711204,0.18345082949346242
256,0.8904173823964864,0.26331173348247044,1.8867197865794292,0.2589707653340604,1.823306128955872,0.18203065963025603
257,0.8911055121433568,0.26331173348247044,1.8875958597425095,0.25696796775202163,1.816938997619361,0.18062289236936804
258,0.8909575792947455,0.26331052574063796,1.9193680980551069,0.25498264548512745,1.8106273658745453,0.17922740851482868
259,0.8903066897446389,0.26331052574063796,1.9122722034077986,0.2530146307225073,1.8120889874640702,0.17784409011230665
260,0.8890342377965244,0.263310525740638,1.9129486299746132,0.25106375740000636,1.8058273624480923,0.17647282043523776
261,0.8895356755510848,0.2617268462283058,1.9059163608720315,0.2491298611806854,1.8304315209758009,0.17511348397111853
262,0.8911944802404498,0.26172684622830583,1.9066403448466265,0.24721277943555262,1.8163461486404737,0.1814610766450382
263,0.8917193662343544,0.26618784238679755,1.915045458603996,0.2529997701977272,1.8023831348071717,0.18006610932730338
264,0.8910169330988221,0.2661878423867976,1.908018151606087,0.2510567989072164,1.7962210446451856,0.1863629846503475
265,0.8915009213493644,0.2661878423867974,1.9087238418198629,0.25680273570793993,1.8054599197994405,0.18493319674355746
266,0.8919088067151606,0.2661878423867973,1.9094234180102352,0.2548344990609812,1.7992865598561796,0.18351579636397639
267,0.8914590650567201,0.26618775478889845,1.902460207792931,0.2528832999248676,1.7931670428128927,0.18211066532933218
268,0.8923007638320546,0.26618775478889845,1.887908141631137,0.25094897588663256,1.7871000463852742,0.1807176866800099
269,0.8903078519717084,0.26451947079056476,1.8887646840069934,0.24903136621227662,1.7734440787658892,0.17933674466548113
270,0.8914571794739355,0.26451947079056476,1.8743462417130077,0.24713031182814518,1.7904411500985336,0.1779677247308936
271,0.891624004377039,0.26451947076717913,1.8753044980020572,0.2528718202665772,1.7996654567818635,0.17661051350381904
272,0.8924421974541161,0.2645194707671791,1.861017410775619,0.25856384813967925,1.8011917140358058,0.17526499878115753
273,0.8913859247435177,0.261157705580063,1.8620751972382656,0.2565959373400723,1.8179266929829694,0.1739310695161962
274,0.8927486342278509,0.261157705580063,1.8631238837534034,0.2546449561246594,1.8269143754893171,0.17260861580582024
275,0.893971303862726,0.26588487973029845,1.8565678353435158,0.25271074402473803,1.8206333644101604,0.17129752887787475
276,0.8942339843405226,0.265884868246045,1.8424799585405751,0.2507931422216554,1.806818165354653,0.17758582943996382
277,0.8929850689849634,0.26588486824604507,1.858835136240919,0.24889199352859936,1.8082825889646448,0.17623963207366317
278,0.8926557039822728,0.2658848605535295,1.8599041732672617,0.2470071423726036,1.8097349803142209,0.17490497494172075
279,0.8935828371604518,0.2658848605535295,1.8685294531313843,0.24513843477676361,1.8111744111100039,0.17358174901357834
280,0.8943862745988118,0.26588486055352956,1.861965248734863,0.24328571834266177,1.7974858493814374,0.17226984637639922
281,0.8944735578493025,0.26588486055352956,1.8630074502197245,0.2414488422329981,1.799014888607103,0.17096916022276917
282,0.895041609353201,0.2641176533773751,1.856498012127157,0.23962765715442477,1.830701824335801,0.16967958483854162
283,0.8950384917344225,0.2690149840699364,1.8425089322445565,0.23782201534058153,1.8244424465133717,0.17593621346942231
284,0.8955156416267893,0.2690149840699364,1.8512221389180732,0.23603177053532956,1.81070865232436,0.1821394907855274
285,0.8964107552225834,0.26901498406992913,1.8448208270974868,0.23425677797618144,1.8121322081309128,0.1807697758520755
286,0.896762049111095,0.26901498406938407,1.8309613778923013,0.23249689437792467,1.8210562147848268,0.18692434626463678
287,0.8967793368679635,0.26901498406938407,1.8397351498658547,0.2307519779164364,1.829908980530932,0.18552145712186865
288,0.8967035926284226,0.2690149840693841,1.825941522313239,0.229021888212687,1.8536771054339303,0.18413048849100663
289,0.8970509992166393,0.26716585832642176,1.819755119501624,0.22730648631693032,1.862263331680427,0.18275132865834143
290,0.897027681522712,0.2722011997557724,1.8061385549232474,0.22560563469307776,1.8558114569804747,0.1888665027225111
291,0.8965125365027486,0.2703316194193131,1.8150628563990094,0.22391919720325476,1.8643644581568803,0.18745469600413586
292,0.8967804531188309,0.2703315343422817,1.8015085380792824,0.22971472445227034,1.857909656352304,0.1935225286749061
293,0.8979302646380916,0.27033153433956963,1.8029893283326044,0.22800100174741475,1.8515094603810172,0.19207880776375416
294,0.8977703223834935,0.2684514691354285,1.811910367468609,0.22630176388113607,1.8377105956598083,0.1981000544788793
295,0.8975638344620734,0.26845146913539125,1.828201385944872,0.23206219164070765,1.8240287474910817,0.19662513699849685
296,0.8965269249815689,0.2684514691353427,1.8294792024377269,0.23033614223409596,1.8327754738247568,0.19516266394917456
297,0.8974048823313978,0.26845146913532236,1.8233158068902255,0.22862464332092,1.834018025653941,0.19371251946033416
298,0.8968968889083367,0.26845146913532236,1.817204322625324,0.2269275595305552,1.8205649510438844,0.20712061562807652
299,0.8974849921600979,0.26653695833592744,1.803728672982236,0.2252447568602551,1.829311163741673,0.20558469321400677
300,0.897457763376224,0.2665369583359275,1.8051826867347573,0.2235761026603041,1.8231674755352683,0.20406168434774477
301,0.8971236391892262,0.26653695833592755,1.7992237086402285,0.22192146561934178,1.8318769514712858,0.20255146917919453
302,0.8953257612147988,0.26653695814496187,1.8154948854853157,0.22028071574985725,1.8405133312709754,0.20105392906655975
303,0.8956534741893152,0.26653695814496164,1.8168576385938784,0.21865372437385036,1.8416912983723837,0.19956894656325677
304,0.8960899799885628,0.2665369472833855,1.8108303657440816,0.21704036410865896,1.8428596138665967,0.19809640540497878
305,0.8958595120955257,0.2645760083583487,1.8195960130793494,0.21544050885294933,1.8587603998712279,0.21874989172865808
306,0.8960984327050809,0.2645760083583487,1.8209244838999985,0.21385403377286805,1.8524366031933936,0.22450291299045458
307,0.8960984182730339,0.25730936001567867,1.8516678780464948,0.22699382730656018,1.8682351662268197,0.2302158491983258
308,0.896009628770316,0.2554967040518518,1.8601071467123498,0.23267476807883994,1.854506868855411,0.23587311083817336
309,0.8960306468168557,0.25192501158487113,1.8611342131398287,0.23096651467490187,1.8482333898521384,0.23414137581673675
310,0.8960712856908009,0.25192375128595773,1.8841561287135205,0.22927249780312148,1.856681036479269,0.2324240730225472
311,0.8960918884133932,0.25192365786670695,1.892332071591474,0.2275925863981658,1.8504044185519282,0.2307210695886503
312,0.895226302544071,0.2519236578667062,1.878480550374684,0.22592665070611415,1.8441797341503632,0.22903223397753056
313,0.8946164272839856,0.2519236574047964,1.8793691612438232,0.23158706139604474,1.8526316707040578,0.23466993509250417
314,0.8945629023945278,0.25192365740479633,1.8656400119115768,0.22989527384579136,1.8537082244879401,0.24026081684487838
315,0.8951108936536845,0.2519236574047963,1.8666205561561153,0.22821752371479437,1.8693716230749873,0.23850742013431647
316,0.8950783630525421,0.2500962395838834,1.8675929715960402,0.2265536822912131,1.8776145761140228,0.2367685592484762
317,0.8952364804981612,0.2500962395838834,1.8831239478083686,0.2249036221462164,1.8785059467959753,0.2423274085642586
318,0.895263329514235,0.24972021374584202,1.8766983133389576,0.2232672171202351,1.875776285702064,0.24056422758245222
319,0.8962187523675911,0.25521760232410867,1.877594563151179,0.22164434230937138,1.8621417265216196,0.23881562503178314
320,0.8962187519875972,0.2513876882831675,1.8639604290354719,0.2272963636979372,1.8558812919515357,0.2370814690076217
321,0.8950497503295913,0.24970826637276794,1.8576930592038943,0.22564750302701725,1.8642122468410582,0.23536162490765142
322,0.8953683075421754,0.24970826637276797,1.8587243550285575,0.22401223965605582,1.8651962982315298,0.2336559634712146
323,0.8954436263637174,0.24803257467684084,1.8525074152170613,0.22963018815404118,1.8589325032471697,0.23196435538651153
324,0.896051921729187,0.24803257467684084,1.8608066581177947,0.24243439210923678,1.8527202718355553,0.23028667262394373
325,0.8959128437298023,0.24803257442924537,1.869037641623763,0.24068273731161166,1.8465591378391442,0.22862278842244355
326,0.8959337159709652,0.24803257442924534,1.8627648828457883,0.23894547682844378,1.8476666819493834,0.2269725772759593
327,0.8970596904604701,0.2480325744289638,1.8925978126863754,0.23722247984033643,1.834343457881715,0.22533591492009383
328,0.8964095250184849,0.24803244844725272,1.9221860191143498,0.23551361682113878,1.8211295570581878,0.23091630851594794
329,0.8963073062987065,0.25324174194177324,1.9083531416589046,0.2410151896916677,1.8296132158773137,0.229254535427183
330,0.8969337887109105,0.25324174194117344,1.9090120126744634,0.2392824742917983,1.8308381669169043,0.2347956074963472
331,0.8973762228650236,0.2532416346963068,1.9096654931026413,0.2447459868832322,1.8536057061659057,0.23310929330662822
332,0.897991497581656,0.2532416346963067,1.9031387585092485,0.24298996545415,1.8546560666655478,0.23861163690730208
333,0.8971184639276061,0.2532416346963067,1.9038330310179434,0.2412482858069854,1.8556978486588533,0.2369013398141635
334,0.8972351233374285,0.253241634696306,1.9260032517034094,0.24668135615417833,1.8567311296816174,0.23520499881027726
335,0.8976057722493657,0.2532416346162883,1.9193791977631116,0.24491675046167646,1.893522908901439,0.23352248787278224
336,0.8975281344484407,0.2532416346162883,1.9128091015858302,0.2503127498310241,1.8871375877386696,0.23185368221716682
337,0.8976808014422573,0.25839721845368463,1.9062916908649656,0.24852653083578358,1.8879441125341057,0.2516149380643765
338,0.8976923093909859,0.2583972184536803,1.9212239198680516,0.24675405132868566,1.8887481808397768,0.24982043218245317
339,0.8977658447307482,0.2583972184536803,1.9075355366312883,0.25924562100233617,1.8966709285333663,0.2480405054489144
340,0.8982313604422845,0.2583972177587958,1.9081936712406484,0.2574003876089799,1.883170993094433,0.24627502674269863
341,0.8985022678433509,0.25839721775868174,1.9159570574016533,0.2555701192231284,1.8840017161759974,0.24452386622635694
342,0.898559731834896,0.25839721709431046,1.9165540549355855,0.2537546814694538,1.8919291924714765,0.2427868953325325
343,0.89836602683662,0.2565276516965623,1.9100498371321581,0.25195394128612364,1.8856007265681094,0.2481603688661943
344,0.8970915791552094,0.2565276516965622,1.903598230577061,0.2501677669109854,1.893501025391442,0.24640108822334747
345,0.8976128860916063,0.2565276516965622,1.9042809675292172,0.24839602786790593,1.9155018835076763,0.25173822910006166
346,0.8977759167115301,0.2565276516965622,1.8978830667654203,0.24663859495326393,1.9160997182332293,0.257032274565423
347,0.8977176242944234,0.24852615686630147,1.9056728879724285,0.24489534022331907,1.9166927298946976,0.25521555767818466
348,0.8985267959335319,0.24852615575306997,1.9133999194125644,0.2431661369781008,1.9455249169184818,0.2534134834934947
349,0.8977788113231693,0.24852608034780518,1.9069568591291368,0.24145085975271444,1.9670718896741186,0.25162592218975377
350,0.8970565217412781,0.24852607949159486,1.900565642163967,0.2397493843015136,1.967303934196615,0.2498527442854377
351,0.8970855715159519,0.24852607949159486,1.894225806350327,0.23806158758606205,1.9534544341109081,0.24809382155710574
352,0.8970944417544104,0.24851523307132886,1.8949696952284458,0.23638734776250797,1.9678473823000266,0.24634902702624314
353,0.897261216164377,0.24851523306991882,1.9027333861296778,0.23472654416909922,1.975099059772695,0.24461823494624998
354,0.8968823584623978,0.24676721949782165,1.9104348258175818,0.2330790573138379,1.968255232857548,0.24992007046312964
355,0.8961539600613037,0.2450560371934163,1.9391097707616556,0.23144476886227236,1.9895130221466868,0.24816769729979402
356,0.8963775816315778,0.24163929677500837,1.9255268377411634,0.22982356162542536,1.9755770286137664,0.24642935052794063
357,0.896735760948174,0.24163929677500123,1.93304570542619,0.22821531954785645,1.9827456634285234,0.24470490570660006
358,0.8968894894683042,0.2452344321102036,1.9265230339945094,0.2266199278233987,1.9968477448398283,0.24299424010784892
359,0.896085757838236,0.24523443211020357,1.9270361782792431,0.22503727237242863,2.003853502894875,0.24129723065967404
360,0.896514132216114,0.24351965211760648,1.920568466329275,0.22346724059825018,2.003826617917453,0.23961375700589646
361,0.8965653411595631,0.2378524254517466,1.9350616674064578,0.22190972086282693,2.0037999471942176,0.23794369944213048
362,0.8956648193792379,0.23634906101624895,1.9494394689231125,0.22036460260393215,2.0107363125103346,0.2362869394175245
363,0.8958634681000384,0.23634833645385056,1.9567470254529793,0.21883177632398498,2.0106940118212338,0.23464335952280593
364,0.8956471594349381,0.2363483364537117,1.963996498512,0.21731113357901008,1.9967218761817795,0.23301284347843298
365,0.895638646012131,0.2363483364537117,1.9642464336135286,0.2158025669677196,1.9828606998157623,0.23139527612289013
366,0.8957533480158075,0.2348282228880512,1.964494385597951,0.2143059701207159,1.9829795613426477,0.2297905434011108
367,0.8960784810201914,0.23482822288805116,1.9647403719190608,0.2128212376898136,1.9830974805832962,0.22819853235302795
368,0.8963792640219711,0.23481595467643854,1.971905581680096,0.21134826533747977,1.9832144658388384,0.22661913110225113
369,0.8963136256090949,0.23481595467610594,1.9859283418362843,0.20988694972639046,1.9902447793962994,0.22505222884486845
370,0.8958748875644404,0.22989391004618295,1.9722108529973639,0.21534453181547608,1.9834048187476645,0.22349771728842932
371,0.8960987413677265,0.22859354885348906,1.9793030497382544,0.21385855992020525,1.9835193327905,0.2219554848307583
372,0.896097495225135,0.22406983767998598,1.9794457249577933,0.21238431694955776,1.9836316458673118,0.22044349445719966
373,0.8957369434641704,0.22630180725328333,1.9727006227754325,0.21780835232715265,1.9768197402244656,0.2189634342750296
374,0.8957369434641704,0.21930345980220733,1.9797682053061003,0.21630988115110672,1.9769792150598233,0.2174570164018696
375,0.8962954712802892,0.2182160225121748,1.9661614706861188,0.21482320652898965,1.97713743481045,0.2159624576421608
376,0.8971693457036236,0.21711897306585526,1.9869918768091244,0.2133482253810453,1.970428386386012,0.2144796543694942
377,0.8975776620767323,0.21711897306585504,2.0007994230949233,0.2118848356097848,1.9637752333959981,0.2130085039449372
378,0.8980458049919424,0.2160201190399255,2.007646250210706,0.2104329360899008,1.957171159371333,0.21154890470689441
379,0.8979973067601423,0.2160201190399255,2.0075939081403553,0.20899242665829254,1.9574643423341456,0.21010075596107977
380,0.8976635273213722,0.21491955982539857,2.014380590425256,0.20756320810420004,1.9645938414842794,0.21550257206272214
381,0.8968881805373141,0.21491955982536884,2.0074505665148745,0.20614518215944638,1.9648357285315599,0.2140303061388274
382,0.8978539244710122,0.2149195598253688,2.014224667299029,0.2047382514887869,1.971900673497617,0.21256955988706952
383,0.897774615021732,0.21381097173386807,2.0277639396682234,0.20334231968036376,1.9652741498687647,0.21112023320780401
384,0.8979763455443049,0.21270738324343177,2.013952202206129,0.20195729123626488,1.9655107513964816,0.20968222695029087
385,0.8975431470188951,0.21565978656651955,2.0274662770815386,0.2005830715631922,1.9793544943463781,0.21505999717666424
386,0.8976058616344522,0.2156597865665195,2.0272795694254366,0.20601727222000463,1.9794948407961972,0.2271934932169349
387,0.8971743550453364,0.22373065020975585,2.020303404164906,0.20461822845490946,1.9796340871372273,0.22565064480536928
388,0.8974280048807738,0.22257873176710694,2.0065974164996665,0.2100141965691441,1.9797727413408432,0.2241198029783546
389,0.8974407574185552,0.2265836798484742,1.9929980181468332,0.2085908583871005,1.9866871706637221,0.22937822723624757
390,0.8965120969401782,0.22658367984847422,1.9930454255463212,0.2071785796408159,1.9732361686001323,0.22782520618014251
391,0.8977871984903674,0.22540893943244855,1.9863286633474702,0.20577726484056136,1.9869447969655032,0.2330480432554774
392,0.8981906960185974,0.22540893943244839,1.9864210411316647,0.21114386053604436,1.9937931461868543,0.2314733280396954
393,0.8980987437329448,0.22540893333128414,1.9797624155317874,0.20971857877866287,1.9938371132172508,0.2299108165324331
394,0.8988535543191913,0.2242261063459632,1.9731553479411295,0.20830433303597912,2.000622213456662,0.22836040361541107
395,0.8990039682180607,0.2242261002083004,1.9800729953961445,0.20690102832342522,1.9871532540019496,0.22682198515870586
396,0.8997043427972233,0.2218706217369714,1.986937172430802,0.20550857054884525,1.9872397296329967,0.22529545801072964
397,0.8993993040836453,0.22187045982686074,2.0071950190342394,0.20412686650345405,1.9941412111853682,0.22378071998831855
398,0.8982724905841581,0.22187045982685552,2.034013173929984,0.202755823852894,1.9874639455360232,0.22227766986692837
399,0.897787234628854,0.221870459826284,2.027075041682144,0.2013953511283885,1.9875480625289343,0.22749611438447068
400,0.8980908948560247,0.2218704598249645,2.013487151329563,0.2067485581783475,1.9876315303730492,0.23267436278615586
401,0.898168959922102,0.22187045982496445,2.006700334002073,0.21206056694269054,1.9877143558374564,0.23111625877373873
402,0.8978359474926322,0.22067232432311906,2.026724932428413,0.2173317300375457,1.9944863518882914,0.22957013550238253
403,0.8973560954214398,0.21947885575699555,2.0265463264714576,0.21587927579003555,2.007889442252995,0.2280358905103866
404,0.8975581735299637,0.21595503726701742,2.0130162090579793,0.2144379704961854,2.007836768855956,0.22651342229301075
405,0.8984209652871665,0.2159550372670174,2.0262689301790795,0.2130077189593003,2.001114743333614,0.23167239840141926
406,0.898478326144687,0.2159550372670112,2.019430795952174,0.2115884268704746,2.0011073156902954,0.23012874165575348
407,0.8985495761063993,0.2159550372670112,2.019301455987789,0.2101800007996609,2.0010999449077347,0.23525334495972322
408,0.8988940354714222,0.21595503726689344,2.0125233165939407,0.2087823481868344,1.9944428449468117,0.23368895990401783
409,0.8992455645663483,0.21595503726689344,1.9991538377730038,0.2073953773332527,1.98783661959552,0.23213653088400965
410,0.8979215402006309,0.21476581633249356,2.0057959558321032,0.20601899739280938,1.9879173419000116,0.23059595621614012
411,0.8976495228460888,0.21476579110955518,2.005757529402375,0.20465311836348019,1.9879977295759477,0.22906713516162736
412,0.8987652442227244,0.21476579110955515,2.005719395887442,0.20329765107886116,1.9947004662871648,0.22754996791699475
413,0.8987768843100378,0.21476579110955518,2.005681552802049,0.20195250719979735,1.9947356741059534,0.2260443556047011
414,0.898968670614781,0.21715908813401766,1.9990339827842354,0.2006176045931876,1.9881604568597842,0.2245503070137444
415,0.8995431732787227,0.21715908813342283,1.9990403617850296,0.19929284573987333,1.9882386381453108,0.22967091369313583
416,0.8996880369861131,0.21715908813342286,1.9990466923290018,0.19797815015604048,1.9883166327521462,0.23475262269330494
417,0.8994563764862934,0.21715908813342288,1.999052974825985,0.19667343272959376,1.9949838377859046,0.23320555379963853
418,0.8992724738390625,0.2171590878329478,2.0056428319662727,0.1953786091351556,1.9950291248375802,0.23167021651883274
419,0.8991325628029565,0.2171590876215076,2.018759802729055,0.19409359582621774,1.9819077379884558,0.2301465117856023
420,0.8998438778903973,0.2171590876211594,2.01863654204182,0.19281831002737687,1.975456148504944,0.2286343414489997
421,0.9004086979675991,0.21591301378738703,2.005386411596429,0.19155266972665272,1.9756172519166628,0.24026141029148998
422,0.9004086976991236,0.21579137045069538,1.9922364107790076,0.19685393355703562,1.9692197969968857,0.2386859353900162
423,0.9012536372298736,0.21579137045069313,1.9857364820620387,0.19556438549986335,1.9825230042435977,0.23712235482703314
424,0.9013872797448808,0.2157913704260075,1.9923740647489139,0.19428456545664394,1.9891816171135825,0.2486590471458777
425,0.9020273988754424,0.2157913704260075,2.005499316512016,0.19301439167051757,1.9892523448469845,0.24703338942764613
426,0.9027601587639168,0.21579137042600746,1.9989322361559643,0.1917537831358726,1.9827913761189853,0.24541997399079954
427,0.9038895805254599,0.21579137042600743,1.9858899318813124,0.19050265959089288,2.0090021982067654,0.24381869811062234
428,0.9030767010055741,0.21579137042600743,1.9859819029159458,0.18926094151018424,2.002425406703284,0.24222946000492362
429,0.9031826006013953,0.21579137042600743,1.9860731831469909,0.18802855009747915,2.008921212928916,0.24065215882469992
430,0.9032275540995892,0.20639636872873138,1.986163778357225,0.193310498225652,2.002358089427717,0.2390866953923938
431,0.9030323068207475,0.20639636872835854,1.97325651606099,0.1920542527274695,1.9958441760724412,0.23753296919790942
432,0.9027885109561367,0.20639636872835848,1.9734301372663745,0.19080741851044017,1.9893790623042065,0.23599088288915793
433,0.9016017541355861,0.20531008392478725,1.960631249062692,0.18956991697854847,2.008904761099944,0.2344603392584771
434,0.9016398146539928,0.20531008392478722,1.9479280789151392,0.1948207928085846,2.008847067328276,0.23294124198616886
435,0.9012961750820951,0.20770661704715773,1.94179247539101,0.20003243332339377,2.0022864140649124,0.23146431987566105
436,0.9009180646694248,0.20770661704715773,1.9292365010442512,0.1987389881519047,2.021670161484344,0.22996763055412908
437,0.9016815528595743,0.20661088678710923,1.9296936130313718,0.19745519106536882,2.0150704641179087,0.2349418196733638
438,0.9018007038947825,0.2066108867871092,1.9301473182734759,0.2026342196364069,2.0149732105273785,0.23342567953629748
439,0.9023273710582257,0.20551479129467864,1.9370444528829207,0.20132787576945813,2.014876681120636,0.23192082904560668
440,0.9025879928330841,0.205514791294651,1.9438902737462784,0.20003125092370977,2.008340506323624,0.230427174438475
441,0.9025270333939398,0.20550841918766768,1.944251279632673,0.19874426444439997,2.021154735179348,0.22894462280417568
442,0.9030021750611766,0.205508419187655,1.944609604329605,0.1974668364091948,2.0210187632179233,0.22747308207570677
443,0.9026790847245154,0.205508419143262,1.944965270052239,0.19619888762100307,2.0208838003243006,0.2260124610215139
444,0.9030343007798074,0.2055084191432618,1.9581476072308464,0.19494033960086649,2.0143380449807915,0.22456266923730006
445,0.9025635445849267,0.20438814099759595,1.9520075647634882,0.20009935734124754,2.0334708915888253,0.22312361713792125
446,0.9027741168283241,0.20438814099759595,1.9523148045456895,0.19881835372754922,2.039658457666719,0.2216952159493673
447,0.9028501701415819,0.20438814099731903,1.9590152113911146,0.19754682305775242,2.026613946253458,0.22027737770082645
448,0.903322705241224,0.20438814099731903,1.952888018284958,0.1962846871520802,2.013665822995027,0.21887001521683316
449,0.9028970656489002,0.20438814099731878,1.9468060571057302,0.2014145295239991,2.0135785990233646,0.21747304210949822
450,0.9027827905700622,0.20881931304641954,1.9471452366605817,0.20013025378229754,2.01986829956962,0.21608637277082188
451,0.9027576596125608,0.2088193130464195,1.9411120082409288,0.19885544239327674,2.007001923477305,0.21470992236507716
452,0.9023374051410401,0.20881931304641949,1.954213827826457,0.19759001749388183,1.9942302830600853,0.21334360682129347
453,0.9026469020554997,0.20648185524825488,1.9481477174893933,0.1963339019224376,1.9879097814714335,0.22470170549832633
454,0.9026432193389943,0.20511134098704692,1.961178675044559,0.20143784854705143,1.98163573636167,0.2232810769535089
455,0.9028965746671108,0.20399533015583862,1.9614249761518694,0.200159830210266,1.994441207418621,0.22820895437744682
456,0.9030156854102814,0.20399533013153842,1.9680076083616684,0.19889118951008036,2.000814578600996,0.23943881118907576
457,0.9028609233352849,0.20289126444052671,1.955546571094583,0.19763184959998556,1.99447761749338,0.23792273171014652
458,0.9018394045882862,0.20068408699098875,1.9495022853751383,0.19638173432315892,1.994512549436249,0.23641775747539037
459,0.9021041115172745,0.20067551272606093,1.9561405405811736,0.19514076820577284,1.9882280730642807,0.23492379762425383
460,0.902460963919028,0.20067551272598286,1.9564174181754923,0.1939088764503732,1.9819895508605048,0.23344076211044812
461,0.9007130493384033,0.20067551272598283,1.9503857461206673,0.19268598492932643,1.9757966074665358,0.23196856169406016
462,0.90037754378551,0.20324140072711278,1.9443981036044835,0.19777224357775378,1.9696205942799343,0.23053546494489466
463,0.9010115674818107,0.20324140072711278,1.9321602051937683,0.19652747964752929,1.969811800022969,0.22908449171321302
464,0.9023943750918199,0.2021232190985592,1.9200114860095931,0.19529178648099285,1.9700016124221742,0.22764409192038412
465,0.9021619477315254,0.2065051235150627,1.9079512198422934,0.19406509021255372,1.9702433310818894,0.22622584624028574
466,0.9024170138419829,0.20650512351506228,1.9148039054831332,0.1928473176356769,1.98925527486827,0.2248062625767302
467,0.9026054772631597,0.20650511978821293,1.9153379828374684,0.1916383961965245,1.9830538309983188,0.2233969968746365
468,0.9030025632326961,0.2053574655493376,1.922130716939724,0.19043825398766293,1.9831599569788736,0.2219979653099639
469,0.9033544683108592,0.2053574655493374,1.9351304403164815,0.18924681974183483,1.9770117655353705,0.220609084804939
470,0.9024309673283429,0.20307633948972237,1.9355358765359285,0.18806402282579548,1.9896554924667122,0.2192302730208704
471,0.9036458568786333,0.2030763394897224,1.9296946002848436,0.18688979323421268,1.9897200812523472,0.21786144835103793
472,0.9030658674737247,0.2019428788174317,1.9238955975561602,0.18572406158362953,1.9897842026066628,0.21650252991365482
473,0.9034549417071237,0.20081613253702651,1.9243698269732779,0.1845667591064894,1.989848056295451,0.2151534375449024
474,0.9035255309435932,0.20081613205555088,1.912390485234145,0.18341781764522236,1.9774611078332291,0.22003916431771361
475,0.9036119158579788,0.2052973857172658,1.9004976145852146,0.18227716964639243,1.977600573255196,0.2186733081980376
476,0.9043440342224992,0.20529738571719305,1.8949031517472872,0.1811447481549051,1.9777397327953856,0.21731477078878073
477,0.9043246108069211,0.20529738571719305,1.8831425768986216,0.18622691210120873,1.9716714641994861,0.215966022898829
478,0.9049009983180273,0.20529738571719305,1.890067340830491,0.18507226390942708,1.97184710740953,0.21462698561891702
479,0.9036727671965326,0.20412874410093942,1.8907482664528759,0.18392592170829486,1.9658274622788305,0.21329758073717217
480,0.90265672170971,0.20747647178635856,1.885236464117264,0.18897565256959903,1.9784145841029308,0.21197773073244622
481,0.9011841928609208,0.2063032446352649,1.892127541211436,0.19398912055944292,1.9847296667521308,0.21066735876771545
482,0.901227898417016,0.20473570583004702,1.9051446456464318,0.19279114644528492,1.9848239682464253,0.20936638868355031
483,0.9005614492481742,0.20473073922021104,1.9304070295514477,0.19160176036604015,1.9911424019986281,0.2080747449916413
484,0.9005588399970372,0.20473073922021107,1.9246728081968019,0.19042089342180787,1.9973601252331457,0.20679235286841247
485,0.900956613706177,0.20473073922021104,1.9251365956051354,0.18924847731895628,1.9912194069068823,0.20551913814867873
486,0.9000901892895677,0.20464701487014264,1.931747884859039,0.20038608051062023,1.979444852060197,0.20425502731937864
487,0.9010195358733141,0.20464701486864206,1.9321672716058678,0.19915477410727256,1.9734264863479052,0.20299994751336897
488,0.9017196627490854,0.20464701486864206,1.9325836647579784,0.1979322568046131,1.9613125511640703,0.20175382650328272
489,0.9019375407556248,0.20246043862253976,1.9268646949685613,0.1967184583650806,1.9492850542216296,0.2005165926954495
490,0.9022227641349968,0.2067202420001716,1.9150602132669627,0.1955133091669034,1.9434694834234199,0.20541443906572215
491,0.9023420794443343,0.2067202420001716,1.9033397752361685,0.19431674019825618,1.93157517705816,0.204157273788609
492,0.9019176452385727,0.20985171221036164,1.8978167344788694,0.19312868305147562,1.9381075517031643,0.2029090513868451
493,0.9016735645006968,0.20976360125241622,1.89233294825246,0.19194906991733526,1.944593498091076,0.20777761330748876
494,0.9024460320912661,0.20976360125241622,1.9051935275737575,0.1907778335793784,1.9388297700874002,0.20650979423952198
495,0.9012974671828531,0.20976360125209528,1.911867149320865,0.1896149074083083,1.9452983550914544,0.21134667968608353
496,0.9012974671828531,0.20944051354660204,1.912403844574685,0.1884602253564358,1.9334522343045253,0.21005965947711408
497,0.9013482979900292,0.2094359730664912,1.900769678723695,0.18731372195218263,1.9277744705972772,0.20878175527090143
498,0.9014257013297063,0.21149497107629348,1.895295233524112,0.18617539539664324,1.9228357104350244,0.20751385629543032
499,0.9016441365070744,0.21575634698335566,1.895930933920834,0.18504505626535872,1.9172333421168906,0.2062539626239744
500,0.9019933836484416,0.21575634698335464,1.9086927579081334,0.18998800786195322,1.91167033404764,0.20500296910378774
501,0.9026017665795799,0.21575634698312426,1.9274237437628676,0.19489606842620688,1.90008705680877,0.20376080602721722
502,0.9025574699805777,0.21214313803943222,1.9339162496003042,0.19371632586290502,1.9006918486481155,0.20252740412018094
503,0.9027628547663235,0.2161879659840199,1.9343158671548242,0.19859203446235993,1.9133866546261804,0.20130269297003814
504,0.9027505749537387,0.2161879659832597,1.9286715773358305,0.19739232134856843,1.9078701066983783,0.2000866045138646
505,0.9027383424298157,0.21618796598250442,1.9230669925892023,0.19620104768376492,1.9023923538643108,0.19887907069994074
506,0.9033293320307229,0.21618796598250442,1.9235308235153512,0.1950181469143641,1.915038880107709,0.19768002406626597
507,0.9038430023167324,0.21618796598250442,1.9179683994849779,0.19384355306309853,1.9155506007378202,0.20251239543985472
508,0.9030516386766501,0.2161879659825044,1.9124450040797962,0.19267720072361333,1.9225117609165563,0.20129388286895103
509,0.9034657146833045,0.21504998166784942,1.924993221480955,0.19151902505511514,1.9169666869008235,0.20008391263645442
510,0.9036205400223223,0.21279841591765622,1.9374535454460171,0.1903689617770748,1.9114603424868026,0.19888241758715788
511,0.9038757607243569,0.21279258425060218,1.9438277125731669,0.19522590099779535,1.9120071116893829,0.20368828497950747
512,0.9038585748589779,0.2116734992174088,1.9621432243610188,0.19405592039633204,1.9305141762376752,0.20246758966729045
513,0.9040659267791322,0.21167349921473605,1.9683568395782323,0.19289411382699823,1.936917171949989,0.21322935853602568
514,0.9042600976464642,0.21167349921473602,1.9685460968125457,0.19174041722995733,1.943275456301573,0.21195403716695135
515,0.9049781412692234,0.21054932059740925,1.9866590519096687,0.19059476709688483,1.9376393798412832,0.21068761053456142
516,0.9054569665034337,0.21054932059740925,1.9807696505546912,0.18945710046582373,1.9320425792879152,0.20943000903933606
517,0.9055574527859752,0.21054932059740925,1.9689581866810408,0.1883273549160916,1.9264848769467928,0.20818116368009215
518,0.9053252283996597,0.2105493116957488,1.987014429475958,0.18720546856323855,1.9150086762389935,0.2069410060484097
519,0.9053434559722979,0.2105493116957488,1.993042862260269,0.1920425337128312,1.9095633190085557,0.205709468323114
520,0.9049215080884349,0.21054931169574878,1.9990294293533843,0.19090080138906582,1.9338818113422995,0.20448648326481283
521,0.9043370678988291,0.2082701167537285,1.9930959305821188,0.1897669912757754,1.9402137679392943,0.20327198421048817
522,0.9040068749451399,0.20714338918460773,1.9812702407808078,0.1886410416719849,1.9405684992012926,0.20799923201937257
523,0.9045095823966716,0.21143064557643346,1.9873086560816886,0.18752289140485295,1.952775566456371,0.20676633808078784
524,0.9048850136455397,0.21143064557643346,1.9933052796773991,0.18641247982477246,1.9471337324686113,0.2055419769670289
525,0.9048838901401374,0.21143063699489334,1.9992604362982649,0.19122530044418803,1.941530956033597,0.2043260823762548
526,0.9050913338065257,0.211430636988556,1.987445524760642,0.1960048686063091,1.9418765115517356,0.20311858857290904
527,0.905464285277656,0.21143063698855513,1.9816159086878744,0.1948477079288682,1.9304121911929368,0.20191943038247673
528,0.9051468234628619,0.2114306369885551,1.975826501422753,0.19369852857481362,1.9190269413560082,0.20072854318629418
529,0.9054765877642237,0.2114306369885549,1.9759689301943046,0.1984492074104999,1.9253983664932295,0.19954586291640986
530,0.9060104701699965,0.2114306369885549,1.9878824776590152,0.19728112551339438,1.9199515540818495,0.1983713260504963
531,0.9061067938390942,0.21143063698665954,1.9938338972981586,0.20200124621961535,1.920422252298742,0.19720486960681255
532,0.9056458761746635,0.21143063698665945,1.9938701187696628,0.20081463244790837,1.9150154256885685,0.20192072050086193
533,0.9048760855518841,0.21143063698665945,1.9939060914750646,0.1996361682424909,1.927251522073257,0.20660418331684513
534,0.9050003943142257,0.21348267312310432,1.9998043697948489,0.20432834330690677,1.9335407665525244,0.2112557082544086
535,0.9051627642190859,0.21348267312309369,1.9998055155408827,0.20313165494909657,1.9397866907748433,0.2100184484474846
536,0.9060762719108324,0.2134826731230937,1.9998066534381675,0.20779400344849394,1.934288150025044,0.20878966429004348
537,0.9064916566992953,0.21348267312309374,1.9939627923258982,0.2065794493225141,1.9405172264325041,0.20756929053518547
538,0.9063167116412019,0.2134826155402269,1.9881588953304397,0.20537320110627974,1.9350254060677867,0.206357262488474
539,0.9056394598884319,0.2153703926121794,1.9823301108139886,0.20423973942298645,1.9300345899730733,0.21098686000723185
540,0.9056153257442432,0.2173447227415386,1.9999155293556363,0.2030495359108458,1.9362697947010117,0.20975733776780092
541,0.9057368517279936,0.2173447178716346,1.9940943631608485,0.20186745096505715,1.936646647240067,0.20853620229397798
542,0.9059143097506505,0.2173447178716346,1.9941287093951134,0.20650926153523266,1.9253838834876897,0.20732338927282895
543,0.9065984294309016,0.2173447178716346,1.994162821747788,0.21692948984723598,1.9258174050850687,0.20611883493401453
544,0.9070379217796611,0.217344717284606,1.9941967020095897,0.21567038354775958,1.9378564181821896,0.20492247604482472
545,0.9070475829100553,0.21610959893597004,2.0000287697895485,0.21441983654966035,1.926619918808851,0.20373424990526223
546,0.9072867104959847,0.21610959893485696,1.9884433585094077,0.21897040573374765,1.9270449819123854,0.208346716656982
547,0.9062099167596711,0.21487671045021323,1.9827234022721396,0.21770326065429402,1.9274671603884284,0.21292788167451032
548,0.9053447814395541,0.21487671045021323,1.9770422304773487,0.21644470751390518,1.9394485735561173,0.2116969352323101
549,0.9055233703402328,0.21487670996235142,1.9829500882937543,0.21519468078239867,1.9340230528204916,0.2104743281699434
550,0.904890659916706,0.21487670996234565,1.9772789596232085,0.2139531154796757,1.9459427371616242,0.20925999693266728
551,0.9054143480272531,0.21363437103249927,1.9658824546201246,0.21271994717071124,1.9520180401991838,0.20805387849885612
552,0.9060152670648088,0.21363437103249927,1.9660789024446934,0.21149511196059292,1.9580522895556356,0.21837185165295894
553,0.906492792872269,0.21239460651314807,1.9662740239093983,0.2102785464896085,1.95829358182779,0.2171157296930083
554,0.906741834115687,0.21239460651314807,1.9607213628853692,0.2090701879283813,1.9642797125562803,0.21586808148955924
555,0.9061748299876157,0.2123946065131481,1.9781690184815135,0.20786997397305318,1.976455642113926,0.21462884271295074
556,0.905870980373902,0.211148794050221,1.9782942188277908,0.20667784284051446,1.9765951105116513,0.21339794957120226
557,0.9062822754496891,0.21114879405022097,1.966960071450816,0.2054937332636803,1.965270700078513,0.21217533880513664
558,0.9058250791782564,0.21452192883924154,1.9614256500976506,0.20431758448681325,1.971193000390238,0.2109609476837302
559,0.9060363176839883,0.21452192883924112,1.9673640163171275,0.20314933626089113,1.9885111299719072,0.20975471399861007
560,0.9055546092351267,0.2191247149510692,1.9675504359619604,0.20198892889106015,1.9943046272966218,0.20855657613850428
561,0.9059488465792657,0.21784215834662576,1.956322842744834,0.20083630302363575,2.0000435086684467,0.20736647277096598
562,0.9056404236076206,0.21656856051616288,1.9451704764012276,0.1996913999547371,2.000043260639543,0.2061843433078767
563,0.9057344805124328,0.21656856051616288,1.9397877493987201,0.20424914146207324,2.0057379943266915,0.20501012758708595
564,0.9056323426010686,0.2152977084860735,1.945819602139999,0.20877639720235064,1.9943286049494062,0.20953305385820126
565,0.9058253900084405,0.21529179469752824,1.9518111433963652,0.20758979536481623,2.000044445173426,0.2083421514857872
566,0.9062960391930239,0.21529179469690507,1.9520847559031198,0.2064111169671604,2.0000441928284722,0.21283712197669474
567,0.905853183747536,0.21529179469690485,1.9580287885610532,0.2109125480364119,2.000046328810761,0.21162985754288044
568,0.9060246704404471,0.21529179469690485,1.952600045415636,0.2097173960085121,2.0000460663086304,0.21043064082599333
569,0.9064667765190677,0.21400644973075086,1.9528683724096179,0.20853020418628157,1.9943848930613368,0.20923941138728136
570,0.9070084979481062,0.21739667230164736,1.9418244049793236,0.20735091283423604,2.0113824111082383,0.21371136368897997
571,0.9063841587055252,0.21739667230164736,1.9365034719756422,0.2061794627108265,2.0056685030568473,0.21815358150925285
572,0.9066861496731617,0.21611691272202477,1.936861843533973,0.205015795064004,2.005636510301703,0.21692233247259776
573,0.9060683982851598,0.21607002914641826,1.9315795222414307,0.20385985162682757,2.000788513407799,0.21569925623829875
574,0.9052922481073372,0.21478112765209595,1.9263322342477454,0.2027115746131142,1.9951520448940439,0.21448429166417113
575,0.9055674468827098,0.21478112765209117,1.9267467663523745,0.20157090671313097,1.9951803385755018,0.21327737811215072
576,0.9047403136559681,0.21467874263930464,1.9327799783231554,0.211680639993265,1.9844098180215701,0.21207845544377937
577,0.9038894509519955,0.21467874263929135,1.9331574729132712,0.21049188261954913,2.0069609408810556,0.21088746401573433
578,0.9040896477098085,0.21338251134260836,1.939142665218457,0.2149211754055528,2.0125321389930853,0.20970434467540033
579,0.9051791539070507,0.21338251134260836,1.9338791599017389,0.21371663131303276,2.0124619015492304,0.2085290387564843
580,0.9049602252647,0.21814709341857705,1.9398483530710624,0.21252003538523245,2.0067931439003592,0.20736148807467217
581,0.904725364159252,0.21814640283134695,1.9345914170593816,0.2113313284799432,2.001164669663329,0.20620163492332763
582,0.9048228315985455,0.21814640280270955,1.9405447038244683,0.21015045194015097,2.006745958975241,0.2162250158468888
583,0.9056133163006317,0.21814640280257747,1.9632054434250283,0.20897734758971206,1.9955438778336105,0.21501800199361407
584,0.9055905549226811,0.218146402802575,1.9634106331436934,0.20781195772907024,1.9955687279891636,0.2138189256235245
585,0.9058589379227644,0.2181463509152909,1.9636144746512498,0.20665422513101495,1.9955934148670167,0.21262772785521203
586,0.9053684488453183,0.21814635091529086,1.9693824682853485,0.20550409303647985,2.001183563608471,0.21144435028894493
587,0.9053850309848653,0.21814635091529086,1.958432844274905,0.20436150515038184,1.9900571278144334,0.2102687350023865
588,0.9059727674151055,0.21814635091529058,1.953109353170912,0.20878077612447998,1.9901123542102606,0.20910082454635456
589,0.9062758297685098,0.21814635091338877,1.9478207219851777,0.20762228940947683,1.9901693719367117,0.20794056194062152
590,0.9064651412432209,0.21814635088955195,1.9425666931128465,0.20647138241008964,1.9791373375567787,0.2067878906697544
591,0.9065900732405985,0.21814635088955184,1.9484224757392985,0.20532799915735694,1.973715137052203,0.20564275467899462
592,0.9075275429025433,0.2167592844600801,1.9431756154031135,0.2041920841382119,1.9849249448637758,0.21003729575098604
593,0.9078979920873143,0.21538475098943477,1.9379629969595595,0.20306358229144642,2.007114937016201,0.20887648936054742
594,0.9075758216349554,0.21538475098943477,1.9272632241032075,0.20194243900371367,2.007075654424121,0.2132443962186466
595,0.9073670184931338,0.21538475098943477,1.9166331616133168,0.20634422576424707,2.0235835047994044,0.21206821995529365
596,0.9074857507525383,0.21538469033073704,1.9226026350856793,0.2052072458067387,2.0124333314481517,0.2219199257240108
597,0.907462943184001,0.2153846903247748,1.9450470987659993,0.21508687174946037,2.023374157524592,0.22069834409556519
598,0.9071907477617305,0.21538469032477478,1.9453492904617535,0.2139040867636107,2.023245620611334,0.2194847010420636
599,0.9068859842805461,0.21538469032477478,1.9401559127721009,0.2127289817276921,2.0121307038575673,0.2182789383032402
600,0.9057778738305825,0.21538469032477478,1.9349962277253814,0.2115615003226262,2.017552245504267,0.22256911445162986
601,0.9061464847204834,0.21538469032477478,1.935352619421573,0.21040158668514816,2.006490751043729,0.22134885012782723
602,0.9070595690555757,0.21538469032477478,1.9357067028930353,0.20924918540379614,2.000978049122391,0.22561364012763688
603,0.9067878801462518,0.22566753264713052,1.9251151416603274,0.2081042415149383,1.9900293441864063,0.2243791552334252
604,0.9071946927943535,0.2256675326471305,1.9200582701107922,0.2124329082407836,1.9900838458624068,0.228618859899903
605,0.906600124985934,0.22566069634885044,1.9423377885195194,0.21127286645511364,1.995651266766135,0.22737043077151434
606,0.9051482419727774,0.23076924866791937,1.94265235238866,0.21012031249179158,1.9956749903543272,0.22613005999084268
607,0.9049988572769915,0.23076924866791934,1.953864554914925,0.20897519173338439,1.9847988935557885,0.22489768877111352
608,0.9056347468441666,0.22924330379440386,1.9486713475307265,0.2078374500034583,1.984881654255751,0.22367325881195702
609,0.905021052013684,0.22774704753435443,1.9707063009125596,0.2067070335611798,2.0012807169132096,0.22245671227785144
610,0.9052723217995153,0.22773938329247884,1.9654319597903902,0.205583889097887,2.006707266817476,0.22124799179837515
611,0.9061752373319597,0.22773938329247884,1.9601915199075224,0.2098960416312131,1.995814703454902,0.2200470404641389
612,0.9061752372301867,0.2265877112831558,1.9495620825907416,0.21418050066842048,1.9904147461365986,0.21885380218844747
613,0.9068559038080339,0.2265877112830144,1.9498353165207547,0.2130202350798365,1.9850506895108828,0.21766822023856147
614,0.9065856777866629,0.22539297387086576,1.9501067986610905,0.2172792263893276,1.9975859224192987,0.21649023943184725
615,0.9070236568844223,0.22539297387086576,1.9395637238053212,0.21610452603445515,2.0030053828630376,0.2153198046631256
616,0.9057582383717729,0.22539297387086574,1.9452911456965678,0.2149373443555628,2.0029941314813033,0.2141568612684768
617,0.9055925830047905,0.22876614223725078,1.9401907262284461,0.2137776269298455,2.019164816225623,0.2130013550347577
618,0.9053342528220553,0.23816567531457844,1.929732682953572,0.2126253197657049,2.0082810857027793,0.21185323214227775
619,0.9043001905621696,0.2413320855275548,1.9354958867761936,0.21148036930693764,2.0028516669820124,0.21071243924141347
620,0.9043926659728247,0.24133208552755483,1.9358428830653007,0.21034272242364627,2.0082157710495925,0.2095789233951942
621,0.9046651234290338,0.23842335429181855,1.9361876677500376,0.20921232640988324,1.9974234836996505,0.20845263208905848
622,0.9046114111514557,0.23842335429179096,1.9365302567781844,0.2080891289799519,1.9974373162335455,0.20733351322717009
623,0.9052593543156652,0.23842335426956565,1.94223399619658,0.2069730782647648,2.002814391145877,0.21158484535491856
624,0.9053978322375016,0.23842282946102272,1.9479014742641994,0.2058641228082315,2.002823884791784,0.21045118019062148
625,0.9056130940369576,0.23842282946102025,1.9481803375772901,0.21011482584887003,1.9921035417836024,0.21467733048238807
626,0.9054991790307939,0.238422828879458,1.9484574310106015,0.20899128633197514,1.9974976640265278,0.21352939404713644
627,0.9055220027912094,0.23841802790341668,1.9647585265422396,0.20787487165095506,2.002852949288914,0.21238873715886372
628,0.9053369216019024,0.23841802790305983,1.9649465955024628,0.20676553066341694,2.002837735871627,0.21659188806968377
629,0.905439486161255,0.23693943247812616,1.9651334738457256,0.21099445922466584,1.9974913606100069,0.21543718330457345
630,0.9058453713453738,0.23693943247812618,1.95999325209525,0.20987072003425639,1.9921788040825774,0.21428978252997308
631,0.9050337161469719,0.23693943247812616,1.9548855170341513,0.2087540829821965,2.002861607004808,0.21314963343718032
632,0.9045533243670865,0.23693943247812618,1.965755866637226,0.20764449724409403,2.008161677398248,0.21201668413163868
633,0.9045719046314071,0.23693942698985657,1.9712476659581197,0.20654191239766642,2.008118358893042,0.2108908831293681
634,0.9049443483928518,0.23693930056900064,1.9607908734477193,0.20544627841927743,2.008075294200573,0.2097721793534288
635,0.9054726681872494,0.2369393005685824,1.9609986565239792,0.20435754568050593,2.002733148242446,0.20866052213041777
636,0.9042887297535275,0.2354343389282064,1.9559110737282388,0.2032756649447466,2.008012736974046,0.20755586118699798
637,0.9045551923833289,0.2402806379415604,1.9614330165412688,0.2074893541288989,2.0238366597722113,0.20645814664645942
638,0.905012378658743,0.24028063794156038,1.9616367844517855,0.20639308814298055,2.02371071924174,0.20536732902531218
639,0.9053428868559279,0.2402806379415604,1.9565610733664844,0.20530370418600757,2.0235855693281324,0.20956155903192317
640,0.9055799422601054,0.23874948812544516,1.9567901235357086,0.204221153307555,2.028740346104848,0.20845655680744132
641,0.9053670498584943,0.23874870532302547,1.9517500842604478,0.2031453869422987,2.0233239935687286,0.20735847980220148
642,0.9052246401237259,0.23874870532302547,1.9520039940829463,0.20207635690671633,2.017938864712382,0.21152966776416002
643,0.9057757448838709,0.23874870532302547,1.9522563152858,0.20101401539581862,2.0125874286112295,0.21567475814913817
644,0.9062207036304406,0.23874869670926374,1.9682626831462584,0.19995831497991076,2.012521335612251,0.21454206134971088
645,0.9055880828025894,0.24367806108547266,1.9631825715385938,0.20415583402244966,2.012455640873741,0.21341643952323724
646,0.905308788326439,0.24210367138045516,1.9686169271420764,0.20308577542761105,2.0176317376189767,0.21753922398089007
647,0.9050995111827016,0.24210367138045227,1.9687812533885591,0.20202238933596967,2.007067130012576,0.21640015757074557
648,0.905320436169912,0.24210367138044847,1.9846372832083434,0.21142744683697087,1.9965683754175574,0.2152681880105535
649,0.9050079651912102,0.24210359951800706,1.9794918830266008,0.21032259447972965,2.0018122258704065,0.21414326516576362
650,0.9046295026136213,0.24210359951800706,1.984819402552764,0.209224614257674,2.0018027652217847,0.2130253392937476
651,0.9045439573561362,0.24210359951800708,1.9901138129297697,0.2081334576973178,2.007008603294621,0.21191436104046135
652,0.9043235717364027,0.2421035995179153,1.9953753475201939,0.20704907670357828,2.001762061000295,0.2108102814371382
653,0.9046331501252932,0.2421035995178901,2.0058090577290657,0.20597142355655787,2.0069577096535878,0.20971305189701214
654,0.9047877407868601,0.240496266602038,2.0109784704945723,0.20490045090835543,2.0017219145791345,0.20862262421207126
655,0.9050274754556634,0.24049626660203796,2.0057270230751243,0.20383611177990688,1.9965185496046587,0.2075389505498408
656,0.9039844112396292,0.23889682756517008,2.0056973042420356,0.2027783595578546,2.017293540288957,0.20646198345019592
657,0.9040045459545822,0.23889682756517008,1.995299684843534,0.206911190157983,2.017203890767354,0.2053916758222031
658,0.9042306299969175,0.23889682756517008,1.9849663056899916,0.2058396259236706,2.0067570727822477,0.20432798094099094
659,0.9044207814324735,0.23889682756517008,1.9798704008369894,0.2047746766531981,2.011895798361735,0.20327085244464924
660,0.9041109234941985,0.23889665720181133,1.9799744409388913,0.20371629600421495,2.006666110794643,0.2022202443311564
661,0.9048277709866405,0.2388966572018113,1.9749144924425353,0.2026644379938548,2.0014683439337357,0.20633945837030265
662,0.905132987304876,0.2388966572018113,1.9750438881726857,0.2016190569956963,1.996302583298635,0.20527512093110586
663,0.9052780083944121,0.23889665275369865,1.970019456751617,0.20058010773675172,1.9963216365732177,0.2042173318612181
664,0.9052756053670404,0.23592154719197111,1.9650259124235514,0.2046954258790515,1.9911926917643168,0.20316604542349737
665,0.9057975584871332,0.23592154719197111,1.9703485101745803,0.20364273149132917,1.9860952791246467,0.20212121623459586
666,0.9054535979523787,0.23592154719192282,1.9705008475237797,0.20259649758936388,1.996441914558355,0.20108279926197686
667,0.9046344510460703,0.23431241257208327,1.9757847108315383,0.2015566791520995,1.9964627998286424,0.20005074982095872
668,0.9034416932088101,0.23431241257196442,1.9707815404243425,0.20052323150600232,1.9922899412397426,0.19902502357178575
669,0.9031768155170014,0.23431241170378556,1.9709312033764337,0.1994961103221369,2.0128182609490186,0.19800557651672582
670,0.9025164039946503,0.22966483898400342,1.9710799509022159,0.198475271613268,2.0025184972524883,0.19699236499719402
671,0.9026024566672454,0.22966483491465114,1.9763397606115238,0.20257264298076702,1.9973936648269042,0.19598534569090262
672,0.9023598482004501,0.22768130238044337,1.9662468665177082,0.2015381324817845,1.9991202213724224,0.19706881952172017
673,0.9022308748413685,0.23280970674327633,1.956215551771607,0.20561169132234866,2.0042264673140635,0.19606342218889897
674,0.9015776098708171,0.23280970674326742,1.9615353644607345,0.20456375878571617,2.004204927075685,0.19506415391755758
675,0.900935089702153,0.23791202355972493,1.9617311828457067,0.20352223605016168,1.994000389007355,0.19407097237193696
676,0.9014941183979851,0.23791202355930297,1.9517528858609838,0.2024870252465298,1.9889444307024537,0.19308383518648833
677,0.9015182411866274,0.23791202355870494,1.9570794395788074,0.2014581094473923,1.9890006083794,0.19210270067508167
678,0.901576591438245,0.23791202355870444,1.957297317752,0.20043544514779985,1.9890564447275112,0.19112752735307154
679,0.9010472334099425,0.23791202351690552,1.9625851118712239,0.19941898917604434,1.9789694649164384,0.19015827405357832
680,0.9008633773276964,0.23791202351690552,1.962774662052159,0.19840869869087477,1.984142179104413,0.18919489992483374
681,0.9010678882936979,0.23791202351625299,1.952840850872098,0.19740453117873863,1.9892835435135128,0.19329847071352324
682,0.901619297729465,0.2379120235162468,1.9480232420706263,0.19640644445104777,1.989337764490183,0.19232114442344217
683,0.9015365852692729,0.2362884259681808,1.9432347821840148,0.1954143966414691,1.9898599369287728,0.19134973144056272
684,0.9019420477018151,0.23309405180024118,1.9485671621111962,0.1944283462032395,2.0000030002738454,0.1903841910823042
685,0.9015136255495955,0.23309405180024118,1.9639491369090318,0.19344825190650503,1.9949620895926599,0.1894244829764032
686,0.9020255223007463,0.23309405180024118,1.954058956323379,0.1924740728356838,1.9949874598238777,0.1884705670583316
687,0.9020383296097638,0.23151004076150247,1.9542900779301524,0.19150576838685263,1.9950126770642103,0.18752240356873726
688,0.9016530348699001,0.23151004076149934,1.9595456092096042,0.19054329826515728,1.98498613840917,0.18657995305090838
689,0.9016697213233521,0.23151004076149934,1.9547279428036592,0.18958662248224567,1.985061519689555,0.18564317634825994
690,0.9016374049636244,0.22993005054336738,1.9449234952272088,0.1886357013537241,1.9801206868972705,0.18471203460184296
691,0.9019741581295091,0.2299300505433667,1.9401887222453242,0.18769049549663647,1.9952940344071604,0.1938079841219052
692,0.9021351504501951,0.22993004930110672,1.940488121902631,0.18675096582696582,1.990311855977108,0.19283783189965348
693,0.9022282859543573,0.22993004930110672,1.9357849891343408,0.18581707355715832,1.9953610397842974,0.19187350081981108
694,0.9011559594863261,0.22834488079668563,1.9311100527658116,0.1848887801936693,2.0003799525336516,0.19091495113419435
695,0.9014259851328555,0.22834488079668538,1.931453864889688,0.18895679201438273,2.005371017003206,0.18996214339570025
696,0.9013536572646792,0.2267689458860077,1.9218241067500261,0.1979862119712373,2.0103303431526056,0.18901503845581766
697,0.902392972301116,0.22676894588600657,1.9222134831256974,0.19700008759906373,2.000317344127259,0.18807359746216054
698,0.9032513038124074,0.22676894588513935,1.9176247381803961,0.19601985561077162,2.010267354460885,0.19211357653834396
699,0.9033271892923895,0.22676894588513938,1.9130633895178895,0.19504547592263471,2.0151871388636056,0.19612943564042232
700,0.9036855850483873,0.22676894501641762,1.9134951039491581,0.19407690875349287,2.0250434305525853,0.19515548568662294
701,0.9036406600967546,0.22676894501641762,1.908963355527144,0.19311411462225914,2.024919192856731,0.19418734085422662
702,0.9037710249889122,0.22517730593405932,1.9193263893928658,0.19711298560237558,2.0148838334108654,0.1932249617419877
703,0.9034734214810302,0.2251773059340246,1.9246767804510638,0.1961370835860127,2.0247120994881036,0.1922683092454544
704,0.9036038437255697,0.22799905814051863,1.9201032981011663,0.1951669877249056,2.0196438398249548,0.19131740561549573
705,0.9038064636115145,0.22642033010754953,1.9204980745557962,0.1942026509044394,2.009664607425341,0.19037208991030516
706,0.9036965594479107,0.22485781926847234,1.9208905077566318,0.1981801851737498,2.009620866479132,0.18943238526572126
707,0.903493179122351,0.22347315732414827,1.911418186655215,0.19720291637975884,2.0090512186412735,0.1884982537402655
708,0.9030904454193903,0.22347315732414827,1.9118545658868165,0.20115772336839743,2.004080345074378,0.18756965767726483
709,0.9031112304262883,0.2234677481418913,1.927052444004501,0.20016775361878242,2.008981614974966,0.18664655970251756
710,0.9034372743280815,0.22346774814184497,1.9224946444561326,0.1991836404729277,2.0138538993611514,0.1857289227219796
711,0.9037624001288797,0.22346774814179834,1.9179637861892271,0.19820534444758744,2.0186973835371442,0.1848167099194712
712,0.903924777368545,0.22190888976969045,1.913459687710797,0.1972328263550719,2.018605643106311,0.183909884754404
713,0.9038140210832414,0.22190888151059257,1.9040804541349288,0.19626604730083114,2.0185144847176737,0.1830084109595282
714,0.9044623275727796,0.22190888151059254,1.9045501544525172,0.1953049686810604,2.0282174909132804,0.18211225253869942
715,0.9048449800444974,0.22034476485999124,1.9050170875676573,0.19434955218032632,2.0231875320556223,0.18122137376466546
716,0.9051977410939976,0.21880532125053018,1.895707208782181,0.1933997597692143,2.023074213852767,0.18033573917687248
717,0.9046344451577778,0.21880530371957244,1.8962163815254793,0.19245555370199638,2.0278437649809953,0.17945531357929043
718,0.9047075025134765,0.21880495822490248,1.8869680272864269,0.19151689651431975,2.027916892590143,0.17858006203825777
719,0.9044034428296605,0.21880495822490245,1.9021359409746246,0.19058375102091563,2.0277808705315965,0.177709949880345
720,0.905013041524364,0.21880495822472637,1.9026122964897045,0.18965608031332817,2.022779292469844,0.17684494269023707
721,0.9052365670302431,0.21725732013467175,1.8982232020636736,0.18873384775766344,2.0178058671039656,0.17598500630863434
722,0.9044028457063846,0.21572554720145853,1.8938598158690552,0.18781701699235814,2.017719369811838,0.17998790407321102
723,0.9046918774696384,0.21572554720145856,1.894374908013126,0.19175849379985285,2.0079274949923294,0.17911443323674134
724,0.9045004879991214,0.21572554720145853,1.8851908053933941,0.1908288311033013,2.007889061772369,0.18309416145860524
725,0.903692165807776,0.21572554720145262,1.9051198372885085,0.18990460018961763,2.00300760939275,0.1822073914503384
726,0.9036798317582678,0.22130111638376865,1.9007405009747156,0.18898576493817298,1.9981546524627734,0.18132581468496595
727,0.903873198683142,0.2213011163835848,1.8963867097218596,0.18807228922634284,1.993330006100335,0.18044936387028834
728,0.9039114712027596,0.22130111638358432,1.8968870311254695,0.1871641374682697,1.9933622137515112,0.17957802121945926
729,0.904423297036737,0.22366714597396245,1.9070322617539326,0.18626127425164987,1.9982181452454253,0.17871175275550252
730,0.904075533914652,0.2236671459739622,1.912299371543326,0.19018275432687673,1.998228723196198,0.17785052475262597
731,0.904203387308163,0.23291017224093977,1.903096262209529,0.19407821348685145,1.9934197550683364,0.17699752629045928
732,0.904317202887556,0.23291017224008911,1.9035623169913798,0.19314480181965474,1.9934514025095855,0.1761462635282139
733,0.9041609485589555,0.23291017224008911,1.904025666719289,0.1922168078179511,1.9838735576669788,0.17529994162652834
734,0.9040376812381002,0.23128517874143326,1.9092861813615953,0.20089389966564242,1.998350518332151,0.1744585278436331
735,0.9043820507599732,0.22969431014396827,1.900131049894513,0.1999306024499981,1.9983584278709359,0.17362198967897563
736,0.9052674716069564,0.22653110245645788,1.8958191863924934,0.19897288249606254,1.998366291448844,0.17758055680316548
737,0.90558091515676,0.2265311024564344,1.8963177409740086,0.19802070292738091,1.9888031678169433,0.17673074965426203
738,0.9058740268297092,0.22653110245643437,1.9015941047969085,0.19707402713861424,1.9984180788880623,0.17588585455311884
739,0.9062775330059889,0.22653110245643437,1.9116159081211288,0.19613281879336028,1.9936498284733506,0.17504583906999746
740,0.9061127495283814,0.22653110245643437,1.91203760092259,0.1951970418219935,1.9936801260999824,0.17898181016846437
741,0.9062778637275121,0.22339582023919796,1.9124568622979385,0.1942666604195236,1.998476620223791,0.17812871656619045
742,0.9060517908651314,0.22339582023917465,1.922396921089459,0.19334163904347287,2.008021668278155,0.1820421441399015
743,0.9061658362318058,0.2233958202391608,1.922766067077032,0.19242194241177168,2.012740357614477,0.18117619747874028
744,0.905972283416106,0.2233958202391558,1.9183809971703083,0.19150753550067237,2.0079277215370235,0.1803152313902329
745,0.9060398642138681,0.22339576247445064,1.9330104995702073,0.19059838354268105,2.0031546349333063,0.17945921313880742
746,0.9057045457481575,0.22183148399741875,1.9475559979307688,0.18969445202450752,1.9983970757432263,0.1786081102282391
747,0.9061658634735379,0.22183148399737612,1.9430666123533682,0.18879570668503265,2.012618534311358,0.18249974820149648
748,0.9060646429657869,0.22183148399737612,1.9528023296649366,0.192635235825391,2.0078256869329665,0.18163595457133178
749,0.9051438943358905,0.22027165785517658,1.9624822818419065,0.1917243810030113,2.0125170765554286,0.18077710865755098
750,0.9050039305922088,0.22639798026280267,1.9673831685005958,0.19081873917435477,2.0124579500655546,0.18464684359553488
751,0.9053124089703611,0.22639798026280214,1.9628181412862415,0.18991827618750146,2.0265955591943334,0.1932133938855248
752,0.9049450805649187,0.22337513515782012,1.967707652669591,0.1890229582010526,2.0311844153103507,0.19230254196415547
753,0.9049745400838699,0.22186602795206345,1.9678597339884674,0.18813275159925322,2.0451660991166403,0.19139689011091757
754,0.9041748174485308,0.22186602795206345,1.9774205649971213,0.1872476230107804,2.044953601284301,0.19049640437548948
755,0.9043465367673044,0.22186602795206345,1.9728265845910757,0.1863675393067991,2.0353421022919567,0.18960105105424466
756,0.9043633686877321,0.22186602795206345,1.9729541748737833,0.1854924675990345,2.0398724635511525,0.18871079668829055
757,0.9046268325628768,0.2218660279520628,1.9730810391402873,0.1846223752378612,2.034994717846216,0.18782560806152462
758,0.9049156900504397,0.2218660279520628,1.9638351282001496,0.18844325676861506,2.0395167738664677,0.18694545219870676
759,0.9050328448317021,0.2218654573677821,1.9686857716529673,0.18756108919610845,2.0393536559676986,0.18607029636354847
760,0.9051681477648374,0.2218654573677821,1.9641555535157245,0.18668392895180413,2.034492947860868,0.1852001080568183
761,0.9054403988634818,0.22033219958743722,1.9689950083526069,0.18581174351315027,2.0343317971553887,0.1843348550144636
762,0.9045728393669836,0.22415879081350049,1.9738070388678268,0.1849445005927815,2.0295042393733302,0.18347450520575065
763,0.9051174676361128,0.22415879081350049,1.9692665123156563,0.18874482343790464,2.0293666719678085,0.18261902683140904
764,0.9049192129388534,0.2241587908135005,1.9740676637233985,0.18786565099849079,2.0245718934674417,0.1817683883218153
765,0.9052494859241006,0.22261892875225608,1.9695349963734448,0.18699144837974901,2.0198042130106786,0.18092255833516874
766,0.9049912436873593,0.22261892875225608,1.9650279303829232,0.1861221834221527,2.0243608376937656,0.18008150575569434
767,0.9053499277833708,0.227961393431187,1.9698343840722607,0.18525782419793907,2.033535788805229,0.17924519969185904
768,0.905618143071232,0.22796139343118701,1.9653349342262416,0.1843983390092812,2.0241014024377413,0.17841360947460283
769,0.9057488922637297,0.22796139282998815,1.9701303617246086,0.18354369638647547,2.0193549757125098,0.17758670465558524
770,0.9054755470210838,0.2279613928299881,1.9748987927363935,0.1826938650861446,2.0192653597121457,0.1767644550054466
771,0.905233139153953,0.22796139282998806,1.9842659041759958,0.1818488140894559,2.0191762477355772,0.17594683051208415
772,0.9051110843652408,0.22637705786786486,1.9889594892154439,0.18100851260035486,2.0144667741842945,0.1751338013789429
773,0.9051545900196103,0.22637705786786486,1.9797779328843048,0.1801729300438135,2.0097837349655596,0.17432533802332095
774,0.9046754702007078,0.22637705696681198,1.9798711899225283,0.17934203606409382,2.000515324149962,0.17352141107468916
775,0.9050623408990242,0.22637705644083234,1.9799639241116254,0.18312283833301576,2.005119990889189,0.1727219913730253
776,0.9052832002690925,0.22479196538054919,1.9754537057350547,0.18228002772509663,2.0143012935440243,0.17652948304209315
777,0.905354804199522,0.22479115522599172,1.9755665654954377,0.18144193460889776,2.0050398727029943,0.18031566291197976
778,0.9059135259254434,0.22479115522599175,1.9664923192457704,0.1806085287275605,2.0142031981861934,0.1794874302639318
779,0.9062933586888801,0.22479115522599175,1.9712347206126053,0.18436842650645224,2.009553196247177,0.178663825901367
780,0.9063124235027088,0.2247911552259917,1.971366582382486,0.1835232705563978,2.0140939879313855,0.17784482018340722
781,0.9060994911110664,0.2247911552259917,1.971497708498386,0.18268282971322702,2.009449966787337,0.1770303836807482
782,0.9066008621423206,0.22479106700760698,1.967053202509855,0.18184707382460302,2.004835774776334,0.17622048717400585
783,0.9063787453936257,0.2247910259193137,1.9626334516583672,0.1810159729531195,2.009384020707873,0.17541510165207644
784,0.9065724868735342,0.22469084955116123,1.9673698188648994,0.18018949737462292,2.009341175516829,0.17461419831051064
785,0.9068316430129276,0.2246908495511612,1.9583962575140719,0.17936761757654873,2.004737371557062,0.17381774854990134
786,0.9060983461792522,0.22307256882926038,1.963142468812891,0.17855030425627175,2.000159147228661,0.17302572397428492
787,0.9059410145570697,0.2230725688292309,1.9542060799010368,0.1777375283194704,1.9980690353818982,0.17223809638955628
788,0.9059516150073308,0.22307256882923093,1.958961863238231,0.17692926087850477,1.993530286248286,0.17145483780189688
789,0.905552496666785,0.23422159980659565,1.9727772650408775,0.1761254732508108,1.9890166894155448,0.17067592058551123
790,0.9053457081076686,0.23422159980659568,1.9683623660537992,0.17532613695729554,1.9890665399373924,0.1699013168031336
791,0.9055887733762805,0.2342215998062246,1.9639718965214898,0.17453122372077087,1.9800482877369632,0.16913099922257416
792,0.9056464249059071,0.2504853061923649,1.9686644616251876,0.17374070546437992,1.9891974168819215,0.1728943207636728
793,0.9053979760895152,0.25523414763320684,1.968806241806649,0.17295456283374977,1.9892493700871612,0.1721120623643108
794,0.905555001346519,0.25523414763320684,1.9689472479007317,0.17217275106205404,1.9983392293172717,0.17133405897311615
795,0.9051582583736443,0.25523414763320684,1.964571663952913,0.1713952512266078,1.9893151066580965,0.17056034651376234
796,0.9043592176083374,0.25523414763320684,1.9647314917625966,0.17062203603644663,1.9848520106105136,0.16979089782822537
797,0.9043037755498706,0.253599670285097,1.9603836497638893,0.16985307839329056,1.9894270700786387,0.16902568595022704
798,0.9042907158550093,0.25198035243685435,1.9740688695108355,0.16908835139005315,1.9894747284765644,0.16826468410375142
799,0.9044942607385013,0.2519803524368454,1.9831810725216183,0.16832782830936344,1.9805264985328008,0.1675078657015738
800,0.9046544840365116,0.25198035243684547,1.9832566448342326,0.16757148262209995,1.9806139986152214,0.16675520434380203
801,0.9045835672436886,0.2519803524368417,1.9923093995782717,0.16681928798593706,1.9807010189023475,0.1660066738164299
802,0.904267737579785,0.2567928325714606,1.9923438865186611,0.16607121835559918,1.9852718734894514,0.1697465602470504
803,0.9046145553122209,0.2567928325714606,1.9923781846053026,0.1653272475341485,1.9853378529920225,0.16898612451883763
804,0.9046441925375638,0.2567928325714606,1.9834615901528887,0.16458734984324508,1.9809281188855017,0.16822985206410881
805,0.9046083034545895,0.2567928325714607,1.9835355313865601,0.16385149967345192,1.9765425076980443,0.1674777167066615
806,0.9043664709841597,0.25512837753079726,1.9746762472219992,0.1631196715950399,1.9677144572613372,0.16672969245397823
807,0.903684110964974,0.2518521641243304,1.970327294007764,0.16239184035660548,1.9678585138025633,0.1659857534958136
808,0.9031609052299049,0.2518521640760591,1.9704595597008683,0.16612546761034938,1.963544297721817,0.16524587420279305
809,0.9033727931364122,0.25185206551401734,1.9705911042110966,0.16983873714338066,1.9770699763263737,0.16451002912502347
810,0.9032377487956319,0.25185206551401734,1.9618247707317416,0.17353177648385665,1.9905177244329686,0.16377819299071508
811,0.9032759365984624,0.25185206551401734,1.970882695187971,0.17276057796295696,1.9905598649391065,0.16749447500993145
812,0.903513441493264,0.25185206551401734,1.9665722746724865,0.17199357413931346,1.990601776234917,0.1667508510635047
813,0.9035030683028126,0.25672442074103724,1.9622852799808261,0.17123073904959404,1.9862082046278697,0.16601128054638534
814,0.9032665962988016,0.2567241547874434,1.9624523871875146,0.1704720461443454,1.9862772674737252,0.16970653597713253
815,0.9034569278338362,0.2567241547874388,1.975897767509149,0.17857025637318016,1.97748525032362,0.16895534810779508
816,0.9037414530992924,0.2550476974572505,1.9715823777434918,0.17778062421860474,1.9952726913512493,0.16820823278039929
817,0.903644902486536,0.25990238295165674,1.9717079139677216,0.17699526956453993,1.999711124021967,0.16746516467173891
818,0.903337978831628,0.25821389183715365,1.9674196367416554,0.18062729971654354,2.0129518008483482,0.16672611846093988
819,0.9032229780210352,0.2565415278082971,1.9807894437340952,0.17983096397420528,2.0173034230098765,0.16599106917702697
820,0.903270525936428,0.25654152778515865,1.980874053104897,0.1834432480293197,2.0216315349998633,0.16525999196471836
821,0.9028430260892453,0.25654152778515865,1.9941579489244452,0.18263611343524053,2.0215363580968755,0.1645328621413811
822,0.9031576617495519,0.2565415277851587,1.9941836277575962,0.18183333334592194,2.0214416946748863,0.1638096551957157
823,0.9030163325922238,0.25486818035671677,1.9898180447707794,0.1854260041369125,2.02134754154777,0.16748147018149637
824,0.9027550786661518,0.25486818035671677,1.9898627103047195,0.18461258949358347,2.0168671610850084,0.1667467734437545
825,0.9029167948941891,0.2548681803567019,1.9855247855308022,0.1838035525259269,2.0167932433236437,0.1660160307337177
826,0.9027586987081924,0.25319973858648226,1.9899661273472626,0.1829988661302376,2.025475662542453,0.1784231268661411
827,0.903154243856202,0.25319973189091094,1.9987571993996494,0.18657209737397376,2.0166170719786423,0.17764277655193356
828,0.9029381658174961,0.2515437066057398,2.011870297199323,0.1901261449298679,2.020913690868355,0.1768666157222049
829,0.9026956087594463,0.24990191736260234,2.011818485066866,0.18929627177343242,2.0382818277771766,0.17609461849525018
830,0.9026594967155305,0.24990191736260234,2.0161274435102934,0.18847084673133108,2.038114902983984,0.175326759168051
831,0.9027930530827152,0.24990191736260237,2.0160571901964173,0.19200597691411317,2.0292369775668884,0.17456301221492193
832,0.9026076363094497,0.24990191736249256,2.0203390934204113,0.1911704090301029,2.033461525946446,0.1738033522861681
833,0.9029662014291016,0.24990191736249256,2.0115558086409506,0.1903393088700428,2.037663485258902,0.1730477542067537
834,0.903274893670429,0.2482541368058581,2.0245348779610723,0.1895126489339759,2.0418429952428006,0.1722961929749813
835,0.9032717535520483,0.2415219001301035,2.0157509377578884,0.19302914672549368,2.032983959535515,0.17154864376118228
836,0.9029070640231373,0.24152190013003796,2.015682666763512,0.19219247960172073,2.0285065853517756,0.17080508190641777
837,0.9028140967681698,0.24152189983483988,2.019944835621008,0.191360271559107,2.024053076150029,0.17006548292119014
838,0.9032364384811998,0.24483960749489422,2.0241843073712493,0.190532495230917,2.023949028601941,0.17365557056889427
839,0.9028082616989166,0.2448396074142522,2.0284012212116864,0.18970912343820912,2.019524110626305,0.1772265556306827
840,0.9029462398702651,0.24483209654577426,2.0325957153852245,0.1888901291884213,2.019439825580049,0.17646144993971416
841,0.9034780832208025,0.24483209654577429,2.028142346613627,0.1880754856739681,2.027981566355993,0.17570040871240364
842,0.9025669124233181,0.2432501238245715,2.0237126162335954,0.18726516627084921,2.032169487999258,0.17494340707656905
843,0.9024120920308677,0.24168331386050027,2.027914726349459,0.18645914453726933,2.040639371599394,0.18710294030869196
844,0.9023422399086274,0.24168331386050024,2.023494825314472,0.18565739421226923,2.0404646275325766,0.1905982930489211
845,0.9023702782901147,0.23263293121013068,2.027689475145642,0.18485988921436808,2.0359987944992604,0.18977956405650537
846,0.9026717367353116,0.23593987193707558,2.0189880915392378,0.19264916395140957,2.0487181540535895,0.18896516677933195
847,0.9029790879382645,0.23448496562833107,2.0146196987409493,0.1918232787154689,2.044222308965653,0.188155074806187
848,0.9034518318774012,0.23448496562833104,2.0145570868669167,0.19100175597575658,2.039750211637974,0.1916319680781243
849,0.9035424104402956,0.23448496562833107,2.0144948054537077,0.19018456917208548,2.035301717708174,0.19081208495885682
850,0.9034121529762565,0.23448496562832993,2.005884553851867,0.18937169192518163,2.035150833892735,0.18999652561577995
851,0.9034476806031192,0.23448496561911755,2.0015895502223855,0.18856309803533103,2.030730866891959,0.1891852637627335
852,0.903281620327216,0.23302425414801253,1.9973171602583042,0.19202437104448858,2.026334171453235,0.1883782732923632
853,0.903272319919286,0.23014747850767753,1.9973285927669369,0.19120608874252507,2.030483298558631,0.1918368743607664
854,0.9031168583045661,0.23014747850767278,1.993082878309734,0.19039210781270224,2.026096441638764,0.19102020812177048
855,0.9033912783576802,0.23014747850767273,2.0016179594872354,0.18958240218102757,2.017479809058458,0.1902078312850582
856,0.9032080113773744,0.23014747850757772,2.005859666659587,0.18877694595039465,2.021654126535842,0.1893997178680891
857,0.9027350196921922,0.230147477986778,2.005834796272778,0.19222004814626278,2.0130735551512986,0.18859584206447005
858,0.9027900236491109,0.2353121766993493,2.0058100431520316,0.1956451229336332,2.008779199078437,0.18779619128731323
859,0.9024095593558158,0.2353121766924799,2.0057854326542492,0.19481639864741193,2.008742014659826,0.19547242305503446
860,0.9025751260075059,0.23388011753274046,2.009992571720136,0.19399200951819906,2.0044738169564322,0.19464525787927778
861,0.9025017788775102,0.2338801174704956,2.014177720526667,0.19317192938150526,2.0086822960646735,0.19382241620613422
862,0.9025498704316985,0.23388011744985013,2.0141178456588267,0.19657929828876092,2.0128688004061526,0.19300387196038968
863,0.9029273147957134,0.23388011744985013,2.0140582832447,0.19574994104429247,2.0212523976131767,0.19218959924289486
864,0.9027741269036432,0.23388011744985013,2.00978430325484,0.1949249082578509,2.012733368239234,0.19137957232925926
865,0.9028757713265657,0.23388011744985002,2.0139536218203453,0.19410417390517382,2.0084692386683023,0.19057376566855538
866,0.9025031782677345,0.23388002992583573,2.030720157062811,0.19328771213736642,2.0000210261138824,0.19397846099733684
867,0.9030427582396829,0.2324332751898163,2.0347931707120424,0.19247549727960295,1.9958188478837762,0.19316334354177836
868,0.9032151967171111,0.2309997479592263,2.034647112359529,0.19166750382983852,2.000034302862485,0.19235246258018965
869,0.9032138873540778,0.2335792356229714,2.0310240276956493,0.19853519838362077,1.9986022704349125,0.1937605156530503
870,0.9030062679915064,0.23357922968752637,2.0308940520509795,0.1977034320941907,1.9986084103392199,0.19294875297089162
871,0.9033589980627639,0.2335792296874907,2.0391354064497897,0.1968759783701052,1.9902435784792925,0.19632652720985336
872,0.9034036627128355,0.23214413310655777,2.038971775647249,0.20023395622495874,1.994465516416138,0.19550565756464833
873,0.9038782191654003,0.23214399230713018,2.0304550603140252,0.19939758584181705,1.9861351132352365,0.1946890371232083
874,0.9039743932719885,0.23214399230713018,2.038673559519401,0.19856554140973814,1.9820201776065989,0.198049431382371
875,0.9032003281863136,0.2307129130872461,2.0468495845316776,0.19773779708343192,1.9862637496648277,0.1972238385227486
876,0.9031914464072331,0.23071291308724615,2.0424900279476916,0.19691432719060717,1.9821565290331273,0.20056696264673698
877,0.9033528015247498,0.23071291308718436,2.0464735483426675,0.19609510623069862,1.9780708014594628,0.19973254565936177
878,0.9029763771703613,0.23547096359534186,2.0421242650081974,0.19528010888039574,1.9740058090438202,0.1989024306267366
879,0.9036466905874985,0.23547096359534184,2.0336454079025503,0.19446930996519582,1.9907216524614813,0.1980765919076402
880,0.902898586480216,0.23547096359534184,2.029358023383189,0.1936626844989951,1.9907601379200888,0.19725500405236604
881,0.9031083058760544,0.2354709543319264,2.025092689669264,0.19286020765560502,1.9907984469357034,0.19643764177421555
882,0.9035074412917833,0.23547095433192605,2.0167097339353646,0.1920618547743492,1.9949760788974826,0.19562447995507248
883,0.9034353078811944,0.23547095433192053,2.020776036706242,0.1954030056348954,1.9867260462902634,0.1989508979202124
884,0.9029002068499943,0.2354612196433408,2.0248214762083103,0.19459574287641182,1.9826496136506695,0.20226024879618779
885,0.9028655273405474,0.23546121964334077,2.0205918927251907,0.1937926186649632,1.9868483628870424,0.20142549208249644
886,0.9028764298398654,0.23546121964334077,2.012260958700667,0.2012396417786787,1.9910287956564086,0.20059501142411204
887,0.9029298369500839,0.23105127857152521,2.0080915613925114,0.20041075668386762,1.9869470113997472,0.19976878149449526
888,0.9026388212117625,0.22961329531806612,2.0080582664067395,0.19958611073871338,1.9787711867191684,0.19894677713527964
889,0.9026776492012277,0.22961329531770044,2.0121358077028964,0.20287634501049662,1.9788584512846663,0.1981289733550436
890,0.9028144836675336,0.229613295317696,2.007979413782898,0.2020432216287373,1.9789452702707249,0.19731534532809192
891,0.9030259062462553,0.22961329531769478,2.016151584657887,0.20531680182606313,1.9749293932466419,0.1965058683932472
892,0.9028248964417203,0.22961329520370596,2.011987037148474,0.20447534117334648,1.975035397390293,0.19979887067276147
893,0.9029228210498278,0.2296132952037059,2.024220728093871,0.20363816671628446,1.9751378937787976,0.198980842884583
894,0.9032654987073343,0.2296132947345141,2.0241216613411974,0.2068954173022608,1.9793297506155765,0.19816697858321214
895,0.9033616303846236,0.22961329473435763,2.0240230984000385,0.21013610289233262,1.9875863628679522,0.19735725325072412
896,0.9030810620614245,0.22961329473391706,2.019843044352909,0.2092783290113377,1.9876370359159505,0.20063363448391136
897,0.9026617684165645,0.22815313903172843,2.0116063021619186,0.20842491040188332,1.9876874510032254,0.1998154681780166
898,0.9026908613220802,0.22814306782694221,2.00748518383175,0.2075758215017328,1.9918560997488635,0.2030752833039763
899,0.9017026588517104,0.2281430678269422,2.019664013880195,0.20673103682812738,1.9918892435038906,0.20224881476018283
900,0.9013385653982934,0.22668821122388347,2.019584065965871,0.20995622775252312,1.9878565614049526,0.20142653244218295
901,0.9011445929445088,0.22668821122388347,2.0113812568126233,0.21316509555637886,1.9838442506620908,0.20467004473741943
902,0.9009488256888585,0.22668821122388347,2.0153926498587027,0.21230016254972267,1.9879673771299198,0.20383958102240485
903,0.9012887919956856,0.2266882112238635,2.0153302554787427,0.21143960006507606,1.9961231979226204,0.2030133136554504
904,0.9012887915061454,0.2329599683976214,2.007169243539384,0.21058338253155107,1.992089429678496,0.20219121905972093
905,0.9016071232079171,0.23157653057458275,1.9990494032443615,0.2097314845461442,1.9880760123977668,0.20137327089062393
906,0.9017406846288488,0.23157653057451721,2.0030946204169715,0.20888388087252344,1.9800414508346207,0.20055944589651167
907,0.9014107889404441,0.2315765305745172,1.999044790295475,0.20804054643982464,1.972047360322768,0.19974972000564342
908,0.901849248425973,0.23615427919301182,1.9990486429435221,0.20720145634145762,1.9640935001648625,0.19894406930400832
909,0.9016043308716584,0.2361542791930118,1.9909939372257515,0.20636658583392134,1.9602089139846128,0.20217173953004658
910,0.9019184949066943,0.23615427919237872,1.9910301888100495,0.2055359103356286,1.9603690827521165,0.2053831915446244
911,0.9020437524455052,0.23615427810498096,1.991066258385323,0.20470940542573973,1.9565072314201981,0.2045573007504411
912,0.9025374771751262,0.23615427810498096,1.9870849472093834,0.20388704684300554,1.9566819505614808,0.20373555320257825
913,0.9023431307577828,0.23615417082877296,1.991149962309574,0.20306881048461922,1.9568563967298798,0.20291792481613807
914,0.9022730110008647,0.236154170828773,1.9992037905063806,0.20225467240507727,1.9490110200570292,0.20210439166340924
915,0.9023320711308359,0.236154170828773,2.0032121457186896,0.2014446088150494,1.953220405660083,0.20530009623364587
916,0.9024412950114108,0.2361541663112688,1.9991981303032158,0.20463975917682015,1.9494064155725601,0.20447865706487495
917,0.9024861730536895,0.23615416630100625,2.0031984994412286,0.20781894444548416,1.9416143186035246,0.20366132235170895
918,0.9026588367510905,0.23615416610284581,2.0191584023626135,0.2069890883272579,1.9378542945341648,0.20284806832017405
919,0.9029908898513934,0.23615416610284581,2.0111036209041306,0.20616337209379357,1.9381022047900045,0.20203887135094042
920,0.9032623666464119,0.23615416610284584,2.0030889900388873,0.20534177180025787,1.9303784984682375,0.20123370797821466
921,0.9030646056090632,0.23847103840455192,1.9990954849170999,0.20850547086973234,1.926649408738072,0.20045765157595302
922,0.9027942312028474,0.23702249029955444,2.003076310374903,0.2076761970738591,1.930918376543212,0.19966038579227444
923,0.902955808621453,0.23559040228533315,2.0070373401712804,0.20685104705167714,1.9351661081018154,0.19886708461435101
924,0.9032515129548195,0.23559040228533315,2.010978688475471,0.20602999701978794,1.9473312965335157,0.20204700666502617
925,0.9026634269670937,0.2341657841936085,2.014900468717013,0.2052130233488852,1.9475419946063832,0.20124582680229877
926,0.9028661371752872,0.23416578419351994,2.014841442732468,0.20440010256265528,1.9437884483135182,0.20044862147351475
927,0.9028690249373567,0.23416578419351994,2.010825317845621,0.20359121133668628,1.9440108994296734,0.19965536780517176
928,0.9026209380209571,0.23416578419351994,2.0107825206435344,0.20278632649738532,1.9402788126853723,0.1988660430716709
929,0.9027578311795088,0.23273975425508786,2.0107399352441497,0.20198542502090439,1.9365651959815813,0.19808062469426332
930,0.9025054468435103,0.24054775577143464,2.006752023327436,0.20118848403207454,1.9289244061470707,0.19729909024000483
931,0.9022736923563635,0.23524692145885168,1.9988422225184683,0.20433707434207163,1.9252629637098388,0.19652141801368211
932,0.9022678497749461,0.23401957112271196,2.010659743191476,0.20353246566124256,1.9255572977914417,0.19574758468259534
933,0.9023935875110586,0.23401957111592345,2.0027503743062,0.20666554452033983,1.9258501505043688,0.1949775688403331
934,0.9023371486753172,0.23678232950331812,2.0105991388599773,0.20585339307568248,1.9182819712265875,0.19421134922324307
935,0.9026071273248556,0.23678232950305406,2.010557528138945,0.2089711004060656,1.9225290096138283,0.19344890291693453
936,0.9032552195330983,0.23555178848911792,2.0026722526844978,0.21207346414270525,1.922832845783833,0.19269020894050673
937,0.9029336384024237,0.24343842253249137,2.0144158271124315,0.21124255717480697,1.9192171730521008,0.1919352460223311
938,0.9031817408713125,0.24343842253245945,2.010445303413807,0.21041573295045687,1.9234474637406642,0.1911839925200052
939,0.9032641974822536,0.24343842195228824,2.006494273742785,0.2095929681740476,1.9276569886188482,0.1904364274370473
940,0.9033051669732227,0.24343842195228824,1.9986563485946705,0.20877423969940562,1.9240333058962655,0.18969252974281584
941,0.9030171870689065,0.24343842182547407,2.002563966052737,0.20795952452874567,1.9282322002308983,0.18895227854149496
942,0.9026911550182322,0.24091646507368808,1.998655496894529,0.20714879981162232,1.932410458725869,0.188215653071142
943,0.9025294035989105,0.24483946439918405,1.9947661560622607,0.20634204286792335,1.9326736913800762,0.19137720980598796
944,0.9023930749173609,0.24483946439918405,1.990895834848704,0.20942991553938164,1.940717005699562,0.19063262147194635
945,0.9026652009120266,0.24357334719838622,1.9909312208787482,0.20861590424232326,1.9370606369144763,0.1898916714168104
946,0.902985757266176,0.24357334719838622,1.994849344995708,0.21168877813905304,1.9334252323058836,0.1891543389843909
947,0.9033785531004386,0.24231303424886708,1.9987483544264135,0.21086763104211848,1.9375625077434118,0.18842060365040175
948,0.903647532387422,0.24106211426657376,1.9948780519492626,0.2100504867523119,1.9339293098772845,0.18769044502153148
949,0.9039157870363376,0.2398204931344399,1.9948978804421569,0.20923732259236147,1.9303138142711318,0.18696384283452191
950,0.9039078252544053,0.239429240247634,1.9871827919624627,0.20842811602951897,1.930526248726149,0.18624077695525382
951,0.9040786406630784,0.2394292402475778,1.9910958565767516,0.20762284467454434,1.930794685364376,0.1855212273778396
952,0.9042007042583342,0.24472538039850195,1.9872705406043947,0.20682148628159283,1.938781162234639,0.18480517422730175
953,0.9034072323375993,0.24472538034360478,1.9873196231771306,0.20602401874363266,1.9428730418935565,0.18409259774435022
954,0.903250725805094,0.24224937355201953,1.9873684676271561,0.20523042009683132,1.9392411221661943,0.1833834783060101
955,0.9031384385469753,0.22881884527045535,1.9912651967162276,0.2044406685430539,1.9356268082524388,0.18652591786493886
956,0.902991020876175,0.22881884527045535,1.9912987757042833,0.2036547423413907,1.9358742765200767,0.18580886089587273
957,0.903435246315664,0.22772137914128443,1.9990130579597913,0.20287261996993394,1.932280114164122,0.18509527443453735
958,0.9027867675762494,0.2266313091970161,1.9951802500756401,0.2020942800162129,1.9248667391443324,0.1843851389447965
959,0.9031244812878663,0.2266313091970161,1.9951987230189323,0.20131970120341572,1.9213219471752347,0.1836784350142852
960,0.903042348673183,0.22663130903544773,2.0028749644864314,0.20054886238944145,1.9139653438408757,0.18297514335354506
961,0.9031574580206112,0.22663130903542225,1.9990388656097529,0.1997817425659595,1.9257697633224555,0.18227524479516588
962,0.9036378607116563,0.22663130903539866,1.9913999810625092,0.19901832085747612,1.9336959750510982,0.1815787202929341
963,0.9035037843502725,0.2266313090091647,1.983797892712394,0.19825857652040785,1.9377665474544012,0.1808855509209874
964,0.9038977858467945,0.2255332219697279,1.9838596817773442,0.19750248894216227,1.9341902399358637,0.18400936160791806
965,0.9038782698773316,0.2255332219697279,1.9801113416807634,0.19675003764022556,1.92682130007071,0.18330831685424426
966,0.9041086920385779,0.22335656252740907,1.98018703839304,0.19600120226125695,1.9232938076326092,0.182610640988125
967,0.9042658692610253,0.2233565625274091,1.991669031474847,0.19525596258019007,1.9197834356945247,0.18191631516624554
968,0.9037614372490889,0.22227790096762504,1.9879022563607036,0.1945142984993411,1.9162897122384013,0.18122532066397115
969,0.9040380180688891,0.22014562523545614,1.9917427858457277,0.19757081315498598,1.9166073612307601,0.1805376388745224
970,0.9040790760913165,0.22014562523545617,1.9955649179250405,0.19682185571407246,1.9207143189603952,0.18364408168919077
971,0.903931347405259,0.21908889015177985,1.9917946723192357,0.19986352463455212,1.921014577122874,0.1905226968314979
972,0.9039826327685938,0.21803934096547756,1.9956089714737326,0.19910738969646163,1.9175301429244547,0.1898019006390114
973,0.904358144781038,0.21803934096546543,1.99184609232439,0.19835486830841118,1.9216213106512576,0.1890845491135797
974,0.9044409464580058,0.218039340965414,1.9881011816662004,0.19760594035862095,1.9181415745819115,0.18837062308336772
975,0.9040605905544333,0.21803934053065632,1.9843741395634882,0.19686058586140162,1.9184503400739075,0.18766010349673795
976,0.9041309553187303,0.2180392934184692,1.9844330202041425,0.196118784956282,1.9187576877365293,0.1907211249188481
977,0.9044014163192512,0.21594140320594515,1.9882560075714355,0.19538051790714311,1.9115347442011024,0.1900031767522119
978,0.9046578675419321,0.21594140320587563,1.9920607970414137,0.1946457651013591,1.9081068094153983,0.18928864610851223
979,0.9045655230813731,0.21594140320587563,1.988333757586207,0.1939145070489442,1.9122089149736399,0.18857751403417464
980,0.9046591817842544,0.2159414032058756,1.9846244313002908,0.1931867243817065,1.9087852936726497,0.1878697616940663
981,0.9049478976341281,0.21594140320587563,1.9809327200853042,0.1924623978524078,1.9091272904214767,0.18716537037067926
982,0.9053256021447842,0.2159414032058756,1.9884953632583802,0.1917415083339298,1.905722052089521,0.18646432146331948
983,0.905439921363086,0.21489035516461882,1.9847965435688544,0.1910240368184468,1.9060748280972417,0.18576659648730223
984,0.9059183675030276,0.21489035516364155,1.984853376043086,0.19030996441660414,1.9026878039364143,0.18507217707315335
985,0.9056232688577478,0.2148903459802758,1.9774411549397644,0.18959927235670332,1.8993168461885956,0.1843810449658165
986,0.9057142184812157,0.2138409261856719,1.9849866338022368,0.19262260172756404,1.8922311418488023,0.1836931820238665
987,0.9052286877766903,0.21279887542549625,1.992496449478634,0.19190471059177883,1.896359719890181,0.18300857021872835
988,0.9052263376657552,0.2127988680991704,1.9962475926225915,0.19491341572533344,1.8930224143435999,0.1823271916339023
989,0.9049620101985045,0.21176130658131342,1.9925420651081696,0.19418843828975552,1.893420357356523,0.18164902846419448
990,0.9051318135505786,0.21176130658131342,1.9962855439660798,0.19346687931641104,1.9012479162864018,0.1809740630149535
991,0.9054714937261235,0.21176130658128922,1.9925872792231716,0.19274872000653276,1.9127508677512048,0.18401433070188733
992,0.9054998603196167,0.21176130658128922,1.996323110935897,0.19203394167791255,1.916782760245828,0.1870402852859655
993,0.9055633199529869,0.21176130658128922,2.0037460051001106,0.19132252576410333,1.9282049587955776,0.1863473690529642
994,0.905527747127369,0.21176130658128925,1.9963302743259959,0.1906144538136271,1.9284736266949947,0.18565770982677285
995,0.9057516464799595,0.2117613065812745,1.996343842162163,0.1899097074891885,1.9213436123261276,0.1849712897469397
996,0.9056798174880489,0.21071421640417132,1.9926638072649467,0.19290180762589101,1.9216341362866112,0.18428809106346644
997,0.9051806958342019,0.21071421640414867,1.9926908766963873,0.19219002939910831,1.9256131417286773,0.18360809613605386
998,0.9045617300073187,0.21071421640413127,1.9927178192896886,0.19516774568579123,1.9258873435429664,0.18661744679638734
999,0.9046742255403555,0.20863423146599833,1.9890621606922991,0.19444904533249255,1.9187953352173093,0.1859302327053859
1000,0.9045848869557548,0.20760682139128428,1.9927811931661352,0.20109129609458923,1.9301304537194626,0.18524623360434053
1001,0.9041933203817961,0.20760682139128425,1.9891326056730554,0.20035226196204484,1.9303872421240469,0.18456543193754685
1002,0.9041732539425376,0.20760621858904926,1.9891725047046607,0.19961667981680056,1.9306428214784983,0.18388781025744683
1003,0.9048453542755899,0.20760621858904924,2.00021554121606,0.1988845308355169,1.9308972079739055,0.18321335122389296
1004,0.9050560652385762,0.20760621858904924,1.996550642824409,0.19815579631065933,1.9274862994849737,0.18254203760341772
1005,0.9052776623120216,0.2076062017033051,1.9929028226632453,0.19743045764971096,1.9277518513154976,0.18187385226850847
1006,0.9050864697221682,0.2065725032714685,1.9892719878029517,0.19670849637439147,1.9280160474592167,0.18120877819688772
1007,0.9051629553623999,0.2065725032714685,1.9929643114272388,0.1959898941198815,1.9392384127093316,0.18419993124215753
1008,0.9044868405067977,0.2045249346980333,1.9929899880422755,0.19527463263405284,1.9394601616357752,0.1835276970073188
1009,0.9042566278583329,0.20351364003449146,1.996661379188073,0.1945626937767045,1.9469725493292673,0.18285858552500955
1010,0.9042023919697423,0.203513639916086,1.996673539078726,0.1938540595188041,1.947165686660687,0.18219257985075143
1011,0.9044687390631457,0.20351363991608604,1.9966856425712032,0.19314871194173516,1.9473579269211825,0.18152966314383975
1012,0.9042931600797649,0.20351363991608576,2.0003326026667487,0.19244663323654979,1.9439143635957705,0.1808698186666412
1013,0.9044927662999891,0.20351363991607171,2.0075939540930796,0.1917478057032268,1.9477493058231956,0.18021302978389667
1014,0.9044719854645933,0.20249904143238973,2.0003111056140073,0.19105221174993559,1.944311202926217,0.17955927996202917
1015,0.9046161044161972,0.20249904143238973,2.0148060753530026,0.1939838581906301,1.937264971883307,0.17890855276845705
1016,0.9045388314019629,0.2024990412745192,2.0219932755777874,0.19328155862589602,1.93025129544452,0.17826083187091196
1017,0.9048476313433635,0.20249904127451918,2.014680163675827,0.19258250107516675,1.9305035614086445,0.17761610103676218
1018,0.9049020312245653,0.20249849556231003,2.0146271217706055,0.19188666804530996,1.9235283267198002,0.18058751264958411
1019,0.9051436603140759,0.20148077244031726,2.018183881493274,0.19119404214977384,1.9165852412881672,0.1799356717012488
1020,0.9050980687338409,0.2004706055666228,2.0109064125332203,0.19050460610786935,1.920491980089171,0.17928683277352764
1021,0.9054478026042384,0.20244446621020018,2.0180718143791916,0.1898183427440576,1.9243807406821107,0.17864097970225518
1022,0.9053916566208785,0.2024444657514111,2.0108092891127525,0.18913523498724252,1.9390478588592854,0.17799809642155875
1023,0.9053014949942971,0.2024444657514111,2.0035801325930005,0.18845526587006875,1.9428626481290854,0.17735816696319767
1024,0.9054106489484762,0.2024444657458787,1.9963841655253975,0.19136997294151872,1.9430678748995016,0.17672117545590724
1025,0.9055040755649614,0.20244446574578603,1.9963971390116872,0.19427130889681582,1.9468601105491885,0.17608710612474757
1026,0.9054787138667129,0.20244446574577982,1.9964100530290902,0.1935749669973826,1.9470505840270442,0.17545594329045724
1027,0.9054224962687609,0.20643600063965398,1.992842111079051,0.19288181547152944,1.9436593882614512,0.17482767229054147
1028,0.905420192559178,0.20595542734959912,1.9928674970442846,0.19219205473939843,1.9438606462017345,0.17777960235669635
1029,0.9049598352299858,0.20587480790877682,1.9964666275134946,0.19865251216597538,1.937192815853868,0.1771442817988073
1030,0.9047940684298206,0.20587480790877682,2.000049311504906,0.20151337847588893,1.948127250690082,0.17651186438253533
1031,0.9048049653414794,0.20484182482910668,1.996482634314833,0.20079468074545107,1.9411792522779476,0.17588233458512653
1032,0.904870896050559,0.20675189013464074,1.9929322285139317,0.20007926337794554,1.9413890113251067,0.1788188363674265
1033,0.9048209945339751,0.20675189013461517,1.9965167608123526,0.20292648160673188,1.9415976298391877,0.17818235299195392
1034,0.904721238089933,0.20675189012064188,1.9965291465764312,0.202204912001241,1.938271964020527,0.1775487690006688
1035,0.9048535958984028,0.20675189012061485,1.9929892121541852,0.2050388906195361,1.9349392025455412,0.1769180689341709
1036,0.9053086890050375,0.20497932675460317,1.9930140914304042,0.2043112663770755,1.952913651269125,0.17629023742622207
1037,0.9053714790821511,0.20891609586379734,1.9894936912571841,0.20358694894416918,1.9530805802096698,0.17566525920312523
1038,0.9053590534633766,0.20891609576071063,1.9895309006417365,0.20286592072592802,1.9461635135518025,0.17504311908310782
1039,0.9052882880087675,0.2078751061874158,1.986029858051337,0.20214816423328943,1.946353999694886,0.17442380197570984
1040,0.9054284304852902,0.2078751061874158,1.9966828766308944,0.20143366208231314,1.9430092493040478,0.17380729288117616
1041,0.9057107202235457,0.20787510012782917,2.0072876315584396,0.2007223969934821,1.9432104947845494,0.17319357688985346
1042,0.9055636056786057,0.20787510012782917,2.0072619245489594,0.2035418365813406,1.9398833341103616,0.1725826391815913
1043,0.9053290948730118,0.20783500203324184,2.010760292892785,0.20282456348046068,1.9331831672529312,0.1719744650251478
1044,0.9050226567968939,0.2057713470285837,2.007201975089922,0.20211053240883553,1.9369388355623605,0.17488947664861926
1045,0.9051968664473371,0.20577134702858293,2.0142104827202587,0.20491664439403295,1.9336438581730013,0.17427440466629293
1046,0.9055875337405204,0.2057713470285829,2.0106471525337026,0.2077100926674726,1.9444172038140726,0.17366210844428392
1047,0.9055620028587958,0.20577134702858293,2.0176295649578186,0.20698105280232104,1.941102402037746,0.17656246469222922
1048,0.9057131694105663,0.20372799791302798,2.0140613656970374,0.20625529790580757,1.9378025366221308,0.182956135522573
1049,0.9056009009483057,0.2037279979124671,2.0175149890586597,0.20903568925161853,1.9345218288566395,0.182315262387259
1050,0.9053596476425442,0.203727997912467,2.0174536975001907,0.20830419446581241,1.9312515842250155,0.18517664995288657
1051,0.9055107149462949,0.203727936564593,2.0104009217451173,0.20757598802705796,1.9384836810268777,0.18452929463126916
1052,0.9052141179521918,0.20372793656459304,2.0103645977144335,0.20685105260853576,1.952668062662319,0.1873772328861121
1053,0.9054952908663007,0.203727936564593,2.0242840170807637,0.2096182660768091,1.9563220939162087,0.1867234933782989
1054,0.9057623532444492,0.20069336808650717,2.0241993773748423,0.20888766090809122,1.952988921297949,0.1860726858321032
1055,0.905543132227425,0.19969937751848843,2.02759704124843,0.21164225416429425,1.9531526109035628,0.18542479483075056
1056,0.9056288191674216,0.19677158841968795,2.037936378750934,0.21090606841627763,1.9498429428317747,0.18477980504918579
1057,0.9057121723911081,0.19677158820687718,2.0343295836883937,0.21017317670750155,1.950043085381594,0.18761266863719323
1058,0.905948915333568,0.19677158820687715,2.034210408739336,0.2094435617533925,1.9467450167599958,0.18696137235494448
1059,0.9059997179362181,0.19677158820686141,2.0306237418130295,0.20871720637201088,1.9434617933644944,0.18631298575483307
1060,0.9061359582737429,0.1967715882068614,2.0374467602867794,0.20799409348337644,1.9471222313697403,0.185667493590286
1061,0.9062997667192969,0.19677158820686114,2.0373171534816157,0.2072742061087982,1.9507665767499722,0.18502488070514694
1062,0.9064062035507251,0.19677158820155063,2.030272852528433,0.21001516328180264,1.9509368224107104,0.18438513203308257
1063,0.9063916348300594,0.19677153666640596,2.033622464650491,0.20928973310427393,1.9476523069056924,0.18374823259699313
1064,0.9066255992318992,0.19579454217099923,2.0438586253367097,0.20856753125622804,1.9512836720828883,0.18311416750842713
1065,0.9068222960791302,0.19879294787634624,2.0402601538907836,0.20784854087998747,1.951451610846593,0.18248292197854718
1066,0.906770327257219,0.1987929478763462,2.040121504644544,0.210576578209716,1.9516188033908777,0.1818544812713263
1067,0.9067338897790824,0.19879294770932376,2.0434238618663914,0.20985211247038799,1.951785254785807,0.18122883077237512
1068,0.9069504261428151,0.19879294770932376,2.0467115683376957,0.21600476520737372,1.9485140143516093,0.18060595594206647
1069,0.9069977592429896,0.19879294770932376,2.0465511833748806,0.21526310917935856,1.9555578263072586,0.1834193593015334
1070,0.9066357380976918,0.19879294770932374,2.042961423676758,0.214524738380013,1.952280183463818,0.18622030045072147
1071,0.9067259817677562,0.1987929474196036,2.039387552818545,0.2137896357257275,1.9490170475922362,0.18558218739123514
1072,0.906477316208187,0.20178295220800746,2.0358294882334333,0.21305778423349356,1.952614805918836,0.184946896534909
1073,0.9062524288608725,0.2017829522080075,2.0322871478405213,0.21232916702024754,1.9561966646340767,0.1843144132260425
1074,0.9061965733130684,0.20178295220800668,2.0253440578040225,0.21160376730221908,1.95634631657966,0.1836847228954154
1075,0.9065106213011503,0.20178295220773712,2.0252575591036353,0.21088156839428424,1.9530823297391717,0.1830578110593425
1076,0.9062588786822945,0.1997804911186797,2.0217618755003888,0.21016255370932316,1.9532423184081527,0.18243366331921185
1077,0.9069032558633946,0.19879171938165177,2.0148754342663113,0.20944670675758228,1.953401582478974,0.1818122653609314
1078,0.9070685062745185,0.19879171938165177,2.0114220628600012,0.2087340111460412,1.9501574804775126,0.1811936029543792
1079,0.9071810737897888,0.19879171938165177,2.007983882327127,0.20802445057778382,1.9503269127913054,0.187376367773357
1080,0.907308672408098,0.19879171938165177,2.0113527246764207,0.20731800885137416,1.950495600445664,0.18674004601228264
1081,0.9074520506308609,0.19682461436486087,2.0079216488668505,0.20661466986023658,1.9472709863924997,0.19289164101251335
1082,0.9075748871722448,0.19682461436486087,2.004505630917783,0.2059144175920402,1.947449693990726,0.19223789842382638
1083,0.9075618488652855,0.19682461435759616,2.001104593173553,0.2052172361280879,1.947627638420848,0.1915870226812848
1084,0.9077284787860818,0.19584864675594224,2.0044832555660643,0.2045231096427095,1.944422386774339,0.19093899901033512
1085,0.90762998123784,0.19584864675592029,2.011226142283335,0.2072110402616066,1.937852357867081,0.19029381272270968
1086,0.9079960978435202,0.1948777156671405,2.007812606332413,0.2098872108058632,1.9346865055566846,0.19302708974590238
1087,0.9076955110348768,0.1948777156671405,2.017903059871487,0.2091794151799728,1.941937986215353,0.19237615094274266
1088,0.9075007535117738,0.19487182229141795,2.017842746324774,0.20847471148577826,1.9455024897708972,0.19172805569815257
1089,0.9075045895709704,0.19487182229141797,2.021148224832086,0.21113861262725775,1.9423203739271229,0.19108278940806767
1090,0.9073906640117362,0.19390140662256605,2.021077121012074,0.21042872978702132,1.9391521374203906,0.1938025024905103
1091,0.9077552479373365,0.19390140662256608,2.017647522631517,0.21308074528509927,1.9494329274769997,0.19315155778220994
1092,0.9079368930897979,0.19293607955813064,2.0242992019529593,0.21236576406788815,1.9428917079724886,0.19585889523097808
1093,0.9077814136614567,0.19293607955813066,2.0208656551977753,0.2116538941584543,1.9397310467533584,0.19520235789021667
1094,0.9077071775488865,0.19197582264663576,2.027493267755718,0.21094511963258844,1.936584136286986,0.194548675333552
1095,0.9076500231993351,0.19102285227621082,2.0207104997468583,0.21693021679746466,1.9401418985749699,0.1938978329597674
1096,0.907871899375205,0.19102285227621082,2.013957179481487,0.21620522465759445,1.9369998951376817,0.19324981625232573
1097,0.9078718941630581,0.18863477401764153,2.0272654283340943,0.22216080161478466,1.9438876582688587,0.19594740078078787
1098,0.90801836328298,0.18863477401764153,2.0238391129877145,0.22141981204875674,1.9440748139662003,0.19529384273448314
1099,0.9080810612837392,0.18863477401764153,2.0237596800807647,0.22068203210969575,1.937597076752916,0.19464311560189979
1100,0.9081635195783889,0.18863477401764153,2.020351880139216,0.21994744543788522,1.9311473763658293,0.193995204953652
1101,0.9084631164014079,0.18863477401764156,2.020284202326906,0.21921603576818632,1.9280509730691662,0.1933500964437721
1102,0.9086830674219896,0.18863477401764156,2.016894756920046,0.21848778692943147,1.9249679323673394,0.19270777580917575
1103,0.9086047313353045,0.1877210431973848,2.016838687620062,0.2177626828438221,1.9351731632727192,0.19206822886913075
1104,0.9088032001892954,0.18681403459475393,2.010152015079079,0.21704070752633112,1.9387035142193547,0.1914314415247299
1105,0.9085543577341776,0.18681402324787366,2.00349417285553,0.2163218450841089,1.9356292131282293,0.1907973997583673
1106,0.9083985220538877,0.18681400266144166,2.0034826113420845,0.21560607971589388,1.9358423533252656,0.1901660896332183
1107,0.9086177966790253,0.18681400169758336,2.013387573274591,0.21489339571142715,1.9459709015427438,0.18953749729272323
1108,0.9082309558793115,0.18681400135438606,2.0133433649990007,0.21418377745087108,1.9428471308956505,0.18891160896007467
1109,0.9080965314951821,0.18590537786908928,2.010000459898981,0.21347720940423204,1.9364383105151017,0.1882884109377082
1110,0.9081187002040305,0.18590537786908057,2.016558681708739,0.2127736761307871,1.9366477837586735,0.1876678896067969
1111,0.9083974289100522,0.18590537786908054,2.019796461301062,0.21207316227851494,1.9500255406593352,0.1870500314267491
1112,0.9085156582366034,0.18895223706076605,2.023020355657522,0.2113756525848242,1.9469009024640866,0.1864348231929784
1113,0.9084374924910592,0.18803277893688097,2.0262304349257154,0.21068113187081267,1.9405039395394617,0.18582225100248623
1114,0.9080620594260881,0.19389738790420913,2.0260644946912727,0.21663429278627636,1.9374966453686693,0.18841497820675954
1115,0.9078295604107139,0.1938973879042056,2.0194207196528198,0.21592391584089404,1.9377016254332318,0.1877971367054842
1116,0.9068277161658767,0.19389738790420558,2.016081224522245,0.2152165760236585,1.9346300279574937,0.1871819367085904
1117,0.9066932908672436,0.2005952372288862,2.0225737953987326,0.21451226179987384,1.9315713696179684,0.1865693803800015
1118,0.9066846189594165,0.1987141357288156,2.0224999942105946,0.22034961055568633,1.9285257553249968,0.18595942349419745
1119,0.906809817387813,0.1987141357288156,2.0191604454499212,0.2196299349830578,1.9222270699141524,0.18535206841763815
1120,0.9072465055728441,0.1977825537095613,2.022360726734089,0.21891332688226434,1.9257436252680507,0.1847473020694755
1121,0.9070378443472961,0.2052510987390622,2.019028304095904,0.21819977108969485,1.9259856661568808,0.18414511193922734
1122,0.9067356798075229,0.20525109873904943,2.0157100637597285,0.21748925178531062,1.9327748055998577,0.18354548410191385
1123,0.9065741408898913,0.20429580658743807,2.0221650069824375,0.22003477820190667,1.9329934907854565,0.18294840619660163
1124,0.9060434233915778,0.20429580658743807,2.0285925213892666,0.21931971515979795,1.933211246729071,0.1823538654383046
1125,0.9061171154325808,0.2042958065874381,2.0284996950630965,0.21860768829312835,1.9334280780647586,0.1817618491148358
1126,0.9061111178251066,0.20429580658743812,2.0284072625786003,0.21789868239976415,1.9401305489761338,0.18117234458634734
1127,0.9062825247887606,0.2042958065874133,2.03155526007812,0.2171926823640253,1.940324528279599,0.1805853392848734
1128,0.9060396968058316,0.20429580658587995,2.0314531220219445,0.21972647285046518,1.9372809491970933,0.18000082071387646
1129,0.9059478008759476,0.20428978991195507,2.0313514163227673,0.21901597312540094,1.9342707536359858,0.1794187764477967
1130,0.9062243358320914,0.2042897899119551,2.0280198082574628,0.21830847869532904,1.9280224158324963,0.17883919413160437
1131,0.9065625147054087,0.20428978991195512,2.0247022815801765,0.22083107841034086,1.934708902664198,0.1782620614803555
1132,0.9065625147054087,0.20401403441354826,2.0246226444292597,0.22011914587644213,1.928471636508794,0.1776873662787503
1133,0.9062859347514668,0.20401403441354823,2.021322687271063,0.21941021780907954,1.922260692596405,0.17711509638069498
1134,0.9064102246999002,0.2040140344135482,2.0341238310360126,0.22192171628906643,1.916075939839273,0.17654523970886624
1135,0.9066259307322257,0.2040140344135482,2.027585707067728,0.2212084108008684,1.9131314691204084,0.1759777842542791
1136,0.9066455344648375,0.20856712406043898,2.0371301549212495,0.22049810869168077,1.9166214133187256,0.18183473527326885
1137,0.9067881554990668,0.2076924990423607,2.0305954504500274,0.21979079503610374,1.9136810758869267,0.18125144595582235
1138,0.9069055010573157,0.21012902143778978,2.033701997480151,0.21908645499583407,1.9107531003604852,0.18067060905350935
1139,0.9063268369832688,0.21012902084359214,2.0271913242261492,0.21838507380792016,1.9110388188278935,0.18009221197094444
1140,0.9064053396347977,0.21077477068333675,2.0303025514160686,0.2176866368021594,1.9081251439009939,0.17953085249994394
1141,0.9066010840756545,0.21077476894202052,2.0302057349574274,0.21699112938500073,1.9052237026484387,0.1789572525704452
1142,0.9061296080076193,0.21077476894202052,2.030109324285648,0.21629853704835533,1.9055262096561119,0.1783860567705584
1143,0.9056296187231869,0.21077476894202055,2.026824707367402,0.21560884536473365,1.9026388397061205,0.1778172532016225
1144,0.9054689059461181,0.21077476894202055,2.026739259327351,0.21492203998782264,1.8997635556883767,0.18043625304065677
1145,0.9053087107398846,0.21077476894202055,2.0298364077866355,0.2142381066519783,1.9000825327489375,0.17986206172711655
1146,0.9055839203956187,0.21077476858870267,2.0265624975706618,0.21355703117172187,1.8940420617215217,0.17929026970568265
1147,0.9057093636982989,0.2098971899820556,2.0328299003572985,0.21605468050102544,1.8943785715318335,0.17872086513392046
1148,0.9056186527754732,0.20911813519351366,2.0327257407103034,0.21536920235434415,1.897886476039171,0.18132654300199766
1149,0.9056310815374553,0.20911519802926795,2.042130622244195,0.21468658199060459,1.9013796589852994,0.18075182206053264
1150,0.9056272965044628,0.2082457259004606,2.0419972212030015,0.2140068053330992,1.9080246631295963,0.18017949533056637
1151,0.905646904256179,0.2052430180756263,2.0418643754071257,0.21332985844758381,1.9051524909269157,0.17960975323097123
1152,0.9057450358312576,0.20524301801853095,2.0417320822523886,0.21265572728715693,1.9054522173141997,0.17904217899522806
1153,0.9055455479809849,0.20487490026184557,2.0384434561335434,0.21198439807401945,1.9085814104787473,0.17847696381538491
1154,0.9057423680420499,0.20487489999184366,2.0414759434681793,0.21131585704395695,1.9057160175915728,0.1779140961028757
1155,0.9058995616844395,0.20409350983754965,2.0476464211203496,0.21065009050966788,1.9060131524239339,0.17735356433389
1156,0.90573772887844,0.2040935018729146,2.0443490311497263,0.20998708486028603,1.90001418063943,0.17679535704897084
1157,0.9056550123655277,0.2040935018729146,2.044209585355212,0.20932682656090604,1.8971842835877992,0.17938374336786364
1158,0.9057336369998726,0.2033130527088666,2.0409295791489,0.20866930215211246,1.9006483797280789,0.17882027430972638
1159,0.9060279439154943,0.2063544467667679,2.0345251457244475,0.20801449824951163,1.900960144938142,0.17825913660424395
1160,0.9060545062800162,0.20635444676187412,2.037551775972498,0.21049726335209326,1.8950008976120303,0.17770031884482898
1161,0.9060418950475081,0.20635444676187284,2.043697631032788,0.20983804307035014,1.8953318621045254,0.1771438096893689
1162,0.9060288093197583,0.20556535671812148,2.0466895170471613,0.20918154411487472,1.8894021300765471,0.1765895978585284
1163,0.9058791614821811,0.20556533214715741,2.0434181189846825,0.20852775319886913,1.8928732871007448,0.17603767213568555
1164,0.9059525042850475,0.20556533214715741,2.0401602051263703,0.20787665710936437,1.890085426509139,0.17548802136654426
1165,0.9061673990993802,0.20556533214715741,2.0369157097251356,0.20722824270676435,1.8904282749727335,0.1749406344587493
1166,0.9062844379908849,0.2047748286338386,2.0368006763515623,0.20969860587719266,1.8907697631700886,0.17439550038150392
1167,0.9064792837195473,0.2047748286333004,2.036686116052113,0.21215880969250156,1.8942227948636827,0.17696560256657232
1168,0.9065766088381049,0.2039871208274759,2.033462143561866,0.2114990206247971,1.8945517498568725,0.17641526025412071
1169,0.9065629193187226,0.2039871203513652,2.033358184223035,0.21084194083231536,1.8979861303211696,0.17897395243285838
1170,0.9064908283458415,0.20398712035136427,2.0270473126216904,0.2101875571496493,1.8983027476484615,0.17841847645103057
1171,0.9060676689135941,0.2039871168095037,2.0269634506087697,0.20953585648422765,1.8955174995297464,0.1778652779582013
1172,0.9062823443729224,0.20398711680950368,2.029977400452902,0.20888682581586696,1.8989385990374903,0.17731434590214026
1173,0.906197787965337,0.2039871168095035,2.0267902668566333,0.21133482455329974,1.8992764535331017,0.17676566929168588
1174,0.9058676325865506,0.20707600543331584,2.0267074505995772,0.21068152958939446,1.893405259108121,0.1762192371963974
1175,0.9057068394293071,0.20707600543329222,2.0297131627200153,0.21003090503932537,1.8906462541028264,0.17876322854295376
1176,0.9056995506498678,0.2101050600511692,2.023451288246764,0.20938293803245178,1.884896555299574,0.1782328320667237
1177,0.905734516320485,0.21010506005116922,2.0233790109169876,0.2087376157157181,1.8883333260435549,0.17768351498679297
1178,0.9058201260493739,0.20930348970299312,2.0263859674763687,0.20809492530686738,1.8855982018228767,0.1771364382632166
1179,0.9057141456439972,0.20930348970276771,2.0263048078893187,0.20745485409400755,1.8828742242249092,0.17659159107526326
1180,0.9053299830539695,0.2093034530570566,2.0292967661934562,0.20681738943518063,1.8770886266337345,0.1760489626617315
1181,0.9053663561292793,0.20930345305705658,2.023067401168569,0.2061825187579348,1.8805356478172328,0.17550854232058555
1182,0.905208583645412,0.20930345305705658,2.0229966615700015,0.20555022955889932,1.880902002928277,0.17803696736131255
1183,0.9052260419542585,0.2084997139331814,2.0321169579050324,0.20492050940336215,1.8843304523456754,0.17749153636364975
1184,0.9052454495653093,0.20568746494810417,2.032018663233308,0.20429334597932286,1.881624027657701,0.1769485067272571
1185,0.9052319072908676,0.20568746494809756,2.031920767393746,0.20366872687902096,1.8789284990601536,0.17640749342825846
1186,0.9053845506565312,0.20776219722625566,2.028768862553304,0.20610104578726868,1.882352706423688,0.17892307920774755
1187,0.905450717287285,0.2077621972259309,2.028681078598756,0.20547215874656163,1.8827116898478469,0.17837712173641432
1188,0.9049443605817042,0.2077621972259309,2.034690256285255,0.20484581731690651,1.8830692201834047,0.1778333741935467
1189,0.9049435822689291,0.20776219722514783,2.0345846155611547,0.20726726566076753,1.8864705607650551,0.17729182597711005
1190,0.9048849749008063,0.2077621972251456,2.037521614447189,0.20967892720584497,1.8807315161788858,0.17979467918370268
1191,0.9052316308765647,0.2077621972224565,2.0434859237063456,0.209041676892063,1.8810940093283814,0.17924825223821536
1192,0.9050185561764296,0.20702347620654324,2.043353894601998,0.20840699828760847,1.8875272939243892,0.17870403047214042
1193,0.9051724761472131,0.20702347620654324,2.049288597276241,0.20777487908799633,1.8848353351740645,0.17816200333467538
1194,0.9051707334954295,0.20702347620631414,2.0521693175655558,0.20714530705584874,1.885184291952548,0.17762216033256062
1195,0.9052474299421162,0.205074384458578,2.0489843594365937,0.20651827002048795,1.8825048171295595,0.1770844910297302
1196,0.9053625624124063,0.2043486478323419,2.0548842580777174,0.2089177698928266,1.8798362312496213,0.17957299906225999
1197,0.905061349861348,0.20434860973373334,2.0547184531998792,0.20828663108311082,1.8804168360056321,0.17903051055616792
1198,0.9042702983669989,0.20434860973373334,2.0515353424072655,0.2076580278560161,1.8777597626188212,0.17849020148256675
1199,0.90436719140429,0.20717091456113973,2.0513799650629423,0.20703194870554914,1.8751135948484299,0.17795206174643205
1200,0.9039340082466552,0.20498512132209337,2.0572490958203344,0.20640838045923895,1.8724778033600726,0.17741608043647333
1201,0.9039843676716481,0.20498512132209337,2.0540679055196556,0.20578731174374737,1.8698525772554848,0.176882247571068
1202,0.9040345461397439,0.2049851213220934,2.056911305745804,0.20516873067205618,1.8762583089390672,0.17635055293285867
1203,0.9029639861846227,0.2049851213220934,2.0507345659911387,0.2075555452545784,1.8796328151502788,0.175820986359903
1204,0.903081395554849,0.20779370437705652,2.047582447966359,0.20693289560436817,1.8799939067821598,0.17529353784922877
1205,0.9031274797558579,0.20706074661088322,2.0534336871668963,0.20631273427188077,1.8803535554424622,0.1747681971406309
1206,0.9033806132452734,0.20706074661086665,2.0592615598840522,0.20569504950700113,1.8747239187418516,0.1772388789137136
1207,0.903373481330274,0.207060361815431,2.0590843125796328,0.20507982957136567,1.872107714141456,0.17670876945342887
1208,0.9035411921118494,0.20706036154687657,2.058907772038715,0.20446706279007876,1.8665139657329484,0.17618077377433422
1209,0.9035849263278993,0.20706036154687657,2.058731934915889,0.2038567375513307,1.8698973719649672,0.17565488187101563
1210,0.9036091073187892,0.20706036154390917,2.0585567978838135,0.20324884230601808,1.867303361679931,0.17513108379209047
1211,0.9040123000705128,0.20706036154390717,2.061361349945097,0.20860135019135514,1.8647196721548698,0.17758836195187683
1212,0.9041951350367763,0.20914104573735703,2.058202722850298,0.2079805494840746,1.865122268423518,0.1770598563665107
1213,0.904224872954563,0.20914104573256845,2.0610027240921625,0.21033525521409874,1.8595771848212381,0.17653345028131687
1214,0.9037351383729034,0.20914104573256845,2.066761679263323,0.2097105450503748,1.859994250242479,0.17600913380134428
1215,0.9037320177909322,0.20914104573256842,2.0635964905322974,0.21205541300512026,1.8604096613225973,0.17548689707528348
1216,0.9036032110376032,0.20914104573256842,2.060443847453134,0.2114268522340377,1.857859291523594,0.17496673030482776
1217,0.9036984867389151,0.20914104568394123,2.060264862832166,0.2108007809860263,1.8582801982372534,0.17444862374435569
1218,0.9037102095967152,0.20914104568394123,2.0630447987619625,0.21017718754792375,1.8616576476636755,0.17393256770061544
1219,0.9037081619269395,0.20879396377592188,2.0628582732538865,0.20955627229256596,1.8620662100673893,0.17637391399205707
1220,0.9039368761642977,0.2087939590251666,2.0597203949995935,0.20893759896007685,1.8595211367733255,0.1758532049913679
1221,0.9040539940912923,0.2080431791128588,2.0595442586022434,0.20832136867640152,1.862884809070269,0.17533455219294192
1222,0.9038297647467358,0.207296328875214,2.065261623155197,0.20770756997773332,1.8632888140666484,0.17481794594821828
1223,0.9038146819663768,0.20581575231950847,2.068012986342372,0.20709619146167896,1.8636913180602181,0.17430337666032497
1224,0.9038639527979598,0.2058157523191153,2.070753509113974,0.20648722178689208,1.8670326547329448,0.1737908347837703
1225,0.9032850410741149,0.2058157520659074,2.076420819239173,0.20588064967270894,1.8674232581421717,0.17621788782737186
1226,0.9033802709546979,0.20507909653787398,2.0732619106833092,0.20527646389878676,1.8678123235201347,0.17570075160740573
1227,0.9037149063010045,0.205079096537874,2.073047128174143,0.2046746533047443,1.8652681514313534,0.1781173560778944
1228,0.9035045171822667,0.20361589755031012,2.0669756344340797,0.2070039842679178,1.8627340569430288,0.18052446745506545
1229,0.9037050846546106,0.20361589755016185,2.066779673763051,0.20932417179102364,1.866061783439984,0.17999627991225933
1230,0.9039043965834914,0.20361589755016182,2.0607386301796247,0.2087123327735865,1.8606074233520495,0.1794701641459741
1231,0.9037955846692485,0.2036155381694043,2.057641268805587,0.20810289186191844,1.8580958823141265,0.17894611049279113
1232,0.9036987396609948,0.2036155381694043,2.060390210047961,0.2074958378779525,1.8555928296697082,0.17842410934077477
1233,0.9030902191038019,0.20361553658231918,2.0602142227011213,0.2098053298426388,1.8530994945954067,0.17790415112916683
1234,0.9032220391050186,0.20361553658231915,2.0571276661721734,0.21210578994408918,1.8506159023566822,0.17738622634808277
1235,0.9033023686754477,0.2036155342793641,2.0569615190600152,0.21148891257393682,1.8481420158210136,0.17687032553821
1236,0.903358836442265,0.20500998478531227,2.0538905788058486,0.21087444528037247,1.8485833667478055,0.17926206520494137
1237,0.90322058427153,0.2029007430253017,2.0537341594208574,0.213164911196406,1.8462466734586567,0.17874175047437155
1238,0.9035973000015831,0.2029007430253017,2.053578349936293,0.21254681061944328,1.8524917938293077,0.17822346452160637
1239,0.9035875500763612,0.2029007430252947,2.0534231475225067,0.2119311183092111,1.8500223520384145,0.17770719793407636
1240,0.9038052115180903,0.2029007430252947,2.0590562337236316,0.2113178230999225,1.8533502058812426,0.17719294134911343
1241,0.9038052115180902,0.19521179417524093,2.061776454901175,0.21070691388495036,1.8479922635045223,0.17668068545365587
1242,0.9038953281140436,0.19521179417521453,2.0644861010544657,0.21009837961647812,1.8426551504729458,0.17617042098395547
1243,0.9040820320370458,0.19387095799183798,2.061414873792,0.20949220930515253,1.8517646386852922,0.17566213872528624
1244,0.9039430013588089,0.19527727507238013,2.0641201474650694,0.20888839280492483,1.852192087018144,0.17517221166905944
1245,0.9037595394479955,0.19527727506918421,2.0668149284114716,0.20828691766970253,1.8468588683162703,0.1746678192119868
1246,0.9039649700936175,0.19527727506918421,2.0637462020797357,0.20768777387091736,1.853052445768904,0.17416538179585417
1247,0.9042075413929043,0.19527727506918421,2.0635630174224966,0.207090950649642,1.853474722492469,0.1736648903983073
1248,0.9042261848925132,0.1948725120889057,2.0691221093388132,0.20649643730370992,1.8538953648852021,0.17316633604459158
1249,0.9043798619836894,0.19487251206432638,2.0689238730426553,0.2059042231873814,1.8485785707696034,0.17553762425684202
1250,0.9044828796785984,0.1948725120643264,2.0687264028402064,0.20531429771101184,1.8490124004281112,0.17503470054305173
1251,0.9044183603061402,0.1942371504927783,2.068529695205381,0.20472665034072188,1.8523090548126546,0.17453371896198136
1252,0.904490352792792,0.19423715036243092,2.0654744230317097,0.2041412705980702,1.852751576003574,0.17689399417948473
1253,0.9045373681377031,0.19423715036006226,2.071000328996854,0.20355814805972783,1.850315720393525,0.1792451682563029
1254,0.904565675924884,0.19423715035599085,2.073651332367279,0.20583088302373642,1.8450356397472205,0.17873367233223353
1255,0.9048437866425981,0.19423715035599085,2.073441370206804,0.20524410888804862,1.8426266648497238,0.1782241457997697
1256,0.9048898057989792,0.19423715035599085,2.073232215856702,0.20465959231263642,1.8402269406637892,0.17771657962443324
1257,0.9051664936233608,0.19423715035599085,2.075868928276637,0.20407732294792336,1.8349913797034636,0.17721096481914805
1258,0.9050828454375643,0.19423704350061416,2.078495511187873,0.20349729049860188,1.8383029453121322,0.17670729244396258
1259,0.9050544598790911,0.19359646469005407,2.075433254518718,0.20291948472331597,1.8330833079603703,0.17620555360577417
1260,0.9054356988080946,0.19249270562320175,2.0752192850549562,0.2023438954343457,1.8477394752032839,0.17570573945805515
1261,0.9052865864578413,0.192492699448935,2.0721724306375484,0.20177051249729377,1.8425035815792685,0.17520784120058075
1262,0.9051746204896722,0.192492699448935,2.069137246809098,0.2011993258307743,1.8372876882072067,0.1747118500791587
1263,0.9052195715006587,0.192492699448935,2.0774258538624877,0.20063032540610323,1.8349198022901363,0.17421775738536052
1264,0.9050896833490101,0.19249269944893502,2.085682759340132,0.20288871801302483,1.829735756100418,0.1737255544562546
1265,0.9052179529807747,0.19122462978018973,2.0826185359618514,0.20231608632335632,1.827393915954848,0.1788800185969517
1266,0.9047666108669168,0.1905956974367654,2.0852051590320633,0.20174564155542363,1.8250610193914392,0.17837565350888232
1267,0.9048948411272215,0.1905956974367385,2.087781910891681,0.2011773737496087,1.825553793544067,0.17787321320608923
1268,0.9049308197505741,0.18996861849904126,2.084720959525002,0.20061127299820078,1.8232307359648654,0.1773726889285597
1269,0.9051861016645782,0.18996861849904126,2.0816716722995077,0.20285845538372232,1.818105404750919,0.17687407196190844
1270,0.905458592964451,0.18996861849904126,2.0786339961998714,0.20228876469355364,1.8186162222927118,0.17637735363711232
1271,0.9056216314709998,0.18996861849904126,2.0812188970970795,0.2017212416818571,1.8219306054741484,0.17588252533024692
1272,0.9058453714258474,0.18934113849127615,2.0809912644719906,0.20115587650920028,1.8252323866900715,0.17538957846222458
1273,0.9060073347538948,0.18934113849127615,2.0751646889273703,0.20059265938727616,1.8229218171605157,0.17489850449853422
1274,0.9060739972155714,0.1880940745884545,2.0693602345918363,0.20003158057860645,1.8234171235161967,0.1744092949489829
1275,0.9050542637611787,0.1880940745884545,2.063577801252327,0.20226694007846122,1.8267048604398828,0.17392194136743883
1276,0.905071087239455,0.18809407458845448,2.06060880598476,0.20170230852337315,1.8271886167296563,0.17622795212079734
1277,0.9052329514787105,0.18809407458845448,2.066017237887913,0.20113981592068228,1.8248818137914709,0.17573650053464052
1278,0.9050779275072511,0.18747225090570693,2.0630473785544177,0.20057945259969776,1.8253696824312,0.17524690930872122
1279,0.9051579321083247,0.1874722506481293,2.0656550627103587,0.20002120893979466,1.8230725731686115,0.1747591700374687
1280,0.9052313227060073,0.18747225064800002,2.059911771137324,0.20224544837465663,1.8207841244071514,0.17427327435880208
1281,0.9054095989886868,0.18747225060568679,2.062522954581261,0.201683692626426,1.8157267472080092,0.17378921395387928
1282,0.9054094068901524,0.18644410001795575,2.065124282569222,0.201124057142366,1.8134632540972246,0.1760824363552137
1283,0.9053356288519452,0.18644410001795575,2.064943755167419,0.2005665323291375,1.8112082978919688,0.17559432802627187
1284,0.9051277257002788,0.18644410001795572,2.0592253606808337,0.20278038242673976,1.8089618559832938,0.17510805926725687
1285,0.9049481144299634,0.18848197667082411,2.064594525047491,0.20221938931526554,1.8150233921956733,0.17739014403417291
1286,0.9050374352312641,0.18848195624156525,2.067179743242038,0.20166050735600125,1.8238259695219927,0.17689988367097187
1287,0.9050788149543812,0.18848195623666744,2.0725162181330656,0.2011037270603403,1.8243123822506748,0.17641146692133614
1288,0.9051549274677098,0.18848195445246113,2.0723162025401223,0.2005490389885319,1.8220387485532532,0.17592488550456248
1289,0.905188946112821,0.18786713214710205,2.0666060141670637,0.1999964337494006,1.8252845759195981,0.1754401311825587
1290,0.9053844291066961,0.18786713214710202,2.069175375101179,0.199445902000067,1.8285182242665403,0.17495719575959875
1291,0.9057031347884236,0.18786713214710202,2.0662351893298894,0.20164739094463258,1.837239661655371,0.1744760710820795
1292,0.9054597563623467,0.18786713211472425,2.0633060195763964,0.20384063155277357,1.837686798467801,0.17399674903827872
1293,0.9055377735820304,0.18786713211472422,2.060387816523881,0.2032811986686628,1.84087695827962,0.17351922155811497
1294,0.905481932925248,0.18786713211472422,2.057480531108534,0.20272385874557594,1.841313228945581,0.17578519960481254
1295,0.9054615439613486,0.18786713211472425,2.060062071804736,0.2021686024259815,1.8362699113358465,0.17530372769728417
1296,0.905689939785341,0.18786712906933442,2.0571614864655907,0.2016154204002969,1.833981702153888,0.17482405444419755
1297,0.9057669170855246,0.18724773699263733,2.057005235190203,0.20106430340661413,1.8344355141961268,0.17434617181439957
1298,0.9060178879052496,0.18724773699263736,2.0623111148158597,0.2032460162508993,1.834887633392673,0.17387007181784
1299,0.9061283681069106,0.18724773699263733,2.059413082703473,0.2026915520514808,1.8435222011288215,0.17339574650533643
1300,0.9060190601423701,0.18724742908270542,2.056525845233544,0.2021391531303464,1.8412246871897058,0.1729231879683407
1301,0.906319254452344,0.18724739629335294,2.0536493543332868,0.20158881028999998,1.8389365304607643,0.1724523883387069
1302,0.9065876918214029,0.18994131882124615,2.0535034349168373,0.20104051437990414,1.8339348571182488,0.17198333978846217
1303,0.9064096910325318,0.18994128692007237,2.050640903604203,0.20049425629621223,1.831669064945775,0.17151603452957168
1304,0.9065977217136939,0.18994128692007237,2.047789003557101,0.19995002698150222,1.8375548657694438,0.17105046481371958
1305,0.9063512942193723,0.1886840107492306,2.0449476875542265,0.1994078174245121,1.8407071027861621,0.17329834828253304
1306,0.9059108062682708,0.1886839237882398,2.052952968536852,0.198867618659877,1.843848398483325,0.1728288804609369
1307,0.9055862176819762,0.1880593877171806,2.0528096615305067,0.20103572908746,1.8469773578933888,0.17236115239670854
1308,0.9057758808065272,0.1880593877171806,2.05807408993465,0.20049220841485463,1.847391070270483,0.17189515637745895
1309,0.9056688582383983,0.18805938771717307,2.060618137732488,0.19995069898629866,1.8505041518602723,0.17143088473000972
1310,0.9058409286862438,0.19075172761756337,2.063152778402826,0.19941119189765244,1.8482093210800439,0.17366653038401741
1311,0.9058025119526439,0.19075172761756337,2.060287046142288,0.19887367828969116,1.8459229697065758,0.17589391531866247
1312,0.9058904377380121,0.19011916110705826,2.065510323719411,0.19833814934845034,1.8463378698312725,0.17542026650273373
1313,0.9060439004009331,0.19011916110702745,2.0760945655800658,0.19780459630456912,1.8413710029240966,0.1749483652701244
1314,0.9057389288428735,0.19011916110702745,2.08126492545044,0.19727301043313725,1.8391098778235846,0.1744782039040836
1315,0.9058372860746962,0.19011916110202226,2.0864162364565906,0.1967433830534432,1.8368570833234952,0.17400977472695214
1316,0.9056463195352396,0.1901191610986892,2.088866522771121,0.1962157055287239,1.834612582577081,0.17890718976210965
1317,0.9054215908816757,0.1901191610986892,2.0886284156662667,0.19836934837775227,1.8323763390674483,0.17842782957490372
1318,0.9055481604061801,0.18948440345157835,2.0910678849630133,0.19783837293030404,1.8355017234917415,0.1779502316122117
1319,0.9056231842840424,0.18885281628600312,2.0934983928061763,0.19730934803490122,1.8332675704033776,0.1774743881179937
1320,0.905579074302282,0.18822437731592645,2.0879059195529033,0.19678226511222133,1.8363843246023146,0.17700029137538265
1321,0.9054577737323248,0.1875697125822478,2.082333960515888,0.1962571156262468,1.8374096675470883,0.17776323291059537
1322,0.9056961665723968,0.1869535431166019,2.0821144568883985,0.19573389108402064,1.835177120265631,0.17728931334916956
1323,0.9057359266567754,0.18692459588766483,2.0818957572700203,0.19521258303540354,1.834715984682654,0.17681712968454782
1324,0.9058549681420589,0.1895952579203866,2.081677858040347,0.19469318316609027,1.8298343761371612,0.1763466743014366
1325,0.9058104267602777,0.1916244330678935,2.086776815056745,0.19417568292587958,1.8249706226329394,0.17587794003399515
1326,0.9056943230853088,0.1916244330678935,2.083891017364704,0.19631544697143652,1.8307461366762718,0.17541091852010263
1327,0.9056265924137052,0.1916244304177839,2.083668478082079,0.19579467728584304,1.828542400745116,0.17494560267106163
1328,0.9055725544293302,0.19162443041778388,2.0781466160690187,0.1952758081844305,1.8289967749743061,0.1771320524749731
1329,0.9056133416778478,0.19162443041778388,2.0805871479640747,0.19475883135653757,1.8268020734176342,0.17666310976538674
1330,0.9057824955876841,0.1916244304177839,2.0803740132821797,0.19424373853322624,1.8272601425504995,0.17619587601095213
1331,0.9057045500390213,0.19162443041773994,2.0775195255954624,0.1963726506493784,1.8303587606307279,0.17573034374866114
1332,0.9052751853658921,0.19162443041773997,2.0720359370028754,0.1958543273249859,1.8308297515567151,0.17790599390672146
1333,0.905358486528986,0.1916213612160685,2.0744828392138244,0.19533788880579617,1.833912680407613,0.17743688245382153
1334,0.9047771983902285,0.1942942037544809,2.074286635427404,0.19745754152945147,1.8317159754059404,0.17696947561815995
1335,0.9048112167950615,0.19112918165544177,2.0714595623184455,0.19693791586586223,1.8295277935405876,0.17650376597500908
1336,0.905049270716325,0.19112917930688025,2.076529601572062,0.19904912712703013,1.8247180636248006,0.17603974613678355
1337,0.9054047059519768,0.19050650299243455,2.0842075816062913,0.19852635965699386,1.8225520872882015,0.17557740875283198
1338,0.905606947710733,0.19050650299243455,2.0813629474325657,0.1980054862775355,1.8230176571708696,0.17774044534881184
1339,0.9059091831015088,0.19050650299243366,2.0785286124748183,0.19748649876005614,1.828723694342058,0.1772745740529127
1340,0.9061933149214199,0.19050650299243366,2.078322988704457,0.19696938891702195,1.8265537172439246,0.17942884494506428
1341,0.9063871108675333,0.19050650299243363,2.078118108333877,0.19645414860173493,1.8322391039638808,0.17895948787821553
1342,0.9066447395448423,0.19050650299243363,2.0805271931456244,0.1985539947139604,1.8326775009966143,0.17849182646945708
1343,0.9067970637931088,0.18988184592994908,2.0750957416272833,0.19803564705687868,1.835724994226574,0.18063646645837542
1344,0.9068015052159834,0.1898818459299491,2.074899891649347,0.197519169341015,1.8387618422297118,0.18016536587126086
1345,0.9065204418297381,0.1898818459299491,2.0747047476904568,0.19700455347424645,1.8339711374977257,0.17969596355335501
1346,0.9064156685145192,0.18925827937368794,2.079715892664884,0.19649179140468986,1.8370060692399381,0.18183104514398943
1347,0.906514120105855,0.18925827721012384,2.079508616079018,0.1959808751204778,1.840031990911946,0.18135824960746735
1348,0.9061576909136959,0.18863681098806886,2.084497270286131,0.19547179664953598,1.8430451152286271,0.18088715476034975
1349,0.9063599094607271,0.18863681098806886,2.084278000181897,0.19755954436506107,1.8408574163381501,0.18041775326199824
1350,0.906348772440321,0.18863681093107643,2.084059517674558,0.19704739048731823,1.8360851782422996,0.17995003780819036
1351,0.9062776683378679,0.1880164597421788,2.08125200786941,0.19653707488946368,1.8339198752330241,0.1820738126305392
1352,0.9063483349663188,0.18739919754798373,2.083629013789865,0.19602858965237738,1.8317623385661772,0.1816027470779725
1353,0.9059564220872657,0.1873991033660096,2.091166774300518,0.19552192689615483,1.8270300832108162,0.18113336988898554
1354,0.9058178904350266,0.18739900703676862,2.088349323085293,0.19501707877988977,1.8275269584761247,0.1806656737996883
1355,0.9062598499511695,0.18678287186940612,2.08554195545221,0.19451403750145804,1.825392375075876,0.18277912452663717
1356,0.9061241382560832,0.18678287186940612,2.085321522835369,0.1940127952973028,1.8232654276972697,0.18488501671912666
1357,0.9061762412964119,0.1867828718454579,2.085101878004874,0.19351334444222118,1.8262947181338558,0.1869833828334112
1358,0.9059490614768608,0.18555692580028996,2.084883017580164,0.19301567724915195,1.821597951775388,0.18650250904378438
1359,0.9062419309122764,0.18555692580025873,2.0872341138583987,0.19251978606896486,1.8194871223147917,0.18602335133682676
1360,0.9066509432127257,0.18555692580025876,2.0870102181040013,0.19202566329025092,1.8148172125300885,0.18811251012750627
1361,0.9067293374713562,0.18555692579096897,2.0919152051009497,0.19153330133911411,1.8101639486037147,0.18763018166717113
1362,0.9067061896349377,0.185556925790969,2.094241245854244,0.19104269267896443,1.8132116894764112,0.1871495707687645
1363,0.9065483820657398,0.185556925790969,2.0914411706095706,0.19055382981031196,1.811130746239251,0.1866706700856233
1364,0.9065691693009912,0.18555692576462005,2.096320137577996,0.19006670527056255,1.814169926292047,0.1861934723072281
1365,0.9067813188245156,0.18555692576462005,2.098627961319418,0.18958131163381428,1.8146445003904714,0.1857179701590042
1366,0.9069404464657901,0.1855569257646199,2.0958250820863458,0.1890976415106556,1.817668907851301,0.18524415640212352
1367,0.9069485121710368,0.18555692576461993,2.0955808522923207,0.1886156875479644,1.8206825597301999,0.18477202383330793
1368,0.9067706861681457,0.1855569257637215,2.0927913316331233,0.1906815992489565,1.8185929732386523,0.1843015652846337
1369,0.9069133451230631,0.18555692576372146,2.095098918430498,0.19019657925711564,1.8165107903811295,0.1838327736233371
1370,0.9069490385374307,0.1855569257637215,2.094857265460307,0.18971327651239192,1.8169771809533297,0.18590671134714934
1371,0.906712848896512,0.1843223905793076,2.0920779376695204,0.1892316837072601,1.8199803196366158,0.18543478162111005
1372,0.9067014808761085,0.18432239021494445,2.091844428706944,0.188751793569976,1.8229728422419404,0.18750051293426273
1373,0.9064623597536549,0.18370938595404804,2.0890782869115916,0.19080705667450884,1.8234215185712985,0.18702548829536633
1374,0.9064010205988494,0.183105332392981,2.091383762011809,0.19032413820655686,1.8238684255743056,0.18655214069570372
1375,0.9063844306855394,0.18310533239298102,2.08862431171926,0.18984292342479653,1.824313755935168,0.1860804630172036
1376,0.9062841190596179,0.18249760653746058,2.090926327158941,0.18936340510270652,1.8298092539939177,0.1856104481765657
1377,0.9058768806418342,0.18249756946349935,2.093220232956453,0.18888557604904557,1.8403321578133938,0.18514208912507055
1378,0.9060351224247934,0.18189202627087497,2.0955060634662246,0.18840942910765934,1.8407346520446815,0.1846753788483903
1379,0.9062403543566637,0.18189202626814927,2.095265550300723,0.18793495715728867,1.8436540330003202,0.18421031036640065
1380,0.906261364621422,0.18128866264472474,2.0950258826077124,0.18746215311137887,1.844047366006491,0.18374687673299397
1381,0.9063294878337809,0.1812886626447247,2.0922737858099234,0.18699100991789022,1.8419260462367462,0.18328507103589353
1382,0.9065649616017947,0.1812886626447247,2.092042108572867,0.1865215205591095,1.8448336908248888,0.1853356453842237
1383,0.906313026930675,0.18068656972584973,2.0893029945178294,0.18605367805146292,1.845222889879009,0.18487077734737228
1384,0.9058693105167612,0.18008756240172819,2.0840677392342624,0.18558747544532975,1.8531279491731685,0.18440753878579239
1385,0.905626551643556,0.1800875622932983,2.0838572976750123,0.18762614382277457,1.8559988433235233,0.1864491608255185
1386,0.9054664997872414,0.18008756229328138,2.0836475927109213,0.1871569403682892,1.8613604275500408,0.18598290069479884
1387,0.905583067217154,0.18008756229328135,2.0834386212395772,0.18668937806394242,1.859208545468693,0.18551827141924626
1388,0.9055424097706192,0.17948893804782243,2.078238901099141,0.1912149290764022,1.8620558123650535,0.18505526613438517
1389,0.9056052378617521,0.1777141012436484,2.0730573422563277,0.19073818340192283,1.8623997410275617,0.1845938780090158
1390,0.9056900098072292,0.17771410124364842,2.0703846214122303,0.19026310169056557,1.8652332223763486,0.18413410024503343
1391,0.905627388895802,0.17771410124364842,2.065232958848654,0.189789676951958,1.8705450847135354,0.18367592607724856
1392,0.9051434769174536,0.17654505085566866,2.065070804291322,0.18931790222955405,1.870866881077517,0.18321934877320836
1393,0.9050951244659341,0.17924862648449852,2.064909214484609,0.1888477706004503,1.8736708483010218,0.1827643616330196
1394,0.9050626537171836,0.17866117327036762,2.0622673771269175,0.18837927517520375,1.8764650572324626,0.1823109579891697
1395,0.9050855790059108,0.17866117303747914,2.057156397268173,0.18791240909765045,1.8718145569058968,0.1843374615700273
1396,0.9050767891379199,0.1780763577711815,2.0594907396870386,0.18744716554472518,1.8671802187945732,0.18388106906263577
1397,0.9052332683241823,0.17749398099389102,2.0618169752175515,0.18698353772628235,1.867508732406755,0.18342626155111805
1398,0.905458377064978,0.17749398099389102,2.064135137764739,0.18652151888491794,1.8752488254846609,0.18297303240662668
1399,0.9054960050350414,0.17749398099349348,2.063976824227785,0.1860611022957924,1.8730883290392217,0.1825213750322591
1400,0.9057165358935139,0.17749398099154315,2.066285028961029,0.18806825090587084,1.8709353197437815,0.18207128286288507
1401,0.9057595647914165,0.17749398099154318,2.066121735467231,0.1876049438477877,1.8737167786709439,0.18162274936497508
1402,0.9058213355375885,0.17749398099154315,2.063497964428766,0.18960428271239677,1.8715665244331454,0.18117576803642976
1403,0.9059196940307619,0.17691029992795718,2.068259015057099,0.1915967076973011,1.8718822887699502,0.18073033240641037
1404,0.9061862821069915,0.17691026825149625,2.065635236889845,0.1911261221450256,1.8697428163482985,0.18028643603517014
1405,0.9061355636118099,0.17632872597144006,2.063020519076563,0.1906571616050057,1.8700624245756496,0.1822977430784161
1406,0.9061355635729079,0.1780010151052849,2.057963605876358,0.19264103735719357,1.8679297117157667,0.1818508916965431
1407,0.9060390788536546,0.1780010151052849,2.0627192027006775,0.1921693041248702,1.8682531212320364,0.1814055810290043
1408,0.9061457158831387,0.1780009790420489,2.067458412590782,0.19169919640070726,1.8661290959634513,0.183408125405524
1409,0.9063292180379006,0.17800097904194112,2.0697374281154506,0.19123070743403556,1.864012444520121,0.1854037742694953
1410,0.9064818154973782,0.17800097904194115,2.069567168868863,0.19076383050650855,1.8643444490027612,0.18495112340790337
1411,0.9063797677556763,0.18059843596688796,2.066958465626641,0.19029859574374136,1.8646752382670762,0.184500102606769
1412,0.9064608528501836,0.1794626719287292,2.064358762807289,0.1922714776236767,1.8674415193164737,0.1889236676787372
1413,0.9063637454912148,0.1794626719287292,2.061767986378687,0.19180346586906297,1.8628959434833066,0.18846380489362125
1414,0.9063055758912735,0.17889851772911744,2.0640494725992067,0.19133705995019096,1.8583659643739665,0.19043720658926572
1415,0.9064275395654247,0.17833719244962323,2.0687523922939595,0.19087225322355214,1.8538519271499885,0.1899745858369241
1416,0.9060204795622953,0.17719930950939605,2.0734391982420615,0.1904090390773359,1.8497503067156742,0.1895135501751395
1417,0.9058344580325146,0.17611214645622003,2.0756855545453914,0.18994741093125966,1.8525389775129182,0.1890540930545763
1418,0.9057404337814653,0.17606742781437715,2.0730802664131587,0.18948736223640036,1.8553181043500597,0.19101818724392405
1419,0.905771133998801,0.17752381038473267,2.0753230028795233,0.19144844506378134,1.8556686124659842,0.19055609159045006
1420,0.9057617368383793,0.17752381038473267,2.072723796454645,0.19098568733693075,1.8560174816626809,0.1900954908070248
1421,0.9058845096641889,0.1775238103847327,2.0725481885407415,0.1905245095688041,1.8539504355024408,0.18963646261803457
1422,0.906205724240696,0.18006584066635808,2.0723731797678306,0.19006490525200728,1.8518904417127928,0.19159131126610832
1423,0.906241327549603,0.18006584066635808,2.067378968440341,0.192016767524793,1.8522476257203717,0.1911295954389034
1424,0.9064287096797055,0.1800658406663581,2.0648092632659862,0.1915544889005548,1.852603338219808,0.19066945267340618
1425,0.9062866602590987,0.1800658406663581,2.0718686453991393,0.19109378414309344,1.8481476704017088,0.1926159611350571
1426,0.9063881741024155,0.1800293842196495,2.0692932872387466,0.19063464678656594,1.8485125231031398,0.19215316647317354
1427,0.906574194029966,0.1800293842196495,2.066726684728069,0.19017707039578166,1.8536766942828982,0.19169194521106472
1428,0.9063757542505984,0.1800293841969075,2.064168801942345,0.1897210485660392,1.8492317996587357,0.191232290893012
1429,0.9064409173842105,0.1800293841969075,2.0640150866355254,0.18926657492296425,1.8519884469784578,0.19077419709386528
1430,0.9065960770237677,0.18201677351744516,2.0590757143767493,0.19359982156722372,1.859521919498103,0.19031765741888076
1431,0.9065253469563286,0.18145239890743745,2.0565437848947976,0.19313698299083817,1.857467438220167,0.19225336283292027
1432,0.9061530300474696,0.18033268357844384,2.054020433103784,0.19267571242268144,1.8578078499267905,0.1917942026217028
1433,0.9063537301939409,0.18033268357844384,2.0515056239206104,0.1946019241624483,1.8557611884099525,0.19133659686105142
1434,0.9060983235893912,0.18033268357844381,2.048999322427817,0.19413808347350336,1.8537214520911682,0.19326407518199232
1435,0.9061237895884838,0.17977573424398935,2.0512638011530004,0.19367581086934926,1.8564509174281436,0.19280388372586307
1436,0.9062122983493758,0.1797729182280893,2.048763082495564,0.19321509994864225,1.863928716442617,0.192345246922493
1437,0.9063221038458998,0.1786661854444729,2.0486472020968876,0.19275594434020876,1.859499283525102,0.19188815842939147
1438,0.9065356663568394,0.17866618544447294,2.0485317126231757,0.1922983377028857,1.8598328351748425,0.1914326119339433
1439,0.9065149017155733,0.1806376861786824,2.043673316382713,0.19184227372536175,1.8554219671737737,0.19097860161063138
1440,0.9063903346085522,0.1806376861786824,2.0459391197598866,0.1913877461260194,1.8557645131589442,0.19052612029027283
1441,0.9066869935073701,0.18008372943804174,2.0458303860212053,0.19330165814625677,1.8537390643532148,0.19007516220740214
1442,0.906695356113955,0.18008372943517328,2.043357474300552,0.1952091316823729,1.8517203609944448,0.18962572116733448
1443,0.9066552575796908,0.18008372943517328,2.0432550561243423,0.19474801249660523,1.8473462634492728,0.18917779100447937
1444,0.9065943472369947,0.17953090768692206,2.0431529820035164,0.19428844235754336,1.8500663181061088,0.18873136558218728
1445,0.9066827400851245,0.18148910132290047,2.0454087113064765,0.1938304149780924,1.8480623205002258,0.18828643897223546
1446,0.9068004969203163,0.18148910132287105,2.0453017690469055,0.1933739240988104,1.846065045127741,0.18784300473569923
1447,0.9067790816423409,0.18148910132287108,2.0451951852846015,0.19527171404721572,1.8487799662341824,0.1874010570019028
1448,0.9067617988559735,0.18093405918778777,2.0450889585671517,0.19481274760945513,1.849135393647488,0.18696058974844318
1449,0.9069263924577865,0.18093405888425385,2.0520272367201264,0.19670336734181978,1.8494896320787302,0.18652159698110427
1450,0.9070862594966963,0.18038138965210082,2.0495594934001264,0.19624195968635585,1.8521884275195568,0.18608407273370853
1451,0.9072461628431966,0.17983087620649657,2.0470999993969023,0.19578209445140288,1.850191444757981,0.18564801106796966
1452,0.9073313678000197,0.1798308762064877,2.0493307537004717,0.19532376540377688,1.8482011330157964,0.1852134060733461
1453,0.9072649933946912,0.1798308762064877,2.0492153850350725,0.19486696633939962,1.8462174651479797,0.18478025186689545
1454,0.9072391438296912,0.17983087612139495,2.051436740031005,0.19441169108314582,1.8465767539740174,0.18434854259312958
1455,0.9071586143893487,0.17983087612139495,2.051316686492594,0.19395793348869136,1.8422668371109538,0.18391827242387074
1456,0.9072230501099522,0.17983087609723553,2.0488653620710586,0.19350568743836233,1.847297975465161,0.1834894355581084
1457,0.9072808699600744,0.179051404576022,2.048751538013875,0.19538428713981754,1.8429949898510263,0.18306202622191672
1458,0.9073414063164391,0.179051404576022,2.0439840683527866,0.1949296255354653,1.8433603479627894,0.18263603866807385
1459,0.907272106006274,0.17905140457115976,2.0392324466496903,0.19447647531105225,1.8483991355282485,0.18221146717628028
1460,0.9075028520065179,0.17905140457115462,2.036818971929808,0.1940248303895641,1.8487512077284223,0.18178830605277962
1461,0.9077064466828192,0.1785109270844671,2.034413508839929,0.19357468472223185,1.853742194328808,0.18136654963027932
1462,0.9077493674143166,0.1769142460523152,2.032016025207129,0.19312603228838413,1.8517743157002506,0.18094619226781244
1463,0.9077945631740294,0.17691422208469032,2.034257301206336,0.19267886709530052,1.8474867061552522,0.18515804054909102
1464,0.9078396475867176,0.17691422208469032,2.034178060922097,0.19223318317806587,1.8455263915618696,0.18704284484491251
1465,0.9077346345651603,0.17685973076925385,2.031788303030619,0.19178897459942504,1.8493637479905733,0.18661062999584282
1466,0.9077678119708621,0.17685973076925385,2.0294064503876443,0.19134623544963886,1.8474030170130498,0.1861798449007247
1467,0.9077700646405001,0.176859706607784,2.027032471347156,0.1909049598463408,1.8472029091231148,0.18575048383601678
1468,0.907912783169124,0.17685970642815999,2.0292740503359274,0.19046514193439434,1.845251091224474,0.18532254110467258
1469,0.9078719910685284,0.17685970465335693,2.0269051192347614,0.19002677588575143,1.84560783760927,0.1848960110360026
1470,0.9080305597427777,0.1768597046533569,2.029142512360688,0.1895898558993114,1.8528605890933392,0.18677014283740448
1471,0.9080873677137621,0.17542971650872058,2.026778616524058,0.18915437620078107,1.8509016156805407,0.1863411398978142
1472,0.9078474008634395,0.17542971630573082,2.0313064905539755,0.1887203310425353,1.8512437480063444,0.1859135501630211
1473,0.9079064471642431,0.17542971630573082,2.031234724574882,0.18828771470347866,1.8538771203950075,0.1854873679970179
1474,0.9079368864157564,0.1749019891575081,2.0288731184734594,0.18785652148890766,1.8496316005622713,0.1850625877897967
1475,0.907839314010964,0.1801400576300439,2.033382637460111,0.18742674573172524,1.8499756114720434,0.1846392039580023
1476,0.907620738205376,0.1796095473615791,2.033306341421275,0.18699838178689612,1.8503184924525191,0.18421721094164395
1477,0.9076374435881555,0.17960954736157914,2.0332302958407,0.18657142403942886,1.8483770314408772,0.18379660320869587
1478,0.9074887830464204,0.17908079975838975,2.030873565529264,0.18614586689882667,1.8510038076482191,0.18337737525180706
1479,0.9072129587490404,0.17908079975838975,2.030803215343349,0.185721704800308,1.8513433184774792,0.18295952158895928
1480,0.9070234301380149,0.17908079975838975,2.033009472499832,0.18529893220467356,1.8539581374262712,0.18254303676333608
1481,0.9070019459962001,0.178028586516423,2.035208507248891,0.1871516452429375,1.856564360055126,0.18212791534319245
1482,0.9067567280516465,0.17802858651642298,2.0351285195523503,0.18672646876780458,1.8523465638960754,0.1817141519217253
1483,0.9068564402000024,0.178028586516395,2.0327792353535945,0.18630268221929427,1.8504121146658215,0.18130174111694464
1484,0.9067745149745392,0.180445522746701,2.0304376257723313,0.18814756965538906,1.853018541875689,0.18089070719616276
1485,0.9068600637519743,0.18044552274665668,2.028103660430746,0.1877214110061937,1.8510864359411958,0.1804809855102972
1486,0.9066519405252527,0.18044552274665668,2.030302828121178,0.1872966425971778,1.849160632010218,0.18007260044296836
1487,0.9066703136367539,0.1804455227466567,2.0302343286422406,0.1868732589323485,1.8449806083088731,0.1796655467101641
1488,0.9067559547250666,0.1804455227466129,2.0279078137977407,0.18645125454086295,1.8430724415648359,0.17925981905205232
1489,0.9067542380285182,0.17797791970952184,2.023332891470264,0.18828660538608769,1.8389145044008772,0.1788554122328563
1490,0.906747843805182,0.17797791970937113,2.025534032068538,0.187862258863504,1.839277547061304,0.1784523210407311
1491,0.9066928180588264,0.17797791970848947,2.029979490771015,0.18743929188048394,1.8396394099200495,0.17805054028764028
1492,0.9069917481608604,0.17797791970803692,2.029912060192655,0.18701769900035697,1.837750873140288,0.1776500648092337
1493,0.9070377974828815,0.17933306710401015,2.0275978730186637,0.1888444503186233,1.8358684674470684,0.17725088946472692
1494,0.907122816726992,0.17933306710401012,2.025291193599715,0.18842054558081664,1.8362368983655066,0.17909773879174534
1495,0.9073097631457602,0.17933306710401015,2.025234478450948,0.18799801513632597,1.8410891069305961,0.1786961146114009
1496,0.9074674976705609,0.17933306710401012,2.020697457680537,0.1875768535826663,1.841445106213727,0.17829579159092587
1497,0.9075820968996949,0.17933306710401015,2.0206511366552284,0.18715705554194723,1.837323941832752,0.177896764618521
1498,0.9075871164936118,0.17933306710400998,2.0206049654908895,0.1867386156607471,1.8376876478670068,0.17749902860564504
1499,0.9076478545063127,0.17880926850061624,2.018325409580395,0.18632152860998755,1.8425172460654349,0.17933611250600426
1500,0.9077296332329703,0.17880926850060802,2.0205158216661343,0.18590578908480906,1.8406373361459976,0.1789359595509656
1501,0.90772963323297,0.19128674370841217,2.016011947604176,0.185491391804447,1.8409925669046379,0.17853709851838678
1502,0.9079245832966665,0.19128674370841217,2.011522604587583,0.18953201842793055,1.8391198081088747,0.1781395243485567
1503,0.9080912328700973,0.1912867437084122,2.0137215889246542,0.1891103821398062,1.837253087308259,0.1777432320047218
1504,0.9081083738404069,0.19128674370841223,2.0136910941447153,0.18869010431927244,1.8398371693283568,0.17734821647296564
1505,0.90820665507378,0.19128674370841225,2.013660697547999,0.1882711796559341,1.8379725855724192,0.1769544727620931
1506,0.908289441805813,0.19128674370798748,2.0091944910007404,0.19007155673854478,1.8383319549068489,0.17877994977861233
1507,0.9084134928206171,0.19128674370798435,2.0113898554563896,0.18965040815196174,1.840905913777276,0.1783838204236967
1508,0.9078413907934739,0.19076885621875142,2.0113646437562003,0.1892306127252914,1.8368310359099145,0.1779889638413378
1509,0.9078987577204061,0.19076885609286837,2.0091282030217026,0.18881216518203833,1.8349805438925086,0.17759537506850173
1510,0.9079954963695624,0.1907688560928683,2.0068989381308255,0.19060416004914393,1.8331360136266668,0.17720304916458102
1511,0.9081213197403717,0.19025189679505625,2.002469929352954,0.190183517294336,1.8357112101615285,0.17901887299527672
1512,0.9081244823207059,0.1897370238997407,2.0024644839343004,0.18976422235722215,1.838278481225437,0.18082887858838165
1513,0.9081656978725346,0.19254721395538565,2.0002565032564608,0.1893463402792427,1.8386347431734065,0.1870379832024923
1514,0.9082249911423638,0.19254721395536908,2.002456219906945,0.18892972511867678,1.8345892300397184,0.18662644707621223
1515,0.9081061407470283,0.19254721395536906,2.0002527390860743,0.18851444211925553,1.8415470619966126,0.18621622687044811
1516,0.907969639834994,0.19586469799052905,1.9960991037355211,0.19005768160822997,1.8394642303058522,0.18604633183652308
1517,0.9081768590756718,0.19586469799052905,1.9917202809369214,0.18964075395783542,1.8398163960309968,0.18563820384432217
1518,0.9082997862912111,0.1958646703173469,1.9895469284360032,0.19360815169142725,1.8379760568737733,0.18742287567200236
1519,0.9080856973106999,0.19586466988941822,1.9983270417488734,0.19318428399373513,1.8361414750581988,0.18701254944290566
1520,0.9080308603679788,0.1953436001009269,2.0005178195769546,0.1927617670009173,1.832125615394336,0.18879064963670386
1521,0.9081265092282138,0.1953435815948579,2.0005166881759537,0.1923405954851589,1.8324924096514084,0.1883781547457013
1522,0.9081720060166266,0.19534357956335413,2.002698309378459,0.1919207642421068,1.83504079419276,0.18796697251622313
1523,0.9080935547316895,0.1953435795633541,1.9983312908429134,0.1936828354358651,1.8419422009066089,0.18755709787399433
1524,0.9082293445628014,0.1953435795633541,1.998334925938696,0.19326091909697196,1.8401110177989024,0.18932691363517576
1525,0.9080304293531968,0.19534357956335408,2.0026909706277705,0.19284034264232564,1.8491638144296894,0.18891489840479253
1526,0.9079506955844282,0.19378595378425717,2.007033191253895,0.19459513634786235,1.8473177079585408,0.18850419071941582
1527,0.9077684653784034,0.1937859486684628,2.007017916129576,0.19417250246912282,1.8476493200846493,0.1880947855370582
1528,0.907865455619922,0.19378594866846277,2.011342072855274,0.19375120799824283,1.8523192575336316,0.18768667783828288
1529,0.9077227932285167,0.19327044088937456,2.01782005798883,0.1954987708896323,1.8548068820765318,0.18727986262609014
1530,0.9072475423035202,0.19275707100712675,2.0156161145341875,0.19507544632149182,1.8572866336365754,0.18687433492580421
1531,0.907304759188311,0.19275707100712675,2.0155823338739283,0.19465346059881575,1.8597585425047052,0.18647008978496105
1532,0.9072456289102566,0.1927570690214965,2.015548659978475,0.1942328085748675,1.8579005782545854,0.18606712227319652
1533,0.9072650568821794,0.19224463858640456,2.019832833112677,0.19381348512586416,1.8582073524811689,0.18566542748213527
1534,0.9073354536712371,0.19224463858640442,2.0219467719389224,0.19339548515086138,1.8649832961017814,0.18526500052528028
1535,0.907020302196201,0.19224463858640436,2.0262086001931467,0.19513336048333602,1.8674287541860575,0.1848658365379029
1536,0.9072095321814425,0.19173315805203298,2.026152188712151,0.1947133547685915,1.8655616975587876,0.18446793067693365
1537,0.9067532628240486,0.1917331580520077,2.0282462070174616,0.19429467196780073,1.8615502695995645,0.18407127812085353
1538,0.9069560269790029,0.19173315805200766,2.0303336341842773,0.1938773070142889,1.857551468017089,0.18367587406958594
1539,0.9070504570359056,0.19173315805200766,2.0302685395431053,0.19346125486390103,1.8578571563629105,0.18542766964193624
1540,0.9069357633553115,0.19122205385112045,2.028059838500377,0.19304651049488933,1.8560180728127391,0.18503014776140747
1541,0.9069526704529942,0.1912220538451433,2.0279997436344646,0.19477473718260474,1.858468104674088,0.18463387456406458
1542,0.9070905392644991,0.1912220538451433,2.025800309731003,0.19435801124162091,1.8609104437583233,0.18423884527932183
1543,0.9070895088612527,0.1907844813081933,2.0300199424634195,0.1960799821437523,1.8590703429238038,0.18384696415825993
